{"type": "FeatureCollection", "features": [{"type": "Feature", "properties": {"type": "way", "id": 232099818, "tags": {"landuse": "residential", "name": "Sector C"}, "nodes": [2404511533, 10135140402, 10135140394, 2404511534, 10135140395, 2404511535, 6801764202, 2404511536, 2404511537, 2404511538, 2404511533]}, "geometry": {"type": "Polygon", "coordinates": [[[74.4113183, 31.5354801], [74.4138955, 31.5354138], [74.4165972, 31.5353385], [74.4169343, 31.5352451], [74.4170922, 31.5349672], [74.4170293, 31.5307571], [74.4152424, 31.5308109], [74.4107435, 31.5309482], [74.4107634, 31.5314264], [74.4110237, 31.5314019], [74.4113183, 31.5354801]]]}}, {"type": "Feature", "properties": {"type": "way", "id": 232100740, "tags": {"landuse": "residential", "name": "Sector B"}, "nodes": [2404545061, 12284667334, 12284667333, 12284667335, 12284667336, 2447966651, 2404545062, 10135140397, 10135140391, 10135140396, 10135140403, 2404545061]}, "geometry": {"type": "Polygon", "coordinates": [[[74.411405, 31.5398025], [74.4129458, 31.5397546], [74.4144517, 31.5397077], [74.4147849, 31.5396948], [74.4156984, 31.5396592], [74.4166119, 31.5396236], [74.4172444, 31.5395989], [74.4170679, 31.5358664], [74.4169669, 31.5355948], [74.416483, 31.5355433], [74.4113159, 31.5356924], [74.411405, 31.5398025]]]}}, {"type": "Feature", "properties": {"type": "way", "id": 232101728, "tags": {"landuse": "residential", "name": "Sector A"}, "nodes": [2404545062, 2404578889, 2404578890, 11012814814, 10135140398, 10135140392, 10135140399, 2404545062]}, "geometry": {"type": "Polygon", "coordinates": [[[74.4172444, 31.5395989], [74.423138, 31.5385945], [74.4230431, 31.5353253], [74.4229264, 31.5353277], [74.4175497, 31.5355847], [74.4174233, 31.5356246], [74.417394, 31.535787], [74.4172444, 31.5395989]]]}}, {"type": "Feature", "properties": {"type": "way", "id": 232103717, "tags": {"landuse": "residential", "name": "Sector D"}, "nodes": [11012814805, 2404596762, 2404511535, 10135140401, 10135140393, 10135140400, 2404432299, 11012794304, 11012814805]}, "geometry": {"type": "Polygon", "coordinates": [[[74.4230207, 31.535186], [74.4227899, 31.530641], [74.4170293, 31.5307571], [74.4173342, 31.5351062], [74.4173977, 31.5352872], [74.4176006, 31.5353243], [74.4223515, 31.5352108], [74.4228569, 31.5351868], [74.4230207, 31.535186]]]}}, {"type": "Feature", "properties": {"type": "way", "id": 232335136, "tags": {"landuse": "residential", "name": "Askari-1"}, "nodes": [2951766261, 2406919516, 2406919517, 2406919518, 2406919519, 2406919520, 2406919521, 2951766261]}, "geometry": {"type": "Polygon", "coordinates": [[[74.3892116, 31.549387], [74.3900939, 31.5468485], [74.390234, 31.5460127], [74.3931294, 31.5461878], [74.3932415, 31.5424069], [74.3963424, 31.5439431], [74.3986587, 31.5489816], [74.3892116, 31.549387]]]}}, {"type": "Feature", "properties": {"type": "way", "id": 303679478, "tags": {"admin_level": "10", "landuse": "residential", "name": "Audar", "place": "village", "population": "114", "source": "Census India"}, "nodes": [3080812210, 6004547214, 6004547200, 6004547216, 6004547215, 6004547213, 3080812211, 3080812212, 3080812213, 3080812214, 3080812215, 6004547221, 6004547220, 6004547219, 6004547218, 6004547217, 3080812210]}, "geometry": {"type": "Polygon", "coordinates": [[[74.5427597, 31.6664693], [74.5429176, 31.6664313], [74.5429522, 31.666486], [74.543336, 31.6670933], [74.5442265, 31.6670202], [74.5447469, 31.6663856], [74.5448196, 31.6661771], [74.5446801, 31.6657433], [74.5443046, 31.6644511], [74.5428991, 31.6645014], [74.542808, 31.6647982], [74.5428747, 31.6653766], [74.5419413, 31.6653948], [74.5419466, 31.6656779], [74.5423543, 31.6657053], [74.5425904, 31.6659153], [74.5427597, 31.6664693]]]}}, {"type": "Feature", "properties": {"type": "way", "id": 303944496, "tags": {"admin_level": "10", "households": "596", "landuse": "residential", "name": "Bachiwind", "place": "village", "population": "3669"}, "nodes": [3084518536, 3084518537, 3084518538, 3084518539, 3084518540, 3084518541, 3084518542, 3084518543, 3084518544, 3084518545, 3084518546, 3084518547, 3084518548, 3084518549, 3084518550, 3084518551, 3084518552, 3084518553, 3084518554, 3084518555, 3084518556, 3084518536]}, "geometry": {"type": "Polygon", "coordinates": [[[74.5713583, 31.6622665], [74.5707575, 31.6625404], [74.5698563, 31.663271], [74.568998, 31.6638371], [74.5688263, 31.665006], [74.567732, 31.6665401], [74.5662943, 31.6671063], [74.5665518, 31.6688777], [74.5674316, 31.668896], [74.5689121, 31.6683116], [74.5702211, 31.6678002], [74.5704785, 31.6669236], [74.5711652, 31.6679281], [74.5718089, 31.6684394], [74.5735255, 31.6681655], [74.5737187, 31.6673437], [74.5744697, 31.6661018], [74.5736114, 31.6649512], [74.5743838, 31.6634536], [74.5726029, 31.6624308], [74.5714227, 31.6620838], [74.5713583, 31.6622665]]]}}, {"type": "Feature", "properties": {"type": "way", "id": 313041713, "tags": {"admin_level": "10", "households2011": "113", "landuse": "residential", "name": "Pandori"}, "nodes": [3189652946, 3189652950, 3189652954, 3189652957, 3189652958, 3189652953, 3189652948, 3189652946]}, "geometry": {"type": "Polygon", "coordinates": [[[74.5559942, 31.6933691], [74.5578408, 31.6941666], [74.5583445, 31.6967687], [74.5552387, 31.6972304], [74.5526365, 31.6976081], [74.5529303, 31.6958034], [74.5539796, 31.6938308], [74.5559942, 31.6933691]]]}}, {"type": "Feature", "properties": {"type": "way", "id": 314476291, "tags": {"admin_level": "10", "households2011": "260", "landuse": "residential", "name": "Dala"}, "nodes": [3205234392, 3205234390, 3205234387, 3205234388, 3205234389, 3205234391, 3205234393, 3205234392]}, "geometry": {"type": "Polygon", "coordinates": [[[74.5890929, 31.6648568], [74.5897804, 31.663954], [74.5882875, 31.6611951], [74.5866374, 31.6613958], [74.585557, 31.6635025], [74.586382, 31.6643051], [74.5873642, 31.6651076], [74.5890929, 31.6648568]]]}}, {"type": "Feature", "properties": {"type": "way", "id": 314507438, "tags": {"admin_level": "10", "households2011": "31", "landuse": "residential", "name": "Mulakot"}, "nodes": [3205559546, 3205559545, 3205559542, 3205559540, 3205559541, 3205559543, 3205559546]}, "geometry": {"type": "Polygon", "coordinates": [[[74.5400203, 31.6641121], [74.5413364, 31.6639115], [74.5416114, 31.6631758], [74.5411203, 31.662624], [74.5402363, 31.6628915], [74.5395095, 31.6635603], [74.5400203, 31.6641121]]]}}, {"type": "Feature", "properties": {"type": "way", "id": 314511518, "tags": {"admin_level": "10", "households2011": "97", "landuse": "residential", "name": "Dhariwal"}, "nodes": [3205601918, 3205601916, 3205601917, 3205601919, 3205601922, 3205601921, 3205601920, 3205601918]}, "geometry": {"type": "Polygon", "coordinates": [[[74.5506197, 31.6799584], [74.5490089, 31.6788384], [74.547182, 31.6795572], [74.5471231, 31.6805602], [74.5476338, 31.6821316], [74.5490678, 31.682048], [74.5503644, 31.6807441], [74.5506197, 31.6799584]]]}}, {"type": "Feature", "properties": {"type": "way", "id": 314512057, "tags": {"admin_level": "10", "households2011": "62", "landuse": "residential", "name": "Chak Allah Bakash"}, "nodes": [3205608173, 3205608172, 3205608171, 3205608170, 3205608168, 3205608169, 3205608174, 3205608175, 3205608173]}, "geometry": {"type": "Polygon", "coordinates": [[[74.5387008, 31.6785326], [74.5382981, 31.6781815], [74.538249, 31.6773623], [74.5383571, 31.6764512], [74.5387401, 31.6761252], [74.5407143, 31.6763593], [74.5404197, 31.678892], [74.5394866, 31.6789003], [74.5387008, 31.6785326]]]}}, {"type": "Feature", "properties": {"type": "way", "id": 314512143, "tags": {"admin_level": "10", "households2011": "14", "landuse": "residential", "name": "Makhanpura"}, "nodes": [3205609781, 3205609779, 3205609776, 3205609777, 3205609778, 3205609780, 3205609781]}, "geometry": {"type": "Polygon", "coordinates": [[[74.5628726, 31.6834417], [74.5621949, 31.6829151], [74.5624208, 31.6820124], [74.5632851, 31.6821044], [74.5641003, 31.6828984], [74.5638843, 31.6832996], [74.5628726, 31.6834417]]]}}, {"type": "Feature", "properties": {"type": "way", "id": 314512638, "tags": {"admin_level": "10", "households2011": "82", "landuse": "residential", "name": "Gagarmal"}, "nodes": [3205611213, 3205611211, 3205611210, 3205611212, 3205611214, 3205611213]}, "geometry": {"type": "Polygon", "coordinates": [[[74.5748505, 31.686748], [74.5749487, 31.6856113], [74.5758327, 31.6853606], [74.575872, 31.6862131], [74.5756952, 31.6867982], [74.5748505, 31.686748]]]}}, {"type": "Feature", "properties": {"type": "way", "id": 314622933, "tags": {"landuse": "residential", "name": "J BLOCK"}, "nodes": [3206662922, 3206662923, 3206662924, 3206662925, 3206662926, 3206662927, 3206662928, 3206662929, 3206662930, 3206662931, 3206662932, 3206662922]}, "geometry": {"type": "Polygon", "coordinates": [[[74.2092929, 31.4507165], [74.214896, 31.4466572], [74.2077842, 31.4417899], [74.2073684, 31.4436858], [74.2087632, 31.4436881], [74.2087618, 31.4439856], [74.2094686, 31.443981], [74.2094605, 31.4471377], [74.20822, 31.448767], [74.2083354, 31.4488253], [74.2079497, 31.449434], [74.2092929, 31.4507165]]]}}, {"type": "Feature", "properties": {"type": "way", "id": 316982596, "tags": {"landuse": "residential", "name": "EDEN VALUE HOMES"}, "nodes": [3231790639, 3231790640, 3231790641, 3231790642, 3231790643, 3231790644, 3231790645, 3231790646, 3231790647, 3231790648, 3231790649, 3231790650, 3231790651, 3231790652, 3231790653, 3231790654, 3231790655, 3231790656, 3231790657, 3231790658, 3231790659, 3231790660, 3231792361, 3231792362, 3231792363, 3231792364, 3231792365, 3231792366, 3231792367, 3231792368, 3231792369, 3231792370, 3231792371, 3231792372, 3231792373, 3231792374, 3231792375, 3231792376, 3231792377, 3231792378, 3231792379, 3231792380, 3231792381, 3231792382, 3231792383, 3231792384, 3231792385, 3231792386, 3231792387, 3231792388, 3231792389, 3231792390, 3231792391, 3231792392, 3231792393, 3231792394, 3231792395, 3231792396, 3231790639]}, "geometry": {"type": "Polygon", "coordinates": [[[74.2220189, 31.4611454], [74.221469, 31.4618524], [74.2212464, 31.4618707], [74.2212062, 31.4616876], [74.2203023, 31.4617036], [74.2201816, 31.4614794], [74.219503, 31.4613925], [74.2194734, 31.4612781], [74.2183416, 31.4612506], [74.2182933, 31.4636872], [74.2172821, 31.4636666], [74.2172794, 31.4638703], [74.2170863, 31.4638542], [74.2164962, 31.4631153], [74.2163755, 31.462994], [74.215882, 31.46266], [74.2153777, 31.462406], [74.2144765, 31.462422], [74.2144765, 31.4619873], [74.2144255, 31.4619553], [74.2135619, 31.4619713], [74.2135565, 31.4618684], [74.2136262, 31.4616762], [74.2135243, 31.4615664], [74.2135055, 31.461516], [74.2130147, 31.4613444], [74.2126392, 31.4613033], [74.2123039, 31.4613033], [74.2118506, 31.461333], [74.2111988, 31.4613582], [74.2108555, 31.4614383], [74.2109065, 31.4685053], [74.2119069, 31.4685168], [74.2130791, 31.4663983], [74.2134921, 31.4658858], [74.2139052, 31.4655289], [74.2142217, 31.4653551], [74.2144792, 31.4652635], [74.2165123, 31.464774], [74.2175262, 31.4645818], [74.2179124, 31.4646047], [74.2182718, 31.4658035], [74.2186312, 31.465744], [74.219806, 31.4657669], [74.2199938, 31.4656433], [74.2200099, 31.464925], [74.2196612, 31.4649387], [74.2196988, 31.4643988], [74.2194903, 31.464422], [74.2195439, 31.4632231], [74.2202145, 31.4632369], [74.2202198, 31.4628845], [74.2208904, 31.4629257], [74.2209065, 31.4623355], [74.2213517, 31.4620884], [74.2215556, 31.4620792], [74.2216736, 31.4620014], [74.2222369, 31.4613013], [74.2220189, 31.4611454]]]}}, {"type": "Feature", "properties": {"type": "way", "id": 325985771, "tags": {"addr:city": "Lahore", "landuse": "residential", "name": "CIIT Hostels"}, "nodes": [3325958174, 3325958175, 3325958176, 3325958177, 3325958174]}, "geometry": {"type": "Polygon", "coordinates": [[[74.2122919, 31.4036047], [74.2130805, 31.4029042], [74.2122115, 31.4022128], [74.2114283, 31.4029454], [74.2122919, 31.4036047]]]}}, {"type": "Feature", "properties": {"type": "way", "id": 366032263, "tags": {"addr:city": "Lahore", "addr:street": "HBFC Ichrra Apartments", "description": "State bank colony", "landuse": "residential", "name": "Icchra Apartments", "residential": "apartments"}, "nodes": [3700241358, 5785020843, 3700241359, 3700241360, 3700241361, 3700241362, 3700241363, 3700241364, 3700241365, 3700241368, 3700241369, 3700241358]}, "geometry": {"type": "Polygon", "coordinates": [[[74.3136678, 31.540217], [74.3145187, 31.5399648], [74.3152627, 31.5397464], [74.3151489, 31.5394648], [74.3158733, 31.5392522], [74.3157521, 31.5389524], [74.315709, 31.5389524], [74.3156087, 31.5387122], [74.3155186, 31.5387396], [74.3152634, 31.5381027], [74.3130686, 31.5387254], [74.3136678, 31.540217]]]}}, {"type": "Feature", "properties": {"type": "way", "id": 367791372, "tags": {"landuse": "residential", "name": "Burj Attari"}, "nodes": [3716707660, 3716707661, 3716707662, 3716707663, 3716707664, 3716707665, 3716707666, 3716707667, 3716707668, 12069686241, 3716707660]}, "geometry": {"type": "Polygon", "coordinates": [[[74.1997448, 31.5755068], [74.195849, 31.5759038], [74.1928449, 31.5721744], [74.1878667, 31.5729971], [74.1865578, 31.5719733], [74.1887679, 31.5712055], [74.1925031, 31.5681402], [74.197115, 31.5683535], [74.2004195, 31.5710227], [74.2001602, 31.5737906], [74.1997448, 31.5755068]]]}}, {"type": "Feature", "properties": {"type": "way", "id": 423657785, "tags": {"addr:city": "Lahore", "addr:street": "Allama Iqbal Road", "landuse": "residential", "name": "Canal Colony"}, "nodes": [4232149099, 4232149100, 4232149101, 4232149102, 4232149103, 4232149099]}, "geometry": {"type": "Polygon", "coordinates": [[[74.3603347, 31.554393], [74.3620021, 31.5529776], [74.3601067, 31.5522394], [74.359755, 31.5523726], [74.3589929, 31.5531996], [74.3603347, 31.554393]]]}}, {"type": "Feature", "properties": {"type": "way", "id": 490006617, "tags": {"addr:city": "Lahore", "addr:housenumber": "Gardenia", "addr:postcode": "54000", "addr:street": "Sector C, Bahria town", "landuse": "residential", "name": "Gardenia"}, "nodes": [3281367712, 3281367672, 3281363344, 4821996436, 3281367712]}, "geometry": {"type": "Polygon", "coordinates": [[[74.1793155, 31.3772974], [74.1810342, 31.3772815], [74.1810996, 31.3754187], [74.1792554, 31.3753949], [74.1793155, 31.3772974]]]}}, {"type": "Feature", "properties": {"type": "way", "id": 540413606, "tags": {"landuse": "residential", "name": "UET Housing Society Phase-1 Lahore"}, "nodes": [10888072264, 651826280, 5228179822, 5228179821, 1886592790, 5228178420, 5228179823, 6214794636, 6214794637, 5228179824, 5228179827, 6214808479, 5228179832, 5228179834, 5228179831, 5228179830, 651826470, 5228179829, 651826479, 5228179828, 304265498, 304265543, 304265752, 304265631, 10888072264]}, "geometry": {"type": "Polygon", "coordinates": [[[74.2739666, 31.4109389], [74.2729508, 31.4109026], [74.2640099, 31.4115504], [74.2622574, 31.4096904], [74.2629307, 31.4090508], [74.2657889, 31.4065118], [74.2678481, 31.4045098], [74.2675483, 31.4035162], [74.2685858, 31.4024733], [74.2704675, 31.4017989], [74.2705013, 31.4025317], [74.2716855, 31.4025044], [74.2717757, 31.4039102], [74.2718873, 31.4053188], [74.2731985, 31.4053199], [74.2745155, 31.4052169], [74.274613, 31.4069611], [74.2750136, 31.4069659], [74.2752863, 31.4069705], [74.2770641, 31.4056474], [74.2775014, 31.4070018], [74.2777015, 31.4075871], [74.2769006, 31.4081812], [74.2776902, 31.4107744], [74.2739666, 31.4109389]]]}}, {"type": "Feature", "properties": {"type": "way", "id": 568503992, "tags": {"landuse": "residential", "name": "Lahore Motorway City", "name:ur": "\u0644\u0627\u06c1\u0648\u0631 \u0645\u0648\u0679\u0631 \u0648\u06d2 \u0633\u0679\u06cc"}, "nodes": [5469243377, 5469243378, 5469243379, 5469243380, 5469243381, 5469243382, 5469243383, 5469243384, 5469243385, 5469243386, 5469243387, 5469243388, 5469243389, 5469243390, 5469243391, 5469243392, 5469243393, 5469243394, 5469243395, 5469243396, 5469243377]}, "geometry": {"type": "Polygon", "coordinates": [[[74.2076517, 31.6484347], [74.2197753, 31.6483982], [74.219947, 31.6478867], [74.22323, 31.6478867], [74.2229725, 31.6457312], [74.2210628, 31.6455485], [74.2210198, 31.6426988], [74.2226935, 31.6424979], [74.2223288, 31.6411826], [74.2241741, 31.641073], [74.2244531, 31.6397211], [74.219904, 31.6401961], [74.2169, 31.6401778], [74.2165781, 31.6386981], [74.2082954, 31.6374376], [74.2088104, 31.6382414], [74.2094971, 31.6398673], [74.2093469, 31.6406163], [74.2083598, 31.641073], [74.2075659, 31.6417672], [74.2076517, 31.6484347]]]}}, {"type": "Feature", "properties": {"type": "way", "id": 594726697, "tags": {"landuse": "residential", "name": "Aashiana-e-Quaid Housing Scheme"}, "nodes": [5670424523, 5670424524, 6669588785, 6669588786, 5670424525, 5670424526, 5670424527, 5670424528, 5670424529, 5670424530, 5670424531, 5670424532, 5670424533, 5670424534, 5670424535, 5670424536, 5670424537, 5670424538, 5670424539, 5670424540, 5670424542, 5670424543, 5670424544, 5670424545, 5670424546, 5670424547, 5670424523]}, "geometry": {"type": "Polygon", "coordinates": [[[74.3880037, 31.4269805], [74.3894452, 31.4266244], [74.3892607, 31.4260805], [74.3888441, 31.4261698], [74.3886783, 31.4256001], [74.3866881, 31.4260988], [74.3858166, 31.4235306], [74.3853477, 31.4236465], [74.3854569, 31.4239683], [74.3842069, 31.4242772], [74.3839901, 31.4239815], [74.3836631, 31.4240439], [74.3836213, 31.4239125], [74.3814439, 31.4244307], [74.3817121, 31.4252513], [74.3814591, 31.4253115], [74.3822028, 31.4275874], [74.3824124, 31.4275375], [74.3825663, 31.4280083], [74.3829434, 31.4279186], [74.3834582, 31.4292256], [74.3860758, 31.4285317], [74.3863419, 31.4285912], [74.3869438, 31.4284614], [74.3870325, 31.4285371], [74.3884159, 31.4281954], [74.3880037, 31.4269805]]]}}, {"type": "Feature", "properties": {"type": "way", "id": 606618801, "tags": {"landuse": "residential", "name": "Saghir Railway Police Lines", "residential": "apartments"}, "nodes": [272421466, 8411198006, 272421465, 5743071213, 272421464, 639623504, 6810640954, 4170422909, 7118181854, 5751065787, 5751065788, 5751065789, 5751065790, 5751065791, 5751065792, 5751065793, 272421466]}, "geometry": {"type": "Polygon", "coordinates": [[[74.3308086, 31.5752814], [74.3310664, 31.5752704], [74.3316568, 31.5752937], [74.3321555, 31.5753124], [74.332502, 31.5753222], [74.3333127, 31.5753372], [74.3330305, 31.5747594], [74.3324104, 31.5731923], [74.3317014, 31.5732285], [74.331379, 31.5732413], [74.331139, 31.5732518], [74.3307698, 31.5737289], [74.3305729, 31.5737341], [74.3305237, 31.5739333], [74.3305544, 31.5740487], [74.3302591, 31.5741273], [74.3308086, 31.5752814]]]}}, {"type": "Feature", "properties": {"type": "way", "id": 612411178, "tags": {"landuse": "residential", "name": "\u067e\u06cc \u0627\u06d2 \u0627\u06cc\u0641 \u06a9\u0627\u0644\u0648\u0646\u06cc", "name:en": "PAF Colony", "name:ur": "\u067e\u06cc \u0627\u06d2 \u0627\u06cc\u0641 \u06a9\u0627\u0644\u0648\u0646\u06cc"}, "nodes": [275112063, 275109634, 275109832, 272431480, 275112063]}, "geometry": {"type": "Polygon", "coordinates": [[[74.3915631, 31.5530891], [74.3983795, 31.552801], [74.3982001, 31.5493152], [74.3915817, 31.5496373], [74.3915631, 31.5530891]]]}}, {"type": "Feature", "properties": {"type": "way", "id": 628075065, "tags": {"landuse": "residential", "name": "DHA Phase 1"}, "nodes": [639147835, 11805723847, 271072756, 643030798, 643030827, 271073303, 11805541485, 643030802, 271073313, 271073316, 5929316288, 5929316289, 271073793, 3337116356, 3337116364, 3337116363, 3337116368, 3337116357, 10981430611, 5929316291, 5929316292, 6569413671, 276182624, 5929316293, 5929316294, 5929316295, 5929316296, 5929316297, 5929316298, 5929316299, 5929316300, 2937841072, 2937778924, 5929316301, 10686252915, 5929316302, 10677781934, 10686252914, 3337116327, 5265259610, 3337116322, 6250940254, 6250940253, 10712436059, 5929316303, 5929316304, 6248854379, 5929316305, 6250824665, 5929316306, 11010757743, 10605256293, 5929316307, 5929316308, 10303040752, 12187156926, 11867195686, 3225457432, 3225457431, 3225457449, 11010708901, 3287884724, 3287884740, 271146254, 643027587, 11848393783, 4804623738, 643027496, 639147797, 639147765, 11772754701, 271102108, 11772754700, 12236160285, 1759671242, 5929316311, 639147835]}, "geometry": {"type": "Polygon", "coordinates": [[[74.3814331, 31.4873922], [74.3821986, 31.4881297], [74.3822587, 31.4890299], [74.3867137, 31.4893334], [74.3885308, 31.4894645], [74.3887829, 31.4894046], [74.388888, 31.4893333], [74.3899889, 31.4884436], [74.3906358, 31.4876905], [74.3908675, 31.4873026], [74.3909871, 31.4862645], [74.3910826, 31.485548], [74.3930001, 31.4850053], [74.3931719, 31.484945], [74.3934552, 31.4858188], [74.3923072, 31.4862341], [74.3924832, 31.4885098], [74.3928885, 31.4891046], [74.396105, 31.4889611], [74.3965931, 31.4896251], [74.3967633, 31.4900061], [74.3968455, 31.4899812], [74.3975415, 31.4898243], [74.3986785, 31.4899971], [74.3989445, 31.4905051], [74.4001362, 31.4901694], [74.3998915, 31.4897521], [74.4001575, 31.4896341], [74.4003596, 31.489861], [74.4004767, 31.4898065], [74.4006231, 31.4897209], [74.403105, 31.4893707], [74.4046735, 31.4885871], [74.4056433, 31.4874063], [74.4073896, 31.4879479], [74.40752, 31.4876985], [74.4078219, 31.4870735], [74.4079606, 31.4870106], [74.4083985, 31.4863911], [74.4084715, 31.4862853], [74.409191, 31.485298], [74.409019, 31.4851678], [74.4088412, 31.4850374], [74.4079654, 31.4843702], [74.4078893, 31.4843126], [74.4060203, 31.4828942], [74.4046449, 31.4818239], [74.4043174, 31.481569], [74.4010079, 31.4790228], [74.4009479, 31.4789856], [74.398949, 31.4774678], [74.3961524, 31.475342], [74.3953895, 31.4747635], [74.3939804, 31.4736959], [74.393512, 31.4733292], [74.3926758, 31.4727131], [74.3906175, 31.4711803], [74.3887817, 31.4701705], [74.3887895, 31.4706715], [74.3888326, 31.4718067], [74.3918582, 31.473005], [74.3929177, 31.4745654], [74.3917657, 31.4762008], [74.3908514, 31.4775707], [74.3884033, 31.4776463], [74.3874251, 31.4779311], [74.3860293, 31.4793266], [74.3845121, 31.4810845], [74.3838938, 31.4815255], [74.3830568, 31.4807036], [74.3830363, 31.4807964], [74.3827524, 31.4815027], [74.3826771, 31.4816511], [74.3817781, 31.4834215], [74.3793232, 31.4846431], [74.3817587, 31.4876994], [74.3814331, 31.4873922]]]}}, {"type": "Feature", "properties": {"type": "way", "id": 628077008, "tags": {"landuse": "residential", "name": "DHA Phase 2", "residential": "society"}, "nodes": [3225457403, 6376675664, 271100943, 4929571597, 271289133, 5929348185, 258073127, 5929348186, 271289119, 5929348187, 271393534, 5255255151, 10995006504, 5255255152, 5255255158, 3287866559, 10981426101, 3287869393, 5255593267, 5929348188, 5255593266, 5929348189, 5929348190, 10686386305, 6250727398, 5929348191, 5929348192, 3225457403]}, "geometry": {"type": "Polygon", "coordinates": [[[74.3891358, 31.470227], [74.3905382, 31.4699012], [74.3924966, 31.4694714], [74.3933684, 31.4683545], [74.3968873, 31.4694748], [74.4014224, 31.4702223], [74.4057606, 31.470667], [74.4072585, 31.4713151], [74.4108948, 31.473772], [74.4118541, 31.4755479], [74.4132724, 31.4783028], [74.4132167, 31.4783523], [74.4127141, 31.4787607], [74.4125814, 31.4788872], [74.4123405, 31.4796574], [74.4118909, 31.4803246], [74.4124363, 31.4813924], [74.4116252, 31.4828939], [74.4107759, 31.4834468], [74.4102017, 31.4837386], [74.4090855, 31.4850912], [74.4064328, 31.4830668], [74.4009383, 31.4788984], [74.399426, 31.4777462], [74.3944643, 31.4739658], [74.3940893, 31.4736697], [74.3892854, 31.4702797], [74.3891358, 31.470227]]]}}, {"type": "Feature", "properties": {"type": "way", "id": 628492172, "tags": {"description": "neighborhood", "landuse": "residential", "name": "DHA Phase 4", "residential": "society"}, "nodes": [2404903233, 5933457877, 643126700, 643126704, 11874492126, 271739311, 11874492127, 271739313, 5059090650, 304577184, 7918257654, 5933457878, 11874472349, 271651153, 271650327, 643127927, 271649974, 5059090669, 271649769, 5818739565, 271687683, 271687879, 271687684, 271684466, 643358011, 271682883, 8267004824, 8267005550, 2956056480, 4929571547, 271289137, 271100943, 3225457454, 643130177, 2404903233]}, "geometry": {"type": "Polygon", "coordinates": [[[74.367312, 31.4634063], [74.367024, 31.4610717], [74.3676816, 31.4608595], [74.3675832, 31.4602564], [74.3674348, 31.4602806], [74.3672847, 31.4602646], [74.3668119, 31.4594857], [74.366541, 31.4571609], [74.3666413, 31.4564077], [74.3675287, 31.4564097], [74.3674665, 31.4570318], [74.3679005, 31.4575294], [74.3711463, 31.4602428], [74.3725869, 31.4614023], [74.3759798, 31.4622983], [74.3774943, 31.4625546], [74.3786511, 31.4626073], [74.3788506, 31.462368], [74.3817488, 31.4616663], [74.3834162, 31.460502], [74.3835016, 31.4583309], [74.3840021, 31.4582576], [74.3846517, 31.4581625], [74.3843942, 31.4562735], [74.3848253, 31.4561824], [74.3848663, 31.4542674], [74.3852334, 31.4537362], [74.3930163, 31.4521747], [74.3928595, 31.4659893], [74.3927219, 31.4675218], [74.3934884, 31.468223], [74.3924966, 31.4694714], [74.3890963, 31.4702752], [74.3787465, 31.4669553], [74.367312, 31.4634063]]]}}, {"type": "Feature", "properties": {"type": "way", "id": 628499010, "tags": {"description": "neighborhood", "landuse": "residential", "name": "DHA Phase VI"}, "nodes": [11255352475, 11767430206, 2400159945, 6836235956, 6836235955, 9410643835, 3005701585, 10862823697, 2400283592, 10861049549, 3128734691, 5933510171, 3342243600, 9111813969, 9111813967, 9111813963, 3342243652, 10860940834, 3342243627, 3342243634, 3342243636, 3342243640, 3342243642, 3342243647, 3342243649, 3128741222, 3128741223, 3128741172, 3128741161, 3128741142, 11767430213, 3128736317, 2406848037, 2406848038, 2406848042, 2406848056, 10958176219, 2406848068, 2406848044, 2406848134, 2406848129, 2406848127, 2406848125, 12128383300, 2406848121, 2406848110, 7515443423, 2400015590, 11767430210, 2400283580, 2400283583, 2400283604, 5184319477, 2400283630, 2400283627, 2400283628, 2400283602, 9568998059, 2400283576, 2400283574, 2400283572, 2400283569, 2400283567, 2400283557, 12286292457, 2400283669, 2400283563, 11255352475]}, "geometry": {"type": "Polygon", "coordinates": [[[74.4328975, 31.4659735], [74.4330266, 31.4660786], [74.4377652, 31.4699367], [74.4386896, 31.4706221], [74.4391202, 31.4709414], [74.4498036, 31.4788763], [74.4501037, 31.4791047], [74.4512352, 31.4799308], [74.4603177, 31.4867142], [74.4632761, 31.4889844], [74.4639045, 31.4894667], [74.4670776, 31.4919623], [74.4686863, 31.4952372], [74.4779337, 31.4944978], [74.4786516, 31.4944642], [74.4793466, 31.4944096], [74.4800878, 31.4943815], [74.4801094, 31.4936542], [74.4787092, 31.4931648], [74.4746966, 31.4903836], [74.47364, 31.4902044], [74.4733794, 31.4896983], [74.4736237, 31.4890113], [74.4753525, 31.4877283], [74.4750614, 31.4870168], [74.4756208, 31.4862748], [74.4705596, 31.4866423], [74.4701083, 31.4824432], [74.4752452, 31.4820834], [74.4751288, 31.4805416], [74.4777266, 31.4774969], [74.4779399, 31.477247], [74.4776752, 31.4771385], [74.4774696, 31.4754084], [74.4762004, 31.4740556], [74.476094, 31.4728721], [74.476038, 31.4724271], [74.4753959, 31.4673215], [74.475116, 31.4654666], [74.4755204, 31.4649441], [74.47484, 31.4638945], [74.4748796, 31.4634544], [74.474857, 31.4629562], [74.4746755, 31.4625258], [74.4746642, 31.4620083], [74.4656191, 31.4622975], [74.464165, 31.4587522], [74.4641362, 31.458652], [74.4640295, 31.4586019], [74.4608611, 31.4571124], [74.4543742, 31.4541528], [74.4501504, 31.4550033], [74.4497028, 31.4549086], [74.4492302, 31.4549548], [74.4487125, 31.4557427], [74.4488648, 31.4561583], [74.4469993, 31.4564808], [74.4459009, 31.4575523], [74.4441886, 31.4589032], [74.4444252, 31.4594504], [74.4441072, 31.4601971], [74.4433478, 31.4610332], [74.443482, 31.4617249], [74.440014, 31.462994], [74.4399341, 31.4626068], [74.4375015, 31.4627069], [74.4364417, 31.4641246], [74.4328975, 31.4659735]]]}}, {"type": "Feature", "properties": {"type": "way", "id": 628499918, "tags": {"description": "neighbourhood", "landuse": "residential", "name": "DHA Phase 7"}, "nodes": [3342243600, 2969438822, 5281443983, 3342243611, 3342243614, 11569024371, 11569024372, 11569024370, 11569024369, 11569024368, 11569024367, 11569024373, 11569024366, 11569024374, 11569024365, 11569024364, 11569024363, 11569024362, 11569024361, 11569024360, 11569024359, 11569024358, 11569024356, 11569024357, 11569024355, 11569024354, 11569024353, 10871247042, 11569024352, 11569024351, 10871247043, 11569024350, 11569024347, 11569024349, 11569024348, 11569024346, 11569024345, 11569024344, 11569024343, 11569024342, 11569024341, 11569024340, 11569024339, 11569024338, 11569024337, 10860940823, 3342243625, 3342243618, 5933509567, 3342243600]}, "geometry": {"type": "Polygon", "coordinates": [[[74.4686863, 31.4952372], [74.4714689, 31.5007923], [74.4721331, 31.4993816], [74.4731517, 31.4990014], [74.4738812, 31.4990928], [74.4739736, 31.4994505], [74.4746271, 31.4991356], [74.4751969, 31.4988586], [74.4755267, 31.4994362], [74.4762834, 31.4992166], [74.4763982, 31.4994081], [74.4770243, 31.4991273], [74.4772132, 31.4990426], [74.477226, 31.49909], [74.4774123, 31.4997812], [74.4776721, 31.4997888], [74.4777365, 31.499991], [74.478345, 31.4999241], [74.4783586, 31.4998457], [74.4785809, 31.4998207], [74.4788142, 31.4997222], [74.4792075, 31.5001282], [74.4807666, 31.4986387], [74.4806709, 31.498478], [74.4811804, 31.4981491], [74.4811102, 31.4980597], [74.481549, 31.4978967], [74.4816794, 31.4980655], [74.4818942, 31.4983434], [74.4827059, 31.4977793], [74.4825233, 31.4975606], [74.4823493, 31.4973521], [74.483308, 31.4967205], [74.4832689, 31.4966735], [74.4830991, 31.4965388], [74.4829183, 31.496628], [74.4828114, 31.4964829], [74.4829994, 31.4963917], [74.4819555, 31.4950705], [74.4813488, 31.4946084], [74.4814657, 31.4945143], [74.4814754, 31.4943739], [74.4812707, 31.4943798], [74.48102, 31.4944475], [74.4809483, 31.4941367], [74.4803939, 31.4942559], [74.480218, 31.4937033], [74.4704173, 31.4943503], [74.4701638, 31.495121], [74.4686863, 31.4952372]]]}}, {"type": "Feature", "properties": {"type": "way", "id": 628500912, "tags": {"description": "Adding the DHA Phase 7, Lahore boundary", "landuse": "residential", "name": "DHA Phase 7", "residential": "house"}, "nodes": [2406622908, 12251461858, 2400015629, 9098578554, 3128741152, 3128741142, 5933528003, 10793169539, 2406848038, 2406848053, 2406848056, 10958176219, 2406848068, 2406848044, 2406848134, 9600127011, 10790921232, 2400015617, 5251602969, 5251602980, 9600091098, 3651219219, 6598938096, 5251602974, 6598938095, 6598938080, 5251602973, 3651219217, 3651219215, 5251603014, 3651219211, 6598938084, 3651219205, 3651219203, 6584080344, 5251603009, 2956477146, 5251603976, 9600158819, 6586359111, 2406622983, 9603599859, 2406622976, 2406622971, 10860575786, 12146418479, 5022939939, 9603514977, 3342243797, 3342243800, 9603551863, 3342243664, 6274613017, 10862927573, 2406622904, 2406622903, 3342243181, 3342243184, 3342243188, 3342243190, 2406622918, 3128741222, 2406622908]}, "geometry": {"type": "Polygon", "coordinates": [[[74.4696777, 31.4867479], [74.4692276, 31.4820276], [74.4692145, 31.4818677], [74.4694609, 31.4818481], [74.4751949, 31.4814543], [74.4751288, 31.4805416], [74.4779512, 31.477386], [74.477674, 31.4769714], [74.4774696, 31.4754084], [74.476211, 31.4741108], [74.476094, 31.4728721], [74.476038, 31.4724271], [74.4753959, 31.4673215], [74.475116, 31.4654666], [74.4755204, 31.4649441], [74.4753497, 31.4611409], [74.4654273, 31.4619834], [74.4642043, 31.458605], [74.475569, 31.4602037], [74.4755133, 31.4595875], [74.477039, 31.4584841], [74.4774717, 31.4579402], [74.4778358, 31.4574792], [74.478072, 31.4571349], [74.47839, 31.456698], [74.4784509, 31.4566143], [74.4785386, 31.4564938], [74.4790247, 31.4559467], [74.480783, 31.4553188], [74.4819956, 31.4543631], [74.4837198, 31.4525935], [74.4836442, 31.4520653], [74.4834837, 31.447522], [74.4833491, 31.4459461], [74.4715813, 31.4415274], [74.4683106, 31.4402992], [74.4714413, 31.4364659], [74.4862238, 31.4418563], [74.4915718, 31.4432537], [74.502275, 31.4449053], [74.503869, 31.4451484], [74.504852, 31.4674345], [74.5061068, 31.4749359], [74.505778, 31.4810778], [74.5047818, 31.4818901], [74.5040224, 31.4824455], [74.5008177, 31.4849077], [74.499997, 31.4826204], [74.4983787, 31.4826656], [74.4976726, 31.4827136], [74.4922262, 31.4843658], [74.4906212, 31.4871578], [74.4915409, 31.4898896], [74.4915597, 31.4918885], [74.4875633, 31.4909906], [74.4874215, 31.491006], [74.4787092, 31.4905117], [74.4782455, 31.4899632], [74.4794761, 31.4873644], [74.4793548, 31.486745], [74.4782038, 31.4861575], [74.4756208, 31.4862748], [74.4696777, 31.4867479]]]}}, {"type": "Feature", "properties": {"type": "way", "id": 643376314, "tags": {"landuse": "residential", "name": "Chinar Bagh"}, "nodes": [6054741430, 8310372226, 8310372227, 8310372228, 6054741431, 6054741432, 6054741433, 6054741434, 6054741435, 6054741436, 6054741437, 6054741474, 6054741475, 6054741476, 6054741477, 6054741478, 6054741438, 6054741439, 6054741440, 6054741441, 6054741442, 6054741443, 6054741444, 6054741445, 6054741446, 6054741447, 6054741448, 6054741449, 6054741450, 6054741451, 6054741452, 6054741453, 6054741454, 6054741455, 6054741456, 7874827817, 7874827828, 6054741457, 6054741430]}, "geometry": {"type": "Polygon", "coordinates": [[[74.2295702, 31.3235216], [74.232177, 31.3282994], [74.2329229, 31.3297141], [74.2331056, 31.33006], [74.2415011, 31.3269492], [74.2419982, 31.3266326], [74.2420456, 31.3268421], [74.2424529, 31.332527], [74.2452277, 31.3316813], [74.2488882, 31.3316257], [74.2489597, 31.3313332], [74.2498836, 31.3312638], [74.2499146, 31.3316456], [74.250928, 31.3312165], [74.2508961, 31.3309245], [74.2500976, 31.3309383], [74.2500476, 31.3306131], [74.2494744, 31.3305463], [74.2493833, 31.3281094], [74.2500997, 31.3281317], [74.2500867, 31.3258282], [74.2512852, 31.3257503], [74.2512591, 31.3237584], [74.2534216, 31.3236694], [74.2534346, 31.3231909], [74.2556622, 31.3230351], [74.2556753, 31.3220558], [74.2544247, 31.3220113], [74.2543856, 31.320164], [74.2539427, 31.3192069], [74.2520407, 31.3179605], [74.2519756, 31.3170034], [74.2491629, 31.3173937], [74.2491076, 31.3158397], [74.2469881, 31.3159884], [74.246563, 31.3161415], [74.2446044, 31.3167414], [74.2420689, 31.3175423], [74.2295702, 31.3235216]]]}}, {"type": "Feature", "properties": {"type": "way", "id": 793257610, "tags": {"landuse": "residential", "name": "Barki Appartment", "residential": "apartments"}, "nodes": [7417452827, 7417452828, 7417452829, 7417452830, 7417452827]}, "geometry": {"type": "Polygon", "coordinates": [[[74.4569789, 31.5260264], [74.4569661, 31.5259201], [74.4570626, 31.5259116], [74.4570754, 31.526018], [74.4569789, 31.5260264]]]}}, {"type": "Feature", "properties": {"type": "way", "id": 793257611, "tags": {"landuse": "residential", "name": "Barki Appartment", "residential": "apartments"}, "nodes": [7417452831, 7417452832, 7417452833, 7417452834, 7417452831]}, "geometry": {"type": "Polygon", "coordinates": [[[74.4571183, 31.5260126], [74.4571094, 31.5259097], [74.4571884, 31.5259047], [74.4571974, 31.5260076], [74.4571183, 31.5260126]]]}}, {"type": "Feature", "properties": {"type": "way", "id": 793257612, "tags": {"landuse": "residential", "name": "Barki Appartment", "residential": "apartments"}, "nodes": [7417452835, 7417452836, 7417452837, 7417452838, 7417452835]}, "geometry": {"type": "Polygon", "coordinates": [[[74.4572258, 31.5259089], [74.4572312, 31.5260015], [74.4572871, 31.5259991], [74.4572817, 31.5259065], [74.4572258, 31.5259089]]]}}, {"type": "Feature", "properties": {"type": "way", "id": 793257613, "tags": {"landuse": "residential", "name": "Barki Appartment", "residential": "apartments"}, "nodes": [7417452839, 7417452840, 7417452841, 7417452842, 7417452839]}, "geometry": {"type": "Polygon", "coordinates": [[[74.4573299, 31.5258974], [74.4573348, 31.5259999], [74.4574142, 31.5259971], [74.4574093, 31.5258947], [74.4573299, 31.5258974]]]}}, {"type": "Feature", "properties": {"type": "way", "id": 793257614, "tags": {"landuse": "residential", "name": "Barki Appartment", "residential": "apartments"}, "nodes": [7417452843, 7417452844, 7417452845, 7417452846, 7417452843]}, "geometry": {"type": "Polygon", "coordinates": [[[74.457439, 31.5258902], [74.4574445, 31.5259946], [74.4575298, 31.5259914], [74.4575243, 31.525887], [74.457439, 31.5258902]]]}}, {"type": "Feature", "properties": {"type": "way", "id": 793257615, "tags": {"landuse": "residential", "name": "Barki Appartment", "residential": "apartments"}, "nodes": [7417452847, 7417452848, 7417452849, 7417452850, 7417452847]}, "geometry": {"type": "Polygon", "coordinates": [[[74.4575556, 31.5258819], [74.4575611, 31.5259863], [74.4576464, 31.5259831], [74.4576409, 31.5258787], [74.4575556, 31.5258819]]]}}, {"type": "Feature", "properties": {"type": "way", "id": 793257616, "tags": {"landuse": "residential", "name": "Barki Appartment", "residential": "apartments"}, "nodes": [7417452851, 7417452852, 7417452853, 7417452854, 7417452851]}, "geometry": {"type": "Polygon", "coordinates": [[[74.4576669, 31.5258751], [74.4576725, 31.5259795], [74.4577578, 31.5259762], [74.4577523, 31.5258718], [74.4576669, 31.5258751]]]}}, {"type": "Feature", "properties": {"type": "way", "id": 793257617, "tags": {"landuse": "residential", "name": "Barki Appartment", "residential": "apartments"}, "nodes": [7417452855, 7417452856, 7417452857, 7417452858, 7417452855]}, "geometry": {"type": "Polygon", "coordinates": [[[74.4577771, 31.5258634], [74.4577826, 31.5259678], [74.4578679, 31.5259645], [74.4578624, 31.5258601], [74.4577771, 31.5258634]]]}}, {"type": "Feature", "properties": {"type": "way", "id": 865780818, "tags": {"barrier": "wall", "landuse": "residential", "name": "Wapda Colony", "residential": "gated"}, "nodes": [8069925335, 8069925336, 8069925337, 8069925338, 8069925339, 8069925340, 8069925341, 8069925342, 8069925343, 8069925344, 8069925345, 8069925346, 8069925347, 8069925348, 8069925349, 8069925335]}, "geometry": {"type": "Polygon", "coordinates": [[[74.1020075, 31.6278847], [74.0996382, 31.6278898], [74.0996382, 31.6303309], [74.099975, 31.6303385], [74.1004578, 31.6300873], [74.1010359, 31.6298234], [74.1011909, 31.629661], [74.1013369, 31.6294326], [74.1015068, 31.6293007], [74.1017571, 31.6292195], [74.1021237, 31.6292119], [74.1022995, 31.629184], [74.1024724, 31.6290977], [74.1033665, 31.6285673], [74.1033516, 31.6278543], [74.1020075, 31.6278847]]]}}, {"type": "Feature", "properties": {"type": "way", "id": 894130634, "tags": {"landuse": "residential", "name": "Nishat Block"}, "nodes": [8310350775, 8310350776, 8310350777, 8310350778, 8310350775]}, "geometry": {"type": "Polygon", "coordinates": [[[74.2421988, 31.3285637], [74.2488748, 31.3284407], [74.2489486, 31.3321471], [74.2426668, 31.3355652], [74.2421988, 31.3285637]]]}}, {"type": "Feature", "properties": {"type": "way", "id": 894130635, "tags": {"landuse": "residential", "name": "Shaheen Block"}, "nodes": [8310350779, 8310350780, 8310350781, 8310350782, 8310350783, 8310350784, 8310350785, 8310350786, 8310350787, 8310350788, 8310350789, 8310350790, 8310350791, 8310350792, 8310350793, 8310350794, 8310350795, 8310350796, 8310350797, 8310350798, 8310350799, 8310350800, 8310350801, 8310350779]}, "geometry": {"type": "Polygon", "coordinates": [[[74.2421972, 31.3285499], [74.2488796, 31.3284098], [74.2487723, 31.3232477], [74.2430099, 31.3233487], [74.2416523, 31.3233565], [74.2413393, 31.3233808], [74.2409856, 31.3234572], [74.2404937, 31.3236899], [74.2401034, 31.3239504], [74.2395342, 31.3243289], [74.2393309, 31.3244574], [74.2392309, 31.3245355], [74.239491, 31.3247157], [74.2399626, 31.3250283], [74.2404098, 31.3253165], [74.2408123, 31.3255631], [74.2412067, 31.325827], [74.2415319, 31.3260354], [74.2416823, 31.3261708], [74.241788, 31.3262993], [74.2420157, 31.3265945], [74.2420767, 31.3268098], [74.2421214, 31.3273898], [74.2421972, 31.3285499]]]}}, {"type": "Feature", "properties": {"type": "way", "id": 894130636, "tags": {"landuse": "residential", "name": "Jehlum Block"}, "nodes": [8310350802, 8310350803, 8310350804, 8310350805, 8310350806, 8310350807, 8310350808, 8310350809, 8310350810, 8310350811, 8310350802]}, "geometry": {"type": "Polygon", "coordinates": [[[74.2488137, 31.3232579], [74.2517424, 31.3232041], [74.2517831, 31.3234889], [74.25097, 31.3235375], [74.2509863, 31.3246349], [74.2510107, 31.3255309], [74.249889, 31.3255693], [74.2498972, 31.3262013], [74.2499873, 31.3280279], [74.2488922, 31.3280299], [74.2488137, 31.3232579]]]}}, {"type": "Feature", "properties": {"type": "way", "id": 894130637, "tags": {"landuse": "residential", "name": "Punjab Block"}, "nodes": [8310350812, 8310350813, 8310350814, 8310350815, 8310350816, 8310372117, 8310372118, 8310372119, 8310372120, 8310372121, 8310350812]}, "geometry": {"type": "Polygon", "coordinates": [[[74.2486714, 31.3214613], [74.2500178, 31.3214429], [74.2541496, 31.3213819], [74.2543568, 31.3213742], [74.2543682, 31.3201657], [74.253923, 31.3192252], [74.2532471, 31.3187752], [74.2519931, 31.3179504], [74.2519362, 31.3170293], [74.2485275, 31.3175037], [74.2486714, 31.3214613]]]}}, {"type": "Feature", "properties": {"type": "way", "id": 894130638, "tags": {"landuse": "residential", "name": "Rachna Block"}, "nodes": [8310372122, 8310372123, 8310372124, 8310372125, 8310372126, 8310372127, 8310372128, 8310372122]}, "geometry": {"type": "Polygon", "coordinates": [[[74.243625, 31.3215139], [74.248351, 31.3214421], [74.2483234, 31.3175098], [74.248292, 31.3159874], [74.2469998, 31.3160207], [74.2454915, 31.3164931], [74.2434879, 31.3171971], [74.243625, 31.3215139]]]}}, {"type": "Feature", "properties": {"type": "way", "id": 894130639, "tags": {"landuse": "residential", "name": "Khyber Block"}, "nodes": [8310372129, 8310372130, 8310372131, 8310372132, 8310372133, 8310372134, 8310372135, 8310372136, 8310372137, 8310372138, 8310372139, 8310372140, 8310372141, 8310372142, 8310372143, 8310372144, 8310372145, 8310372146, 8310372147, 8310372148, 8310372129]}, "geometry": {"type": "Polygon", "coordinates": [[[74.2354045, 31.3220765], [74.2389745, 31.3243291], [74.2397657, 31.3238112], [74.2403853, 31.3234125], [74.2408091, 31.3231009], [74.2418956, 31.3223744], [74.2423486, 31.322066], [74.2427804, 31.3217939], [74.2429574, 31.321679], [74.2430919, 31.3215762], [74.2431556, 31.3214855], [74.2432476, 31.3212799], [74.2433325, 31.3210139], [74.2433325, 31.3208143], [74.2433325, 31.3204999], [74.2432608, 31.3172511], [74.2420928, 31.3176169], [74.2393364, 31.3195236], [74.2375151, 31.3207392], [74.2372991, 31.3209122], [74.2354045, 31.3220765]]]}}, {"type": "Feature", "properties": {"type": "way", "id": 894130640, "tags": {"landuse": "residential", "name": "Bolan Block"}, "nodes": [8310372149, 8310372150, 8310372151, 8310372152, 8310372153, 8310372154, 8310372155, 8310372156, 8310372157, 8310372158, 8310372159, 8310372160, 8310372161, 8310372162, 8310372163, 8310372149]}, "geometry": {"type": "Polygon", "coordinates": [[[74.2296942, 31.3237166], [74.2347203, 31.321807], [74.238728, 31.3244226], [74.2381588, 31.3247422], [74.2375531, 31.3250721], [74.2369595, 31.3253881], [74.2361993, 31.3258118], [74.235622, 31.3260896], [74.2350691, 31.3263917], [74.2344257, 31.3266612], [74.2340941, 31.3267449], [74.2338045, 31.3267709], [74.2332605, 31.3267709], [74.2326931, 31.3267808], [74.2313338, 31.3268087], [74.2296942, 31.3237166]]]}}, {"type": "Feature", "properties": {"type": "way", "id": 894130642, "tags": {"landuse": "residential", "name": "Commercial Zone"}, "nodes": [8310372206, 8310372207, 8310372208, 8310372209, 8310372210, 8310372211, 8310372212, 8310372213, 8310372214, 8310372215, 8310372216, 8310372217, 8310372218, 8310372219, 8310372220, 8310372221, 8310372222, 8310372223, 8310372224, 8310372225, 8310372206]}, "geometry": {"type": "Polygon", "coordinates": [[[74.2412251, 31.3231525], [74.2524427, 31.3230501], [74.2524944, 31.3216019], [74.2443171, 31.3217116], [74.2440174, 31.3217179], [74.2436928, 31.3217265], [74.2436003, 31.3217288], [74.2435426, 31.3217311], [74.2435017, 31.3217374], [74.243442, 31.3217472], [74.2433502, 31.3217861], [74.2432422, 31.3218262], [74.2431316, 31.3218783], [74.2430276, 31.321931], [74.2426628, 31.3221535], [74.2424062, 31.3223168], [74.2420045, 31.3225783], [74.2413621, 31.3229804], [74.241194, 31.3231029], [74.2411693, 31.3231497], [74.2412251, 31.3231525]]]}}, {"type": "Feature", "properties": {"type": "way", "id": 894138287, "tags": {"landuse": "residential", "name": "Bahria Orchard"}, "nodes": [8310430793, 8310430794, 8310430795, 8310430796, 8310430797, 8310430798, 8310430799, 8310430800, 8310430801, 8310430802, 8310430803, 8310430804, 8310430805, 8310430806, 8310430807, 8310430808, 8310430809, 8310430810, 8310430811, 8310430812, 8310430813, 8310430814, 8310430815, 8310430816, 8310450817, 8310450818, 8310450819, 8310450820, 8310450821, 8310450822, 8310450823, 8310450824, 8310450825, 8310450826, 8310450827, 8310450828, 8310450829, 8310450830, 8310450831, 8310450832, 8310450833, 8310450834, 8310450835, 8310450836, 8310450837, 8310450838, 8310450839, 8310450840, 8310450841, 8310450842, 8310450843, 8310450844, 8310450845, 8310450846, 8310450847, 8310450848, 8310450849, 8310450850, 8310450851, 8310450852, 8310450853, 8310450854, 8310450855, 8310450856, 8310450857, 8310450858, 8310450859, 8310450860, 8310450861, 8310450862, 8310450863, 8310450864, 8310450865, 8310450866, 8310450867, 8310450868, 8310450869, 8310450870, 8310450871, 8310450872, 8310450873, 8310450874, 8310450875, 8310450876, 8310450877, 8310450878, 8310450879, 8310450880, 8310450881, 8310450882, 8310450883, 8310450884, 8310450885, 8310450886, 8310450887, 8310450888, 8310450889, 8310450890, 8310450891, 8310450892, 8310450893, 8310450894, 8310450895, 8310450896, 8310450897, 8310450898, 8310450899, 8310450900, 8310450901, 8310450902, 8310450903, 8310450904, 8310450905, 8310450906, 8310450907, 8310450908, 8310450909, 8310450910, 8310450911, 8310450912, 8310450913, 8310450914, 8310450915, 8310450916, 8310450917, 8310450918, 8310450919, 8310450920, 8310450921, 8310450922, 8310450923, 8310450924, 8310450925, 8310450926, 8310450927, 8310450928, 8310450929, 8310450930, 8310450931, 8310450932, 8310450933, 8310450934, 8310450935, 8310450936, 8310450937, 8310450938, 8310450939, 8310450940, 8310450941, 8310450942, 8310450943, 8310450944, 8310450945, 8310450946, 8310450947, 8310450948, 8310450949, 8310450950, 8310450951, 8310450952, 8310450953, 8310430793]}, "geometry": {"type": "Polygon", "coordinates": [[[74.2045535, 31.2838429], [74.2074396, 31.2850716], [74.2073786, 31.2881784], [74.2073663, 31.2884417], [74.209104, 31.2884628], [74.209104, 31.2901584], [74.2103364, 31.2907376], [74.2102994, 31.2921067], [74.2118523, 31.2921804], [74.2098681, 31.2965509], [74.2102994, 31.2985201], [74.2111498, 31.3013528], [74.2113324, 31.302222], [74.2099236, 31.3027524], [74.2093416, 31.3029747], [74.2089205, 31.3030366], [74.208317, 31.3030366], [74.2079549, 31.3030137], [74.2047211, 31.3030286], [74.2047777, 31.3040296], [74.2052058, 31.3040783], [74.2052371, 31.3055037], [74.2078875, 31.3055205], [74.2069572, 31.3068176], [74.2068108, 31.3070295], [74.2065344, 31.3075575], [74.206327, 31.3079396], [74.2058676, 31.308603], [74.2055871, 31.3089746], [74.2058895, 31.3092639], [74.2068807, 31.3112773], [74.208207, 31.3107986], [74.2085339, 31.311405], [74.2122325, 31.3099288], [74.2140071, 31.3092345], [74.2144461, 31.3099766], [74.2154175, 31.3096255], [74.2162674, 31.3113332], [74.2196048, 31.3100601], [74.2188859, 31.3087585], [74.2194224, 31.3085568], [74.2190147, 31.3077594], [74.219594, 31.307466], [74.2193687, 31.3069619], [74.2199159, 31.3067419], [74.2217288, 31.3060983], [74.2227816, 31.3081071], [74.2230147, 31.308563], [74.2224618, 31.3088047], [74.2244971, 31.31248], [74.2246672, 31.3126909], [74.2246538, 31.3138985], [74.224686, 31.3145905], [74.224753, 31.3148472], [74.224922, 31.3152321], [74.2251339, 31.3156606], [74.2255591, 31.3164339], [74.2259165, 31.317099], [74.2264722, 31.3181331], [74.2277594, 31.320611], [74.2303719, 31.319612], [74.2304859, 31.3196552], [74.23062, 31.3197177], [74.2308009, 31.3197889], [74.2310103, 31.3198376], [74.2315348, 31.3198671], [74.2321852, 31.3197907], [74.2332362, 31.3196466], [74.2395283, 31.318711], [74.2295648, 31.323512], [74.2293172, 31.3235392], [74.2285366, 31.3221226], [74.2268522, 31.3227642], [74.2270131, 31.3231079], [74.2268844, 31.3231491], [74.2257149, 31.3229017], [74.2232687, 31.3223197], [74.223258, 31.3233141], [74.2232151, 31.3240977], [74.223289, 31.3257249], [74.2235479, 31.3262302], [74.2185311, 31.3262099], [74.2184882, 31.3247252], [74.2169218, 31.3243219], [74.2169433, 31.3228372], [74.216949, 31.3226785], [74.2167457, 31.3226127], [74.2165423, 31.3226101], [74.2160832, 31.3226153], [74.2157875, 31.3226337], [74.2155287, 31.3226706], [74.2151928, 31.3227338], [74.2146968, 31.322889], [74.214401, 31.322997], [74.2141453, 31.323097], [74.2133288, 31.3234049], [74.212495, 31.3216736], [74.2088472, 31.322865], [74.2080104, 31.3219302], [74.2076456, 31.3212611], [74.2056929, 31.3221227], [74.2053862, 31.3216083], [74.2036258, 31.3222508], [74.202955, 31.3209444], [74.202272, 31.3212083], [74.2018492, 31.3202845], [74.2010849, 31.3192079], [74.1988633, 31.3201248], [74.1959236, 31.3176684], [74.1959063, 31.3169656], [74.1965903, 31.3168761], [74.196578, 31.3162865], [74.1987768, 31.316313], [74.198927, 31.3120966], [74.1973177, 31.312115], [74.1972747, 31.311565], [74.1991416, 31.31151], [74.1991201, 31.3110884], [74.2009655, 31.3108867], [74.2016306, 31.3100434], [74.2019096, 31.3097684], [74.2021119, 31.3096946], [74.202238, 31.3096787], [74.2025603, 31.3096747], [74.203611, 31.3096707], [74.2037367, 31.3096653], [74.2036843, 31.3095443], [74.2035518, 31.3093363], [74.2033546, 31.3090915], [74.2031082, 31.3087782], [74.2028586, 31.3085597], [74.2025033, 31.3082742], [74.2022876, 31.3080952], [74.2020411, 31.3078846], [74.2018255, 31.3077319], [74.2017207, 31.3076582], [74.2017922, 31.303549], [74.2017922, 31.3023402], [74.2018735, 31.3009229], [74.2018735, 31.3005755], [74.2029305, 31.3005755], [74.2029387, 31.3003602], [74.2029874, 31.2999989], [74.2031013, 31.2997001], [74.2032558, 31.2993458], [74.2034346, 31.2989498], [74.203394, 31.2987205], [74.2030525, 31.2986441], [74.2026866, 31.2986788], [74.2021987, 31.2986441], [74.1999312, 31.2986122], [74.1996092, 31.2986056], [74.1987639, 31.2969576], [74.1976962, 31.2948305], [74.2036829, 31.2947022], [74.2036937, 31.2932628], [74.2036291, 31.2921004], [74.2036192, 31.2917816], [74.2043488, 31.2917311], [74.2045097, 31.2916945], [74.2045311, 31.2908372], [74.2045535, 31.2838429]]]}}, {"type": "Feature", "properties": {"type": "way", "id": 894138288, "tags": {"landuse": "residential", "name": "Government Officers CHS C & D"}, "nodes": [8310450954, 8310450955, 8310450956, 8310450957, 8310450958, 8310450959, 8310450960, 8310450961, 8310450962, 8310450963, 8310450964, 8310450965, 8310450966, 8310450967, 8310450968, 8310450969, 8310450970, 8310450971, 8310450972, 8310450973, 8310450974, 8310450975, 8310450976, 8310450977, 8310450978, 8310450979, 8310450980, 8310450981, 8310450982, 8310450983, 8310450984, 8310450985, 8310450986, 8310450987, 8310450988, 8310450989, 8310450990, 8310450991, 8310450992, 8310450993, 8310450994, 8310450995, 8310450996, 8310450997, 8310450998, 8310450999, 8310451000, 8310451001, 8310451002, 8310451003, 8310451004, 8310451005, 8310451006, 8310451007, 8310451008, 8310451009, 8310451010, 8310451011, 8310451012, 8310450954]}, "geometry": {"type": "Polygon", "coordinates": [[[74.2047773, 31.3030593], [74.2065881, 31.3030461], [74.2083042, 31.303054], [74.2089112, 31.3030566], [74.2092316, 31.3030172], [74.2096243, 31.3028988], [74.2099478, 31.3027777], [74.2110878, 31.3023697], [74.2121107, 31.3019906], [74.2132137, 31.3016115], [74.2135126, 31.3015088], [74.2164848, 31.3005038], [74.2173136, 31.3018096], [74.2155403, 31.3025025], [74.2157656, 31.3028005], [74.2166331, 31.303876], [74.2152004, 31.3044473], [74.2157832, 31.3053753], [74.2164463, 31.3051279], [74.2167732, 31.3056387], [74.2160307, 31.305918], [74.2163015, 31.3063888], [74.2157458, 31.3066202], [74.2163996, 31.307905], [74.2165336, 31.3081976], [74.2157397, 31.3084864], [74.2160562, 31.3090501], [74.2164692, 31.3089172], [74.2167267, 31.3092288], [74.2170432, 31.3091418], [74.2178586, 31.3106634], [74.2162601, 31.3112739], [74.2154105, 31.3095886], [74.2144563, 31.3099443], [74.2140191, 31.3092224], [74.208561, 31.3113429], [74.2082529, 31.3107743], [74.2069096, 31.3112324], [74.2059139, 31.3092271], [74.2056339, 31.3089687], [74.2057756, 31.3087542], [74.2059948, 31.3084599], [74.2062818, 31.3080704], [74.2065018, 31.3076945], [74.2066359, 31.3074104], [74.2067861, 31.3071308], [74.2069765, 31.3068306], [74.2071294, 31.306606], [74.2072716, 31.3064089], [74.2073697, 31.3062664], [74.2074812, 31.3061069], [74.2075865, 31.305961], [74.2077042, 31.305803], [74.2077803, 31.3056911], [74.2078794, 31.3055475], [74.2079068, 31.3055052], [74.2052619, 31.3054758], [74.2052294, 31.3040551], [74.2047955, 31.3040137], [74.2047773, 31.3030593]]]}}, {"type": "Feature", "properties": {"type": "way", "id": 900425022, "tags": {"landuse": "residential", "name": "NESPAK Housing Society Phase II"}, "nodes": [8364702951, 8364702952, 8364702953, 8364702954, 8364702955, 8364702956, 8364702957, 8364702958, 8364702959, 8364702960, 8364702961, 8364702962, 8364702963, 8364702964, 8364702965, 8364702966, 8364702967, 8364702968, 8364702969, 8364702970, 8364702971, 8364702972, 8364702973, 8364702974, 8364702975, 8364702976, 8364702977, 8364702978, 8364702979, 8364702980, 8364702981, 8364702982, 8364702983, 8364702984, 8364702951]}, "geometry": {"type": "Polygon", "coordinates": [[[74.1826225, 31.4261003], [74.1844345, 31.4276066], [74.1868536, 31.4255424], [74.1890345, 31.4255185], [74.1894501, 31.4254148], [74.1898811, 31.4249063], [74.1890458, 31.4248821], [74.1865134, 31.4248871], [74.1920618, 31.4210656], [74.1973423, 31.4208844], [74.2004055, 31.4207932], [74.200423, 31.4212877], [74.2014942, 31.4212547], [74.2014881, 31.4207551], [74.202104, 31.4207447], [74.202104, 31.4202451], [74.2017707, 31.4202434], [74.2017402, 31.4194402], [74.2016989, 31.4184192], [74.2016989, 31.417825], [74.1998873, 31.4178986], [74.2003343, 31.4187743], [74.2001305, 31.4188018], [74.2001251, 31.4193099], [74.1969333, 31.4193786], [74.1969655, 31.418376], [74.193838, 31.4184539], [74.1933284, 31.4170576], [74.1904996, 31.4188108], [74.1888473, 31.419882], [74.1886381, 31.4200193], [74.1875491, 31.4211958], [74.1857628, 31.4230544], [74.1846309, 31.4242583], [74.1826225, 31.4261003]]]}}, {"type": "Feature", "properties": {"type": "way", "id": 900426401, "tags": {"landuse": "residential", "name": "Iqbal Avenue - Phase 3"}, "nodes": [8364745043, 8364745044, 8364745045, 8364745046, 8364745047, 8364745048, 8364745049, 8364752164, 8364745050, 8364745051, 8364745052, 8364745053, 8364745054, 8364745055, 8364745056, 8364745057, 8364745058, 8364745059, 8364702962, 8364702961, 8364702959, 8364702958, 8364702956, 8364702955, 8364702954, 8364702953, 8364745043]}, "geometry": {"type": "Polygon", "coordinates": [[[74.1844458, 31.4276161], [74.1864437, 31.4295602], [74.1895873, 31.4268321], [74.1914197, 31.4252829], [74.1922136, 31.4263083], [74.1938873, 31.4244773], [74.1927794, 31.4239159], [74.1947392, 31.422332], [74.1951087, 31.4220334], [74.1963974, 31.4240629], [74.1971618, 31.4239796], [74.1971618, 31.4251661], [74.1976252, 31.4251869], [74.1976659, 31.4232719], [74.1984708, 31.4231886], [74.1984302, 31.4218148], [74.199723, 31.4217801], [74.199723, 31.4213846], [74.200423, 31.4212877], [74.2004055, 31.4207932], [74.1920618, 31.4210656], [74.1865134, 31.4248871], [74.1898811, 31.4249063], [74.1894501, 31.4254148], [74.1890345, 31.4255185], [74.1868536, 31.4255424], [74.1844458, 31.4276161]]]}}, {"type": "Feature", "properties": {"type": "way", "id": 900426994, "tags": {"landuse": "residential", "name": "P & D Society"}, "nodes": [8364745044, 8364752157, 8364752158, 8366531579, 8364752159, 8364752160, 8366531580, 8366531581, 8366531582, 8366531583, 8366531584, 8366531585, 8366531586, 8364752161, 8366531587, 8366531588, 8364752162, 8364752163, 8364798937, 8364752164, 8364745049, 8364745048, 8364745047, 8364745046, 8364745044]}, "geometry": {"type": "Polygon", "coordinates": [[[74.1864437, 31.4295602], [74.190342, 31.4329386], [74.1919453, 31.4309552], [74.1922091, 31.4303598], [74.1925754, 31.4303342], [74.192612, 31.4300463], [74.1929811, 31.430016], [74.1930214, 31.4294997], [74.1932233, 31.4295052], [74.193218, 31.4293962], [74.1934135, 31.4293952], [74.1934342, 31.4291604], [74.193639, 31.4291385], [74.1936446, 31.429003], [74.1940482, 31.428988], [74.1940847, 31.4285542], [74.1952423, 31.4279129], [74.1963034, 31.4279094], [74.1961666, 31.4274217], [74.1947392, 31.422332], [74.1927794, 31.4239159], [74.1938873, 31.4244773], [74.1922136, 31.4263083], [74.1914197, 31.4252829], [74.1864437, 31.4295602]]]}}, {"type": "Feature", "properties": {"type": "way", "id": 900427609, "tags": {"landuse": "residential", "name": "Awt Housing Scheme Phase 1"}, "nodes": [8364754759, 8364754760, 3279612445, 3279612440, 3279612439, 9186785688, 9186785689, 3279612438, 9186785690, 3279612437, 9186785691, 9186785692, 3279612436, 9186785693, 3279612435, 3279612434, 3279612427, 8364754761, 8364754762, 8364754763, 8364754764, 8364754765, 8364754766, 8364754767, 8364754768, 8364754769, 8364754759]}, "geometry": {"type": "Polygon", "coordinates": [[[74.2062374, 31.4081164], [74.2062092, 31.4060389], [74.2058015, 31.4060961], [74.2058551, 31.4062289], [74.2055172, 31.4062655], [74.2054287, 31.4054047], [74.2053106, 31.4044913], [74.2051926, 31.403864], [74.2051256, 31.4035619], [74.2052087, 31.4035275], [74.2050129, 31.4030353], [74.2048815, 31.4026301], [74.2046025, 31.4019021], [74.2044255, 31.401387], [74.2043236, 31.4009062], [74.2050827, 31.4003774], [74.2050719, 31.3989007], [74.200999, 31.399054], [74.2007123, 31.3990991], [74.2008074, 31.4043181], [74.2018589, 31.4069553], [74.2022975, 31.4073546], [74.2047042, 31.4073667], [74.2046617, 31.4078137], [74.2055182, 31.4078318], [74.2055111, 31.4081339], [74.2062374, 31.4081164]]]}}, {"type": "Feature", "properties": {"type": "way", "id": 900432934, "tags": {"landuse": "residential", "name": "Eden Lane Villas 1"}, "nodes": [8364663393, 8364663394, 8364663395, 8364663396, 8364663397, 8364663398, 8364799346, 8364663384, 8364663385, 8364663386, 8364663387, 8364663388, 8364663390, 8364663393]}, "geometry": {"type": "Polygon", "coordinates": [[[74.21208, 31.4134474], [74.2145434, 31.4133934], [74.2145319, 31.4136818], [74.2153491, 31.4137235], [74.2153369, 31.414865], [74.216711, 31.414917], [74.2168042, 31.4135636], [74.2165839, 31.4135331], [74.2167129, 31.4120076], [74.2143466, 31.4118183], [74.2135086, 31.4117867], [74.2134839, 31.4112608], [74.2122172, 31.4112265], [74.21208, 31.4134474]]]}}, {"type": "Feature", "properties": {"type": "way", "id": 900433327, "tags": {"landuse": "residential", "name": "Sher Shah Colony"}, "nodes": [8364663380, 8364663379, 8364663378, 8364793147, 8364793148, 8364793149, 8364793150, 8364793151, 8364793152, 8364793153, 8364793154, 8364663381, 8364663380]}, "geometry": {"type": "Polygon", "coordinates": [[[74.2194146, 31.4073075], [74.2199725, 31.4073075], [74.2253553, 31.4074992], [74.225948, 31.4075856], [74.2255496, 31.4140169], [74.2244557, 31.4139701], [74.2236046, 31.4139512], [74.2229613, 31.4139053], [74.2221545, 31.4138794], [74.2214307, 31.4138396], [74.2207839, 31.4138147], [74.219129, 31.4137244], [74.2194146, 31.4073075]]]}}, {"type": "Feature", "properties": {"type": "way", "id": 900660172, "tags": {"landuse": "residential", "name": "Green Forts 2"}, "nodes": [8364752157, 8364752158, 8366531579, 8364752159, 8364752160, 8366531580, 8366531581, 8366531582, 8366531583, 8366531584, 8366531585, 8366531586, 8364752161, 8366531587, 8366531588, 8366594417, 8364752163, 8366594418, 8366594419, 8366594420, 8366594421, 8366594422, 8366594423, 8366594424, 8366594425, 8366594426, 8366594427, 8366594428, 8366594429, 8366594430, 8366594431, 8366594432, 8366594433, 8366594434, 8366594435, 8366594436, 8366594437, 8366594438, 8366594439, 8366594440, 8366594441, 8366594442, 9544784665, 8366594443, 8366594444, 8366594445, 8366594446, 8366594447, 8366594448, 8366594449, 8366594450, 8366594451, 8366594452, 8366594453, 8366594454, 8366594455, 8366594456, 8366594457, 8366594458, 8366594459, 8366594460, 8364752157]}, "geometry": {"type": "Polygon", "coordinates": [[[74.190342, 31.4329386], [74.1919453, 31.4309552], [74.1922091, 31.4303598], [74.1925754, 31.4303342], [74.192612, 31.4300463], [74.1929811, 31.430016], [74.1930214, 31.4294997], [74.1932233, 31.4295052], [74.193218, 31.4293962], [74.1934135, 31.4293952], [74.1934342, 31.4291604], [74.193639, 31.4291385], [74.1936446, 31.429003], [74.1940482, 31.428988], [74.1940847, 31.4285542], [74.1952634, 31.4278913], [74.1963034, 31.4279094], [74.1965318, 31.428533], [74.1968733, 31.4294905], [74.1973937, 31.430545], [74.1977352, 31.4326541], [74.1982637, 31.4347632], [74.1989098, 31.435213], [74.2009858, 31.4348743], [74.2017797, 31.4347461], [74.2049144, 31.4334895], [74.205946, 31.4330227], [74.2058924, 31.4333385], [74.2065897, 31.4333614], [74.2065736, 31.4346796], [74.2072656, 31.4346796], [74.2072925, 31.4350458], [74.2079577, 31.4350183], [74.2079791, 31.433929], [74.2091378, 31.433929], [74.2101034, 31.434849], [74.2085799, 31.4368491], [74.2051667, 31.4367892], [74.2052198, 31.4377796], [74.2038076, 31.4377857], [74.2037085, 31.4382114], [74.2023459, 31.4382024], [74.2024043, 31.4397284], [74.2024181, 31.4400904], [74.201654, 31.4401429], [74.2016786, 31.4406266], [74.202036, 31.4406371], [74.2020484, 31.4412049], [74.201654, 31.4412154], [74.2016924, 31.4430056], [74.2029207, 31.4430693], [74.2030413, 31.4449395], [74.1959153, 31.4387355], [74.1946447, 31.4409863], [74.1936894, 31.4403411], [74.192303, 31.4393422], [74.1904289, 31.4379721], [74.1896605, 31.4374171], [74.18693, 31.435529], [74.1898589, 31.4335471], [74.1905241, 31.4331169], [74.190342, 31.4329386]]]}}, {"type": "Feature", "properties": {"type": "way", "id": 900667644, "tags": {"landuse": "residential", "name": "WAPDA Town"}, "nodes": [8366658541, 8366658542, 8366658543, 8366658544, 8366658545, 8366658546, 8366658547, 8366658548, 8366658549, 8366658550, 8366658551, 8366658552, 8366658553, 8366658554, 8366658555, 8366658556, 8366658557, 8366658558, 8366658559, 8366658560, 8366658561, 8366658562, 8366658563, 8366658564, 8366658565, 8366658566, 8366658567, 8366658568, 8366658569, 8366658570, 8366658571, 8366658572, 8366658573, 8366658574, 8366658575, 8366658576, 8366658577, 8366658578, 8366658579, 8366658580, 8366658581, 8366658582, 8366658583, 8366658584, 8366658585, 8366658586, 8366658587, 8366658588, 8366658589, 8366658590, 8366658591, 8366658592, 8366658593, 8366658594, 8366658595, 8366658596, 8366658597, 8366658598, 8366658599, 8366658600, 8366658601, 8366658602, 8366658603, 8366658604, 8366658605, 8366658606, 8366658607, 8366658608, 8366658609, 8366658610, 8366658611, 8366658612, 8366658613, 8366658614, 8366658615, 8366658616, 8366663117, 8366663118, 8366663119, 8366663120, 8366663121, 8366663122, 8366666893, 8366658541]}, "geometry": {"type": "Polygon", "coordinates": [[[74.2577758, 31.4248838], [74.2579795, 31.4191308], [74.2610263, 31.4191193], [74.2609894, 31.4186881], [74.2660053, 31.4186775], [74.2659745, 31.4190824], [74.2707695, 31.4191927], [74.2705672, 31.4302854], [74.2703229, 31.4310002], [74.2711588, 31.4312512], [74.2721955, 31.4315261], [74.2731109, 31.4317234], [74.2739631, 31.4318908], [74.2750232, 31.432078], [74.2760623, 31.4322813], [74.2763541, 31.432308], [74.276078, 31.4338421], [74.2761842, 31.4340173], [74.2761913, 31.4341501], [74.2761984, 31.4342226], [74.2810262, 31.4388884], [74.2814329, 31.4393301], [74.2813774, 31.4423692], [74.2760714, 31.4422544], [74.270894, 31.4422028], [74.2627561, 31.437391], [74.2610951, 31.4363488], [74.260021, 31.437584], [74.259143, 31.438333], [74.2581717, 31.4394567], [74.2579288, 31.4398152], [74.2572844, 31.4403093], [74.2569855, 31.4406042], [74.2566119, 31.4411062], [74.2551268, 31.4432657], [74.2538846, 31.4443414], [74.2537953, 31.4443799], [74.2535325, 31.4444623], [74.2530577, 31.4445858], [74.2526447, 31.4446042], [74.2519875, 31.4446179], [74.2512955, 31.4446019], [74.2511131, 31.4445126], [74.2491293, 31.443762], [74.2498391, 31.4410686], [74.2500303, 31.4406075], [74.2466615, 31.4362137], [74.2437862, 31.4373122], [74.2433785, 31.4366164], [74.2442582, 31.4360123], [74.2435072, 31.4346575], [74.243593, 31.4342181], [74.2444084, 31.4339617], [74.2452238, 31.433742], [74.2456026, 31.433741], [74.2461187, 31.4338239], [74.246501, 31.4339809], [74.2467841, 31.4342406], [74.2464803, 31.434804], [74.2476765, 31.4355831], [74.2486386, 31.4346634], [74.2494036, 31.4351301], [74.2509491, 31.4358894], [74.2524228, 31.435652], [74.2520886, 31.4372123], [74.252703, 31.4378993], [74.2539359, 31.4378196], [74.2542161, 31.4374849], [74.2550567, 31.4369589], [74.2555237, 31.4364808], [74.2554863, 31.4357636], [74.254106, 31.4345027], [74.2539013, 31.4342679], [74.2552303, 31.4330936], [74.255653, 31.4326846], [74.2539908, 31.431336], [74.2525751, 31.4301054], [74.2507131, 31.4280668], [74.2509284, 31.4279266], [74.2510886, 31.4278791], [74.2522581, 31.4277097], [74.2526883, 31.4271271], [74.2575085, 31.4250013], [74.2577758, 31.4248838]]]}}, {"type": "Feature", "properties": {"type": "way", "id": 900668283, "tags": {"landuse": "residential", "name": "Tariq Garden"}, "nodes": [8366666884, 8366666885, 8366666886, 8366666887, 8366666888, 8366666889, 8366666890, 8366666891, 8366666892, 8366658542, 8366658541, 8366666893, 8366666894, 8366666895, 8366666896, 8366666897, 8366666898, 8366666899, 8366666900, 8366666901, 8366666902, 8366666903, 8366666904, 8366666905, 8366666906, 8366666884]}, "geometry": {"type": "Polygon", "coordinates": [[[74.2498782, 31.4176519], [74.250464, 31.4159676], [74.2505897, 31.4158652], [74.2507767, 31.4157472], [74.2511019, 31.415598], [74.2516751, 31.4153447], [74.2522402, 31.4151053], [74.252446, 31.4148758], [74.2576941, 31.4147169], [74.2579795, 31.4191308], [74.2577758, 31.4248838], [74.2575085, 31.4250013], [74.2568566, 31.424593], [74.256058, 31.4242024], [74.2553015, 31.4238677], [74.2539098, 31.4233696], [74.2524414, 31.4229568], [74.2515261, 31.4226499], [74.2504615, 31.4222493], [74.250332, 31.4222156], [74.2502416, 31.420789], [74.2502567, 31.4205371], [74.2489714, 31.4205867], [74.2492303, 31.4197125], [74.2496868, 31.418299], [74.2498782, 31.4176519]]]}}, {"type": "Feature", "properties": {"type": "way", "id": 904372927, "tags": {"landuse": "residential", "name": "\u067e\u0648\u0644\u06cc\u0633 \u0644\u0627\u0626\u0646\u0632", "name:en": "Police Lines", "name:ur": "\u067e\u0648\u0644\u06cc\u0633 \u0644\u0627\u0626\u0646\u0632", "residential": "apartments"}, "nodes": [8398960844, 5844869406, 8398960845, 8398960846, 8398960847, 8398960848, 9886467890, 8398960849, 5753307132, 5753307131, 5753307130, 8398960850, 8398960851, 8398960852, 8398960853, 6530586920, 272428166, 8398960854, 5844869392, 5793506766, 5844869391, 305150342, 5793503322, 4170409268, 8398960844]}, "geometry": {"type": "Polygon", "coordinates": [[[74.3320448, 31.5684025], [74.3312365, 31.567012], [74.3318212, 31.5668122], [74.3317053, 31.5664011], [74.3315703, 31.5664225], [74.3314634, 31.566041], [74.3315803, 31.5660189], [74.331625, 31.5660105], [74.3315881, 31.5658822], [74.3327023, 31.5655633], [74.3336974, 31.5654329], [74.3337864, 31.5656242], [74.3341502, 31.5655031], [74.3344403, 31.5660634], [74.3346232, 31.5661447], [74.335463, 31.566081], [74.3344839, 31.5666235], [74.3339934, 31.5668162], [74.3342651, 31.5673451], [74.3341901, 31.5673665], [74.334431, 31.5678781], [74.3338479, 31.5679429], [74.3331022, 31.5681329], [74.3323458, 31.5683257], [74.3320448, 31.5684025]]]}}, {"type": "Feature", "properties": {"type": "way", "id": 905256560, "tags": {"addr:city": "\u0644\u0627\u06c1\u0648\u0631", "landuse": "residential", "name": "\u0642\u0631\u0628\u0627\u0646 \u0644\u0627\u0626\u0646", "name:en": "Qurban Line", "name:ur": "\u0642\u0631\u0628\u0627\u0646 \u0644\u0627\u0626\u0646", "residential": "apartments"}, "nodes": [2942839143, 8406739809, 6811585004, 8406739810, 8406739811, 8406739812, 8406739813, 8406739814, 8406739815, 8406739816, 8406781917, 8406781918, 10926533429, 10926533430, 2942839148, 2942839147, 2942839146, 2942839145, 2942839144, 2942839143]}, "geometry": {"type": "Polygon", "coordinates": [[[74.3588787, 31.5352916], [74.3590039, 31.5353883], [74.3602404, 31.5342649], [74.360292, 31.5342126], [74.3595516, 31.5335708], [74.3592691, 31.5332091], [74.359168, 31.5329843], [74.3591585, 31.5326163], [74.3590356, 31.5320391], [74.3591311, 31.5316009], [74.3596032, 31.5308286], [74.3577279, 31.5304546], [74.3576885, 31.5303495], [74.355957, 31.5310532], [74.3559678, 31.531175], [74.3563255, 31.5320344], [74.356911, 31.533268], [74.3579355, 31.5344045], [74.3588787, 31.5349867], [74.3588787, 31.5352916]]]}}, {"type": "Feature", "properties": {"type": "way", "id": 905331011, "tags": {"addr:city": "\u0644\u0627\u06c1\u0648\u0631", "landuse": "residential", "name": "\u0639\u0633\u06a9\u0631\u06cc 2", "name:en": "Askari 2", "name:ur": "\u0639\u0633\u06a9\u0631\u06cc 2", "residential": "apartments"}, "nodes": [10926533420, 10926883396, 10926883391, 10926883392, 10926883393, 1884436478, 10926533424, 10926883394, 10926533420]}, "geometry": {"type": "Polygon", "coordinates": [[[74.3615608, 31.5218966], [74.3648329, 31.5221027], [74.3633307, 31.5235974], [74.3631251, 31.5238229], [74.362995, 31.523974], [74.3616551, 31.5262721], [74.3616217, 31.5262615], [74.3616092, 31.5241155], [74.3615608, 31.5218966]]]}}, {"type": "Feature", "properties": {"type": "way", "id": 1011999555, "tags": {"addr:city": "Lahore", "addr:housenumber": "Fazlia Colony", "addr:postcode": "54590", "addr:street": "2", "description": "Flats for Family", "landuse": "residential", "name": "Fazlia Colony Flats", "operator": "Faraz", "residential": "apartments"}, "nodes": [9336622185, 9336622186, 9336622187, 9336622188, 9336622189, 9336622185]}, "geometry": {"type": "Polygon", "coordinates": [[[74.3258925, 31.5262177], [74.3259361, 31.5262177], [74.3259347, 31.5261615], [74.3258925, 31.526158], [74.3258946, 31.5262038], [74.3258925, 31.5262177]]]}}, {"type": "Feature", "properties": {"type": "way", "id": 1011999556, "tags": {"addr:city": "Lahore", "addr:street": "2", "landuse": "residential", "name": "Faraz's Flats", "residential": "apartments"}, "nodes": [9336622185, 9336622186, 9336622187, 9336622188, 9336622185]}, "geometry": {"type": "Polygon", "coordinates": [[[74.3258925, 31.5262177], [74.3259361, 31.5262177], [74.3259347, 31.5261615], [74.3258925, 31.526158], [74.3258925, 31.5262177]]]}}, {"type": "Feature", "properties": {"type": "way", "id": 1012013423, "tags": {"landuse": "residential", "name": "Housing Society"}, "nodes": [8037922473, 9336750332, 9336750333, 9336750334, 8037922473]}, "geometry": {"type": "Polygon", "coordinates": [[[74.4841209, 31.575813], [74.4857352, 31.5760503], [74.4857924, 31.5750766], [74.4844209, 31.5747966], [74.4841209, 31.575813]]]}}, {"type": "Feature", "properties": {"type": "way", "id": 1035963935, "tags": {"landuse": "residential", "name": "Canal City"}, "nodes": [8366594451, 9544784664, 8366594449, 8366594448, 8366594447, 8366594446, 8366594445, 8366594444, 8366594443, 9544784665, 8366594442, 8366594441, 9544784666, 8366594439, 8366594438, 8366594437, 9544784667, 9544784668, 9544784669, 9544784670, 9544784671, 9544784672, 9544784673, 9544784674, 9544784675, 8366594451]}, "geometry": {"type": "Polygon", "coordinates": [[[74.2030413, 31.4449395], [74.2029611, 31.4430191], [74.2016924, 31.4430056], [74.201654, 31.4412154], [74.2020484, 31.4412049], [74.202036, 31.4406371], [74.2016786, 31.4406266], [74.201654, 31.4401429], [74.2024181, 31.4400904], [74.2024043, 31.4397284], [74.2023459, 31.4382024], [74.2037085, 31.4382114], [74.2037397, 31.4378064], [74.2052198, 31.4377796], [74.2051667, 31.4367892], [74.2085799, 31.4368491], [74.208884, 31.4368848], [74.207712, 31.4415541], [74.2072582, 31.4413154], [74.2071467, 31.4414551], [74.2070456, 31.4418296], [74.2052339, 31.4418623], [74.2044965, 31.4418901], [74.2044565, 31.4430917], [74.2031579, 31.4430491], [74.2030413, 31.4449395]]]}}, {"type": "Feature", "properties": {"type": "way", "id": 1085728429, "tags": {"landuse": "residential", "name": "DHA Phase 6 - Sector G"}, "nodes": [10790504652, 3005701558, 10790504650, 10790579519, 4134177090, 2506739903, 2400283587, 2400283612, 2400283589, 5226907292, 2400015509, 5226907295, 2400283591, 3128722420, 3128722428, 3128722436, 10790921291, 9606230894, 3005701582, 2400015546, 9606230899, 9606230874, 7570689049, 3128722419, 3128722412, 10790504649, 10790504652]}, "geometry": {"type": "Polygon", "coordinates": [[[74.4507471, 31.4714128], [74.4510115, 31.4711681], [74.4519478, 31.4702524], [74.4529431, 31.4692962], [74.4546829, 31.4676923], [74.4560653, 31.4662435], [74.4579744, 31.4700333], [74.4580197, 31.4701544], [74.4582745, 31.4708161], [74.4584328, 31.4713893], [74.4584813, 31.4716288], [74.4585674, 31.4719631], [74.4586792, 31.4725521], [74.45879, 31.4734113], [74.4588725, 31.4742827], [74.4589506, 31.4751543], [74.4589811, 31.476052], [74.4590499, 31.4766301], [74.4593166, 31.4780177], [74.4575335, 31.4767548], [74.4553448, 31.4750128], [74.4548169, 31.474701], [74.4534392, 31.4737084], [74.4527376, 31.4732634], [74.4516257, 31.4724439], [74.4507047, 31.4715784], [74.4507471, 31.4714128]]]}}, {"type": "Feature", "properties": {"type": "way", "id": 1148159878, "tags": {"landuse": "residential", "name": "Penta Square", "residential": "apartments"}, "nodes": [10671585993, 10671585992, 271841143, 3225264854, 10671585993]}, "geometry": {"type": "Polygon", "coordinates": [[[74.4148088, 31.4624126], [74.4168959, 31.4620436], [74.416437, 31.4602922], [74.4143778, 31.4606529], [74.4148088, 31.4624126]]]}}, {"type": "Feature", "properties": {"type": "way", "id": 1176251241, "tags": {"landuse": "residential", "name": "Gulzar-E-Mukhtar House", "residential": "residential_area"}, "nodes": [10928880381, 10940706310, 10928880378, 10928880382, 10928880381]}, "geometry": {"type": "Polygon", "coordinates": [[[74.2848905, 31.4604443], [74.2850006, 31.4605247], [74.2852381, 31.4602759], [74.2851458, 31.4601862], [74.2848905, 31.4604443]]]}}, {"type": "Feature", "properties": {"type": "way", "id": 1180157363, "tags": {"landuse": "residential", "name": "BAWA G"}, "nodes": [10961101996, 10961101997, 10961101998, 10961101999, 10961102000, 10961102001, 10961102002, 10961102003, 10961102004, 10961126205, 10961126206, 10961126207, 10961126208, 10961101996]}, "geometry": {"type": "Polygon", "coordinates": [[[74.2996545, 31.4521934], [74.299521, 31.4519306], [74.2994594, 31.4519481], [74.2993943, 31.4518313], [74.2993806, 31.4518138], [74.299456, 31.4517846], [74.2992882, 31.4514925], [74.2995689, 31.4513874], [74.2997127, 31.4516356], [74.2998668, 31.4515685], [74.3000208, 31.4518401], [74.2998565, 31.4518985], [74.2999592, 31.4520854], [74.2996545, 31.4521934]]]}}, {"type": "Feature", "properties": {"type": "way", "id": 1234071045, "tags": {"landuse": "residential", "name": "Lahore Press Club Housing Society", "residential": "gated"}, "nodes": [11452925528, 4190675785, 11452925530, 11452925531, 11452925532, 11452925533, 11452925534, 11452925535, 8014238419, 11452925536, 11452925537, 11452925538, 11452925539, 11452925540, 11452989115, 11456441010, 11452925541, 11456441011, 11456441017, 11452925543, 11417164387, 11452925544, 11417164388, 11452925545, 11452925527, 11452925546, 11452925547, 11452925548, 11452925549, 11452925550, 11455485654, 11455485652, 11452925551, 11452925552, 11452925525, 11452925553, 11452925554, 11452925555, 11452925556, 11508421903, 11452925557, 6133283799, 11452925559, 11452925560, 11452925561, 6133283803, 11452925562, 11452925563, 11452925564, 11452925565, 6133283684, 11452925566, 11452925567, 11452925568, 6133283675, 11452989069, 11452989070, 11452989071, 11452989072, 6133283679, 11452989073, 12284667360, 12284667359, 11452989075, 11508421902, 11508421901, 11452989077, 11452989078, 6133283654, 11452989079, 11455485644, 11452989080, 11576328987, 11576328998, 11452989081, 11516540552, 11576328983, 11452989082, 11452989083, 11452989084, 11452925518, 12360040911, 11452989085, 11452989086, 11452989087, 11452989088, 6576114234, 6576114232, 11452989089, 11452989090, 6576138279, 6576138277, 11452989091, 11452989092, 11452989093, 11452989094, 11556651352, 11452989095, 11452989096, 6576138282, 11452989097, 11452989098, 11508421900, 11452989099, 11452989100, 11452925519, 11452989101, 6576157701, 11452989102, 11452989103, 11452989104, 11452989105, 11452925497, 11452925501, 11452989107, 11452989108, 6133283832, 11452989109, 11452989110, 6133283830, 11452989111, 11452989112, 6133283825, 11452989113, 11452925528]}, "geometry": {"type": "Polygon", "coordinates": [[[74.447862, 31.5833208], [74.4487334, 31.5839388], [74.4488562, 31.5840287], [74.4494465, 31.5844541], [74.4512343, 31.5844762], [74.4512343, 31.5843904], [74.4518561, 31.5844051], [74.4518594, 31.5862103], [74.4519986, 31.5863051], [74.4522604, 31.5864836], [74.453105, 31.5860374], [74.4532052, 31.5859755], [74.4533606, 31.5857962], [74.4537713, 31.5854912], [74.453809, 31.5852607], [74.4538164, 31.5850129], [74.4538469, 31.5846273], [74.4538567, 31.5842293], [74.453912, 31.5831311], [74.453944, 31.5824954], [74.4539912, 31.5808812], [74.4546491, 31.580967], [74.4556828, 31.5811019], [74.4559361, 31.5810742], [74.4563682, 31.5810293], [74.4563977, 31.5810238], [74.4564899, 31.5808507], [74.45584, 31.5804425], [74.455897, 31.5803503], [74.45551, 31.5801801], [74.4555778, 31.5799891], [74.4557269, 31.5796157], [74.4557439, 31.5795876], [74.4553469, 31.5794859], [74.4555878, 31.5791479], [74.4556183, 31.5791035], [74.4550828, 31.5789563], [74.4545704, 31.578868], [74.4539946, 31.5788239], [74.4539474, 31.57882], [74.4536434, 31.5787895], [74.4536643, 31.5783694], [74.4536664, 31.578326], [74.4526387, 31.5782794], [74.4525869, 31.5777938], [74.4523495, 31.57782], [74.4521205, 31.5778453], [74.4521474, 31.578214], [74.4516502, 31.5781943], [74.4511561, 31.5781445], [74.4507601, 31.5777576], [74.450589, 31.5775608], [74.4501427, 31.5778649], [74.4497541, 31.5780685], [74.4496792, 31.5779034], [74.4496319, 31.577729], [74.449437, 31.5777585], [74.4492686, 31.5773161], [74.449151, 31.5770656], [74.4488332, 31.5771063], [74.4485421, 31.577139], [74.4485005, 31.5768053], [74.4485179, 31.5764671], [74.4482147, 31.5763893], [74.4480507, 31.5763975], [74.4479285, 31.5763952], [74.4476922, 31.5763581], [74.447757, 31.5767161], [74.4474772, 31.5767302], [74.4474092, 31.5767429], [74.4474184, 31.5768102], [74.447364, 31.5768232], [74.4473672, 31.5768424], [74.4474162, 31.5771166], [74.4474334, 31.5772341], [74.447482, 31.5776322], [74.4475205, 31.5778898], [74.4475424, 31.5780358], [74.4475575, 31.5780956], [74.447184, 31.5780967], [74.4472014, 31.5784072], [74.4472307, 31.5788552], [74.4475901, 31.5788115], [74.4476176, 31.5790868], [74.4475609, 31.5791068], [74.4475846, 31.579315], [74.4468662, 31.5793774], [74.4464368, 31.5794147], [74.4457972, 31.5794702], [74.4452021, 31.579534], [74.4452035, 31.5794366], [74.4451863, 31.579117], [74.4451869, 31.5790749], [74.4451607, 31.5789783], [74.4446502, 31.578995], [74.4446327, 31.5789076], [74.4430128, 31.5789671], [74.4423528, 31.5789913], [74.4420451, 31.5790526], [74.4423685, 31.5792855], [74.4425251, 31.5793983], [74.4425055, 31.5794281], [74.4433944, 31.5800516], [74.4439149, 31.5804559], [74.4443709, 31.5807942], [74.4444298, 31.580718], [74.4445018, 31.580757], [74.4453235, 31.5808783], [74.4457759, 31.5809503], [74.4480886, 31.5813351], [74.4481218, 31.5813425], [74.4483632, 31.5814057], [74.4483587, 31.581441], [74.4483526, 31.5819149], [74.4483087, 31.5821945], [74.4484704, 31.5822068], [74.4484616, 31.5824713], [74.4484551, 31.582664], [74.4485664, 31.5826677], [74.4485541, 31.5829098], [74.448549, 31.5830115], [74.4482064, 31.5829688], [74.4480854, 31.5830718], [74.447893, 31.5832444], [74.447862, 31.5833208]]]}}, {"type": "Feature", "properties": {"type": "way", "id": 1234375130, "tags": {"landuse": "residential", "name": "Lahore Press Club Housing Scheme Block F"}, "nodes": [11456413300, 11514230165, 11456413366, 11514230164, 11456413301, 11514230163, 11514230173, 11514230171, 11456413302, 11456413349, 11456413303, 11456413304, 11456413305, 11456413341, 11456413306, 11456413319, 11456413324, 11456413307, 11456413323, 11456413322, 11456413325, 11456413321, 11456413320, 11456413308, 11456413309, 11456413310, 11456413330, 11456413311, 11456413312, 11456413313, 11456413314, 11456413315, 11456413316, 11456413317, 11456413318, 11456413300]}, "geometry": {"type": "Polygon", "coordinates": [[[74.4442028, 31.5868177], [74.4443077, 31.5868214], [74.4443897, 31.5868243], [74.4446175, 31.5868329], [74.4446703, 31.5868349], [74.445089, 31.5868472], [74.4455248, 31.5868601], [74.445924, 31.5868718], [74.4466455, 31.5868931], [74.4466934, 31.5867184], [74.4467161, 31.586631], [74.4480883, 31.5866539], [74.4490681, 31.5866691], [74.4490768, 31.5864921], [74.4491329, 31.5853486], [74.4491587, 31.5850685], [74.4491738, 31.5849532], [74.4493074, 31.5849522], [74.4493369, 31.5847113], [74.4491629, 31.5846038], [74.4491275, 31.5846398], [74.4490921, 31.5846748], [74.4489752, 31.5849475], [74.4484775, 31.5849522], [74.4470012, 31.5849122], [74.44614, 31.5848894], [74.4461299, 31.5850728], [74.4460841, 31.5859069], [74.4447978, 31.5858993], [74.4447911, 31.5860346], [74.4443549, 31.5860346], [74.4443348, 31.586006], [74.4442856, 31.5860098], [74.4442207, 31.5860765], [74.4442051, 31.5866786], [74.4442028, 31.5868177]]]}}, {"type": "Feature", "properties": {"type": "way", "id": 1239650733, "tags": {"landuse": "residential", "name": "Indigo Canal", "residential": "gated"}, "nodes": [11516540470, 11516540471, 11516540472, 11510761730, 11510761734, 11516540473, 11516540474, 11510761736, 11516540475, 11516540476, 11516540477, 11516540478, 11516540479, 11516540480, 11516540481, 11108005414, 11516540482, 11516540483, 11108005417, 11516540484, 11516540485, 11108005415, 11108005421, 11556178782, 11516540486, 12258416200, 11516540487, 11516540488, 11556529767, 11516540470]}, "geometry": {"type": "Polygon", "coordinates": [[[74.4675634, 31.5818092], [74.4679761, 31.5818079], [74.4679761, 31.5814281], [74.46818, 31.5814313], [74.4685705, 31.5814374], [74.4687198, 31.5814398], [74.4689632, 31.582085], [74.4692588, 31.5818797], [74.4692842, 31.581862], [74.4695498, 31.5818659], [74.4695618, 31.581554], [74.4697569, 31.581554], [74.4697434, 31.581871], [74.4698994, 31.5818787], [74.4699114, 31.5815016], [74.4699524, 31.5815035], [74.4700765, 31.5815092], [74.470084, 31.5813827], [74.470321, 31.5813845], [74.4705702, 31.5813865], [74.4705717, 31.5816345], [74.470688, 31.5816358], [74.4710042, 31.5816394], [74.471189, 31.5816415], [74.4713595, 31.5816434], [74.4713872, 31.5811473], [74.4713805, 31.5811066], [74.467335, 31.5803153], [74.467365, 31.5803819], [74.4675634, 31.5818092]]]}}, {"type": "Feature", "properties": {"type": "way", "id": 1243371430, "tags": {"landuse": "residential", "name": "Hajveri Housing Society", "residential": "gated"}, "nodes": [11555901861, 11569024319, 11555901862, 11569024321, 11555901863, 11555901864, 6383792834, 11555901865, 11555901866, 11555901867, 11555901868, 11555947769, 11555947770, 6383792821, 11555947771, 11555947772, 11555947773, 11555947774, 11555947775, 11555947776, 12360129406, 11555947790, 12284667354, 11555947778, 11555901853, 11555901854, 11555901855, 11555901856, 11555901857, 11555901859, 11555901860, 11555947779, 6383792845, 6383792840, 6677790928, 6677790929, 6383792851, 11555947780, 11555947781, 11555947782, 6383792854, 6383792858, 6383792814, 11555947787, 11555947788, 11555947783, 11555947784, 11542882213, 11542882189, 11555947785, 11555947786, 11555901861]}, "geometry": {"type": "Polygon", "coordinates": [[[74.4479856, 31.57545], [74.4479986, 31.5747692], [74.4480023, 31.5745735], [74.4482052, 31.574562], [74.4482397, 31.5745601], [74.4483424, 31.5737789], [74.4482147, 31.5737791], [74.4480339, 31.5737779], [74.4480128, 31.5734857], [74.4477279, 31.5734677], [74.4477279, 31.5733599], [74.4476593, 31.5732969], [74.4474535, 31.5732655], [74.4474709, 31.5731119], [74.44748, 31.5730542], [74.4472116, 31.5730364], [74.4472317, 31.5728162], [74.4465181, 31.5727306], [74.4465522, 31.5716542], [74.4461349, 31.5716635], [74.4461474, 31.5713927], [74.4461583, 31.5709667], [74.4461583, 31.5708248], [74.4461583, 31.5706636], [74.4465901, 31.5707227], [74.4469218, 31.5707733], [74.4472784, 31.5708277], [74.4476083, 31.570878], [74.448053, 31.5709459], [74.4485497, 31.5710216], [74.4491782, 31.5711144], [74.4497762, 31.5712087], [74.4500273, 31.5712441], [74.450524, 31.5713141], [74.4510002, 31.5713812], [74.4512084, 31.5714105], [74.4514541, 31.5714452], [74.4516078, 31.5714668], [74.4512982, 31.5738082], [74.4511764, 31.5744692], [74.4510444, 31.5744521], [74.450693, 31.5744066], [74.4501684, 31.5743386], [74.4496265, 31.5742683], [74.449423, 31.5757093], [74.4486094, 31.5755612], [74.4485893, 31.5755294], [74.4485683, 31.5755221], [74.4485142, 31.5755128], [74.4484548, 31.5755062], [74.4484349, 31.5755309], [74.4479856, 31.57545]]]}}, {"type": "Feature", "properties": {"type": "way", "id": 1243371434, "tags": {"landuse": "residential", "name": "Nazir Garden", "residential": "gated"}, "nodes": [11555947788, 11555947799, 11555947804, 11555947802, 11555947808, 11555947807, 6383792804, 11542882212, 11555947806, 11555947805, 11555947782, 11555947787, 11555947788]}, "geometry": {"type": "Polygon", "coordinates": [[[74.449423, 31.5757093], [74.4509194, 31.5760037], [74.4510713, 31.5754007], [74.4511231, 31.5751483], [74.4511445, 31.5750096], [74.4509443, 31.5749854], [74.4509631, 31.5748949], [74.4510187, 31.5746275], [74.4510341, 31.5745537], [74.4511531, 31.5745713], [74.4511764, 31.5744692], [74.4496265, 31.5742683], [74.449423, 31.5757093]]]}}, {"type": "Feature", "properties": {"type": "way", "id": 1243375793, "tags": {"landuse": "residential", "name": "Al-Rehman Garden Phase-7"}, "nodes": [11555968048, 11555968049, 11510768806, 11555968051, 5478447118, 11555968052, 11555968053, 11555968054, 11555968055, 11555968056, 11555968057, 11555968058, 11555968059, 6779301826, 11510768816, 11555968060, 11555968061, 11555968062, 11555968063, 11555968064, 11555968065, 11555968066, 11555968067, 11555968068, 11555990069, 11555990070, 11555990071, 11555990072, 11555990073, 11555990074, 11555990075, 11555990076, 11555990077, 11555990078, 11555968048]}, "geometry": {"type": "Polygon", "coordinates": [[[74.4758685, 31.5810223], [74.4755889, 31.5809712], [74.4752863, 31.5806611], [74.4743481, 31.5795225], [74.4737435, 31.5787242], [74.473661, 31.5786153], [74.4758262, 31.5783247], [74.4775465, 31.5779162], [74.4783495, 31.5777562], [74.4793036, 31.577415], [74.4802592, 31.5773164], [74.4804382, 31.5784702], [74.4805411, 31.5790998], [74.4810723, 31.5798815], [74.4810909, 31.5799089], [74.4812667, 31.5801676], [74.481242, 31.5803427], [74.4808344, 31.5803524], [74.4808222, 31.5810946], [74.480058, 31.5810714], [74.4797373, 31.5810133], [74.4796099, 31.5817879], [74.4792324, 31.5817181], [74.4793711, 31.5808695], [74.4784963, 31.5808614], [74.4772386, 31.5808498], [74.4772408, 31.5807239], [74.4770063, 31.5807074], [74.4770043, 31.580501], [74.4762051, 31.5804972], [74.4761642, 31.5810319], [74.4760141, 31.5810145], [74.4759936, 31.5809719], [74.4758753, 31.5809641], [74.4758685, 31.5810223]]]}}, {"type": "Feature", "properties": {"type": "way", "id": 1243397611, "tags": {"landuse": "residential", "name": "Al-Hafeez Garden Phase-5", "residential": "gated"}, "nodes": [11556178782, 11556178783, 11556178784, 11556178785, 11556178786, 11576328974, 5578909524, 11576328975, 11556178787, 11556178788, 11556178789, 11556178790, 5578909522, 11556178791, 11576328976, 5578909320, 5578909311, 11556178793, 11556178794, 5578909309, 11556178795, 11556178796, 11556178797, 5578909307, 5578909305, 11556178798, 11556178799, 11556178800, 11556178801, 11556178802, 11510761759, 11177281933, 11556178803, 11556178804, 11510768777, 11510768779, 11556178806, 11556178807, 11556178808, 11556178809, 11556178810, 11556178811, 11556178812, 11556178813, 11556178814, 11556178815, 11556178816, 11105038138, 11105038134, 11556178817, 11556178818, 11556178819, 11556178820, 11556178821, 11556178822, 11556178823, 11556178824, 11556178825, 11556178826, 11516540470, 11516540471, 11516540472, 11516540473, 11516540474, 11516540475, 11516540476, 11516540477, 11516540478, 11516540479, 11516540480, 11516540481, 11516540482, 11516540483, 11516540484, 11516540485, 11556178782]}, "geometry": {"type": "Polygon", "coordinates": [[[74.471189, 31.5816415], [74.4711869, 31.5817765], [74.4717593, 31.5817906], [74.4717633, 31.5819001], [74.471908, 31.581901], [74.4719079, 31.5820588], [74.4719079, 31.5820862], [74.4719077, 31.5821438], [74.4719076, 31.5823933], [74.4718122, 31.5824017], [74.4717844, 31.5828829], [74.4718416, 31.5828968], [74.4718339, 31.5831258], [74.4718248, 31.5833475], [74.4718193, 31.5835408], [74.4718111, 31.5837799], [74.471788, 31.5851643], [74.4717828, 31.5853702], [74.4714386, 31.5853664], [74.4714412, 31.58553], [74.4714455, 31.5858064], [74.4714463, 31.5858482], [74.4711221, 31.5858423], [74.4711229, 31.5859454], [74.4711248, 31.5861896], [74.4711256, 31.5862941], [74.4704531, 31.5862847], [74.4704546, 31.586376], [74.4698456, 31.5863644], [74.4698386, 31.5868354], [74.4698385, 31.5873741], [74.4698384, 31.5876551], [74.4698384, 31.5878283], [74.4688299, 31.5878402], [74.4685338, 31.5878421], [74.4685298, 31.5875505], [74.468529, 31.5873368], [74.4681345, 31.5870325], [74.4680496, 31.5869277], [74.4680305, 31.5868583], [74.4680496, 31.5867889], [74.4681969, 31.5864877], [74.4682212, 31.5864393], [74.4682194, 31.5863699], [74.4683234, 31.5863743], [74.4683113, 31.585986], [74.4682801, 31.5854294], [74.4685609, 31.5854285], [74.4689308, 31.5854273], [74.4691935, 31.5854265], [74.4692091, 31.5848465], [74.468209, 31.5848214], [74.4681848, 31.5845379], [74.4678988, 31.5833971], [74.4676873, 31.5824779], [74.4676596, 31.5822786], [74.4677428, 31.5822343], [74.4677393, 31.582066], [74.4676111, 31.5820455], [74.4675634, 31.5818092], [74.4679761, 31.5818079], [74.4679761, 31.5814281], [74.4687198, 31.5814398], [74.4689632, 31.582085], [74.4692842, 31.581862], [74.4695498, 31.5818659], [74.4695618, 31.581554], [74.4697569, 31.581554], [74.4697434, 31.581871], [74.4698994, 31.5818787], [74.4699114, 31.5815016], [74.4700765, 31.5815092], [74.470084, 31.5813827], [74.4705702, 31.5813865], [74.4705717, 31.5816345], [74.471189, 31.5816415]]]}}, {"type": "Feature", "properties": {"type": "way", "id": 1243455694, "tags": {"landuse": "residential", "name": "Nawabpura", "residential": "rural"}, "nodes": [11452989077, 11556651355, 11556651348, 11556651353, 11556651349, 11556651350, 11556651351, 11556651352, 11452989094, 11452989093, 11452989092, 11452989091, 11452989090, 11452989089, 11452989088, 11452989087, 11452989086, 11452989085, 6133283668, 11452989084, 11452989083, 11452989082, 11576328983, 11516540552, 11452989081, 11576328998, 11576328987, 11452989080, 11455485644, 11452989079, 11452989078, 11452989077]}, "geometry": {"type": "Polygon", "coordinates": [[[74.4476922, 31.5763581], [74.442767, 31.5752649], [74.4424175, 31.5752123], [74.4424042, 31.5755728], [74.4424207, 31.5768987], [74.4425784, 31.5782048], [74.442889, 31.5781754], [74.4430128, 31.5789671], [74.4446327, 31.5789076], [74.4446502, 31.578995], [74.4451607, 31.5789783], [74.4451869, 31.5790749], [74.4452021, 31.579534], [74.4457972, 31.5794702], [74.4475846, 31.579315], [74.4475609, 31.5791068], [74.4476176, 31.5790868], [74.4475901, 31.5788115], [74.4472307, 31.5788552], [74.447184, 31.5780967], [74.4475575, 31.5780956], [74.4475424, 31.5780358], [74.4475205, 31.5778898], [74.447482, 31.5776322], [74.4474334, 31.5772341], [74.4474162, 31.5771166], [74.4473672, 31.5768424], [74.447364, 31.5768232], [74.4474184, 31.5768102], [74.4474092, 31.5767429], [74.447757, 31.5767161], [74.4476922, 31.5763581]]]}}, {"type": "Feature", "properties": {"type": "way", "id": 1244563224, "tags": {"landuse": "residential", "name": "Al-Kareem Garden", "residential": "gated"}, "nodes": [11569024379, 11514230149, 11569024380, 6581132597, 11569024381, 11569024382, 11569024399, 11569024398, 11514230184, 11569024397, 11569024383, 6581132640, 11569024384, 11569024385, 11569024386, 11569024387, 11539937736, 11569024388, 11569024389, 6581132622, 6581132616, 11569024390, 11569024391, 11569024392, 11569024393, 11569024394, 11569024395, 11569024396, 11569024379]}, "geometry": {"type": "Polygon", "coordinates": [[[74.4525092, 31.5870404], [74.453839, 31.5880013], [74.4540528, 31.5881558], [74.4548344, 31.5887448], [74.4550942, 31.5889406], [74.4550788, 31.5889826], [74.4519584, 31.5897339], [74.451957, 31.5896509], [74.4519091, 31.5896536], [74.4518169, 31.589659], [74.4512129, 31.5896239], [74.4511578, 31.5894713], [74.4511436, 31.5894322], [74.4507781, 31.5894149], [74.4507896, 31.5889764], [74.4505163, 31.5889805], [74.450519, 31.5887792], [74.4505299, 31.5879561], [74.450232, 31.5879478], [74.4502353, 31.5878327], [74.4502427, 31.5875778], [74.4502464, 31.5874497], [74.4515355, 31.5874862], [74.4515339, 31.5875804], [74.4519619, 31.5875926], [74.4519586, 31.5879848], [74.4522687, 31.5879829], [74.4522893, 31.5870368], [74.4525092, 31.5870404]]]}}, {"type": "Feature", "properties": {"type": "way", "id": 1244563227, "tags": {"landuse": "residential", "name": "Fihries Department"}, "nodes": [11569024407, 11569024408, 11569024409, 11569024410, 11569024411, 11569024412, 11569024413, 11569024516, 11569024414, 11569024515, 11569024513, 11569024514, 11569024512, 11569024415, 11569024517, 11569024416, 11569024417, 11569024418, 11569024419, 11569024420, 11569024421, 11569024422, 11569024423, 11569024424, 11569024425, 11569024426, 11569024407]}, "geometry": {"type": "Polygon", "coordinates": [[[74.4659622, 31.5872729], [74.4675513, 31.5872759], [74.4665639, 31.5882196], [74.4674452, 31.5887291], [74.4664188, 31.5896003], [74.4629504, 31.5892295], [74.4607985, 31.5889552], [74.4605758, 31.5889197], [74.4603101, 31.5888888], [74.4581466, 31.5886894], [74.4580537, 31.5880787], [74.4592094, 31.5880975], [74.4594987, 31.5884476], [74.4602683, 31.5882483], [74.4606223, 31.5881796], [74.4607035, 31.5881638], [74.460641, 31.5879443], [74.4604854, 31.5872986], [74.4607149, 31.5872593], [74.4608952, 31.5872462], [74.4614497, 31.5872383], [74.461398, 31.5883846], [74.4632031, 31.588137], [74.4641056, 31.5880867], [74.4655163, 31.5878755], [74.4659051, 31.587864], [74.4659622, 31.5872729]]]}}, {"type": "Feature", "properties": {"type": "way", "id": 1245233162, "tags": {"landuse": "residential", "name": "Al-Hafeez Garden Phase-1"}, "nodes": [11576318356, 11576318357, 11576318358, 11576318359, 11576318360, 11576318361, 11576318362, 11576318363, 11576318364, 11576318365, 11576318366, 11576318367, 11576318368, 11576318354, 11576328869, 11576328870, 11576328871, 11576328872, 11576328873, 11510768776, 11510768777, 11556178804, 11556178803, 11576328977, 11576328978, 11576328874, 11576328875, 11576328876, 11576328877, 11576328878, 11576328879, 11690601462, 11576328880, 11576328881, 11576328882, 11576328883, 11576318356]}, "geometry": {"type": "Polygon", "coordinates": [[[74.4676927, 31.5932529], [74.467713, 31.5928027], [74.4658523, 31.5926194], [74.4658308, 31.5927107], [74.4654446, 31.5926628], [74.465694, 31.5911526], [74.4659891, 31.5911137], [74.4656484, 31.5906796], [74.465981, 31.5904671], [74.4658845, 31.5902798], [74.4660132, 31.5901884], [74.4661178, 31.5898868], [74.4661554, 31.5898914], [74.4661593, 31.589744], [74.4661634, 31.5896926], [74.4667562, 31.5896972], [74.4676788, 31.5895373], [74.4679524, 31.5894299], [74.4685398, 31.5890552], [74.4685353, 31.5881405], [74.4685338, 31.5878421], [74.4688299, 31.5878402], [74.4698384, 31.5878283], [74.4699792, 31.5878241], [74.4700142, 31.5878231], [74.4700151, 31.5879082], [74.4696435, 31.5881287], [74.4697429, 31.5887745], [74.4708801, 31.5887995], [74.4708548, 31.5901462], [74.470423, 31.5902306], [74.4699356, 31.5904388], [74.469202, 31.5907521], [74.4696231, 31.5929378], [74.468388, 31.5928413], [74.4683066, 31.5933176], [74.4676927, 31.5932529]]]}}, {"type": "Feature", "properties": {"type": "way", "id": 1245233165, "tags": {"landuse": "residential", "name": "Al-Hafeez Garden Phase-2"}, "nodes": [11576328911, 11576328912, 11576328913, 11576328914, 11576328915, 11576328916, 11576328917, 11576328918, 11576328919, 11576328920, 11576328921, 11576328922, 11576328923, 11576328924, 11576328925, 11576328926, 11576328927, 11576328963, 11576328928, 11576328929, 11576328930, 11576328931, 11576328932, 11576328933, 11040214547, 11576328934, 11576328935, 11576328936, 11576328937, 11576328938, 11576328939, 11040214537, 11040214536, 11576328940, 11576328941, 11576328942, 11576328943, 11040214554, 11576328944, 11576328945, 11576328946, 11576328947, 11576328949, 11576328950, 11576328951, 11576328962, 11576328952, 11576328953, 11576328954, 11576328955, 11576328956, 11576328957, 11040189913, 11040189923, 11576328958, 11576328959, 11576328960, 11576328961, 11576328911]}, "geometry": {"type": "Polygon", "coordinates": [[[74.4918621, 31.5852411], [74.4917763, 31.5872426], [74.4893462, 31.587238], [74.4893623, 31.5873706], [74.4886489, 31.5874802], [74.4886649, 31.5876767], [74.4886703, 31.5880423], [74.4885416, 31.5883713], [74.4875277, 31.588385], [74.4875223, 31.5885495], [74.4865245, 31.5885632], [74.4865138, 31.5888831], [74.486825, 31.5888877], [74.4868196, 31.5890567], [74.4873453, 31.5890522], [74.4873507, 31.5895046], [74.486841, 31.5895091], [74.4868547, 31.5903762], [74.4868642, 31.5905176], [74.486605, 31.5905236], [74.4865782, 31.5910262], [74.4864763, 31.5910308], [74.4864709, 31.5915243], [74.4859184, 31.5915243], [74.4859263, 31.591685], [74.4859345, 31.5918487], [74.4866104, 31.5918121], [74.4874419, 31.5916979], [74.4879193, 31.5916476], [74.48793, 31.5915563], [74.4884236, 31.5915425], [74.4884079, 31.591403], [74.4883796, 31.5911499], [74.4883699, 31.5910628], [74.4886274, 31.5909485], [74.4887132, 31.5909942], [74.4888795, 31.5914466], [74.4893475, 31.5914997], [74.4894428, 31.5915106], [74.4894642, 31.5905053], [74.4906605, 31.5881245], [74.4929512, 31.5881931], [74.492935, 31.5886729], [74.4943244, 31.588714], [74.4942708, 31.5902037], [74.4944973, 31.5902057], [74.4968135, 31.5902265], [74.496835, 31.589733], [74.4977952, 31.5897742], [74.4980259, 31.5892761], [74.4981439, 31.588874], [74.4980688, 31.5880423], [74.4978515, 31.5880407], [74.4974921, 31.5880381], [74.4974411, 31.5880377], [74.4974197, 31.5882525], [74.4942761, 31.588184], [74.4943673, 31.5857118], [74.4918621, 31.5852411]]]}}, {"type": "Feature", "properties": {"type": "way", "id": 1245233171, "tags": {"landuse": "residential", "name": "Rizwan Garden"}, "nodes": [11556178803, 11576328977, 11576328978, 11576328964, 11576328965, 11576328966, 11576328967, 11576328968, 11576328969, 11576328970, 11576328971, 11576328972, 11556178786, 11576328974, 5578909524, 11576328975, 11556178787, 11556178788, 11556178789, 11556178790, 5578909522, 11556178791, 11576328976, 5578909320, 5578909311, 11556178793, 11556178794, 5578909309, 11556178795, 11556178796, 11556178797, 5578909307, 5578909305, 11556178798, 11556178799, 11556178800, 7164402138, 11576328973, 11556178802, 11510761759, 11177281933, 11556178803]}, "geometry": {"type": "Polygon", "coordinates": [[[74.4698384, 31.5878283], [74.4699792, 31.5878241], [74.4700142, 31.5878231], [74.4700678, 31.5878215], [74.4701653, 31.5879202], [74.472503, 31.5864224], [74.475615, 31.5844422], [74.4757085, 31.5832058], [74.4750905, 31.5831989], [74.4751474, 31.5817374], [74.4724561, 31.5812941], [74.4724317, 31.5818897], [74.471908, 31.581901], [74.4719079, 31.5820588], [74.4719079, 31.5820862], [74.4719077, 31.5821438], [74.4719076, 31.5823933], [74.4718122, 31.5824017], [74.4717844, 31.5828829], [74.4718416, 31.5828968], [74.4718339, 31.5831258], [74.4718248, 31.5833475], [74.4718193, 31.5835408], [74.4718111, 31.5837799], [74.471788, 31.5851643], [74.4717828, 31.5853702], [74.4714386, 31.5853664], [74.4714412, 31.58553], [74.4714455, 31.5858064], [74.4714463, 31.5858482], [74.4711221, 31.5858423], [74.4711229, 31.5859454], [74.4711248, 31.5861896], [74.4711256, 31.5862941], [74.4704531, 31.5862847], [74.4704546, 31.586376], [74.4704558, 31.5865638], [74.4704572, 31.5868404], [74.4698386, 31.5868354], [74.4698385, 31.5873741], [74.4698384, 31.5876551], [74.4698384, 31.5878283]]]}}, {"type": "Feature", "properties": {"type": "way", "id": 1245518611, "tags": {"landuse": "residential", "name": "Punjab Govt Servants Housing Society"}, "nodes": [11578914350, 11578914351, 11578914352, 11578914353, 11578914354, 11578914355, 11578914356, 11578914357, 11578914358, 11578914359, 11578914360, 11578914361, 11578914362, 11578914363, 11578914364, 11578914365, 11578914366, 11578914367, 11578914368, 11578914369, 11578914370, 11578914371, 11578914372, 11578914373, 11578914374, 11578914375, 11578914376, 11578914377, 11578914378, 3208483236, 3208483249, 11578914379, 11578914380, 11578914381, 11578914382, 11578914383, 11578914384, 11578914385, 11578914386, 11578914387, 11578914388, 11578914389, 11578914390, 11578914391, 11578914392, 11578914393, 11578914394, 11578914350]}, "geometry": {"type": "Polygon", "coordinates": [[[74.1607561, 31.4062663], [74.1607243, 31.4051033], [74.1603597, 31.4050912], [74.1603668, 31.4039645], [74.1604305, 31.4039615], [74.1604234, 31.4038467], [74.1607561, 31.4038467], [74.1607774, 31.4032516], [74.1614675, 31.4032546], [74.1614604, 31.4035537], [74.1621753, 31.4035597], [74.1622249, 31.4021128], [74.1622284, 31.4020191], [74.1650102, 31.4020342], [74.1650456, 31.4014361], [74.1664224, 31.4014663], [74.1664675, 31.4009814], [74.1664736, 31.4008999], [74.1687012, 31.4009367], [74.1688276, 31.403293], [74.1683161, 31.4033009], [74.1683161, 31.4028801], [74.1666493, 31.4028775], [74.1666462, 31.4034087], [74.1666893, 31.4035034], [74.1667879, 31.4035796], [74.1668588, 31.4035928], [74.1676352, 31.4036138], [74.1676013, 31.404408], [74.168291, 31.4044259], [74.168811, 31.4044395], [74.1691172, 31.4044474], [74.1691696, 31.4058149], [74.1680758, 31.4061673], [74.1676876, 31.4062961], [74.1671823, 31.406354], [74.1671915, 31.4064539], [74.167244, 31.4066032], [74.16537, 31.4087135], [74.1632878, 31.4087048], [74.1633186, 31.4080764], [74.1628041, 31.4080816], [74.1628257, 31.4074926], [74.1621232, 31.4074768], [74.162077, 31.4068904], [74.1611527, 31.4068589], [74.1611866, 31.4062567], [74.1607561, 31.4062663]]]}}, {"type": "Feature", "properties": {"type": "way", "id": 1263438041, "tags": {"landuse": "residential", "name": "Shaheen Block"}, "nodes": [11738598930, 11738598931, 11738598932, 11738598933, 11738598934, 11738598935, 11738598930]}, "geometry": {"type": "Polygon", "coordinates": [[[74.1859111, 31.3872168], [74.1911818, 31.3873461], [74.1913701, 31.383538], [74.1873554, 31.3835028], [74.1873539, 31.3839822], [74.1859918, 31.383972], [74.1859111, 31.3872168]]]}}, {"type": "Feature", "properties": {"type": "way", "id": 1263448697, "tags": {"landuse": "residential", "name": "Ali Block"}, "nodes": [11738598932, 11744863406, 11744863405, 11738700519, 11738700520, 11738598935, 11738598934, 11738598933, 11738598932]}, "geometry": {"type": "Polygon", "coordinates": [[[74.1913701, 31.383538], [74.1913745, 31.3833521], [74.1923438, 31.3833719], [74.1923902, 31.382041], [74.1860523, 31.3818977], [74.1859918, 31.383972], [74.1873539, 31.3839822], [74.1873554, 31.3835028], [74.1913701, 31.383538]]]}}, {"type": "Feature", "properties": {"type": "way", "id": 1263518912, "tags": {"landuse": "residential", "name": "Usman Block"}, "nodes": [11738700519, 11739210457, 11739210458, 11744863404, 11744863403, 11739210462, 11739210459, 11739210460, 11739210461, 11738700520, 11738700519]}, "geometry": {"type": "Polygon", "coordinates": [[[74.1923902, 31.382041], [74.1923911, 31.3819366], [74.1924331, 31.3803885], [74.1912062, 31.3802982], [74.1911477, 31.3805177], [74.1899486, 31.3804412], [74.1870874, 31.3804457], [74.1870829, 31.3803502], [74.1861275, 31.3803514], [74.1860523, 31.3818977], [74.1923902, 31.382041]]]}}, {"type": "Feature", "properties": {"type": "way", "id": 1263518913, "tags": {"landuse": "residential", "name": "Gulbahar Block"}, "nodes": [11739210458, 11744878311, 11744878312, 3279514195, 3277864468, 3279514207, 11744878313, 3279530150, 11744878314, 11744878315, 11744878316, 11744878317, 11744878318, 11744878319, 11744878320, 11744878321, 11744878322, 11744878323, 11744878324, 11744878325, 11744878326, 11739210466, 3279514166, 11739210467, 11744878327, 11739210461, 11739210460, 11739210459, 11739210462, 11744863403, 11744863404, 11739210458]}, "geometry": {"type": "Polygon", "coordinates": [[[74.1924331, 31.3803885], [74.193225, 31.3804665], [74.1932406, 31.3802888], [74.1940984, 31.3802897], [74.1940523, 31.3820835], [74.1956495, 31.3821208], [74.1956901, 31.3803209], [74.1979556, 31.3803823], [74.1979618, 31.3802188], [74.1986087, 31.3802378], [74.1986378, 31.3792461], [74.1983646, 31.3792383], [74.1983659, 31.3790024], [74.1977572, 31.3789419], [74.1977406, 31.3791264], [74.1971269, 31.3789862], [74.197129, 31.3786408], [74.1967209, 31.3785961], [74.1967191, 31.3782437], [74.1969456, 31.3782624], [74.1970147, 31.3773263], [74.1957101, 31.3773482], [74.1867106, 31.3773395], [74.1864189, 31.3773863], [74.186182, 31.3776418], [74.1861275, 31.3803514], [74.1870829, 31.3803502], [74.1870874, 31.3804457], [74.1899486, 31.3804412], [74.1911477, 31.3805177], [74.1912062, 31.3802982], [74.1924331, 31.3803885]]]}}, {"type": "Feature", "properties": {"type": "way", "id": 1263797978, "tags": {"landuse": "residential", "name": "Safari Villas", "residential": "gated"}, "nodes": [11741685315, 11741685316, 11741685317, 11741685318, 11741685319, 11741685320, 11741685321, 11741685322, 11741685323, 11741685324, 11741685325, 11741685326, 11741685327, 11741685328, 11741685329, 11741685330, 11741685331, 11741685332, 11741685333, 11741685334, 11741685335, 11741685336, 11741685337, 11741685338, 11741685339, 11741685340, 11741685341, 11741685342, 11741685343, 11741685344, 11741685345, 11741685346, 11741685347, 11741685348, 11741685349, 11741685350, 11741685351, 11741685352, 11741685315]}, "geometry": {"type": "Polygon", "coordinates": [[[74.1913865, 31.3837463], [74.191295, 31.3879662], [74.1911957, 31.3881952], [74.1908846, 31.3885981], [74.1907934, 31.3888157], [74.1907771, 31.3891591], [74.1923649, 31.3892139], [74.1922874, 31.3908517], [74.192899, 31.3908728], [74.1928943, 31.3909727], [74.1935243, 31.3909945], [74.1935135, 31.3912213], [74.1942737, 31.3915257], [74.1946199, 31.3915221], [74.1946737, 31.3916138], [74.1950678, 31.3916192], [74.1950699, 31.3915051], [74.1954336, 31.3913855], [74.1954035, 31.3909667], [74.1956458, 31.390954], [74.1957273, 31.3910967], [74.1960127, 31.390892], [74.1960563, 31.3894288], [74.1960992, 31.3894297], [74.1961106, 31.389025], [74.1967296, 31.3890377], [74.1967435, 31.3885447], [74.1973733, 31.3885577], [74.1973824, 31.3882361], [74.1977054, 31.3880979], [74.1980611, 31.3881012], [74.1980676, 31.3875868], [74.1983243, 31.3875892], [74.1983388, 31.3864393], [74.1954283, 31.3864124], [74.1954246, 31.3867033], [74.1939603, 31.3866897], [74.1939977, 31.3837525], [74.1913865, 31.3837463]]]}}, {"type": "Feature", "properties": {"type": "way", "id": 1267065407, "tags": {"landuse": "residential", "name": "A Block", "residential": "house"}, "nodes": [11767430228, 11255508030, 6819706137, 2400015484, 2400015460, 11768575413, 9603371771, 11768575414, 11767430228]}, "geometry": {"type": "Polygon", "coordinates": [[[74.4312063, 31.4678506], [74.437931, 31.4698731], [74.4406899, 31.4719918], [74.4452497, 31.4676476], [74.4423362, 31.4656054], [74.4402243, 31.4639875], [74.4396801, 31.4621705], [74.4356946, 31.4632677], [74.4312063, 31.4678506]]]}}, {"type": "Feature", "properties": {"type": "way", "id": 1267594352, "tags": {"landuse": "residential", "name": "DHA Phase 5", "residential": "houses"}, "nodes": [2400071617, 643256035, 11772753034, 6804854691, 6595681723, 11772753035, 11772753036, 6595681752, 11772753037, 6801444722, 11772753038, 301779848, 11772753039, 11772753040, 11772753041, 11186837333, 11772753042, 9588787373, 6816777738, 11772753043, 6816777769, 10947667608, 11772753044, 10947987039, 11772753045, 11772753046, 11772753047, 11772753048, 11772753049, 11772753050, 6816777778, 11772753051, 5265401007, 5265401005, 11772753052, 5265400990, 11772753053, 8267018306, 5265400986, 5265400989, 11772753054, 11772753055, 3225259117, 5265400973, 5271583333, 8267018295, 6311194351, 6311194349, 8267018291, 11772753056, 8267018289, 8267018288, 11772753057, 304580111, 11772753058, 11772753059, 8267018283, 304580104, 3224273353, 8267018278, 8267018277, 304581059, 9118255727, 9118255728, 11772753060, 3225259107, 11772753061, 11772753062, 11772753063, 11772753064, 11772753065, 11772753066, 11772753067, 11772753068, 11772765869, 11772765870, 5818531301, 4929571590, 4929571595, 11772765871, 11772765872, 271289133, 271289132, 11772765873, 643258533, 271322669, 271097203, 643258218, 4632509675, 11772765874, 5279137406, 5279137407, 807693871, 11772765875, 11772765876, 11772765877, 11772765878, 768688955, 768689011, 5263270616, 11772765879, 11772765880, 304592760, 5263257870, 11772765881, 5263257866, 5012428549, 11772765882, 11772765883, 11396837890, 5012428542, 11772765884, 11772765885, 11396837907, 11772765886, 3337116297, 11772765887, 11772765888, 5263257826, 5263257846, 5263257832, 11772765889, 11772765890, 11772765891, 304592761, 3287884737, 8586849429, 8586849431, 11772765892, 11772765893, 10979262607, 10979252902, 10979252898, 10979252899, 11772765894, 10979252895, 11772765895, 5277054812, 5263698992, 11772765896, 3337116295, 3337116305, 5259827741, 5259827743, 9211106887, 9211106888, 11772765897, 11772765898, 11772765899, 2400071617]}, "geometry": {"type": "Polygon", "coordinates": [[[74.4320708, 31.4665698], [74.4282866, 31.4637491], [74.4224913, 31.4594741], [74.4235311, 31.4585134], [74.4228321, 31.4566658], [74.4239191, 31.4562592], [74.42408, 31.4569181], [74.4253291, 31.4587665], [74.4244918, 31.4595325], [74.4239394, 31.459872], [74.425748, 31.4611029], [74.4280272, 31.4604402], [74.4273952, 31.4590597], [74.4289402, 31.45884], [74.4266927, 31.4534843], [74.4236787, 31.4522084], [74.4213493, 31.4527421], [74.4214627, 31.4543623], [74.4208985, 31.4550357], [74.4197053, 31.4551533], [74.4194894, 31.4545419], [74.42038, 31.4516211], [74.4203786, 31.4509325], [74.4193504, 31.450642], [74.4180289, 31.4507403], [74.4173852, 31.4510423], [74.4167737, 31.4513443], [74.4163874, 31.4517288], [74.4159046, 31.4523328], [74.4159046, 31.453184], [74.4159556, 31.4542479], [74.4166085, 31.455455], [74.4142148, 31.4556999], [74.4140187, 31.4542576], [74.4129383, 31.4543139], [74.4132905, 31.4553033], [74.4136811, 31.4551436], [74.4137466, 31.4556938], [74.4134671, 31.4557866], [74.4134018, 31.4562105], [74.4135422, 31.4581771], [74.4131366, 31.4583458], [74.4129688, 31.4594772], [74.4125113, 31.4592993], [74.4120473, 31.4584744], [74.409618, 31.4584955], [74.4095501, 31.4582056], [74.4092175, 31.4580066], [74.408846, 31.4576556], [74.4088069, 31.4572962], [74.4080968, 31.4571672], [74.4081132, 31.4576249], [74.4070408, 31.4577361], [74.4069078, 31.4571971], [74.4067181, 31.4566049], [74.4067423, 31.4562469], [74.4062518, 31.4563021], [74.4062157, 31.4560022], [74.4052342, 31.455798], [74.4051427, 31.4554063], [74.4038374, 31.4555263], [74.4026218, 31.4578198], [74.4030608, 31.4595879], [74.4024919, 31.4596977], [74.4024133, 31.4600157], [74.4010285, 31.4600779], [74.4010345, 31.4590048], [74.4001654, 31.4584282], [74.3994895, 31.4582634], [74.3982986, 31.4578791], [74.3968824, 31.4573574], [74.3956271, 31.4571103], [74.3946615, 31.456973], [74.3936637, 31.4565337], [74.3931035, 31.4605143], [74.3929756, 31.4631766], [74.392751, 31.4659598], [74.3924993, 31.4678284], [74.3933469, 31.4682905], [74.3944802, 31.4687828], [74.3956731, 31.4692263], [74.3968873, 31.4694748], [74.3978915, 31.4697676], [74.399272, 31.4700111], [74.4003053, 31.470315], [74.40244, 31.470418], [74.4037027, 31.4704995], [74.4053267, 31.4707872], [74.4062188, 31.4709272], [74.4056918, 31.4694333], [74.4065434, 31.4689654], [74.4072823, 31.4688544], [74.4088168, 31.4687636], [74.4105506, 31.4684419], [74.4121085, 31.4680795], [74.4144426, 31.4676895], [74.4148955, 31.4685612], [74.4149342, 31.4692322], [74.4152144, 31.4701842], [74.4146208, 31.4704089], [74.4154862, 31.4712491], [74.4165162, 31.4720178], [74.4168812, 31.4725527], [74.4173075, 31.4725676], [74.4171455, 31.4721315], [74.4182771, 31.4716145], [74.418087, 31.4711462], [74.4179009, 31.470571], [74.4184474, 31.470453], [74.4183484, 31.4702495], [74.4178362, 31.4703903], [74.418608, 31.4697933], [74.4195886, 31.4695342], [74.4196936, 31.470111], [74.4204464, 31.4701851], [74.4204992, 31.4709634], [74.4201731, 31.4713075], [74.4208529, 31.473368], [74.421065, 31.4737697], [74.4197554, 31.4741449], [74.4190533, 31.4743268], [74.4187692, 31.4735002], [74.4182427, 31.4737508], [74.4178358, 31.4739394], [74.4176185, 31.4746427], [74.4186717, 31.4759797], [74.4191839, 31.4758583], [74.4202831, 31.4758324], [74.420684, 31.4764321], [74.4219906, 31.4759718], [74.4224289, 31.4756543], [74.4228539, 31.4762881], [74.4248437, 31.4755718], [74.4246536, 31.4748744], [74.4237528, 31.4753502], [74.423621, 31.474911], [74.4231863, 31.4750072], [74.4230802, 31.4746248], [74.4227386, 31.4735761], [74.4224137, 31.4726449], [74.4226152, 31.4723008], [74.423216, 31.4719485], [74.4230068, 31.4712004], [74.4237846, 31.4711867], [74.4242084, 31.4712588], [74.425182, 31.4710037], [74.4274596, 31.4703981], [74.4281355, 31.4702608], [74.4281677, 31.4704805], [74.4320708, 31.4665698]]]}}, {"type": "Feature", "properties": {"type": "way", "id": 1267596208, "tags": {"landuse": "residential", "name": "DHA Phase 3", "residential": "society"}, "nodes": [2404903233, 6386001675, 1305478193, 11772754673, 11772754674, 6386001622, 11772754675, 11772754676, 6386001672, 6386001670, 11772754677, 11772754678, 6745443802, 6745443847, 6745443843, 6745443839, 6745447390, 6745443881, 1885256487, 11772754679, 11772754680, 11772754681, 11772754682, 11772754683, 11772754684, 11772754685, 4075967095, 11772754686, 4076034781, 4076037378, 4076038991, 4076041560, 4075967104, 11772754687, 11772754688, 11772754689, 11772754690, 273474566, 9410705667, 11772754691, 270917518, 11772754692, 4804496537, 11772754693, 4804415388, 4804415389, 11772754694, 11772754695, 11772754696, 11772754697, 11772754698, 12236160284, 11772754700, 11772754701, 11772754702, 11772754703, 11772754704, 11772754705, 11772754706, 11772754707, 11772754708, 11772754709, 11772754710, 11772754711, 11772754712, 3287884702, 11772754713, 11772754714, 11772754715, 2404903233]}, "geometry": {"type": "Polygon", "coordinates": [[[74.367312, 31.4634063], [74.3663204, 31.4634743], [74.364803, 31.463544], [74.3646755, 31.4639357], [74.3640725, 31.463893], [74.3635586, 31.4639573], [74.3628742, 31.4641169], [74.3629782, 31.4646068], [74.3621635, 31.4648268], [74.3612623, 31.4655703], [74.3604033, 31.4659795], [74.3606608, 31.4670776], [74.3595059, 31.4674456], [74.3587173, 31.4680074], [74.3585417, 31.4688175], [74.3578706, 31.4688997], [74.3577134, 31.4693831], [74.357762, 31.4705419], [74.3574887, 31.4716192], [74.3563156, 31.4730347], [74.3562834, 31.4740779], [74.3567018, 31.4749014], [74.355993, 31.4753859], [74.3565588, 31.476124], [74.3571138, 31.4767171], [74.3574973, 31.4769612], [74.3575191, 31.4764959], [74.3575411, 31.474953], [74.3573851, 31.4739193], [74.3573125, 31.4733963], [74.357429, 31.4729811], [74.357446, 31.4725799], [74.3580211, 31.4725445], [74.3580366, 31.4719099], [74.3582468, 31.471706], [74.3597921, 31.4717042], [74.3635238, 31.4717141], [74.3676798, 31.4716539], [74.3682587, 31.4718287], [74.3684177, 31.4747093], [74.3683401, 31.4755876], [74.3680959, 31.4786896], [74.3705162, 31.4796782], [74.3712823, 31.4797876], [74.3720445, 31.4797356], [74.3726552, 31.4803027], [74.3744148, 31.4807486], [74.375831, 31.4800532], [74.3774189, 31.4821027], [74.3781055, 31.4827981], [74.3791784, 31.4845914], [74.3816858, 31.483485], [74.3826771, 31.4816511], [74.3830363, 31.4807964], [74.3833412, 31.4805656], [74.383938, 31.4812106], [74.3844141, 31.47998], [74.3856194, 31.4794188], [74.387485, 31.4776945], [74.3850578, 31.4770154], [74.3838991, 31.475954], [74.3835129, 31.4750024], [74.3851901, 31.4746862], [74.385959, 31.474856], [74.38654, 31.4737075], [74.3868492, 31.4724929], [74.3881906, 31.472001], [74.3885362, 31.4703869], [74.3878583, 31.4702013], [74.367312, 31.4634063]]]}}, {"type": "Feature", "properties": {"type": "way", "id": 1268210219, "tags": {"landuse": "residential", "name": "DHA Phase 9 Town", "residential": "single_family"}, "nodes": [86105636, 6855205254, 6567162650, 6567162621, 6567162623, 6567162625, 11778792741, 9569038713, 6567162642, 9569038710, 11778792742, 9569038696, 11778792743, 6567071889, 6567071797, 9569038686, 6567071830, 11778792744, 11778792745, 6567071994, 11778792746, 9569037598, 11778792747, 9569037584, 9569037561, 11778792748, 11778792749, 11778792750, 301778818, 11778792752, 11778792753, 9881399332, 6582763834, 11778792754, 11778792755, 9587808914, 6582708932, 11778792756, 9587808893, 12378568246, 12378568247, 12378568248, 12378568249, 12378568250, 12378568251, 9606074781, 10773835162, 11778792757, 11778792758, 11778792759, 9606060770, 6574962003, 12378568252, 12378568253, 6574962005, 6574962014, 9606074805, 10774023256, 11778792760, 11778792761, 11778792762, 11778792763, 11778792764, 11778792765, 11778792766, 11778792767, 11778792768, 11778802169, 11778802170, 11778802171, 6574962722, 11778802172, 11778802173, 11778802174, 11778802175, 9566564837, 11778802176, 11778802177, 11778802178, 11778802179, 11778802180, 11778802181, 11778802182, 11778802183, 6567162664, 10774173786, 86105636]}, "geometry": {"type": "Polygon", "coordinates": [[[74.4513219, 31.4511052], [74.4509808, 31.4506442], [74.4503419, 31.4501886], [74.4494476, 31.4503991], [74.4490107, 31.4501833], [74.4481868, 31.4504383], [74.4479118, 31.4506762], [74.4488686, 31.4528745], [74.4474041, 31.4537622], [74.4467846, 31.4519135], [74.447112, 31.4514213], [74.4460657, 31.4508655], [74.4459091, 31.4505053], [74.4424509, 31.4520922], [74.4423585, 31.4515114], [74.4420858, 31.4511233], [74.4415266, 31.4501104], [74.4411598, 31.4493582], [74.4399296, 31.4496999], [74.440205, 31.4504835], [74.4396281, 31.4508187], [74.4387906, 31.4502541], [74.4386421, 31.4491873], [74.4393548, 31.4489503], [74.4399959, 31.4481471], [74.4416667, 31.4477753], [74.4438778, 31.4472347], [74.4438703, 31.4469405], [74.4390866, 31.4476574], [74.4388201, 31.4452709], [74.4369442, 31.4434545], [74.4374523, 31.4451086], [74.4353047, 31.4457376], [74.4337457, 31.4419233], [74.4324848, 31.4386685], [74.431307, 31.4363705], [74.4310806, 31.4356272], [74.4315933, 31.4351868], [74.4347589, 31.4345952], [74.4349391, 31.4348767], [74.4355206, 31.4348595], [74.4356195, 31.4349371], [74.4357291, 31.4351731], [74.4360932, 31.4349947], [74.4364064, 31.4350526], [74.437094, 31.4349998], [74.4365125, 31.4335074], [74.4389282, 31.4328817], [74.4389282, 31.4323202], [74.439386, 31.4323447], [74.4394957, 31.4328078], [74.4424415, 31.4325183], [74.4425924, 31.4326936], [74.4430037, 31.4327979], [74.44307, 31.433348], [74.4438653, 31.433269], [74.4440306, 31.4329062], [74.4445585, 31.4325158], [74.4468533, 31.4320761], [74.448598, 31.4349536], [74.4488171, 31.4357586], [74.4494282, 31.4357134], [74.4500004, 31.4372269], [74.4495389, 31.4374702], [74.4491135, 31.4376175], [74.4497715, 31.4401561], [74.4502293, 31.4401561], [74.4504009, 31.4405467], [74.4499718, 31.4411569], [74.4501148, 31.441816], [74.4508987, 31.4417095], [74.4508015, 31.4421577], [74.4513165, 31.4430364], [74.4524016, 31.4428416], [74.4531475, 31.44516], [74.4527649, 31.4454192], [74.4535049, 31.4474276], [74.4523464, 31.4476985], [74.4524036, 31.4481378], [74.4529186, 31.448089], [74.4531189, 31.4483575], [74.4537197, 31.4483819], [74.4542633, 31.4483331], [74.4545153, 31.4489489], [74.450545, 31.4493072], [74.4517962, 31.4508627], [74.4513219, 31.4511052]]]}}, {"type": "Feature", "properties": {"type": "way", "id": 1272672446, "tags": {"landuse": "residential", "name": "Basit Town", "residential": "gated"}, "nodes": [11817951337, 7372571745, 11817951338, 11817951339, 11817951340, 11817951341, 11817951342, 11817951343, 11817951353, 11817951344, 11817951345, 11817951346, 11817951347, 11817951348, 11817951349, 11817951350, 11817951351, 11817951352, 11817951337]}, "geometry": {"type": "Polygon", "coordinates": [[[74.2583343, 31.6968338], [74.2583343, 31.6963317], [74.2583343, 31.6962724], [74.2590531, 31.6962724], [74.2590156, 31.6949442], [74.2614618, 31.695679], [74.2618426, 31.695784], [74.2634251, 31.6962267], [74.2635906, 31.6962743], [74.2647126, 31.6965964], [74.2646912, 31.696779], [74.265292, 31.6968155], [74.265292, 31.6974728], [74.2647072, 31.697879], [74.262599, 31.697879], [74.2612579, 31.6973541], [74.2590907, 31.6973632], [74.2590853, 31.6968657], [74.2583343, 31.6968338]]]}}, {"type": "Feature", "properties": {"type": "way", "id": 1297475706, "tags": {"landuse": "residential", "name": "Fazaia Housing Scheme", "residential": "gated"}, "nodes": [12021342600, 12021342601, 12021342602, 12021342603, 12021342604, 12021342605, 12021342606, 12021342607, 12021342608, 12075147971, 12021342609, 12021342610, 12021342611, 12075147964, 12021342612, 12075147960, 12021342613, 4919892141, 12021342614, 12021342615, 4917307472, 12021342616, 12021342617, 12021342618, 12021342619, 12021342620, 12021342600]}, "geometry": {"type": "Polygon", "coordinates": [[[74.237629, 31.3673603], [74.2394912, 31.3681553], [74.2423078, 31.3694529], [74.2435105, 31.3699941], [74.2439438, 31.370006], [74.2447231, 31.3683827], [74.248517, 31.3682048], [74.248572, 31.3664509], [74.2480395, 31.3657771], [74.2469243, 31.3657731], [74.2448948, 31.3657659], [74.2448171, 31.3652228], [74.2441531, 31.365217], [74.2442911, 31.363573], [74.2443137, 31.3633044], [74.2436916, 31.3632729], [74.2412818, 31.363151], [74.2412831, 31.3629269], [74.2408455, 31.3629483], [74.240934, 31.3623475], [74.2412791, 31.3623474], [74.2413275, 31.359624], [74.240332, 31.3596093], [74.2390443, 31.3610427], [74.2353508, 31.3610853], [74.2354333, 31.3637207], [74.237629, 31.3673603]]]}}, {"type": "Feature", "properties": {"type": "way", "id": 1345869903, "tags": {"addr:city": "Lahore", "landuse": "residential", "name": "Lower Mehran Block", "official_name": "Mehran Block, Allama Iqbal Town", "official_name:ur": "\u0645\u06c1\u0631\u0627\u0646 \u0628\u0644\u0627\u06a9 \u060c \u0639\u0644\u0627\u0645\u06c1 \u0627\u0642\u0628\u0627\u0644 \u0679\u0627\u0648\u0651\u0646 \u060c \u0644\u0627\u06be\u0648\u0631", "residential": "private_houses"}, "nodes": [12448772447, 3057836590, 12448772448, 12448772449, 12448772447]}, "geometry": {"type": "Polygon", "coordinates": [[[74.2666971, 31.5008052], [74.2701893, 31.4993939], [74.2705206, 31.5002675], [74.2684671, 31.5034077], [74.2666971, 31.5008052]]]}}, {"type": "Feature", "properties": {"type": "way", "id": 1362670209, "tags": {"landuse": "residential", "name": "bahria town", "residential": "bahria_town"}, "nodes": [12616498999, 12616499000, 12616513601, 12616513602, 12616498999]}, "geometry": {"type": "Polygon", "coordinates": [[[74.1666485, 31.3536259], [74.1701027, 31.3536017], [74.1700291, 31.3519527], [74.1665847, 31.352095], [74.1666485, 31.3536259]]]}}, {"type": "Feature", "properties": {"type": "way", "id": 1386302926, "tags": {"addr:city": "White Villas", "addr:housenumber": "B1", "addr:street": "Main Road Of White Villas", "landuse": "residential", "name": "B1", "name:ur": "\u0628\u0644\u0688\u0646\u06af 1", "residential": "apartments"}, "nodes": [12834726044, 12834726045, 12834726046, 12834726047, 12834726044]}, "geometry": {"type": "Polygon", "coordinates": [[[74.1422496, 31.3848509], [74.1423269, 31.3848813], [74.1423545, 31.3848263], [74.1422776, 31.3847962], [74.1422496, 31.3848509]]]}}, {"type": "Feature", "properties": {"type": "way", "id": 1391492008, "tags": {"landuse": "residential", "name": "Kamran Park", "residential": "urban"}, "nodes": [12879943142, 12880148319, 12880148320, 12880148321, 12880148322, 5610330635, 12879943143, 12880148318, 4184248440, 12879943144, 12879943145, 12879943146, 12879943142]}, "geometry": {"type": "Polygon", "coordinates": [[[74.2925781, 31.6100059], [74.2924709, 31.6103352], [74.2927339, 31.6107228], [74.2929918, 31.6113336], [74.2926044, 31.6118923], [74.2920038, 31.6116319], [74.2893648, 31.6098769], [74.2893319, 31.6094494], [74.2892523, 31.6088616], [74.2897168, 31.6080852], [74.2924815, 31.6093116], [74.2921782, 31.6097469], [74.2925781, 31.6100059]]]}}, {"type": "Feature", "properties": {"type": "way", "id": 1414840327, "tags": {"addr:city": "White Villas", "addr:housenumber": "B1", "addr:street": "Main Road Of White Villas", "landuse": "residential", "name": "B 2", "name:ur": "\u0628\u0644\u0688\u0646\u06af 1", "residential": "apartments"}, "nodes": [13001202068, 13001202069, 13001202070, 13001202071, 13001202068]}, "geometry": {"type": "Polygon", "coordinates": [[[74.142278, 31.3847957], [74.1423553, 31.3848261], [74.1423828, 31.3847711], [74.142306, 31.384741], [74.142278, 31.3847957]]]}}, {"type": "Feature", "properties": {"type": "way", "id": 1414840328, "tags": {"addr:city": "White Villas", "addr:housenumber": "B1", "addr:street": "Main Road Of White Villas", "landuse": "residential", "name": "B 24", "name:ur": "\u0628\u0644\u0688\u0646\u06af 1", "residential": "apartments"}, "nodes": [13001202072, 13001202073, 13001202074, 13001202075, 13001202072]}, "geometry": {"type": "Polygon", "coordinates": [[[74.1426436, 31.3842749], [74.1427209, 31.3843053], [74.1427485, 31.3842503], [74.1426716, 31.3842202], [74.1426436, 31.3842749]]]}}, {"type": "Feature", "properties": {"type": "way", "id": 1414840329, "tags": {"addr:city": "White Villas", "addr:housenumber": "B1", "addr:street": "Main Road Of White Villas", "landuse": "residential", "name": "B 13", "name:ur": "\u0628\u0644\u0688\u0646\u06af 1", "residential": "apartments"}, "nodes": [13001202076, 13001202077, 13001202078, 13001202079, 13001202076]}, "geometry": {"type": "Polygon", "coordinates": [[[74.1423336, 31.3848835], [74.1424109, 31.3849139], [74.1424384, 31.3848589], [74.1423616, 31.3848288], [74.1423336, 31.3848835]]]}}, {"type": "Feature", "properties": {"type": "way", "id": 1414840330, "tags": {"addr:city": "White Villas", "addr:housenumber": "B1", "addr:street": "Main Road Of White Villas", "landuse": "residential", "name": "B 3", "name:ur": "\u0628\u0644\u0688\u0646\u06af 1", "residential": "apartments"}, "nodes": [13001202080, 13001202081, 13001202082, 13001202083, 13001202080]}, "geometry": {"type": "Polygon", "coordinates": [[[74.1423056, 31.3847408], [74.1423829, 31.3847712], [74.1424105, 31.3847163], [74.1423336, 31.3846861], [74.1423056, 31.3847408]]]}}, {"type": "Feature", "properties": {"type": "way", "id": 1414840331, "tags": {"addr:city": "White Villas", "addr:housenumber": "B1", "addr:street": "Main Road Of White Villas", "landuse": "residential", "name": "B 14", "name:ur": "\u0628\u0644\u0688\u0646\u06af 1", "residential": "apartments"}, "nodes": [13001202084, 13001202085, 13001202086, 13001202087, 13001202084]}, "geometry": {"type": "Polygon", "coordinates": [[[74.142361, 31.3848287], [74.1424383, 31.3848591], [74.1424659, 31.3848041], [74.142389, 31.384774], [74.142361, 31.3848287]]]}}, {"type": "Feature", "properties": {"type": "way", "id": 1414840332, "tags": {"addr:city": "White Villas", "addr:housenumber": "B1", "addr:street": "Main Road Of White Villas", "landuse": "residential", "name": "B 4", "name:ur": "\u0628\u0644\u0688\u0646\u06af 1", "residential": "apartments"}, "nodes": [13001202088, 13001202089, 13001202090, 13001202091, 13001202088]}, "geometry": {"type": "Polygon", "coordinates": [[[74.1423335, 31.3846858], [74.1424108, 31.3847162], [74.1424383, 31.3846612], [74.1423615, 31.3846311], [74.1423335, 31.3846858]]]}}, {"type": "Feature", "properties": {"type": "way", "id": 1414840333, "tags": {"addr:city": "White Villas", "addr:housenumber": "B1", "addr:street": "Main Road Of White Villas", "landuse": "residential", "name": "B 5", "name:ur": "\u0628\u0644\u0688\u0646\u06af 1", "residential": "apartments"}, "nodes": [13001202092, 13001202093, 13001202094, 13001202095, 13001202092]}, "geometry": {"type": "Polygon", "coordinates": [[[74.142362, 31.3846308], [74.1424393, 31.3846612], [74.1424668, 31.3846062], [74.14239, 31.3845761], [74.142362, 31.3846308]]]}}, {"type": "Feature", "properties": {"type": "way", "id": 1414840334, "tags": {"addr:city": "White Villas", "addr:housenumber": "B1", "addr:street": "Main Road Of White Villas", "landuse": "residential", "name": "B 6", "name:ur": "\u0628\u0644\u0688\u0646\u06af 1", "residential": "apartments"}, "nodes": [13001202096, 13001202097, 13001202098, 13001202099, 13001202096]}, "geometry": {"type": "Polygon", "coordinates": [[[74.14239, 31.3845758], [74.1424673, 31.3846062], [74.1424949, 31.3845512], [74.142418, 31.3845211], [74.14239, 31.3845758]]]}}, {"type": "Feature", "properties": {"type": "way", "id": 1414840335, "tags": {"addr:city": "White Villas", "addr:housenumber": "B1", "addr:street": "Main Road Of White Villas", "landuse": "residential", "name": "B 17", "name:ur": "\u0628\u0644\u0688\u0646\u06af 1", "residential": "apartments"}, "nodes": [13001202100, 13001225601, 13001225602, 13001225603, 13001202100]}, "geometry": {"type": "Polygon", "coordinates": [[[74.1424457, 31.3846644], [74.142523, 31.3846948], [74.1425505, 31.3846398], [74.1424737, 31.3846097], [74.1424457, 31.3846644]]]}}, {"type": "Feature", "properties": {"type": "way", "id": 1414840336, "tags": {"addr:city": "White Villas", "addr:housenumber": "B1", "addr:street": "Main Road Of White Villas", "landuse": "residential", "name": "B 16", "name:ur": "\u0628\u0644\u0688\u0646\u06af 1", "residential": "apartments"}, "nodes": [13001225604, 13001225605, 13001225606, 13001225607, 13001225604]}, "geometry": {"type": "Polygon", "coordinates": [[[74.1424176, 31.3847194], [74.1424949, 31.3847498], [74.1425224, 31.3846948], [74.1424456, 31.3846647], [74.1424176, 31.3847194]]]}}, {"type": "Feature", "properties": {"type": "way", "id": 1414840337, "tags": {"addr:city": "White Villas", "addr:housenumber": "B1", "addr:street": "Main Road Of White Villas", "landuse": "residential", "name": "B 15", "name:ur": "\u0628\u0644\u0688\u0646\u06af 1", "residential": "apartments"}, "nodes": [13001225608, 13001225609, 13001225610, 13001225611, 13001225608]}, "geometry": {"type": "Polygon", "coordinates": [[[74.1423891, 31.3847744], [74.1424664, 31.3848048], [74.142494, 31.3847498], [74.1424171, 31.3847197], [74.1423891, 31.3847744]]]}}, {"type": "Feature", "properties": {"type": "way", "id": 1414840338, "tags": {"addr:city": "White Villas", "addr:housenumber": "B1", "addr:street": "Main Road Of White Villas", "landuse": "residential", "name": "B 7", "name:ur": "\u0628\u0644\u0688\u0646\u06af 1", "residential": "apartments"}, "nodes": [13001225612, 13001225613, 13001225614, 13001225615, 13001225612]}, "geometry": {"type": "Polygon", "coordinates": [[[74.1424204, 31.3845186], [74.1424977, 31.384549], [74.1425253, 31.384494], [74.1424484, 31.3844639], [74.1424204, 31.3845186]]]}}, {"type": "Feature", "properties": {"type": "way", "id": 1414840339, "tags": {"addr:city": "White Villas", "addr:housenumber": "B1", "addr:street": "Main Road Of White Villas", "landuse": "residential", "name": "B 8", "name:ur": "\u0628\u0644\u0688\u0646\u06af 1", "residential": "apartments"}, "nodes": [13001225616, 13001225617, 13001225618, 13001225619, 13001225616]}, "geometry": {"type": "Polygon", "coordinates": [[[74.1424488, 31.3844634], [74.1425261, 31.3844938], [74.1425536, 31.3844388], [74.1424768, 31.3844087], [74.1424488, 31.3844634]]]}}, {"type": "Feature", "properties": {"type": "way", "id": 1414840340, "tags": {"addr:city": "White Villas", "addr:housenumber": "B1", "addr:street": "Main Road Of White Villas", "landuse": "residential", "name": "B 9", "name:ur": "\u0628\u0644\u0688\u0646\u06af 1", "residential": "apartments"}, "nodes": [13001225620, 13001225621, 13001225622, 13001225623, 13001225620]}, "geometry": {"type": "Polygon", "coordinates": [[[74.1424764, 31.3844085], [74.1425537, 31.3844389], [74.1425813, 31.3843839], [74.1425044, 31.3843538], [74.1424764, 31.3844085]]]}}, {"type": "Feature", "properties": {"type": "way", "id": 1414840341, "tags": {"addr:city": "White Villas", "addr:housenumber": "B1", "addr:street": "Main Road Of White Villas", "landuse": "residential", "name": "B 10", "name:ur": "\u0628\u0644\u0688\u0646\u06af 1", "residential": "apartments"}, "nodes": [13001225624, 13001225625, 13001225626, 13001225627, 13001225624]}, "geometry": {"type": "Polygon", "coordinates": [[[74.1425043, 31.3843535], [74.1425816, 31.3843839], [74.1426091, 31.3843289], [74.1425323, 31.3842988], [74.1425043, 31.3843535]]]}}, {"type": "Feature", "properties": {"type": "way", "id": 1414840342, "tags": {"addr:city": "White Villas", "addr:housenumber": "B1", "addr:street": "Main Road Of White Villas", "landuse": "residential", "name": "B 11", "name:ur": "\u0628\u0644\u0688\u0646\u06af 1", "residential": "apartments"}, "nodes": [13001225628, 13001225629, 13001225630, 13001225631, 13001225628]}, "geometry": {"type": "Polygon", "coordinates": [[[74.1425328, 31.3842985], [74.1426101, 31.3843289], [74.1426376, 31.3842739], [74.1425608, 31.3842438], [74.1425328, 31.3842985]]]}}, {"type": "Feature", "properties": {"type": "way", "id": 1414840343, "tags": {"addr:city": "White Villas", "addr:housenumber": "B1", "addr:street": "Main Road Of White Villas", "landuse": "residential", "name": "B 12", "name:ur": "\u0628\u0644\u0688\u0646\u06af 1", "residential": "apartments"}, "nodes": [13001225632, 13001225633, 13001225634, 13001225635, 13001225632]}, "geometry": {"type": "Polygon", "coordinates": [[[74.1425608, 31.3842434], [74.1426381, 31.3842738], [74.1426657, 31.3842189], [74.1425888, 31.3841887], [74.1425608, 31.3842434]]]}}, {"type": "Feature", "properties": {"type": "way", "id": 1414840344, "tags": {"addr:city": "White Villas", "addr:housenumber": "B1", "addr:street": "Main Road Of White Villas", "landuse": "residential", "name": "B 18", "name:ur": "\u0628\u0644\u0688\u0646\u06af 1", "residential": "apartments"}, "nodes": [13001225636, 13001225637, 13001225638, 13001225639, 13001225636]}, "geometry": {"type": "Polygon", "coordinates": [[[74.1424747, 31.3846074], [74.142552, 31.3846378], [74.1425796, 31.3845828], [74.1425027, 31.3845527], [74.1424747, 31.3846074]]]}}, {"type": "Feature", "properties": {"type": "way", "id": 1414840345, "tags": {"addr:city": "White Villas", "addr:housenumber": "B1", "addr:street": "Main Road Of White Villas", "landuse": "residential", "name": "B 19", "name:ur": "\u0628\u0644\u0688\u0646\u06af 1", "residential": "apartments"}, "nodes": [13001225640, 13001225641, 13001225642, 13001225643, 13001225640]}, "geometry": {"type": "Polygon", "coordinates": [[[74.1425044, 31.3845511], [74.1425817, 31.3845815], [74.1426092, 31.3845266], [74.1425324, 31.3844964], [74.1425044, 31.3845511]]]}}, {"type": "Feature", "properties": {"type": "way", "id": 1414840346, "tags": {"addr:city": "White Villas", "addr:housenumber": "B1", "addr:street": "Main Road Of White Villas", "landuse": "residential", "name": "B 20", "name:ur": "\u0628\u0644\u0688\u0646\u06af 1", "residential": "apartments"}, "nodes": [13001225644, 13001225645, 13001225646, 13001225647, 13001225644]}, "geometry": {"type": "Polygon", "coordinates": [[[74.1425318, 31.3844964], [74.1426091, 31.3845268], [74.1426367, 31.3844718], [74.1425598, 31.3844417], [74.1425318, 31.3844964]]]}}, {"type": "Feature", "properties": {"type": "way", "id": 1414840347, "tags": {"addr:city": "White Villas", "addr:housenumber": "B1", "addr:street": "Main Road Of White Villas", "landuse": "residential", "name": "B 23", "name:ur": "\u0628\u0644\u0688\u0646\u06af 1", "residential": "apartments"}, "nodes": [13001225648, 13001225649, 13001225650, 13001225651, 13001225648]}, "geometry": {"type": "Polygon", "coordinates": [[[74.1426165, 31.384332], [74.1426938, 31.3843624], [74.1427213, 31.3843075], [74.1426445, 31.3842773], [74.1426165, 31.384332]]]}}, {"type": "Feature", "properties": {"type": "way", "id": 1414840348, "tags": {"addr:city": "White Villas", "addr:housenumber": "B1", "addr:street": "Main Road Of White Villas", "landuse": "residential", "name": "B 22", "name:ur": "\u0628\u0644\u0688\u0646\u06af 1", "residential": "apartments"}, "nodes": [13001225652, 13001225653, 13001225654, 13001225655, 13001225652]}, "geometry": {"type": "Polygon", "coordinates": [[[74.1425884, 31.3843871], [74.1426657, 31.3844175], [74.1426932, 31.3843625], [74.1426164, 31.3843324], [74.1425884, 31.3843871]]]}}, {"type": "Feature", "properties": {"type": "way", "id": 1414840349, "tags": {"addr:city": "White Villas", "addr:housenumber": "B1", "addr:street": "Main Road Of White Villas", "landuse": "residential", "name": "B 21", "name:ur": "\u0628\u0644\u0688\u0646\u06af 1", "residential": "apartments"}, "nodes": [13001225656, 13001225657, 13001225658, 13001225659, 13001225656]}, "geometry": {"type": "Polygon", "coordinates": [[[74.1425599, 31.3844421], [74.1426372, 31.3844725], [74.1426648, 31.3844175], [74.1425879, 31.3843874], [74.1425599, 31.3844421]]]}}, {"type": "Feature", "properties": {"type": "relation", "id": 3115761, "tags": {"landuse": "residential", "name": "Sector E", "type": "multipolygon"}}, "geometry": {"type": "MultiPolygon", "coordinates": [[[[74.4085428, 31.5399176], [74.4082157, 31.5314963], [74.4107634, 31.5314264], [74.4108664, 31.5314236], [74.411244, 31.5398045], [74.4110939, 31.5398108], [74.4094119, 31.5398812], [74.4085428, 31.5399176]]]]}}]}