{
"type": "FeatureCollection",
"name": "architect_engineer_hosuing_scheme",
"crs": { "type": "name", "properties": { "name": "urn:ogc:def:crs:OGC:1.3:CRS84" } },
"features": [
{ "type": "Feature", "properties": { "Id": 0.0, "__source_file": "Archi Engg Housing Society.shp", "OBJECTID": null, "SHAPE_Leng": null, "SHAPE_Area": null, "Town": null, "UC_N0": null, "Landuse": null, "KA": null, "Name": null, "Plot_No": null, "Block": null }, "geometry": { "type": "LineString", "coordinates": [ [ 74.262510786124963, 31.446018045977329 ], [ 74.262085900951476, 31.446165181922463 ], [ 74.26227650525189, 31.447288150845722 ], [ 74.26068951320805, 31.447823909838686 ], [ 74.259143382961398, 31.444748529957245 ], [ 74.257952935846063, 31.445191139179993 ], [ 74.257704595360352, 31.444680350964415 ], [ 74.257124398104679, 31.444915885998096 ], [ 74.256844660922994, 31.444386883999741 ], [ 74.254535869359316, 31.445250180894377 ], [ 74.254280739847388, 31.444713804129528 ], [ 74.254899318404895, 31.444501042858505 ], [ 74.254602320307498, 31.443940383052492 ], [ 74.254360547037123, 31.443488224389206 ], [ 74.25431119319498, 31.4435239972392 ], [ 74.253897417374503, 31.442662154868366 ], [ 74.254080193050626, 31.442597109006705 ], [ 74.25499019619275, 31.441875191660589 ], [ 74.255493487063376, 31.441168934727411 ], [ 74.255870171346601, 31.440516030559209 ], [ 74.25703845591903, 31.439038334640479 ], [ 74.257877976611567, 31.438358057263578 ], [ 74.258090483067818, 31.438076816703344 ], [ 74.258458991750601, 31.437568097684217 ], [ 74.2587562684338, 31.437203206149615 ], [ 74.259207098298006, 31.437812826755859 ], [ 74.259693435414391, 31.437473066200809 ], [ 74.259707879186323, 31.437419059386276 ], [ 74.260242475025692, 31.437181746059476 ], [ 74.259814605464697, 31.436325850359374 ], [ 74.260344639685513, 31.435775988465856 ], [ 74.260620781510283, 31.435422990428314 ], [ 74.260919534783909, 31.435761276012528 ], [ 74.262679779259017, 31.439233196758721 ], [ 74.26447908054817, 31.438618496188067 ], [ 74.264713693671226, 31.439094635476177 ], [ 74.263532441518095, 31.439556632848166 ], [ 74.263649723000285, 31.439797708239457 ], [ 74.26379163078731, 31.440067577027833 ], [ 74.263198483850033, 31.440283908779669 ], [ 74.263695108420407, 31.441317859817293 ], [ 74.261318529070067, 31.442183144856955 ], [ 74.261757508399143, 31.443024074112721 ], [ 74.261176405889117, 31.443210039828017 ], [ 74.261305158647048, 31.443636179486369 ], [ 74.261497276046171, 31.443943798489808 ], [ 74.262454915750638, 31.445860503735272 ], [ 74.262511441466614, 31.446027607358523 ] ] } },
{ "type": "Feature", "properties": { "Id": null, "__source_file": "Export_Output.shp", "OBJECTID": 165918.0, "SHAPE_Leng": 115.559891544, "SHAPE_Area": 647.72146146700004, "Town": "Allama Iqbal Town", "UC_N0": "UC_120", "Landuse": "R", "KA": null, "Name": null, "Plot_No": "131", "Block": "A" }, "geometry": { "type": "Polygon", "coordinates": [ [ [ 74.262208124315293, 31.446106832892326 ], [ 74.26254624220968, 31.445989455133699 ], [ 74.26247888511125, 31.445854892865885 ], [ 74.262126130686028, 31.445974470578918 ], [ 74.262132907565487, 31.445992523450105 ], [ 74.262136884993069, 31.446022273790135 ], [ 74.262132441632957, 31.446051975624556 ], [ 74.262125317182054, 31.446070080145859 ], [ 74.262121974842415, 31.446080550166993 ], [ 74.262112897948796, 31.446126484315716 ], [ 74.262111877687687, 31.446140244595686 ], [ 74.262208124315293, 31.446106832892326 ] ] ] } },
{ "type": "Feature", "properties": { "Id": null, "__source_file": "Export_Output.shp", "OBJECTID": 165919.0, "SHAPE_Leng": 144.734696345, "SHAPE_Area": 1308.8147550900001, "Town": "Allama Iqbal Town", "UC_N0": "UC_120", "Landuse": "R", "KA": null, "Name": null, "Plot_No": "117", "Block": "A" }, "geometry": { "type": "Polygon", "coordinates": [ [ [ 74.261608352910798, 31.444115765057354 ], [ 74.261510308059414, 31.443919888682839 ], [ 74.261162268307032, 31.444049620302572 ], [ 74.261258579341074, 31.444242955325148 ], [ 74.261608352910798, 31.444115765057354 ] ] ] } },
{ "type": "Feature", "properties": { "Id": null, "__source_file": "Export_Output.shp", "OBJECTID": 165920.0, "SHAPE_Leng": 99.867427304700001, "SHAPE_Area": 497.66501282500002, "Town": "Allama Iqbal Town", "UC_N0": "UC_120", "Landuse": "R", "KA": null, "Name": null, "Plot_No": "129", "Block": "A" }, "geometry": { "type": "Polygon", "coordinates": [ [ [ 74.26242055264629, 31.445738359894058 ], [ 74.262352027822715, 31.445601464865909 ], [ 74.261999388750098, 31.44573003103147 ], [ 74.262068696467693, 31.445869154403535 ], [ 74.26242055264629, 31.445738359894058 ] ] ] } },
{ "type": "Feature", "properties": { "Id": null, "__source_file": "Export_Output.shp", "OBJECTID": 165921.0, "SHAPE_Leng": 181.75138439200001, "SHAPE_Area": 1782.4893646400001, "Town": "Allama Iqbal Town", "UC_N0": "UC_120", "Landuse": "R", "KA": null, "Name": null, "Plot_No": "93", "Block": "A" }, "geometry": { "type": "Polygon", "coordinates": [ [ [ 74.261044800549087, 31.444405646461643 ], [ 74.261156194603615, 31.444644816039389 ], [ 74.261364318626434, 31.444563248779922 ], [ 74.261246271134567, 31.444329515046668 ], [ 74.261044800549087, 31.444405646461643 ] ] ] } },
{ "type": "Feature", "properties": { "Id": null, "__source_file": "Export_Output.shp", "OBJECTID": 165922.0, "SHAPE_Leng": 92.139706006799997, "SHAPE_Area": 490.034420651, "Town": "Allama Iqbal Town", "UC_N0": "UC_120", "Landuse": "V", "KA": null, "Name": null, "Plot_No": "98", "Block": "A" }, "geometry": { "type": "Polygon", "coordinates": [ [ [ 74.260620778142751, 31.444854652029701 ], [ 74.260497960136007, 31.444612283767029 ], [ 74.260490869512608, 31.444614963127488 ], [ 74.260335184073313, 31.44467379243018 ], [ 74.260463514129782, 31.444916284692297 ], [ 74.260620778142751, 31.444854652029701 ] ] ] } },
{ "type": "Feature", "properties": { "Id": null, "__source_file": "Export_Output.shp", "OBJECTID": 165660.0, "SHAPE_Leng": 477.19252165, "SHAPE_Area": 6483.7306178, "Town": "Allama Iqbal Town", "UC_N0": "UC_120", "Landuse": "R", "KA": null, "Name": null, "Plot_No": "94", "Block": "C" }, "geometry": { "type": "Polygon", "coordinates": [ [ [ 74.259482478258235, 31.439153433136958 ], [ 74.259166287267931, 31.439268098618687 ], [ 74.259219602783517, 31.439374271428189 ], [ 74.259213904000191, 31.439376576293281 ], [ 74.259233792574776, 31.439407444770076 ], [ 74.259552930130951, 31.439287079281453 ], [ 74.259482478258235, 31.439153433136958 ] ] ] } },
{ "type": "Feature", "properties": { "Id": null, "__source_file": "Export_Output.shp", "OBJECTID": 165661.0, "SHAPE_Leng": 368.80684276, "SHAPE_Area": 4617.7719212399998, "Town": "Allama Iqbal Town", "UC_N0": "UC_120", "Landuse": "R", "KA": null, "Name": null, "Plot_No": "63", "Block": "C" }, "geometry": { "type": "Polygon", "coordinates": [ [ [ 74.259099594665457, 31.440011516294248 ], [ 74.258816238692674, 31.440122469356385 ], [ 74.258905627724204, 31.440309926933391 ], [ 74.25891509922748, 31.440306757342412 ], [ 74.259200829817047, 31.440211138202624 ], [ 74.259099594665457, 31.440011516294248 ] ] ] } },
{ "type": "Feature", "properties": { "Id": null, "__source_file": "Export_Output.shp", "OBJECTID": 165662.0, "SHAPE_Leng": 252.83862410399999, "SHAPE_Area": 2483.8552762499999, "Town": "Allama Iqbal Town", "UC_N0": "UC_120", "Landuse": "R", "KA": null, "Name": null, "Plot_No": "105", "Block": "C" }, "geometry": { "type": "Polygon", "coordinates": [ [ [ 74.257558357589957, 31.438821866891345 ], [ 74.257495868841815, 31.438689262644605 ], [ 74.257455552293848, 31.438717912734568 ], [ 74.257372938768228, 31.438779369899486 ], [ 74.257253496037521, 31.438874263821202 ], [ 74.257279552249585, 31.438927546012529 ], [ 74.257558357589957, 31.438821866891345 ] ] ] } },
{ "type": "Feature", "properties": { "Id": null, "__source_file": "Export_Output.shp", "OBJECTID": 165663.0, "SHAPE_Leng": 389.682255349, "SHAPE_Area": 4442.5089931299999, "Town": "Allama Iqbal Town", "UC_N0": "UC_120", "Landuse": "V", "KA": null, "Name": null, "Plot_No": "89", "Block": "C" }, "geometry": { "type": "Polygon", "coordinates": [ [ [ 74.257823647235981, 31.440225118317567 ], [ 74.257577042044431, 31.440331084320846 ], [ 74.257642441869478, 31.440463229643594 ], [ 74.257762008349232, 31.440420270042875 ], [ 74.257895095317323, 31.440372452572181 ], [ 74.257823647235981, 31.440225118317567 ] ] ] } },
{ "type": "Feature", "properties": { "Id": null, "__source_file": "Export_Output.shp", "OBJECTID": 165664.0, "SHAPE_Leng": 145.312995943, "SHAPE_Area": 1084.54970867, "Town": "Allama Iqbal Town", "UC_N0": "UC_120", "Landuse": "V", "KA": null, "Name": null, "Plot_No": "1", "Block": "C" }, "geometry": { "type": "Polygon", "coordinates": [ [ [ 74.257420387193775, 31.440642832300881 ], [ 74.257203521199088, 31.440730679576436 ], [ 74.25726699734885, 31.440858272862538 ], [ 74.257484222035274, 31.440785582938808 ], [ 74.257488245813079, 31.440784236468399 ], [ 74.257420387193775, 31.440642832300881 ] ] ] } },
{ "type": "Feature", "properties": { "Id": null, "__source_file": "Export_Output.shp", "OBJECTID": 165668.0, "SHAPE_Leng": 84.629956651900002, "SHAPE_Area": 396.64575947399999, "Town": "Allama Iqbal Town", "UC_N0": "UC_120", "Landuse": "R", "KA": null, "Name": null, "Plot_No": "31", "Block": "C" }, "geometry": { "type": "Polygon", "coordinates": [ [ [ 74.257895095317323, 31.440372452572181 ], [ 74.257762008349232, 31.440420270042882 ], [ 74.257869651304759, 31.44065660648517 ], [ 74.258010101524761, 31.440609606566063 ], [ 74.257895095317323, 31.440372452572181 ] ] ] } },
{ "type": "Feature", "properties": { "Id": null, "__source_file": "Export_Output.shp", "OBJECTID": 165669.0, "SHAPE_Leng": 79.779913609600001, "SHAPE_Area": 333.25116471299998, "Town": "Allama Iqbal Town", "UC_N0": "UC_120", "Landuse": "R", "KA": null, "Name": null, "Plot_No": "30", "Block": "C" }, "geometry": { "type": "Polygon", "coordinates": [ [ [ 74.257869651304759, 31.44065660648517 ], [ 74.257762008349232, 31.440420270042882 ], [ 74.257642441869464, 31.440463229643587 ], [ 74.257756831007811, 31.440694359727541 ], [ 74.257869651304759, 31.44065660648517 ] ] ] } },
{ "type": "Feature", "properties": { "Id": null, "__source_file": "Export_Output.shp", "OBJECTID": 165679.0, "SHAPE_Leng": 162.184802389, "SHAPE_Area": 1615.18629573, "Town": "Allama Iqbal Town", "UC_N0": "UC_120", "Landuse": "V", "KA": null, "Name": null, "Plot_No": "150", "Block": "H" }, "geometry": { "type": "Polygon", "coordinates": [ [ [ 74.259920039848083, 31.440194828647552 ], [ 74.259848897309709, 31.440052503157276 ], [ 74.259615307074014, 31.440130386776442 ], [ 74.259687036006795, 31.440272739078353 ], [ 74.259920039848083, 31.440194828647552 ] ] ] } },
{ "type": "Feature", "properties": { "Id": null, "__source_file": "Export_Output.shp", "OBJECTID": 165680.0, "SHAPE_Leng": 93.6440051238, "SHAPE_Area": 547.95294972500005, "Town": "Allama Iqbal Town", "UC_N0": "UC_120", "Landuse": "R", "KA": null, "Name": null, "Plot_No": "146", "Block": "H" }, "geometry": { "type": "Polygon", "coordinates": [ [ [ 74.260040607699182, 31.440436031729845 ], [ 74.259807965863786, 31.440513800440307 ], [ 74.259858670442, 31.440615615477903 ], [ 74.260088001884341, 31.440530846189997 ], [ 74.260040607699182, 31.440436031729845 ] ] ] } },
{ "type": "Feature", "properties": { "Id": null, "__source_file": "Export_Output.shp", "OBJECTID": 165681.0, "SHAPE_Leng": 69.371673926300005, "SHAPE_Area": 276.233383586, "Town": "Allama Iqbal Town", "UC_N0": "UC_120", "Landuse": "R", "KA": null, "Name": null, "Plot_No": "151", "Block": "H" }, "geometry": { "type": "Polygon", "coordinates": [ [ [ 74.259858670442, 31.440615615477888 ], [ 74.259807965863786, 31.4405138004403 ], [ 74.25959173727594, 31.440591400078208 ], [ 74.25964301223074, 31.440695329703541 ], [ 74.259858670442, 31.440615615477888 ] ] ] } },
{ "type": "Feature", "properties": { "Id": null, "__source_file": "Export_Output.shp", "OBJECTID": 165682.0, "SHAPE_Leng": 66.7094096772, "SHAPE_Area": 246.98477997399999, "Town": "Allama Iqbal Town", "UC_N0": "UC_120", "Landuse": "V", "KA": null, "Name": null, "Plot_No": "150", "Block": "H" }, "geometry": { "type": "Polygon", "coordinates": [ [ [ 74.259807965863786, 31.4405138004403 ], [ 74.259762386315614, 31.440422277817074 ], [ 74.25974952496891, 31.440426815681544 ], [ 74.259545970875365, 31.440498636642243 ], [ 74.25959173727594, 31.440591400078208 ], [ 74.259807965863786, 31.4405138004403 ] ] ] } },
{ "type": "Feature", "properties": { "Id": null, "__source_file": "Export_Output.shp", "OBJECTID": 165690.0, "SHAPE_Leng": 112.081122228, "SHAPE_Area": 751.76996025799997, "Town": "Allama Iqbal Town", "UC_N0": "UC_120", "Landuse": "R", "KA": null, "Name": null, "Plot_No": "88", "Block": "C" }, "geometry": { "type": "Polygon", "coordinates": [ [ [ 74.259521154078087, 31.439878988674383 ], [ 74.259195461801156, 31.44000661852326 ], [ 74.259285246899054, 31.440182887709291 ], [ 74.259613648899645, 31.440072987608303 ], [ 74.259521154078087, 31.439878988674383 ] ] ] } },
{ "type": "Feature", "properties": { "Id": null, "__source_file": "Export_Output.shp", "OBJECTID": 165691.0, "SHAPE_Leng": 99.673795307099994, "SHAPE_Area": 534.43999020299998, "Town": "Allama Iqbal Town", "UC_N0": "UC_120", "Landuse": "V", "KA": null, "Name": null, "Plot_No": "87", "Block": "C" }, "geometry": { "type": "Polygon", "coordinates": [ [ [ 74.259521154078087, 31.439878988674373 ], [ 74.259460123602494, 31.439750982635321 ], [ 74.259128387704379, 31.439874936902399 ], [ 74.259195461801156, 31.440006618523245 ], [ 74.259521154078087, 31.439878988674373 ] ] ] } },
{ "type": "Feature", "properties": { "Id": null, "__source_file": "Export_Output.shp", "OBJECTID": 165692.0, "SHAPE_Leng": 393.98898920200003, "SHAPE_Area": 4979.6418418699996, "Town": "Allama Iqbal Town", "UC_N0": "UC_120", "Landuse": "R", "KA": null, "Name": null, "Plot_No": "76B", "Block": "C" }, "geometry": { "type": "Polygon", "coordinates": [ [ [ 74.258657813576278, 31.438255509848641 ], [ 74.258595625211726, 31.438131663519115 ], [ 74.258584589378415, 31.438109686141718 ], [ 74.258286717630199, 31.438222516397779 ], [ 74.258355847628025, 31.43835823925626 ], [ 74.258657813576278, 31.438255509848641 ] ] ] } },
{ "type": "Feature", "properties": { "Id": null, "__source_file": "Export_Output.shp", "OBJECTID": 165693.0, "SHAPE_Leng": 86.357681597699994, "SHAPE_Area": 391.90412569900002, "Town": "Allama Iqbal Town", "UC_N0": "UC_120", "Landuse": "R", "KA": null, "Name": null, "Plot_No": "83", "Block": "C" }, "geometry": { "type": "Polygon", "coordinates": [ [ [ 74.259166287267902, 31.439268098618669 ], [ 74.258877111227193, 31.439381621415883 ], [ 74.258932510708931, 31.439490384958489 ], [ 74.259219602783503, 31.439374271428221 ], [ 74.259166287267902, 31.439268098618669 ] ] ] } },
{ "type": "Feature", "properties": { "Id": null, "__source_file": "Export_Output.shp", "OBJECTID": 165694.0, "SHAPE_Leng": 93.0815167648, "SHAPE_Area": 492.18578306900002, "Town": "Allama Iqbal Town", "UC_N0": "UC_120", "Landuse": "R", "KA": null, "Name": null, "Plot_No": "82", "Block": "C" }, "geometry": { "type": "Polygon", "coordinates": [ [ [ 74.259166287267902, 31.439268098618669 ], [ 74.259097361347912, 31.439130838625776 ], [ 74.258809872193439, 31.439249614770958 ], [ 74.258877111227193, 31.439381621415883 ], [ 74.259166287267902, 31.439268098618669 ] ] ] } },
{ "type": "Feature", "properties": { "Id": null, "__source_file": "Export_Output.shp", "OBJECTID": 165695.0, "SHAPE_Leng": 95.932062002799995, "SHAPE_Area": 484.6951271, "Town": "Allama Iqbal Town", "UC_N0": "UC_120", "Landuse": "R", "KA": null, "Name": null, "Plot_No": "106A", "Block": "C" }, "geometry": { "type": "Polygon", "coordinates": [ [ [ 74.258689590888096, 31.43764931046551 ], [ 74.258578272237699, 31.437438131777188 ], [ 74.258547745069251, 31.43747426430928 ], [ 74.258517038782259, 31.437508418116785 ], [ 74.258432397567148, 31.437610584440428 ], [ 74.258373687352915, 31.437689681116638 ], [ 74.258402321501478, 31.437746706074318 ], [ 74.258689590888096, 31.43764931046551 ] ] ] } },
{ "type": "Feature", "properties": { "Id": null, "__source_file": "Export_Output.shp", "OBJECTID": 165696.0, "SHAPE_Leng": 151.56990960300001, "SHAPE_Area": 1369.0943404499999, "Town": "Allama Iqbal Town", "UC_N0": "UC_120", "Landuse": "R", "KA": null, "Name": null, "Plot_No": "105", "Block": "C" }, "geometry": { "type": "Polygon", "coordinates": [ [ [ 74.258824622153071, 31.437905471150948 ], [ 74.258753621440135, 31.437770779634626 ], [ 74.258464426153736, 31.43787038564313 ], [ 74.258539344195142, 31.438019582231 ], [ 74.258824622153071, 31.437905471150948 ] ] ] } },
{ "type": "Feature", "properties": { "Id": null, "__source_file": "Export_Output.shp", "OBJECTID": 165697.0, "SHAPE_Leng": 90.172391799600007, "SHAPE_Area": 448.03674944699998, "Town": "Allama Iqbal Town", "UC_N0": "UC_120", "Landuse": "R", "KA": null, "Name": null, "Plot_No": "103", "Block": "C" }, "geometry": { "type": "Polygon", "coordinates": [ [ [ 74.25894963390499, 31.438142622068931 ], [ 74.258887195751655, 31.438024175709273 ], [ 74.258595625211726, 31.438131663519105 ], [ 74.25865876746721, 31.438257409492085 ], [ 74.25894963390499, 31.438142622068931 ] ] ] } },
{ "type": "Feature", "properties": { "Id": null, "__source_file": "Export_Output.shp", "OBJECTID": 165700.0, "SHAPE_Leng": 92.177561793300001, "SHAPE_Area": 495.49489354100001, "Town": "Allama Iqbal Town", "UC_N0": "UC_120", "Landuse": "V", "KA": null, "Name": null, "Plot_No": "107", "Block": "E" }, "geometry": { "type": "Polygon", "coordinates": [ [ [ 74.259456377953597, 31.438576250577924 ], [ 74.259333236445769, 31.438320112761556 ], [ 74.259307127489606, 31.438330247588127 ], [ 74.25913765114538, 31.438396033302229 ], [ 74.259266471826777, 31.438645617611051 ], [ 74.259456377953597, 31.438576250577924 ] ] ] } },
{ "type": "Feature", "properties": { "Id": null, "__source_file": "Export_Output.shp", "OBJECTID": 165923.0, "SHAPE_Leng": 89.360520145699994, "SHAPE_Area": 451.938634165, "Town": "Allama Iqbal Town", "UC_N0": "UC_120", "Landuse": "R", "KA": null, "Name": null, "Plot_No": "97", "Block": "A" }, "geometry": { "type": "Polygon", "coordinates": [ [ [ 74.260765543447349, 31.444797917405836 ], [ 74.260650576819344, 31.444554613873194 ], [ 74.260622509088421, 31.444565219961234 ], [ 74.260497960136007, 31.444612283767029 ], [ 74.260620778142751, 31.444854652029701 ], [ 74.260765543447349, 31.444797917405836 ] ] ] } },
{ "type": "Feature", "properties": { "Id": null, "__source_file": "Export_Output.shp", "OBJECTID": 165924.0, "SHAPE_Leng": 254.28807769, "SHAPE_Area": 2951.2518612600002, "Town": "Allama Iqbal Town", "UC_N0": "UC_120", "Landuse": "R", "KA": null, "Name": null, "Plot_No": "110", "Block": "A" }, "geometry": { "type": "Polygon", "coordinates": [ [ [ 74.259959529508535, 31.444497928300091 ], [ 74.260105637746534, 31.444746623316 ], [ 74.260111601622299, 31.444744451026473 ], [ 74.260273226988872, 31.444685579526812 ], [ 74.260142103318444, 31.44442987679189 ], [ 74.259959529508535, 31.444497928300091 ] ] ] } },
{ "type": "Feature", "properties": { "Id": null, "__source_file": "Export_Output.shp", "OBJECTID": 165925.0, "SHAPE_Leng": 95.106006330499994, "SHAPE_Area": 514.91038468199997, "Town": "Allama Iqbal Town", "UC_N0": "UC_120", "Landuse": "R", "KA": null, "Name": null, "Plot_No": "104", "Block": "A" }, "geometry": { "type": "Polygon", "coordinates": [ [ [ 74.25962593828784, 31.445223914258435 ], [ 74.259496497223097, 31.444968495797163 ], [ 74.259491074892168, 31.444970470812102 ], [ 74.259336023396344, 31.445026946210124 ], [ 74.259463438378759, 31.445283288722845 ], [ 74.25962593828784, 31.445223914258435 ] ] ] } },
{ "type": "Feature", "properties": { "Id": null, "__source_file": "Export_Output.shp", "OBJECTID": 165926.0, "SHAPE_Leng": 92.449650722100003, "SHAPE_Area": 474.18152904700003, "Town": "Allama Iqbal Town", "UC_N0": "UC_120", "Landuse": "R", "KA": null, "Name": null, "Plot_No": "103", "Block": "A" }, "geometry": { "type": "Polygon", "coordinates": [ [ [ 74.259773127242966, 31.445170133327061 ], [ 74.259646910847849, 31.444913709620305 ], [ 74.259496497223097, 31.444968495797152 ], [ 74.25962593828784, 31.44522391425842 ], [ 74.259773127242966, 31.445170133327061 ] ] ] } },
{ "type": "Feature", "properties": { "Id": null, "__source_file": "Export_Output.shp", "OBJECTID": 165927.0, "SHAPE_Leng": 92.245624009400004, "SHAPE_Area": 471.28921130600003, "Town": "Allama Iqbal Town", "UC_N0": "UC_120", "Landuse": "R", "KA": null, "Name": null, "Plot_No": "102", "Block": "A" }, "geometry": { "type": "Polygon", "coordinates": [ [ [ 74.259919869594711, 31.445116515653673 ], [ 74.259796122209437, 31.444859361114879 ], [ 74.259668605751088, 31.44490580751857 ], [ 74.259646910847849, 31.444913709620305 ], [ 74.25977312724298, 31.445170133327061 ], [ 74.259919869594711, 31.445116515653673 ] ] ] } },
{ "type": "Feature", "properties": { "Id": null, "__source_file": "Export_Output.shp", "OBJECTID": 165928.0, "SHAPE_Leng": 94.992146865199999, "SHAPE_Area": 514.39435325, "Town": "Allama Iqbal Town", "UC_N0": "UC_120", "Landuse": "R", "KA": null, "Name": null, "Plot_No": "99", "Block": "A" }, "geometry": { "type": "Polygon", "coordinates": [ [ [ 74.260273226988872, 31.444685579526812 ], [ 74.260111601622299, 31.444744451026491 ], [ 74.260241602664607, 31.444998959069729 ], [ 74.26040357813342, 31.444939774556435 ], [ 74.260273226988872, 31.444685579526812 ] ] ] } },
{ "type": "Feature", "properties": { "Id": null, "__source_file": "Export_Output.shp", "OBJECTID": 165929.0, "SHAPE_Leng": 122.74852525199999, "SHAPE_Area": 940.09304261399996, "Town": "Allama Iqbal Town", "UC_N0": "UC_120", "Landuse": "R", "KA": null, "Name": null, "Plot_No": "79", "Block": "A" }, "geometry": { "type": "Polygon", "coordinates": [ [ [ 74.261491791891061, 31.445498962313184 ], [ 74.261204048074916, 31.445598074050025 ], [ 74.261268717704397, 31.445734158016386 ], [ 74.261558242755299, 31.445629140091071 ], [ 74.261491791891061, 31.445498962313184 ] ] ] } },
{ "type": "Feature", "properties": { "Id": null, "__source_file": "Export_Output.shp", "OBJECTID": 165930.0, "SHAPE_Leng": 85.819148408800004, "SHAPE_Area": 425.54540757199999, "Town": "Allama Iqbal Town", "UC_N0": "UC_120", "Landuse": "R", "KA": null, "Name": null, "Plot_No": "85", "Block": "A" }, "geometry": { "type": "Polygon", "coordinates": [ [ [ 74.261169344573617, 31.444867283271336 ], [ 74.261101869503563, 31.444735096064875 ], [ 74.260843885712973, 31.444840181315886 ], [ 74.260904108312303, 31.444966908944497 ], [ 74.261169344573617, 31.444867283271336 ] ] ] } },
{ "type": "Feature", "properties": { "Id": null, "__source_file": "Export_Output.shp", "OBJECTID": 165931.0, "SHAPE_Leng": 91.470997592100005, "SHAPE_Area": 481.53543327400001, "Town": "Allama Iqbal Town", "UC_N0": "UC_120", "Landuse": "R", "KA": null, "Name": null, "Plot_No": "86", "Block": "A" }, "geometry": { "type": "Polygon", "coordinates": [ [ [ 74.261452245830739, 31.444761021067624 ], [ 74.26137979356244, 31.444621887040384 ], [ 74.261101869503563, 31.4447350960649 ], [ 74.261169344573617, 31.444867283271336 ], [ 74.261452245830739, 31.444761021067624 ] ] ] } },
{ "type": "Feature", "properties": { "Id": null, "__source_file": "Export_Output.shp", "OBJECTID": 165932.0, "SHAPE_Leng": 83.033051827199998, "SHAPE_Area": 382.76123025800001, "Town": "Allama Iqbal Town", "UC_N0": "UC_120", "Landuse": "R", "KA": null, "Name": null, "Plot_No": "84", "Block": "A" }, "geometry": { "type": "Polygon", "coordinates": [ [ [ 74.261228134476042, 31.444982454000648 ], [ 74.261225983548485, 31.444978240290936 ], [ 74.261169344573617, 31.444867283271336 ], [ 74.260904108312332, 31.444966908944497 ], [ 74.260958553222153, 31.445081477299503 ], [ 74.261228134476042, 31.444982454000648 ] ] ] } },
{ "type": "Feature", "properties": { "Id": null, "__source_file": "Export_Output.shp", "OBJECTID": 165933.0, "SHAPE_Leng": 121.161429246, "SHAPE_Area": 913.39513940200004, "Town": "Allama Iqbal Town", "UC_N0": "UC_120", "Landuse": "R", "KA": null, "Name": null, "Plot_No": "83", "Block": "A" }, "geometry": { "type": "Polygon", "coordinates": [ [ [ 74.261302384501036, 31.445127912007024 ], [ 74.261300102315616, 31.445123441145096 ], [ 74.261228134476042, 31.444982454000648 ], [ 74.260958553222153, 31.445081477299503 ], [ 74.261026072280117, 31.445223558396176 ], [ 74.261302384501036, 31.445127912007024 ] ] ] } },
{ "type": "Feature", "properties": { "Id": null, "__source_file": "Export_Output.shp", "OBJECTID": 165934.0, "SHAPE_Leng": 85.7000148857, "SHAPE_Area": 403.44375479000001, "Town": "Allama Iqbal Town", "UC_N0": "UC_120", "Landuse": "R", "KA": null, "Name": null, "Plot_No": "81", "Block": "A" }, "geometry": { "type": "Polygon", "coordinates": [ [ [ 74.261422871918214, 31.445363947121535 ], [ 74.26136456762859, 31.445249730229577 ], [ 74.261086633322506, 31.445350997275682 ], [ 74.261142722679125, 31.44546902695047 ], [ 74.261422871918214, 31.445363947121535 ] ] ] } },
{ "type": "Feature", "properties": { "Id": null, "__source_file": "Export_Output.shp", "OBJECTID": 165936.0, "SHAPE_Leng": 124.7008407, "SHAPE_Area": 967.60352950599997, "Town": "Allama Iqbal Town", "UC_N0": "UC_120", "Landuse": "V", "KA": null, "Name": null, "Plot_No": "53", "Block": "A" }, "geometry": { "type": "Polygon", "coordinates": [ [ [ 74.261647898857774, 31.445651255804023 ], [ 74.261767941111543, 31.445897658952681 ], [ 74.261997055037526, 31.445816047589364 ], [ 74.261994407194862, 31.445810805005042 ], [ 74.261872446700878, 31.445569329877635 ], [ 74.261723542878983, 31.445623657262576 ], [ 74.261647898857774, 31.445651255804023 ] ] ] } },
{ "type": "Feature", "properties": { "Id": null, "__source_file": "Export_Output.shp", "OBJECTID": 165938.0, "SHAPE_Leng": 211.906441148, "SHAPE_Area": 2785.21775325, "Town": "Allama Iqbal Town", "UC_N0": "UC_120", "Landuse": "R", "KA": null, "Name": null, "Plot_No": "59", "Block": "A" }, "geometry": { "type": "Polygon", "coordinates": [ [ [ 74.261010180975362, 31.446161545827355 ], [ 74.260893800237241, 31.44592638433118 ], [ 74.26077921961992, 31.445968187787003 ], [ 74.260685678763778, 31.446002315016941 ], [ 74.260811887891364, 31.446237230458351 ], [ 74.260910646746325, 31.446199536169605 ], [ 74.261010180975362, 31.446161545827355 ] ] ] } },
{ "type": "Feature", "properties": { "Id": null, "__source_file": "Export_Output.shp", "OBJECTID": 165939.0, "SHAPE_Leng": 118.061526847, "SHAPE_Area": 869.66049225799998, "Town": "Allama Iqbal Town", "UC_N0": "UC_120", "Landuse": "V", "KA": null, "Name": null, "Plot_No": "46", "Block": "A" }, "geometry": { "type": "Polygon", "coordinates": [ [ [ 74.260812821968884, 31.446236873940105 ], [ 74.260938539160279, 31.446474339454294 ], [ 74.260939153809716, 31.446474111630998 ], [ 74.261044457994629, 31.446435079982862 ], [ 74.261129882796652, 31.446403416662882 ], [ 74.261010180975362, 31.446161545827344 ], [ 74.260910646746325, 31.446199536169605 ], [ 74.260812821968884, 31.446236873940105 ] ] ] } },
{ "type": "Feature", "properties": { "Id": null, "__source_file": "Export_Output.shp", "OBJECTID": 165940.0, "SHAPE_Leng": 92.033675728000006, "SHAPE_Area": 506.046309194, "Town": "Allama Iqbal Town", "UC_N0": "UC_120", "Landuse": "V", "KA": null, "Name": null, "Plot_No": "41", "Block": "A" }, "geometry": { "type": "Polygon", "coordinates": [ [ [ 74.260370393631206, 31.446684923555871 ], [ 74.260250956741103, 31.446453891242246 ], [ 74.26007873414666, 31.446521168839777 ], [ 74.260192842404379, 31.446750732386533 ], [ 74.260370393631206, 31.446684923555871 ] ] ] } },
{ "type": "Feature", "properties": { "Id": null, "__source_file": "Export_Output.shp", "OBJECTID": 165941.0, "SHAPE_Leng": 95.750946059499995, "SHAPE_Area": 534.8739421, "Town": "Allama Iqbal Town", "UC_N0": "UC_120", "Landuse": "R", "KA": null, "Name": null, "Plot_No": "64", "Block": "A" }, "geometry": { "type": "Polygon", "coordinates": [ [ [ 74.260250956741103, 31.446453891242214 ], [ 74.26012353219069, 31.446207405376622 ], [ 74.259953591981699, 31.446269404443704 ], [ 74.26007873414666, 31.446521168839777 ], [ 74.260250956741103, 31.446453891242214 ] ] ] } },
{ "type": "Feature", "properties": { "Id": null, "__source_file": "Export_Output.shp", "OBJECTID": 165942.0, "SHAPE_Leng": 88.879967188799995, "SHAPE_Area": 437.773305811, "Town": "Allama Iqbal Town", "UC_N0": "UC_120", "Landuse": "V", "KA": null, "Name": null, "Plot_No": "63", "Block": "A" }, "geometry": { "type": "Polygon", "coordinates": [ [ [ 74.26039247091596, 31.446398610736448 ], [ 74.260265943943878, 31.446155448575066 ], [ 74.26012353219069, 31.446207405376622 ], [ 74.260250956741103, 31.446453891242005 ], [ 74.26039247091596, 31.446398610736448 ] ] ] } },
{ "type": "Feature", "properties": { "Id": null, "__source_file": "Export_Output.shp", "OBJECTID": 169513.0, "SHAPE_Leng": 184.12182456599999, "SHAPE_Area": 2067.0987485599999, "Town": "Allama Iqbal Town", "UC_N0": "UC_120", "Landuse": null, "KA": null, "Name": null, "Plot_No": "49", "Block": "H" }, "geometry": { "type": "Polygon", "coordinates": [ [ [ 74.257156463388881, 31.444568473106123 ], [ 74.257056399379124, 31.444338308951689 ], [ 74.256864579646304, 31.444407645509703 ], [ 74.25697302537516, 31.444625199301999 ], [ 74.256977237011867, 31.444633648263487 ], [ 74.257156463388881, 31.444568473106123 ] ] ] } },
{ "type": "Feature", "properties": { "Id": null, "__source_file": "Export_Output.shp", "OBJECTID": 169519.0, "SHAPE_Leng": 151.249586394, "SHAPE_Area": 1428.9058375300001, "Town": "Allama Iqbal Town", "UC_N0": "UC_120", "Landuse": "C", "KA": null, "Name": "General Store", "Plot_No": "13", "Block": "B" }, "geometry": { "type": "Polygon", "coordinates": [ [ [ 74.260832802270883, 31.443829511867953 ], [ 74.260947598810858, 31.444056804734849 ], [ 74.261168869817382, 31.443973436543757 ], [ 74.261059120011993, 31.443752365163661 ], [ 74.260832802270883, 31.443829511867953 ] ] ] } },
{ "type": "Feature", "properties": { "Id": null, "__source_file": "Export_Output.shp", "OBJECTID": 169520.0, "SHAPE_Leng": 91.680652845400004, "SHAPE_Area": 488.31890683099999, "Town": "Allama Iqbal Town", "UC_N0": "UC_120", "Landuse": "R", "KA": null, "Name": null, "Plot_No": "28", "Block": "A" }, "geometry": { "type": "Polygon", "coordinates": [ [ [ 74.260623033614962, 31.447226962955913 ], [ 74.260501840675616, 31.446986606172949 ], [ 74.260339211800357, 31.447045196027723 ], [ 74.260458776997595, 31.447285736637685 ], [ 74.260623033614962, 31.447226962955913 ] ] ] } },
{ "type": "Feature", "properties": { "Id": null, "__source_file": "Export_Output.shp", "OBJECTID": 169522.0, "SHAPE_Leng": 105.542737974, "SHAPE_Area": 674.04948968500003, "Town": "Allama Iqbal Town", "UC_N0": "UC_120", "Landuse": "R", "KA": null, "Name": null, "Plot_No": "18", "Block": "A" }, "geometry": { "type": "Polygon", "coordinates": [ [ [ 74.261831232631778, 31.446507659587173 ], [ 74.261958244471359, 31.446749190237231 ], [ 74.262063544827157, 31.44671151044329 ], [ 74.262145056218074, 31.44668234301173 ], [ 74.262094602141048, 31.446412771460892 ], [ 74.261968809235171, 31.44645809279816 ], [ 74.261964910096751, 31.446459497598024 ], [ 74.261845434955177, 31.44650254275281 ], [ 74.261831232631778, 31.446507659587173 ] ] ] } },
{ "type": "Feature", "properties": { "Id": null, "__source_file": "Export_Output.shp", "OBJECTID": 169525.0, "SHAPE_Leng": 89.587849277299995, "SHAPE_Area": 455.98749602499998, "Town": "Allama Iqbal Town", "UC_N0": "UC_120", "Landuse": "R", "KA": null, "Name": null, "Plot_No": "24", "Block": "A" }, "geometry": { "type": "Polygon", "coordinates": [ [ [ 74.261217360383952, 31.447014299217198 ], [ 74.261099956930735, 31.446771121923774 ], [ 74.26094810523503, 31.446825830197994 ], [ 74.261065550332901, 31.447068620810981 ], [ 74.261217360383952, 31.447014299217198 ] ] ] } },
{ "type": "Feature", "properties": { "Id": null, "__source_file": "Export_Output.shp", "OBJECTID": 169526.0, "SHAPE_Leng": 118.063620845, "SHAPE_Area": 870.89801799199995, "Town": "Allama Iqbal Town", "UC_N0": "UC_120", "Landuse": "V", "KA": null, "Name": null, "Plot_No": "25", "Block": "A" }, "geometry": { "type": "Polygon", "coordinates": [ [ [ 74.260802549133757, 31.446878270101212 ], [ 74.260911860945868, 31.44712361434684 ], [ 74.261065550332901, 31.447068620810981 ], [ 74.260948105235045, 31.446825830197994 ], [ 74.260802549133757, 31.446878270101212 ] ] ] } },
{ "type": "Feature", "properties": { "Id": null, "__source_file": "Export_Output.shp", "OBJECTID": 169527.0, "SHAPE_Leng": 89.791811221800003, "SHAPE_Area": 460.30402411, "Town": "Allama Iqbal Town", "UC_N0": "UC_120", "Landuse": "V", "KA": null, "Name": null, "Plot_No": "27", "Block": "A" }, "geometry": { "type": "Polygon", "coordinates": [ [ [ 74.260778603362638, 31.447171296718544 ], [ 74.260653982052304, 31.446931794545915 ], [ 74.260501840675616, 31.446986606172949 ], [ 74.260623033614962, 31.447226962955913 ], [ 74.260778603362638, 31.447171296718544 ] ] ] } },
{ "type": "Feature", "properties": { "Id": null, "__source_file": "Export_Output.shp", "OBJECTID": 169528.0, "SHAPE_Leng": 241.31596688, "SHAPE_Area": 2380.60419761, "Town": "Allama Iqbal Town", "UC_N0": "UC_120", "Landuse": null, "KA": null, "Name": null, "Plot_No": null, "Block": null }, "geometry": { "type": "Polygon", "coordinates": [ [ [ 74.261836408013451, 31.447392803477133 ], [ 74.261738132610517, 31.447172428401991 ], [ 74.261535015000177, 31.447243587299223 ], [ 74.261182197302972, 31.447367190470526 ], [ 74.26118087515097, 31.447367653659285 ], [ 74.261159746118565, 31.447308366364709 ], [ 74.261150826478072, 31.447311201304267 ], [ 74.261277111633049, 31.447578204260608 ], [ 74.261638538383082, 31.447458395814245 ], [ 74.261836219106229, 31.447392866097985 ], [ 74.261836408013451, 31.447392803477133 ] ] ] } },
{ "type": "Feature", "properties": { "Id": null, "__source_file": "Export_Output.shp", "OBJECTID": 169529.0, "SHAPE_Leng": 111.72804029300001, "SHAPE_Area": 769.72551636100002, "Town": "Allama Iqbal Town", "UC_N0": "UC_120", "Landuse": "R", "KA": null, "Name": null, "Plot_No": "15", "Block": "A" }, "geometry": { "type": "Polygon", "coordinates": [ [ [ 74.262021735985698, 31.447073071236581 ], [ 74.262136814154744, 31.447293220926181 ], [ 74.262252231946064, 31.447254960403484 ], [ 74.262206099517201, 31.44700848100112 ], [ 74.262048643112649, 31.447063644569887 ], [ 74.262021735985698, 31.447073071236581 ] ] ] } },
{ "type": "Feature", "properties": { "Id": null, "__source_file": "Export_Output.shp", "OBJECTID": 169530.0, "SHAPE_Leng": 163.765676356, "SHAPE_Area": 1550.43356576, "Town": "Allama Iqbal Town", "UC_N0": "UC_120", "Landuse": "V", "KA": null, "Name": null, "Plot_No": "14", "Block": "A" }, "geometry": { "type": "Polygon", "coordinates": [ [ [ 74.261906243928479, 31.446817631341034 ], [ 74.262030585202965, 31.447069970994679 ], [ 74.262206099517172, 31.447008481001038 ], [ 74.262153756191012, 31.446728822548334 ], [ 74.261906243928479, 31.446817631341034 ] ] ] } },
{ "type": "Feature", "properties": { "Id": null, "__source_file": "Export_Output.shp", "OBJECTID": 169533.0, "SHAPE_Leng": 93.269848788600001, "SHAPE_Area": 508.96773830799998, "Town": "Allama Iqbal Town", "UC_N0": "UC_120", "Landuse": "R", "KA": null, "Name": null, "Plot_No": "3", "Block": "A" }, "geometry": { "type": "Polygon", "coordinates": [ [ [ 74.260740563454419, 31.447449088344587 ], [ 74.260570215453143, 31.447509926541596 ], [ 74.260600552172875, 31.447570957217657 ], [ 74.2606993534407, 31.447769721100464 ], [ 74.260840865359995, 31.447722812664225 ], [ 74.260773325946289, 31.447510429681071 ], [ 74.260772446242655, 31.447510737862483 ], [ 74.260740563454419, 31.447449088344587 ] ] ] } },
{ "type": "Feature", "properties": { "Id": null, "__source_file": "Export_Output.shp", "OBJECTID": 174811.0, "SHAPE_Leng": 475.558586886, "SHAPE_Area": 9780.3922805300008, "Town": "Allama Iqbal Town", "UC_N0": "UC_120", "Landuse": "V", "KA": null, "Name": null, "Plot_No": "59", "Block": "H" }, "geometry": { "type": "Polygon", "coordinates": [ [ [ 74.258442038288408, 31.44416550276766 ], [ 74.258136529733974, 31.444285329741493 ], [ 74.258213775254163, 31.444440188999376 ], [ 74.258521031685859, 31.444327012207758 ], [ 74.258442038288408, 31.44416550276766 ] ] ] } },
{ "type": "Feature", "properties": { "Id": null, "__source_file": "Export_Output.shp", "OBJECTID": 174812.0, "SHAPE_Leng": 248.55336841900001, "SHAPE_Area": 3638.9731801600001, "Town": "Allama Iqbal Town", "UC_N0": "UC_120", "Landuse": "V", "KA": null, "Name": null, "Plot_No": "132", "Block": "J" }, "geometry": { "type": "Polygon", "coordinates": [ [ [ 74.255086535020155, 31.442485004014763 ], [ 74.254729428833571, 31.44261624451341 ], [ 74.254803494975079, 31.442766403309321 ], [ 74.255159627112675, 31.442635897020637 ], [ 74.255086535020155, 31.442485004014763 ] ] ] } },
{ "type": "Feature", "properties": { "Id": null, "__source_file": "Export_Output.shp", "OBJECTID": 174813.0, "SHAPE_Leng": 338.209098316, "SHAPE_Area": 5337.8554069399997, "Town": "Allama Iqbal Town", "UC_N0": "UC_120", "Landuse": "R", "KA": null, "Name": null, "Plot_No": "85", "Block": "J" }, "geometry": { "type": "Polygon", "coordinates": [ [ [ 74.254398051023912, 31.443177862698139 ], [ 74.254299329403395, 31.443010652002791 ], [ 74.254098097634568, 31.443083586719517 ], [ 74.254182476845131, 31.443254199790367 ], [ 74.254398051023912, 31.443177862698139 ] ] ] } },
{ "type": "Feature", "properties": { "Id": null, "__source_file": "Export_Output.shp", "OBJECTID": 175307.0, "SHAPE_Leng": 149.19729322500001, "SHAPE_Area": 1313.88464892, "Town": "Allama Iqbal Town", "UC_N0": "UC_120", "Landuse": "V", "KA": null, "Name": null, "Plot_No": "130", "Block": "B" }, "geometry": { "type": "Polygon", "coordinates": [ [ [ 74.258189403136015, 31.44113433680516 ], [ 74.258057525432378, 31.44091794138582 ], [ 74.257886369359213, 31.440980015704895 ], [ 74.257987687622389, 31.441203439902786 ], [ 74.258122929574952, 31.441157109023212 ], [ 74.258189403136015, 31.44113433680516 ] ] ] } },
{ "type": "Feature", "properties": { "Id": null, "__source_file": "Export_Output.shp", "OBJECTID": 175312.0, "SHAPE_Leng": 328.830863862, "SHAPE_Area": 3317.1711349900002, "Town": "Allama Iqbal Town", "UC_N0": "UC_120", "Landuse": null, "KA": null, "Name": null, "Plot_No": null, "Block": null }, "geometry": { "type": "Polygon", "coordinates": [ [ [ 74.261417041766506, 31.44318957409374 ], [ 74.261192434276538, 31.443279663860562 ], [ 74.261200852377726, 31.443296619647299 ], [ 74.261247435256749, 31.443390447305053 ], [ 74.261287627243846, 31.443471402125621 ], [ 74.261341046053246, 31.443578997589935 ], [ 74.261379454007255, 31.443656358223475 ], [ 74.261425719095769, 31.443749544379688 ], [ 74.261478886156269, 31.443856631128487 ], [ 74.261707451756862, 31.443770513020965 ], [ 74.261417041766506, 31.44318957409374 ] ] ] } },
{ "type": "Feature", "properties": { "Id": null, "__source_file": "Export_Output.shp", "OBJECTID": 175313.0, "SHAPE_Leng": 269.14701225800002, "SHAPE_Area": 4085.2650025900002, "Town": "Allama Iqbal Town", "UC_N0": "UC_120", "Landuse": "R", "KA": null, "Name": null, "Plot_No": "138", "Block": "H" }, "geometry": { "type": "Polygon", "coordinates": [ [ [ 74.260396721847243, 31.441148450044011 ], [ 74.260161042335156, 31.441235449956984 ], [ 74.260218029144994, 31.441350399396168 ], [ 74.260454552253705, 31.441264140270853 ], [ 74.260448739999433, 31.441252513113032 ], [ 74.260396721847243, 31.441148450044011 ] ] ] } },
{ "type": "Feature", "properties": { "Id": null, "__source_file": "Export_Output.shp", "OBJECTID": 175314.0, "SHAPE_Leng": 73.452874543299998, "SHAPE_Area": 315.58825342900002, "Town": "Allama Iqbal Town", "UC_N0": "UC_120", "Landuse": "R", "KA": null, "Name": null, "Plot_No": "20", "Block": "H" }, "geometry": { "type": "Polygon", "coordinates": [ [ [ 74.26054667505494, 31.441448435639899 ], [ 74.260489741774435, 31.441334539300982 ], [ 74.260266865422523, 31.44141533977028 ], [ 74.260323298281662, 31.441529011367756 ], [ 74.26054667505494, 31.441448435639899 ] ] ] } },
{ "type": "Feature", "properties": { "Id": null, "__source_file": "Export_Output.shp", "OBJECTID": 175315.0, "SHAPE_Leng": 117.80620406200001, "SHAPE_Area": 832.56319252100002, "Town": "Allama Iqbal Town", "UC_N0": "UC_120", "Landuse": "R", "KA": null, "Name": null, "Plot_No": "160", "Block": "H" }, "geometry": { "type": "Polygon", "coordinates": [ [ [ 74.26033947549314, 31.441561596967869 ], [ 74.260323298281662, 31.441529011367734 ], [ 74.260266865422523, 31.441415339770305 ], [ 74.260038998001633, 31.441497948852582 ], [ 74.260114875384829, 31.441651742603749 ], [ 74.26033947549314, 31.441561596967869 ] ] ] } },
{ "type": "Feature", "properties": { "Id": null, "__source_file": "Export_Output.shp", "OBJECTID": 175316.0, "SHAPE_Leng": 89.217935991900006, "SHAPE_Area": 496.92101785, "Town": "Allama Iqbal Town", "UC_N0": "UC_120", "Landuse": "R", "KA": null, "Name": null, "Plot_No": "19", "Block": "H" }, "geometry": { "type": "Polygon", "coordinates": [ [ [ 74.260603709483448, 31.44156253253685 ], [ 74.26054667505494, 31.441448435639867 ], [ 74.260323298281662, 31.441529011367734 ], [ 74.260382058571778, 31.441647371534437 ], [ 74.260603709483448, 31.44156253253685 ] ] ] } },
{ "type": "Feature", "properties": { "Id": null, "__source_file": "Export_Output.shp", "OBJECTID": 175317.0, "SHAPE_Leng": 67.154060135700007, "SHAPE_Area": 235.42558607500001, "Town": "Allama Iqbal Town", "UC_N0": "UC_120", "Landuse": "R", "KA": null, "Name": null, "Plot_No": "163", "Block": "H" }, "geometry": { "type": "Polygon", "coordinates": [ [ [ 74.260454238554559, 31.441792762597924 ], [ 74.260412384248866, 31.441708456067019 ], [ 74.260184109501111, 31.44179207083285 ], [ 74.260224264928766, 31.44187346065323 ], [ 74.260454238554559, 31.441792762597924 ] ] ] } },
{ "type": "Feature", "properties": { "Id": null, "__source_file": "Export_Output.shp", "OBJECTID": 175318.0, "SHAPE_Leng": 66.8581506811, "SHAPE_Area": 238.62819471899999, "Town": "Allama Iqbal Town", "UC_N0": "UC_120", "Landuse": "R", "KA": null, "Name": null, "Plot_No": "17", "Block": "H" }, "geometry": { "type": "Polygon", "coordinates": [ [ [ 74.260679315469403, 31.441713782574997 ], [ 74.260635754295734, 31.441626637785419 ], [ 74.260412384248866, 31.441708456067019 ], [ 74.260454238554559, 31.441792762597924 ], [ 74.260679315469403, 31.441713782574997 ] ] ] } },
{ "type": "Feature", "properties": { "Id": null, "__source_file": "Export_Output.shp", "OBJECTID": 175319.0, "SHAPE_Leng": 71.053484599499996, "SHAPE_Area": 280.899179043, "Town": "Allama Iqbal Town", "UC_N0": "UC_120", "Landuse": "V", "KA": null, "Name": null, "Plot_No": "165", "Block": "H" }, "geometry": { "type": "Polygon", "coordinates": [ [ [ 74.260543614059756, 31.441972787201795 ], [ 74.260500189089143, 31.441885318354455 ], [ 74.260495340839825, 31.44187555354522 ], [ 74.260265610603426, 31.441957263570142 ], [ 74.260268289307575, 31.441962691491263 ], [ 74.260314987287245, 31.442057341182085 ], [ 74.260543614059756, 31.441972787201795 ] ] ] } },
{ "type": "Feature", "properties": { "Id": null, "__source_file": "Export_Output.shp", "OBJECTID": 175320.0, "SHAPE_Leng": 67.307418642200005, "SHAPE_Area": 236.92296234200001, "Town": "Allama Iqbal Town", "UC_N0": "UC_120", "Landuse": "R", "KA": null, "Name": null, "Plot_No": "164", "Block": "H" }, "geometry": { "type": "Polygon", "coordinates": [ [ [ 74.260495340839825, 31.44187555354522 ], [ 74.260454238554559, 31.441792762597924 ], [ 74.260224264928766, 31.44187346065323 ], [ 74.260265610603426, 31.441957263570142 ], [ 74.260495340839825, 31.44187555354522 ] ] ] } },
{ "type": "Feature", "properties": { "Id": null, "__source_file": "Export_Output.shp", "OBJECTID": 175321.0, "SHAPE_Leng": 69.542499532400001, "SHAPE_Area": 260.81490714199998, "Town": "Allama Iqbal Town", "UC_N0": "UC_120", "Landuse": "R", "KA": null, "Name": null, "Plot_No": "172", "Block": "H" }, "geometry": { "type": "Polygon", "coordinates": [ [ [ 74.260855849748211, 31.442601708308271 ], [ 74.260809145391534, 31.442507634397941 ], [ 74.260580440996407, 31.44259536963526 ], [ 74.260623769952574, 31.44268318795924 ], [ 74.260855849748211, 31.442601708308271 ] ] ] } },
{ "type": "Feature", "properties": { "Id": null, "__source_file": "Export_Output.shp", "OBJECTID": 175322.0, "SHAPE_Leng": 176.65057151299999, "SHAPE_Area": 1532.9120895200001, "Town": "Allama Iqbal Town", "UC_N0": "UC_120", "Landuse": "R", "KA": null, "Name": null, "Plot_No": "166", "Block": "H" }, "geometry": { "type": "Polygon", "coordinates": [ [ [ 74.260601435556211, 31.442089254861045 ], [ 74.260543614059756, 31.441972787201813 ], [ 74.260314987287245, 31.442057341182128 ], [ 74.260372170841009, 31.442173242846771 ], [ 74.260601435556211, 31.442089254861045 ] ] ] } },
{ "type": "Feature", "properties": { "Id": null, "__source_file": "Export_Output.shp", "OBJECTID": 175323.0, "SHAPE_Leng": 66.753732337599999, "SHAPE_Area": 233.859370388, "Town": "Allama Iqbal Town", "UC_N0": "UC_120", "Landuse": "R", "KA": null, "Name": null, "Plot_No": "7", "Block": "H" }, "geometry": { "type": "Polygon", "coordinates": [ [ [ 74.261125176393747, 31.442605716046927 ], [ 74.261083261768562, 31.442521867719293 ], [ 74.260855849748211, 31.442601708308271 ], [ 74.2608966885483, 31.442683967996501 ], [ 74.261125176393747, 31.442605716046927 ] ] ] } },
{ "type": "Feature", "properties": { "Id": null, "__source_file": "Export_Output.shp", "OBJECTID": 175324.0, "SHAPE_Leng": 241.357582917, "SHAPE_Area": 2263.5927824400001, "Town": "Allama Iqbal Town", "UC_N0": "UC_120", "Landuse": "R", "KA": null, "Name": null, "Plot_No": "16", "Block": "H" }, "geometry": { "type": "Polygon", "coordinates": [ [ [ 74.260730184442409, 31.441815545588259 ], [ 74.260679315469403, 31.441713782574997 ], [ 74.260454238554559, 31.441792762597924 ], [ 74.260495340839839, 31.441875553545231 ], [ 74.260500189089157, 31.441885318354455 ], [ 74.260510427916103, 31.441905941950985 ], [ 74.260730184442409, 31.441815545588259 ] ] ] } },
{ "type": "Feature", "properties": { "Id": null, "__source_file": "Export_Output.shp", "OBJECTID": 175325.0, "SHAPE_Leng": 70.1193530189, "SHAPE_Area": 266.85323966, "Town": "Allama Iqbal Town", "UC_N0": "UC_120", "Landuse": "R", "KA": null, "Name": null, "Plot_No": "175", "Block": "H" }, "geometry": { "type": "Polygon", "coordinates": [ [ [ 74.260985819148772, 31.442863496450919 ], [ 74.260946765614079, 31.442784834249075 ], [ 74.260939030617791, 31.442769254289523 ], [ 74.260708223765519, 31.442854359357657 ], [ 74.260753277661067, 31.44294567469408 ], [ 74.260985819148772, 31.442863496450919 ] ] ] } },
{ "type": "Feature", "properties": { "Id": null, "__source_file": "Export_Output.shp", "OBJECTID": 175326.0, "SHAPE_Leng": 88.490255834899997, "SHAPE_Area": 486.38867, "Town": "Allama Iqbal Town", "UC_N0": "UC_120", "Landuse": "V", "KA": null, "Name": null, "Plot_No": "173", "Block": "H" }, "geometry": { "type": "Polygon", "coordinates": [ [ [ 74.260901862308842, 31.442694389103451 ], [ 74.260896688548314, 31.442683967996501 ], [ 74.260855849748211, 31.44260170830831 ], [ 74.260623769952574, 31.442683187959268 ], [ 74.260672026157607, 31.4427809939517 ], [ 74.260901862308842, 31.442694389103451 ] ] ] } },
{ "type": "Feature", "properties": { "Id": null, "__source_file": "Export_Output.shp", "OBJECTID": 175327.0, "SHAPE_Leng": 68.113725867300005, "SHAPE_Area": 242.57393053300001, "Town": "Allama Iqbal Town", "UC_N0": "UC_120", "Landuse": "V", "KA": null, "Name": null, "Plot_No": "176", "Block": "B" }, "geometry": { "type": "Polygon", "coordinates": [ [ [ 74.261027060134936, 31.442946565006494 ], [ 74.260987136464564, 31.442866149821498 ], [ 74.260985819148772, 31.442863496450919 ], [ 74.260753277661081, 31.442945674694069 ], [ 74.260795433289033, 31.443031115138016 ], [ 74.261027060134936, 31.442946565006494 ] ] ] } },
{ "type": "Feature", "properties": { "Id": null, "__source_file": "Export_Output.shp", "OBJECTID": 175328.0, "SHAPE_Leng": 132.05977990599999, "SHAPE_Area": 1008.16538543, "Town": "Allama Iqbal Town", "UC_N0": "UC_120", "Landuse": "R", "KA": null, "Name": null, "Plot_No": "177", "Block": "H" }, "geometry": { "type": "Polygon", "coordinates": [ [ [ 74.261080882878161, 31.443054975788293 ], [ 74.261030676978663, 31.442953850129509 ], [ 74.261027060134936, 31.442946565006498 ], [ 74.260795433289033, 31.44303111513803 ], [ 74.26085002103251, 31.443141753558535 ], [ 74.261080882878161, 31.443054975788293 ] ] ] } },
{ "type": "Feature", "properties": { "Id": null, "__source_file": "Export_Output.shp", "OBJECTID": 175329.0, "SHAPE_Leng": 70.741998342399995, "SHAPE_Area": 272.51602364799999, "Town": "Allama Iqbal Town", "UC_N0": "UC_120", "Landuse": "R", "KA": null, "Name": null, "Plot_No": "181", "Block": "H" }, "geometry": { "type": "Polygon", "coordinates": [ [ [ 74.261247435256763, 31.443390447305049 ], [ 74.26120085237774, 31.443296619647299 ], [ 74.260967417943121, 31.443379692634533 ], [ 74.261014068624135, 31.443474242545868 ], [ 74.261247435256763, 31.443390447305049 ] ] ] } },
{ "type": "Feature", "properties": { "Id": null, "__source_file": "Export_Output.shp", "OBJECTID": 175330.0, "SHAPE_Leng": 67.443856851899994, "SHAPE_Area": 232.541318109, "Town": "Allama Iqbal Town", "UC_N0": "UC_120", "Landuse": "R", "KA": null, "Name": null, "Plot_No": "182", "Block": "H" }, "geometry": { "type": "Polygon", "coordinates": [ [ [ 74.261287627243846, 31.443471402125606 ], [ 74.261247435256763, 31.443390447305049 ], [ 74.261014068624135, 31.443474242545868 ], [ 74.261053358429706, 31.443553874983277 ], [ 74.261287627243846, 31.443471402125606 ] ] ] } },
{ "type": "Feature", "properties": { "Id": null, "__source_file": "Export_Output.shp", "OBJECTID": 175331.0, "SHAPE_Leng": 74.021721989100001, "SHAPE_Area": 310.479885475, "Town": "Allama Iqbal Town", "UC_N0": "UC_120", "Landuse": "R", "KA": null, "Name": null, "Plot_No": "186", "Block": "H" }, "geometry": { "type": "Polygon", "coordinates": [ [ [ 74.261478886156269, 31.443856631128487 ], [ 74.261425719095769, 31.443749544379688 ], [ 74.261193515320699, 31.443837938969285 ], [ 74.261246026456945, 31.443944366110152 ], [ 74.261478886156269, 31.443856631128487 ] ] ] } },
{ "type": "Feature", "properties": { "Id": null, "__source_file": "Export_Output.shp", "OBJECTID": 175332.0, "SHAPE_Leng": 92.672363987400004, "SHAPE_Area": 499.08864442499998, "Town": "Allama Iqbal Town", "UC_N0": "UC_120", "Landuse": "R", "KA": null, "Name": null, "Plot_No": "81", "Block": "B" }, "geometry": { "type": "Polygon", "coordinates": [ [ [ 74.260036317635681, 31.442197949145875 ], [ 74.260150207579898, 31.44244247686941 ], [ 74.26019429935323, 31.44242629072728 ], [ 74.260368975174018, 31.442362166767968 ], [ 74.260250385040962, 31.44212327905019 ], [ 74.260249863247054, 31.442122227941454 ], [ 74.260036317635681, 31.442197949145875 ] ] ] } },
{ "type": "Feature", "properties": { "Id": null, "__source_file": "Export_Output.shp", "OBJECTID": 175338.0, "SHAPE_Leng": 181.078714523, "SHAPE_Area": 1442.7662359599999, "Town": "Allama Iqbal Town", "UC_N0": "UC_120", "Landuse": "R", "KA": null, "Name": null, "Plot_No": "35", "Block": "E" }, "geometry": { "type": "Polygon", "coordinates": [ [ [ 74.261185503899654, 31.436289985968809 ], [ 74.260915194517523, 31.435758172884601 ], [ 74.260657096780392, 31.435858924089196 ], [ 74.260702187555935, 31.435894719390905 ], [ 74.260752620897037, 31.435943767637106 ], [ 74.260796331536596, 31.435997348659544 ], [ 74.260832771253035, 31.436054789849869 ], [ 74.260861480618033, 31.436115366782143 ], [ 74.260882099391992, 31.436178319512614 ], [ 74.260885857943421, 31.436193895585227 ], [ 74.260894008849007, 31.43623694002854 ], [ 74.260914596636582, 31.436309479635998 ], [ 74.260941542954157, 31.436376035359867 ], [ 74.261185503899654, 31.436289985968809 ] ] ] } },
{ "type": "Feature", "properties": { "Id": null, "__source_file": "Export_Output.shp", "OBJECTID": 175339.0, "SHAPE_Leng": 69.297648116299996, "SHAPE_Area": 242.38539738099999, "Town": "Allama Iqbal Town", "UC_N0": "UC_120", "Landuse": "R", "KA": null, "Name": null, "Plot_No": "34", "Block": "E" }, "geometry": { "type": "Polygon", "coordinates": [ [ [ 74.261226122009802, 31.436369899447879 ], [ 74.261185503899654, 31.436289985968809 ], [ 74.260941542954157, 31.436376035359867 ], [ 74.260943399741961, 31.436379985192815 ], [ 74.260980094901143, 31.436447681620738 ], [ 74.260985138015357, 31.436455784737671 ], [ 74.261226122009802, 31.436369899447879 ] ] ] } },
{ "type": "Feature", "properties": { "Id": null, "__source_file": "Export_Output.shp", "OBJECTID": 175340.0, "SHAPE_Leng": 71.560929314099994, "SHAPE_Area": 275.35895325000001, "Town": "Allama Iqbal Town", "UC_N0": "UC_120", "Landuse": "R", "KA": null, "Name": null, "Plot_No": "33", "Block": "E" }, "geometry": { "type": "Polygon", "coordinates": [ [ [ 74.261272807649917, 31.436461748270148 ], [ 74.261226122009802, 31.436369899447879 ], [ 74.260985138015357, 31.436455784737671 ], [ 74.2610176888561, 31.436503160756402 ], [ 74.261041934418699, 31.436549021843671 ], [ 74.261272807649917, 31.436461748270148 ] ] ] } },
{ "type": "Feature", "properties": { "Id": null, "__source_file": "Export_Output.shp", "OBJECTID": 175341.0, "SHAPE_Leng": 69.488084209099995, "SHAPE_Area": 259.13412649600002, "Town": "Allama Iqbal Town", "UC_N0": "UC_120", "Landuse": "R", "KA": null, "Name": null, "Plot_No": "32", "Block": "E" }, "geometry": { "type": "Polygon", "coordinates": [ [ [ 74.261319065389245, 31.436552755537008 ], [ 74.261272807649917, 31.436461748270148 ], [ 74.261041934418699, 31.436549021843671 ], [ 74.261088342507364, 31.436636802792989 ], [ 74.261319065389245, 31.436552755537008 ] ] ] } },
{ "type": "Feature", "properties": { "Id": null, "__source_file": "Export_Output.shp", "OBJECTID": 175342.0, "SHAPE_Leng": 70.735376077699996, "SHAPE_Area": 276.02450718400002, "Town": "Allama Iqbal Town", "UC_N0": "UC_120", "Landuse": "R", "KA": null, "Name": null, "Plot_No": "31", "Block": "E" }, "geometry": { "type": "Polygon", "coordinates": [ [ [ 74.26136783310173, 31.436648701610974 ], [ 74.261319065389245, 31.436552755537008 ], [ 74.261088342507364, 31.436636802792989 ], [ 74.261138991579301, 31.436732604618534 ], [ 74.26136783310173, 31.436648701610974 ] ] ] } },
{ "type": "Feature", "properties": { "Id": null, "__source_file": "Export_Output.shp", "OBJECTID": 175343.0, "SHAPE_Leng": 67.017385269900004, "SHAPE_Area": 234.11065168100001, "Town": "Allama Iqbal Town", "UC_N0": "UC_120", "Landuse": "R", "KA": null, "Name": null, "Plot_No": "30", "Block": "E" }, "geometry": { "type": "Polygon", "coordinates": [ [ [ 74.261409130292165, 31.436729949730157 ], [ 74.26136783310173, 31.436648701610981 ], [ 74.26113899157933, 31.436732604618555 ], [ 74.261182589867204, 31.436815069649057 ], [ 74.261409130292165, 31.436729949730157 ] ] ] } },
{ "type": "Feature", "properties": { "Id": null, "__source_file": "Export_Output.shp", "OBJECTID": 175344.0, "SHAPE_Leng": 131.85750940299999, "SHAPE_Area": 991.13208622599996, "Town": "Allama Iqbal Town", "UC_N0": "UC_120", "Landuse": "R", "KA": null, "Name": null, "Plot_No": "27", "Block": "E" }, "geometry": { "type": "Polygon", "coordinates": [ [ [ 74.261542895164297, 31.436993118117446 ], [ 74.261496059401608, 31.436900973836053 ], [ 74.26127612149601, 31.436991982592073 ], [ 74.261331343726653, 31.437096433843177 ], [ 74.261542895164297, 31.436993118117446 ] ] ] } },
{ "type": "Feature", "properties": { "Id": null, "__source_file": "Export_Output.shp", "OBJECTID": 175346.0, "SHAPE_Leng": 68.532498386399993, "SHAPE_Area": 263.05431653400001, "Town": "Allama Iqbal Town", "UC_N0": "UC_120", "Landuse": "R", "KA": null, "Name": null, "Plot_No": "24", "Block": "E" }, "geometry": { "type": "Polygon", "coordinates": [ [ [ 74.261680115623676, 31.437263083795589 ], [ 74.261631899640079, 31.437168223695124 ], [ 74.261415143192394, 31.437246392810771 ], [ 74.261411348586734, 31.43724776125908 ], [ 74.261462440029121, 31.437344398259633 ], [ 74.261680115623676, 31.437263083795589 ] ] ] } },
{ "type": "Feature", "properties": { "Id": null, "__source_file": "Export_Output.shp", "OBJECTID": 175347.0, "SHAPE_Leng": 68.130970891600001, "SHAPE_Area": 260.39319344699999, "Town": "Allama Iqbal Town", "UC_N0": "UC_120", "Landuse": "R", "KA": null, "Name": null, "Plot_No": "23", "Block": "E" }, "geometry": { "type": "Polygon", "coordinates": [ [ [ 74.261729315178343, 31.437359875799171 ], [ 74.261680115623662, 31.437263083795575 ], [ 74.261462440029106, 31.437344398259633 ], [ 74.261512247875089, 31.437438608068611 ], [ 74.261729315178343, 31.437359875799171 ] ] ] } },
{ "type": "Feature", "properties": { "Id": null, "__source_file": "Export_Output.shp", "OBJECTID": 175348.0, "SHAPE_Leng": 62.186416676199997, "SHAPE_Area": 195.588307007, "Town": "Allama Iqbal Town", "UC_N0": "UC_120", "Landuse": "R", "KA": null, "Name": null, "Plot_No": "22", "Block": "E" }, "geometry": { "type": "Polygon", "coordinates": [ [ [ 74.261766077078008, 31.437432199004046 ], [ 74.261729315178343, 31.437359875799185 ], [ 74.261512247875103, 31.437438608068636 ], [ 74.261550362587002, 31.437510700040935 ], [ 74.261766077078008, 31.437432199004046 ] ] ] } },
{ "type": "Feature", "properties": { "Id": null, "__source_file": "Export_Output.shp", "OBJECTID": 175365.0, "SHAPE_Leng": 610.59122824300005, "SHAPE_Area": 10844.7054052, "Town": "Allama Iqbal Town", "UC_N0": "UC_120", "Landuse": "V", "KA": null, "Name": null, "Plot_No": "1", "Block": "K" }, "geometry": { "type": "Polygon", "coordinates": [ [ [ 74.255823780126249, 31.442671203077392 ], [ 74.255474924510906, 31.442796723603966 ], [ 74.255557492413487, 31.442959126335129 ], [ 74.25590011931844, 31.442828901394066 ], [ 74.255823780126249, 31.442671203077392 ] ] ] } },
{ "type": "Feature", "properties": { "Id": null, "__source_file": "Export_Output.shp", "OBJECTID": 175366.0, "SHAPE_Leng": 434.09221053200002, "SHAPE_Area": 8981.806559000001, "Town": "Allama Iqbal Town", "UC_N0": "UC_120", "Landuse": "V", "KA": null, "Name": null, "Plot_No": "31", "Block": "H" }, "geometry": { "type": "Polygon", "coordinates": [ [ [ 74.256657309485774, 31.444415988434859 ], [ 74.256541787741469, 31.444176377767981 ], [ 74.256425054478953, 31.444218111653822 ], [ 74.256232444205693, 31.444286972388717 ], [ 74.256354592055075, 31.444527340780414 ], [ 74.256657309485774, 31.444415988434859 ] ] ] } },
{ "type": "Feature", "properties": { "Id": null, "__source_file": "Export_Output.shp", "OBJECTID": 175479.0, "SHAPE_Leng": 199.374962608, "SHAPE_Area": 2384.8851679300001, "Town": "Allama Iqbal Town", "UC_N0": "UC_120", "Landuse": "R", "KA": null, "Name": null, "Plot_No": "120", "Block": "J" }, "geometry": { "type": "Polygon", "coordinates": [ [ [ 74.25443371613386, 31.44246145164054 ], [ 74.254396050784663, 31.442381578036326 ], [ 74.254298785507572, 31.442175315423416 ], [ 74.254130889273512, 31.442279105894166 ], [ 74.254259613184274, 31.44251956228922 ], [ 74.25443371613386, 31.44246145164054 ] ] ] } },
{ "type": "Feature", "properties": { "Id": null, "__source_file": "Export_Output.shp", "OBJECTID": 175480.0, "SHAPE_Leng": 1209.94440925, "SHAPE_Area": 49863.505787200003, "Town": "Allama Iqbal Town", "UC_N0": "UC_120", "Landuse": null, "KA": null, "Name": null, "Plot_No": null, "Block": null }, "geometry": { "type": "Polygon", "coordinates": [ [ [ 74.254580819904007, 31.443894583618629 ], [ 74.254370062440515, 31.443466353556381 ], [ 74.254300332543139, 31.443492500408869 ], [ 74.254273061822573, 31.443437360059725 ], [ 74.254098097634568, 31.443083586719467 ], [ 74.254073524261472, 31.443033899743568 ], [ 74.253887757648997, 31.44265827898008 ], [ 74.253847518727, 31.442662981589486 ], [ 74.253796778651932, 31.442665933150192 ], [ 74.251630901202674, 31.442853596292128 ], [ 74.251497228289423, 31.442862558450255 ], [ 74.251226631672694, 31.442886043607512 ], [ 74.251227348893778, 31.442898146636178 ], [ 74.251235634085901, 31.442946309816953 ], [ 74.251252397479604, 31.442992824563568 ], [ 74.251261679659976, 31.443009175705036 ], [ 74.251428545170882, 31.443012755609939 ], [ 74.251473059268747, 31.443013710432023 ], [ 74.25151938204786, 31.44301470377528 ], [ 74.251553855304678, 31.443015442915545 ], [ 74.251719819140163, 31.443019002737522 ], [ 74.251733489965659, 31.443019296418054 ], [ 74.251932922260593, 31.443023573840094 ], [ 74.251930895499186, 31.443091254141141 ], [ 74.251928442217334, 31.443173147407379 ], [ 74.25192170244452, 31.44319732106127 ], [ 74.251911627990452, 31.443249547970808 ], [ 74.251908226649221, 31.443267182845894 ], [ 74.25190394348833, 31.443329183994216 ], [ 74.251903343042599, 31.443337869816236 ], [ 74.251906949300093, 31.443405706613746 ], [ 74.251907103057121, 31.443408606360364 ], [ 74.251909940466462, 31.443429898296372 ], [ 74.251911214859945, 31.443435197287744 ], [ 74.251915326894959, 31.443473680443038 ], [ 74.251915284639665, 31.443476349879852 ], [ 74.251910603774391, 31.44351211290542 ], [ 74.251897225611629, 31.443549016076759 ], [ 74.251887541458075, 31.443564297345819 ], [ 74.251878775943709, 31.443578129592385 ], [ 74.251875706681901, 31.443582972855676 ], [ 74.251846875028889, 31.443612678043436 ], [ 74.251811837330933, 31.443636989566492 ], [ 74.251792988339503, 31.443646557643262 ], [ 74.251812935821945, 31.44368031811495 ], [ 74.251820747641261, 31.443693538929999 ], [ 74.25190344211903, 31.44383349682359 ], [ 74.251736873917338, 31.443897463421759 ], [ 74.251715204978723, 31.44390578528191 ], [ 74.251763937297881, 31.443987926087576 ], [ 74.251848221553544, 31.444157084782383 ], [ 74.252101398274363, 31.444665204801058 ], [ 74.252181064845942, 31.444825092116311 ], [ 74.254580819904007, 31.443894583618629 ] ] ] } },
{ "type": "Feature", "properties": { "Id": null, "__source_file": "Export_Output.shp", "OBJECTID": 175495.0, "SHAPE_Leng": 160.78154458, "SHAPE_Area": 1258.66714701, "Town": "Allama Iqbal Town", "UC_N0": "UC_120", "Landuse": "V", "KA": null, "Name": null, "Plot_No": "88", "Block": "H" }, "geometry": { "type": "Polygon", "coordinates": [ [ [ 74.258138713229258, 31.445113240097413 ], [ 74.258012059727633, 31.4448414075001 ], [ 74.257821270471098, 31.444907690383715 ], [ 74.257831728065085, 31.444927879968471 ], [ 74.257961426161643, 31.445178277065651 ], [ 74.258138713229258, 31.445113240097413 ] ] ] } },
{ "type": "Feature", "properties": { "Id": null, "__source_file": "Export_Output.shp", "OBJECTID": 175708.0, "SHAPE_Leng": 293.168972161, "SHAPE_Area": 5113.9449207799998, "Town": "Allama Iqbal Town", "UC_N0": "UC_120", "Landuse": "O", "KA": null, "Name": null, "Plot_No": null, "Block": "J" }, "geometry": { "type": "Polygon", "coordinates": [ [ [ 74.256022824691996, 31.444031315265047 ], [ 74.25578794158811, 31.443558854906886 ], [ 74.254933976510415, 31.443880216785981 ], [ 74.255159239746462, 31.444363431375415 ], [ 74.256022824691996, 31.444031315265047 ] ] ] } },
{ "type": "Feature", "properties": { "Id": null, "__source_file": "Export_Output.shp", "OBJECTID": 175709.0, "SHAPE_Leng": 281.68329479, "SHAPE_Area": 4804.57679654, "Town": "Allama Iqbal Town", "UC_N0": "UC_120", "Landuse": "V", "KA": null, "Name": null, "Plot_No": "28", "Block": "J" }, "geometry": { "type": "Polygon", "coordinates": [ [ [ 74.254540011194734, 31.444601567346023 ], [ 74.254390038281343, 31.444332498702476 ], [ 74.254159400618875, 31.44441703624674 ], [ 74.254295301529751, 31.44469567396126 ], [ 74.254540011194734, 31.444601567346023 ] ] ] } },
{ "type": "Feature", "properties": { "Id": null, "__source_file": "Export_Output.shp", "OBJECTID": 175710.0, "SHAPE_Leng": 470.342197489, "SHAPE_Area": 9912.0934363300003, "Town": "Allama Iqbal Town", "UC_N0": "UC_120", "Landuse": "R", "KA": null, "Name": null, "Plot_No": "5", "Block": "J" }, "geometry": { "type": "Polygon", "coordinates": [ [ [ 74.25479333707537, 31.445110955509598 ], [ 74.254672304715228, 31.444869350460607 ], [ 74.254425028673069, 31.444961652692907 ], [ 74.254543414805198, 31.445204376900541 ], [ 74.25479333707537, 31.445110955509598 ] ] ] } },
{ "type": "Feature", "properties": { "Id": null, "__source_file": "Export_Output.shp", "OBJECTID": 175738.0, "SHAPE_Leng": 437.676011587, "SHAPE_Area": 9163.3300505299994, "Town": "Allama Iqbal Town", "UC_N0": "UC_120", "Landuse": "R", "KA": null, "Name": null, "Plot_No": "10", "Block": "H" }, "geometry": { "type": "Polygon", "coordinates": [ [ [ 74.256302848007309, 31.443654097909889 ], [ 74.256198351401267, 31.443409710039809 ], [ 74.255850792969284, 31.443536014791384 ], [ 74.255932168519934, 31.443696069475209 ], [ 74.25597088034101, 31.443772249533598 ], [ 74.256302848007309, 31.443654097909889 ] ] ] } },
{ "type": "Feature", "properties": { "Id": null, "__source_file": "Export_Output.shp", "OBJECTID": 175739.0, "SHAPE_Leng": 397.850288686, "SHAPE_Area": 7910.3597406299996, "Town": "Allama Iqbal Town", "UC_N0": "UC_120", "Landuse": "R", "KA": null, "Name": null, "Plot_No": "53", "Block": "K" }, "geometry": { "type": "Polygon", "coordinates": [ [ [ 74.25686839363803, 31.440929213732709 ], [ 74.256517854015456, 31.441059915621135 ], [ 74.256595208736371, 31.441212771024297 ], [ 74.256945354072954, 31.441086242898017 ], [ 74.25686839363803, 31.440929213732709 ] ] ] } },
{ "type": "Feature", "properties": { "Id": null, "__source_file": "Export_Output.shp", "OBJECTID": 175741.0, "SHAPE_Leng": 320.55987977900003, "SHAPE_Area": 4695.0005225100003, "Town": "Allama Iqbal Town", "UC_N0": "UC_120", "Landuse": "V", "KA": null, "Name": null, "Plot_No": "64", "Block": "K" }, "geometry": { "type": "Polygon", "coordinates": [ [ [ 74.256322160957893, 31.441311437921119 ], [ 74.256250125569153, 31.441159579600882 ], [ 74.255908198910745, 31.441286936425708 ], [ 74.255982320229478, 31.441434239797012 ], [ 74.256265075056902, 31.441332066160509 ], [ 74.256322160957893, 31.441311437921119 ] ] ] } },
{ "type": "Feature", "properties": { "Id": null, "__source_file": "Export_Output.shp", "OBJECTID": 175742.0, "SHAPE_Leng": 363.16785076000002, "SHAPE_Area": 7188.6398433599998, "Town": "Allama Iqbal Town", "UC_N0": "UC_120", "Landuse": "V", "KA": null, "Name": null, "Plot_No": "25", "Block": "K" }, "geometry": { "type": "Polygon", "coordinates": [ [ [ 74.257275456450017, 31.441772525170187 ], [ 74.257211290428046, 31.44163912495663 ], [ 74.25686701354897, 31.441749859261272 ], [ 74.256939912035264, 31.441893905903001 ], [ 74.257275456450017, 31.441772525170187 ] ] ] } },
{ "type": "Feature", "properties": { "Id": null, "__source_file": "Export_Output.shp", "OBJECTID": 175743.0, "SHAPE_Leng": 320.57480109199997, "SHAPE_Area": 6035.74192408, "Town": "Allama Iqbal Town", "UC_N0": "UC_120", "Landuse": "C", "KA": null, "Name": null, "Plot_No": "10", "Block": "K" }, "geometry": { "type": "Polygon", "coordinates": [ [ [ 74.257126596815425, 31.442675822940416 ], [ 74.256992073103021, 31.442423359851421 ], [ 74.256993716589292, 31.442421807671135 ], [ 74.256763141142542, 31.442506086160673 ], [ 74.256891730194681, 31.442758125383488 ], [ 74.257126596815425, 31.442675822940416 ] ] ] } },
{ "type": "Feature", "properties": { "Id": null, "__source_file": "Export_Output.shp", "OBJECTID": 175744.0, "SHAPE_Leng": 231.94294437100001, "SHAPE_Area": 3357.4380426399998, "Town": "Allama Iqbal Town", "UC_N0": "UC_120", "Landuse": "O", "KA": null, "Name": null, "Plot_No": null, "Block": "K" }, "geometry": { "type": "Polygon", "coordinates": [ [ [ 74.256970290378291, 31.443021295617982 ], [ 74.25671354002337, 31.44252421550641 ], [ 74.256175786994191, 31.442720769374215 ], [ 74.256426248479045, 31.443217955672207 ], [ 74.256970290378291, 31.443021295617982 ] ] ] } },
{ "type": "Feature", "properties": { "Id": null, "__source_file": "Export_Output.shp", "OBJECTID": 175995.0, "SHAPE_Leng": 314.24977866199998, "SHAPE_Area": 5253.4897198, "Town": "Allama Iqbal Town", "UC_N0": "UC_120", "Landuse": "V", "KA": null, "Name": null, "Plot_No": "70", "Block": "K" }, "geometry": { "type": "Polygon", "coordinates": [ [ [ 74.256007368872247, 31.44177823263076 ], [ 74.255892457174966, 31.441521989475763 ], [ 74.255621214488315, 31.441619879874523 ], [ 74.255744471405876, 31.441864561402571 ], [ 74.255748351953613, 31.44187226474796 ], [ 74.256007368872247, 31.44177823263076 ] ] ] } },
{ "type": "Feature", "properties": { "Id": null, "__source_file": "Export_Output.shp", "OBJECTID": 175999.0, "SHAPE_Leng": 330.09711224799997, "SHAPE_Area": 7125.0223458600003, "Town": "Allama Iqbal Town", "UC_N0": "UC_120", "Landuse": "GY", "KA": null, "Name": null, "Plot_No": null, "Block": "E" }, "geometry": { "type": "Polygon", "coordinates": [ [ [ 74.260919374159997, 31.43649813123244 ], [ 74.260913416467048, 31.436489913667589 ], [ 74.260897132425768, 31.436467930805076 ], [ 74.26087442282018, 31.436436877777076 ], [ 74.260846170942301, 31.436386912773369 ], [ 74.260825767364423, 31.43633421418528 ], [ 74.260813560682337, 31.436279681743326 ], [ 74.260810260899987, 31.436246411137805 ], [ 74.260798452742705, 31.436187359032498 ], [ 74.260778169279746, 31.436127811423269 ], [ 74.260749959013395, 31.436070685663498 ], [ 74.260714205238386, 31.436016753559301 ], [ 74.260671391539859, 31.435966745089946 ], [ 74.260622095571804, 31.435921336643279 ], [ 74.260566984918384, 31.435881141970146 ], [ 74.260506804523885, 31.43584670489448 ], [ 74.260442368338929, 31.435818491145422 ], [ 74.260408255151503, 31.435806659110771 ], [ 74.260343830828532, 31.435785517936793 ], [ 74.260340121739446, 31.435784292050961 ], [ 74.260284708491469, 31.435841338415109 ], [ 74.259998857960994, 31.436128842356286 ], [ 74.259810460506301, 31.436312382120384 ], [ 74.260069123593325, 31.436826135274327 ], [ 74.26015513571565, 31.436792954383201 ], [ 74.260156252506832, 31.436792523558175 ], [ 74.260232785858904, 31.436762999221969 ], [ 74.26023968785141, 31.436760336631252 ], [ 74.260297916079551, 31.43673787383031 ], [ 74.260307756016459, 31.436734077857711 ], [ 74.260389853537021, 31.436702406887218 ], [ 74.26039147268456, 31.436701782263754 ], [ 74.26046162352273, 31.436674720393526 ], [ 74.26046360616364, 31.436673955555509 ], [ 74.260484479070271, 31.436665903468352 ], [ 74.260541082287091, 31.436644067419468 ], [ 74.260542976011536, 31.436643336869206 ], [ 74.260565172226606, 31.436634774136554 ], [ 74.260609862135837, 31.436617533844252 ], [ 74.260614485002876, 31.436615750452038 ], [ 74.260658662949851, 31.436598707638531 ], [ 74.26068831747645, 31.436587267633275 ], [ 74.260699299476641, 31.436583031038477 ], [ 74.260737406534659, 31.436568330230365 ], [ 74.260761505227052, 31.436559033520435 ], [ 74.260762417911138, 31.436558681428224 ], [ 74.260868361804484, 31.436517810683412 ], [ 74.260919374159997, 31.43649813123244 ] ] ] } },
{ "type": "Feature", "properties": { "Id": null, "__source_file": "Export_Output.shp", "OBJECTID": 176001.0, "SHAPE_Leng": 210.22370114500001, "SHAPE_Area": 2238.60179552, "Town": "Allama Iqbal Town", "UC_N0": "UC_120", "Landuse": "V", "KA": null, "Name": null, "Plot_No": "117", "Block": "E" }, "geometry": { "type": "Polygon", "coordinates": [ [ [ 74.261536226896723, 31.437679956913353 ], [ 74.261463861365186, 31.437535394303787 ], [ 74.261106439386822, 31.437664296960683 ], [ 74.261178394179439, 31.437817048637594 ], [ 74.261536226896723, 31.437679956913353 ] ] ] } },
{ "type": "Feature", "properties": { "Id": null, "__source_file": "Export_Output.shp", "OBJECTID": 176002.0, "SHAPE_Leng": 178.838352894, "SHAPE_Area": 1761.8513436400001, "Town": "Allama Iqbal Town", "UC_N0": "UC_120", "Landuse": "R", "KA": null, "Name": null, "Plot_No": "137", "Block": "E" }, "geometry": { "type": "Polygon", "coordinates": [ [ [ 74.259276492555003, 31.43800904448533 ], [ 74.259218204747157, 31.437903448727401 ], [ 74.258930648086448, 31.437994970252369 ], [ 74.258996888796304, 31.438123310450877 ], [ 74.259276492555003, 31.43800904448533 ] ] ] } },
{ "type": "Feature", "properties": { "Id": null, "__source_file": "Export_Output.shp", "OBJECTID": 176004.0, "SHAPE_Leng": 279.42941828199997, "SHAPE_Area": 4764.1285218800003, "Town": "Allama Iqbal Town", "UC_N0": "UC_120", "Landuse": "V", "KA": null, "Name": null, "Plot_No": "73", "Block": "E" }, "geometry": { "type": "Polygon", "coordinates": [ [ [ 74.259995905164672, 31.43869260789559 ], [ 74.260123542714013, 31.438964725997856 ], [ 74.260321942177711, 31.438894984005191 ], [ 74.26018627932325, 31.438618912461276 ], [ 74.259995905164672, 31.43869260789559 ] ] ] } },
{ "type": "Feature", "properties": { "Id": null, "__source_file": "Export_Output.shp", "OBJECTID": 176005.0, "SHAPE_Leng": 331.25970497100002, "SHAPE_Area": 5236.0022619499996, "Town": "Allama Iqbal Town", "UC_N0": "UC_120", "Landuse": "O", "KA": null, "Name": null, "Plot_No": null, "Block": "E" }, "geometry": { "type": "Polygon", "coordinates": [ [ [ 74.260892220210096, 31.438944038931229 ], [ 74.260376030555335, 31.437927710768896 ], [ 74.259967025211552, 31.438075211410268 ], [ 74.260477886921493, 31.439097923432492 ], [ 74.260892220210096, 31.438944038931229 ] ] ] } },
{ "type": "Feature", "properties": { "Id": null, "__source_file": "Export_Output.shp", "OBJECTID": 176006.0, "SHAPE_Leng": 325.55150387100002, "SHAPE_Area": 6049.9656186100001, "Town": "Allama Iqbal Town", "UC_N0": "UC_120", "Landuse": "R", "KA": null, "Name": null, "Plot_No": "79", "Block": "E" }, "geometry": { "type": "Polygon", "coordinates": [ [ [ 74.261804360605808, 31.438215597937042 ], [ 74.261731772975523, 31.43807059283958 ], [ 74.261370226885234, 31.438202635459742 ], [ 74.26143329335433, 31.438340511624496 ], [ 74.261804360605808, 31.438215597937042 ] ] ] } },
{ "type": "Feature", "properties": { "Id": null, "__source_file": "Export_Output.shp", "OBJECTID": 176007.0, "SHAPE_Leng": 181.11562872799999, "SHAPE_Area": 1792.90893353, "Town": "Allama Iqbal Town", "UC_N0": "UC_120", "Landuse": "V", "KA": null, "Name": null, "Plot_No": "87", "Block": "E" }, "geometry": { "type": "Polygon", "coordinates": [ [ [ 74.260820616751715, 31.4383477058322 ], [ 74.2607150265424, 31.438099493876734 ], [ 74.2605656235109, 31.438154433065275 ], [ 74.260687784197685, 31.438396553126672 ], [ 74.260820616751715, 31.4383477058322 ] ] ] } },
{ "type": "Feature", "properties": { "Id": null, "__source_file": "Export_Output.shp", "OBJECTID": 176008.0, "SHAPE_Leng": 91.783085753199998, "SHAPE_Area": 475.378708937, "Town": "Allama Iqbal Town", "UC_N0": "UC_120", "Landuse": "V", "KA": null, "Name": null, "Plot_No": "112", "Block": "E" }, "geometry": { "type": "Polygon", "coordinates": [ [ [ 74.260717305563361, 31.438098655822508 ], [ 74.260593946935586, 31.437849122489894 ], [ 74.26043965448315, 31.437904765429248 ], [ 74.2605656235109, 31.438154433065261 ], [ 74.260717305563361, 31.438098655822508 ] ] ] } },
{ "type": "Feature", "properties": { "Id": null, "__source_file": "Export_Output.shp", "OBJECTID": 176009.0, "SHAPE_Leng": 88.613428237799994, "SHAPE_Area": 429.35555445900002, "Town": "Allama Iqbal Town", "UC_N0": "UC_120", "Landuse": "M", "KA": null, "Name": null, "Plot_No": "113", "Block": "E" }, "geometry": { "type": "Polygon", "coordinates": [ [ [ 74.260855447438331, 31.438047857260123 ], [ 74.260733126576127, 31.437798929122316 ], [ 74.260593946935586, 31.437849122489894 ], [ 74.260717305563361, 31.438098655822508 ], [ 74.260855447438331, 31.438047857260123 ] ] ] } },
{ "type": "Feature", "properties": { "Id": null, "__source_file": "Export_Output.shp", "OBJECTID": 176010.0, "SHAPE_Leng": 117.28967114, "SHAPE_Area": 859.77070672000002, "Town": "Allama Iqbal Town", "UC_N0": "UC_120", "Landuse": "V", "KA": null, "Name": null, "Plot_No": "81", "Block": "E" }, "geometry": { "type": "Polygon", "coordinates": [ [ [ 74.261660342117921, 31.437927898300135 ], [ 74.261585925898942, 31.437779238951702 ], [ 74.261303162741868, 31.437883219933173 ], [ 74.261224946215663, 31.43791198279531 ], [ 74.261288798812799, 31.438064065832325 ], [ 74.261660342117921, 31.437927898300135 ] ] ] } },
{ "type": "Feature", "properties": { "Id": null, "__source_file": "Export_Output.shp", "OBJECTID": 176011.0, "SHAPE_Leng": 87.956246966899997, "SHAPE_Area": 430.93037746, "Town": "Allama Iqbal Town", "UC_N0": "UC_120", "Landuse": "R", "KA": null, "Name": null, "Plot_No": "83", "Block": "E" }, "geometry": { "type": "Polygon", "coordinates": [ [ [ 74.261329340855596, 31.438160627918627 ], [ 74.261224946215521, 31.437911982795228 ], [ 74.26115860594777, 31.437936378303732 ], [ 74.261096754060077, 31.437959122868193 ], [ 74.261205951250034, 31.438206003441007 ], [ 74.261280791176873, 31.438178481721234 ], [ 74.261329340855596, 31.438160627918627 ] ] ] } },
{ "type": "Feature", "properties": { "Id": null, "__source_file": "Export_Output.shp", "OBJECTID": 176013.0, "SHAPE_Leng": 218.73781387299999, "SHAPE_Area": 2840.9924671700001, "Town": "Allama Iqbal Town", "UC_N0": "UC_120", "Landuse": "V", "KA": null, "Name": null, "Plot_No": "128", "Block": "E" }, "geometry": { "type": "Polygon", "coordinates": [ [ [ 74.259760456876691, 31.437634066920179 ], [ 74.259501536872236, 31.437721440620656 ], [ 74.259542346775405, 31.437807022946878 ], [ 74.259797199136869, 31.437714830216674 ], [ 74.259763392235428, 31.437641218031402 ], [ 74.259760456876691, 31.437634066920179 ] ] ] } },
{ "type": "Feature", "properties": { "Id": null, "__source_file": "Export_Output.shp", "OBJECTID": 176017.0, "SHAPE_Leng": 68.565262948099999, "SHAPE_Area": 249.43662692800001, "Town": "Allama Iqbal Town", "UC_N0": "UC_120", "Landuse": "V", "KA": null, "Name": null, "Plot_No": "90", "Block": "E" }, "geometry": { "type": "Polygon", "coordinates": [ [ [ 74.26036095812168, 31.437395147701395 ], [ 74.260259453818534, 31.437198838042825 ], [ 74.26016035390937, 31.437234472161297 ], [ 74.260256676213871, 31.437432704393331 ], [ 74.26036095812168, 31.437395147701395 ] ] ] } },
{ "type": "Feature", "properties": { "Id": null, "__source_file": "Export_Output.shp", "OBJECTID": 176018.0, "SHAPE_Leng": 79.871083536200004, "SHAPE_Area": 356.86028744700002, "Town": "Allama Iqbal Town", "UC_N0": "UC_120", "Landuse": "V", "KA": null, "Name": null, "Plot_No": "77", "Block": "E" }, "geometry": { "type": "Polygon", "coordinates": [ [ [ 74.261088470435197, 31.436785474255398 ], [ 74.261050968853652, 31.436710557199433 ], [ 74.261029412573279, 31.436670769176271 ], [ 74.260775932724343, 31.436766861955103 ], [ 74.260828643358238, 31.436875216744827 ], [ 74.261088470435197, 31.436785474255398 ] ] ] } },
{ "type": "Feature", "properties": { "Id": null, "__source_file": "Export_Output.shp", "OBJECTID": 176019.0, "SHAPE_Leng": 77.684295240300003, "SHAPE_Area": 320.91071760400001, "Town": "Allama Iqbal Town", "UC_N0": "UC_120", "Landuse": "V", "KA": null, "Name": null, "Plot_No": "80", "Block": "E" }, "geometry": { "type": "Polygon", "coordinates": [ [ [ 74.261186269873718, 31.436980849766112 ], [ 74.260926030966061, 31.437075411570458 ], [ 74.26097414293497, 31.437174311501508 ], [ 74.261235918288349, 31.437080032739576 ], [ 74.261186269873718, 31.436980849766112 ] ] ] } },
{ "type": "Feature", "properties": { "Id": null, "__source_file": "Export_Output.shp", "OBJECTID": 176020.0, "SHAPE_Leng": 65.859329875599997, "SHAPE_Area": 217.812031182, "Town": "Allama Iqbal Town", "UC_N0": "UC_120", "Landuse": "R", "KA": null, "Name": null, "Plot_No": "83", "Block": "E" }, "geometry": { "type": "Polygon", "coordinates": [ [ [ 74.260974142934984, 31.437174311501497 ], [ 74.260926030966061, 31.437075411570458 ], [ 74.26087789218434, 31.436976454625839 ], [ 74.260790726875129, 31.437007798848814 ], [ 74.260788520115526, 31.437008592387798 ], [ 74.260885653575642, 31.437206181045863 ], [ 74.260974142934984, 31.437174311501497 ] ] ] } },
{ "type": "Feature", "properties": { "Id": null, "__source_file": "Export_Output.shp", "OBJECTID": 176021.0, "SHAPE_Leng": 66.997377666700004, "SHAPE_Area": 231.25775820499999, "Town": "Allama Iqbal Town", "UC_N0": "UC_120", "Landuse": "R", "KA": null, "Name": null, "Plot_No": null, "Block": "E" }, "geometry": { "type": "Polygon", "coordinates": [ [ [ 74.260885653575642, 31.437206181045841 ], [ 74.260788520115526, 31.437008592387798 ], [ 74.260693661690254, 31.437042702273004 ], [ 74.260791712645897, 31.43724001389716 ], [ 74.260885653575642, 31.437206181045841 ] ] ] } },
{ "type": "Feature", "properties": { "Id": null, "__source_file": "Export_Output.shp", "OBJECTID": 176022.0, "SHAPE_Leng": 64.449976950099995, "SHAPE_Area": 200.904125687, "Town": "Allama Iqbal Town", "UC_N0": "UC_120", "Landuse": "V", "KA": null, "Name": null, "Plot_No": "85", "Block": "E" }, "geometry": { "type": "Polygon", "coordinates": [ [ [ 74.260791712645897, 31.437240013897185 ], [ 74.260693661690254, 31.437042702273036 ], [ 74.260611888442384, 31.437072106705539 ], [ 74.260709502013867, 31.437269621573837 ], [ 74.260791712645897, 31.437240013897185 ] ] ] } },
{ "type": "Feature", "properties": { "Id": null, "__source_file": "Export_Output.shp", "OBJECTID": 176023.0, "SHAPE_Leng": 104.783603179, "SHAPE_Area": 684.50296490200003, "Town": "Allama Iqbal Town", "UC_N0": "UC_120", "Landuse": "R", "KA": null, "Name": null, "Plot_No": "75", "Block": "E" }, "geometry": { "type": "Polygon", "coordinates": [ [ [ 74.260788520115526, 31.437008592387798 ], [ 74.260790726875129, 31.437007798848814 ], [ 74.260703597641751, 31.436794283515411 ], [ 74.260600026682695, 31.436833546207559 ], [ 74.260693661690254, 31.437042702273036 ], [ 74.260788520115526, 31.437008592387798 ] ] ] } },
{ "type": "Feature", "properties": { "Id": null, "__source_file": "Export_Output.shp", "OBJECTID": 176024.0, "SHAPE_Leng": 66.308766591899996, "SHAPE_Area": 222.910464948, "Town": "Allama Iqbal Town", "UC_N0": "UC_120", "Landuse": "V", "KA": null, "Name": null, "Plot_No": "86", "Block": "E" }, "geometry": { "type": "Polygon", "coordinates": [ [ [ 74.260709502013867, 31.43726962157379 ], [ 74.260611888442384, 31.437072106705532 ], [ 74.260519853769594, 31.437105201511738 ], [ 74.260619627969618, 31.437301989091068 ], [ 74.260709502013867, 31.43726962157379 ] ] ] } },
{ "type": "Feature", "properties": { "Id": null, "__source_file": "Export_Output.shp", "OBJECTID": 176025.0, "SHAPE_Leng": 68.297053982999998, "SHAPE_Area": 235.62758663100001, "Town": "Allama Iqbal Town", "UC_N0": "UC_120", "Landuse": "V", "KA": null, "Name": null, "Plot_No": "73", "Block": "E" }, "geometry": { "type": "Polygon", "coordinates": [ [ [ 74.260611888442384, 31.437072106705532 ], [ 74.260510720303103, 31.43686740124901 ], [ 74.260417251065661, 31.436902834395404 ], [ 74.260519853769594, 31.437105201511738 ], [ 74.260611888442384, 31.437072106705532 ] ] ] } },
{ "type": "Feature", "properties": { "Id": null, "__source_file": "Export_Output.shp", "OBJECTID": 176026.0, "SHAPE_Leng": 65.767654721200003, "SHAPE_Area": 216.39743698500001, "Town": "Allama Iqbal Town", "UC_N0": "UC_120", "Landuse": "V", "KA": null, "Name": null, "Plot_No": "87", "Block": "E" }, "geometry": { "type": "Polygon", "coordinates": [ [ [ 74.260619627969618, 31.437301989091068 ], [ 74.260519853769594, 31.437105201511738 ], [ 74.260432249027886, 31.437136703228656 ], [ 74.26053067722205, 31.437334024440847 ], [ 74.260619627969618, 31.437301989091068 ] ] ] } },
{ "type": "Feature", "properties": { "Id": null, "__source_file": "Export_Output.shp", "OBJECTID": 176027.0, "SHAPE_Leng": 66.655516270999996, "SHAPE_Area": 218.25802783399999, "Town": "Allama Iqbal Town", "UC_N0": "UC_120", "Landuse": "R", "KA": null, "Name": null, "Plot_No": "72", "Block": "E" }, "geometry": { "type": "Polygon", "coordinates": [ [ [ 74.260519853769594, 31.437105201511738 ], [ 74.260417251065661, 31.436902834395404 ], [ 74.26033175759089, 31.436935244144735 ], [ 74.260432249027886, 31.437136703228656 ], [ 74.260519853769594, 31.437105201511738 ] ] ] } },
{ "type": "Feature", "properties": { "Id": null, "__source_file": "Export_Output.shp", "OBJECTID": 176028.0, "SHAPE_Leng": 65.8001463019, "SHAPE_Area": 216.71851792699999, "Town": "Allama Iqbal Town", "UC_N0": "UC_120", "Landuse": "R", "KA": null, "Name": null, "Plot_No": "88", "Block": "E" }, "geometry": { "type": "Polygon", "coordinates": [ [ [ 74.26053067722205, 31.437334024440847 ], [ 74.260432249027886, 31.437136703228656 ], [ 74.260343489773632, 31.437168619559433 ], [ 74.260442656107671, 31.437365724955022 ], [ 74.26053067722205, 31.437334024440847 ] ] ] } },
{ "type": "Feature", "properties": { "Id": null, "__source_file": "Export_Output.shp", "OBJECTID": 176029.0, "SHAPE_Leng": 84.158633373100002, "SHAPE_Area": 433.180136748, "Town": "Allama Iqbal Town", "UC_N0": "UC_120", "Landuse": "R", "KA": null, "Name": null, "Plot_No": "71", "Block": "E" }, "geometry": { "type": "Polygon", "coordinates": [ [ [ 74.260242459721013, 31.436969095792858 ], [ 74.260343489773632, 31.437168619559419 ], [ 74.260432249027886, 31.437136703228671 ], [ 74.26033175759089, 31.436935244144735 ], [ 74.260242459721013, 31.436969095792858 ] ] ] } },
{ "type": "Feature", "properties": { "Id": null, "__source_file": "Export_Output.shp", "OBJECTID": 176030.0, "SHAPE_Leng": 64.675549920700007, "SHAPE_Area": 203.21786062000001, "Town": "Allama Iqbal Town", "UC_N0": "UC_120", "Landuse": "V", "KA": null, "Name": null, "Plot_No": "89", "Block": "E" }, "geometry": { "type": "Polygon", "coordinates": [ [ [ 74.260442656107671, 31.437365724955022 ], [ 74.260343489773632, 31.437168619559433 ], [ 74.260259453818534, 31.437198838042825 ], [ 74.26036095812168, 31.437395147701395 ], [ 74.260442656107671, 31.437365724955022 ] ] ] } },
{ "type": "Feature", "properties": { "Id": null, "__source_file": "Export_Output.shp", "OBJECTID": 176031.0, "SHAPE_Leng": 90.508939867500004, "SHAPE_Area": 506.855404249, "Town": "Allama Iqbal Town", "UC_N0": "UC_120", "Landuse": "R", "KA": null, "Name": null, "Plot_No": "94", "Block": "E" }, "geometry": { "type": "Polygon", "coordinates": [ [ [ 74.259790077629859, 31.437367616590745 ], [ 74.259878511493682, 31.437568896353042 ], [ 74.26000565323173, 31.437523107723276 ], [ 74.259906501191992, 31.437325753069466 ], [ 74.259790077629859, 31.437367616590745 ] ] ] } },
{ "type": "Feature", "properties": { "Id": null, "__source_file": "Export_Output.shp", "OBJECTID": 176032.0, "SHAPE_Leng": 65.5956573351, "SHAPE_Area": 213.90234533700001, "Town": "Allama Iqbal Town", "UC_N0": "UC_120", "Landuse": "R", "KA": null, "Name": null, "Plot_No": "93", "Block": "E" }, "geometry": { "type": "Polygon", "coordinates": [ [ [ 74.260093136447793, 31.437491601091903 ], [ 74.259993317996631, 31.437294534975624 ], [ 74.259933397840044, 31.437316081388964 ], [ 74.259906501191978, 31.437325753069484 ], [ 74.260005653231715, 31.437523107723262 ], [ 74.260093136447793, 31.437491601091903 ] ] ] } },
{ "type": "Feature", "properties": { "Id": null, "__source_file": "Export_Output.shp", "OBJECTID": 176033.0, "SHAPE_Leng": 65.9225253205, "SHAPE_Area": 217.80166261100001, "Town": "Allama Iqbal Town", "UC_N0": "UC_120", "Landuse": "V", "KA": null, "Name": null, "Plot_No": "92", "Block": "E" }, "geometry": { "type": "Polygon", "coordinates": [ [ [ 74.260177739761048, 31.437461132472663 ], [ 74.260086231010192, 31.43726112533454 ], [ 74.259993317996631, 31.437294534975624 ], [ 74.260093136447793, 31.437491601091903 ], [ 74.260177739761048, 31.437461132472663 ] ] ] } },
{ "type": "Feature", "properties": { "Id": null, "__source_file": "Export_Output.shp", "OBJECTID": 176034.0, "SHAPE_Leng": 63.390928348300001, "SHAPE_Area": 187.75926117399999, "Town": "Allama Iqbal Town", "UC_N0": "UC_120", "Landuse": "V", "KA": null, "Name": null, "Plot_No": "91", "Block": "E" }, "geometry": { "type": "Polygon", "coordinates": [ [ [ 74.260256676213871, 31.437432704393331 ], [ 74.26016035390937, 31.437234472161297 ], [ 74.260086231010192, 31.43726112533454 ], [ 74.260177739761048, 31.437461132472663 ], [ 74.260256676213871, 31.437432704393331 ] ] ] } },
{ "type": "Feature", "properties": { "Id": null, "__source_file": "Export_Output.shp", "OBJECTID": 181653.0, "SHAPE_Leng": 128.86922574799999, "SHAPE_Area": 1025.85095996, "Town": "Allama Iqbal Town", "UC_N0": "UC_120", "Landuse": "V", "KA": null, "Name": null, "Plot_No": "26", "Block": "H" }, "geometry": { "type": "Polygon", "coordinates": [ [ [ 74.261501680290962, 31.442519029860101 ], [ 74.261444000611434, 31.442403531931436 ], [ 74.261176297632431, 31.442526722746472 ], [ 74.261222838416472, 31.442619315043142 ], [ 74.261501680290962, 31.442519029860101 ] ] ] } },
{ "type": "Feature", "properties": { "Id": null, "__source_file": "Export_Output.shp", "OBJECTID": 181659.0, "SHAPE_Leng": 81.751475313399993, "SHAPE_Area": 350.97296561299999, "Town": "Allama Iqbal Town", "UC_N0": "UC_120", "Landuse": "R", "KA": null, "Name": null, "Plot_No": "21", "Block": "H" }, "geometry": { "type": "Polygon", "coordinates": [ [ [ 74.261705027831979, 31.44292621232718 ], [ 74.261427793307973, 31.443027068326941 ], [ 74.261478273974319, 31.443127498311117 ], [ 74.261756467275816, 31.443029212759551 ], [ 74.261705027831979, 31.44292621232718 ] ] ] } },
{ "type": "Feature", "properties": { "Id": null, "__source_file": "Export_Output.shp", "OBJECTID": 181660.0, "SHAPE_Leng": 78.371840529500005, "SHAPE_Area": 302.19912065599999, "Town": "Allama Iqbal Town", "UC_N0": "UC_120", "Landuse": "V", "KA": null, "Name": null, "Plot_No": "22", "Block": "H" }, "geometry": { "type": "Polygon", "coordinates": [ [ [ 74.261705027831979, 31.44292621232718 ], [ 74.261661153954151, 31.442838360544972 ], [ 74.261383990915533, 31.442939924210485 ], [ 74.261427793307973, 31.443027068326941 ], [ 74.261705027831979, 31.44292621232718 ] ] ] } },
{ "type": "Feature", "properties": { "Id": null, "__source_file": "Export_Output.shp", "OBJECTID": 181661.0, "SHAPE_Leng": 85.3257642218, "SHAPE_Area": 401.324245168, "Town": "Allama Iqbal Town", "UC_N0": "UC_120", "Landuse": "R", "KA": null, "Name": null, "Plot_No": "23", "Block": "H" }, "geometry": { "type": "Polygon", "coordinates": [ [ [ 74.261661153954151, 31.442838360544972 ], [ 74.261602748137634, 31.442721409399763 ], [ 74.261326080029392, 31.442824711679929 ], [ 74.261383990915533, 31.442939924210485 ], [ 74.261661153954151, 31.442838360544972 ] ] ] } },
{ "type": "Feature", "properties": { "Id": null, "__source_file": "Export_Output.shp", "OBJECTID": 181662.0, "SHAPE_Leng": 81.650831340699995, "SHAPE_Area": 348.117053795, "Town": "Allama Iqbal Town", "UC_N0": "UC_120", "Landuse": "R", "KA": null, "Name": null, "Plot_No": "24", "Block": "H" }, "geometry": { "type": "Polygon", "coordinates": [ [ [ 74.261602748137634, 31.442721409399763 ], [ 74.261551970060196, 31.442619729966367 ], [ 74.261276072169267, 31.442725222675698 ], [ 74.261326080029392, 31.442824711679929 ], [ 74.261602748137634, 31.442721409399763 ] ] ] } },
{ "type": "Feature", "properties": { "Id": null, "__source_file": "Export_Output.shp", "OBJECTID": 181663.0, "SHAPE_Leng": 93.178369470899995, "SHAPE_Area": 512.20484697400002, "Town": "Allama Iqbal Town", "UC_N0": "UC_120", "Landuse": "R", "KA": null, "Name": null, "Plot_No": "30", "Block": "H" }, "geometry": { "type": "Polygon", "coordinates": [ [ [ 74.261292525223951, 31.442116889041721 ], [ 74.261231966644459, 31.442007417716354 ], [ 74.260964370407592, 31.442105094237629 ], [ 74.261025019988921, 31.442225757572768 ], [ 74.261292525223951, 31.442116889041721 ] ] ] } },
{ "type": "Feature", "properties": { "Id": null, "__source_file": "Export_Output.shp", "OBJECTID": 181665.0, "SHAPE_Leng": 223.90946573400001, "SHAPE_Area": 1881.55799239, "Town": "Allama Iqbal Town", "UC_N0": "UC_120", "Landuse": null, "KA": null, "Name": null, "Plot_No": null, "Block": null }, "geometry": { "type": "Polygon", "coordinates": [ [ [ 74.263622321372139, 31.441134871151576 ], [ 74.263709301571296, 31.441304965795087 ], [ 74.263968912163563, 31.441210046302405 ], [ 74.263882852561309, 31.44103976635807 ], [ 74.263622321372139, 31.441134871151576 ] ] ] } },
{ "type": "Feature", "properties": { "Id": null, "__source_file": "Export_Output.shp", "OBJECTID": 181666.0, "SHAPE_Leng": 66.797561985100003, "SHAPE_Area": 262.77763643499998, "Town": "Allama Iqbal Town", "UC_N0": "UC_120", "Landuse": "R", "KA": null, "Name": null, "Plot_No": "34", "Block": "H" }, "geometry": { "type": "Polygon", "coordinates": [ [ [ 74.261813301156607, 31.441998164595056 ], [ 74.261741924203122, 31.441821273825177 ], [ 74.2616384802607, 31.441859033160686 ], [ 74.261608764961252, 31.441869879860963 ], [ 74.261684003412554, 31.442045436228245 ], [ 74.261726645415322, 31.442029846375846 ], [ 74.261813301156607, 31.441998164595056 ] ] ] } },
{ "type": "Feature", "properties": { "Id": null, "__source_file": "Export_Output.shp", "OBJECTID": 181672.0, "SHAPE_Leng": 165.194264213, "SHAPE_Area": 1279.0444139700001, "Town": "Allama Iqbal Town", "UC_N0": "UC_120", "Landuse": "R", "KA": null, "Name": null, "Plot_No": "40", "Block": "H" }, "geometry": { "type": "Polygon", "coordinates": [ [ [ 74.262467961513963, 31.441758818097391 ], [ 74.262397016001572, 31.441582149790914 ], [ 74.262275348569105, 31.441626561705888 ], [ 74.262358089566519, 31.441798022480551 ], [ 74.262374762096741, 31.441792892462928 ], [ 74.262467961513963, 31.441758818097391 ] ] ] } },
{ "type": "Feature", "properties": { "Id": null, "__source_file": "Export_Output.shp", "OBJECTID": 181673.0, "SHAPE_Leng": 67.035752628300003, "SHAPE_Area": 265.89990651099998, "Town": "Allama Iqbal Town", "UC_N0": "UC_120", "Landuse": "V", "KA": null, "Name": null, "Plot_No": "46", "Block": "H" }, "geometry": { "type": "Polygon", "coordinates": [ [ [ 74.263046028423631, 31.441547470298623 ], [ 74.262967398565891, 31.441373942286383 ], [ 74.262873217671142, 31.441408321729796 ], [ 74.262960072167388, 31.441578897418577 ], [ 74.263046028423631, 31.441547470298623 ] ] ] } },
{ "type": "Feature", "properties": { "Id": null, "__source_file": "Export_Output.shp", "OBJECTID": 181674.0, "SHAPE_Leng": 395.18397876300003, "SHAPE_Area": 6420.3466738899997, "Town": "Allama Iqbal Town", "UC_N0": "UC_120", "Landuse": "V", "KA": null, "Name": null, "Plot_No": "78", "Block": "H" }, "geometry": { "type": "Polygon", "coordinates": [ [ [ 74.261874820655891, 31.441165135130419 ], [ 74.261991573799136, 31.44140739857011 ], [ 74.262214780297569, 31.441327928941739 ], [ 74.262208114203034, 31.441314380482527 ], [ 74.262094590000203, 31.441083647221223 ], [ 74.262031220526424, 31.441107143936566 ], [ 74.26189008675297, 31.441159474656573 ], [ 74.261874820655891, 31.441165135130419 ] ] ] } },
{ "type": "Feature", "properties": { "Id": null, "__source_file": "Export_Output.shp", "OBJECTID": 181681.0, "SHAPE_Leng": 85.441588281799994, "SHAPE_Area": 416.80715003699999, "Town": "Allama Iqbal Town", "UC_N0": "UC_120", "Landuse": null, "KA": null, "Name": null, "Plot_No": "108", "Block": "H" }, "geometry": { "type": "Polygon", "coordinates": [ [ [ 74.261784715694617, 31.440866783588262 ], [ 74.261655993772024, 31.440597085721155 ], [ 74.261478312787233, 31.440662810414359 ], [ 74.26160543831358, 31.440928116314613 ], [ 74.261784715694617, 31.440866783588262 ] ] ] } },
{ "type": "Feature", "properties": { "Id": null, "__source_file": "Export_Output.shp", "OBJECTID": 181685.0, "SHAPE_Leng": 78.601787175200002, "SHAPE_Area": 331.42247790200003, "Town": "Allama Iqbal Town", "UC_N0": "UC_120", "Landuse": "R", "KA": null, "Name": null, "Plot_No": "117", "Block": "H" }, "geometry": { "type": "Polygon", "coordinates": [ [ [ 74.263427773545672, 31.440207246716326 ], [ 74.263316667307365, 31.439982782618959 ], [ 74.263200072149374, 31.440025913394084 ], [ 74.263307658268232, 31.440251976843197 ], [ 74.263427773545672, 31.440207246716326 ] ] ] } },
{ "type": "Feature", "properties": { "Id": null, "__source_file": "Export_Output.shp", "OBJECTID": 181686.0, "SHAPE_Leng": 80.407758333700002, "SHAPE_Area": 356.32119770399999, "Town": "Allama Iqbal Town", "UC_N0": "UC_120", "Landuse": "V", "KA": null, "Name": null, "Plot_No": "118", "Block": "H" }, "geometry": { "type": "Polygon", "coordinates": [ [ [ 74.263470033545175, 31.440191509448095 ], [ 74.263525164025125, 31.440170979545794 ], [ 74.263554399412484, 31.440160092627938 ], [ 74.263444829196999, 31.439935373115151 ], [ 74.263316667307365, 31.439982782618959 ], [ 74.263427773545672, 31.440207246716326 ], [ 74.263470033545175, 31.440191509448095 ] ] ] } },
{ "type": "Feature", "properties": { "Id": null, "__source_file": "Export_Output.shp", "OBJECTID": 181687.0, "SHAPE_Leng": 103.262877858, "SHAPE_Area": 665.09123703700004, "Town": "Allama Iqbal Town", "UC_N0": "UC_120", "Landuse": "R", "KA": null, "Name": null, "Plot_No": "119", "Block": "H" }, "geometry": { "type": "Polygon", "coordinates": [ [ [ 74.263793098016535, 31.440071203119711 ], [ 74.263682510612298, 31.439847448753007 ], [ 74.263444829196999, 31.439935373115151 ], [ 74.263554399412484, 31.440160092627938 ], [ 74.263793098016535, 31.440071203119711 ] ] ] } },
{ "type": "Feature", "properties": { "Id": null, "__source_file": "Export_Output.shp", "OBJECTID": 181701.0, "SHAPE_Leng": 114.55300804300001, "SHAPE_Area": 799.45657248400005, "Town": "Allama Iqbal Town", "UC_N0": "UC_120", "Landuse": "R", "KA": null, "Name": null, "Plot_No": "12", "Block": "H" }, "geometry": { "type": "Polygon", "coordinates": [ [ [ 74.260446192754031, 31.440315154056567 ], [ 74.260343141602789, 31.440115616447368 ], [ 74.26031074577422, 31.440127326581443 ], [ 74.260240433167212, 31.440152742471167 ], [ 74.260240012492829, 31.440152894532105 ], [ 74.260329233993815, 31.440356829203328 ], [ 74.260446192754031, 31.440315154056567 ] ] ] } },
{ "type": "Feature", "properties": { "Id": null, "__source_file": "Export_Output.shp", "OBJECTID": 181702.0, "SHAPE_Leng": 114.331825774, "SHAPE_Area": 801.61814202699998, "Town": "Allama Iqbal Town", "UC_N0": "UC_120", "Landuse": "R", "KA": null, "Name": null, "Plot_No": "3", "Block": "H" }, "geometry": { "type": "Polygon", "coordinates": [ [ [ 74.26131298834018, 31.440006290518699 ], [ 74.26122744297183, 31.439795964335307 ], [ 74.26110389432408, 31.439840624735378 ], [ 74.261101754162326, 31.439841398360205 ], [ 74.261202048071993, 31.440045822177229 ], [ 74.26131298834018, 31.440006290518699 ] ] ] } },
{ "type": "Feature", "properties": { "Id": null, "__source_file": "Export_Output.shp", "OBJECTID": 181703.0, "SHAPE_Leng": 68.179600361200002, "SHAPE_Area": 234.08218441299999, "Town": "Allama Iqbal Town", "UC_N0": "UC_120", "Landuse": "C", "KA": null, "Name": null, "Plot_No": "4", "Block": "H" }, "geometry": { "type": "Polygon", "coordinates": [ [ [ 74.261202048071993, 31.440045822177229 ], [ 74.261101754162326, 31.439841398360205 ], [ 74.261021327221926, 31.439870471108446 ], [ 74.261010786690846, 31.439874281296813 ], [ 74.261107957367244, 31.440079349402982 ], [ 74.261202048071993, 31.440045822177229 ] ] ] } },
{ "type": "Feature", "properties": { "Id": null, "__source_file": "Export_Output.shp", "OBJECTID": 181704.0, "SHAPE_Leng": 67.354088474099996, "SHAPE_Area": 224.679396099, "Town": "Allama Iqbal Town", "UC_N0": "UC_120", "Landuse": "V", "KA": null, "Name": null, "Plot_No": "5", "Block": "H" }, "geometry": { "type": "Polygon", "coordinates": [ [ [ 74.261107957367244, 31.440079349402982 ], [ 74.261010786690846, 31.439874281296813 ], [ 74.260962145577608, 31.439891863657632 ], [ 74.260920153695537, 31.439907042492692 ], [ 74.26102062558661, 31.440110467806619 ], [ 74.261107957367244, 31.440079349402982 ] ] ] } },
{ "type": "Feature", "properties": { "Id": null, "__source_file": "Export_Output.shp", "OBJECTID": 181705.0, "SHAPE_Leng": 69.201491269399995, "SHAPE_Area": 248.043020334, "Town": "Allama Iqbal Town", "UC_N0": "UC_120", "Landuse": "C", "KA": null, "Name": null, "Plot_No": "6", "Block": "H" }, "geometry": { "type": "Polygon", "coordinates": [ [ [ 74.26102062558661, 31.440110467806619 ], [ 74.260920153695537, 31.439907042492692 ], [ 74.260876559555129, 31.439922800561941 ], [ 74.260822349813097, 31.439942395847563 ], [ 74.260921558105892, 31.440145768834341 ], [ 74.26102062558661, 31.440110467806619 ] ] ] } },
{ "type": "Feature", "properties": { "Id": null, "__source_file": "Export_Output.shp", "OBJECTID": 181706.0, "SHAPE_Leng": 69.029506679500003, "SHAPE_Area": 246.68301045000001, "Town": "Allama Iqbal Town", "UC_N0": "UC_120", "Landuse": "V", "KA": null, "Name": null, "Plot_No": "7", "Block": "H" }, "geometry": { "type": "Polygon", "coordinates": [ [ [ 74.260921558105892, 31.440145768834341 ], [ 74.260822349813097, 31.439942395847563 ], [ 74.260784341988909, 31.439956134735414 ], [ 74.260724561685009, 31.439977743804423 ], [ 74.260823140598617, 31.440180838053752 ], [ 74.260921558105892, 31.440145768834341 ] ] ] } },
{ "type": "Feature", "properties": { "Id": null, "__source_file": "Export_Output.shp", "OBJECTID": 181707.0, "SHAPE_Leng": 67.786826629000004, "SHAPE_Area": 232.25572784299999, "Town": "Allama Iqbal Town", "UC_N0": "UC_120", "Landuse": "R", "KA": null, "Name": null, "Plot_No": "8", "Block": "H" }, "geometry": { "type": "Polygon", "coordinates": [ [ [ 74.260823140598617, 31.440180838053752 ], [ 74.260724561685009, 31.439977743804423 ], [ 74.260723748705118, 31.439978037678802 ], [ 74.260631000000643, 31.440011564248845 ], [ 74.260731593883165, 31.440213458505188 ], [ 74.260823140598617, 31.440180838053752 ] ] ] } },
{ "type": "Feature", "properties": { "Id": null, "__source_file": "Export_Output.shp", "OBJECTID": 181708.0, "SHAPE_Leng": 66.036038562200005, "SHAPE_Area": 211.659494043, "Town": "Allama Iqbal Town", "UC_N0": "UC_120", "Landuse": "V", "KA": null, "Name": null, "Plot_No": "9", "Block": "H" }, "geometry": { "type": "Polygon", "coordinates": [ [ [ 74.260731593883165, 31.440213458505195 ], [ 74.260631000000643, 31.440011564248845 ], [ 74.260630755953997, 31.44001165246528 ], [ 74.260550129869387, 31.440040796632225 ], [ 74.260546851628362, 31.440041981626944 ], [ 74.260646722743928, 31.440243700352788 ], [ 74.260731593883165, 31.440213458505195 ] ] ] } },
{ "type": "Feature", "properties": { "Id": null, "__source_file": "Export_Output.shp", "OBJECTID": 181709.0, "SHAPE_Leng": 70.809626051799995, "SHAPE_Area": 270.35523303500003, "Town": "Allama Iqbal Town", "UC_N0": "UC_120", "Landuse": "R", "KA": null, "Name": null, "Plot_No": "10", "Block": "H" }, "geometry": { "type": "Polygon", "coordinates": [ [ [ 74.260646722743928, 31.440243700352745 ], [ 74.260546851628376, 31.440041981626944 ], [ 74.260478252856316, 31.440066778253733 ], [ 74.260438656864935, 31.440081091125847 ], [ 74.26053857649471, 31.44028223549499 ], [ 74.260646722743928, 31.440243700352745 ] ] ] } },
{ "type": "Feature", "properties": { "Id": null, "__source_file": "Export_Output.shp", "OBJECTID": 181710.0, "SHAPE_Leng": 67.778211987899994, "SHAPE_Area": 234.301268292, "Town": "Allama Iqbal Town", "UC_N0": "UC_120", "Landuse": "R", "KA": null, "Name": null, "Plot_No": "11", "Block": "H" }, "geometry": { "type": "Polygon", "coordinates": [ [ [ 74.26053857649471, 31.44028223549499 ], [ 74.260438656864935, 31.440081091125847 ], [ 74.260390403181063, 31.440098533103999 ], [ 74.260343141602789, 31.440115616447368 ], [ 74.260446192754031, 31.440315154056567 ], [ 74.26053857649471, 31.44028223549499 ] ] ] } },
{ "type": "Feature", "properties": { "Id": null, "__source_file": "Export_Output.shp", "OBJECTID": 181711.0, "SHAPE_Leng": 68.801034737999998, "SHAPE_Area": 259.56308780199998, "Town": "Allama Iqbal Town", "UC_N0": "UC_120", "Landuse": null, "KA": null, "Name": null, "Plot_No": null, "Block": null }, "geometry": { "type": "Polygon", "coordinates": [ [ [ 74.263763749622527, 31.438883896455209 ], [ 74.263856753342225, 31.439099182772384 ], [ 74.264018059368155, 31.439041623302419 ], [ 74.263912571172185, 31.43883130909667 ], [ 74.263763749622527, 31.438883896455209 ] ] ] } },
{ "type": "Feature", "properties": { "Id": null, "__source_file": "Export_Output.shp", "OBJECTID": 181712.0, "SHAPE_Leng": 65.144693286899994, "SHAPE_Area": 243.89636388299999, "Town": "Allama Iqbal Town", "UC_N0": "UC_120", "Landuse": "R", "KA": null, "Name": null, "Plot_No": "1", "Block": "E" }, "geometry": { "type": "Polygon", "coordinates": [ [ [ 74.262568376963898, 31.43932990242482 ], [ 74.262595574471803, 31.43932090735867 ], [ 74.262630956353746, 31.43930920576404 ], [ 74.262687378434094, 31.439290545669913 ], [ 74.262706267128323, 31.439284298732215 ], [ 74.262694990903086, 31.439261544644118 ], [ 74.262658026466667, 31.439186955055696 ], [ 74.262453532016011, 31.439255447874906 ], [ 74.26250082233669, 31.439352244819119 ], [ 74.262568376963898, 31.43932990242482 ] ] ] } },
{ "type": "Feature", "properties": { "Id": null, "__source_file": "Export_Output.shp", "OBJECTID": 181715.0, "SHAPE_Leng": 110.85030171699999, "SHAPE_Area": 758.58550750799998, "Town": "Allama Iqbal Town", "UC_N0": "UC_120", "Landuse": null, "KA": null, "Name": null, "Plot_No": null, "Block": null }, "geometry": { "type": "Polygon", "coordinates": [ [ [ 74.264586083560872, 31.438841315793059 ], [ 74.264485666757963, 31.438628799044835 ], [ 74.264192916713142, 31.438732246371092 ], [ 74.264293142116827, 31.438943463936745 ], [ 74.264514262309007, 31.438864559881427 ], [ 74.264521995995025, 31.438861151457605 ], [ 74.26456931241681, 31.438845164957865 ], [ 74.264586083560872, 31.438841315793059 ] ] ] } },
{ "type": "Feature", "properties": { "Id": null, "__source_file": "Export_Output.shp", "OBJECTID": 181716.0, "SHAPE_Leng": 70.134977963300003, "SHAPE_Area": 247.241035708, "Town": "Allama Iqbal Town", "UC_N0": "UC_120", "Landuse": null, "KA": null, "Name": null, "Plot_No": null, "Block": null }, "geometry": { "type": "Polygon", "coordinates": [ [ [ 74.264293142116827, 31.438943463936745 ], [ 74.264192916713142, 31.438732246371092 ], [ 74.264098018042702, 31.438765780205006 ], [ 74.264197959989346, 31.438977428380689 ], [ 74.264293142116827, 31.438943463936745 ] ] ] } },
{ "type": "Feature", "properties": { "Id": null, "__source_file": "Export_Output.shp", "OBJECTID": 181717.0, "SHAPE_Leng": 68.283146626900006, "SHAPE_Area": 223.291794076, "Town": "Allama Iqbal Town", "UC_N0": "UC_120", "Landuse": null, "KA": null, "Name": null, "Plot_No": null, "Block": null }, "geometry": { "type": "Polygon", "coordinates": [ [ [ 74.264197959989346, 31.438977428380689 ], [ 74.264098018042702, 31.438765780205006 ], [ 74.264010352819923, 31.438796757109827 ], [ 74.264114171298303, 31.439007326901688 ], [ 74.264197959989346, 31.438977428380689 ] ] ] } },
{ "type": "Feature", "properties": { "Id": null, "__source_file": "Export_Output.shp", "OBJECTID": 181718.0, "SHAPE_Leng": 70.658060091799996, "SHAPE_Area": 252.84332115500001, "Town": "Allama Iqbal Town", "UC_N0": "UC_120", "Landuse": null, "KA": null, "Name": null, "Plot_No": null, "Block": null }, "geometry": { "type": "Polygon", "coordinates": [ [ [ 74.264114171298303, 31.439007326901688 ], [ 74.264010352819923, 31.438796757109827 ], [ 74.263912571172071, 31.438831309096589 ], [ 74.264018059368041, 31.439041623302316 ], [ 74.264114171298303, 31.439007326901688 ] ] ] } },
{ "type": "Feature", "properties": { "Id": null, "__source_file": "Export_Output.shp", "OBJECTID": 181723.0, "SHAPE_Leng": 1408.50943648, "SHAPE_Area": 78056.171795000002, "Town": "Allama Iqbal Town", "UC_N0": "UC_120", "Landuse": null, "KA": null, "Name": null, "Plot_No": null, "Block": null }, "geometry": { "type": "Polygon", "coordinates": [ [ [ 74.260915194517509, 31.435758172884583 ], [ 74.261185503899654, 31.436289985968802 ], [ 74.261226122009802, 31.436369899447897 ], [ 74.261272807649917, 31.436461748270162 ], [ 74.261319065389245, 31.436552755537015 ], [ 74.26136783310173, 31.436648701610981 ], [ 74.261409130292165, 31.436729949730157 ], [ 74.261456214041232, 31.436822582259833 ], [ 74.261496059401608, 31.436900973836046 ], [ 74.261542895164297, 31.436993118117432 ], [ 74.261588950208576, 31.437083726230583 ], [ 74.261631899640079, 31.43716822369511 ], [ 74.261680115623676, 31.437263083795589 ], [ 74.261729315178343, 31.437359875799171 ], [ 74.261766077078008, 31.43743219900405 ], [ 74.261812490180915, 31.437523510354367 ], [ 74.261857904422754, 31.437612856399241 ], [ 74.261900187625514, 31.437696042407037 ], [ 74.261942805246605, 31.43777988617353 ], [ 74.261989733675975, 31.437872210621691 ], [ 74.262035294281219, 31.437961845832216 ], [ 74.262080179416074, 31.438050150097364 ], [ 74.262127225247866, 31.438142704993894 ], [ 74.262169603081915, 31.438226076208597 ], [ 74.262219894842929, 31.438325016528562 ], [ 74.262262361770794, 31.438408562671523 ], [ 74.262350286926321, 31.438581539301246 ], [ 74.262392621684256, 31.438664824934605 ], [ 74.262439056551401, 31.438756176575385 ], [ 74.262484032072393, 31.438844657052027 ], [ 74.262527445044967, 31.438930063352551 ], [ 74.26256901939766, 31.439011852381427 ], [ 74.262617948977123, 31.439108111117278 ], [ 74.262658026466667, 31.439186955055696 ], [ 74.262694990903086, 31.439261544644118 ], [ 74.262745521390443, 31.439243689899396 ], [ 74.26278883299284, 31.439228385897188 ], [ 74.262856510431561, 31.439204472272962 ], [ 74.262907260576384, 31.43918653982664 ], [ 74.262969654644337, 31.43916449298974 ], [ 74.263021499273606, 31.439146173747719 ], [ 74.263204838441993, 31.439081390829291 ], [ 74.263290947736394, 31.43905096401323 ], [ 74.263382457601196, 31.439018628403346 ], [ 74.263489167853024, 31.438980921642514 ], [ 74.263912571172085, 31.438831309096589 ], [ 74.264010352819952, 31.438796757109856 ], [ 74.264098018042702, 31.438765780205024 ], [ 74.264192916713128, 31.438732246371092 ], [ 74.264485666757977, 31.438628799044853 ], [ 74.264586083560872, 31.438841315793059 ], [ 74.264619117995622, 31.438836259870644 ], [ 74.264669943763309, 31.43883470113639 ], [ 74.264695787016137, 31.438836754968253 ], [ 74.264704358346648, 31.438837252569506 ], [ 74.264752216689857, 31.438835684891437 ], [ 74.264789302495643, 31.438829278986638 ], [ 74.265929179443489, 31.438388696064067 ], [ 74.265837746362337, 31.438332806080897 ], [ 74.265572594350147, 31.438170530266159 ], [ 74.265394093838651, 31.438379996417261 ], [ 74.265269231923739, 31.438301283790224 ], [ 74.265439609467705, 31.438089039295289 ], [ 74.264616138020841, 31.437582782614399 ], [ 74.263150091231978, 31.43667452592857 ], [ 74.262140232929951, 31.436043670111509 ], [ 74.261764931362109, 31.435822226416466 ], [ 74.261364642950696, 31.435582724768391 ], [ 74.260915194517509, 31.435758172884583 ] ] ] } },
{ "type": "Feature", "properties": { "Id": null, "__source_file": "Export_Output.shp", "OBJECTID": 181729.0, "SHAPE_Leng": 115.900986198, "SHAPE_Area": 815.75451575299996, "Town": "Allama Iqbal Town", "UC_N0": "UC_120", "Landuse": "V", "KA": null, "Name": null, "Plot_No": "183", "Block": "H" }, "geometry": { "type": "Polygon", "coordinates": [ [ [ 74.261341046053246, 31.443578997589935 ], [ 74.261287627243846, 31.443471402125606 ], [ 74.26105335842972, 31.443553874983277 ], [ 74.261108983227814, 31.443666613162378 ], [ 74.261341046053246, 31.443578997589935 ] ] ] } },
{ "type": "Feature", "properties": { "Id": null, "__source_file": "Export_Output.shp", "OBJECTID": 181731.0, "SHAPE_Leng": 579.16223250099995, "SHAPE_Area": 11376.2130789, "Town": "Allama Iqbal Town", "UC_N0": "UC_120", "Landuse": "V", "KA": null, "Name": null, "Plot_No": "107", "Block": "B" }, "geometry": { "type": "Polygon", "coordinates": [ [ [ 74.258028093823711, 31.441853750352664 ], [ 74.257887578396193, 31.441585834945208 ], [ 74.257668522635825, 31.441665368543283 ], [ 74.257803174573056, 31.441936025038853 ], [ 74.258028093823711, 31.441853750352664 ] ] ] } },
{ "type": "Feature", "properties": { "Id": null, "__source_file": "Export_Output.shp", "OBJECTID": 181732.0, "SHAPE_Leng": 303.51629991800002, "SHAPE_Area": 5569.8174862799997, "Town": "Allama Iqbal Town", "UC_N0": "UC_120", "Landuse": "PB", "KA": null, "Name": "School", "Plot_No": null, "Block": "B" }, "geometry": { "type": "Polygon", "coordinates": [ [ [ 74.259665060225515, 31.441959591386137 ], [ 74.259410091024677, 31.441442928484715 ], [ 74.258972847877331, 31.441601048497578 ], [ 74.25921885018694, 31.44212121501052 ], [ 74.259665060225515, 31.441959591386137 ] ] ] } },
{ "type": "Feature", "properties": { "Id": null, "__source_file": "Export_Output.shp", "OBJECTID": 181733.0, "SHAPE_Leng": 638.15665214000001, "SHAPE_Area": 10780.8766793, "Town": "Allama Iqbal Town", "UC_N0": "UC_120", "Landuse": "R", "KA": null, "Name": null, "Plot_No": "56", "Block": "B" }, "geometry": { "type": "Polygon", "coordinates": [ [ [ 74.260217800014303, 31.442485411647191 ], [ 74.260318766191233, 31.442739412701936 ], [ 74.260520537806386, 31.442667471165045 ], [ 74.260397348845274, 31.442419321484863 ], [ 74.260217800014303, 31.442485411647191 ] ] ] } },
{ "type": "Feature", "properties": { "Id": null, "__source_file": "Export_Output.shp", "OBJECTID": 181735.0, "SHAPE_Leng": 244.80787001300001, "SHAPE_Area": 3216.5765346500002, "Town": "Allama Iqbal Town", "UC_N0": "UC_120", "Landuse": "V", "KA": null, "Name": null, "Plot_No": "34", "Block": "B" }, "geometry": { "type": "Polygon", "coordinates": [ [ [ 74.260598580836742, 31.443265201145124 ], [ 74.260713945066897, 31.443506592903031 ], [ 74.260903678747695, 31.443439253448282 ], [ 74.260785721098443, 31.443201645412071 ], [ 74.260598580836742, 31.443265201145124 ] ] ] } },
{ "type": "Feature", "properties": { "Id": null, "__source_file": "Export_Output.shp", "OBJECTID": 181736.0, "SHAPE_Leng": 239.01260697800001, "SHAPE_Area": 3559.9882195, "Town": "Allama Iqbal Town", "UC_N0": "UC_120", "Landuse": "V", "KA": null, "Name": null, "Plot_No": "27", "Block": "B" }, "geometry": { "type": "Polygon", "coordinates": [ [ [ 74.259102145002146, 31.44407862879574 ], [ 74.25898139978824, 31.443840631691909 ], [ 74.258786880770515, 31.44391327463736 ], [ 74.258904114491116, 31.444148908803875 ], [ 74.259102145002146, 31.44407862879574 ] ] ] } },
{ "type": "Feature", "properties": { "Id": null, "__source_file": "Export_Output.shp", "OBJECTID": 181737.0, "SHAPE_Leng": 238.50104635100001, "SHAPE_Area": 3549.8559013399999, "Town": "Allama Iqbal Town", "UC_N0": "UC_120", "Landuse": "O", "KA": null, "Name": null, "Plot_No": null, "Block": "B" }, "geometry": { "type": "Polygon", "coordinates": [ [ [ 74.260194512108328, 31.443690945417888 ], [ 74.259962483373457, 31.443209032901752 ], [ 74.259367451946076, 31.443427581314086 ], [ 74.259590090211958, 31.443905457266531 ], [ 74.260194512108328, 31.443690945417888 ] ] ] } },
{ "type": "Feature", "properties": { "Id": null, "__source_file": "Export_Output.shp", "OBJECTID": 181738.0, "SHAPE_Leng": 235.84584083300001, "SHAPE_Area": 2981.9828705599998, "Town": "Allama Iqbal Town", "UC_N0": "UC_120", "Landuse": "C", "KA": null, "Name": null, "Plot_No": "6", "Block": "B" }, "geometry": { "type": "Polygon", "coordinates": [ [ [ 74.25819986228484, 31.442490298869622 ], [ 74.258078578196745, 31.4422230073531 ], [ 74.257967319247882, 31.442265961498762 ], [ 74.258097393523613, 31.442527413163425 ], [ 74.25819986228484, 31.442490298869622 ] ] ] } },
{ "type": "Feature", "properties": { "Id": null, "__source_file": "Export_Output.shp", "OBJECTID": 181739.0, "SHAPE_Leng": 220.192460364, "SHAPE_Area": 2978.7117781400002, "Town": "Allama Iqbal Town", "UC_N0": "UC_120", "Landuse": "O", "KA": null, "Name": null, "Plot_No": null, "Block": "B" }, "geometry": { "type": "Polygon", "coordinates": [ [ [ 74.259155022843771, 31.442144333553696 ], [ 74.258905264123342, 31.441625488606469 ], [ 74.25843939962931, 31.441793956716516 ], [ 74.258692720070954, 31.442311783784586 ], [ 74.259155022843771, 31.442144333553696 ] ] ] } },
{ "type": "Feature", "properties": { "Id": null, "__source_file": "Export_Output.shp", "OBJECTID": 187182.0, "SHAPE_Leng": 66.280162413499994, "SHAPE_Area": 241.47781305800001, "Town": "Allama Iqbal Town", "UC_N0": "UC_120", "Landuse": "V", "KA": null, "Name": null, "Plot_No": "106", "Block": "E" }, "geometry": { "type": "Polygon", "coordinates": [ [ [ 74.260793606322409, 31.437293943054392 ], [ 74.260891567982426, 31.437506284577779 ], [ 74.261079208249427, 31.437441488077329 ], [ 74.26104165339207, 31.437359242345558 ], [ 74.260980979485467, 31.43722636249818 ], [ 74.260862027185368, 31.43726926556678 ], [ 74.260793606322409, 31.437293943054392 ] ] ] } },
{ "type": "Feature", "properties": { "Id": null, "__source_file": "Export_Output.shp", "OBJECTID": 187186.0, "SHAPE_Leng": 89.774319894599998, "SHAPE_Area": 461.72192530799998, "Town": "Allama Iqbal Town", "UC_N0": "UC_120", "Landuse": "V", "KA": null, "Name": null, "Plot_No": "107", "Block": "E" }, "geometry": { "type": "Polygon", "coordinates": [ [ [ 74.261325878515905, 31.437259747198027 ], [ 74.2612589755512, 31.437126094444213 ], [ 74.260980979485339, 31.437226362498112 ], [ 74.261041653392013, 31.437359242345405 ], [ 74.261325878515905, 31.437259747198027 ] ] ] } },
{ "type": "Feature", "properties": { "Id": null, "__source_file": "Export_Output.shp", "OBJECTID": 187187.0, "SHAPE_Leng": 89.592864747299998, "SHAPE_Area": 446.11044942000001, "Town": "Allama Iqbal Town", "UC_N0": "UC_120", "Landuse": "V", "KA": null, "Name": null, "Plot_No": "109", "Block": "E" }, "geometry": { "type": "Polygon", "coordinates": [ [ [ 74.261381750800595, 31.437371362592149 ], [ 74.261092086846901, 31.437469692392234 ], [ 74.261150591690125, 31.437597820278921 ], [ 74.26144253931075, 31.437492798168051 ], [ 74.261381750800595, 31.437371362592149 ] ] ] } },
{ "type": "Feature", "properties": { "Id": null, "__source_file": "Export_Output.shp", "OBJECTID": 187188.0, "SHAPE_Leng": 85.391845616400005, "SHAPE_Area": 390.97723603399999, "Town": "Allama Iqbal Town", "UC_N0": "UC_120", "Landuse": "R", "KA": null, "Name": null, "Plot_No": "108", "Block": "E" }, "geometry": { "type": "Polygon", "coordinates": [ [ [ 74.261381750800595, 31.437371362592149 ], [ 74.261352978547521, 31.437313884567295 ], [ 74.261325878515905, 31.437259747198027 ], [ 74.261041653392013, 31.437359242345405 ], [ 74.261092086846901, 31.437469692392234 ], [ 74.261381750800595, 31.437371362592149 ] ] ] } },
{ "type": "Feature", "properties": { "Id": null, "__source_file": "Export_Output.shp", "OBJECTID": 190856.0, "SHAPE_Leng": 334.94590507599997, "SHAPE_Area": 3623.65516746, "Town": "Allama Iqbal Town", "UC_N0": "UC_120", "Landuse": "V", "KA": null, "Name": null, "Plot_No": "28", "Block": "H" }, "geometry": { "type": "Polygon", "coordinates": [ [ [ 74.26122744297183, 31.439795964335314 ], [ 74.261327445968973, 31.439759815104345 ], [ 74.261417939509073, 31.439727103273952 ], [ 74.26131588002913, 31.439513914229998 ], [ 74.26100976858136, 31.439625750008524 ], [ 74.26110389432408, 31.439840624735364 ], [ 74.26122744297183, 31.439795964335314 ] ] ] } },
{ "type": "Feature", "properties": { "Id": null, "__source_file": "Export_Output.shp", "OBJECTID": 191315.0, "SHAPE_Leng": 253.52813634200001, "SHAPE_Area": 3024.32341099, "Town": "Allama Iqbal Town", "UC_N0": "UC_120", "Landuse": "R/C", "KA": null, "Name": null, "Plot_No": "116", "Block": "A" }, "geometry": { "type": "Polygon", "coordinates": [ [ [ 74.261044800549087, 31.44440564646165 ], [ 74.261246271134567, 31.444329515046682 ], [ 74.261113998450369, 31.444067612866093 ], [ 74.260911174741679, 31.444143214123013 ], [ 74.261044498749328, 31.444405760504978 ], [ 74.261044800549087, 31.44440564646165 ] ] ] } },
{ "type": "Feature", "properties": { "Id": null, "__source_file": "Export_Output.shp", "OBJECTID": 192801.0, "SHAPE_Leng": 278.70050878000001, "SHAPE_Area": 4578.5638158499996, "Town": "Allama Iqbal Town", "UC_N0": "UC_120", "Landuse": "PB", "KA": null, "Name": "Civic center", "Plot_No": null, "Block": "H" }, "geometry": { "type": "Polygon", "coordinates": [ [ [ 74.262212689466381, 31.439186264209017 ], [ 74.261410155115001, 31.439479471243327 ], [ 74.261608986484418, 31.439900815782032 ], [ 74.262489924299203, 31.439586901713355 ], [ 74.262313367939754, 31.439218895561119 ], [ 74.262300917169753, 31.439208266915553 ], [ 74.262284968716301, 31.439198555541381 ], [ 74.262267296827901, 31.43919136588849 ], [ 74.26224843647357, 31.439186915766701 ], [ 74.262228961139201, 31.439185342007583 ], [ 74.262212689466381, 31.439186264209017 ] ] ] } },
{ "type": "Feature", "properties": { "Id": null, "__source_file": "Export_Output.shp", "OBJECTID": 192806.0, "SHAPE_Leng": 372.91514579, "SHAPE_Area": 7538.8762512000003, "Town": "Allama Iqbal Town", "UC_N0": "UC_120", "Landuse": "C", "KA": null, "Name": null, "Plot_No": "158", "Block": "H" }, "geometry": { "type": "Polygon", "coordinates": [ [ [ 74.261206641938173, 31.440123072854327 ], [ 74.261318871000768, 31.440384941310249 ], [ 74.261520213977263, 31.440312598370625 ], [ 74.261396958490693, 31.440054350621111 ], [ 74.261206641938173, 31.440123072854327 ] ] ] } },
{ "type": "Feature", "properties": { "Id": null, "__source_file": "Export_Output.shp", "OBJECTID": 192808.0, "SHAPE_Leng": 321.73646077199999, "SHAPE_Area": 4711.3299245199996, "Town": "Allama Iqbal Town", "UC_N0": "UC_120", "Landuse": "O", "KA": null, "Name": null, "Plot_No": null, "Block": "H" }, "geometry": { "type": "Polygon", "coordinates": [ [ [ 74.262079609771732, 31.440375027312395 ], [ 74.261841809869608, 31.43989371535503 ], [ 74.261473644302427, 31.440026659497221 ], [ 74.261708378658, 31.44051369441015 ], [ 74.261734563847057, 31.440568022193773 ], [ 74.261966339349883, 31.441048912550169 ], [ 74.262343075489611, 31.440908280706807 ], [ 74.262106912759279, 31.440430288047768 ], [ 74.262079609771732, 31.440375027312395 ] ] ] } },
{ "type": "Feature", "properties": { "Id": null, "__source_file": "Export_Output.shp", "OBJECTID": 192809.0, "SHAPE_Leng": 378.39122215200001, "SHAPE_Area": 6470.3043213000001, "Town": "Allama Iqbal Town", "UC_N0": "UC_120", "Landuse": null, "KA": null, "Name": null, "Plot_No": null, "Block": null }, "geometry": { "type": "Polygon", "coordinates": [ [ [ 74.263207548600576, 31.440670967193746 ], [ 74.263322302325449, 31.440919083998487 ], [ 74.263746126322175, 31.440769236140948 ], [ 74.263619298274833, 31.440518288697159 ], [ 74.263207548600576, 31.440670967193746 ] ] ] } },
{ "type": "Feature", "properties": { "Id": null, "__source_file": "Export_Output.shp", "OBJECTID": 192812.0, "SHAPE_Leng": 635.07025675, "SHAPE_Area": 7384.2259903699996, "Town": "Allama Iqbal Town", "UC_N0": "UC_120", "Landuse": null, "KA": null, "Name": null, "Plot_No": null, "Block": null }, "geometry": { "type": "Polygon", "coordinates": [ [ [ 74.261551970060196, 31.442619729966367 ], [ 74.261602748137634, 31.442721409399791 ], [ 74.261661153954165, 31.442838360544986 ], [ 74.261705027831979, 31.442926212327187 ], [ 74.261756467275816, 31.443029212759537 ], [ 74.261478273974319, 31.443127498311124 ], [ 74.261684217098704, 31.4435372123808 ], [ 74.261996896179369, 31.443424536984807 ], [ 74.262056713746418, 31.443540863618743 ], [ 74.261743342234666, 31.443654837979356 ], [ 74.261813957898909, 31.443795322694935 ], [ 74.262125640748607, 31.443674904668427 ], [ 74.262331496521213, 31.443595371695643 ], [ 74.261995990675885, 31.44294458908416 ], [ 74.261568661105329, 31.442115683415665 ], [ 74.261432124505035, 31.442164446540492 ], [ 74.261340876552623, 31.442197035020339 ], [ 74.261361996981023, 31.442239326947696 ], [ 74.261404441719407, 31.442324318935192 ], [ 74.261444000611434, 31.442403531931436 ], [ 74.261501680290962, 31.442519029860101 ], [ 74.261551970060196, 31.442619729966367 ] ] ] } },
{ "type": "Feature", "properties": { "Id": null, "__source_file": "Export_Output.shp", "OBJECTID": 192813.0, "SHAPE_Leng": 244.11947082099999, "SHAPE_Area": 2742.38113406, "Town": "Allama Iqbal Town", "UC_N0": "UC_120", "Landuse": "R", "KA": null, "Name": null, "Plot_No": "88", "Block": "A" }, "geometry": { "type": "Polygon", "coordinates": [ [ [ 74.261589997869635, 31.44502555433726 ], [ 74.261510730822636, 31.44487333340313 ], [ 74.261225983548485, 31.444978240290936 ], [ 74.261228134476042, 31.444982454000648 ], [ 74.261300102315616, 31.445123441145096 ], [ 74.261589997869635, 31.44502555433726 ] ] ] } },
{ "type": "Feature", "properties": { "Id": null, "__source_file": "Export_Output.shp", "OBJECTID": 193021.0, "SHAPE_Leng": 156.48045951500001, "SHAPE_Area": 1442.1788737300001, "Town": "Allama Iqbal Town", "UC_N0": "UC_120", "Landuse": "R", "KA": null, "Name": null, "Plot_No": "11", "Block": "A" }, "geometry": { "type": "Polygon", "coordinates": [ [ [ 74.261458132517419, 31.446978414453277 ], [ 74.261551448329072, 31.447130830303852 ], [ 74.261697142451652, 31.447077477222223 ], [ 74.261626776701888, 31.446917904971894 ], [ 74.261458132517419, 31.446978414453277 ] ] ] } },
{ "type": "Feature", "properties": { "Id": null, "__source_file": "Export_Output.shp", "OBJECTID": 193022.0, "SHAPE_Leng": 326.69122417099999, "SHAPE_Area": 6037.48080493, "Town": "Allama Iqbal Town", "UC_N0": "UC_120", "Landuse": "R", "KA": null, "Name": null, "Plot_No": "65", "Block": "A" }, "geometry": { "type": "Polygon", "coordinates": [ [ [ 74.260152306913184, 31.445964345225558 ], [ 74.259856274842832, 31.446073618375461 ], [ 74.259929070856657, 31.446220071649154 ], [ 74.260224862875788, 31.446112784010925 ], [ 74.260152306913184, 31.445964345225558 ] ] ] } },
{ "type": "Feature", "properties": { "Id": null, "__source_file": "Export_Output.shp", "OBJECTID": 193023.0, "SHAPE_Leng": 343.453278082, "SHAPE_Area": 6926.8362103099998, "Town": "Allama Iqbal Town", "UC_N0": "UC_120", "Landuse": "O", "KA": null, "Name": null, "Plot_No": null, "Block": "A" }, "geometry": { "type": "Polygon", "coordinates": [ [ [ 74.261061446604799, 31.445486426030584 ], [ 74.260772497114971, 31.444866192853556 ], [ 74.260143883803877, 31.445095235993662 ], [ 74.260443248970503, 31.445733705060896 ], [ 74.261061446604799, 31.445486426030584 ] ] ] } },
{ "type": "Feature", "properties": { "Id": null, "__source_file": "Export_Output.shp", "OBJECTID": 193024.0, "SHAPE_Leng": 90.533630139099998, "SHAPE_Area": 467.64146760300002, "Town": "Allama Iqbal Town", "UC_N0": "UC_120", "Landuse": "R", "KA": null, "Name": null, "Plot_No": "62", "Block": "A" }, "geometry": { "type": "Polygon", "coordinates": [ [ [ 74.260545043662916, 31.446339009094878 ], [ 74.260420678482845, 31.446098996597829 ], [ 74.260265943943878, 31.446155448575066 ], [ 74.26039247091596, 31.446398610736448 ], [ 74.260545043662916, 31.446339009094878 ] ] ] } },
{ "type": "Feature", "properties": { "Id": null, "__source_file": "Export_Output.shp", "OBJECTID": 193025.0, "SHAPE_Leng": 127.43504322299999, "SHAPE_Area": 1013.83174543, "Town": "Allama Iqbal Town", "UC_N0": "UC_120", "Landuse": "V", "KA": null, "Name": null, "Plot_No": "100", "Block": "A" }, "geometry": { "type": "Polygon", "coordinates": [ [ [ 74.260241602664607, 31.444998959069707 ], [ 74.260111601622299, 31.444744451026459 ], [ 74.260105637746534, 31.444746623316028 ], [ 74.259944799687787, 31.444805207025755 ], [ 74.259939202401853, 31.444807245778087 ], [ 74.260077171792517, 31.445059039857441 ], [ 74.260241602664607, 31.444998959069707 ] ] ] } },
{ "type": "Feature", "properties": { "Id": null, "__source_file": "Export_Output.shp", "OBJECTID": 292130.0, "SHAPE_Leng": 146.27758203400001, "SHAPE_Area": 1235.98468652, "Town": "Allama Iqbal Town", "UC_N0": "UC_120", "Landuse": "V", "KA": null, "Name": null, "Plot_No": "140", "Block": "E" }, "geometry": { "type": "Polygon", "coordinates": [ [ [ 74.259109570612907, 31.437706643434396 ], [ 74.259067462238221, 31.437630358997293 ], [ 74.259048888009289, 31.437596709325774 ], [ 74.258778562517278, 31.437700307337042 ], [ 74.258795593020949, 31.437733303927008 ], [ 74.258833742494915, 31.437807217514823 ], [ 74.259109570612907, 31.437706643434396 ] ] ] } },
{ "type": "Feature", "properties": { "Id": null, "__source_file": "Export_Output.shp", "OBJECTID": 292944.0, "SHAPE_Leng": 77.268533507399994, "SHAPE_Area": 317.15158391400001, "Town": "Allama Iqbal Town", "UC_N0": "UC_120", "Landuse": "R", "KA": null, "Name": null, "Plot_No": "76", "Block": "E" }, "geometry": { "type": "Polygon", "coordinates": [ [ [ 74.261186269873718, 31.436980849766112 ], [ 74.261137364405798, 31.436883150709345 ], [ 74.26087789218434, 31.436976454625832 ], [ 74.260926030966061, 31.437075411570458 ], [ 74.261186269873718, 31.436980849766112 ] ] ] } },
{ "type": "Feature", "properties": { "Id": null, "__source_file": "Export_Output.shp", "OBJECTID": 292945.0, "SHAPE_Leng": 77.299591738299995, "SHAPE_Area": 319.32487303, "Town": "Allama Iqbal Town", "UC_N0": "UC_120", "Landuse": "R", "KA": null, "Name": null, "Plot_No": "78", "Block": "E" }, "geometry": { "type": "Polygon", "coordinates": [ [ [ 74.261088470435197, 31.436785474255398 ], [ 74.260828643358238, 31.436875216744827 ], [ 74.26087789218434, 31.436976454625832 ], [ 74.261137364405798, 31.436883150709345 ], [ 74.261088470435197, 31.436785474255398 ] ] ] } },
{ "type": "Feature", "properties": { "Id": null, "__source_file": "Export_Output.shp", "OBJECTID": 169526.0, "SHAPE_Leng": 118.063620845, "SHAPE_Area": 870.89801799199995, "Town": "Allama Iqbal Town", "UC_N0": "UC_120", "Landuse": "V", "KA": null, "Name": null, "Plot_No": "26", "Block": "A" }, "geometry": { "type": "Polygon", "coordinates": [ [ [ 74.260911860945868, 31.44712361434684 ], [ 74.260802549133757, 31.446878270101227 ], [ 74.260653982052304, 31.446931794545929 ], [ 74.260778603362638, 31.44717129671854 ], [ 74.260911860945868, 31.44712361434684 ] ] ] } },
{ "type": "Feature", "properties": { "Id": null, "__source_file": "Export_Output.shp", "OBJECTID": 193020.0, "SHAPE_Leng": 397.96627231999997, "SHAPE_Area": 5059.1378564799998, "Town": "Allama Iqbal Town", "UC_N0": "UC_120", "Landuse": "V", "KA": null, "Name": null, "Plot_No": "29", "Block": "A" }, "geometry": { "type": "Polygon", "coordinates": [ [ [ 74.261821243508905, 31.446214695467649 ], [ 74.26196246325604, 31.446460379160666 ], [ 74.261964910096751, 31.446459497598024 ], [ 74.262094602141048, 31.446412771460892 ], [ 74.262055040037254, 31.446201398431597 ], [ 74.262052747398968, 31.446192337706638 ], [ 74.262048711505216, 31.446154608648193 ], [ 74.262050582264081, 31.446131026228251 ], [ 74.261867278860294, 31.446197900473752 ], [ 74.261821243508905, 31.446214695467649 ] ] ] } },
{ "type": "Feature", "properties": { "Id": null, "__source_file": "Export_Output.shp", "OBJECTID": 193020.0, "SHAPE_Leng": 397.96627231999997, "SHAPE_Area": 5059.1378564799998, "Town": "Allama Iqbal Town", "UC_N0": "UC_120", "Landuse": "V", "KA": null, "Name": null, "Plot_No": "38", "Block": "A" }, "geometry": { "type": "Polygon", "coordinates": [ [ [ 74.260795153896751, 31.446880934397921 ], [ 74.260682956824638, 31.44662996730683 ], [ 74.260555364145432, 31.446676515036202 ], [ 74.260654412494432, 31.446931639470364 ], [ 74.260795153896751, 31.446880934397921 ] ] ] } },
{ "type": "Feature", "properties": { "Id": null, "__source_file": "Export_Output.shp", "OBJECTID": 193020.0, "SHAPE_Leng": 397.96627231999997, "SHAPE_Area": 5059.1378564799998, "Town": "Allama Iqbal Town", "UC_N0": "UC_120", "Landuse": "V", "KA": null, "Name": null, "Plot_No": "36", "Block": "A" }, "geometry": { "type": "Polygon", "coordinates": [ [ [ 74.261103428042631, 31.446769871372794 ], [ 74.260982956029892, 31.446520522394412 ], [ 74.260836648752218, 31.446573897947019 ], [ 74.260954836380648, 31.446823405143952 ], [ 74.261099956930749, 31.446771121923767 ], [ 74.261103428042631, 31.446769871372794 ] ] ] } },
{ "type": "Feature", "properties": { "Id": null, "__source_file": "Export_Output.shp", "OBJECTID": 193020.0, "SHAPE_Leng": 397.96627231999997, "SHAPE_Area": 5059.1378564799998, "Town": "Allama Iqbal Town", "UC_N0": "UC_120", "Landuse": "V", "KA": null, "Name": null, "Plot_No": "37", "Block": "A" }, "geometry": { "type": "Polygon", "coordinates": [ [ [ 74.260954836380648, 31.446823405143952 ], [ 74.260836648752218, 31.446573897947019 ], [ 74.260682956824638, 31.44662996730683 ], [ 74.260795153896751, 31.446880934397921 ], [ 74.260948105235045, 31.446825830197994 ], [ 74.260954836380648, 31.446823405143952 ] ] ] } },
{ "type": "Feature", "properties": { "Id": null, "__source_file": "Export_Output.shp", "OBJECTID": 193020.0, "SHAPE_Leng": 397.96627231999997, "SHAPE_Area": 5059.1378564799998, "Town": "Allama Iqbal Town", "UC_N0": "UC_120", "Landuse": "R", "KA": null, "Name": null, "Plot_No": "40", "Block": "A" }, "geometry": { "type": "Polygon", "coordinates": [ [ [ 74.260489272216887, 31.446991134186863 ], [ 74.260389209995509, 31.446737130308605 ], [ 74.260217262287682, 31.446799858837171 ], [ 74.260339211800385, 31.447045196027748 ], [ 74.260489272216887, 31.446991134186863 ] ] ] } },
{ "type": "Feature", "properties": { "Id": null, "__source_file": "Export_Output.shp", "OBJECTID": 193020.0, "SHAPE_Leng": 397.96627231999997, "SHAPE_Area": 5059.1378564799998, "Town": "Allama Iqbal Town", "UC_N0": "UC_120", "Landuse": "R", "KA": null, "Name": null, "Plot_No": "39", "Block": "A" }, "geometry": { "type": "Polygon", "coordinates": [ [ [ 74.260389209995509, 31.446737130308605 ], [ 74.260489272216887, 31.446991134186863 ], [ 74.26050184067563, 31.446986606172967 ], [ 74.260653982052304, 31.446931794545929 ], [ 74.260654412494432, 31.446931639470364 ], [ 74.260555364145432, 31.446676515036202 ], [ 74.260403394469051, 31.446731955633116 ], [ 74.260389209995509, 31.446737130308605 ] ] ] } },
{ "type": "Feature", "properties": { "Id": null, "__source_file": "Export_Output.shp", "OBJECTID": 165938.0, "SHAPE_Leng": 211.906441148, "SHAPE_Area": 2785.21775325, "Town": "Allama Iqbal Town", "UC_N0": "UC_120", "Landuse": "V", "KA": null, "Name": null, "Plot_No": "61", "Block": "A" }, "geometry": { "type": "Polygon", "coordinates": [ [ [ 74.260672277069588, 31.446290516946259 ], [ 74.260537993501984, 31.446056195975711 ], [ 74.260420678482845, 31.446098996597829 ], [ 74.260545043662916, 31.446339009094878 ], [ 74.260545073926139, 31.446339067500155 ], [ 74.260672277069588, 31.446290516946259 ] ] ] } },
{ "type": "Feature", "properties": { "Id": null, "__source_file": "Export_Output.shp", "OBJECTID": 165938.0, "SHAPE_Leng": 211.906441148, "SHAPE_Area": 2785.21775325, "Town": "Allama Iqbal Town", "UC_N0": "UC_120", "Landuse": "V", "KA": null, "Name": null, "Plot_No": "60", "Block": "A" }, "geometry": { "type": "Polygon", "coordinates": [ [ [ 74.260811887891265, 31.44623723045823 ], [ 74.260685678763735, 31.446002315016941 ], [ 74.260537993501984, 31.446056195975711 ], [ 74.260672277069588, 31.446290516946259 ], [ 74.260811887891265, 31.44623723045823 ] ] ] } },
{ "type": "Feature", "properties": { "Id": null, "__source_file": "Export_Output.shp", "OBJECTID": 169533.0, "SHAPE_Leng": 93.269848788600001, "SHAPE_Area": 508.96773830799998, "Town": "Allama Iqbal Town", "UC_N0": "UC_120", "Landuse": "R", "KA": null, "Name": null, "Plot_No": "4", "Block": "A" }, "geometry": { "type": "Polygon", "coordinates": [ [ [ 74.260740563454419, 31.447449088344587 ], [ 74.260647554960102, 31.447269243825055 ], [ 74.260480391583684, 31.447329220564338 ], [ 74.260570215453143, 31.447509926541596 ], [ 74.260740563454419, 31.447449088344587 ] ] ] } },
{ "type": "Feature", "properties": { "Id": null, "__source_file": "Export_Output.shp", "OBJECTID": 169528.0, "SHAPE_Leng": 241.31596688, "SHAPE_Area": 2380.60419761, "Town": "Allama Iqbal Town", "UC_N0": "UC_120", "Landuse": "V", "KA": null, "Name": null, "Plot_No": "5", "Block": "A" }, "geometry": { "type": "Polygon", "coordinates": [ [ [ 74.260846908213793, 31.447407795520327 ], [ 74.260766381666613, 31.447226610149194 ], [ 74.260647554960102, 31.447269243825069 ], [ 74.260737235153186, 31.447442652636305 ], [ 74.260846908213793, 31.447407795520327 ] ] ] } },
{ "type": "Feature", "properties": { "Id": null, "__source_file": "Export_Output.shp", "OBJECTID": 169528.0, "SHAPE_Leng": 241.31596688, "SHAPE_Area": 2380.60419761, "Town": "Allama Iqbal Town", "UC_N0": "UC_120", "Landuse": "R", "KA": null, "Name": null, "Plot_No": "2", "Block": "A" }, "geometry": { "type": "Polygon", "coordinates": [ [ [ 74.26096816200878, 31.447680616137493 ], [ 74.260846908213793, 31.447407795520327 ], [ 74.260737235153186, 31.447442652636305 ], [ 74.260772446242655, 31.447510737862483 ], [ 74.260773325946289, 31.44751042968073 ], [ 74.260840865359995, 31.447722812664225 ], [ 74.26096816200878, 31.447680616137493 ] ] ] } },
{ "type": "Feature", "properties": { "Id": null, "__source_file": "Export_Output.shp", "OBJECTID": 169528.0, "SHAPE_Leng": 241.31596688, "SHAPE_Area": 2380.60419761, "Town": "Allama Iqbal Town", "UC_N0": "UC_120", "Landuse": "R", "KA": null, "Name": null, "Plot_No": "6", "Block": "A" }, "geometry": { "type": "Polygon", "coordinates": [ [ [ 74.260968637118012, 31.447369106584333 ], [ 74.260876176751651, 31.447187216741476 ], [ 74.260801895388582, 31.447213868199022 ], [ 74.260766381666613, 31.447226610149194 ], [ 74.260846908213793, 31.447407795520327 ], [ 74.260968637118012, 31.447369106584333 ] ] ] } },
{ "type": "Feature", "properties": { "Id": null, "__source_file": "Export_Output.shp", "OBJECTID": 169528.0, "SHAPE_Leng": 241.31596688, "SHAPE_Area": 2380.60419761, "Town": "Allama Iqbal Town", "UC_N0": "UC_120", "Landuse": "R", "KA": null, "Name": null, "Plot_No": "1", "Block": "A" }, "geometry": { "type": "Polygon", "coordinates": [ [ [ 74.261104084569425, 31.447635560094913 ], [ 74.260968637118012, 31.447369106584279 ], [ 74.260846908213793, 31.447407795520327 ], [ 74.26096816200878, 31.447680616137493 ], [ 74.260987130857146, 31.447674328294639 ], [ 74.261104084569425, 31.447635560094913 ] ] ] } },
{ "type": "Feature", "properties": { "Id": null, "__source_file": "Export_Output.shp", "OBJECTID": 169528.0, "SHAPE_Leng": 241.31596688, "SHAPE_Area": 2380.60419761, "Town": "Allama Iqbal Town", "UC_N0": "UC_120", "Landuse": "R", "KA": null, "Name": null, "Plot_No": "1A", "Block": "A" }, "geometry": { "type": "Polygon", "coordinates": [ [ [ 74.261277111633049, 31.447578204260566 ], [ 74.261150826478143, 31.447311201304235 ], [ 74.260968637118012, 31.447369106584333 ], [ 74.261104084569425, 31.447635560095051 ], [ 74.261126645873574, 31.447628081384014 ], [ 74.261135779436259, 31.447625053752699 ], [ 74.261247698639053, 31.447587954241335 ], [ 74.261277111633049, 31.447578204260566 ] ] ] } },
{ "type": "Feature", "properties": { "Id": null, "__source_file": "Export_Output.shp", "OBJECTID": 193021.0, "SHAPE_Leng": 156.48045951500001, "SHAPE_Area": 1442.1788737300001, "Town": "Allama Iqbal Town", "UC_N0": "UC_120", "Landuse": "V", "KA": null, "Name": null, "Plot_No": "7", "Block": "A" }, "geometry": { "type": "Polygon", "coordinates": [ [ [ 74.261150571674634, 31.447311282288158 ], [ 74.261035839275195, 31.447129931141898 ], [ 74.260944249826153, 31.447162792708156 ], [ 74.260876176751665, 31.447187216741476 ], [ 74.260968637118154, 31.447369106584333 ], [ 74.261150571674634, 31.447311282288158 ] ] ] } },
{ "type": "Feature", "properties": { "Id": null, "__source_file": "Export_Output.shp", "OBJECTID": 193021.0, "SHAPE_Leng": 156.48045951500001, "SHAPE_Area": 1442.1788737300001, "Town": "Allama Iqbal Town", "UC_N0": "UC_120", "Landuse": null, "KA": null, "Name": null, "Plot_No": null, "Block": null }, "geometry": { "type": "Polygon", "coordinates": [ [ [ 74.261697142451652, 31.447077477222223 ], [ 74.261133285972491, 31.447283959787232 ], [ 74.261150571674634, 31.447311282288158 ], [ 74.261159746138631, 31.447308366357618 ], [ 74.26118087515097, 31.447367653659626 ], [ 74.261250365504551, 31.447343309100564 ], [ 74.261317070368563, 31.447319940334591 ], [ 74.261386630982599, 31.447295571061812 ], [ 74.26146730560545, 31.447267308138077 ], [ 74.261535015000192, 31.447243587299248 ], [ 74.261738894933188, 31.447172161333992 ], [ 74.261697142451652, 31.447077477222223 ] ] ] } },
{ "type": "Feature", "properties": { "Id": null, "__source_file": "Export_Output.shp", "OBJECTID": 193021.0, "SHAPE_Leng": 156.48045951500001, "SHAPE_Area": 1442.1788737300001, "Town": "Allama Iqbal Town", "UC_N0": "UC_120", "Landuse": "R", "KA": null, "Name": null, "Plot_No": "8", "Block": "A" }, "geometry": { "type": "Polygon", "coordinates": [ [ [ 74.261272104211045, 31.447233125278412 ], [ 74.261188146287907, 31.447075284399087 ], [ 74.261165290368098, 31.447083484966839 ], [ 74.261089316824197, 31.447110743781206 ], [ 74.261035839275195, 31.447129931141898 ], [ 74.261133285972491, 31.447283959787232 ], [ 74.261272104211045, 31.447233125278412 ] ] ] } },
{ "type": "Feature", "properties": { "Id": null, "__source_file": "Export_Output.shp", "OBJECTID": 193021.0, "SHAPE_Leng": 156.48045951500001, "SHAPE_Area": 1442.1788737300001, "Town": "Allama Iqbal Town", "UC_N0": "UC_120", "Landuse": "R", "KA": null, "Name": null, "Plot_No": "9", "Block": "A" }, "geometry": { "type": "Polygon", "coordinates": [ [ [ 74.26141269318066, 31.447181642126086 ], [ 74.261321345635636, 31.447027493157055 ], [ 74.261294075798745, 31.44703727744994 ], [ 74.261228479827949, 31.447060812951896 ], [ 74.261188146287907, 31.447075284399087 ], [ 74.261272104211045, 31.447233125278412 ], [ 74.26141269318066, 31.447181642126086 ] ] ] } },
{ "type": "Feature", "properties": { "Id": null, "__source_file": "Export_Output.shp", "OBJECTID": 193021.0, "SHAPE_Leng": 156.48045951500001, "SHAPE_Area": 1442.1788737300001, "Town": "Allama Iqbal Town", "UC_N0": "UC_120", "Landuse": "V", "KA": null, "Name": null, "Plot_No": "10", "Block": "A" }, "geometry": { "type": "Polygon", "coordinates": [ [ [ 74.261551448329072, 31.447130830303852 ], [ 74.261458132517419, 31.446978414453277 ], [ 74.26141472569789, 31.44699398875775 ], [ 74.261362909013954, 31.447012580391601 ], [ 74.261321345635636, 31.447027493157055 ], [ 74.26141269318066, 31.447181642126104 ], [ 74.261551448329072, 31.447130830303852 ] ] ] } },
{ "type": "Feature", "properties": { "Id": null, "__source_file": "Export_Output.shp", "OBJECTID": 169529.0, "SHAPE_Leng": 111.72804029300001, "SHAPE_Area": 769.72551636100002, "Town": "Allama Iqbal Town", "UC_N0": "UC_120", "Landuse": "R", "KA": null, "Name": null, "Plot_No": "17", "Block": "A" }, "geometry": { "type": "Polygon", "coordinates": [ [ [ 74.261989708138415, 31.447341985752935 ], [ 74.261880067019703, 31.447122703521728 ], [ 74.261738894933188, 31.447172161333992 ], [ 74.261738132610546, 31.447172428401949 ], [ 74.261836408013352, 31.447392803477012 ], [ 74.261989708138415, 31.447341985752935 ] ] ] } },
{ "type": "Feature", "properties": { "Id": null, "__source_file": "Export_Output.shp", "OBJECTID": 169529.0, "SHAPE_Leng": 111.72804029300001, "SHAPE_Area": 769.72551636100002, "Town": "Allama Iqbal Town", "UC_N0": "UC_120", "Landuse": "V", "KA": null, "Name": null, "Plot_No": "16", "Block": "A" }, "geometry": { "type": "Polygon", "coordinates": [ [ [ 74.262136814154744, 31.447293220926181 ], [ 74.262021735985698, 31.447073071236581 ], [ 74.261894031619093, 31.447117811193802 ], [ 74.261880067019703, 31.447122703521728 ], [ 74.261989708138415, 31.447341985752935 ], [ 74.262001335848396, 31.447338131253392 ], [ 74.262132272758251, 31.447294726377624 ], [ 74.262136814154744, 31.447293220926181 ] ] ] } },
{ "type": "Feature", "properties": { "Id": null, "__source_file": "Export_Output.shp", "OBJECTID": 169530.0, "SHAPE_Leng": 163.765676356, "SHAPE_Area": 1550.43356576, "Town": "Allama Iqbal Town", "UC_N0": "UC_120", "Landuse": "V", "KA": null, "Name": null, "Plot_No": "12", "Block": "A" }, "geometry": { "type": "Polygon", "coordinates": [ [ [ 74.261882684104506, 31.447121786657885 ], [ 74.261751624470065, 31.446873109342317 ], [ 74.261626776701846, 31.44691790497183 ], [ 74.261738894933188, 31.447172161333899 ], [ 74.261882684104506, 31.447121786657885 ] ] ] } },
{ "type": "Feature", "properties": { "Id": null, "__source_file": "Export_Output.shp", "OBJECTID": 169530.0, "SHAPE_Leng": 163.765676356, "SHAPE_Area": 1550.43356576, "Town": "Allama Iqbal Town", "UC_N0": "UC_120", "Landuse": "V", "KA": null, "Name": null, "Plot_No": "13", "Block": "A" }, "geometry": { "type": "Polygon", "coordinates": [ [ [ 74.262030585202965, 31.447069970994679 ], [ 74.261906243928479, 31.446817631341034 ], [ 74.261751624470065, 31.446873109342317 ], [ 74.261882684104506, 31.447121786657885 ], [ 74.26189403161905, 31.447117811193738 ], [ 74.262030585202965, 31.447069970994679 ] ] ] } },
{ "type": "Feature", "properties": { "Id": null, "__source_file": "Export_Output.shp", "OBJECTID": 169522.0, "SHAPE_Leng": 105.542737974, "SHAPE_Area": 674.04948968500003, "Town": "Allama Iqbal Town", "UC_N0": "UC_120", "Landuse": "R", "KA": null, "Name": null, "Plot_No": "23", "Block": "A" }, "geometry": { "type": "Polygon", "coordinates": [ [ [ 74.261372781824491, 31.446958685538224 ], [ 74.261253205837278, 31.446715910223052 ], [ 74.261236420218736, 31.446721957668554 ], [ 74.261226838978374, 31.446725409552499 ], [ 74.261099956930778, 31.446771121923806 ], [ 74.261217360383952, 31.447014299217198 ], [ 74.26133082344758, 31.446973699320257 ], [ 74.261372781824491, 31.446958685538224 ] ] ] } },
{ "type": "Feature", "properties": { "Id": null, "__source_file": "Export_Output.shp", "OBJECTID": 169522.0, "SHAPE_Leng": 105.542737974, "SHAPE_Area": 674.04948968500003, "Town": "Allama Iqbal Town", "UC_N0": "UC_120", "Landuse": "R", "KA": null, "Name": null, "Plot_No": "22", "Block": "A" }, "geometry": { "type": "Polygon", "coordinates": [ [ [ 74.261515195898909, 31.446907725994961 ], [ 74.261394801485736, 31.446664896673646 ], [ 74.261348378024607, 31.446681621967763 ], [ 74.261253205837278, 31.446715910223052 ], [ 74.261372781824491, 31.446958685538224 ], [ 74.261453869765958, 31.446929670142627 ], [ 74.261515195898909, 31.446907725994961 ] ] ] } },
{ "type": "Feature", "properties": { "Id": null, "__source_file": "Export_Output.shp", "OBJECTID": 169522.0, "SHAPE_Leng": 105.542737974, "SHAPE_Area": 674.04948968500003, "Town": "Allama Iqbal Town", "UC_N0": "UC_120", "Landuse": "R", "KA": null, "Name": null, "Plot_No": "21", "Block": "A" }, "geometry": { "type": "Polygon", "coordinates": [ [ [ 74.261663539869645, 31.446854644348228 ], [ 74.261540326877551, 31.446612467108498 ], [ 74.26144852977265, 31.446645539591891 ], [ 74.261394801485736, 31.446664896673646 ], [ 74.261515195898909, 31.446907725994961 ], [ 74.26153709789277, 31.446899888859967 ], [ 74.261660857534238, 31.446855604165371 ], [ 74.261663539869645, 31.446854644348228 ] ] ] } },
{ "type": "Feature", "properties": { "Id": null, "__source_file": "Export_Output.shp", "OBJECTID": 169522.0, "SHAPE_Leng": 105.542737974, "SHAPE_Area": 674.04948968500003, "Town": "Allama Iqbal Town", "UC_N0": "UC_120", "Landuse": "R", "KA": null, "Name": null, "Plot_No": "20", "Block": "A" }, "geometry": { "type": "Polygon", "coordinates": [ [ [ 74.26180529570523, 31.446803919922424 ], [ 74.261681104837137, 31.446561747722733 ], [ 74.261566428984807, 31.446603063075386 ], [ 74.261540326877551, 31.446612467108498 ], [ 74.261663539869645, 31.446854644348228 ], [ 74.261786928046334, 31.446810492408442 ], [ 74.26180529570523, 31.446803919922424 ] ] ] } },
{ "type": "Feature", "properties": { "Id": null, "__source_file": "Export_Output.shp", "OBJECTID": 169522.0, "SHAPE_Leng": 105.542737974, "SHAPE_Area": 674.04948968500003, "Town": "Allama Iqbal Town", "UC_N0": "UC_120", "Landuse": "V", "KA": null, "Name": null, "Plot_No": "19", "Block": "A" }, "geometry": { "type": "Polygon", "coordinates": [ [ [ 74.261958244471359, 31.446749190237231 ], [ 74.261831232631778, 31.446507659587173 ], [ 74.261682831997192, 31.446561125461404 ], [ 74.261681104837137, 31.446561747722733 ], [ 74.26180529570523, 31.446803919922424 ], [ 74.261948907697018, 31.446752531224345 ], [ 74.261958244471359, 31.446749190237231 ] ] ] } },
{ "type": "Feature", "properties": { "Id": null, "__source_file": "Export_Output.shp", "OBJECTID": 193020.0, "SHAPE_Leng": 397.96627231999997, "SHAPE_Area": 5059.1378564799998, "Town": "Allama Iqbal Town", "UC_N0": "UC_120", "Landuse": "V", "KA": null, "Name": null, "Plot_No": "35", "Block": "A" }, "geometry": { "type": "Polygon", "coordinates": [ [ [ 74.261254383744827, 31.44671548585174 ], [ 74.261131015954149, 31.446466507210758 ], [ 74.261125560270628, 31.446468497555969 ], [ 74.260982956029878, 31.446520522394405 ], [ 74.261103428042716, 31.446769871372844 ], [ 74.261236445154864, 31.446721948684658 ], [ 74.261254383744827, 31.44671548585174 ] ] ] } },
{ "type": "Feature", "properties": { "Id": null, "__source_file": "Export_Output.shp", "OBJECTID": 193020.0, "SHAPE_Leng": 397.96627231999997, "SHAPE_Area": 5059.1378564799998, "Town": "Allama Iqbal Town", "UC_N0": "UC_120", "Landuse": "V", "KA": null, "Name": null, "Plot_No": "34", "Block": "A" }, "geometry": { "type": "Polygon", "coordinates": [ [ [ 74.261400606535574, 31.446662805247463 ], [ 74.261271105201956, 31.446415399670645 ], [ 74.261242286542682, 31.446425913348293 ], [ 74.261131015954149, 31.446466507210758 ], [ 74.261254383744827, 31.44671548585174 ], [ 74.261345955795392, 31.446682494639997 ], [ 74.261400606535574, 31.446662805247463 ] ] ] } },
{ "type": "Feature", "properties": { "Id": null, "__source_file": "Export_Output.shp", "OBJECTID": 193020.0, "SHAPE_Leng": 397.96627231999997, "SHAPE_Area": 5059.1378564799998, "Town": "Allama Iqbal Town", "UC_N0": "UC_120", "Landuse": "V", "KA": null, "Name": null, "Plot_No": "33", "Block": "A" }, "geometry": { "type": "Polygon", "coordinates": [ [ [ 74.261543713757746, 31.446611246888011 ], [ 74.261413513288147, 31.446363445953249 ], [ 74.261271105201956, 31.446415399670645 ], [ 74.261400606535574, 31.446662805247463 ], [ 74.261543713757746, 31.446611246888011 ] ] ] } },
{ "type": "Feature", "properties": { "Id": null, "__source_file": "Export_Output.shp", "OBJECTID": 193020.0, "SHAPE_Leng": 397.96627231999997, "SHAPE_Area": 5059.1378564799998, "Town": "Allama Iqbal Town", "UC_N0": "UC_120", "Landuse": "V", "KA": null, "Name": null, "Plot_No": "32", "Block": "A" }, "geometry": { "type": "Polygon", "coordinates": [ [ [ 74.261687279088477, 31.446559523263989 ], [ 74.261569836961897, 31.446306415261727 ], [ 74.261413513288147, 31.446363445953249 ], [ 74.261543713757746, 31.446611246888011 ], [ 74.261682831997192, 31.446561125461404 ], [ 74.261687279088477, 31.446559523263989 ] ] ] } },
{ "type": "Feature", "properties": { "Id": null, "__source_file": "Export_Output.shp", "OBJECTID": 193020.0, "SHAPE_Leng": 397.96627231999997, "SHAPE_Area": 5059.1378564799998, "Town": "Allama Iqbal Town", "UC_N0": "UC_120", "Landuse": "R", "KA": null, "Name": null, "Plot_No": "31", "Block": "A" }, "geometry": { "type": "Polygon", "coordinates": [ [ [ 74.261834453025472, 31.446506499339087 ], [ 74.261700435310118, 31.446258769595868 ], [ 74.261569836961897, 31.446306415261727 ], [ 74.261687279088477, 31.446559523263989 ], [ 74.261834453025472, 31.446506499339087 ] ] ] } },
{ "type": "Feature", "properties": { "Id": null, "__source_file": "Export_Output.shp", "OBJECTID": 193020.0, "SHAPE_Leng": 397.96627231999997, "SHAPE_Area": 5059.1378564799998, "Town": "Allama Iqbal Town", "UC_N0": "UC_120", "Landuse": "R", "KA": null, "Name": null, "Plot_No": "30", "Block": "A" }, "geometry": { "type": "Polygon", "coordinates": [ [ [ 74.26196246325604, 31.446460379160666 ], [ 74.261821243508919, 31.446214695467638 ], [ 74.261700435310118, 31.446258769595868 ], [ 74.261834453025472, 31.446506499339087 ], [ 74.261845434955177, 31.44650254275281 ], [ 74.26196246325604, 31.446460379160666 ] ] ] } },
{ "type": "Feature", "properties": { "Id": null, "__source_file": "Export_Output.shp", "OBJECTID": 165939.0, "SHAPE_Leng": 118.061526847, "SHAPE_Area": 869.66049225799998, "Town": "Allama Iqbal Town", "UC_N0": "UC_120", "Landuse": "V", "KA": null, "Name": null, "Plot_No": "42", "Block": "A" }, "geometry": { "type": "Polygon", "coordinates": [ [ [ 74.260513298134299, 31.446631956199951 ], [ 74.260393561463445, 31.446398184721563 ], [ 74.260392470915946, 31.446398610736569 ], [ 74.2603593356841, 31.446411554565003 ], [ 74.260250956741146, 31.446453891242111 ], [ 74.26037039363122, 31.446684923555896 ], [ 74.260489670107049, 31.446640713910739 ], [ 74.260513298134299, 31.446631956199951 ] ] ] } },
{ "type": "Feature", "properties": { "Id": null, "__source_file": "Export_Output.shp", "OBJECTID": 165939.0, "SHAPE_Leng": 118.061526847, "SHAPE_Area": 869.66049225799998, "Town": "Allama Iqbal Town", "UC_N0": "UC_120", "Landuse": "R", "KA": null, "Name": null, "Plot_No": "43", "Block": "A" }, "geometry": { "type": "Polygon", "coordinates": [ [ [ 74.26065579605627, 31.446579139322555 ], [ 74.26053725263435, 31.446342052620476 ], [ 74.26046300139231, 31.446371058455242 ], [ 74.260393561463459, 31.446398184721563 ], [ 74.260513298134299, 31.446631956199951 ], [ 74.2605729666424, 31.446609840084726 ], [ 74.26065579605627, 31.446579139322555 ] ] ] } },
{ "type": "Feature", "properties": { "Id": null, "__source_file": "Export_Output.shp", "OBJECTID": 165939.0, "SHAPE_Leng": 118.061526847, "SHAPE_Area": 869.66049225799998, "Town": "Allama Iqbal Town", "UC_N0": "UC_120", "Landuse": "R", "KA": null, "Name": null, "Plot_No": "44", "Block": "A" }, "geometry": { "type": "Polygon", "coordinates": [ [ [ 74.260777423309491, 31.446534057808794 ], [ 74.260669300283581, 31.446291653120067 ], [ 74.260545073926338, 31.446339067500283 ], [ 74.260545043662916, 31.446339009094917 ], [ 74.26053725263435, 31.446342052620476 ], [ 74.26065579605627, 31.446579139322555 ], [ 74.260667266640397, 31.446574887739157 ], [ 74.260777423309491, 31.446534057808794 ] ] ] } },
{ "type": "Feature", "properties": { "Id": null, "__source_file": "Export_Output.shp", "OBJECTID": 165939.0, "SHAPE_Leng": 118.061526847, "SHAPE_Area": 869.66049225799998, "Town": "Allama Iqbal Town", "UC_N0": "UC_120", "Landuse": "V", "KA": null, "Name": null, "Plot_No": "45", "Block": "A" }, "geometry": { "type": "Polygon", "coordinates": [ [ [ 74.260938539160279, 31.446474339454308 ], [ 74.260812821968884, 31.446236873940105 ], [ 74.260811887891379, 31.446237230458351 ], [ 74.260672277069617, 31.446290516946345 ], [ 74.260669300283581, 31.446291653120067 ], [ 74.260777423309491, 31.446534057808794 ], [ 74.260805814428764, 31.446523534526108 ], [ 74.260938539160279, 31.446474339454308 ] ] ] } },
{ "type": "Feature", "properties": { "Id": null, "__source_file": "Export_Output.shp", "OBJECTID": 165936.0, "SHAPE_Leng": 124.7008407, "SHAPE_Area": 967.60352950599997, "Town": "Allama Iqbal Town", "UC_N0": "UC_120", "Landuse": "R", "KA": null, "Name": null, "Plot_No": "47", "Block": "A" }, "geometry": { "type": "Polygon", "coordinates": [ [ [ 74.261316265668, 31.446334332161722 ], [ 74.261198264371544, 31.446100577841648 ], [ 74.261080420156972, 31.446142553528873 ], [ 74.261194421876851, 31.446379494689662 ], [ 74.261316265668, 31.446334332161722 ] ] ] } },
{ "type": "Feature", "properties": { "Id": null, "__source_file": "Export_Output.shp", "OBJECTID": 165936.0, "SHAPE_Leng": 124.7008407, "SHAPE_Area": 967.60352950599997, "Town": "Allama Iqbal Town", "UC_N0": "UC_120", "Landuse": "R", "KA": null, "Name": null, "Plot_No": "48", "Block": "A" }, "geometry": { "type": "Polygon", "coordinates": [ [ [ 74.261453216088313, 31.4462835700303 ], [ 74.261337510437841, 31.44605097870188 ], [ 74.261198264371544, 31.446100577841648 ], [ 74.261316265668, 31.446334332161715 ], [ 74.261361970213457, 31.446317391307847 ], [ 74.261453216088313, 31.4462835700303 ] ] ] } },
{ "type": "Feature", "properties": { "Id": null, "__source_file": "Export_Output.shp", "OBJECTID": 165936.0, "SHAPE_Leng": 124.7008407, "SHAPE_Area": 967.60352950599997, "Town": "Allama Iqbal Town", "UC_N0": "UC_120", "Landuse": "V", "KA": null, "Name": null, "Plot_No": "49", "Block": "A" }, "geometry": { "type": "Polygon", "coordinates": [ [ [ 74.261599803363936, 31.446229235670994 ], [ 74.261484014615192, 31.44599879401737 ], [ 74.261337510437841, 31.44605097870188 ], [ 74.261453216088313, 31.4462835700303 ], [ 74.261530748254458, 31.44625483181748 ], [ 74.261599803363936, 31.446229235670994 ] ] ] } },
{ "type": "Feature", "properties": { "Id": null, "__source_file": "Export_Output.shp", "OBJECTID": 165936.0, "SHAPE_Leng": 124.7008407, "SHAPE_Area": 967.60352950599997, "Town": "Allama Iqbal Town", "UC_N0": "UC_120", "Landuse": "R", "KA": null, "Name": null, "Plot_No": "50", "Block": "A" }, "geometry": { "type": "Polygon", "coordinates": [ [ [ 74.261735591233958, 31.446178904035481 ], [ 74.261622071796211, 31.44594961793894 ], [ 74.261484014615192, 31.44599879401737 ], [ 74.261599803363936, 31.446229235670994 ], [ 74.261712270352405, 31.44618754825408 ], [ 74.261735591233958, 31.446178904035481 ] ] ] } },
{ "type": "Feature", "properties": { "Id": null, "__source_file": "Export_Output.shp", "OBJECTID": 165936.0, "SHAPE_Leng": 124.7008407, "SHAPE_Area": 967.60352950599997, "Town": "Allama Iqbal Town", "UC_N0": "UC_120", "Landuse": "V", "KA": null, "Name": null, "Plot_No": "51", "Block": "A" }, "geometry": { "type": "Polygon", "coordinates": [ [ [ 74.261879052039461, 31.446125728104452 ], [ 74.261767941111515, 31.445897658952703 ], [ 74.261622071796211, 31.44594961793894 ], [ 74.261735591233958, 31.446178904035481 ], [ 74.261879052039461, 31.446125728104452 ] ] ] } },
{ "type": "Feature", "properties": { "Id": null, "__source_file": "Export_Output.shp", "OBJECTID": 165936.0, "SHAPE_Leng": 124.7008407, "SHAPE_Area": 967.60352950599997, "Town": "Allama Iqbal Town", "UC_N0": "UC_120", "Landuse": "R", "KA": null, "Name": null, "Plot_No": "52", "Block": "A" }, "geometry": { "type": "Polygon", "coordinates": [ [ [ 74.261767941111515, 31.445897658952703 ], [ 74.261879052039461, 31.446125728104452 ], [ 74.261883505562778, 31.446124077334673 ], [ 74.261984212505482, 31.446086748635867 ], [ 74.262079676784296, 31.446051363116101 ], [ 74.262080097484741, 31.446049918369685 ], [ 74.262084630050154, 31.446018504627133 ], [ 74.262080590291788, 31.445987041502594 ], [ 74.262069912972294, 31.44596030208745 ], [ 74.261997055037526, 31.445816047589361 ], [ 74.261767941111515, 31.445897658952703 ] ] ] } },
{ "type": "Feature", "properties": { "Id": null, "__source_file": "Export_Output.shp", "OBJECTID": 165936.0, "SHAPE_Leng": 124.7008407, "SHAPE_Area": 967.60352950599997, "Town": "Allama Iqbal Town", "UC_N0": "UC_120", "Landuse": "V", "KA": null, "Name": null, "Plot_No": "58", "Block": "A" }, "geometry": { "type": "Polygon", "coordinates": [ [ [ 74.261198264371544, 31.446100577841648 ], [ 74.261076653415188, 31.445859671669304 ], [ 74.260964076433822, 31.445900744352635 ], [ 74.261079898125629, 31.44614146853614 ], [ 74.261080420156972, 31.446142553528873 ], [ 74.261198264371544, 31.446100577841648 ] ] ] } },
{ "type": "Feature", "properties": { "Id": null, "__source_file": "Export_Output.shp", "OBJECTID": 165936.0, "SHAPE_Leng": 124.7008407, "SHAPE_Area": 967.60352950599997, "Town": "Allama Iqbal Town", "UC_N0": "UC_120", "Landuse": "V", "KA": null, "Name": null, "Plot_No": "57", "Block": "A" }, "geometry": { "type": "Polygon", "coordinates": [ [ [ 74.261337510437841, 31.44605097870188 ], [ 74.26121689045479, 31.445808507276251 ], [ 74.261120140663834, 31.445843805707486 ], [ 74.261076653415188, 31.445859671669311 ], [ 74.261198264371544, 31.446100577841648 ], [ 74.261337510437841, 31.44605097870188 ] ] ] } },
{ "type": "Feature", "properties": { "Id": null, "__source_file": "Export_Output.shp", "OBJECTID": 165936.0, "SHAPE_Leng": 124.7008407, "SHAPE_Area": 967.60352950599997, "Town": "Allama Iqbal Town", "UC_N0": "UC_120", "Landuse": "R", "KA": null, "Name": null, "Plot_No": "56", "Block": "A" }, "geometry": { "type": "Polygon", "coordinates": [ [ [ 74.261484014615192, 31.44599879401737 ], [ 74.261361832094394, 31.445755626224862 ], [ 74.261236319461943, 31.445801418737435 ], [ 74.26121689045479, 31.445808507276251 ], [ 74.261337510437841, 31.44605097870188 ], [ 74.261484014615192, 31.44599879401737 ] ] ] } },
{ "type": "Feature", "properties": { "Id": null, "__source_file": "Export_Output.shp", "OBJECTID": 165936.0, "SHAPE_Leng": 124.7008407, "SHAPE_Area": 967.60352950599997, "Town": "Allama Iqbal Town", "UC_N0": "UC_120", "Landuse": "R", "KA": null, "Name": null, "Plot_No": "55", "Block": "A" }, "geometry": { "type": "Polygon", "coordinates": [ [ [ 74.261622071796211, 31.44594961793894 ], [ 74.261500905683477, 31.445704885798328 ], [ 74.261397636665691, 31.445742563116106 ], [ 74.261361832094394, 31.445755626224862 ], [ 74.261484014615192, 31.44599879401737 ], [ 74.261622071796211, 31.44594961793894 ] ] ] } },
{ "type": "Feature", "properties": { "Id": null, "__source_file": "Export_Output.shp", "OBJECTID": 165936.0, "SHAPE_Leng": 124.7008407, "SHAPE_Area": 967.60352950599997, "Town": "Allama Iqbal Town", "UC_N0": "UC_120", "Landuse": "V", "KA": null, "Name": null, "Plot_No": "54", "Block": "A" }, "geometry": { "type": "Polygon", "coordinates": [ [ [ 74.261767941111543, 31.445897658952703 ], [ 74.261647898857774, 31.445651255804005 ], [ 74.261550425829768, 31.445686818516219 ], [ 74.261500905683477, 31.445704885798328 ], [ 74.261622071796211, 31.44594961793894 ], [ 74.261767941111543, 31.445897658952703 ] ] ] } },
{ "type": "Feature", "properties": { "Id": null, "__source_file": "Export_Output.shp", "OBJECTID": 165920.0, "SHAPE_Leng": 99.867427304700001, "SHAPE_Area": 497.66501282500002, "Town": "Allama Iqbal Town", "UC_N0": "UC_120", "Landuse": "V", "KA": null, "Name": null, "Plot_No": "122", "Block": "A" }, "geometry": { "type": "Polygon", "coordinates": [ [ [ 74.261949100306452, 31.444796510343743 ], [ 74.261882062156857, 31.444662582434365 ], [ 74.261532957071495, 31.444793737845881 ], [ 74.26159530964533, 31.444918902650517 ], [ 74.261949100306452, 31.444796510343743 ] ] ] } },
{ "type": "Feature", "properties": { "Id": null, "__source_file": "Export_Output.shp", "OBJECTID": 165920.0, "SHAPE_Leng": 99.867427304700001, "SHAPE_Area": 497.66501282500002, "Town": "Allama Iqbal Town", "UC_N0": "UC_120", "Landuse": "V", "KA": null, "Name": null, "Plot_No": "130", "Block": "A" }, "geometry": { "type": "Polygon", "coordinates": [ [ [ 74.26242055264629, 31.445738359894058 ], [ 74.262068696467693, 31.445869154403535 ], [ 74.262106815754819, 31.445945672155279 ], [ 74.26212073790451, 31.445964447367125 ], [ 74.262126130685957, 31.44597447057895 ], [ 74.262478885111264, 31.445854892866038 ], [ 74.26242055264629, 31.445738359894058 ] ] ] } },
{ "type": "Feature", "properties": { "Id": null, "__source_file": "Export_Output.shp", "OBJECTID": 165920.0, "SHAPE_Leng": 99.867427304700001, "SHAPE_Area": 497.66501282500002, "Town": "Allama Iqbal Town", "UC_N0": "UC_120", "Landuse": "V", "KA": null, "Name": null, "Plot_No": "128", "Block": "A" }, "geometry": { "type": "Polygon", "coordinates": [ [ [ 74.262352027822715, 31.445601464865909 ], [ 74.262277587123549, 31.445452750950363 ], [ 74.261930084651112, 31.44559091448183 ], [ 74.261999388750098, 31.44573003103147 ], [ 74.262352027822715, 31.445601464865909 ] ] ] } },
{ "type": "Feature", "properties": { "Id": null, "__source_file": "Export_Output.shp", "OBJECTID": 165920.0, "SHAPE_Leng": 99.867427304700001, "SHAPE_Area": 497.66501282500002, "Town": "Allama Iqbal Town", "UC_N0": "UC_120", "Landuse": "R", "KA": null, "Name": null, "Plot_No": "127", "Block": "A" }, "geometry": { "type": "Polygon", "coordinates": [ [ [ 74.262277587123549, 31.445452750950363 ], [ 74.262216981380504, 31.445331675447122 ], [ 74.261866329175433, 31.445462935488639 ], [ 74.261930084651112, 31.44559091448183 ], [ 74.262277587123549, 31.445452750950363 ] ] ] } },
{ "type": "Feature", "properties": { "Id": null, "__source_file": "Export_Output.shp", "OBJECTID": 165920.0, "SHAPE_Leng": 99.867427304700001, "SHAPE_Area": 497.66501282500002, "Town": "Allama Iqbal Town", "UC_N0": "UC_120", "Landuse": "V", "KA": null, "Name": null, "Plot_No": "126", "Block": "A" }, "geometry": { "type": "Polygon", "coordinates": [ [ [ 74.262216981380504, 31.445331675447122 ], [ 74.262151218395942, 31.445200296653859 ], [ 74.261803310228558, 31.445336434592928 ], [ 74.261866329175433, 31.445462935488639 ], [ 74.262216981380504, 31.445331675447122 ] ] ] } },
{ "type": "Feature", "properties": { "Id": null, "__source_file": "Export_Output.shp", "OBJECTID": 165920.0, "SHAPE_Leng": 99.867427304700001, "SHAPE_Area": 497.66501282500002, "Town": "Allama Iqbal Town", "UC_N0": "UC_120", "Landuse": "V", "KA": null, "Name": null, "Plot_No": "125", "Block": "A" }, "geometry": { "type": "Polygon", "coordinates": [ [ [ 74.262151218395942, 31.445200296653859 ], [ 74.262079999496564, 31.445058017796764 ], [ 74.261732277364061, 31.445193846546079 ], [ 74.261803310228558, 31.445336434592928 ], [ 74.262151218395942, 31.445200296653859 ] ] ] } },
{ "type": "Feature", "properties": { "Id": null, "__source_file": "Export_Output.shp", "OBJECTID": 165920.0, "SHAPE_Leng": 99.867427304700001, "SHAPE_Area": 497.66501282500002, "Town": "Allama Iqbal Town", "UC_N0": "UC_120", "Landuse": "R", "KA": null, "Name": null, "Plot_No": "124", "Block": "A" }, "geometry": { "type": "Polygon", "coordinates": [ [ [ 74.262079999496564, 31.445058017796764 ], [ 74.262013094251174, 31.44492435619987 ], [ 74.261664579828675, 31.445057953251169 ], [ 74.261732277364061, 31.445193846546079 ], [ 74.262079999496564, 31.445058017796764 ] ] ] } },
{ "type": "Feature", "properties": { "Id": null, "__source_file": "Export_Output.shp", "OBJECTID": 165920.0, "SHAPE_Leng": 99.867427304700001, "SHAPE_Area": 497.66501282500002, "Town": "Allama Iqbal Town", "UC_N0": "UC_120", "Landuse": "R", "KA": null, "Name": null, "Plot_No": "123", "Block": "A" }, "geometry": { "type": "Polygon", "coordinates": [ [ [ 74.262013094251174, 31.44492435619987 ], [ 74.261949100306452, 31.444796510343743 ], [ 74.26159530964533, 31.444918902650517 ], [ 74.261664579828675, 31.445057953251169 ], [ 74.262013094251174, 31.44492435619987 ] ] ] } },
{ "type": "Feature", "properties": { "Id": null, "__source_file": "Export_Output.shp", "OBJECTID": 165920.0, "SHAPE_Leng": 99.867427304700001, "SHAPE_Area": 497.66501282500002, "Town": "Allama Iqbal Town", "UC_N0": "UC_120", "Landuse": "V", "KA": null, "Name": null, "Plot_No": "121", "Block": "A" }, "geometry": { "type": "Polygon", "coordinates": [ [ [ 74.261882062156857, 31.444662582434358 ], [ 74.26181486934118, 31.444528345124407 ], [ 74.261463722497496, 31.444654757888909 ], [ 74.261532957071495, 31.444793737845874 ], [ 74.261882062156857, 31.444662582434358 ] ] ] } },
{ "type": "Feature", "properties": { "Id": null, "__source_file": "Export_Output.shp", "OBJECTID": 165920.0, "SHAPE_Leng": 99.867427304700001, "SHAPE_Area": 497.66501282500002, "Town": "Allama Iqbal Town", "UC_N0": "UC_120", "Landuse": "R", "KA": null, "Name": null, "Plot_No": "120", "Block": "A" }, "geometry": { "type": "Polygon", "coordinates": [ [ [ 74.26181486934118, 31.444528345124407 ], [ 74.261746061230227, 31.444390880363187 ], [ 74.261394952939412, 31.44451671095856 ], [ 74.261463722497496, 31.444654757888909 ], [ 74.26181486934118, 31.444528345124407 ] ] ] } },
{ "type": "Feature", "properties": { "Id": null, "__source_file": "Export_Output.shp", "OBJECTID": 165920.0, "SHAPE_Leng": 99.867427304700001, "SHAPE_Area": 497.66501282500002, "Town": "Allama Iqbal Town", "UC_N0": "UC_120", "Landuse": "V", "KA": null, "Name": null, "Plot_No": "119", "Block": "A" }, "geometry": { "type": "Polygon", "coordinates": [ [ [ 74.261746061230227, 31.444390880363187 ], [ 74.261715528867498, 31.444329882707503 ], [ 74.261658504318135, 31.444215958412844 ], [ 74.261314417666682, 31.444355044936376 ], [ 74.26137146356362, 31.444469558655108 ], [ 74.261394952939412, 31.44451671095856 ], [ 74.261746061230227, 31.444390880363187 ] ] ] } },
{ "type": "Feature", "properties": { "Id": null, "__source_file": "Export_Output.shp", "OBJECTID": 165919.0, "SHAPE_Leng": 144.734696345, "SHAPE_Area": 1308.8147550900001, "Town": "Allama Iqbal Town", "UC_N0": "UC_120", "Landuse": "V", "KA": null, "Name": null, "Plot_No": "118", "Block": "A" }, "geometry": { "type": "Polygon", "coordinates": [ [ [ 74.261658504318135, 31.444215958412844 ], [ 74.261608352910798, 31.444115765057354 ], [ 74.261258579341074, 31.444242955325159 ], [ 74.261314417666682, 31.444355044936376 ], [ 74.261658504318135, 31.444215958412844 ] ] ] } },
{ "type": "Feature", "properties": { "Id": null, "__source_file": "Export_Output.shp", "OBJECTID": 193023.0, "SHAPE_Leng": 343.453278082, "SHAPE_Area": 6926.8362103099998, "Town": "Allama Iqbal Town", "UC_N0": "UC_120", "Landuse": "C", "KA": null, "Name": null, "Plot_No": "1", "Block": "A" }, "geometry": { "type": "Polygon", "coordinates": [ [ [ 74.260904538838574, 31.44554918954039 ], [ 74.261046036813156, 31.445814929545421 ], [ 74.261190138072124, 31.44576266085431 ], [ 74.261061446604799, 31.445486426030584 ], [ 74.260904538838574, 31.44554918954039 ] ] ] } },
{ "type": "Feature", "properties": { "Id": null, "__source_file": "Export_Output.shp", "OBJECTID": 193023.0, "SHAPE_Leng": 343.453278082, "SHAPE_Area": 6926.8362103099998, "Town": "Allama Iqbal Town", "UC_N0": "UC_120", "Landuse": "C", "KA": null, "Name": null, "Plot_No": "2", "Block": "A" }, "geometry": { "type": "Polygon", "coordinates": [ [ [ 74.260824272624092, 31.445581296124981 ], [ 74.26093279896196, 31.445856003245137 ], [ 74.261046036813184, 31.445814929545524 ], [ 74.260904538838574, 31.445549189540497 ], [ 74.260824272624092, 31.445581296124981 ] ] ] } },
{ "type": "Feature", "properties": { "Id": null, "__source_file": "Export_Output.shp", "OBJECTID": 193023.0, "SHAPE_Leng": 343.453278082, "SHAPE_Area": 6926.8362103099998, "Town": "Allama Iqbal Town", "UC_N0": "UC_120", "Landuse": "C", "KA": null, "Name": null, "Plot_No": "3", "Block": "A" }, "geometry": { "type": "Polygon", "coordinates": [ [ [ 74.260748379969314, 31.44561165321322 ], [ 74.260872599870595, 31.445877838638928 ], [ 74.26093279896196, 31.445856003245137 ], [ 74.260824272624092, 31.445581296124981 ], [ 74.260748379969314, 31.44561165321322 ] ] ] } },
{ "type": "Feature", "properties": { "Id": null, "__source_file": "Export_Output.shp", "OBJECTID": 193023.0, "SHAPE_Leng": 343.453278082, "SHAPE_Area": 6926.8362103099998, "Town": "Allama Iqbal Town", "UC_N0": "UC_120", "Landuse": "C", "KA": null, "Name": null, "Plot_No": "4", "Block": "A" }, "geometry": { "type": "Polygon", "coordinates": [ [ [ 74.260663409779355, 31.445645641241327 ], [ 74.260766777896976, 31.445916222255018 ], [ 74.260872599870595, 31.445877838638928 ], [ 74.260748379969314, 31.44561165321322 ], [ 74.260663409779355, 31.445645641241327 ] ] ] } },
{ "type": "Feature", "properties": { "Id": null, "__source_file": "Export_Output.shp", "OBJECTID": 193023.0, "SHAPE_Leng": 343.453278082, "SHAPE_Area": 6926.8362103099998, "Town": "Allama Iqbal Town", "UC_N0": "UC_120", "Landuse": "C", "KA": null, "Name": null, "Plot_No": "5", "Block": "A" }, "geometry": { "type": "Polygon", "coordinates": [ [ [ 74.260565218544201, 31.445684917578358 ], [ 74.260698637701282, 31.445940937919584 ], [ 74.260766777896976, 31.445916222255018 ], [ 74.260663409779355, 31.445645641241327 ], [ 74.260565218544201, 31.445684917578358 ] ] ] } },
{ "type": "Feature", "properties": { "Id": null, "__source_file": "Export_Output.shp", "OBJECTID": 193023.0, "SHAPE_Leng": 343.453278082, "SHAPE_Area": 6926.8362103099998, "Town": "Allama Iqbal Town", "UC_N0": "UC_120", "Landuse": "C", "KA": null, "Name": null, "Plot_No": "6", "Block": "A" }, "geometry": { "type": "Polygon", "coordinates": [ [ [ 74.260698637701282, 31.445940937919584 ], [ 74.260565218544201, 31.445684917578358 ], [ 74.260443248970503, 31.44573370506091 ], [ 74.260563414873531, 31.445989985504475 ], [ 74.260698637701282, 31.445940937919584 ] ] ] } },
{ "type": "Feature", "properties": { "Id": null, "__source_file": "Export_Output.shp", "OBJECTID": 165929.0, "SHAPE_Leng": 122.74852525199999, "SHAPE_Area": 940.09304261399996, "Town": "Allama Iqbal Town", "UC_N0": "UC_120", "Landuse": "V", "KA": null, "Name": null, "Plot_No": "80", "Block": "A" }, "geometry": { "type": "Polygon", "coordinates": [ [ [ 74.261491791891061, 31.445498962313184 ], [ 74.261422871918228, 31.445363947121535 ], [ 74.261142722679125, 31.44546902695047 ], [ 74.261204048074916, 31.445598074050025 ], [ 74.261491791891061, 31.445498962313184 ] ] ] } },
{ "type": "Feature", "properties": { "Id": null, "__source_file": "Export_Output.shp", "OBJECTID": 165933.0, "SHAPE_Leng": 121.161429246, "SHAPE_Area": 913.39513940200004, "Town": "Allama Iqbal Town", "UC_N0": "UC_120", "Landuse": "R", "KA": null, "Name": null, "Plot_No": "82", "Block": "A" }, "geometry": { "type": "Polygon", "coordinates": [ [ [ 74.26136456762859, 31.445249730229595 ], [ 74.261357102779385, 31.445235106430811 ], [ 74.261302384501036, 31.445127912007024 ], [ 74.261026072280117, 31.445223558396176 ], [ 74.26108663332252, 31.445350997275682 ], [ 74.26136456762859, 31.445249730229595 ] ] ] } },
{ "type": "Feature", "properties": { "Id": null, "__source_file": "Export_Output.shp", "OBJECTID": 192813.0, "SHAPE_Leng": 244.11947082099999, "SHAPE_Area": 2742.38113406, "Town": "Allama Iqbal Town", "UC_N0": "UC_120", "Landuse": "R", "KA": null, "Name": null, "Plot_No": "92", "Block": "A" }, "geometry": { "type": "Polygon", "coordinates": [ [ [ 74.261781928257321, 31.445394126764679 ], [ 74.261495625943965, 31.445506473264246 ], [ 74.261558242755299, 31.445629140091071 ], [ 74.261849327027534, 31.445523554868174 ], [ 74.261781928257321, 31.445394126764679 ] ] ] } },
{ "type": "Feature", "properties": { "Id": null, "__source_file": "Export_Output.shp", "OBJECTID": 192813.0, "SHAPE_Leng": 244.11947082099999, "SHAPE_Area": 2742.38113406, "Town": "Allama Iqbal Town", "UC_N0": "UC_120", "Landuse": "V", "KA": null, "Name": null, "Plot_No": "91", "Block": "A" }, "geometry": { "type": "Polygon", "coordinates": [ [ [ 74.261711502056016, 31.445258884572777 ], [ 74.261426945616321, 31.445371927564761 ], [ 74.261495625943965, 31.445506473264246 ], [ 74.261781928257321, 31.445394126764679 ], [ 74.261711502056016, 31.445258884572777 ] ] ] } },
{ "type": "Feature", "properties": { "Id": null, "__source_file": "Export_Output.shp", "OBJECTID": 192813.0, "SHAPE_Leng": 244.11947082099999, "SHAPE_Area": 2742.38113406, "Town": "Allama Iqbal Town", "UC_N0": "UC_120", "Landuse": "V", "KA": null, "Name": null, "Plot_No": "90", "Block": "A" }, "geometry": { "type": "Polygon", "coordinates": [ [ [ 74.261711502056016, 31.445258884572777 ], [ 74.261655062230133, 31.445150500661619 ], [ 74.261357102779385, 31.445235106430811 ], [ 74.26136456762859, 31.445249730229595 ], [ 74.261422871918228, 31.445363947121535 ], [ 74.261426945616321, 31.445371927564761 ], [ 74.261711502056016, 31.445258884572777 ] ] ] } },
{ "type": "Feature", "properties": { "Id": null, "__source_file": "Export_Output.shp", "OBJECTID": 192813.0, "SHAPE_Leng": 244.11947082099999, "SHAPE_Area": 2742.38113406, "Town": "Allama Iqbal Town", "UC_N0": "UC_120", "Landuse": "R", "KA": null, "Name": null, "Plot_No": "89", "Block": "A" }, "geometry": { "type": "Polygon", "coordinates": [ [ [ 74.261655062230133, 31.445150500661633 ], [ 74.261589997869635, 31.44502555433726 ], [ 74.261300102315616, 31.445123441145096 ], [ 74.261302384501036, 31.445127912007024 ], [ 74.261357102779385, 31.445235106430811 ], [ 74.261655062230133, 31.445150500661633 ] ] ] } },
{ "type": "Feature", "properties": { "Id": null, "__source_file": "Export_Output.shp", "OBJECTID": 192813.0, "SHAPE_Leng": 244.11947082099999, "SHAPE_Area": 2742.38113406, "Town": "Allama Iqbal Town", "UC_N0": "UC_120", "Landuse": "R", "KA": null, "Name": null, "Plot_No": "87", "Block": "A" }, "geometry": { "type": "Polygon", "coordinates": [ [ [ 74.261510730822636, 31.44487333340313 ], [ 74.261452245830739, 31.444761021067624 ], [ 74.261169344573617, 31.444867283271336 ], [ 74.261225983548485, 31.444978240290936 ], [ 74.261510730822636, 31.44487333340313 ] ] ] } },
{ "type": "Feature", "properties": { "Id": null, "__source_file": "Export_Output.shp", "OBJECTID": 193025.0, "SHAPE_Leng": 127.43504322299999, "SHAPE_Area": 1013.83174543, "Town": "Allama Iqbal Town", "UC_N0": "UC_120", "Landuse": "R", "KA": null, "Name": null, "Plot_No": "101", "Block": "A" }, "geometry": { "type": "Polygon", "coordinates": [ [ [ 74.260077171792517, 31.445059039857441 ], [ 74.259939202401853, 31.444807245778087 ], [ 74.259800482834578, 31.444857772809883 ], [ 74.259796122209437, 31.444859361114879 ], [ 74.259919869594711, 31.445116515653673 ], [ 74.260077171792517, 31.445059039857441 ] ] ] } },
{ "type": "Feature", "properties": { "Id": null, "__source_file": "Export_Output.shp", "OBJECTID": 165924.0, "SHAPE_Leng": 254.28807769, "SHAPE_Area": 2951.2518612600002, "Town": "Allama Iqbal Town", "UC_N0": "UC_120", "Landuse": "R", "KA": null, "Name": null, "Plot_No": "105", "Block": "A" }, "geometry": { "type": "Polygon", "coordinates": [ [ [ 74.259491074892168, 31.444970470812102 ], [ 74.259396507512534, 31.444707783591447 ], [ 74.259211635175063, 31.444776690341222 ], [ 74.259336023396344, 31.445026946210124 ], [ 74.259491074892168, 31.444970470812102 ] ] ] } },
{ "type": "Feature", "properties": { "Id": null, "__source_file": "Export_Output.shp", "OBJECTID": 165924.0, "SHAPE_Leng": 254.28807769, "SHAPE_Area": 2951.2518612600002, "Town": "Allama Iqbal Town", "UC_N0": "UC_120", "Landuse": "V", "KA": null, "Name": null, "Plot_No": "106", "Block": "A" }, "geometry": { "type": "Polygon", "coordinates": [ [ [ 74.259668605751088, 31.444905807518548 ], [ 74.259554433581002, 31.44464892012628 ], [ 74.259396507512534, 31.444707783591447 ], [ 74.259491074892168, 31.444970470812102 ], [ 74.259496497223097, 31.444968495797163 ], [ 74.259646910847849, 31.444913709620288 ], [ 74.259668605751088, 31.444905807518548 ] ] ] } },
{ "type": "Feature", "properties": { "Id": null, "__source_file": "Export_Output.shp", "OBJECTID": 165924.0, "SHAPE_Leng": 254.28807769, "SHAPE_Area": 2951.2518612600002, "Town": "Allama Iqbal Town", "UC_N0": "UC_120", "Landuse": "R", "KA": null, "Name": null, "Plot_No": "107", "Block": "A" }, "geometry": { "type": "Polygon", "coordinates": [ [ [ 74.259800482834578, 31.444857772809883 ], [ 74.259677598636927, 31.444603012875412 ], [ 74.259554433581002, 31.44464892012628 ], [ 74.259668605751088, 31.444905807518555 ], [ 74.259796122209437, 31.444859361114879 ], [ 74.259800482834578, 31.444857772809883 ] ] ] } },
{ "type": "Feature", "properties": { "Id": null, "__source_file": "Export_Output.shp", "OBJECTID": 165924.0, "SHAPE_Leng": 254.28807769, "SHAPE_Area": 2951.2518612600002, "Town": "Allama Iqbal Town", "UC_N0": "UC_120", "Landuse": "R", "KA": null, "Name": null, "Plot_No": "108", "Block": "A" }, "geometry": { "type": "Polygon", "coordinates": [ [ [ 74.259939202401853, 31.444807245778087 ], [ 74.259944799687787, 31.444805207025755 ], [ 74.259824129589845, 31.444548396250642 ], [ 74.259677598636927, 31.444603012875429 ], [ 74.259800482834578, 31.444857772809883 ], [ 74.259939202401853, 31.444807245778087 ] ] ] } },
{ "type": "Feature", "properties": { "Id": null, "__source_file": "Export_Output.shp", "OBJECTID": 165924.0, "SHAPE_Leng": 254.28807769, "SHAPE_Area": 2951.2518612600002, "Town": "Allama Iqbal Town", "UC_N0": "UC_120", "Landuse": "R", "KA": null, "Name": null, "Plot_No": "109", "Block": "A" }, "geometry": { "type": "Polygon", "coordinates": [ [ [ 74.260105637746534, 31.444746623315989 ], [ 74.259959529508535, 31.444497928300091 ], [ 74.259824129589845, 31.444548396250692 ], [ 74.259944799687787, 31.444805207025755 ], [ 74.260105637746534, 31.444746623315989 ] ] ] } },
{ "type": "Feature", "properties": { "Id": null, "__source_file": "Export_Output.shp", "OBJECTID": 165921.0, "SHAPE_Leng": 181.75138439200001, "SHAPE_Area": 1782.4893646400001, "Town": "Allama Iqbal Town", "UC_N0": "UC_120", "Landuse": "V", "KA": null, "Name": null, "Plot_No": "96", "Block": "A" }, "geometry": { "type": "Polygon", "coordinates": [ [ [ 74.260888589488431, 31.444749694215247 ], [ 74.260768726471071, 31.444509968216035 ], [ 74.260650576819344, 31.444554613873173 ], [ 74.260765543447349, 31.444797917405836 ], [ 74.260888589488431, 31.444749694215247 ] ] ] } },
{ "type": "Feature", "properties": { "Id": null, "__source_file": "Export_Output.shp", "OBJECTID": 165921.0, "SHAPE_Leng": 181.75138439200001, "SHAPE_Area": 1782.4893646400001, "Town": "Allama Iqbal Town", "UC_N0": "UC_120", "Landuse": "R", "KA": null, "Name": null, "Plot_No": "95", "Block": "A" }, "geometry": { "type": "Polygon", "coordinates": [ [ [ 74.261012751617798, 31.44470103344505 ], [ 74.260892172783059, 31.444463320926719 ], [ 74.260768964329372, 31.44450987833547 ], [ 74.260768726471071, 31.444509968216035 ], [ 74.260888589488431, 31.444749694215247 ], [ 74.261012751617798, 31.44470103344505 ] ] ] } },
{ "type": "Feature", "properties": { "Id": null, "__source_file": "Export_Output.shp", "OBJECTID": 165921.0, "SHAPE_Leng": 181.75138439200001, "SHAPE_Area": 1782.4893646400001, "Town": "Allama Iqbal Town", "UC_N0": "UC_120", "Landuse": "R", "KA": null, "Name": null, "Plot_No": "94", "Block": "A" }, "geometry": { "type": "Polygon", "coordinates": [ [ [ 74.261156194603615, 31.4446448160394 ], [ 74.261044800549087, 31.44440564646165 ], [ 74.261044498749328, 31.444405760504978 ], [ 74.260902567123367, 31.444459393156592 ], [ 74.260892172783059, 31.444463320926719 ], [ 74.261012751617798, 31.44470103344505 ], [ 74.261156194603615, 31.4446448160394 ] ] ] } },
{ "type": "Feature", "properties": { "Id": null, "__source_file": "Export_Output.shp", "OBJECTID": 191315.0, "SHAPE_Leng": 253.52813634200001, "SHAPE_Area": 3024.32341099, "Town": "Allama Iqbal Town", "UC_N0": "UC_120", "Landuse": "V", "KA": null, "Name": null, "Plot_No": "121", "Block": "A" }, "geometry": { "type": "Polygon", "coordinates": [ [ [ 74.260490869512608, 31.444614963127488 ], [ 74.260346141991619, 31.444353824158792 ], [ 74.260195557938587, 31.444409952201642 ], [ 74.260335184073313, 31.444673792430187 ], [ 74.260490869512608, 31.444614963127488 ] ] ] } },
{ "type": "Feature", "properties": { "Id": null, "__source_file": "Export_Output.shp", "OBJECTID": 191315.0, "SHAPE_Leng": 253.52813634200001, "SHAPE_Area": 3024.32341099, "Town": "Allama Iqbal Town", "UC_N0": "UC_120", "Landuse": "C", "KA": null, "Name": "Steel work shop", "Plot_No": "120", "Block": "A" }, "geometry": { "type": "Polygon", "coordinates": [ [ [ 74.260622509088421, 31.444565219961234 ], [ 74.260492951937763, 31.444299102623177 ], [ 74.260346141991619, 31.444353824158792 ], [ 74.260490869512608, 31.444614963127488 ], [ 74.260497960136007, 31.444612283767029 ], [ 74.260622509088421, 31.444565219961234 ] ] ] } },
{ "type": "Feature", "properties": { "Id": null, "__source_file": "Export_Output.shp", "OBJECTID": 191315.0, "SHAPE_Leng": 253.52813634200001, "SHAPE_Area": 3024.32341099, "Town": "Allama Iqbal Town", "UC_N0": "UC_120", "Landuse": "C", "KA": null, "Name": "Wood ware", "Plot_No": "119", "Block": "A" }, "geometry": { "type": "Polygon", "coordinates": [ [ [ 74.260650576819344, 31.444554613873194 ], [ 74.260768726471071, 31.444509968216035 ], [ 74.260768964329372, 31.44450987833547 ], [ 74.260626523263298, 31.444249315411351 ], [ 74.260492951937763, 31.444299102623191 ], [ 74.260622509088421, 31.444565219961234 ], [ 74.260650576819344, 31.444554613873194 ] ] ] } },
{ "type": "Feature", "properties": { "Id": null, "__source_file": "Export_Output.shp", "OBJECTID": 191315.0, "SHAPE_Leng": 253.52813634200001, "SHAPE_Area": 3024.32341099, "Town": "Allama Iqbal Town", "UC_N0": "UC_120", "Landuse": "C", "KA": null, "Name": "Steel works", "Plot_No": "118", "Block": "A" }, "geometry": { "type": "Polygon", "coordinates": [ [ [ 74.260892172783059, 31.444463320926719 ], [ 74.260902567123367, 31.444459393156592 ], [ 74.26077330104107, 31.444194605419497 ], [ 74.260626523263298, 31.444249315411351 ], [ 74.260768964329372, 31.44450987833547 ], [ 74.260892172783059, 31.444463320926719 ] ] ] } },
{ "type": "Feature", "properties": { "Id": null, "__source_file": "Export_Output.shp", "OBJECTID": 191315.0, "SHAPE_Leng": 253.52813634200001, "SHAPE_Area": 3024.32341099, "Town": "Allama Iqbal Town", "UC_N0": "UC_120", "Landuse": "C", "KA": null, "Name": "Electric works", "Plot_No": "117", "Block": "A" }, "geometry": { "type": "Polygon", "coordinates": [ [ [ 74.261044498749328, 31.444405760504978 ], [ 74.260911174741679, 31.444143214123013 ], [ 74.26077330104107, 31.444194605419497 ], [ 74.260902567123367, 31.444459393156592 ], [ 74.261044498749328, 31.444405760504978 ] ] ] } },
{ "type": "Feature", "properties": { "Id": null, "__source_file": "Export_Output.shp", "OBJECTID": 193022.0, "SHAPE_Leng": 326.69122417099999, "SHAPE_Area": 6037.48080493, "Town": "Allama Iqbal Town", "UC_N0": "UC_120", "Landuse": "R", "KA": null, "Name": null, "Plot_No": "78", "Block": "A" }, "geometry": { "type": "Polygon", "coordinates": [ [ [ 74.260394705992582, 31.445874868705534 ], [ 74.260152306913184, 31.445964345225558 ], [ 74.260224862875788, 31.446112784010925 ], [ 74.260464904845421, 31.446025716957859 ], [ 74.260394705992582, 31.445874868705534 ] ] ] } },
{ "type": "Feature", "properties": { "Id": null, "__source_file": "Export_Output.shp", "OBJECTID": 193022.0, "SHAPE_Leng": 326.69122417099999, "SHAPE_Area": 6037.48080493, "Town": "Allama Iqbal Town", "UC_N0": "UC_120", "Landuse": "R", "KA": null, "Name": null, "Plot_No": "66", "Block": "A" }, "geometry": { "type": "Polygon", "coordinates": [ [ [ 74.260152306913184, 31.445964345225558 ], [ 74.260089725892215, 31.445836313295661 ], [ 74.259795979815607, 31.445952314603417 ], [ 74.259856274842832, 31.446073618375461 ], [ 74.260152306913184, 31.445964345225558 ] ] ] } },
{ "type": "Feature", "properties": { "Id": null, "__source_file": "Export_Output.shp", "OBJECTID": 193022.0, "SHAPE_Leng": 326.69122417099999, "SHAPE_Area": 6037.48080493, "Town": "Allama Iqbal Town", "UC_N0": "UC_120", "Landuse": "V", "KA": null, "Name": null, "Plot_No": "67", "Block": "A" }, "geometry": { "type": "Polygon", "coordinates": [ [ [ 74.260089725892215, 31.445836313295661 ], [ 74.260024203050321, 31.445702262416422 ], [ 74.259721178960149, 31.445801827001866 ], [ 74.259795979815607, 31.445952314603417 ], [ 74.260089725892215, 31.445836313295661 ] ] ] } },
{ "type": "Feature", "properties": { "Id": null, "__source_file": "Export_Output.shp", "OBJECTID": 193022.0, "SHAPE_Leng": 326.69122417099999, "SHAPE_Area": 6037.48080493, "Town": "Allama Iqbal Town", "UC_N0": "UC_120", "Landuse": "R", "KA": null, "Name": null, "Plot_No": "68", "Block": "A" }, "geometry": { "type": "Polygon", "coordinates": [ [ [ 74.260024203050321, 31.445702262416422 ], [ 74.259966439151384, 31.445584084947257 ], [ 74.259668039623406, 31.445694918668533 ], [ 74.259721178960149, 31.445801827001866 ], [ 74.260024203050321, 31.445702262416422 ] ] ] } },
{ "type": "Feature", "properties": { "Id": null, "__source_file": "Export_Output.shp", "OBJECTID": 193022.0, "SHAPE_Leng": 326.69122417099999, "SHAPE_Area": 6037.48080493, "Town": "Allama Iqbal Town", "UC_N0": "UC_120", "Landuse": "V", "KA": null, "Name": null, "Plot_No": "69", "Block": "A" }, "geometry": { "type": "Polygon", "coordinates": [ [ [ 74.259966439151384, 31.445584084947257 ], [ 74.25990574423048, 31.445459910644146 ], [ 74.259600998215959, 31.445560041093369 ], [ 74.259668039623406, 31.445694918668533 ], [ 74.259966439151384, 31.445584084947257 ] ] ] } },
{ "type": "Feature", "properties": { "Id": null, "__source_file": "Export_Output.shp", "OBJECTID": 193022.0, "SHAPE_Leng": 326.69122417099999, "SHAPE_Area": 6037.48080493, "Town": "Allama Iqbal Town", "UC_N0": "UC_120", "Landuse": "R", "KA": null, "Name": null, "Plot_No": "70", "Block": "A" }, "geometry": { "type": "Polygon", "coordinates": [ [ [ 74.25990574423048, 31.445459910644146 ], [ 74.259848179606479, 31.445342140217637 ], [ 74.259548116264099, 31.445453649993848 ], [ 74.259600998215959, 31.445560041093369 ], [ 74.25990574423048, 31.445459910644146 ] ] ] } },
{ "type": "Feature", "properties": { "Id": null, "__source_file": "Export_Output.shp", "OBJECTID": 193022.0, "SHAPE_Leng": 326.69122417099999, "SHAPE_Area": 6037.48080493, "Town": "Allama Iqbal Town", "UC_N0": "UC_120", "Landuse": "R", "KA": null, "Name": null, "Plot_No": "71", "Block": "A" }, "geometry": { "type": "Polygon", "coordinates": [ [ [ 74.259848179606479, 31.445342140217637 ], [ 74.259790441979263, 31.44522401553041 ], [ 74.259488634483844, 31.445333980653292 ], [ 74.259548116264099, 31.445453649993848 ], [ 74.259848179606479, 31.445342140217637 ] ] ] } },
{ "type": "Feature", "properties": { "Id": null, "__source_file": "Export_Output.shp", "OBJECTID": 193022.0, "SHAPE_Leng": 326.69122417099999, "SHAPE_Area": 6037.48080493, "Town": "Allama Iqbal Town", "UC_N0": "UC_120", "Landuse": "V", "KA": null, "Name": null, "Plot_No": "72", "Block": "A" }, "geometry": { "type": "Polygon", "coordinates": [ [ [ 74.26010276914333, 31.445247528688022 ], [ 74.260048134205618, 31.445130123261393 ], [ 74.259790441979263, 31.44522401553041 ], [ 74.259848179606479, 31.445342140217637 ], [ 74.26010276914333, 31.445247528688022 ] ] ] } },
{ "type": "Feature", "properties": { "Id": null, "__source_file": "Export_Output.shp", "OBJECTID": 193022.0, "SHAPE_Leng": 326.69122417099999, "SHAPE_Area": 6037.48080493, "Town": "Allama Iqbal Town", "UC_N0": "UC_120", "Landuse": "R", "KA": null, "Name": null, "Plot_No": "73", "Block": "A" }, "geometry": { "type": "Polygon", "coordinates": [ [ [ 74.260162364057578, 31.445375592291235 ], [ 74.26010276914333, 31.445247528688022 ], [ 74.259848179606479, 31.445342140217637 ], [ 74.25990574423048, 31.445459910644146 ], [ 74.260162364057578, 31.445375592291235 ] ] ] } },
{ "type": "Feature", "properties": { "Id": null, "__source_file": "Export_Output.shp", "OBJECTID": 193022.0, "SHAPE_Leng": 326.69122417099999, "SHAPE_Area": 6037.48080493, "Town": "Allama Iqbal Town", "UC_N0": "UC_120", "Landuse": "V", "KA": null, "Name": null, "Plot_No": "74", "Block": "A" }, "geometry": { "type": "Polygon", "coordinates": [ [ [ 74.2602162143247, 31.445491310895644 ], [ 74.260162364057578, 31.445375592291235 ], [ 74.25990574423048, 31.445459910644146 ], [ 74.259966439151384, 31.445584084947257 ], [ 74.2602162143247, 31.445491310895644 ] ] ] } },
{ "type": "Feature", "properties": { "Id": null, "__source_file": "Export_Output.shp", "OBJECTID": 193022.0, "SHAPE_Leng": 326.69122417099999, "SHAPE_Area": 6037.48080493, "Town": "Allama Iqbal Town", "UC_N0": "UC_120", "Landuse": "V", "KA": null, "Name": null, "Plot_No": "75", "Block": "A" }, "geometry": { "type": "Polygon", "coordinates": [ [ [ 74.26027589711056, 31.445619562621513 ], [ 74.2602162143247, 31.445491310895644 ], [ 74.259966439151384, 31.445584084947257 ], [ 74.260024203050321, 31.445702262416422 ], [ 74.26027589711056, 31.445619562621513 ] ] ] } },
{ "type": "Feature", "properties": { "Id": null, "__source_file": "Export_Output.shp", "OBJECTID": 193022.0, "SHAPE_Leng": 326.69122417099999, "SHAPE_Area": 6037.48080493, "Town": "Allama Iqbal Town", "UC_N0": "UC_120", "Landuse": "R", "KA": null, "Name": null, "Plot_No": "76", "Block": "A" }, "geometry": { "type": "Polygon", "coordinates": [ [ [ 74.260332203045508, 31.445740557527493 ], [ 74.26027589711056, 31.445619562621513 ], [ 74.260024203050321, 31.445702262416422 ], [ 74.260089725892215, 31.445836313295661 ], [ 74.260332203045508, 31.445740557527493 ] ] ] } },
{ "type": "Feature", "properties": { "Id": null, "__source_file": "Export_Output.shp", "OBJECTID": 193022.0, "SHAPE_Leng": 326.69122417099999, "SHAPE_Area": 6037.48080493, "Town": "Allama Iqbal Town", "UC_N0": "UC_120", "Landuse": "R", "KA": null, "Name": null, "Plot_No": "77", "Block": "A" }, "geometry": { "type": "Polygon", "coordinates": [ [ [ 74.260394705992582, 31.445874868705534 ], [ 74.260332203045508, 31.445740557527493 ], [ 74.260089725892215, 31.445836313295661 ], [ 74.260152306913184, 31.445964345225558 ], [ 74.260394705992582, 31.445874868705534 ] ] ] } },
{ "type": "Feature", "properties": { "Id": null, "__source_file": "Export_Output.shp", "OBJECTID": 181729.0, "SHAPE_Leng": 115.900986198, "SHAPE_Area": 815.75451575299996, "Town": "Allama Iqbal Town", "UC_N0": "UC_120", "Landuse": "R", "KA": null, "Name": null, "Plot_No": "185", "Block": "H" }, "geometry": { "type": "Polygon", "coordinates": [ [ [ 74.261379454007255, 31.443656358223475 ], [ 74.261146810555488, 31.443743279954759 ], [ 74.261193515320699, 31.443837938969278 ], [ 74.261425719095769, 31.443749544379681 ], [ 74.261379454007255, 31.443656358223475 ] ] ] } },
{ "type": "Feature", "properties": { "Id": null, "__source_file": "Export_Output.shp", "OBJECTID": 181729.0, "SHAPE_Leng": 115.900986198, "SHAPE_Area": 815.75451575299996, "Town": "Allama Iqbal Town", "UC_N0": "UC_120", "Landuse": "C", "KA": null, "Name": "Jwellery sHOP", "Plot_No": "184", "Block": "H" }, "geometry": { "type": "Polygon", "coordinates": [ [ [ 74.261379454007255, 31.443656358223475 ], [ 74.261341046053246, 31.443578997589935 ], [ 74.261108983227814, 31.443666613162378 ], [ 74.261146810555488, 31.443743279954759 ], [ 74.261379454007255, 31.443656358223475 ] ] ] } },
{ "type": "Feature", "properties": { "Id": null, "__source_file": "Export_Output.shp", "OBJECTID": 175328.0, "SHAPE_Leng": 132.05977990599999, "SHAPE_Area": 1008.16538543, "Town": "Allama Iqbal Town", "UC_N0": "UC_120", "Landuse": "V", "KA": null, "Name": null, "Plot_No": "180", "Block": "H" }, "geometry": { "type": "Polygon", "coordinates": [ [ [ 74.261200852377726, 31.443296619647299 ], [ 74.261192434276538, 31.443279663860562 ], [ 74.261162443301657, 31.443219255817098 ], [ 74.260930889167923, 31.443305656556749 ], [ 74.260967417943121, 31.443379692634565 ], [ 74.261200852377726, 31.443296619647299 ] ] ] } },
{ "type": "Feature", "properties": { "Id": null, "__source_file": "Export_Output.shp", "OBJECTID": 175328.0, "SHAPE_Leng": 132.05977990599999, "SHAPE_Area": 1008.16538543, "Town": "Allama Iqbal Town", "UC_N0": "UC_120", "Landuse": "V", "KA": null, "Name": null, "Plot_No": "179", "Block": "H" }, "geometry": { "type": "Polygon", "coordinates": [ [ [ 74.261162443301657, 31.443219255817098 ], [ 74.261120998873551, 31.443135778006646 ], [ 74.26111741489801, 31.443128559117238 ], [ 74.260888510266653, 31.443219763358254 ], [ 74.260930889167923, 31.443305656556749 ], [ 74.261162443301657, 31.443219255817098 ] ] ] } },
{ "type": "Feature", "properties": { "Id": null, "__source_file": "Export_Output.shp", "OBJECTID": 175328.0, "SHAPE_Leng": 132.05977990599999, "SHAPE_Area": 1008.16538543, "Town": "Allama Iqbal Town", "UC_N0": "UC_120", "Landuse": "R", "KA": null, "Name": null, "Plot_No": "178", "Block": "H" }, "geometry": { "type": "Polygon", "coordinates": [ [ [ 74.26111741489801, 31.443128559117238 ], [ 74.261082582506546, 31.443058399207381 ], [ 74.261080882878161, 31.443054975788293 ], [ 74.26085002103251, 31.443141753558535 ], [ 74.260888510266653, 31.443219763358254 ], [ 74.26111741489801, 31.443128559117238 ] ] ] } },
{ "type": "Feature", "properties": { "Id": null, "__source_file": "Export_Output.shp", "OBJECTID": 175326.0, "SHAPE_Leng": 88.490255834899997, "SHAPE_Area": 486.38867, "Town": "Allama Iqbal Town", "UC_N0": "UC_120", "Landuse": "R", "KA": null, "Name": null, "Plot_No": "174", "Block": "B" }, "geometry": { "type": "Polygon", "coordinates": [ [ [ 74.260901862308842, 31.442694389103451 ], [ 74.260672026157607, 31.4427809939517 ], [ 74.260708223765519, 31.442854359357653 ], [ 74.260939030617791, 31.442769254289523 ], [ 74.260901862308842, 31.442694389103451 ] ] ] } },
{ "type": "Feature", "properties": { "Id": null, "__source_file": "Export_Output.shp", "OBJECTID": 175322.0, "SHAPE_Leng": 176.65057151299999, "SHAPE_Area": 1532.9120895200001, "Town": "Allama Iqbal Town", "UC_N0": "UC_120", "Landuse": "R", "KA": null, "Name": null, "Plot_No": "171", "Block": "H" }, "geometry": { "type": "Polygon", "coordinates": [ [ [ 74.260772358421917, 31.442433536534828 ], [ 74.260543592889192, 31.442520685331019 ], [ 74.260580440996407, 31.442595369635296 ], [ 74.260809145391562, 31.442507634397973 ], [ 74.260772358421917, 31.442433536534828 ] ] ] } },
{ "type": "Feature", "properties": { "Id": null, "__source_file": "Export_Output.shp", "OBJECTID": 175322.0, "SHAPE_Leng": 176.65057151299999, "SHAPE_Area": 1532.9120895200001, "Town": "Allama Iqbal Town", "UC_N0": "UC_120", "Landuse": "V", "KA": null, "Name": null, "Plot_No": "170", "Block": "H" }, "geometry": { "type": "Polygon", "coordinates": [ [ [ 74.260772358421917, 31.442433536534828 ], [ 74.260729258055576, 31.442346721803055 ], [ 74.260500151236414, 31.442432636965222 ], [ 74.260543592889192, 31.442520685331019 ], [ 74.260772358421917, 31.442433536534828 ] ] ] } },
{ "type": "Feature", "properties": { "Id": null, "__source_file": "Export_Output.shp", "OBJECTID": 175322.0, "SHAPE_Leng": 176.65057151299999, "SHAPE_Area": 1532.9120895200001, "Town": "Allama Iqbal Town", "UC_N0": "UC_120", "Landuse": "R", "KA": null, "Name": null, "Plot_No": "169", "Block": "H" }, "geometry": { "type": "Polygon", "coordinates": [ [ [ 74.260729258055576, 31.442346721803055 ], [ 74.260683120610608, 31.442253789458142 ], [ 74.260453777810795, 31.442338646231882 ], [ 74.260500151236414, 31.442432636965222 ], [ 74.260729258055576, 31.442346721803055 ] ] ] } },
{ "type": "Feature", "properties": { "Id": null, "__source_file": "Export_Output.shp", "OBJECTID": 175322.0, "SHAPE_Leng": 176.65057151299999, "SHAPE_Area": 1532.9120895200001, "Town": "Allama Iqbal Town", "UC_N0": "UC_120", "Landuse": "R", "KA": null, "Name": null, "Plot_No": "168", "Block": "H" }, "geometry": { "type": "Polygon", "coordinates": [ [ [ 74.260683120610608, 31.442253789458142 ], [ 74.260642748392684, 31.442172469559864 ], [ 74.260414440458518, 31.442258916217387 ], [ 74.260453777810795, 31.442338646231882 ], [ 74.260683120610608, 31.442253789458142 ] ] ] } },
{ "type": "Feature", "properties": { "Id": null, "__source_file": "Export_Output.shp", "OBJECTID": 175322.0, "SHAPE_Leng": 176.65057151299999, "SHAPE_Area": 1532.9120895200001, "Town": "Allama Iqbal Town", "UC_N0": "UC_120", "Landuse": "R", "KA": null, "Name": null, "Plot_No": "167", "Block": "H" }, "geometry": { "type": "Polygon", "coordinates": [ [ [ 74.260642748392684, 31.442172469559864 ], [ 74.260601435556211, 31.442089254861045 ], [ 74.260372170841009, 31.442173242846749 ], [ 74.260414440458518, 31.442258916217387 ], [ 74.260642748392684, 31.442172469559864 ] ] ] } },
{ "type": "Feature", "properties": { "Id": null, "__source_file": "Export_Output.shp", "OBJECTID": 175315.0, "SHAPE_Leng": 117.80620406200001, "SHAPE_Area": 832.56319252100002, "Town": "Allama Iqbal Town", "UC_N0": "UC_120", "Landuse": "R", "KA": null, "Name": null, "Plot_No": "162", "Block": "H" }, "geometry": { "type": "Polygon", "coordinates": [ [ [ 74.260382058571778, 31.441647371534437 ], [ 74.260155502135078, 31.441734087609088 ], [ 74.260184109501111, 31.44179207083285 ], [ 74.260412384248866, 31.441708456067033 ], [ 74.260382058571778, 31.441647371534437 ] ] ] } },
{ "type": "Feature", "properties": { "Id": null, "__source_file": "Export_Output.shp", "OBJECTID": 175315.0, "SHAPE_Leng": 117.80620406200001, "SHAPE_Area": 832.56319252100002, "Town": "Allama Iqbal Town", "UC_N0": "UC_120", "Landuse": "R", "KA": null, "Name": null, "Plot_No": "161", "Block": "H" }, "geometry": { "type": "Polygon", "coordinates": [ [ [ 74.26033947549314, 31.441561596967869 ], [ 74.260114875384829, 31.441651742603749 ], [ 74.260155502135078, 31.441734087609088 ], [ 74.260382058571778, 31.441647371534437 ], [ 74.26033947549314, 31.441561596967869 ] ] ] } },
{ "type": "Feature", "properties": { "Id": null, "__source_file": "Export_Output.shp", "OBJECTID": 175316.0, "SHAPE_Leng": 89.217935991900006, "SHAPE_Area": 496.92101785, "Town": "Allama Iqbal Town", "UC_N0": "UC_120", "Landuse": "R", "KA": null, "Name": null, "Plot_No": "18", "Block": "H" }, "geometry": { "type": "Polygon", "coordinates": [ [ [ 74.260603709483448, 31.44156253253685 ], [ 74.260382058571778, 31.441647371534437 ], [ 74.260412384248866, 31.441708456067033 ], [ 74.260635754295748, 31.441626637785436 ], [ 74.260603709483448, 31.44156253253685 ] ] ] } },
{ "type": "Feature", "properties": { "Id": null, "__source_file": "Export_Output.shp", "OBJECTID": 175324.0, "SHAPE_Leng": 241.357582917, "SHAPE_Area": 2263.5927824400001, "Town": "Allama Iqbal Town", "UC_N0": "UC_120", "Landuse": "R", "KA": null, "Name": null, "Plot_No": "15", "Block": "H" }, "geometry": { "type": "Polygon", "coordinates": [ [ [ 74.260780535183329, 31.441916271649365 ], [ 74.260730184442409, 31.441815545588259 ], [ 74.260510427916103, 31.441905941950985 ], [ 74.260543614059756, 31.44197278720182 ], [ 74.260553765950547, 31.441993235794939 ], [ 74.260780535183329, 31.441916271649365 ] ] ] } },
{ "type": "Feature", "properties": { "Id": null, "__source_file": "Export_Output.shp", "OBJECTID": 175324.0, "SHAPE_Leng": 241.357582917, "SHAPE_Area": 2263.5927824400001, "Town": "Allama Iqbal Town", "UC_N0": "UC_120", "Landuse": "V", "KA": null, "Name": null, "Plot_No": "14", "Block": "H" }, "geometry": { "type": "Polygon", "coordinates": [ [ [ 74.260822369892381, 31.441999961313467 ], [ 74.260780535183329, 31.441916271649365 ], [ 74.260553765950547, 31.441993235794939 ], [ 74.260598809759429, 31.442083965824391 ], [ 74.260822369892381, 31.441999961313467 ] ] ] } },
{ "type": "Feature", "properties": { "Id": null, "__source_file": "Export_Output.shp", "OBJECTID": 175324.0, "SHAPE_Leng": 241.357582917, "SHAPE_Area": 2263.5927824400001, "Town": "Allama Iqbal Town", "UC_N0": "UC_120", "Landuse": "V", "KA": null, "Name": null, "Plot_No": "13", "Block": "H" }, "geometry": { "type": "Polygon", "coordinates": [ [ [ 74.260864403627025, 31.442084048964098 ], [ 74.260822369892381, 31.441999961313467 ], [ 74.260598809759429, 31.442083965824391 ], [ 74.260642531545017, 31.442172032773279 ], [ 74.260864403627025, 31.442084048964098 ] ] ] } },
{ "type": "Feature", "properties": { "Id": null, "__source_file": "Export_Output.shp", "OBJECTID": 175324.0, "SHAPE_Leng": 241.357582917, "SHAPE_Area": 2263.5927824400001, "Town": "Allama Iqbal Town", "UC_N0": "UC_120", "Landuse": "R", "KA": null, "Name": null, "Plot_No": "12", "Block": "H" }, "geometry": { "type": "Polygon", "coordinates": [ [ [ 74.260909492489802, 31.44217424815848 ], [ 74.260864403627025, 31.442084048964098 ], [ 74.260642531545017, 31.442172032773279 ], [ 74.260687001545904, 31.442261606639413 ], [ 74.260909492489802, 31.44217424815848 ] ] ] } },
{ "type": "Feature", "properties": { "Id": null, "__source_file": "Export_Output.shp", "OBJECTID": 175324.0, "SHAPE_Leng": 241.357582917, "SHAPE_Area": 2263.5927824400001, "Town": "Allama Iqbal Town", "UC_N0": "UC_120", "Landuse": "R", "KA": null, "Name": null, "Plot_No": "11", "Block": "H" }, "geometry": { "type": "Polygon", "coordinates": [ [ [ 74.260957911596563, 31.442271109219856 ], [ 74.260909492489802, 31.44217424815848 ], [ 74.260687001545904, 31.442261606639413 ], [ 74.260730820604905, 31.442349869164552 ], [ 74.260957911596563, 31.442271109219856 ] ] ] } },
{ "type": "Feature", "properties": { "Id": null, "__source_file": "Export_Output.shp", "OBJECTID": 175324.0, "SHAPE_Leng": 241.357582917, "SHAPE_Area": 2263.5927824400001, "Town": "Allama Iqbal Town", "UC_N0": "UC_120", "Landuse": "R", "KA": null, "Name": null, "Plot_No": "10", "Block": "H" }, "geometry": { "type": "Polygon", "coordinates": [ [ [ 74.260999075254773, 31.442353455792105 ], [ 74.260957911596563, 31.442271109219856 ], [ 74.260730820604905, 31.442349869164552 ], [ 74.260773537125843, 31.442435910731891 ], [ 74.260999075254773, 31.442353455792105 ] ] ] } },
{ "type": "Feature", "properties": { "Id": null, "__source_file": "Export_Output.shp", "OBJECTID": 175324.0, "SHAPE_Leng": 241.357582917, "SHAPE_Area": 2263.5927824400001, "Town": "Allama Iqbal Town", "UC_N0": "UC_120", "Landuse": "R", "KA": null, "Name": null, "Plot_No": "9", "Block": "H" }, "geometry": { "type": "Polygon", "coordinates": [ [ [ 74.26104250677173, 31.442440338974944 ], [ 74.260999075254773, 31.442353455792105 ], [ 74.260773537125843, 31.442435910731891 ], [ 74.260809145391562, 31.442507634397973 ], [ 74.260816584816666, 31.442522619219385 ], [ 74.26104250677173, 31.442440338974944 ] ] ] } },
{ "type": "Feature", "properties": { "Id": null, "__source_file": "Export_Output.shp", "OBJECTID": 175312.0, "SHAPE_Leng": 328.830863862, "SHAPE_Area": 3317.1711349900002, "Town": "Allama Iqbal Town", "UC_N0": "UC_120", "Landuse": "R", "KA": null, "Name": null, "Plot_No": "1", "Block": "H" }, "geometry": { "type": "Polygon", "coordinates": [ [ [ 74.261417041766492, 31.443189574093726 ], [ 74.261347861922516, 31.443051184936252 ], [ 74.261120998873551, 31.443135778006646 ], [ 74.261162443301657, 31.443219255817098 ], [ 74.261192434276538, 31.443279663860562 ], [ 74.261417041766492, 31.443189574093726 ] ] ] } },
{ "type": "Feature", "properties": { "Id": null, "__source_file": "Export_Output.shp", "OBJECTID": 175312.0, "SHAPE_Leng": 328.830863862, "SHAPE_Area": 3317.1711349900002, "Town": "Allama Iqbal Town", "UC_N0": "UC_120", "Landuse": "V", "KA": null, "Name": null, "Plot_No": "2", "Block": "H" }, "geometry": { "type": "Polygon", "coordinates": [ [ [ 74.261347861922516, 31.443051184935332 ], [ 74.261308339311, 31.442972122679599 ], [ 74.261082582506546, 31.443058399207381 ], [ 74.26111741489801, 31.443128559117238 ], [ 74.261120998873551, 31.443135778006646 ], [ 74.261347861922516, 31.443051184935332 ] ] ] } },
{ "type": "Feature", "properties": { "Id": null, "__source_file": "Export_Output.shp", "OBJECTID": 175312.0, "SHAPE_Leng": 328.830863862, "SHAPE_Area": 3317.1711349900002, "Town": "Allama Iqbal Town", "UC_N0": "UC_120", "Landuse": "R", "KA": null, "Name": null, "Plot_No": "4", "Block": "H" }, "geometry": { "type": "Polygon", "coordinates": [ [ [ 74.261261049206951, 31.442877521903885 ], [ 74.261216881564877, 31.442789167225747 ], [ 74.260987136464564, 31.442866149821498 ], [ 74.261027060134936, 31.442946565006494 ], [ 74.261030676978663, 31.442953850129495 ], [ 74.261261049206951, 31.442877521903885 ] ] ] } },
{ "type": "Feature", "properties": { "Id": null, "__source_file": "Export_Output.shp", "OBJECTID": 175312.0, "SHAPE_Leng": 328.830863862, "SHAPE_Area": 3317.1711349900002, "Town": "Allama Iqbal Town", "UC_N0": "UC_120", "Landuse": "V", "KA": null, "Name": null, "Plot_No": "3", "Block": "H" }, "geometry": { "type": "Polygon", "coordinates": [ [ [ 74.261308339311, 31.442972122679599 ], [ 74.261261049206979, 31.44287752190392 ], [ 74.261030676978663, 31.442953850129509 ], [ 74.261080882878161, 31.443054975788293 ], [ 74.261082582506546, 31.443058399207381 ], [ 74.261308339311, 31.442972122679599 ] ] ] } },
{ "type": "Feature", "properties": { "Id": null, "__source_file": "Export_Output.shp", "OBJECTID": 175312.0, "SHAPE_Leng": 328.830863862, "SHAPE_Area": 3317.1711349900002, "Town": "Allama Iqbal Town", "UC_N0": "UC_120", "Landuse": "R", "KA": null, "Name": null, "Plot_No": "5", "Block": "H" }, "geometry": { "type": "Polygon", "coordinates": [ [ [ 74.261216881564877, 31.442789167225747 ], [ 74.261171505828742, 31.442698395643525 ], [ 74.260946765614079, 31.442784834249075 ], [ 74.260985819148772, 31.442863496450919 ], [ 74.260987136464564, 31.442866149821505 ], [ 74.261216881564877, 31.442789167225747 ] ] ] } },
{ "type": "Feature", "properties": { "Id": null, "__source_file": "Export_Output.shp", "OBJECTID": 175312.0, "SHAPE_Leng": 328.830863862, "SHAPE_Area": 3317.1711349900002, "Town": "Allama Iqbal Town", "UC_N0": "UC_120", "Landuse": "R", "KA": null, "Name": null, "Plot_No": "6", "Block": "H" }, "geometry": { "type": "Polygon", "coordinates": [ [ [ 74.261171505828742, 31.442698395643525 ], [ 74.261125176393762, 31.442605716046945 ], [ 74.260896688548314, 31.442683967996501 ], [ 74.260939030617791, 31.442769254289537 ], [ 74.260946765614051, 31.442784834249075 ], [ 74.261171505828742, 31.442698395643525 ] ] ] } },
{ "type": "Feature", "properties": { "Id": null, "__source_file": "Export_Output.shp", "OBJECTID": 175324.0, "SHAPE_Leng": 241.357582917, "SHAPE_Area": 2263.5927824400001, "Town": "Allama Iqbal Town", "UC_N0": "UC_120", "Landuse": "R", "KA": null, "Name": null, "Plot_No": "8", "Block": "H" }, "geometry": { "type": "Polygon", "coordinates": [ [ [ 74.26104250677173, 31.442440338974944 ], [ 74.260816584816666, 31.442522619219385 ], [ 74.260855849748211, 31.44260170830831 ], [ 74.261083261768562, 31.442521867719293 ], [ 74.26104250677173, 31.442440338974944 ] ] ] } },
{ "type": "Feature", "properties": { "Id": null, "__source_file": "Export_Output.shp", "OBJECTID": 181672.0, "SHAPE_Leng": 165.194264213, "SHAPE_Area": 1279.0444139700001, "Town": "Allama Iqbal Town", "UC_N0": "UC_120", "Landuse": null, "KA": null, "Name": null, "Plot_No": null, "Block": null }, "geometry": { "type": "Polygon", "coordinates": [ [ [ 74.262374762096741, 31.441792892462935 ], [ 74.262358089566519, 31.441798022480562 ], [ 74.262358485638046, 31.441798843241667 ], [ 74.262374762096741, 31.441792892462935 ] ] ] } },
{ "type": "Feature", "properties": { "Id": null, "__source_file": "Export_Output.shp", "OBJECTID": 181672.0, "SHAPE_Leng": 165.194264213, "SHAPE_Area": 1279.0444139700001, "Town": "Allama Iqbal Town", "UC_N0": "UC_120", "Landuse": "R", "KA": null, "Name": null, "Plot_No": "44", "Block": "H" }, "geometry": { "type": "Polygon", "coordinates": [ [ [ 74.262858522243306, 31.441616025320499 ], [ 74.262779018664631, 31.441442707418894 ], [ 74.262702020553576, 31.441470814153273 ], [ 74.2627645489396, 31.441650383018057 ], [ 74.262858522243306, 31.441616025320499 ] ] ] } },
{ "type": "Feature", "properties": { "Id": null, "__source_file": "Export_Output.shp", "OBJECTID": 181672.0, "SHAPE_Leng": 165.194264213, "SHAPE_Area": 1279.0444139700001, "Town": "Allama Iqbal Town", "UC_N0": "UC_120", "Landuse": "R", "KA": null, "Name": null, "Plot_No": "42", "Block": "H" }, "geometry": { "type": "Polygon", "coordinates": [ [ [ 74.262672222070563, 31.441684138668286 ], [ 74.262598642291223, 31.441508550373246 ], [ 74.262506232452793, 31.441542282686754 ], [ 74.262575045405598, 31.441719667354764 ], [ 74.262672222070563, 31.441684138668286 ] ] ] } },
{ "type": "Feature", "properties": { "Id": null, "__source_file": "Export_Output.shp", "OBJECTID": 181672.0, "SHAPE_Leng": 165.194264213, "SHAPE_Area": 1279.0444139700001, "Town": "Allama Iqbal Town", "UC_N0": "UC_120", "Landuse": "V", "KA": null, "Name": null, "Plot_No": "45", "Block": "H" }, "geometry": { "type": "Polygon", "coordinates": [ [ [ 74.262779018664631, 31.441442707418894 ], [ 74.262858522243306, 31.441616025320499 ], [ 74.262960072167388, 31.44157889741858 ], [ 74.262873217671142, 31.441408321729796 ], [ 74.262779018664631, 31.441442707418894 ] ] ] } },
{ "type": "Feature", "properties": { "Id": null, "__source_file": "Export_Output.shp", "OBJECTID": 181672.0, "SHAPE_Leng": 165.194264213, "SHAPE_Area": 1279.0444139700001, "Town": "Allama Iqbal Town", "UC_N0": "UC_120", "Landuse": "R", "KA": null, "Name": null, "Plot_No": "43", "Block": "H" }, "geometry": { "type": "Polygon", "coordinates": [ [ [ 74.2627645489396, 31.441650383018057 ], [ 74.262702020553576, 31.441470814153273 ], [ 74.262598642291223, 31.441508550373246 ], [ 74.262672222070563, 31.441684138668286 ], [ 74.2627645489396, 31.441650383018057 ] ] ] } },
{ "type": "Feature", "properties": { "Id": null, "__source_file": "Export_Output.shp", "OBJECTID": 181672.0, "SHAPE_Leng": 165.194264213, "SHAPE_Area": 1279.0444139700001, "Town": "Allama Iqbal Town", "UC_N0": "UC_120", "Landuse": "R", "KA": null, "Name": null, "Plot_No": "41", "Block": "H" }, "geometry": { "type": "Polygon", "coordinates": [ [ [ 74.262575045405598, 31.441719667354764 ], [ 74.262506232452793, 31.441542282686754 ], [ 74.262397016001572, 31.441582149790914 ], [ 74.262467961513963, 31.441758818097391 ], [ 74.262575045405598, 31.441719667354764 ] ] ] } },
{ "type": "Feature", "properties": { "Id": null, "__source_file": "Export_Output.shp", "OBJECTID": 181665.0, "SHAPE_Leng": 223.90946573400001, "SHAPE_Area": 1881.55799239, "Town": "Allama Iqbal Town", "UC_N0": "UC_120", "Landuse": "R", "KA": null, "Name": null, "Plot_No": "49", "Block": "H" }, "geometry": { "type": "Polygon", "coordinates": [ [ [ 74.263327606916903, 31.441444520662497 ], [ 74.263242167560733, 31.441273641904729 ], [ 74.263161486851558, 31.441303093265258 ], [ 74.263235779683086, 31.441478094222376 ], [ 74.263327606916903, 31.441444520662497 ] ] ] } },
{ "type": "Feature", "properties": { "Id": null, "__source_file": "Export_Output.shp", "OBJECTID": 181665.0, "SHAPE_Leng": 223.90946573400001, "SHAPE_Area": 1881.55799239, "Town": "Allama Iqbal Town", "UC_N0": "UC_120", "Landuse": "V", "KA": null, "Name": null, "Plot_No": "50", "Block": "H" }, "geometry": { "type": "Polygon", "coordinates": [ [ [ 74.263410696679031, 31.441414141589163 ], [ 74.263334221667719, 31.441240038759627 ], [ 74.263242167560733, 31.441273641904722 ], [ 74.263327606916903, 31.4414445206625 ], [ 74.263410696679031, 31.441414141589163 ] ] ] } },
{ "type": "Feature", "properties": { "Id": null, "__source_file": "Export_Output.shp", "OBJECTID": 181665.0, "SHAPE_Leng": 223.90946573400001, "SHAPE_Area": 1881.55799239, "Town": "Allama Iqbal Town", "UC_N0": "UC_120", "Landuse": "R", "KA": null, "Name": null, "Plot_No": "48", "Block": "H" }, "geometry": { "type": "Polygon", "coordinates": [ [ [ 74.263235779683086, 31.441478094222376 ], [ 74.263161486851558, 31.441303093265258 ], [ 74.263060471294082, 31.441339967478449 ], [ 74.2631445338627, 31.441511455118221 ], [ 74.263235779683086, 31.441478094222376 ] ] ] } },
{ "type": "Feature", "properties": { "Id": null, "__source_file": "Export_Output.shp", "OBJECTID": 181665.0, "SHAPE_Leng": 223.90946573400001, "SHAPE_Area": 1881.55799239, "Town": "Allama Iqbal Town", "UC_N0": "UC_120", "Landuse": "V", "KA": null, "Name": null, "Plot_No": "51", "Block": "H" }, "geometry": { "type": "Polygon", "coordinates": [ [ [ 74.263539148232653, 31.44136717730392 ], [ 74.263458133804093, 31.441194806114979 ], [ 74.263334221667719, 31.441240038759627 ], [ 74.263410696679031, 31.441414141589163 ], [ 74.263539148232653, 31.44136717730392 ] ] ] } },
{ "type": "Feature", "properties": { "Id": null, "__source_file": "Export_Output.shp", "OBJECTID": 181665.0, "SHAPE_Leng": 223.90946573400001, "SHAPE_Area": 1881.55799239, "Town": "Allama Iqbal Town", "UC_N0": "UC_120", "Landuse": "R", "KA": null, "Name": null, "Plot_No": "47", "Block": "H" }, "geometry": { "type": "Polygon", "coordinates": [ [ [ 74.2631445338627, 31.441511455118221 ], [ 74.263060471294082, 31.441339967478449 ], [ 74.262998126363428, 31.441362725504916 ], [ 74.262967398565891, 31.441373942286383 ], [ 74.263046028423631, 31.441547470298623 ], [ 74.263084775823501, 31.441533303541423 ], [ 74.2631445338627, 31.441511455118221 ] ] ] } },
{ "type": "Feature", "properties": { "Id": null, "__source_file": "Export_Output.shp", "OBJECTID": 192809.0, "SHAPE_Leng": 378.39122215200001, "SHAPE_Area": 6470.3043213000001, "Town": "Allama Iqbal Town", "UC_N0": "UC_120", "Landuse": "R", "KA": null, "Name": null, "Plot_No": "60", "Block": "H" }, "geometry": { "type": "Polygon", "coordinates": [ [ [ 74.262495973210989, 31.441472869416902 ], [ 74.262398271366607, 31.441245779222033 ], [ 74.262288353737091, 31.441284640485623 ], [ 74.262395912748062, 31.441509761726891 ], [ 74.262495973210989, 31.441472869416902 ] ] ] } },
{ "type": "Feature", "properties": { "Id": null, "__source_file": "Export_Output.shp", "OBJECTID": 192809.0, "SHAPE_Leng": 378.39122215200001, "SHAPE_Area": 6470.3043213000001, "Town": "Allama Iqbal Town", "UC_N0": "UC_120", "Landuse": "R", "KA": null, "Name": null, "Plot_No": "54", "Block": "H" }, "geometry": { "type": "Polygon", "coordinates": [ [ [ 74.263292573165899, 31.441179158207511 ], [ 74.263192389320039, 31.440965015859035 ], [ 74.263069915488074, 31.441008317372777 ], [ 74.263171215404626, 31.441223903966247 ], [ 74.263292573165899, 31.441179158207511 ] ] ] } },
{ "type": "Feature", "properties": { "Id": null, "__source_file": "Export_Output.shp", "OBJECTID": 192809.0, "SHAPE_Leng": 378.39122215200001, "SHAPE_Area": 6470.3043213000001, "Town": "Allama Iqbal Town", "UC_N0": "UC_120", "Landuse": "V", "KA": null, "Name": null, "Plot_No": "53", "Block": "H" }, "geometry": { "type": "Polygon", "coordinates": [ [ [ 74.263420732115478, 31.441131904613595 ], [ 74.263322302325449, 31.440919083998473 ], [ 74.263192389320039, 31.440965015859035 ], [ 74.263292573165899, 31.441179158207504 ], [ 74.263420732115478, 31.441131904613595 ] ] ] } },
{ "type": "Feature", "properties": { "Id": null, "__source_file": "Export_Output.shp", "OBJECTID": 192809.0, "SHAPE_Leng": 378.39122215200001, "SHAPE_Area": 6470.3043213000001, "Town": "Allama Iqbal Town", "UC_N0": "UC_120", "Landuse": "R", "KA": null, "Name": null, "Plot_No": "55", "Block": "H" }, "geometry": { "type": "Polygon", "coordinates": [ [ [ 74.263171215404626, 31.441223903966247 ], [ 74.263069915488074, 31.441008317372777 ], [ 74.262939229415935, 31.441054522209292 ], [ 74.263043239102799, 31.441271089871577 ], [ 74.263171215404626, 31.441223903966247 ] ] ] } },
{ "type": "Feature", "properties": { "Id": null, "__source_file": "Export_Output.shp", "OBJECTID": 192809.0, "SHAPE_Leng": 378.39122215200001, "SHAPE_Area": 6470.3043213000001, "Town": "Allama Iqbal Town", "UC_N0": "UC_120", "Landuse": "R", "KA": null, "Name": null, "Plot_No": "57", "Block": "H" }, "geometry": { "type": "Polygon", "coordinates": [ [ [ 74.262896529411179, 31.441325182713065 ], [ 74.262801587353707, 31.441103186182549 ], [ 74.262666208631714, 31.441151049746647 ], [ 74.262768022773614, 31.441372563823293 ], [ 74.262841133691055, 31.441345607424037 ], [ 74.262896529411179, 31.441325182713065 ] ] ] } },
{ "type": "Feature", "properties": { "Id": null, "__source_file": "Export_Output.shp", "OBJECTID": 192809.0, "SHAPE_Leng": 378.39122215200001, "SHAPE_Area": 6470.3043213000001, "Town": "Allama Iqbal Town", "UC_N0": "UC_120", "Landuse": "R", "KA": null, "Name": null, "Plot_No": "58", "Block": "H" }, "geometry": { "type": "Polygon", "coordinates": [ [ [ 74.262768022773614, 31.441372563823293 ], [ 74.262666208631714, 31.441151049746647 ], [ 74.262532016677994, 31.441198493534394 ], [ 74.262638937464047, 31.441420158149381 ], [ 74.262768022773614, 31.441372563823293 ] ] ] } },
{ "type": "Feature", "properties": { "Id": null, "__source_file": "Export_Output.shp", "OBJECTID": 192809.0, "SHAPE_Leng": 378.39122215200001, "SHAPE_Area": 6470.3043213000001, "Town": "Allama Iqbal Town", "UC_N0": "UC_120", "Landuse": "V", "KA": null, "Name": null, "Plot_No": "59", "Block": "H" }, "geometry": { "type": "Polygon", "coordinates": [ [ [ 74.262638937464047, 31.441420158149381 ], [ 74.262532016677994, 31.441198493534394 ], [ 74.262398271366607, 31.441245779222033 ], [ 74.262495973210989, 31.441472869416909 ], [ 74.262547805111311, 31.441453758943766 ], [ 74.262638937464047, 31.441420158149381 ] ] ] } },
{ "type": "Feature", "properties": { "Id": null, "__source_file": "Export_Output.shp", "OBJECTID": 192809.0, "SHAPE_Leng": 378.39122215200001, "SHAPE_Area": 6470.3043213000001, "Town": "Allama Iqbal Town", "UC_N0": "UC_120", "Landuse": "V", "KA": null, "Name": null, "Plot_No": "56", "Block": "H" }, "geometry": { "type": "Polygon", "coordinates": [ [ [ 74.263043239102799, 31.441271089871577 ], [ 74.262939229415935, 31.441054522209292 ], [ 74.262801587353707, 31.441103186182549 ], [ 74.262896529411179, 31.441325182713065 ], [ 74.263043239102799, 31.441271089871577 ] ] ] } },
{ "type": "Feature", "properties": { "Id": null, "__source_file": "Export_Output.shp", "OBJECTID": 192809.0, "SHAPE_Leng": 378.39122215200001, "SHAPE_Area": 6470.3043213000001, "Town": "Allama Iqbal Town", "UC_N0": "UC_120", "Landuse": null, "KA": null, "Name": null, "Plot_No": null, "Block": null }, "geometry": { "type": "Polygon", "coordinates": [ [ [ 74.263322302325449, 31.44091908399848 ], [ 74.263420732115478, 31.441131904613595 ], [ 74.263849515875933, 31.440973806105294 ], [ 74.263746126322175, 31.440769236140948 ], [ 74.263322302325449, 31.44091908399848 ] ] ] } },
{ "type": "Feature", "properties": { "Id": null, "__source_file": "Export_Output.shp", "OBJECTID": 192809.0, "SHAPE_Leng": 378.39122215200001, "SHAPE_Area": 6470.3043213000001, "Town": "Allama Iqbal Town", "UC_N0": "UC_120", "Landuse": "R", "KA": null, "Name": null, "Plot_No": "79", "Block": "H" }, "geometry": { "type": "Polygon", "coordinates": [ [ [ 74.262398271366607, 31.441245779222033 ], [ 74.262296333774557, 31.44100884257789 ], [ 74.262177614660587, 31.441052862375269 ], [ 74.262277922562859, 31.441262807954399 ], [ 74.262288353737091, 31.441284640485623 ], [ 74.262398271366607, 31.441245779222033 ] ] ] } },
{ "type": "Feature", "properties": { "Id": null, "__source_file": "Export_Output.shp", "OBJECTID": 192809.0, "SHAPE_Leng": 378.39122215200001, "SHAPE_Area": 6470.3043213000001, "Town": "Allama Iqbal Town", "UC_N0": "UC_120", "Landuse": "V", "KA": null, "Name": null, "Plot_No": "85", "Block": "H" }, "geometry": { "type": "Polygon", "coordinates": [ [ [ 74.263192389320039, 31.440965015859035 ], [ 74.263077400330602, 31.44071922633356 ], [ 74.262955343945308, 31.440764484825941 ], [ 74.263069915488074, 31.44100831737277 ], [ 74.263192389320039, 31.440965015859035 ] ] ] } },
{ "type": "Feature", "properties": { "Id": null, "__source_file": "Export_Output.shp", "OBJECTID": 192809.0, "SHAPE_Leng": 378.39122215200001, "SHAPE_Area": 6470.3043213000001, "Town": "Allama Iqbal Town", "UC_N0": "UC_120", "Landuse": "V", "KA": null, "Name": null, "Plot_No": "80", "Block": "H" }, "geometry": { "type": "Polygon", "coordinates": [ [ [ 74.262532016677994, 31.441198493534394 ], [ 74.262418660009629, 31.44096348504608 ], [ 74.262327767501503, 31.440997187257373 ], [ 74.262296333774543, 31.44100884257789 ], [ 74.262398271366607, 31.441245779222033 ], [ 74.262532016677994, 31.441198493534394 ] ] ] } },
{ "type": "Feature", "properties": { "Id": null, "__source_file": "Export_Output.shp", "OBJECTID": 192809.0, "SHAPE_Leng": 378.39122215200001, "SHAPE_Area": 6470.3043213000001, "Town": "Allama Iqbal Town", "UC_N0": "UC_120", "Landuse": "R", "KA": null, "Name": null, "Plot_No": "83", "Block": "H" }, "geometry": { "type": "Polygon", "coordinates": [ [ [ 74.262939229415935, 31.441054522209292 ], [ 74.262823427328854, 31.440813399309569 ], [ 74.262664299369277, 31.44087240346785 ], [ 74.262701137650552, 31.440868310307579 ], [ 74.262801587353707, 31.441103186182549 ], [ 74.262939229415935, 31.441054522209292 ] ] ] } },
{ "type": "Feature", "properties": { "Id": null, "__source_file": "Export_Output.shp", "OBJECTID": 192809.0, "SHAPE_Leng": 378.39122215200001, "SHAPE_Area": 6470.3043213000001, "Town": "Allama Iqbal Town", "UC_N0": "UC_120", "Landuse": "V", "KA": null, "Name": null, "Plot_No": "84", "Block": "H" }, "geometry": { "type": "Polygon", "coordinates": [ [ [ 74.263069915488074, 31.44100831737277 ], [ 74.262955343945308, 31.440764484825941 ], [ 74.262823427328854, 31.440813399309569 ], [ 74.262939229415935, 31.441054522209299 ], [ 74.263069915488074, 31.44100831737277 ] ] ] } },
{ "type": "Feature", "properties": { "Id": null, "__source_file": "Export_Output.shp", "OBJECTID": 192809.0, "SHAPE_Leng": 378.39122215200001, "SHAPE_Area": 6470.3043213000001, "Town": "Allama Iqbal Town", "UC_N0": "UC_120", "Landuse": "R", "KA": null, "Name": null, "Plot_No": "86", "Block": "H" }, "geometry": { "type": "Polygon", "coordinates": [ [ [ 74.263322302325449, 31.440919083998473 ], [ 74.263207548600576, 31.440670967193753 ], [ 74.263077400330602, 31.44071922633356 ], [ 74.263192389320039, 31.440965015859035 ], [ 74.263322302325449, 31.440919083998473 ] ] ] } },
{ "type": "Feature", "properties": { "Id": null, "__source_file": "Export_Output.shp", "OBJECTID": 192809.0, "SHAPE_Leng": 378.39122215200001, "SHAPE_Area": 6470.3043213000001, "Town": "Allama Iqbal Town", "UC_N0": "UC_120", "Landuse": "R", "KA": null, "Name": null, "Plot_No": "81", "Block": "H" }, "geometry": { "type": "Polygon", "coordinates": [ [ [ 74.262666208631714, 31.441151049746637 ], [ 74.262556506398099, 31.440912372542833 ], [ 74.262418660009629, 31.44096348504608 ], [ 74.262532016677994, 31.441198493534394 ], [ 74.262666208631714, 31.441151049746637 ] ] ] } },
{ "type": "Feature", "properties": { "Id": null, "__source_file": "Export_Output.shp", "OBJECTID": 192809.0, "SHAPE_Leng": 378.39122215200001, "SHAPE_Area": 6470.3043213000001, "Town": "Allama Iqbal Town", "UC_N0": "UC_120", "Landuse": "V", "KA": null, "Name": null, "Plot_No": "82", "Block": "H" }, "geometry": { "type": "Polygon", "coordinates": [ [ [ 74.262801587353707, 31.441103186182549 ], [ 74.262701137650552, 31.440868310307579 ], [ 74.262664299369277, 31.44087240346785 ], [ 74.262631589220376, 31.440884532256533 ], [ 74.262556506398099, 31.440912372542833 ], [ 74.262666208631714, 31.441151049746647 ], [ 74.262801587353707, 31.441103186182549 ] ] ] } },
{ "type": "Feature", "properties": { "Id": null, "__source_file": "Export_Output.shp", "OBJECTID": 181681.0, "SHAPE_Leng": 85.441588281799994, "SHAPE_Area": 416.80715003699999, "Town": "Allama Iqbal Town", "UC_N0": "UC_120", "Landuse": "V", "KA": null, "Name": null, "Plot_No": "97", "Block": "H" }, "geometry": { "type": "Polygon", "coordinates": [ [ [ 74.261271212854069, 31.441308392316024 ], [ 74.26116824142035, 31.441077684690519 ], [ 74.261025969220157, 31.441126356662508 ], [ 74.261141244599258, 31.44135690686376 ], [ 74.261271212854069, 31.441308392316024 ] ] ] } },
{ "type": "Feature", "properties": { "Id": null, "__source_file": "Export_Output.shp", "OBJECTID": 181681.0, "SHAPE_Leng": 85.441588281799994, "SHAPE_Area": 416.80715003699999, "Town": "Allama Iqbal Town", "UC_N0": "UC_120", "Landuse": "V", "KA": null, "Name": null, "Plot_No": "94", "Block": "H" }, "geometry": { "type": "Polygon", "coordinates": [ [ [ 74.261709296535486, 31.441144863096227 ], [ 74.26160543831358, 31.440928116314613 ], [ 74.261459149150511, 31.440978163168545 ], [ 74.26156093635322, 31.441200243673379 ], [ 74.261709296535486, 31.441144863096227 ] ] ] } },
{ "type": "Feature", "properties": { "Id": null, "__source_file": "Export_Output.shp", "OBJECTID": 181681.0, "SHAPE_Leng": 85.441588281799994, "SHAPE_Area": 416.80715003699999, "Town": "Allama Iqbal Town", "UC_N0": "UC_120", "Landuse": "R", "KA": null, "Name": null, "Plot_No": "96", "Block": "H" }, "geometry": { "type": "Polygon", "coordinates": [ [ [ 74.261411644847257, 31.441255971658023 ], [ 74.261312559727997, 31.441028312521219 ], [ 74.26116824142035, 31.441077684690519 ], [ 74.261271212854069, 31.441308392316024 ], [ 74.261411644847257, 31.441255971658023 ] ] ] } },
{ "type": "Feature", "properties": { "Id": null, "__source_file": "Export_Output.shp", "OBJECTID": 181681.0, "SHAPE_Leng": 85.441588281799994, "SHAPE_Area": 416.80715003699999, "Town": "Allama Iqbal Town", "UC_N0": "UC_120", "Landuse": "R", "KA": null, "Name": null, "Plot_No": "99", "Block": "H" }, "geometry": { "type": "Polygon", "coordinates": [ [ [ 74.260969301922941, 31.441421089340832 ], [ 74.260872420415168, 31.441178886177045 ], [ 74.2607270361421, 31.441228622354821 ], [ 74.260839470491788, 31.441469552389417 ], [ 74.260969301922941, 31.441421089340832 ] ] ] } },
{ "type": "Feature", "properties": { "Id": null, "__source_file": "Export_Output.shp", "OBJECTID": 181681.0, "SHAPE_Leng": 85.441588281799994, "SHAPE_Area": 416.80715003699999, "Town": "Allama Iqbal Town", "UC_N0": "UC_120", "Landuse": "V", "KA": null, "Name": null, "Plot_No": "95", "Block": "H" }, "geometry": { "type": "Polygon", "coordinates": [ [ [ 74.26156093635322, 31.441200243673379 ], [ 74.261459149150511, 31.440978163168552 ], [ 74.261312559727997, 31.441028312521219 ], [ 74.261411644847257, 31.441255971658023 ], [ 74.26156093635322, 31.441200243673379 ] ] ] } },
{ "type": "Feature", "properties": { "Id": null, "__source_file": "Export_Output.shp", "OBJECTID": 181681.0, "SHAPE_Leng": 85.441588281799994, "SHAPE_Area": 416.80715003699999, "Town": "Allama Iqbal Town", "UC_N0": "UC_120", "Landuse": "V", "KA": null, "Name": null, "Plot_No": "98", "Block": "H" }, "geometry": { "type": "Polygon", "coordinates": [ [ [ 74.261141244599258, 31.441356906863767 ], [ 74.261025969220157, 31.441126356662508 ], [ 74.260872420415168, 31.441178886177035 ], [ 74.260969301922941, 31.441421089340832 ], [ 74.261141244599258, 31.441356906863767 ] ] ] } },
{ "type": "Feature", "properties": { "Id": null, "__source_file": "Export_Output.shp", "OBJECTID": 181681.0, "SHAPE_Leng": 85.441588281799994, "SHAPE_Area": 416.80715003699999, "Town": "Allama Iqbal Town", "UC_N0": "UC_120", "Landuse": "R", "KA": null, "Name": null, "Plot_No": "93", "Block": "H" }, "geometry": { "type": "Polygon", "coordinates": [ [ [ 74.26160543831358, 31.440928116314613 ], [ 74.261709296535486, 31.441144863096227 ], [ 74.261885963146099, 31.441078915852358 ], [ 74.261784715694617, 31.44086678358827 ], [ 74.26160543831358, 31.440928116314613 ] ] ] } },
{ "type": "Feature", "properties": { "Id": null, "__source_file": "Export_Output.shp", "OBJECTID": 181681.0, "SHAPE_Leng": 85.441588281799994, "SHAPE_Area": 416.80715003699999, "Town": "Allama Iqbal Town", "UC_N0": "UC_120", "Landuse": "R", "KA": null, "Name": null, "Plot_No": "100", "Block": "H" }, "geometry": { "type": "Polygon", "coordinates": [ [ [ 74.260839470491788, 31.44146955238941 ], [ 74.2607270361421, 31.441228622354821 ], [ 74.260553642201117, 31.441287940395142 ], [ 74.260675659601205, 31.441530698917322 ], [ 74.260839470491788, 31.44146955238941 ] ] ] } },
{ "type": "Feature", "properties": { "Id": null, "__source_file": "Export_Output.shp", "OBJECTID": 181681.0, "SHAPE_Leng": 85.441588281799994, "SHAPE_Area": 416.80715003699999, "Town": "Allama Iqbal Town", "UC_N0": "UC_120", "Landuse": "C", "KA": null, "Name": null, "Plot_No": "103", "Block": "H" }, "geometry": { "type": "Polygon", "coordinates": [ [ [ 74.261025969220157, 31.441126356662508 ], [ 74.260900974559064, 31.440876366573761 ], [ 74.260770689569171, 31.440924558307781 ], [ 74.260872420415168, 31.441178886177244 ], [ 74.261025969220157, 31.441126356662508 ] ] ] } },
{ "type": "Feature", "properties": { "Id": null, "__source_file": "Export_Output.shp", "OBJECTID": 181681.0, "SHAPE_Leng": 85.441588281799994, "SHAPE_Area": 416.80715003699999, "Town": "Allama Iqbal Town", "UC_N0": "UC_120", "Landuse": "R", "KA": null, "Name": null, "Plot_No": "105", "Block": "H" }, "geometry": { "type": "Polygon", "coordinates": [ [ [ 74.261312559727997, 31.441028312521219 ], [ 74.261198524993148, 31.440766303541992 ], [ 74.261053248311555, 31.440820041079405 ], [ 74.26116824142035, 31.441077684690526 ], [ 74.261312559727997, 31.441028312521219 ] ] ] } },
{ "type": "Feature", "properties": { "Id": null, "__source_file": "Export_Output.shp", "OBJECTID": 181681.0, "SHAPE_Leng": 85.441588281799994, "SHAPE_Area": 416.80715003699999, "Town": "Allama Iqbal Town", "UC_N0": "UC_120", "Landuse": "V", "KA": null, "Name": null, "Plot_No": "106", "Block": "H" }, "geometry": { "type": "Polygon", "coordinates": [ [ [ 74.261459149150511, 31.440978163168545 ], [ 74.261338342950992, 31.44071458535662 ], [ 74.261207817223024, 31.44076286635617 ], [ 74.261198524993148, 31.440766303541992 ], [ 74.261312559727997, 31.441028312521219 ], [ 74.261459149150511, 31.440978163168545 ] ] ] } },
{ "type": "Feature", "properties": { "Id": null, "__source_file": "Export_Output.shp", "OBJECTID": 181681.0, "SHAPE_Leng": 85.441588281799994, "SHAPE_Area": 416.80715003699999, "Town": "Allama Iqbal Town", "UC_N0": "UC_120", "Landuse": "R", "KA": null, "Name": null, "Plot_No": "104", "Block": "H" }, "geometry": { "type": "Polygon", "coordinates": [ [ [ 74.26116824142035, 31.441077684690505 ], [ 74.261053248311555, 31.440820041079405 ], [ 74.260900974559064, 31.440876366573768 ], [ 74.261025969220157, 31.441126356662508 ], [ 74.26116824142035, 31.441077684690505 ] ] ] } },
{ "type": "Feature", "properties": { "Id": null, "__source_file": "Export_Output.shp", "OBJECTID": 181681.0, "SHAPE_Leng": 85.441588281799994, "SHAPE_Area": 416.80715003699999, "Town": "Allama Iqbal Town", "UC_N0": "UC_120", "Landuse": "R", "KA": null, "Name": null, "Plot_No": "102", "Block": "H" }, "geometry": { "type": "Polygon", "coordinates": [ [ [ 74.260872420415168, 31.441178886177244 ], [ 74.260770689569171, 31.440924558307781 ], [ 74.26061245399687, 31.440983088568853 ], [ 74.2607270361421, 31.441228622354821 ], [ 74.260872420415168, 31.441178886177244 ] ] ] } },
{ "type": "Feature", "properties": { "Id": null, "__source_file": "Export_Output.shp", "OBJECTID": 181681.0, "SHAPE_Leng": 85.441588281799994, "SHAPE_Area": 416.80715003699999, "Town": "Allama Iqbal Town", "UC_N0": "UC_120", "Landuse": "V", "KA": null, "Name": null, "Plot_No": "107", "Block": "H" }, "geometry": { "type": "Polygon", "coordinates": [ [ [ 74.26160543831358, 31.440928116314613 ], [ 74.261478312787233, 31.440662810414359 ], [ 74.261354505326622, 31.440708606939772 ], [ 74.261338342950992, 31.44071458535662 ], [ 74.261459149150511, 31.440978163168545 ], [ 74.26160543831358, 31.440928116314613 ] ] ] } },
{ "type": "Feature", "properties": { "Id": null, "__source_file": "Export_Output.shp", "OBJECTID": 181681.0, "SHAPE_Leng": 85.441588281799994, "SHAPE_Area": 416.80715003699999, "Town": "Allama Iqbal Town", "UC_N0": "UC_120", "Landuse": "R", "KA": null, "Name": null, "Plot_No": "101", "Block": "H" }, "geometry": { "type": "Polygon", "coordinates": [ [ [ 74.2607270361421, 31.441228622354821 ], [ 74.26061245399687, 31.440983088568853 ], [ 74.260433657141178, 31.441049223982024 ], [ 74.260553642201117, 31.441287940395142 ], [ 74.2607270361421, 31.441228622354821 ] ] ] } },
{ "type": "Feature", "properties": { "Id": null, "__source_file": "Export_Output.shp", "OBJECTID": 192806.0, "SHAPE_Leng": 372.91514579, "SHAPE_Area": 7538.8762512000003, "Town": "Allama Iqbal Town", "UC_N0": "UC_120", "Landuse": "C", "KA": null, "Name": null, "Plot_No": "134", "Block": "H" }, "geometry": { "type": "Polygon", "coordinates": [ [ [ 74.260981574625347, 31.440785175378277 ], [ 74.260883727289155, 31.440541287854785 ], [ 74.260747313782019, 31.440590300627907 ], [ 74.260865682562127, 31.44082846366102 ], [ 74.260981574625347, 31.440785175378277 ] ] ] } },
{ "type": "Feature", "properties": { "Id": null, "__source_file": "Export_Output.shp", "OBJECTID": 192806.0, "SHAPE_Leng": 372.91514579, "SHAPE_Area": 7538.8762512000003, "Town": "Allama Iqbal Town", "UC_N0": "UC_120", "Landuse": "V", "KA": null, "Name": null, "Plot_No": "131", "Block": "H" }, "geometry": { "type": "Polygon", "coordinates": [ [ [ 74.261420186233877, 31.440621342791975 ], [ 74.261318871000768, 31.440384941310249 ], [ 74.261175016869913, 31.440436628126946 ], [ 74.261275912840162, 31.440675232802946 ], [ 74.261420186233877, 31.440621342791975 ] ] ] } },
{ "type": "Feature", "properties": { "Id": null, "__source_file": "Export_Output.shp", "OBJECTID": 192806.0, "SHAPE_Leng": 372.91514579, "SHAPE_Area": 7538.8762512000003, "Town": "Allama Iqbal Town", "UC_N0": "UC_120", "Landuse": "C", "KA": null, "Name": null, "Plot_No": "133", "Block": "H" }, "geometry": { "type": "Polygon", "coordinates": [ [ [ 74.261132479491593, 31.440728808810221 ], [ 74.26102229972895, 31.440491499183985 ], [ 74.260883727289155, 31.440541287854785 ], [ 74.260981574625347, 31.440785175378277 ], [ 74.261132479491593, 31.440728808810221 ] ] ] } },
{ "type": "Feature", "properties": { "Id": null, "__source_file": "Export_Output.shp", "OBJECTID": 192806.0, "SHAPE_Leng": 372.91514579, "SHAPE_Area": 7538.8762512000003, "Town": "Allama Iqbal Town", "UC_N0": "UC_120", "Landuse": "V", "KA": null, "Name": null, "Plot_No": "132", "Block": "H" }, "geometry": { "type": "Polygon", "coordinates": [ [ [ 74.261275912840162, 31.440675232802953 ], [ 74.261175016869913, 31.440436628126953 ], [ 74.261022299728936, 31.440491499183985 ], [ 74.261132479491593, 31.440728808810235 ], [ 74.261275912840162, 31.440675232802953 ] ] ] } },
{ "type": "Feature", "properties": { "Id": null, "__source_file": "Export_Output.shp", "OBJECTID": 192806.0, "SHAPE_Leng": 372.91514579, "SHAPE_Area": 7538.8762512000003, "Town": "Allama Iqbal Town", "UC_N0": "UC_120", "Landuse": "R", "KA": null, "Name": null, "Plot_No": "136", "Block": "H" }, "geometry": { "type": "Polygon", "coordinates": [ [ [ 74.26071275084459, 31.440885586861398 ], [ 74.260602560300498, 31.440642309700682 ], [ 74.260452840300786, 31.44069610297969 ], [ 74.260570088089963, 31.440938874159919 ], [ 74.26071275084459, 31.440885586861398 ] ] ] } },
{ "type": "Feature", "properties": { "Id": null, "__source_file": "Export_Output.shp", "OBJECTID": 192806.0, "SHAPE_Leng": 372.91514579, "SHAPE_Area": 7538.8762512000003, "Town": "Allama Iqbal Town", "UC_N0": "UC_120", "Landuse": "V", "KA": null, "Name": null, "Plot_No": "135", "Block": "H" }, "geometry": { "type": "Polygon", "coordinates": [ [ [ 74.260865682562127, 31.44082846366102 ], [ 74.260747313782019, 31.440590300627907 ], [ 74.260602560300498, 31.440642309700682 ], [ 74.26071275084459, 31.440885586861398 ], [ 74.260865682562127, 31.44082846366102 ] ] ] } },
{ "type": "Feature", "properties": { "Id": null, "__source_file": "Export_Output.shp", "OBJECTID": 192806.0, "SHAPE_Leng": 372.91514579, "SHAPE_Area": 7538.8762512000003, "Town": "Allama Iqbal Town", "UC_N0": "UC_120", "Landuse": "R", "KA": null, "Name": null, "Plot_No": "137", "Block": "H" }, "geometry": { "type": "Polygon", "coordinates": [ [ [ 74.260570088089963, 31.440938874159919 ], [ 74.260452840300786, 31.44069610297969 ], [ 74.260286253924249, 31.440755955941718 ], [ 74.260408524612942, 31.44099922097687 ], [ 74.260570088089963, 31.440938874159919 ] ] ] } },
{ "type": "Feature", "properties": { "Id": null, "__source_file": "Export_Output.shp", "OBJECTID": 192806.0, "SHAPE_Leng": 372.91514579, "SHAPE_Area": 7538.8762512000003, "Town": "Allama Iqbal Town", "UC_N0": "UC_120", "Landuse": "V", "KA": null, "Name": null, "Plot_No": "130", "Block": "H" }, "geometry": { "type": "Polygon", "coordinates": [ [ [ 74.261318871000768, 31.440384941310249 ], [ 74.261420186233877, 31.440621342791975 ], [ 74.261630140946707, 31.440542918629415 ], [ 74.261520213977263, 31.440312598370625 ], [ 74.261318871000768, 31.440384941310249 ] ] ] } },
{ "type": "Feature", "properties": { "Id": null, "__source_file": "Export_Output.shp", "OBJECTID": 192806.0, "SHAPE_Leng": 372.91514579, "SHAPE_Area": 7538.8762512000003, "Town": "Allama Iqbal Town", "UC_N0": "UC_120", "Landuse": "V", "KA": null, "Name": null, "Plot_No": "155", "Block": "H" }, "geometry": { "type": "Polygon", "coordinates": [ [ [ 74.261022299728936, 31.440491499183985 ], [ 74.260902272458026, 31.440232978153251 ], [ 74.260778032868004, 31.440277839756469 ], [ 74.260883727289155, 31.440541287854785 ], [ 74.261022299728936, 31.440491499183985 ] ] ] } },
{ "type": "Feature", "properties": { "Id": null, "__source_file": "Export_Output.shp", "OBJECTID": 192806.0, "SHAPE_Leng": 372.91514579, "SHAPE_Area": 7538.8762512000003, "Town": "Allama Iqbal Town", "UC_N0": "UC_120", "Landuse": "R", "KA": null, "Name": null, "Plot_No": "153", "Block": "H" }, "geometry": { "type": "Polygon", "coordinates": [ [ [ 74.260747313782019, 31.440590300627921 ], [ 74.260620322395027, 31.440334787104668 ], [ 74.260485346432219, 31.440383525085007 ], [ 74.260602560300498, 31.440642309700678 ], [ 74.260747313782019, 31.440590300627921 ] ] ] } },
{ "type": "Feature", "properties": { "Id": null, "__source_file": "Export_Output.shp", "OBJECTID": 192806.0, "SHAPE_Leng": 372.91514579, "SHAPE_Area": 7538.8762512000003, "Town": "Allama Iqbal Town", "UC_N0": "UC_120", "Landuse": "V", "KA": null, "Name": null, "Plot_No": "157", "Block": "H" }, "geometry": { "type": "Polygon", "coordinates": [ [ [ 74.261318871000768, 31.440384941310249 ], [ 74.261206641938173, 31.440123072854327 ], [ 74.261064180597316, 31.440174514587842 ], [ 74.261175016869913, 31.440436628126946 ], [ 74.261318871000768, 31.440384941310249 ] ] ] } },
{ "type": "Feature", "properties": { "Id": null, "__source_file": "Export_Output.shp", "OBJECTID": 192806.0, "SHAPE_Leng": 372.91514579, "SHAPE_Area": 7538.8762512000003, "Town": "Allama Iqbal Town", "UC_N0": "UC_120", "Landuse": "R", "KA": null, "Name": null, "Plot_No": "154", "Block": "H" }, "geometry": { "type": "Polygon", "coordinates": [ [ [ 74.260883727289155, 31.440541287854785 ], [ 74.260778032868004, 31.440277839756469 ], [ 74.260620322395027, 31.440334787104653 ], [ 74.260747313782019, 31.440590300627914 ], [ 74.260883727289155, 31.440541287854785 ] ] ] } },
{ "type": "Feature", "properties": { "Id": null, "__source_file": "Export_Output.shp", "OBJECTID": 192806.0, "SHAPE_Leng": 372.91514579, "SHAPE_Area": 7538.8762512000003, "Town": "Allama Iqbal Town", "UC_N0": "UC_120", "Landuse": "R", "KA": null, "Name": null, "Plot_No": "152", "Block": "H" }, "geometry": { "type": "Polygon", "coordinates": [ [ [ 74.260602560300498, 31.440642309700682 ], [ 74.260485346432219, 31.440383525085004 ], [ 74.260329123122986, 31.440439934949911 ], [ 74.260452840300786, 31.44069610297969 ], [ 74.260602560300498, 31.440642309700682 ] ] ] } },
{ "type": "Feature", "properties": { "Id": null, "__source_file": "Export_Output.shp", "OBJECTID": 192806.0, "SHAPE_Leng": 372.91514579, "SHAPE_Area": 7538.8762512000003, "Town": "Allama Iqbal Town", "UC_N0": "UC_120", "Landuse": "V", "KA": null, "Name": null, "Plot_No": "156", "Block": "H" }, "geometry": { "type": "Polygon", "coordinates": [ [ [ 74.261175016869913, 31.440436628126946 ], [ 74.261064180597316, 31.440174514587842 ], [ 74.260902272458026, 31.440232978153251 ], [ 74.261022299728936, 31.440491499183985 ], [ 74.261175016869913, 31.440436628126946 ] ] ] } },
{ "type": "Feature", "properties": { "Id": null, "__source_file": "Export_Output.shp", "OBJECTID": 192806.0, "SHAPE_Leng": 372.91514579, "SHAPE_Area": 7538.8762512000003, "Town": "Allama Iqbal Town", "UC_N0": "UC_120", "Landuse": "V", "KA": null, "Name": null, "Plot_No": "151", "Block": "H" }, "geometry": { "type": "Polygon", "coordinates": [ [ [ 74.260452840300786, 31.44069610297969 ], [ 74.260329123122986, 31.440439934949911 ], [ 74.260158399535555, 31.440501580347352 ], [ 74.260286253924249, 31.440755955941718 ], [ 74.260452840300786, 31.44069610297969 ] ] ] } },
{ "type": "Feature", "properties": { "Id": null, "__source_file": "Export_Output.shp", "OBJECTID": 181683.0, "SHAPE_Leng": 356.89932376799999, "SHAPE_Area": 6495.22452015, "Town": "Allama Iqbal Town", "UC_N0": "UC_120", "Landuse": "R", "KA": null, "Name": null, "Plot_No": "113", "Block": "H" }, "geometry": { "type": "Polygon", "coordinates": [ [ [ 74.262930880798123, 31.440409929748654 ], [ 74.262806340446957, 31.440171561521591 ], [ 74.262707477905224, 31.440208132212685 ], [ 74.262819556041592, 31.440449634611277 ], [ 74.262930880798123, 31.440409929748654 ] ] ] } },
{ "type": "Feature", "properties": { "Id": null, "__source_file": "Export_Output.shp", "OBJECTID": 181683.0, "SHAPE_Leng": 356.89932376799999, "SHAPE_Area": 6495.22452015, "Town": "Allama Iqbal Town", "UC_N0": "UC_120", "Landuse": "V", "KA": null, "Name": null, "Plot_No": "110", "Block": "H" }, "geometry": { "type": "Polygon", "coordinates": [ [ [ 74.262561103975798, 31.440541813096292 ], [ 74.262450382977448, 31.440303234868825 ], [ 74.262331576617711, 31.440347182598337 ], [ 74.2624437396275, 31.440583671563854 ], [ 74.262561103975798, 31.440541813096292 ] ] ] } },
{ "type": "Feature", "properties": { "Id": null, "__source_file": "Export_Output.shp", "OBJECTID": 181683.0, "SHAPE_Leng": 356.89932376799999, "SHAPE_Area": 6495.22452015, "Town": "Allama Iqbal Town", "UC_N0": "UC_120", "Landuse": "R", "KA": null, "Name": null, "Plot_No": "112", "Block": "H" }, "geometry": { "type": "Polygon", "coordinates": [ [ [ 74.262819556041592, 31.440449634611277 ], [ 74.262707477905224, 31.440208132212685 ], [ 74.262583683429511, 31.440253925439652 ], [ 74.262703543227857, 31.440491011367186 ], [ 74.262819556041592, 31.440449634611277 ] ] ] } },
{ "type": "Feature", "properties": { "Id": null, "__source_file": "Export_Output.shp", "OBJECTID": 181683.0, "SHAPE_Leng": 356.89932376799999, "SHAPE_Area": 6495.22452015, "Town": "Allama Iqbal Town", "UC_N0": "UC_120", "Landuse": "R", "KA": null, "Name": null, "Plot_No": "114", "Block": "H" }, "geometry": { "type": "Polygon", "coordinates": [ [ [ 74.263054082120846, 31.440365988860858 ], [ 74.262948257313923, 31.440119064225136 ], [ 74.262806340446957, 31.440171561521591 ], [ 74.262930880798123, 31.440409929748654 ], [ 74.263054082120846, 31.440365988860858 ] ] ] } },
{ "type": "Feature", "properties": { "Id": null, "__source_file": "Export_Output.shp", "OBJECTID": 181683.0, "SHAPE_Leng": 356.89932376799999, "SHAPE_Area": 6495.22452015, "Town": "Allama Iqbal Town", "UC_N0": "UC_120", "Landuse": "R", "KA": null, "Name": null, "Plot_No": "115", "Block": "H" }, "geometry": { "type": "Polygon", "coordinates": [ [ [ 74.263188326863471, 31.440318109052406 ], [ 74.263082711916795, 31.440069327137557 ], [ 74.262948257313923, 31.440119064225136 ], [ 74.263054082120846, 31.440365988860858 ], [ 74.263188326863471, 31.440318109052406 ] ] ] } },
{ "type": "Feature", "properties": { "Id": null, "__source_file": "Export_Output.shp", "OBJECTID": 181683.0, "SHAPE_Leng": 356.89932376799999, "SHAPE_Area": 6495.22452015, "Town": "Allama Iqbal Town", "UC_N0": "UC_120", "Landuse": "R", "KA": null, "Name": null, "Plot_No": "111", "Block": "H" }, "geometry": { "type": "Polygon", "coordinates": [ [ [ 74.262703543227857, 31.440491011367168 ], [ 74.262583683429511, 31.440253925439645 ], [ 74.262450382977448, 31.440303234868825 ], [ 74.262561103975798, 31.440541813096292 ], [ 74.262703543227857, 31.440491011367168 ] ] ] } },
{ "type": "Feature", "properties": { "Id": null, "__source_file": "Export_Output.shp", "OBJECTID": 181683.0, "SHAPE_Leng": 356.89932376799999, "SHAPE_Area": 6495.22452015, "Town": "Allama Iqbal Town", "UC_N0": "UC_120", "Landuse": "R", "KA": null, "Name": null, "Plot_No": "109", "Block": "H" }, "geometry": { "type": "Polygon", "coordinates": [ [ [ 74.2624437396275, 31.440583671563854 ], [ 74.262331576617711, 31.440347182598337 ], [ 74.262182792401376, 31.44040221923904 ], [ 74.262300571297587, 31.440634732927769 ], [ 74.2624437396275, 31.440583671563854 ] ] ] } },
{ "type": "Feature", "properties": { "Id": null, "__source_file": "Export_Output.shp", "OBJECTID": 181683.0, "SHAPE_Leng": 356.89932376799999, "SHAPE_Area": 6495.22452015, "Town": "Allama Iqbal Town", "UC_N0": "UC_120", "Landuse": "R", "KA": null, "Name": null, "Plot_No": "89", "Block": "H" }, "geometry": { "type": "Polygon", "coordinates": [ [ [ 74.262930621027579, 31.440688952610238 ], [ 74.262819556041592, 31.440449634611269 ], [ 74.262703543227857, 31.440491011367168 ], [ 74.26282377767555, 31.44072883706999 ], [ 74.262930621027579, 31.440688952610238 ] ] ] } },
{ "type": "Feature", "properties": { "Id": null, "__source_file": "Export_Output.shp", "OBJECTID": 181683.0, "SHAPE_Leng": 356.89932376799999, "SHAPE_Area": 6495.22452015, "Town": "Allama Iqbal Town", "UC_N0": "UC_120", "Landuse": "R", "KA": null, "Name": null, "Plot_No": "88", "Block": "H" }, "geometry": { "type": "Polygon", "coordinates": [ [ [ 74.263052827702538, 31.440643332893515 ], [ 74.262930880798123, 31.440409929748654 ], [ 74.262819556041592, 31.440449634611277 ], [ 74.262930621027579, 31.440688952610245 ], [ 74.263052827702538, 31.440643332893515 ] ] ] } },
{ "type": "Feature", "properties": { "Id": null, "__source_file": "Export_Output.shp", "OBJECTID": 181683.0, "SHAPE_Leng": 356.89932376799999, "SHAPE_Area": 6495.22452015, "Town": "Allama Iqbal Town", "UC_N0": "UC_120", "Landuse": "V", "KA": null, "Name": null, "Plot_No": "91", "Block": "H" }, "geometry": { "type": "Polygon", "coordinates": [ [ [ 74.262673870237833, 31.440784797078045 ], [ 74.262561103975798, 31.440541813096292 ], [ 74.2624437396275, 31.440583671563854 ], [ 74.262559398039215, 31.440827529050626 ], [ 74.262673870237833, 31.440784797078045 ] ] ] } },
{ "type": "Feature", "properties": { "Id": null, "__source_file": "Export_Output.shp", "OBJECTID": 181683.0, "SHAPE_Leng": 356.89932376799999, "SHAPE_Area": 6495.22452015, "Town": "Allama Iqbal Town", "UC_N0": "UC_120", "Landuse": "R", "KA": null, "Name": null, "Plot_No": "92", "Block": "H" }, "geometry": { "type": "Polygon", "coordinates": [ [ [ 74.262559398039215, 31.440827529050626 ], [ 74.2624437396275, 31.440583671563854 ], [ 74.262300571297587, 31.440634732927776 ], [ 74.262423860906253, 31.440878124287313 ], [ 74.262559398039215, 31.440827529050626 ] ] ] } },
{ "type": "Feature", "properties": { "Id": null, "__source_file": "Export_Output.shp", "OBJECTID": 181683.0, "SHAPE_Leng": 356.89932376799999, "SHAPE_Area": 6495.22452015, "Town": "Allama Iqbal Town", "UC_N0": "UC_120", "Landuse": "R", "KA": null, "Name": null, "Plot_No": "90", "Block": "H" }, "geometry": { "type": "Polygon", "coordinates": [ [ [ 74.26282377767555, 31.44072883706999 ], [ 74.262703543227857, 31.440491011367168 ], [ 74.262561103975798, 31.440541813096292 ], [ 74.262673870237833, 31.440784797078045 ], [ 74.26282377767555, 31.44072883706999 ] ] ] } },
{ "type": "Feature", "properties": { "Id": null, "__source_file": "Export_Output.shp", "OBJECTID": 181683.0, "SHAPE_Leng": 356.89932376799999, "SHAPE_Area": 6495.22452015, "Town": "Allama Iqbal Town", "UC_N0": "UC_120", "Landuse": "V", "KA": null, "Name": null, "Plot_No": "87", "Block": "H" }, "geometry": { "type": "Polygon", "coordinates": [ [ [ 74.263188326863471, 31.440318109052406 ], [ 74.263054082121002, 31.440365988860997 ], [ 74.262930880798123, 31.44040992974865 ], [ 74.263052827702523, 31.440643332893508 ], [ 74.263582553606355, 31.440445584490224 ], [ 74.263480025204061, 31.440214071093283 ], [ 74.263188326863471, 31.440318109052406 ] ] ] } },
{ "type": "Feature", "properties": { "Id": null, "__source_file": "Export_Output.shp", "OBJECTID": 181683.0, "SHAPE_Leng": 356.89932376799999, "SHAPE_Area": 6495.22452015, "Town": "Allama Iqbal Town", "UC_N0": "UC_120", "Landuse": "R", "KA": null, "Name": null, "Plot_No": "116", "Block": "H" }, "geometry": { "type": "Polygon", "coordinates": [ [ [ 74.263085980077875, 31.440069327139785 ], [ 74.263191595033177, 31.440318109052061 ], [ 74.2634832933703, 31.440214071085439 ], [ 74.263473301710718, 31.440191509440496 ], [ 74.263431041711712, 31.440207246709857 ], [ 74.263310926435764, 31.440251976839786 ], [ 74.263203340309019, 31.440025913393303 ], [ 74.263085980077875, 31.440069327139785 ] ] ] } },
{ "type": "Feature", "properties": { "Id": null, "__source_file": "Export_Output.shp", "OBJECTID": 181691.0, "SHAPE_Leng": 300.09503823199998, "SHAPE_Area": 3331.7438332900001, "Town": "Allama Iqbal Town", "UC_N0": "UC_120", "Landuse": "R", "KA": null, "Name": null, "Plot_No": "124", "Block": "H" }, "geometry": { "type": "Polygon", "coordinates": [ [ [ 74.26290470288761, 31.44006682297837 ], [ 74.262823611190797, 31.439877609599765 ], [ 74.262703233844391, 31.439920248349484 ], [ 74.262788200152897, 31.44011034180421 ], [ 74.26290470288761, 31.44006682297837 ] ] ] } },
{ "type": "Feature", "properties": { "Id": null, "__source_file": "Export_Output.shp", "OBJECTID": 181691.0, "SHAPE_Leng": 300.09503823199998, "SHAPE_Area": 3331.7438332900001, "Town": "Allama Iqbal Town", "UC_N0": "UC_120", "Landuse": "R", "KA": null, "Name": null, "Plot_No": "126", "Block": "H" }, "geometry": { "type": "Polygon", "coordinates": [ [ [ 74.262664834604308, 31.440156424028061 ], [ 74.262576742675151, 31.439965052505904 ], [ 74.262456276222949, 31.440007722503573 ], [ 74.262548457145314, 31.440199895695972 ], [ 74.262610186989633, 31.440176837158969 ], [ 74.262664834604308, 31.440156424028061 ] ] ] } },
{ "type": "Feature", "properties": { "Id": null, "__source_file": "Export_Output.shp", "OBJECTID": 181691.0, "SHAPE_Leng": 300.09503823199998, "SHAPE_Area": 3331.7438332900001, "Town": "Allama Iqbal Town", "UC_N0": "UC_120", "Landuse": "V", "KA": null, "Name": null, "Plot_No": "122", "Block": "H" }, "geometry": { "type": "Polygon", "coordinates": [ [ [ 74.263174039209687, 31.439966213612443 ], [ 74.263090863570184, 31.439782945832263 ], [ 74.262963501534301, 31.439828058977088 ], [ 74.263050339166725, 31.440012421302324 ], [ 74.263174039209687, 31.439966213612443 ] ] ] } },
{ "type": "Feature", "properties": { "Id": null, "__source_file": "Export_Output.shp", "OBJECTID": 181691.0, "SHAPE_Leng": 300.09503823199998, "SHAPE_Area": 3331.7438332900001, "Town": "Allama Iqbal Town", "UC_N0": "UC_120", "Landuse": "V", "KA": null, "Name": null, "Plot_No": "125", "Block": "H" }, "geometry": { "type": "Polygon", "coordinates": [ [ [ 74.262788200152897, 31.44011034180421 ], [ 74.262703233844391, 31.439920248349484 ], [ 74.262576742675151, 31.439965052505904 ], [ 74.262664834604308, 31.440156424028061 ], [ 74.262788200152897, 31.44011034180421 ] ] ] } },
{ "type": "Feature", "properties": { "Id": null, "__source_file": "Export_Output.shp", "OBJECTID": 181691.0, "SHAPE_Leng": 300.09503823199998, "SHAPE_Area": 3331.7438332900001, "Town": "Allama Iqbal Town", "UC_N0": "UC_120", "Landuse": "R", "KA": null, "Name": null, "Plot_No": "129", "Block": "H" }, "geometry": { "type": "Polygon", "coordinates": [ [ [ 74.262270237823842, 31.440303821048378 ], [ 74.262180480428114, 31.440105410583584 ], [ 74.262054965597784, 31.440149868221006 ], [ 74.262154792857658, 31.440346943680755 ], [ 74.262270237823842, 31.440303821048378 ] ] ] } },
{ "type": "Feature", "properties": { "Id": null, "__source_file": "Export_Output.shp", "OBJECTID": 181691.0, "SHAPE_Leng": 300.09503823199998, "SHAPE_Area": 3331.7438332900001, "Town": "Allama Iqbal Town", "UC_N0": "UC_120", "Landuse": "R", "KA": null, "Name": null, "Plot_No": "121", "Block": "H" }, "geometry": { "type": "Polygon", "coordinates": [ [ [ 74.263317400653463, 31.439912661271617 ], [ 74.263229384846625, 31.439733879757515 ], [ 74.263090863570184, 31.439782945832263 ], [ 74.263174039209687, 31.439966213612443 ], [ 74.263317400653463, 31.439912661271617 ] ] ] } },
{ "type": "Feature", "properties": { "Id": null, "__source_file": "Export_Output.shp", "OBJECTID": 181691.0, "SHAPE_Leng": 300.09503823199998, "SHAPE_Area": 3331.7438332900001, "Town": "Allama Iqbal Town", "UC_N0": "UC_120", "Landuse": "R", "KA": null, "Name": null, "Plot_No": "127", "Block": "H" }, "geometry": { "type": "Polygon", "coordinates": [ [ [ 74.262548457145314, 31.440199895695972 ], [ 74.262456276222949, 31.440007722503573 ], [ 74.262325259456603, 31.440054129316902 ], [ 74.262408555901843, 31.440252154193097 ], [ 74.262460614975467, 31.440232708147342 ], [ 74.262548457145314, 31.440199895695972 ] ] ] } },
{ "type": "Feature", "properties": { "Id": null, "__source_file": "Export_Output.shp", "OBJECTID": 181691.0, "SHAPE_Leng": 300.09503823199998, "SHAPE_Area": 3331.7438332900001, "Town": "Allama Iqbal Town", "UC_N0": "UC_120", "Landuse": "R", "KA": null, "Name": null, "Plot_No": "123", "Block": "H" }, "geometry": { "type": "Polygon", "coordinates": [ [ [ 74.263050339166725, 31.440012421302324 ], [ 74.262963501534301, 31.439828058977088 ], [ 74.262823611190797, 31.439877609599765 ], [ 74.26290470288761, 31.44006682297837 ], [ 74.263050339166725, 31.440012421302324 ] ] ] } },
{ "type": "Feature", "properties": { "Id": null, "__source_file": "Export_Output.shp", "OBJECTID": 181691.0, "SHAPE_Leng": 300.09503823199998, "SHAPE_Area": 3331.7438332900001, "Town": "Allama Iqbal Town", "UC_N0": "UC_120", "Landuse": "V", "KA": null, "Name": null, "Plot_No": "120", "Block": "H" }, "geometry": { "type": "Polygon", "coordinates": [ [ [ 74.263466117676217, 31.4398571081305 ], [ 74.26338379497129, 31.439679185403069 ], [ 74.263229384846625, 31.439733879757515 ], [ 74.263317400653463, 31.439912661271617 ], [ 74.263466117676217, 31.4398571081305 ] ] ] } },
{ "type": "Feature", "properties": { "Id": null, "__source_file": "Export_Output.shp", "OBJECTID": 181691.0, "SHAPE_Leng": 300.09503823199998, "SHAPE_Area": 3331.7438332900001, "Town": "Allama Iqbal Town", "UC_N0": "UC_120", "Landuse": "R", "KA": null, "Name": null, "Plot_No": "128", "Block": "H" }, "geometry": { "type": "Polygon", "coordinates": [ [ [ 74.262408555901828, 31.4402521541931 ], [ 74.262325259456603, 31.440054129316902 ], [ 74.262180480428114, 31.440105410583584 ], [ 74.262270237823842, 31.440303821048378 ], [ 74.262314912964172, 31.440287133320869 ], [ 74.262408555901828, 31.4402521541931 ] ] ] } },
{ "type": "Feature", "properties": { "Id": null, "__source_file": "Export_Output.shp", "OBJECTID": 181691.0, "SHAPE_Leng": 300.09503823199998, "SHAPE_Area": 3331.7438332900001, "Town": "Allama Iqbal Town", "UC_N0": "UC_120", "Landuse": "V", "KA": null, "Name": null, "Plot_No": "162", "Block": "H" }, "geometry": { "type": "Polygon", "coordinates": [ [ [ 74.262576742675151, 31.439965052505904 ], [ 74.262443835336697, 31.43967632211703 ], [ 74.262374190336672, 31.439701471378463 ], [ 74.262318944851728, 31.439721420844506 ], [ 74.262456276222949, 31.440007722503573 ], [ 74.262576742675151, 31.439965052505904 ] ] ] } },
{ "type": "Feature", "properties": { "Id": null, "__source_file": "Export_Output.shp", "OBJECTID": 181691.0, "SHAPE_Leng": 300.09503823199998, "SHAPE_Area": 3331.7438332900001, "Town": "Allama Iqbal Town", "UC_N0": "UC_120", "Landuse": "V", "KA": null, "Name": null, "Plot_No": "164", "Block": "H" }, "geometry": { "type": "Polygon", "coordinates": [ [ [ 74.262823611190797, 31.439877609599765 ], [ 74.26269800940041, 31.439584538083441 ], [ 74.262573308926136, 31.439629568315485 ], [ 74.262703233844391, 31.439920248349484 ], [ 74.262823611190797, 31.439877609599765 ] ] ] } },
{ "type": "Feature", "properties": { "Id": null, "__source_file": "Export_Output.shp", "OBJECTID": 181691.0, "SHAPE_Leng": 300.09503823199998, "SHAPE_Area": 3331.7438332900001, "Town": "Allama Iqbal Town", "UC_N0": "UC_120", "Landuse": "R", "KA": null, "Name": null, "Plot_No": "161", "Block": "H" }, "geometry": { "type": "Polygon", "coordinates": [ [ [ 74.262456276222949, 31.440007722503573 ], [ 74.262318944851728, 31.439721420844506 ], [ 74.262202932437603, 31.439763313496158 ], [ 74.262325259456603, 31.440054129316902 ], [ 74.262456276222949, 31.440007722503573 ] ] ] } },
{ "type": "Feature", "properties": { "Id": null, "__source_file": "Export_Output.shp", "OBJECTID": 181691.0, "SHAPE_Leng": 300.09503823199998, "SHAPE_Area": 3331.7438332900001, "Town": "Allama Iqbal Town", "UC_N0": "UC_120", "Landuse": "R", "KA": null, "Name": null, "Plot_No": "163", "Block": "H" }, "geometry": { "type": "Polygon", "coordinates": [ [ [ 74.262703233844391, 31.439920248349484 ], [ 74.262573308926136, 31.439629568315485 ], [ 74.262522687427946, 31.439647848052758 ], [ 74.262443835336697, 31.439676322117023 ], [ 74.262576742675151, 31.439965052505912 ], [ 74.262703233844391, 31.439920248349484 ] ] ] } },
{ "type": "Feature", "properties": { "Id": null, "__source_file": "Export_Output.shp", "OBJECTID": 181691.0, "SHAPE_Leng": 300.09503823199998, "SHAPE_Area": 3331.7438332900001, "Town": "Allama Iqbal Town", "UC_N0": "UC_120", "Landuse": "V", "KA": null, "Name": null, "Plot_No": "166", "Block": "H" }, "geometry": { "type": "Polygon", "coordinates": [ [ [ 74.263090863570184, 31.439782945832263 ], [ 74.262958178691704, 31.43949058868272 ], [ 74.26282688056294, 31.439538001612224 ], [ 74.262963501534301, 31.439828058977088 ], [ 74.263090863570184, 31.439782945832263 ] ] ] } },
{ "type": "Feature", "properties": { "Id": null, "__source_file": "Export_Output.shp", "OBJECTID": 181691.0, "SHAPE_Leng": 300.09503823199998, "SHAPE_Area": 3331.7438332900001, "Town": "Allama Iqbal Town", "UC_N0": "UC_120", "Landuse": "R", "KA": null, "Name": null, "Plot_No": "159", "Block": "H" }, "geometry": { "type": "Polygon", "coordinates": [ [ [ 74.262180480428114, 31.440105410583584 ], [ 74.262050606009439, 31.4398183190984 ], [ 74.261912316634906, 31.439868255657505 ], [ 74.262030898450533, 31.440102355573813 ], [ 74.262054965597784, 31.440149868221006 ], [ 74.262180480428114, 31.440105410583584 ] ] ] } },
{ "type": "Feature", "properties": { "Id": null, "__source_file": "Export_Output.shp", "OBJECTID": 181691.0, "SHAPE_Leng": 300.09503823199998, "SHAPE_Area": 3331.7438332900001, "Town": "Allama Iqbal Town", "UC_N0": "UC_120", "Landuse": "V", "KA": null, "Name": null, "Plot_No": "167", "Block": "H" }, "geometry": { "type": "Polygon", "coordinates": [ [ [ 74.263229384846625, 31.439733879757515 ], [ 74.263086753213187, 31.439444158669993 ], [ 74.262969070474711, 31.439486655554131 ], [ 74.262958178691704, 31.43949058868272 ], [ 74.263090863570184, 31.439782945832263 ], [ 74.263229384846625, 31.439733879757515 ] ] ] } },
{ "type": "Feature", "properties": { "Id": null, "__source_file": "Export_Output.shp", "OBJECTID": 181691.0, "SHAPE_Leng": 300.09503823199998, "SHAPE_Area": 3331.7438332900001, "Town": "Allama Iqbal Town", "UC_N0": "UC_120", "Landuse": "R", "KA": null, "Name": null, "Plot_No": "165", "Block": "H" }, "geometry": { "type": "Polygon", "coordinates": [ [ [ 74.262963501534301, 31.439828058977088 ], [ 74.26282688056294, 31.439538001612224 ], [ 74.262826504635072, 31.439538137362849 ], [ 74.26269800940041, 31.439584538083441 ], [ 74.262823611190797, 31.439877609599765 ], [ 74.262963501534301, 31.439828058977088 ] ] ] } },
{ "type": "Feature", "properties": { "Id": null, "__source_file": "Export_Output.shp", "OBJECTID": 181691.0, "SHAPE_Leng": 300.09503823199998, "SHAPE_Area": 3331.7438332900001, "Town": "Allama Iqbal Town", "UC_N0": "UC_120", "Landuse": "V", "KA": null, "Name": null, "Plot_No": "160", "Block": "H" }, "geometry": { "type": "Polygon", "coordinates": [ [ [ 74.262325259456603, 31.440054129316902 ], [ 74.262202932437603, 31.439763313496158 ], [ 74.262050606009439, 31.4398183190984 ], [ 74.262180480428114, 31.440105410583584 ], [ 74.262325259456603, 31.440054129316902 ] ] ] } },
{ "type": "Feature", "properties": { "Id": null, "__source_file": "Export_Output.shp", "OBJECTID": 181691.0, "SHAPE_Leng": 300.09503823199998, "SHAPE_Area": 3331.7438332900001, "Town": "Allama Iqbal Town", "UC_N0": "UC_120", "Landuse": "R", "KA": null, "Name": null, "Plot_No": "168", "Block": "H" }, "geometry": { "type": "Polygon", "coordinates": [ [ [ 74.26338379497129, 31.439679185403069 ], [ 74.263248094120172, 31.439385895798704 ], [ 74.2631212160979, 31.439431713611949 ], [ 74.263086753213187, 31.439444158669993 ], [ 74.263229384846625, 31.439733879757515 ], [ 74.26338379497129, 31.439679185403069 ] ] ] } },
{ "type": "Feature", "properties": { "Id": null, "__source_file": "Export_Output.shp", "OBJECTID": 181691.0, "SHAPE_Leng": 300.09503823199998, "SHAPE_Area": 3331.7438332900001, "Town": "Allama Iqbal Town", "UC_N0": "UC_120", "Landuse": "R", "KA": null, "Name": null, "Plot_No": "169", "Block": "H" }, "geometry": { "type": "Polygon", "coordinates": [ [ [ 74.263682011048729, 31.43949630429281 ], [ 74.26358714767639, 31.439263457771588 ], [ 74.263535778541808, 31.43928200815289 ], [ 74.263628780996143, 31.439515843184289 ], [ 74.263682011048729, 31.43949630429281 ] ] ] } },
{ "type": "Feature", "properties": { "Id": null, "__source_file": "Export_Output.shp", "OBJECTID": 181691.0, "SHAPE_Leng": 300.09503823199998, "SHAPE_Area": 3331.7438332900001, "Town": "Allama Iqbal Town", "UC_N0": "UC_120", "Landuse": "R", "KA": null, "Name": null, "Plot_No": "170", "Block": "H" }, "geometry": { "type": "Polygon", "coordinates": [ [ [ 74.263756008281433, 31.439469142444807 ], [ 74.263652645118356, 31.43923980534629 ], [ 74.26358714767639, 31.439263457771588 ], [ 74.263682011048729, 31.43949630429281 ], [ 74.263756008281433, 31.439469142444807 ] ] ] } },
{ "type": "Feature", "properties": { "Id": null, "__source_file": "Export_Output.shp", "OBJECTID": 181691.0, "SHAPE_Leng": 300.09503823199998, "SHAPE_Area": 3331.7438332900001, "Town": "Allama Iqbal Town", "UC_N0": "UC_120", "Landuse": "R", "KA": null, "Name": null, "Plot_No": "171", "Block": "H" }, "geometry": { "type": "Polygon", "coordinates": [ [ [ 74.263830604538683, 31.439441760655829 ], [ 74.263723204385514, 31.439214324944309 ], [ 74.263652645118356, 31.43923980534629 ], [ 74.263756008281433, 31.439469142444807 ], [ 74.263830604538683, 31.439441760655829 ] ] ] } },
{ "type": "Feature", "properties": { "Id": null, "__source_file": "Export_Output.shp", "OBJECTID": 181691.0, "SHAPE_Leng": 300.09503823199998, "SHAPE_Area": 3331.7438332900001, "Town": "Allama Iqbal Town", "UC_N0": "UC_120", "Landuse": "R", "KA": null, "Name": null, "Plot_No": "172", "Block": "H" }, "geometry": { "type": "Polygon", "coordinates": [ [ [ 74.263898619882553, 31.439416794447659 ], [ 74.263803334933883, 31.439185388091506 ], [ 74.263723204385514, 31.439214324944309 ], [ 74.263830604538683, 31.439441760655829 ], [ 74.263898619882553, 31.439416794447659 ] ] ] } },
{ "type": "Feature", "properties": { "Id": null, "__source_file": "Export_Output.shp", "OBJECTID": 181691.0, "SHAPE_Leng": 300.09503823199998, "SHAPE_Area": 3331.7438332900001, "Town": "Allama Iqbal Town", "UC_N0": "UC_120", "Landuse": "R", "KA": null, "Name": null, "Plot_No": "173", "Block": "H" }, "geometry": { "type": "Polygon", "coordinates": [ [ [ 74.263628780996143, 31.439515843184289 ], [ 74.263535778541808, 31.43928200815289 ], [ 74.263449205853689, 31.439313271149885 ], [ 74.263555359887164, 31.439542793456717 ], [ 74.263628780996143, 31.439515843184289 ] ] ] } },
{ "type": "Feature", "properties": { "Id": null, "__source_file": "Export_Output.shp", "OBJECTID": 181691.0, "SHAPE_Leng": 300.09503823199998, "SHAPE_Area": 3331.7438332900001, "Town": "Allama Iqbal Town", "UC_N0": "UC_120", "Landuse": "V", "KA": null, "Name": null, "Plot_No": "174", "Block": "H" }, "geometry": { "type": "Polygon", "coordinates": [ [ [ 74.263514100138849, 31.439636931178853 ], [ 74.263382431334662, 31.439337384557817 ], [ 74.263312236438196, 31.43936273301745 ], [ 74.263459561496362, 31.439657383145153 ], [ 74.263514100138849, 31.439636931178853 ] ] ] } },
{ "type": "Feature", "properties": { "Id": null, "__source_file": "Export_Output.shp", "OBJECTID": 181691.0, "SHAPE_Leng": 300.09503823199998, "SHAPE_Area": 3331.7438332900001, "Town": "Allama Iqbal Town", "UC_N0": "UC_120", "Landuse": "R", "KA": null, "Name": null, "Plot_No": "175", "Block": "H" }, "geometry": { "type": "Polygon", "coordinates": [ [ [ 74.263555359887164, 31.439542793456717 ], [ 74.263449205853689, 31.439313271149885 ], [ 74.263415613488831, 31.439325401951873 ], [ 74.263382431334662, 31.439337384557817 ], [ 74.263514100138849, 31.439636931178853 ], [ 74.263562095690361, 31.439618932841945 ], [ 74.263560863962169, 31.439616464632664 ], [ 74.263528939058531, 31.439552491587094 ], [ 74.263555359887164, 31.439542793456717 ] ] ] } },
{ "type": "Feature", "properties": { "Id": null, "__source_file": "Export_Output.shp", "OBJECTID": 181691.0, "SHAPE_Leng": 300.09503823199998, "SHAPE_Area": 3331.7438332900001, "Town": "Allama Iqbal Town", "UC_N0": "UC_120", "Landuse": "R", "KA": null, "Name": null, "Plot_No": "176", "Block": "H" }, "geometry": { "type": "Polygon", "coordinates": [ [ [ 74.263459561496362, 31.439657383145153 ], [ 74.263312236438196, 31.43936273301745 ], [ 74.26326223773728, 31.439380788287355 ], [ 74.263248094120314, 31.439385895798758 ], [ 74.263383794971389, 31.439679185403069 ], [ 74.263386401183709, 31.439684818178414 ], [ 74.263459561496362, 31.439657383145153 ] ] ] } },
{ "type": "Feature", "properties": { "Id": null, "__source_file": "Export_Output.shp", "OBJECTID": 181691.0, "SHAPE_Leng": 300.09503823199998, "SHAPE_Area": 3331.7438332900001, "Town": "Allama Iqbal Town", "UC_N0": "UC_120", "Landuse": "R", "KA": null, "Name": null, "Plot_No": "177", "Block": "H" }, "geometry": { "type": "Polygon", "coordinates": [ [ [ 74.2640029407291, 31.439378501580144 ], [ 74.263895045402421, 31.439152269398125 ], [ 74.263803334933883, 31.439185388091506 ], [ 74.263898619882553, 31.439416794447659 ], [ 74.2640029407291, 31.439378501580144 ] ] ] } },
{ "type": "Feature", "properties": { "Id": null, "__source_file": "Export_Output.shp", "OBJECTID": 181691.0, "SHAPE_Leng": 300.09503823199998, "SHAPE_Area": 3331.7438332900001, "Town": "Allama Iqbal Town", "UC_N0": "UC_120", "Landuse": null, "KA": null, "Name": null, "Plot_No": null, "Block": null }, "geometry": { "type": "Polygon", "coordinates": [ [ [ 74.263895045402421, 31.439152269398125 ], [ 74.2640029407291, 31.439378501580144 ], [ 74.264716307324321, 31.439116644235295 ], [ 74.26461075597993, 31.438893856943729 ], [ 74.264586282008295, 31.438899183049575 ], [ 74.264519218529614, 31.438919013358326 ], [ 74.264455505212155, 31.438945759487378 ], [ 74.264429285151678, 31.438959341739121 ], [ 74.263895045402421, 31.439152269398125 ] ] ] } },
{ "type": "Feature", "properties": { "Id": null, "__source_file": "Export_Output.shp", "OBJECTID": 181691.0, "SHAPE_Leng": 300.09503823199998, "SHAPE_Area": 3331.7438332900001, "Town": "Allama Iqbal Town", "UC_N0": "UC_120", "Landuse": null, "KA": null, "Name": null, "Plot_No": null, "Block": null }, "geometry": { "type": "Polygon", "coordinates": [ [ [ 74.263574024771302, 31.439642837027925 ], [ 74.263562095690489, 31.439618932841945 ], [ 74.263514100138948, 31.439636931178782 ], [ 74.263459561496362, 31.439657383145128 ], [ 74.263386401183723, 31.439684818178417 ], [ 74.263466117676359, 31.439857108130479 ], [ 74.26364719794249, 31.439789465397673 ], [ 74.263574024771302, 31.439642837027925 ] ] ] } },
{ "type": "Feature", "properties": { "Id": null, "__source_file": "Export_Output.shp", "OBJECTID": 181653.0, "SHAPE_Leng": 128.86922574799999, "SHAPE_Area": 1025.85095996, "Town": "Allama Iqbal Town", "UC_N0": "UC_120", "Landuse": "V", "KA": null, "Name": null, "Plot_No": "25", "Block": "H" }, "geometry": { "type": "Polygon", "coordinates": [ [ [ 74.261501680290948, 31.442519029860062 ], [ 74.261222838416472, 31.442619315043142 ], [ 74.261276072169281, 31.44272522267573 ], [ 74.261551970060196, 31.442619729966367 ], [ 74.261501680290948, 31.442519029860062 ] ] ] } },
{ "type": "Feature", "properties": { "Id": null, "__source_file": "Export_Output.shp", "OBJECTID": 181653.0, "SHAPE_Leng": 128.86922574799999, "SHAPE_Area": 1025.85095996, "Town": "Allama Iqbal Town", "UC_N0": "UC_120", "Landuse": "V", "KA": null, "Name": null, "Plot_No": "27", "Block": "H" }, "geometry": { "type": "Polygon", "coordinates": [ [ [ 74.261404441719435, 31.442324318935274 ], [ 74.261404441719364, 31.442324318935107 ], [ 74.261127169321156, 31.44242898238501 ], [ 74.261176297632431, 31.442526722746472 ], [ 74.261444000611434, 31.442403531931436 ], [ 74.261404441719435, 31.442324318935274 ] ] ] } },
{ "type": "Feature", "properties": { "Id": null, "__source_file": "Export_Output.shp", "OBJECTID": 181663.0, "SHAPE_Leng": 93.178369470899995, "SHAPE_Area": 512.20484697400002, "Town": "Allama Iqbal Town", "UC_N0": "UC_120", "Landuse": "R", "KA": null, "Name": null, "Plot_No": "28", "Block": "H" }, "geometry": { "type": "Polygon", "coordinates": [ [ [ 74.261404441719364, 31.442324318935107 ], [ 74.261361996981023, 31.442239326947696 ], [ 74.26107557699028, 31.442326340615221 ], [ 74.261127169321156, 31.44242898238501 ], [ 74.261404441719435, 31.442324318935274 ], [ 74.261404441719364, 31.442324318935107 ] ] ] } },
{ "type": "Feature", "properties": { "Id": null, "__source_file": "Export_Output.shp", "OBJECTID": 181663.0, "SHAPE_Leng": 93.178369470899995, "SHAPE_Area": 512.20484697400002, "Town": "Allama Iqbal Town", "UC_N0": "UC_120", "Landuse": "R", "KA": null, "Name": null, "Plot_No": "29", "Block": "H" }, "geometry": { "type": "Polygon", "coordinates": [ [ [ 74.261340876552623, 31.442197035020339 ], [ 74.261331623820396, 31.442178507169363 ], [ 74.261327450914408, 31.442180023843285 ], [ 74.261306895712281, 31.442142866433151 ], [ 74.261294946152915, 31.44212126533245 ], [ 74.261292525223951, 31.442116889041721 ], [ 74.261025019988921, 31.442225757572768 ], [ 74.261027872698349, 31.442231433076781 ], [ 74.261032025718819, 31.442239695565938 ], [ 74.261052299103383, 31.442280029709472 ], [ 74.26107557699028, 31.442326340615221 ], [ 74.261361996981023, 31.442239326947696 ], [ 74.261340876552623, 31.442197035020339 ] ] ] } },
{ "type": "Feature", "properties": { "Id": null, "__source_file": "Export_Output.shp", "OBJECTID": 192812.0, "SHAPE_Leng": 635.07025675, "SHAPE_Area": 7384.2259903699996, "Town": "Allama Iqbal Town", "UC_N0": "UC_120", "Landuse": "R", "KA": null, "Name": null, "Plot_No": "31", "Block": "H" }, "geometry": { "type": "Polygon", "coordinates": [ [ [ 74.261340876552623, 31.442197035020339 ], [ 74.261432124505035, 31.442164446540492 ], [ 74.261341698289243, 31.441967363846768 ], [ 74.261231966644459, 31.442007417716354 ], [ 74.261292525223951, 31.442116889041721 ], [ 74.261294946152915, 31.44212126533245 ], [ 74.261306895712281, 31.442142866433151 ], [ 74.261327450916113, 31.442180023847015 ], [ 74.261331623820396, 31.442178507169363 ], [ 74.261340876552623, 31.442197035020339 ] ] ] } },
{ "type": "Feature", "properties": { "Id": null, "__source_file": "Export_Output.shp", "OBJECTID": 192812.0, "SHAPE_Leng": 635.07025675, "SHAPE_Area": 7384.2259903699996, "Town": "Allama Iqbal Town", "UC_N0": "UC_120", "Landuse": "R", "KA": null, "Name": null, "Plot_No": "32", "Block": "H" }, "geometry": { "type": "Polygon", "coordinates": [ [ [ 74.261341698289243, 31.441967363846761 ], [ 74.261432124505035, 31.442164446540499 ], [ 74.261568661105329, 31.442115683415665 ], [ 74.261558532038819, 31.442096035530273 ], [ 74.261468362962731, 31.44192112898039 ], [ 74.261341698289243, 31.441967363846761 ] ] ] } },
{ "type": "Feature", "properties": { "Id": null, "__source_file": "Export_Output.shp", "OBJECTID": 181666.0, "SHAPE_Leng": 66.797561985100003, "SHAPE_Area": 262.77763643499998, "Town": "Allama Iqbal Town", "UC_N0": "UC_120", "Landuse": "R", "KA": null, "Name": null, "Plot_No": "33", "Block": "H" }, "geometry": { "type": "Polygon", "coordinates": [ [ [ 74.261684003412554, 31.442045436228245 ], [ 74.261608764961252, 31.441869879860963 ], [ 74.261515516356084, 31.441903917473283 ], [ 74.261603882342015, 31.442074728318953 ], [ 74.261684003412554, 31.442045436228245 ] ] ] } },
{ "type": "Feature", "properties": { "Id": null, "__source_file": "Export_Output.shp", "OBJECTID": 181666.0, "SHAPE_Leng": 66.797561985100003, "SHAPE_Area": 262.77763643499998, "Town": "Allama Iqbal Town", "UC_N0": "UC_120", "Landuse": "V", "KA": null, "Name": null, "Plot_No": "35", "Block": "H" }, "geometry": { "type": "Polygon", "coordinates": [ [ [ 74.26188719139094, 31.441971150107015 ], [ 74.261835529877217, 31.441787105912944 ], [ 74.261749790810796, 31.441818402334025 ], [ 74.261741924203122, 31.441821273825177 ], [ 74.261813301156607, 31.441998164595056 ], [ 74.261835529309252, 31.441990037856137 ], [ 74.26188719139094, 31.441971150107015 ] ] ] } },
{ "type": "Feature", "properties": { "Id": null, "__source_file": "Export_Output.shp", "OBJECTID": 181666.0, "SHAPE_Leng": 66.797561985100003, "SHAPE_Area": 262.77763643499998, "Town": "Allama Iqbal Town", "UC_N0": "UC_120", "Landuse": "V", "KA": null, "Name": null, "Plot_No": "36", "Block": "H" }, "geometry": { "type": "Polygon", "coordinates": [ [ [ 74.261994623132864, 31.441931872778845 ], [ 74.261936084080091, 31.441750401579252 ], [ 74.26183860411706, 31.441785983754322 ], [ 74.261835529877217, 31.441787105912944 ], [ 74.26188719139094, 31.441971150107015 ], [ 74.261920638763812, 31.441958921672558 ], [ 74.261994623132864, 31.441931872778845 ] ] ] } },
{ "type": "Feature", "properties": { "Id": null, "__source_file": "Export_Output.shp", "OBJECTID": 181666.0, "SHAPE_Leng": 66.797561985100003, "SHAPE_Area": 262.77763643499998, "Town": "Allama Iqbal Town", "UC_N0": "UC_120", "Landuse": "R", "KA": null, "Name": null, "Plot_No": "37", "Block": "H" }, "geometry": { "type": "Polygon", "coordinates": [ [ [ 74.262090911086432, 31.441896669805516 ], [ 74.262016777837118, 31.441720946466873 ], [ 74.261962580997334, 31.441740729646298 ], [ 74.261936084080091, 31.441750401579252 ], [ 74.261994623132864, 31.441931872778845 ], [ 74.262045952563739, 31.441913106559774 ], [ 74.262090911086432, 31.441896669805516 ] ] ] } },
{ "type": "Feature", "properties": { "Id": null, "__source_file": "Export_Output.shp", "OBJECTID": 181666.0, "SHAPE_Leng": 66.797561985100003, "SHAPE_Area": 262.77763643499998, "Town": "Allama Iqbal Town", "UC_N0": "UC_120", "Landuse": "C", "KA": null, "Name": null, "Plot_No": "38", "Block": "H" }, "geometry": { "type": "Polygon", "coordinates": [ [ [ 74.262192134259365, 31.441859662411616 ], [ 74.262115959613737, 31.441684742758131 ], [ 74.262054775655471, 31.441707076309864 ], [ 74.262016777837118, 31.441720946466873 ], [ 74.262090911086432, 31.441896669805516 ], [ 74.262140364034693, 31.441878589872324 ], [ 74.262192134259365, 31.441859662411616 ] ] ] } },
{ "type": "Feature", "properties": { "Id": null, "__source_file": "Export_Output.shp", "OBJECTID": 181666.0, "SHAPE_Leng": 66.797561985100003, "SHAPE_Area": 262.77763643499998, "Town": "Allama Iqbal Town", "UC_N0": "UC_120", "Landuse": "R", "KA": null, "Name": null, "Plot_No": "39", "Block": "H" }, "geometry": { "type": "Polygon", "coordinates": [ [ [ 74.262115959613737, 31.441684742758131 ], [ 74.262192134259365, 31.441859662411616 ], [ 74.26226233403257, 31.441833996967013 ], [ 74.262178019776144, 31.441662089330705 ], [ 74.262115959613737, 31.441684742758131 ] ] ] } },
{ "type": "Feature", "properties": { "Id": null, "__source_file": "Export_Output.shp", "OBJECTID": 181665.0, "SHAPE_Leng": 223.90946573400001, "SHAPE_Area": 1881.55799239, "Town": "Allama Iqbal Town", "UC_N0": "UC_120", "Landuse": "R", "KA": null, "Name": null, "Plot_No": "52", "Block": null }, "geometry": { "type": "Polygon", "coordinates": [ [ [ 74.263709301571296, 31.441304965795087 ], [ 74.263622321372139, 31.441134871151576 ], [ 74.263458133804093, 31.441194806114979 ], [ 74.263539148232653, 31.44136717730392 ], [ 74.263709301571296, 31.441304965795087 ] ] ] } },
{ "type": "Feature", "properties": { "Id": null, "__source_file": "Export_Output.shp", "OBJECTID": 181674.0, "SHAPE_Leng": 395.18397876300003, "SHAPE_Area": 6420.3466738899997, "Town": "Allama Iqbal Town", "UC_N0": "UC_120", "Landuse": "V", "KA": null, "Name": null, "Plot_No": "69", "Block": "H" }, "geometry": { "type": "Polygon", "coordinates": [ [ [ 74.261096773921935, 31.441988745053276 ], [ 74.260981956975996, 31.441766852276015 ], [ 74.260822833155444, 31.441823504118258 ], [ 74.260935731991353, 31.442048118558851 ], [ 74.261096773921935, 31.441988745053276 ] ] ] } },
{ "type": "Feature", "properties": { "Id": null, "__source_file": "Export_Output.shp", "OBJECTID": 181674.0, "SHAPE_Leng": 395.18397876300003, "SHAPE_Area": 6420.3466738899997, "Town": "Allama Iqbal Town", "UC_N0": "UC_120", "Landuse": "V", "KA": null, "Name": null, "Plot_No": "68", "Block": "H" }, "geometry": { "type": "Polygon", "coordinates": [ [ [ 74.262094468032174, 31.441620903589197 ], [ 74.261991573799136, 31.44140739857011 ], [ 74.261857142877034, 31.44145526061126 ], [ 74.261958318488979, 31.441671101414979 ], [ 74.262094468032174, 31.441620903589197 ] ] ] } },
{ "type": "Feature", "properties": { "Id": null, "__source_file": "Export_Output.shp", "OBJECTID": 181674.0, "SHAPE_Leng": 395.18397876300003, "SHAPE_Area": 6420.3466738899997, "Town": "Allama Iqbal Town", "UC_N0": "UC_120", "Landuse": "V", "KA": null, "Name": null, "Plot_No": "67", "Block": "H" }, "geometry": { "type": "Polygon", "coordinates": [ [ [ 74.261798676528898, 31.441729960551992 ], [ 74.261697602906537, 31.44151206209067 ], [ 74.261564662787023, 31.441559392942025 ], [ 74.261663390595359, 31.441779839537048 ], [ 74.261669349187841, 31.44177764264947 ], [ 74.261798676528898, 31.441729960551992 ] ] ] } },
{ "type": "Feature", "properties": { "Id": null, "__source_file": "Export_Output.shp", "OBJECTID": 181674.0, "SHAPE_Leng": 395.18397876300003, "SHAPE_Area": 6420.3466738899997, "Town": "Allama Iqbal Town", "UC_N0": "UC_120", "Landuse": "V", "KA": null, "Name": null, "Plot_No": "66", "Block": "H" }, "geometry": { "type": "Polygon", "coordinates": [ [ [ 74.261372265311678, 31.441887174618351 ], [ 74.261268429746394, 31.441664860520927 ], [ 74.261129550698811, 31.441714305181474 ], [ 74.26124316578337, 31.441934771952621 ], [ 74.26127092624094, 31.441924536927932 ], [ 74.261372265311678, 31.441887174618351 ] ] ] } },
{ "type": "Feature", "properties": { "Id": null, "__source_file": "Export_Output.shp", "OBJECTID": 181674.0, "SHAPE_Leng": 395.18397876300003, "SHAPE_Area": 6420.3466738899997, "Town": "Allama Iqbal Town", "UC_N0": "UC_120", "Landuse": "R", "KA": null, "Name": null, "Plot_No": "63", "Block": "H" }, "geometry": { "type": "Polygon", "coordinates": [ [ [ 74.26124316578337, 31.441934771952621 ], [ 74.261129550698811, 31.441714305181474 ], [ 74.260981956975996, 31.441766852276025 ], [ 74.261096773921935, 31.441988745053308 ], [ 74.261116306306675, 31.441981543765916 ], [ 74.26124316578337, 31.441934771952621 ] ] ] } },
{ "type": "Feature", "properties": { "Id": null, "__source_file": "Export_Output.shp", "OBJECTID": 181674.0, "SHAPE_Leng": 395.18397876300003, "SHAPE_Area": 6420.3466738899997, "Town": "Allama Iqbal Town", "UC_N0": "UC_120", "Landuse": "V", "KA": null, "Name": null, "Plot_No": "62", "Block": "H" }, "geometry": { "type": "Polygon", "coordinates": [ [ [ 74.261958318488979, 31.441671101414979 ], [ 74.261857142877034, 31.44145526061126 ], [ 74.261697602906537, 31.44151206209067 ], [ 74.261798676528898, 31.441729960551992 ], [ 74.261804909029038, 31.441727662667677 ], [ 74.26194021103052, 31.441677777551913 ], [ 74.261958318488979, 31.441671101414979 ] ] ] } },
{ "type": "Feature", "properties": { "Id": null, "__source_file": "Export_Output.shp", "OBJECTID": 181674.0, "SHAPE_Leng": 395.18397876300003, "SHAPE_Area": 6420.3466738899997, "Town": "Allama Iqbal Town", "UC_N0": "UC_120", "Landuse": "V", "KA": null, "Name": null, "Plot_No": "61", "Block": "H" }, "geometry": { "type": "Polygon", "coordinates": [ [ [ 74.261991573799136, 31.44140739857011 ], [ 74.262094468032174, 31.441620903589197 ], [ 74.262095067930787, 31.441620682408367 ], [ 74.262246595059892, 31.441564814688338 ], [ 74.262318321163747, 31.441538369344812 ], [ 74.262214780297569, 31.441327928941739 ], [ 74.261991573799136, 31.44140739857011 ] ] ] } },
{ "type": "Feature", "properties": { "Id": null, "__source_file": "Export_Output.shp", "OBJECTID": 181674.0, "SHAPE_Leng": 395.18397876300003, "SHAPE_Area": 6420.3466738899997, "Town": "Allama Iqbal Town", "UC_N0": "UC_120", "Landuse": "V", "KA": null, "Name": null, "Plot_No": "70", "Block": "H" }, "geometry": { "type": "Polygon", "coordinates": [ [ [ 74.260981956975996, 31.441766852276 ], [ 74.260864451053067, 31.441539761668221 ], [ 74.26070915620798, 31.44159734117223 ], [ 74.260819255590405, 31.441816386463866 ], [ 74.260822833155444, 31.441823504118258 ], [ 74.260981956975996, 31.441766852276 ] ] ] } },
{ "type": "Feature", "properties": { "Id": null, "__source_file": "Export_Output.shp", "OBJECTID": 181711.0, "SHAPE_Leng": 68.801034737999998, "SHAPE_Area": 259.56308780199998, "Town": "Allama Iqbal Town", "UC_N0": "UC_120", "Landuse": "V", "KA": null, "Name": null, "Plot_No": "4", "Block": "H" }, "geometry": { "type": "Polygon", "coordinates": [ [ [ 74.263618360001587, 31.43918424911006 ], [ 74.263529147855522, 31.438966794507799 ], [ 74.263489167852995, 31.438980921642514 ], [ 74.26345804494558, 31.438991919136491 ], [ 74.263569341409806, 31.439201740291988 ], [ 74.263595205111656, 31.439192511480261 ], [ 74.263618360001587, 31.43918424911006 ] ] ] } },
{ "type": "Feature", "properties": { "Id": null, "__source_file": "Export_Output.shp", "OBJECTID": 181711.0, "SHAPE_Leng": 68.801034737999998, "SHAPE_Area": 259.56308780199998, "Town": "Allama Iqbal Town", "UC_N0": "UC_120", "Landuse": "V", "KA": null, "Name": null, "Plot_No": "1", "Block": "H" }, "geometry": { "type": "Polygon", "coordinates": [ [ [ 74.263856753342225, 31.439099182772377 ], [ 74.263763749622512, 31.438883896455202 ], [ 74.26364514194178, 31.438925807319631 ], [ 74.263731963327089, 31.439143711899952 ], [ 74.263856753342225, 31.439099182772377 ] ] ] } },
{ "type": "Feature", "properties": { "Id": null, "__source_file": "Export_Output.shp", "OBJECTID": 0.0, "SHAPE_Leng": 0.0, "SHAPE_Area": 0.0, "Town": null, "UC_N0": null, "Landuse": "V", "KA": null, "Name": null, "Plot_No": "16", "Block": "E" }, "geometry": { "type": "Polygon", "coordinates": [ [ [ 74.262035294281219, 31.437961845832223 ], [ 74.261989733675975, 31.437872210621688 ], [ 74.261784256349827, 31.437953096950128 ], [ 74.261832688835625, 31.438044703903241 ], [ 74.262035294281219, 31.437961845832223 ] ] ] } },
{ "type": "Feature", "properties": { "Id": null, "__source_file": "Export_Output.shp", "OBJECTID": 175337.0, "SHAPE_Leng": 336.92160991600002, "SHAPE_Area": 3071.5017865999998, "Town": "Allama Iqbal Town", "UC_N0": "UC_120", "Landuse": "V", "KA": null, "Name": null, "Plot_No": "13", "Block": "E" }, "geometry": { "type": "Polygon", "coordinates": [ [ [ 74.262127225247923, 31.438142704993957 ], [ 74.262127225247838, 31.438142704993773 ], [ 74.261921923289876, 31.43821566350141 ], [ 74.261970742434741, 31.438310147303447 ], [ 74.262169603081915, 31.438226076208601 ], [ 74.262127225247923, 31.438142704993957 ] ] ] } },
{ "type": "Feature", "properties": { "Id": null, "__source_file": "Export_Output.shp", "OBJECTID": 175349.0, "SHAPE_Leng": 150.79564573100001, "SHAPE_Area": 1170.7639496700001, "Town": "Allama Iqbal Town", "UC_N0": "UC_120", "Landuse": "V", "KA": null, "Name": null, "Plot_No": "14", "Block": "E" }, "geometry": { "type": "Polygon", "coordinates": [ [ [ 74.262127225247838, 31.438142704993773 ], [ 74.262080179416074, 31.438050150097364 ], [ 74.261876879325911, 31.438128485943171 ], [ 74.261921923289876, 31.43821566350141 ], [ 74.262127225247923, 31.438142704993957 ], [ 74.262127225247838, 31.438142704993773 ] ] ] } },
{ "type": "Feature", "properties": { "Id": null, "__source_file": "Export_Output.shp", "OBJECTID": 0.0, "SHAPE_Leng": 0.0, "SHAPE_Area": 0.0, "Town": null, "UC_N0": null, "Landuse": null, "KA": null, "Name": null, "Plot_No": null, "Block": "H" }, "geometry": { "type": "Polygon", "coordinates": [ [ [ 74.262358089566519, 31.441798022480512 ], [ 74.262275348569105, 31.441626561705888 ], [ 74.262178019776144, 31.441662089330705 ], [ 74.26226233403257, 31.441833996966857 ], [ 74.262358089566519, 31.441798022480512 ] ] ] } },
{ "type": "Feature", "properties": { "Id": null, "__source_file": "Export_Output.shp", "OBJECTID": 181674.0, "SHAPE_Leng": 395.18397876300003, "SHAPE_Area": 6420.3466738899997, "Town": "Allama Iqbal Town", "UC_N0": "UC_120", "Landuse": "V", "KA": null, "Name": null, "Plot_No": "65", "Block": "H" }, "geometry": { "type": "Polygon", "coordinates": [ [ [ 74.261663390595359, 31.441779839537048 ], [ 74.261564662787023, 31.441559392942025 ], [ 74.261416473896148, 31.441612152613654 ], [ 74.261521713039016, 31.441832074857608 ], [ 74.261523017064036, 31.441831594075552 ], [ 74.261663390595359, 31.441779839537048 ] ] ] } },
{ "type": "Feature", "properties": { "Id": null, "__source_file": "Export_Output.shp", "OBJECTID": 181674.0, "SHAPE_Leng": 395.18397876300003, "SHAPE_Area": 6420.3466738899997, "Town": "Allama Iqbal Town", "UC_N0": "UC_120", "Landuse": "V", "KA": null, "Name": null, "Plot_No": "64", "Block": "H" }, "geometry": { "type": "Polygon", "coordinates": [ [ [ 74.261521713039016, 31.441832074857608 ], [ 74.261416473896148, 31.441612152613654 ], [ 74.261268429746394, 31.441664860520927 ], [ 74.261372265311678, 31.441887174618351 ], [ 74.261420558220124, 31.441869369653958 ], [ 74.261521713039016, 31.441832074857608 ] ] ] } },
{ "type": "Feature", "properties": { "Id": null, "__source_file": "Export_Output.shp", "OBJECTID": 175349.0, "SHAPE_Leng": 150.79564573100001, "SHAPE_Area": 1170.7639496700001, "Town": "Allama Iqbal Town", "UC_N0": "UC_120", "Landuse": "V", "KA": null, "Name": null, "Plot_No": "15", "Block": "E" }, "geometry": { "type": "Polygon", "coordinates": [ [ [ 74.262080179416074, 31.438050150097364 ], [ 74.262035294281219, 31.437961845832202 ], [ 74.261832688835625, 31.43804470390323 ], [ 74.261872329350822, 31.438119679965176 ], [ 74.261876879325911, 31.438128485943189 ], [ 74.262080179416074, 31.438050150097364 ] ] ] } },
{ "type": "Feature", "properties": { "Id": null, "__source_file": "Export_Output.shp", "OBJECTID": 175349.0, "SHAPE_Leng": 150.79564573100001, "SHAPE_Area": 1170.7639496700001, "Town": "Allama Iqbal Town", "UC_N0": "UC_120", "Landuse": "R", "KA": null, "Name": null, "Plot_No": "17", "Block": "E" }, "geometry": { "type": "Polygon", "coordinates": [ [ [ 74.261989733675975, 31.437872210621691 ], [ 74.261942805246605, 31.43777988617353 ], [ 74.261737132892293, 31.437863965941336 ], [ 74.261784256349827, 31.437953096950128 ], [ 74.261989733675975, 31.437872210621691 ] ] ] } },
{ "type": "Feature", "properties": { "Id": null, "__source_file": "Export_Output.shp", "OBJECTID": 175349.0, "SHAPE_Leng": 150.79564573100001, "SHAPE_Area": 1170.7639496700001, "Town": "Allama Iqbal Town", "UC_N0": "UC_120", "Landuse": "R", "KA": null, "Name": null, "Plot_No": "18", "Block": "E" }, "geometry": { "type": "Polygon", "coordinates": [ [ [ 74.261942805246605, 31.43777988617353 ], [ 74.261900187625514, 31.437696042407037 ], [ 74.261693814200328, 31.437782031241756 ], [ 74.261737132892293, 31.437863965941336 ], [ 74.261942805246605, 31.43777988617353 ] ] ] } },
{ "type": "Feature", "properties": { "Id": null, "__source_file": "Export_Output.shp", "OBJECTID": 175349.0, "SHAPE_Leng": 150.79564573100001, "SHAPE_Area": 1170.7639496700001, "Town": "Allama Iqbal Town", "UC_N0": "UC_120", "Landuse": "V", "KA": null, "Name": null, "Plot_No": "19", "Block": "E" }, "geometry": { "type": "Polygon", "coordinates": [ [ [ 74.261900187625514, 31.437696042407037 ], [ 74.261857904422754, 31.437612856399241 ], [ 74.261643485375089, 31.437686837102579 ], [ 74.261693814200328, 31.437782031241756 ], [ 74.261900187625514, 31.437696042407037 ] ] ] } },
{ "type": "Feature", "properties": { "Id": null, "__source_file": "Export_Output.shp", "OBJECTID": 175349.0, "SHAPE_Leng": 150.79564573100001, "SHAPE_Area": 1170.7639496700001, "Town": "Allama Iqbal Town", "UC_N0": "UC_120", "Landuse": "R", "KA": null, "Name": null, "Plot_No": "20", "Block": "E" }, "geometry": { "type": "Polygon", "coordinates": [ [ [ 74.261857904422754, 31.437612856399241 ], [ 74.261812490180915, 31.437523510354367 ], [ 74.261599124022808, 31.437602929929177 ], [ 74.261643485375089, 31.437686837102579 ], [ 74.261857904422754, 31.437612856399241 ] ] ] } },
{ "type": "Feature", "properties": { "Id": null, "__source_file": "Export_Output.shp", "OBJECTID": 175349.0, "SHAPE_Leng": 150.79564573100001, "SHAPE_Area": 1170.7639496700001, "Town": "Allama Iqbal Town", "UC_N0": "UC_120", "Landuse": "V", "KA": null, "Name": null, "Plot_No": "21", "Block": "E" }, "geometry": { "type": "Polygon", "coordinates": [ [ [ 74.261812490180915, 31.43752351035436 ], [ 74.261766077078008, 31.437432199004046 ], [ 74.261550362587002, 31.437510700040935 ], [ 74.261599124022808, 31.437602929929177 ], [ 74.261812490180915, 31.43752351035436 ] ] ] } },
{ "type": "Feature", "properties": { "Id": null, "__source_file": "Export_Output.shp", "OBJECTID": 175344.0, "SHAPE_Leng": 131.85750940299999, "SHAPE_Area": 991.13208622599996, "Town": "Allama Iqbal Town", "UC_N0": "UC_120", "Landuse": "R", "KA": null, "Name": null, "Plot_No": "26", "Block": "E" }, "geometry": { "type": "Polygon", "coordinates": [ [ [ 74.261542895164297, 31.436993118117446 ], [ 74.261331343726653, 31.437096433843177 ], [ 74.26136807550256, 31.43716591079486 ], [ 74.261588950208576, 31.437083726230583 ], [ 74.261542895164297, 31.436993118117446 ] ] ] } },
{ "type": "Feature", "properties": { "Id": null, "__source_file": "Export_Output.shp", "OBJECTID": 0.0, "SHAPE_Leng": 0.0, "SHAPE_Area": 0.0, "Town": null, "UC_N0": null, "Landuse": "R", "KA": null, "Name": null, "Plot_No": "25", "Block": "E" }, "geometry": { "type": "Polygon", "coordinates": [ [ [ 74.261631899640079, 31.437168223695124 ], [ 74.261588950208576, 31.437083726230583 ], [ 74.26136807550256, 31.43716591079486 ], [ 74.261415143192394, 31.437246392810771 ], [ 74.261631899640079, 31.437168223695124 ] ] ] } },
{ "type": "Feature", "properties": { "Id": null, "__source_file": "Export_Output.shp", "OBJECTID": 175344.0, "SHAPE_Leng": 131.85750940299999, "SHAPE_Area": 991.13208622599996, "Town": "Allama Iqbal Town", "UC_N0": "UC_120", "Landuse": "V", "KA": null, "Name": null, "Plot_No": "29", "Block": "E" }, "geometry": { "type": "Polygon", "coordinates": [ [ [ 74.261456214041232, 31.436822582259833 ], [ 74.261409130292165, 31.436729949730157 ], [ 74.261182589867204, 31.436815069649057 ], [ 74.26122471014537, 31.436894739284071 ], [ 74.261456214041232, 31.436822582259833 ] ] ] } },
{ "type": "Feature", "properties": { "Id": null, "__source_file": "Export_Output.shp", "OBJECTID": 175344.0, "SHAPE_Leng": 131.85750940299999, "SHAPE_Area": 991.13208622599996, "Town": "Allama Iqbal Town", "UC_N0": "UC_120", "Landuse": "R", "KA": null, "Name": null, "Plot_No": "28", "Block": "E" }, "geometry": { "type": "Polygon", "coordinates": [ [ [ 74.261496059401608, 31.436900973836053 ], [ 74.261456214041232, 31.436822582259833 ], [ 74.26122471014537, 31.436894739284071 ], [ 74.26127612149601, 31.436991982592073 ], [ 74.261496059401608, 31.436900973836053 ] ] ] } },
{ "type": "Feature", "properties": { "Id": null, "__source_file": "Export_Output.shp", "OBJECTID": 181702.0, "SHAPE_Leng": 114.331825774, "SHAPE_Area": 801.61814202699998, "Town": "Allama Iqbal Town", "UC_N0": "UC_120", "Landuse": "R", "KA": null, "Name": null, "Plot_No": "1", "Block": "H" }, "geometry": { "type": "Polygon", "coordinates": [ [ [ 74.261327445968973, 31.439759815104345 ], [ 74.261419261656101, 31.439968421787341 ], [ 74.26151682402508, 31.439933657004566 ], [ 74.261417939509073, 31.439727103274798 ], [ 74.261327445968973, 31.439759815104345 ] ] ] } },
{ "type": "Feature", "properties": { "Id": null, "__source_file": "Export_Output.shp", "OBJECTID": 181702.0, "SHAPE_Leng": 114.331825774, "SHAPE_Area": 801.61814202699998, "Town": "Allama Iqbal Town", "UC_N0": "UC_120", "Landuse": "R", "KA": null, "Name": null, "Plot_No": "2", "Block": "H" }, "geometry": { "type": "Polygon", "coordinates": [ [ [ 74.261419261656101, 31.439968421787341 ], [ 74.261327445968973, 31.439759815104345 ], [ 74.26122744297183, 31.439795964335307 ], [ 74.26131298834018, 31.440006290518699 ], [ 74.261419261656101, 31.439968421787341 ] ] ] } },
{ "type": "Feature", "properties": { "Id": null, "__source_file": "Export_Output.shp", "OBJECTID": 190856.0, "SHAPE_Leng": 334.94590507599997, "SHAPE_Area": 3623.65516746, "Town": "Allama Iqbal Town", "UC_N0": "UC_120", "Landuse": "C", "KA": null, "Name": null, "Plot_No": "23", "Block": "H" }, "geometry": { "type": "Polygon", "coordinates": [ [ [ 74.260784341988909, 31.439956134735382 ], [ 74.260691873223138, 31.439741889895647 ], [ 74.260617811981618, 31.439768946728655 ], [ 74.260723748705118, 31.439978037678802 ], [ 74.260724561685009, 31.439977743804423 ], [ 74.260784341988909, 31.439956134735382 ] ] ] } },
{ "type": "Feature", "properties": { "Id": null, "__source_file": "Export_Output.shp", "OBJECTID": 190856.0, "SHAPE_Leng": 334.94590507599997, "SHAPE_Area": 3623.65516746, "Town": "Allama Iqbal Town", "UC_N0": "UC_120", "Landuse": "V", "KA": null, "Name": null, "Plot_No": "19", "Block": "H" }, "geometry": { "type": "Polygon", "coordinates": [ [ [ 74.260478252856316, 31.440066778253733 ], [ 74.260376073102236, 31.439857262661423 ], [ 74.2603038860493, 31.439883635656372 ], [ 74.260390403181063, 31.440098533103999 ], [ 74.260438656864935, 31.440081091125847 ], [ 74.260478252856316, 31.440066778253733 ] ] ] } },
{ "type": "Feature", "properties": { "Id": null, "__source_file": "Export_Output.shp", "OBJECTID": 190856.0, "SHAPE_Leng": 334.94590507599997, "SHAPE_Area": 3623.65516746, "Town": "Allama Iqbal Town", "UC_N0": "UC_120", "Landuse": "R", "KA": null, "Name": null, "Plot_No": "17", "Block": "H" }, "geometry": { "type": "Polygon", "coordinates": [ [ [ 74.26031074577422, 31.440127326581443 ], [ 74.260223728554422, 31.439912919889796 ], [ 74.26015123558625, 31.439939403953986 ], [ 74.260240433167212, 31.440152742471167 ], [ 74.26031074577422, 31.440127326581443 ] ] ] } },
{ "type": "Feature", "properties": { "Id": null, "__source_file": "Export_Output.shp", "OBJECTID": 190856.0, "SHAPE_Leng": 334.94590507599997, "SHAPE_Area": 3623.65516746, "Town": "Allama Iqbal Town", "UC_N0": "UC_120", "Landuse": "V", "KA": null, "Name": null, "Plot_No": "18", "Block": "H" }, "geometry": { "type": "Polygon", "coordinates": [ [ [ 74.260390403181063, 31.440098533103999 ], [ 74.2603038860493, 31.439883635656372 ], [ 74.260223728554422, 31.439912919889796 ], [ 74.26031074577422, 31.440127326581443 ], [ 74.260343141602789, 31.440115616447368 ], [ 74.260390403181063, 31.440098533103999 ] ] ] } },
{ "type": "Feature", "properties": { "Id": null, "__source_file": "Export_Output.shp", "OBJECTID": 190856.0, "SHAPE_Leng": 334.94590507599997, "SHAPE_Area": 3623.65516746, "Town": "Allama Iqbal Town", "UC_N0": "UC_120", "Landuse": "V", "KA": null, "Name": null, "Plot_No": "21", "Block": "H" }, "geometry": { "type": "Polygon", "coordinates": [ [ [ 74.260630755953983, 31.44001165246528 ], [ 74.260525558606844, 31.439802650271435 ], [ 74.260458863656737, 31.439827016338917 ], [ 74.260550129869387, 31.440040796632211 ], [ 74.260630755953983, 31.44001165246528 ] ] ] } },
{ "type": "Feature", "properties": { "Id": null, "__source_file": "Export_Output.shp", "OBJECTID": 190856.0, "SHAPE_Leng": 334.94590507599997, "SHAPE_Area": 3623.65516746, "Town": "Allama Iqbal Town", "UC_N0": "UC_120", "Landuse": "V", "KA": null, "Name": null, "Plot_No": "22", "Block": "H" }, "geometry": { "type": "Polygon", "coordinates": [ [ [ 74.260723748705118, 31.439978037678802 ], [ 74.260617811981618, 31.439768946728655 ], [ 74.260525558606844, 31.439802650271435 ], [ 74.260630755953983, 31.44001165246528 ], [ 74.260631000000643, 31.440011564248845 ], [ 74.260723748705118, 31.439978037678802 ] ] ] } },
{ "type": "Feature", "properties": { "Id": null, "__source_file": "Export_Output.shp", "OBJECTID": 190856.0, "SHAPE_Leng": 334.94590507599997, "SHAPE_Area": 3623.65516746, "Town": "Allama Iqbal Town", "UC_N0": "UC_120", "Landuse": "V", "KA": null, "Name": null, "Plot_No": "25", "Block": "H" }, "geometry": { "type": "Polygon", "coordinates": [ [ [ 74.260962145577608, 31.439891863657632 ], [ 74.260861713495245, 31.439679840587189 ], [ 74.260810752588554, 31.439698458636386 ], [ 74.260876559555129, 31.439922800561941 ], [ 74.260920153695537, 31.439907042492692 ], [ 74.260962145577608, 31.439891863657632 ] ] ] } },
{ "type": "Feature", "properties": { "Id": null, "__source_file": "Export_Output.shp", "OBJECTID": 190856.0, "SHAPE_Leng": 334.94590507599997, "SHAPE_Area": 3623.65516746, "Town": "Allama Iqbal Town", "UC_N0": "UC_120", "Landuse": "V", "KA": null, "Name": null, "Plot_No": "26", "Block": "H" }, "geometry": { "type": "Polygon", "coordinates": [ [ [ 74.261021327221926, 31.439870471108446 ], [ 74.260955174114983, 31.439645695627455 ], [ 74.260861713495245, 31.439679840587189 ], [ 74.260962145577608, 31.439891863657632 ], [ 74.261010786690846, 31.439874281296813 ], [ 74.261021327221926, 31.439870471108446 ] ] ] } },
{ "type": "Feature", "properties": { "Id": null, "__source_file": "Export_Output.shp", "OBJECTID": 190856.0, "SHAPE_Leng": 334.94590507599997, "SHAPE_Area": 3623.65516746, "Town": "Allama Iqbal Town", "UC_N0": "UC_120", "Landuse": "V", "KA": null, "Name": null, "Plot_No": "27", "Block": "H" }, "geometry": { "type": "Polygon", "coordinates": [ [ [ 74.26110389432408, 31.439840624735378 ], [ 74.261009768581332, 31.439625750008517 ], [ 74.260955174114983, 31.439645695627455 ], [ 74.261021327221926, 31.439870471108446 ], [ 74.261101754162326, 31.439841398360205 ], [ 74.26110389432408, 31.439840624735378 ] ] ] } },
{ "type": "Feature", "properties": { "Id": null, "__source_file": "Export_Output.shp", "OBJECTID": 181711.0, "SHAPE_Leng": 68.801034737999998, "SHAPE_Area": 259.56308780199998, "Town": "Allama Iqbal Town", "UC_N0": "UC_120", "Landuse": "V", "KA": null, "Name": null, "Plot_No": "19", "Block": "H" }, "geometry": { "type": "Polygon", "coordinates": [ [ [ 74.262780081487094, 31.439483368010844 ], [ 74.262687378434094, 31.43929054566992 ], [ 74.262630956353746, 31.439309205764044 ], [ 74.262717816576313, 31.439505585416896 ], [ 74.262780081487094, 31.439483368010844 ] ] ] } },
{ "type": "Feature", "properties": { "Id": null, "__source_file": "Export_Output.shp", "OBJECTID": 181711.0, "SHAPE_Leng": 68.801034737999998, "SHAPE_Area": 259.56308780199998, "Town": "Allama Iqbal Town", "UC_N0": "UC_120", "Landuse": "V", "KA": null, "Name": null, "Plot_No": "16", "Block": "H" }, "geometry": { "type": "Polygon", "coordinates": [ [ [ 74.262942832056396, 31.439425295076134 ], [ 74.262856510431561, 31.439204472272955 ], [ 74.26278883299284, 31.439228385897188 ], [ 74.262900693027916, 31.439440331221899 ], [ 74.262942832056396, 31.439425295076134 ] ] ] } },
{ "type": "Feature", "properties": { "Id": null, "__source_file": "Export_Output.shp", "OBJECTID": 181711.0, "SHAPE_Leng": 68.801034737999998, "SHAPE_Area": 259.56308780199998, "Town": "Allama Iqbal Town", "UC_N0": "UC_120", "Landuse": "V", "KA": null, "Name": null, "Plot_No": "13", "Block": "H" }, "geometry": { "type": "Polygon", "coordinates": [ [ [ 74.263021499273606, 31.439146173747719 ], [ 74.262969654644337, 31.439164492989747 ], [ 74.263055632645219, 31.439385045216095 ], [ 74.263117623877065, 31.439362925252791 ], [ 74.263021499273606, 31.439146173747719 ] ] ] } },
{ "type": "Feature", "properties": { "Id": null, "__source_file": "Export_Output.shp", "OBJECTID": 181701.0, "SHAPE_Leng": 114.55300804300001, "SHAPE_Area": 799.45657248400005, "Town": "Allama Iqbal Town", "UC_N0": "UC_120", "Landuse": "V", "KA": null, "Name": null, "Plot_No": "14", "Block": "H" }, "geometry": { "type": "Polygon", "coordinates": [ [ [ 74.260233959651117, 31.440390777576919 ], [ 74.260145769433862, 31.4401869604763 ], [ 74.260022636400421, 31.440231469107758 ], [ 74.260122643910421, 31.440430441736698 ], [ 74.260233959651117, 31.440390777576919 ] ] ] } },
{ "type": "Feature", "properties": { "Id": null, "__source_file": "Export_Output.shp", "OBJECTID": 181701.0, "SHAPE_Leng": 114.55300804300001, "SHAPE_Area": 799.45657248400005, "Town": "Allama Iqbal Town", "UC_N0": "UC_120", "Landuse": "V", "KA": null, "Name": null, "Plot_No": "13", "Block": "H" }, "geometry": { "type": "Polygon", "coordinates": [ [ [ 74.260329233993815, 31.440356829203328 ], [ 74.260240012492829, 31.440152894532105 ], [ 74.260148555288694, 31.440185953477492 ], [ 74.260145769433862, 31.4401869604763 ], [ 74.260233959651117, 31.440390777576919 ], [ 74.260329233993815, 31.440356829203328 ] ] ] } },
{ "type": "Feature", "properties": { "Id": null, "__source_file": "Export_Output.shp", "OBJECTID": 190856.0, "SHAPE_Leng": 334.94590507599997, "SHAPE_Area": 3623.65516746, "Town": "Allama Iqbal Town", "UC_N0": "UC_120", "Landuse": "V", "KA": null, "Name": null, "Plot_No": "15", "Block": "H" }, "geometry": { "type": "Polygon", "coordinates": [ [ [ 74.260145769433862, 31.440186960476314 ], [ 74.260148555288694, 31.440185953477492 ], [ 74.26006787281807, 31.439969859043686 ], [ 74.259980116609213, 31.440001919117417 ], [ 74.259976668418162, 31.440005235631638 ], [ 74.259965392178714, 31.440018847341253 ], [ 74.259957043491525, 31.440033930349674 ], [ 74.259951876399072, 31.440050027794065 ], [ 74.259950049443106, 31.440066649779585 ], [ 74.259951614999821, 31.440083291362427 ], [ 74.259956528637062, 31.440099447039074 ], [ 74.259958750398866, 31.440104360765677 ], [ 74.260022636400421, 31.440231469107758 ], [ 74.260145769433862, 31.440186960476314 ] ] ] } },
{ "type": "Feature", "properties": { "Id": null, "__source_file": "Export_Output.shp", "OBJECTID": 190856.0, "SHAPE_Leng": 334.94590507599997, "SHAPE_Area": 3623.65516746, "Town": "Allama Iqbal Town", "UC_N0": "UC_120", "Landuse": "V", "KA": null, "Name": null, "Plot_No": "16", "Block": "H" }, "geometry": { "type": "Polygon", "coordinates": [ [ [ 74.260240012492829, 31.440152894532105 ], [ 74.260240433167212, 31.440152742471167 ], [ 74.26015123558625, 31.439939403953986 ], [ 74.26006787281807, 31.439969859043686 ], [ 74.260148555288694, 31.440185953477492 ], [ 74.260240012492829, 31.440152894532105 ] ] ] } },
{ "type": "Feature", "properties": { "Id": null, "__source_file": "Export_Output.shp", "OBJECTID": 190856.0, "SHAPE_Leng": 334.94590507599997, "SHAPE_Area": 3623.65516746, "Town": "Allama Iqbal Town", "UC_N0": "UC_120", "Landuse": "R", "KA": null, "Name": null, "Plot_No": "20", "Block": "H" }, "geometry": { "type": "Polygon", "coordinates": [ [ [ 74.260546851628362, 31.440041981626944 ], [ 74.260550129869387, 31.440040796632225 ], [ 74.260458863656737, 31.439827016338924 ], [ 74.260376073102236, 31.439857262661423 ], [ 74.260478252856316, 31.440066778253733 ], [ 74.260546851628362, 31.440041981626944 ] ] ] } },
{ "type": "Feature", "properties": { "Id": null, "__source_file": "Export_Output.shp", "OBJECTID": 190856.0, "SHAPE_Leng": 334.94590507599997, "SHAPE_Area": 3623.65516746, "Town": "Allama Iqbal Town", "UC_N0": "UC_120", "Landuse": "V", "KA": null, "Name": null, "Plot_No": "24", "Block": "H" }, "geometry": { "type": "Polygon", "coordinates": [ [ [ 74.260822349813097, 31.439942395847577 ], [ 74.260876559555129, 31.439922800561938 ], [ 74.260810752588554, 31.439698458636386 ], [ 74.260691873223138, 31.439741889895647 ], [ 74.260784341988909, 31.439956134735411 ], [ 74.260822349813097, 31.439942395847577 ] ] ] } },
{ "type": "Feature", "properties": { "Id": null, "__source_file": "Export_Output.shp", "OBJECTID": 0.0, "SHAPE_Leng": 0.0, "SHAPE_Area": 0.0, "Town": null, "UC_N0": null, "Landuse": "V", "KA": null, "Name": null, "Plot_No": "31", "Block": "E" }, "geometry": { "type": "Polygon", "coordinates": [ [ [ 74.261048192087301, 31.439515303530129 ], [ 74.26094953497261, 31.439299016778666 ], [ 74.260794732015199, 31.439338208423148 ], [ 74.260902316075232, 31.439544393459283 ], [ 74.261048192087301, 31.439515303530129 ] ] ] } },
{ "type": "Feature", "properties": { "Id": null, "__source_file": "Export_Output.shp", "OBJECTID": 0.0, "SHAPE_Leng": 0.0, "SHAPE_Area": 0.0, "Town": null, "UC_N0": null, "Landuse": "R", "KA": null, "Name": null, "Plot_No": "30", "Block": "E" }, "geometry": { "type": "Polygon", "coordinates": [ [ [ 74.261190683438969, 31.439490952467583 ], [ 74.261076645138004, 31.439249172379998 ], [ 74.26094953497261, 31.439299016778666 ], [ 74.261048192087301, 31.439515303530129 ], [ 74.261190683438969, 31.439490952467583 ] ] ] } },
{ "type": "Feature", "properties": { "Id": null, "__source_file": "Export_Output.shp", "OBJECTID": 176000.0, "SHAPE_Leng": 652.68519170900004, "SHAPE_Area": 16198.48776, "Town": "Allama Iqbal Town", "UC_N0": "UC_120", "Landuse": "R", "KA": null, "Name": null, "Plot_No": "29", "Block": "E" }, "geometry": { "type": "Polygon", "coordinates": [ [ [ 74.261076645138004, 31.439249172379998 ], [ 74.261190683438969, 31.439490952467583 ], [ 74.261340246128142, 31.439434960129454 ], [ 74.261230609049989, 31.439195531194656 ], [ 74.261076645138004, 31.439249172379998 ] ] ] } },
{ "type": "Feature", "properties": { "Id": null, "__source_file": "Export_Output.shp", "OBJECTID": 176000.0, "SHAPE_Leng": 652.68519170900004, "SHAPE_Area": 16198.48776, "Town": "Allama Iqbal Town", "UC_N0": "UC_120", "Landuse": "V", "KA": null, "Name": null, "Plot_No": "28", "Block": "E" }, "geometry": { "type": "Polygon", "coordinates": [ [ [ 74.261230609049989, 31.439195531194656 ], [ 74.261340246128142, 31.439434960129454 ], [ 74.261479363479467, 31.439382878032752 ], [ 74.261372492071033, 31.439146098784381 ], [ 74.261230609049989, 31.439195531194656 ] ] ] } },
{ "type": "Feature", "properties": { "Id": null, "__source_file": "Export_Output.shp", "OBJECTID": 176000.0, "SHAPE_Leng": 652.68519170900004, "SHAPE_Area": 16198.48776, "Town": "Allama Iqbal Town", "UC_N0": "UC_120", "Landuse": "R", "KA": null, "Name": null, "Plot_No": "27", "Block": "E" }, "geometry": { "type": "Polygon", "coordinates": [ [ [ 74.261372492071033, 31.439146098784381 ], [ 74.261479363479467, 31.439382878032752 ], [ 74.261600900134709, 31.439337377541641 ], [ 74.261492448295314, 31.439104305562203 ], [ 74.261372492071033, 31.439146098784381 ] ] ] } },
{ "type": "Feature", "properties": { "Id": null, "__source_file": "Export_Output.shp", "OBJECTID": 176000.0, "SHAPE_Leng": 652.68519170900004, "SHAPE_Area": 16198.48776, "Town": "Allama Iqbal Town", "UC_N0": "UC_120", "Landuse": "R", "KA": null, "Name": null, "Plot_No": "26", "Block": "E" }, "geometry": { "type": "Polygon", "coordinates": [ [ [ 74.261492448295314, 31.439104305562203 ], [ 74.261600900134709, 31.439337377541641 ], [ 74.261729514967357, 31.439289226970892 ], [ 74.26162455742984, 31.439058278043799 ], [ 74.261492448295314, 31.439104305562203 ] ] ] } },
{ "type": "Feature", "properties": { "Id": null, "__source_file": "Export_Output.shp", "OBJECTID": 176000.0, "SHAPE_Leng": 652.68519170900004, "SHAPE_Area": 16198.48776, "Town": "Allama Iqbal Town", "UC_N0": "UC_120", "Landuse": "R", "KA": null, "Name": null, "Plot_No": "25", "Block": "E" }, "geometry": { "type": "Polygon", "coordinates": [ [ [ 74.261871763873373, 31.439235971892735 ], [ 74.261805983842379, 31.439108374270557 ], [ 74.261756465579978, 31.43901232036708 ], [ 74.26162455742984, 31.439058278043799 ], [ 74.261729514967357, 31.439289226970892 ], [ 74.261871763873373, 31.439235971892735 ] ] ] } },
{ "type": "Feature", "properties": { "Id": null, "__source_file": "Export_Output.shp", "OBJECTID": 176000.0, "SHAPE_Leng": 652.68519170900004, "SHAPE_Area": 16198.48776, "Town": "Allama Iqbal Town", "UC_N0": "UC_120", "Landuse": "V", "KA": null, "Name": null, "Plot_No": "24", "Block": "E" }, "geometry": { "type": "Polygon", "coordinates": [ [ [ 74.262194939303427, 31.438988014195676 ], [ 74.261805983842379, 31.439108374270557 ], [ 74.261871763873373, 31.439235971892735 ], [ 74.262249204393072, 31.439094664822672 ], [ 74.262194939303427, 31.438988014195676 ] ] ] } },
{ "type": "Feature", "properties": { "Id": null, "__source_file": "Export_Output.shp", "OBJECTID": 176000.0, "SHAPE_Leng": 652.68519170900004, "SHAPE_Area": 16198.48776, "Town": "Allama Iqbal Town", "UC_N0": "UC_120", "Landuse": "R", "KA": null, "Name": null, "Plot_No": "23", "Block": "E" }, "geometry": { "type": "Polygon", "coordinates": [ [ [ 74.262194939303427, 31.438988014195676 ], [ 74.262139418770417, 31.438878895896753 ], [ 74.261756465579978, 31.43901232036708 ], [ 74.261805983842379, 31.439108374270557 ], [ 74.262194939303427, 31.438988014195676 ] ] ] } },
{ "type": "Feature", "properties": { "Id": null, "__source_file": "Export_Output.shp", "OBJECTID": 176000.0, "SHAPE_Leng": 652.68519170900004, "SHAPE_Area": 16198.48776, "Town": "Allama Iqbal Town", "UC_N0": "UC_120", "Landuse": "C", "KA": null, "Name": null, "Plot_No": "56", "Block": "E" }, "geometry": { "type": "Polygon", "coordinates": [ [ [ 74.262073329501462, 31.438749005783198 ], [ 74.261694242447945, 31.438891621673346 ], [ 74.261756465579978, 31.43901232036708 ], [ 74.262139418770417, 31.438878895896753 ], [ 74.262073329501462, 31.438749005783198 ] ] ] } },
{ "type": "Feature", "properties": { "Id": null, "__source_file": "Export_Output.shp", "OBJECTID": 176000.0, "SHAPE_Leng": 652.68519170900004, "SHAPE_Area": 16198.48776, "Town": "Allama Iqbal Town", "UC_N0": "UC_120", "Landuse": "R", "KA": null, "Name": null, "Plot_No": "55", "Block": "E" }, "geometry": { "type": "Polygon", "coordinates": [ [ [ 74.262073329501462, 31.438749005783183 ], [ 74.261996665940174, 31.438598332749439 ], [ 74.261615616379743, 31.43873910454403 ], [ 74.261694242447945, 31.438891621673346 ], [ 74.262073329501462, 31.438749005783183 ] ] ] } },
{ "type": "Feature", "properties": { "Id": null, "__source_file": "Export_Output.shp", "OBJECTID": 0.0, "SHAPE_Leng": 0.0, "SHAPE_Area": 0.0, "Town": null, "UC_N0": null, "Landuse": "R", "KA": null, "Name": null, "Plot_No": "48", "Block": "E" }, "geometry": { "type": "Polygon", "coordinates": [ [ [ 74.26094953497261, 31.439299016778666 ], [ 74.260824316327032, 31.439052373991885 ], [ 74.260691072401059, 31.43913954459444 ], [ 74.260794732015199, 31.439338208423148 ], [ 74.26094953497261, 31.439299016778666 ] ] ] } },
{ "type": "Feature", "properties": { "Id": null, "__source_file": "Export_Output.shp", "OBJECTID": 176000.0, "SHAPE_Leng": 652.68519170900004, "SHAPE_Area": 16198.48776, "Town": "Allama Iqbal Town", "UC_N0": "UC_120", "Landuse": "V", "KA": null, "Name": null, "Plot_No": "53", "Block": "E" }, "geometry": { "type": "Polygon", "coordinates": [ [ [ 74.261365509133356, 31.438831501242035 ], [ 74.261492448295314, 31.439104305562203 ], [ 74.26162455742984, 31.439058278043799 ], [ 74.261499072591761, 31.438782159203004 ], [ 74.261365509133356, 31.438831501242035 ] ] ] } },
{ "type": "Feature", "properties": { "Id": null, "__source_file": "Export_Output.shp", "OBJECTID": 176000.0, "SHAPE_Leng": 652.68519170900004, "SHAPE_Area": 16198.48776, "Town": "Allama Iqbal Town", "UC_N0": "UC_120", "Landuse": "V", "KA": null, "Name": null, "Plot_No": "54", "Block": "E" }, "geometry": { "type": "Polygon", "coordinates": [ [ [ 74.261756465579978, 31.43901232036708 ], [ 74.261694242447945, 31.438891621673346 ], [ 74.261615616379743, 31.43873910454403 ], [ 74.261499072591761, 31.438782159203004 ], [ 74.26162455742984, 31.439058278043799 ], [ 74.261756465579978, 31.43901232036708 ] ] ] } },
{ "type": "Feature", "properties": { "Id": null, "__source_file": "Export_Output.shp", "OBJECTID": 176000.0, "SHAPE_Leng": 652.68519170900004, "SHAPE_Area": 16198.48776, "Town": "Allama Iqbal Town", "UC_N0": "UC_120", "Landuse": "V", "KA": null, "Name": null, "Plot_No": "52", "Block": "E" }, "geometry": { "type": "Polygon", "coordinates": [ [ [ 74.26124979256096, 31.438874249991603 ], [ 74.261372492071033, 31.439146098784381 ], [ 74.261492448295314, 31.439104305562203 ], [ 74.261365509133356, 31.438831501242035 ], [ 74.26124979256096, 31.438874249991603 ] ] ] } },
{ "type": "Feature", "properties": { "Id": null, "__source_file": "Export_Output.shp", "OBJECTID": 176000.0, "SHAPE_Leng": 652.68519170900004, "SHAPE_Area": 16198.48776, "Town": "Allama Iqbal Town", "UC_N0": "UC_120", "Landuse": "V", "KA": null, "Name": null, "Plot_No": "51", "Block": "E" }, "geometry": { "type": "Polygon", "coordinates": [ [ [ 74.261372492071033, 31.439146098784381 ], [ 74.26124979256096, 31.438874249991603 ], [ 74.26110755334652, 31.438926796705559 ], [ 74.261230609049989, 31.439195531194656 ], [ 74.261372492071033, 31.439146098784381 ] ] ] } },
{ "type": "Feature", "properties": { "Id": null, "__source_file": "Export_Output.shp", "OBJECTID": 176000.0, "SHAPE_Leng": 652.68519170900004, "SHAPE_Area": 16198.48776, "Town": "Allama Iqbal Town", "UC_N0": "UC_120", "Landuse": "V", "KA": null, "Name": null, "Plot_No": "50", "Block": "E" }, "geometry": { "type": "Polygon", "coordinates": [ [ [ 74.261230609049989, 31.439195531194656 ], [ 74.26110755334652, 31.438926796705559 ], [ 74.260951742614196, 31.438984356825991 ], [ 74.260970014612937, 31.439023096810356 ], [ 74.261076645138004, 31.439249172379998 ], [ 74.261230609049989, 31.439195531194656 ] ] ] } },
{ "type": "Feature", "properties": { "Id": null, "__source_file": "Export_Output.shp", "OBJECTID": 0.0, "SHAPE_Leng": 0.0, "SHAPE_Area": 0.0, "Town": null, "UC_N0": null, "Landuse": "V", "KA": null, "Name": null, "Plot_No": "49", "Block": "E" }, "geometry": { "type": "Polygon", "coordinates": [ [ [ 74.261076645138004, 31.439249172379998 ], [ 74.260970014612937, 31.439023096810356 ], [ 74.260824316327032, 31.439052373991885 ], [ 74.26094953497261, 31.439299016778666 ], [ 74.261076645138004, 31.439249172379998 ] ] ] } },
{ "type": "Feature", "properties": { "Id": null, "__source_file": "Export_Output.shp", "OBJECTID": 176000.0, "SHAPE_Leng": 652.68519170900004, "SHAPE_Area": 16198.48776, "Town": "Allama Iqbal Town", "UC_N0": "UC_120", "Landuse": "V", "KA": null, "Name": null, "Plot_No": "39", "Block": "E" }, "geometry": { "type": "Polygon", "coordinates": [ [ [ 74.259871382533973, 31.439984853495588 ], [ 74.259751822722222, 31.439722805356887 ], [ 74.259540548535128, 31.439799774111258 ], [ 74.259665153210548, 31.440055751392251 ], [ 74.259823957077572, 31.440002607608005 ], [ 74.259871382533973, 31.439984853495588 ] ] ] } },
{ "type": "Feature", "properties": { "Id": null, "__source_file": "Export_Output.shp", "OBJECTID": 176000.0, "SHAPE_Leng": 652.68519170900004, "SHAPE_Area": 16198.48776, "Town": "Allama Iqbal Town", "UC_N0": "UC_120", "Landuse": "V", "KA": null, "Name": null, "Plot_No": "38", "Block": "E" }, "geometry": { "type": "Polygon", "coordinates": [ [ [ 74.260019179261931, 31.439929524081503 ], [ 74.259886713000085, 31.439673663577388 ], [ 74.259751822722222, 31.439722805356887 ], [ 74.259871382533973, 31.439984853495588 ], [ 74.260019179261931, 31.439929524081503 ] ] ] } },
{ "type": "Feature", "properties": { "Id": null, "__source_file": "Export_Output.shp", "OBJECTID": 176000.0, "SHAPE_Leng": 652.68519170900004, "SHAPE_Area": 16198.48776, "Town": "Allama Iqbal Town", "UC_N0": "UC_120", "Landuse": "V", "KA": null, "Name": null, "Plot_No": "37", "Block": "E" }, "geometry": { "type": "Polygon", "coordinates": [ [ [ 74.26014894054272, 31.439880946282546 ], [ 74.260021971419661, 31.439624387484617 ], [ 74.259886713000085, 31.439673663577388 ], [ 74.260019179261931, 31.439929524081503 ], [ 74.26014894054272, 31.439880946282546 ] ] ] } },
{ "type": "Feature", "properties": { "Id": null, "__source_file": "Export_Output.shp", "OBJECTID": 176000.0, "SHAPE_Leng": 652.68519170900004, "SHAPE_Area": 16198.48776, "Town": "Allama Iqbal Town", "UC_N0": "UC_120", "Landuse": "V", "KA": null, "Name": null, "Plot_No": "36", "Block": "E" }, "geometry": { "type": "Polygon", "coordinates": [ [ [ 74.260262591043229, 31.439838400416669 ], [ 74.260145753783959, 31.43957929207005 ], [ 74.260021971419661, 31.439624387484617 ], [ 74.26014894054272, 31.439880946282546 ], [ 74.260262591043229, 31.439838400416669 ] ] ] } },
{ "type": "Feature", "properties": { "Id": null, "__source_file": "Export_Output.shp", "OBJECTID": 176000.0, "SHAPE_Leng": 652.68519170900004, "SHAPE_Area": 16198.48776, "Town": "Allama Iqbal Town", "UC_N0": "UC_120", "Landuse": "V", "KA": null, "Name": null, "Plot_No": "35", "Block": "E" }, "geometry": { "type": "Polygon", "coordinates": [ [ [ 74.260422202066835, 31.439778647404001 ], [ 74.260301883035382, 31.439522412058526 ], [ 74.260145753783959, 31.43957929207005 ], [ 74.260262591043229, 31.439838400416669 ], [ 74.260422202066835, 31.439778647404001 ] ] ] } },
{ "type": "Feature", "properties": { "Id": null, "__source_file": "Export_Output.shp", "OBJECTID": 176000.0, "SHAPE_Leng": 652.68519170900004, "SHAPE_Area": 16198.48776, "Town": "Allama Iqbal Town", "UC_N0": "UC_120", "Landuse": "V", "KA": null, "Name": null, "Plot_No": "34", "Block": "E" }, "geometry": { "type": "Polygon", "coordinates": [ [ [ 74.260548225501438, 31.439731468657214 ], [ 74.260428895525408, 31.43947613948685 ], [ 74.260301883035382, 31.439522412058526 ], [ 74.260422202066835, 31.439778647404001 ], [ 74.260548225501438, 31.439731468657214 ] ] ] } },
{ "type": "Feature", "properties": { "Id": null, "__source_file": "Export_Output.shp", "OBJECTID": 176000.0, "SHAPE_Leng": 652.68519170900004, "SHAPE_Area": 16198.48776, "Town": "Allama Iqbal Town", "UC_N0": "UC_120", "Landuse": "V", "KA": null, "Name": null, "Plot_No": "33", "Block": "E" }, "geometry": { "type": "Polygon", "coordinates": [ [ [ 74.260699627606328, 31.439674788915546 ], [ 74.260577759056247, 31.439421906030368 ], [ 74.260428895525408, 31.43947613948685 ], [ 74.260548225501438, 31.439731468657214 ], [ 74.260699627606328, 31.439674788915546 ] ] ] } },
{ "type": "Feature", "properties": { "Id": null, "__source_file": "Export_Output.shp", "OBJECTID": 176000.0, "SHAPE_Leng": 652.68519170900004, "SHAPE_Area": 16198.48776, "Town": "Allama Iqbal Town", "UC_N0": "UC_120", "Landuse": "V", "KA": null, "Name": null, "Plot_No": "32", "Block": "E" }, "geometry": { "type": "Polygon", "coordinates": [ [ [ 74.260577759056247, 31.439421906030368 ], [ 74.260699627606328, 31.439674788915546 ], [ 74.260808655491687, 31.439633972581081 ], [ 74.260704176832803, 31.439375849748412 ], [ 74.260577759056247, 31.439421906030368 ] ] ] } },
{ "type": "Feature", "properties": { "Id": null, "__source_file": "Export_Output.shp", "OBJECTID": 176000.0, "SHAPE_Leng": 652.68519170900004, "SHAPE_Area": 16198.48776, "Town": "Allama Iqbal Town", "UC_N0": "UC_120", "Landuse": "V", "KA": null, "Name": null, "Plot_No": "40", "Block": "E" }, "geometry": { "type": "Polygon", "coordinates": [ [ [ 74.259751822722222, 31.439722805356883 ], [ 74.259636572306675, 31.439470200983266 ], [ 74.259499225369225, 31.439520937979221 ], [ 74.259498093955756, 31.439521094742439 ], [ 74.259485877263685, 31.439523825540391 ], [ 74.259474398991173, 31.439528334382121 ], [ 74.259464007490962, 31.439534482534189 ], [ 74.259455020962108, 31.439542085075271 ], [ 74.259447709568903, 31.439550909890869 ], [ 74.259442296400834, 31.439560689407383 ], [ 74.259438946907338, 31.43957112594461 ], [ 74.259437761439585, 31.439581903401386 ], [ 74.259438266636124, 31.439589653737844 ], [ 74.259540548535128, 31.439799774111258 ], [ 74.259751822722222, 31.439722805356883 ] ] ] } },
{ "type": "Feature", "properties": { "Id": null, "__source_file": "Export_Output.shp", "OBJECTID": 176000.0, "SHAPE_Leng": 652.68519170900004, "SHAPE_Area": 16198.48776, "Town": "Allama Iqbal Town", "UC_N0": "UC_120", "Landuse": "V", "KA": null, "Name": null, "Plot_No": "41", "Block": "E" }, "geometry": { "type": "Polygon", "coordinates": [ [ [ 74.259886713000085, 31.439673663577388 ], [ 74.259758127507595, 31.439425297404178 ], [ 74.259636572306675, 31.439470200983273 ], [ 74.259751822722222, 31.439722805356887 ], [ 74.259886713000085, 31.439673663577388 ] ] ] } },
{ "type": "Feature", "properties": { "Id": null, "__source_file": "Export_Output.shp", "OBJECTID": 176000.0, "SHAPE_Leng": 652.68519170900004, "SHAPE_Area": 16198.48776, "Town": "Allama Iqbal Town", "UC_N0": "UC_120", "Landuse": "V", "KA": null, "Name": null, "Plot_No": "42", "Block": "E" }, "geometry": { "type": "Polygon", "coordinates": [ [ [ 74.260021971419661, 31.439624387484617 ], [ 74.259897892284357, 31.43937366684758 ], [ 74.259758127507595, 31.439425297404178 ], [ 74.259886713000085, 31.439673663577388 ], [ 74.260021971419661, 31.439624387484617 ] ] ] } },
{ "type": "Feature", "properties": { "Id": null, "__source_file": "Export_Output.shp", "OBJECTID": 176000.0, "SHAPE_Leng": 652.68519170900004, "SHAPE_Area": 16198.48776, "Town": "Allama Iqbal Town", "UC_N0": "UC_120", "Landuse": "V", "KA": null, "Name": null, "Plot_No": "43", "Block": "E" }, "geometry": { "type": "Polygon", "coordinates": [ [ [ 74.260145753783959, 31.43957929207005 ], [ 74.26003088103549, 31.439324538807899 ], [ 74.259897892284357, 31.43937366684758 ], [ 74.260021971419661, 31.439624387484617 ], [ 74.260145753783959, 31.43957929207005 ] ] ] } },
{ "type": "Feature", "properties": { "Id": null, "__source_file": "Export_Output.shp", "OBJECTID": 176000.0, "SHAPE_Leng": 652.68519170900004, "SHAPE_Area": 16198.48776, "Town": "Allama Iqbal Town", "UC_N0": "UC_120", "Landuse": "R", "KA": null, "Name": null, "Plot_No": "44", "Block": "E" }, "geometry": { "type": "Polygon", "coordinates": [ [ [ 74.260301883035382, 31.439522412058526 ], [ 74.260182644308713, 31.43926847584698 ], [ 74.26003088103549, 31.439324538807899 ], [ 74.260145753783959, 31.43957929207005 ], [ 74.260301883035382, 31.439522412058526 ] ] ] } },
{ "type": "Feature", "properties": { "Id": null, "__source_file": "Export_Output.shp", "OBJECTID": 176000.0, "SHAPE_Leng": 652.68519170900004, "SHAPE_Area": 16198.48776, "Town": "Allama Iqbal Town", "UC_N0": "UC_120", "Landuse": "V", "KA": null, "Name": null, "Plot_No": "45", "Block": "E" }, "geometry": { "type": "Polygon", "coordinates": [ [ [ 74.260428895525408, 31.43947613948685 ], [ 74.260309876532048, 31.439221474184109 ], [ 74.260182644308713, 31.43926847584698 ], [ 74.260301883035382, 31.439522412058526 ], [ 74.260428895525408, 31.43947613948685 ] ] ] } },
{ "type": "Feature", "properties": { "Id": null, "__source_file": "Export_Output.shp", "OBJECTID": 176000.0, "SHAPE_Leng": 652.68519170900004, "SHAPE_Area": 16198.48776, "Town": "Allama Iqbal Town", "UC_N0": "UC_120", "Landuse": "V", "KA": null, "Name": null, "Plot_No": "46", "Block": "E" }, "geometry": { "type": "Polygon", "coordinates": [ [ [ 74.260577759056247, 31.439421906030368 ], [ 74.260455282090362, 31.43916775918041 ], [ 74.260309876532048, 31.439221474184109 ], [ 74.260428895525408, 31.43947613948685 ], [ 74.260577759056247, 31.439421906030368 ] ] ] } },
{ "type": "Feature", "properties": { "Id": null, "__source_file": "Export_Output.shp", "OBJECTID": 176000.0, "SHAPE_Leng": 652.68519170900004, "SHAPE_Area": 16198.48776, "Town": "Allama Iqbal Town", "UC_N0": "UC_120", "Landuse": "V", "KA": null, "Name": null, "Plot_No": "47", "Block": "E" }, "geometry": { "type": "Polygon", "coordinates": [ [ [ 74.260455282090362, 31.43916775918041 ], [ 74.260577759056247, 31.439421906030368 ], [ 74.260704176832803, 31.439375849748412 ], [ 74.260598530521904, 31.439114840644606 ], [ 74.260455282090362, 31.43916775918041 ] ] ] } },
{ "type": "Feature", "properties": { "Id": null, "__source_file": "Export_Output.shp", "OBJECTID": 176006.0, "SHAPE_Leng": 325.55150387100002, "SHAPE_Area": 6049.9656186100001, "Town": "Allama Iqbal Town", "UC_N0": "UC_120", "Landuse": "V", "KA": null, "Name": null, "Plot_No": "63", "Block": "E" }, "geometry": { "type": "Polygon", "coordinates": [ [ [ 74.261080013994032, 31.438874290713873 ], [ 74.260955022591133, 31.438635983747758 ], [ 74.260829854907968, 31.438678131454022 ], [ 74.26095268818662, 31.43892158038539 ], [ 74.261080013994032, 31.438874290713873 ] ] ] } },
{ "type": "Feature", "properties": { "Id": null, "__source_file": "Export_Output.shp", "OBJECTID": 176006.0, "SHAPE_Leng": 325.55150387100002, "SHAPE_Area": 6049.9656186100001, "Town": "Allama Iqbal Town", "UC_N0": "UC_120", "Landuse": "R", "KA": null, "Name": null, "Plot_No": "62", "Block": "E" }, "geometry": { "type": "Polygon", "coordinates": [ [ [ 74.261202241135464, 31.438828894556437 ], [ 74.261091483995614, 31.438590032923564 ], [ 74.260955022591133, 31.438635983747758 ], [ 74.261080013994032, 31.438874290713873 ], [ 74.261202241135464, 31.438828894556437 ] ] ] } },
{ "type": "Feature", "properties": { "Id": null, "__source_file": "Export_Output.shp", "OBJECTID": 176006.0, "SHAPE_Leng": 325.55150387100002, "SHAPE_Area": 6049.9656186100001, "Town": "Allama Iqbal Town", "UC_N0": "UC_120", "Landuse": "V", "KA": null, "Name": null, "Plot_No": "61", "Block": "E" }, "geometry": { "type": "Polygon", "coordinates": [ [ [ 74.261326782218092, 31.438782638815944 ], [ 74.261220745078717, 31.43854650649606 ], [ 74.261091483995614, 31.438590032923564 ], [ 74.261202241135464, 31.438828894556437 ], [ 74.261326782218092, 31.438782638815944 ] ] ] } },
{ "type": "Feature", "properties": { "Id": null, "__source_file": "Export_Output.shp", "OBJECTID": 176006.0, "SHAPE_Leng": 325.55150387100002, "SHAPE_Area": 6049.9656186100001, "Town": "Allama Iqbal Town", "UC_N0": "UC_120", "Landuse": "V", "KA": null, "Name": null, "Plot_No": "60", "Block": "E" }, "geometry": { "type": "Polygon", "coordinates": [ [ [ 74.261471263846772, 31.438728976756789 ], [ 74.261352629990171, 31.438502096362516 ], [ 74.261220745078717, 31.43854650649606 ], [ 74.261326782218092, 31.438782638815944 ], [ 74.261471263846772, 31.438728976756789 ] ] ] } },
{ "type": "Feature", "properties": { "Id": null, "__source_file": "Export_Output.shp", "OBJECTID": 176006.0, "SHAPE_Leng": 325.55150387100002, "SHAPE_Area": 6049.9656186100001, "Town": "Allama Iqbal Town", "UC_N0": "UC_120", "Landuse": "V", "KA": null, "Name": null, "Plot_No": "59", "Block": "E" }, "geometry": { "type": "Polygon", "coordinates": [ [ [ 74.261590693703582, 31.438684619029427 ], [ 74.261486573614249, 31.438456992807229 ], [ 74.261352629990171, 31.438502096362516 ], [ 74.261471263846772, 31.438728976756789 ], [ 74.261590693703582, 31.438684619029427 ] ] ] } },
{ "type": "Feature", "properties": { "Id": null, "__source_file": "Export_Output.shp", "OBJECTID": 176006.0, "SHAPE_Leng": 325.55150387100002, "SHAPE_Area": 6049.9656186100001, "Town": "Allama Iqbal Town", "UC_N0": "UC_120", "Landuse": "V", "KA": null, "Name": null, "Plot_No": "58", "Block": "E" }, "geometry": { "type": "Polygon", "coordinates": [ [ [ 74.261925413815248, 31.438457419510375 ], [ 74.261547230377147, 31.438589600113009 ], [ 74.261590693703582, 31.438684619029427 ], [ 74.261969065144001, 31.438544086172342 ], [ 74.261952500336818, 31.438511528634574 ], [ 74.261925413815248, 31.438457419510375 ] ] ] } },
{ "type": "Feature", "properties": { "Id": null, "__source_file": "Export_Output.shp", "OBJECTID": 176006.0, "SHAPE_Leng": 325.55150387100002, "SHAPE_Area": 6049.9656186100001, "Town": "Allama Iqbal Town", "UC_N0": "UC_120", "Landuse": "R", "KA": null, "Name": null, "Plot_No": "57", "Block": "E" }, "geometry": { "type": "Polygon", "coordinates": [ [ [ 74.261925413815248, 31.438457419510375 ], [ 74.261861927697637, 31.438330596828258 ], [ 74.261486573614249, 31.438456992807268 ], [ 74.261547230377147, 31.438589600113009 ], [ 74.261925413815248, 31.438457419510375 ] ] ] } },
{ "type": "Feature", "properties": { "Id": null, "__source_file": "Export_Output.shp", "OBJECTID": 176006.0, "SHAPE_Leng": 325.55150387100002, "SHAPE_Area": 6049.9656186100001, "Town": "Allama Iqbal Town", "UC_N0": "UC_120", "Landuse": "R", "KA": null, "Name": null, "Plot_No": "80", "Block": "E" }, "geometry": { "type": "Polygon", "coordinates": [ [ [ 74.261804360605808, 31.438215597937052 ], [ 74.26143329335433, 31.438340511624496 ], [ 74.261486573614249, 31.438456992807229 ], [ 74.261861927697637, 31.438330596828258 ], [ 74.261804360605808, 31.438215597937052 ] ] ] } },
{ "type": "Feature", "properties": { "Id": null, "__source_file": "Export_Output.shp", "OBJECTID": 176006.0, "SHAPE_Leng": 325.55150387100002, "SHAPE_Area": 6049.9656186100001, "Town": "Allama Iqbal Town", "UC_N0": "UC_120", "Landuse": "R", "KA": null, "Name": null, "Plot_No": "78", "Block": "E" }, "geometry": { "type": "Polygon", "coordinates": [ [ [ 74.261486573614249, 31.438456992807229 ], [ 74.261370226885219, 31.438202635459742 ], [ 74.261223974407983, 31.438256048679037 ], [ 74.261352629990171, 31.438502096362516 ], [ 74.261486573614249, 31.438456992807229 ] ] ] } },
{ "type": "Feature", "properties": { "Id": null, "__source_file": "Export_Output.shp", "OBJECTID": 176006.0, "SHAPE_Leng": 325.55150387100002, "SHAPE_Area": 6049.9656186100001, "Town": "Allama Iqbal Town", "UC_N0": "UC_120", "Landuse": "R", "KA": null, "Name": null, "Plot_No": "77", "Block": "E" }, "geometry": { "type": "Polygon", "coordinates": [ [ [ 74.261352629990171, 31.438502096362516 ], [ 74.261223974407983, 31.438256048679037 ], [ 74.261109145464744, 31.43829798584639 ], [ 74.261220745078717, 31.43854650649601 ], [ 74.261352629990171, 31.438502096362516 ] ] ] } },
{ "type": "Feature", "properties": { "Id": null, "__source_file": "Export_Output.shp", "OBJECTID": 176006.0, "SHAPE_Leng": 325.55150387100002, "SHAPE_Area": 6049.9656186100001, "Town": "Allama Iqbal Town", "UC_N0": "UC_120", "Landuse": "V", "KA": null, "Name": null, "Plot_No": "76", "Block": "E" }, "geometry": { "type": "Polygon", "coordinates": [ [ [ 74.261220745078717, 31.43854650649601 ], [ 74.261109145464744, 31.43829798584639 ], [ 74.260978234814857, 31.438345795520462 ], [ 74.261091483995614, 31.438590032923564 ], [ 74.261220745078717, 31.43854650649601 ] ] ] } },
{ "type": "Feature", "properties": { "Id": null, "__source_file": "Export_Output.shp", "OBJECTID": 176006.0, "SHAPE_Leng": 325.55150387100002, "SHAPE_Area": 6049.9656186100001, "Town": "Allama Iqbal Town", "UC_N0": "UC_120", "Landuse": "V", "KA": null, "Name": null, "Plot_No": "75", "Block": "E" }, "geometry": { "type": "Polygon", "coordinates": [ [ [ 74.261091483995614, 31.438590032923564 ], [ 74.260978234814857, 31.438345795520462 ], [ 74.26083101973316, 31.43839956023621 ], [ 74.260955022591133, 31.438635983747758 ], [ 74.261091483995614, 31.438590032923564 ] ] ] } },
{ "type": "Feature", "properties": { "Id": null, "__source_file": "Export_Output.shp", "OBJECTID": 176006.0, "SHAPE_Leng": 325.55150387100002, "SHAPE_Area": 6049.9656186100001, "Town": "Allama Iqbal Town", "UC_N0": "UC_120", "Landuse": "V", "KA": null, "Name": null, "Plot_No": "74", "Block": "E" }, "geometry": { "type": "Polygon", "coordinates": [ [ [ 74.260955022591133, 31.438635983747758 ], [ 74.26083101973316, 31.43839956023621 ], [ 74.260711352031038, 31.4384432638616 ], [ 74.260829854907968, 31.438678131454022 ], [ 74.260955022591133, 31.438635983747758 ] ] ] } },
{ "type": "Feature", "properties": { "Id": null, "__source_file": "Export_Output.shp", "OBJECTID": 176007.0, "SHAPE_Leng": 181.11562872799999, "SHAPE_Area": 1792.90893353, "Town": "Allama Iqbal Town", "UC_N0": "UC_120", "Landuse": "R", "KA": null, "Name": null, "Plot_No": "86", "Block": "E" }, "geometry": { "type": "Polygon", "coordinates": [ [ [ 74.260945405989304, 31.43830181618058 ], [ 74.26082417617792, 31.43805935657964 ], [ 74.260717305563361, 31.438098655822529 ], [ 74.2607150265424, 31.438099493876734 ], [ 74.260820616751715, 31.4383477058322 ], [ 74.260945405989304, 31.43830181618058 ] ] ] } },
{ "type": "Feature", "properties": { "Id": null, "__source_file": "Export_Output.shp", "OBJECTID": 176007.0, "SHAPE_Leng": 181.11562872799999, "SHAPE_Area": 1792.90893353, "Town": "Allama Iqbal Town", "UC_N0": "UC_120", "Landuse": "V", "KA": null, "Name": null, "Plot_No": "85", "Block": "E" }, "geometry": { "type": "Polygon", "coordinates": [ [ [ 74.26108425028913, 31.438250757626598 ], [ 74.260964456519247, 31.438007772012149 ], [ 74.260855447438331, 31.438047857260123 ], [ 74.26082417617792, 31.43805935657964 ], [ 74.260945405989304, 31.43830181618058 ], [ 74.26108425028913, 31.438250757626598 ] ] ] } },
{ "type": "Feature", "properties": { "Id": null, "__source_file": "Export_Output.shp", "OBJECTID": 176007.0, "SHAPE_Leng": 181.11562872799999, "SHAPE_Area": 1792.90893353, "Town": "Allama Iqbal Town", "UC_N0": "UC_120", "Landuse": "V", "KA": null, "Name": null, "Plot_No": "84", "Block": "E" }, "geometry": { "type": "Polygon", "coordinates": [ [ [ 74.261205951249963, 31.438206003440957 ], [ 74.261096754060048, 31.437959122868154 ], [ 74.260964456519247, 31.438007772012149 ], [ 74.26108425028913, 31.438250757626598 ], [ 74.261205951249963, 31.438206003440957 ] ] ] } },
{ "type": "Feature", "properties": { "Id": null, "__source_file": "Export_Output.shp", "OBJECTID": 176010.0, "SHAPE_Leng": 117.28967114, "SHAPE_Area": 859.77070672000002, "Town": "Allama Iqbal Town", "UC_N0": "V", "Landuse": null, "KA": null, "Name": null, "Plot_No": "82", "Block": "E" }, "geometry": { "type": "Polygon", "coordinates": [ [ [ 74.261660342117921, 31.437927898300135 ], [ 74.261288798812799, 31.438064065832325 ], [ 74.261329340855596, 31.438160627918709 ], [ 74.261421293681593, 31.438126812879204 ], [ 74.261707270974085, 31.438021646598379 ], [ 74.261660342117921, 31.437927898300135 ] ] ] } },
{ "type": "Feature", "properties": { "Id": null, "__source_file": "Export_Output.shp", "OBJECTID": 176001.0, "SHAPE_Leng": 210.22370114500001, "SHAPE_Area": 2238.60179552, "Town": "Allama Iqbal Town", "UC_N0": "UC_120", "Landuse": "V", "KA": null, "Name": null, "Plot_No": "118", "Block": "E" }, "geometry": { "type": "Polygon", "coordinates": [ [ [ 74.261536226896723, 31.437679956913353 ], [ 74.261178394179439, 31.437817048637594 ], [ 74.261223384294908, 31.437912557165635 ], [ 74.261303162741783, 31.437883219933255 ], [ 74.26158592589897, 31.437779238951613 ], [ 74.261536226896723, 31.437679956913353 ] ] ] } },
{ "type": "Feature", "properties": { "Id": null, "__source_file": "Export_Output.shp", "OBJECTID": 176001.0, "SHAPE_Leng": 210.22370114500001, "SHAPE_Area": 2238.60179552, "Town": "Allama Iqbal Town", "UC_N0": "UC_120", "Landuse": "V", "KA": null, "Name": null, "Plot_No": null, "Block": "E" }, "geometry": { "type": "Polygon", "coordinates": [ [ [ 74.261223384294908, 31.437912557165635 ], [ 74.261106439386822, 31.437664296960683 ], [ 74.260977452024875, 31.437710815247577 ], [ 74.261070340501533, 31.437968835815177 ], [ 74.261158605947728, 31.437936378303689 ], [ 74.261223384294908, 31.437912557165635 ] ] ] } },
{ "type": "Feature", "properties": { "Id": null, "__source_file": "Export_Output.shp", "OBJECTID": 176001.0, "SHAPE_Leng": 210.22370114500001, "SHAPE_Area": 2238.60179552, "Town": "Allama Iqbal Town", "UC_N0": "UC_120", "Landuse": "V", "KA": null, "Name": null, "Plot_No": "115", "Block": "E" }, "geometry": { "type": "Polygon", "coordinates": [ [ [ 74.261070340501533, 31.437968835815177 ], [ 74.260977452024875, 31.437710815247378 ], [ 74.260838002866734, 31.437761106510045 ], [ 74.260964167524435, 31.438007878282612 ], [ 74.261070340501533, 31.437968835815177 ] ] ] } },
{ "type": "Feature", "properties": { "Id": null, "__source_file": "Export_Output.shp", "OBJECTID": 176001.0, "SHAPE_Leng": 210.22370114500001, "SHAPE_Area": 2238.60179552, "Town": "Allama Iqbal Town", "UC_N0": "UC_120", "Landuse": "R", "KA": null, "Name": null, "Plot_No": "114", "Block": "E" }, "geometry": { "type": "Polygon", "coordinates": [ [ [ 74.260964167524435, 31.438007878282612 ], [ 74.260838002866734, 31.437761106510045 ], [ 74.260733126576156, 31.437798929122327 ], [ 74.260855447438331, 31.438047857260123 ], [ 74.260964167524435, 31.438007878282612 ] ] ] } },
{ "type": "Feature", "properties": { "Id": null, "__source_file": "Export_Output.shp", "OBJECTID": 187182.0, "SHAPE_Leng": 66.280162413499994, "SHAPE_Area": 241.47781305800001, "Town": "Allama Iqbal Town", "UC_N0": "UC_120", "Landuse": "R", "KA": null, "Name": null, "Plot_No": "120", "Block": "E" }, "geometry": { "type": "Polygon", "coordinates": [ [ [ 74.260080484466428, 31.437982760852954 ], [ 74.259997555566173, 31.437815002591122 ], [ 74.259906221114136, 31.43784654149454 ], [ 74.259984498034527, 31.438017288350601 ], [ 74.260080484466428, 31.437982760852954 ] ] ] } },
{ "type": "Feature", "properties": { "Id": null, "__source_file": "Export_Output.shp", "OBJECTID": 187182.0, "SHAPE_Leng": 66.280162413499994, "SHAPE_Area": 241.47781305800001, "Town": "Allama Iqbal Town", "UC_N0": "UC_120", "Landuse": "R", "KA": null, "Name": null, "Plot_No": "119", "Block": "E" }, "geometry": { "type": "Polygon", "coordinates": [ [ [ 74.260199730593001, 31.437939866420884 ], [ 74.260116784168943, 31.437773831365426 ], [ 74.259997555566173, 31.437815002591122 ], [ 74.260080484466428, 31.437982760852954 ], [ 74.260093079466529, 31.437978230269522 ], [ 74.260199730593001, 31.437939866420884 ] ] ] } },
{ "type": "Feature", "properties": { "Id": null, "__source_file": "Export_Output.shp", "OBJECTID": 187182.0, "SHAPE_Leng": 66.280162413499994, "SHAPE_Area": 241.47781305800001, "Town": "Allama Iqbal Town", "UC_N0": "UC_120", "Landuse": "V", "KA": null, "Name": null, "Plot_No": "118", "Block": "E" }, "geometry": { "type": "Polygon", "coordinates": [ [ [ 74.260277859330998, 31.437911761971922 ], [ 74.260194697195132, 31.437746926878965 ], [ 74.260116784168943, 31.437773831365426 ], [ 74.260199730593001, 31.437939866420884 ], [ 74.260201468889846, 31.437939241131065 ], [ 74.260277859330998, 31.437911761971922 ] ] ] } },
{ "type": "Feature", "properties": { "Id": null, "__source_file": "Export_Output.shp", "OBJECTID": 187182.0, "SHAPE_Leng": 66.280162413499994, "SHAPE_Area": 241.47781305800001, "Town": "Allama Iqbal Town", "UC_N0": "UC_120", "Landuse": "R", "KA": null, "Name": null, "Plot_No": "117", "Block": "E" }, "geometry": { "type": "Polygon", "coordinates": [ [ [ 74.260355959176437, 31.437883667770397 ], [ 74.260280189701859, 31.437717405016205 ], [ 74.260194697195132, 31.437746926878965 ], [ 74.260277859330998, 31.437911761971922 ], [ 74.260318004869092, 31.437897320799486 ], [ 74.260355959176437, 31.437883667770397 ] ] ] } },
{ "type": "Feature", "properties": { "Id": null, "__source_file": "Export_Output.shp", "OBJECTID": 187182.0, "SHAPE_Leng": 66.280162413499994, "SHAPE_Area": 241.47781305800001, "Town": "Allama Iqbal Town", "UC_N0": "UC_120", "Landuse": "R", "KA": null, "Name": null, "Plot_No": "116", "Block": "E" }, "geometry": { "type": "Polygon", "coordinates": [ [ [ 74.260462434420361, 31.437845366351951 ], [ 74.260381233527127, 31.437682512948463 ], [ 74.260280189701859, 31.437717405016205 ], [ 74.260355959176437, 31.437883667770397 ], [ 74.260412210129587, 31.437863432992643 ], [ 74.260462434420361, 31.437845366351951 ] ] ] } },
{ "type": "Feature", "properties": { "Id": null, "__source_file": "Export_Output.shp", "OBJECTID": 187182.0, "SHAPE_Leng": 66.280162413499994, "SHAPE_Area": 241.47781305800001, "Town": "Allama Iqbal Town", "UC_N0": "UC_120", "Landuse": "R", "KA": null, "Name": null, "Plot_No": "115", "Block": "E" }, "geometry": { "type": "Polygon", "coordinates": [ [ [ 74.260572870614553, 31.437805640240359 ], [ 74.260494269757132, 31.437643479583244 ], [ 74.260381233527127, 31.437682512948463 ], [ 74.260462434420361, 31.437845366351951 ], [ 74.260572870614553, 31.437805640240359 ] ] ] } },
{ "type": "Feature", "properties": { "Id": null, "__source_file": "Export_Output.shp", "OBJECTID": 187182.0, "SHAPE_Leng": 66.280162413499994, "SHAPE_Area": 241.47781305800001, "Town": "Allama Iqbal Town", "UC_N0": "UC_120", "Landuse": "V", "KA": null, "Name": null, "Plot_No": "114", "Block": "E" }, "geometry": { "type": "Polygon", "coordinates": [ [ [ 74.260671919221238, 31.437770010361657 ], [ 74.260592504365889, 31.437609557365672 ], [ 74.260494269757132, 31.437643479583244 ], [ 74.260572870614553, 31.437805640240359 ], [ 74.260671919221238, 31.437770010361657 ] ] ] } },
{ "type": "Feature", "properties": { "Id": null, "__source_file": "Export_Output.shp", "OBJECTID": 187182.0, "SHAPE_Leng": 66.280162413499994, "SHAPE_Area": 241.47781305800001, "Town": "Allama Iqbal Town", "UC_N0": "UC_120", "Landuse": "V", "KA": null, "Name": null, "Plot_No": "113", "Block": "E" }, "geometry": { "type": "Polygon", "coordinates": [ [ [ 74.260757363132313, 31.437739274295794 ], [ 74.260687332642817, 31.437576811321676 ], [ 74.260592504365889, 31.437609557365672 ], [ 74.260671919221238, 31.437770010361657 ], [ 74.260757363132313, 31.437739274295794 ] ] ] } },
{ "type": "Feature", "properties": { "Id": null, "__source_file": "Export_Output.shp", "OBJECTID": 187182.0, "SHAPE_Leng": 66.280162413499994, "SHAPE_Area": 241.47781305800001, "Town": "Allama Iqbal Town", "UC_N0": "UC_120", "Landuse": "R", "KA": null, "Name": null, "Plot_No": "112", "Block": "E" }, "geometry": { "type": "Polygon", "coordinates": [ [ [ 74.2608753750864, 31.437696822656331 ], [ 74.260790388250371, 31.437541224114547 ], [ 74.260687332642817, 31.437576811321676 ], [ 74.260757363132313, 31.437739274295794 ], [ 74.2608753750864, 31.437696822656331 ] ] ] } },
{ "type": "Feature", "properties": { "Id": null, "__source_file": "Export_Output.shp", "OBJECTID": 187182.0, "SHAPE_Leng": 66.280162413499994, "SHAPE_Area": 241.47781305800001, "Town": "Allama Iqbal Town", "UC_N0": "UC_120", "Landuse": "R", "KA": null, "Name": null, "Plot_No": "111", "Block": "E" }, "geometry": { "type": "Polygon", "coordinates": [ [ [ 74.260964654719459, 31.437664706601243 ], [ 74.260891567982426, 31.437506284577911 ], [ 74.260790388250371, 31.437541224114561 ], [ 74.2608753750864, 31.437696822656331 ], [ 74.260964654719459, 31.437664706601243 ] ] ] } },
{ "type": "Feature", "properties": { "Id": null, "__source_file": "Export_Output.shp", "OBJECTID": 187182.0, "SHAPE_Leng": 66.280162413499994, "SHAPE_Area": 241.47781305800001, "Town": "Allama Iqbal Town", "UC_N0": "UC_120", "Landuse": "V", "KA": null, "Name": null, "Plot_No": "110", "Block": "E" }, "geometry": { "type": "Polygon", "coordinates": [ [ [ 74.260891567982426, 31.437506284577911 ], [ 74.260964654719459, 31.437664706601243 ], [ 74.261150591690267, 31.437597820278921 ], [ 74.261092086847, 31.437469692392341 ], [ 74.261079208249427, 31.437441488077329 ], [ 74.260891567982426, 31.437506284577911 ] ] ] } },
{ "type": "Feature", "properties": { "Id": null, "__source_file": "Export_Output.shp", "OBJECTID": 187182.0, "SHAPE_Leng": 66.280162413499994, "SHAPE_Area": 241.47781305800001, "Town": "Allama Iqbal Town", "UC_N0": "UC_120", "Landuse": "R", "KA": null, "Name": null, "Plot_No": "105", "Block": "E" }, "geometry": { "type": "Polygon", "coordinates": [ [ [ 74.260891567982426, 31.437506284577779 ], [ 74.260793606322409, 31.437293943054392 ], [ 74.260755877349055, 31.437307550816232 ], [ 74.260678083301897, 31.43733560921801 ], [ 74.260790388250371, 31.437541224114458 ], [ 74.260891567982426, 31.437506284577779 ] ] ] } },
{ "type": "Feature", "properties": { "Id": null, "__source_file": "Export_Output.shp", "OBJECTID": 187182.0, "SHAPE_Leng": 66.280162413499994, "SHAPE_Area": 241.47781305800001, "Town": "Allama Iqbal Town", "UC_N0": "UC_120", "Landuse": "R", "KA": null, "Name": null, "Plot_No": "104", "Block": "E" }, "geometry": { "type": "Polygon", "coordinates": [ [ [ 74.260790388250371, 31.437541224114458 ], [ 74.260678083301897, 31.43733560921801 ], [ 74.260657575493198, 31.437343005870062 ], [ 74.260596106569494, 31.437365176060634 ], [ 74.260687332642817, 31.437576811321676 ], [ 74.260790388250371, 31.437541224114458 ] ] ] } },
{ "type": "Feature", "properties": { "Id": null, "__source_file": "Export_Output.shp", "OBJECTID": 187182.0, "SHAPE_Leng": 66.280162413499994, "SHAPE_Area": 241.47781305800001, "Town": "Allama Iqbal Town", "UC_N0": "UC_120", "Landuse": "R", "KA": null, "Name": null, "Plot_No": "103", "Block": "E" }, "geometry": { "type": "Polygon", "coordinates": [ [ [ 74.260687332642817, 31.437576811321676 ], [ 74.260596106569494, 31.437365176060634 ], [ 74.260555144277433, 31.437379950048509 ], [ 74.26049041710462, 31.437403295259671 ], [ 74.260592504365889, 31.437609557365711 ], [ 74.260687332642817, 31.437576811321676 ] ] ] } },
{ "type": "Feature", "properties": { "Id": null, "__source_file": "Export_Output.shp", "OBJECTID": 187182.0, "SHAPE_Leng": 66.280162413499994, "SHAPE_Area": 241.47781305800001, "Town": "Allama Iqbal Town", "UC_N0": "UC_120", "Landuse": "V", "KA": null, "Name": null, "Plot_No": "102", "Block": "E" }, "geometry": { "type": "Polygon", "coordinates": [ [ [ 74.260592504365889, 31.437609557365711 ], [ 74.26049041710462, 31.437403295259671 ], [ 74.260443624954277, 31.437420171801335 ], [ 74.260394601111258, 31.437437853320006 ], [ 74.260494269757132, 31.437643479583269 ], [ 74.260592504365889, 31.437609557365711 ] ] ] } },
{ "type": "Feature", "properties": { "Id": null, "__source_file": "Export_Output.shp", "OBJECTID": 187182.0, "SHAPE_Leng": 66.280162413499994, "SHAPE_Area": 241.47781305800001, "Town": "Allama Iqbal Town", "UC_N0": "UC_120", "Landuse": "V", "KA": null, "Name": null, "Plot_No": "101", "Block": "E" }, "geometry": { "type": "Polygon", "coordinates": [ [ [ 74.260494269757132, 31.437643479583269 ], [ 74.260394601111258, 31.437437853320006 ], [ 74.260279875252252, 31.437479231822703 ], [ 74.260381233527127, 31.437682512948516 ], [ 74.260494269757132, 31.437643479583269 ] ] ] } },
{ "type": "Feature", "properties": { "Id": null, "__source_file": "Export_Output.shp", "OBJECTID": 187182.0, "SHAPE_Leng": 66.280162413499994, "SHAPE_Area": 241.47781305800001, "Town": "Allama Iqbal Town", "UC_N0": "UC_120", "Landuse": "V", "KA": null, "Name": null, "Plot_No": "100", "Block": "E" }, "geometry": { "type": "Polygon", "coordinates": [ [ [ 74.260381233527127, 31.437682512948516 ], [ 74.260279875252252, 31.437479231822703 ], [ 74.260186926989164, 31.437512755583004 ], [ 74.260280189701859, 31.437717405016169 ], [ 74.260381233527127, 31.437682512948516 ] ] ] } },
{ "type": "Feature", "properties": { "Id": null, "__source_file": "Export_Output.shp", "OBJECTID": 187182.0, "SHAPE_Leng": 66.280162413499994, "SHAPE_Area": 241.47781305800001, "Town": "Allama Iqbal Town", "UC_N0": "UC_120", "Landuse": "V", "KA": null, "Name": null, "Plot_No": "99", "Block": "E" }, "geometry": { "type": "Polygon", "coordinates": [ [ [ 74.260280189701859, 31.437717405016205 ], [ 74.260186926989164, 31.437512755583004 ], [ 74.260093546154636, 31.437546435265944 ], [ 74.260194697195132, 31.437746926878965 ], [ 74.260280189701859, 31.437717405016205 ] ] ] } },
{ "type": "Feature", "properties": { "Id": null, "__source_file": "Export_Output.shp", "OBJECTID": 187182.0, "SHAPE_Leng": 66.280162413499994, "SHAPE_Area": 241.47781305800001, "Town": "Allama Iqbal Town", "UC_N0": "UC_120", "Landuse": "V", "KA": null, "Name": null, "Plot_No": "98", "Block": "E" }, "geometry": { "type": "Polygon", "coordinates": [ [ [ 74.260194697195132, 31.437746926878965 ], [ 74.260093546154636, 31.437546435265944 ], [ 74.260016979629356, 31.437574050348275 ], [ 74.260116784168943, 31.437773831365426 ], [ 74.260194697195132, 31.437746926878965 ] ] ] } },
{ "type": "Feature", "properties": { "Id": null, "__source_file": "Export_Output.shp", "OBJECTID": 187182.0, "SHAPE_Leng": 66.280162413499994, "SHAPE_Area": 241.47781305800001, "Town": "Allama Iqbal Town", "UC_N0": "UC_120", "Landuse": "V", "KA": null, "Name": null, "Plot_No": "97", "Block": "E" }, "geometry": { "type": "Polygon", "coordinates": [ [ [ 74.260116784168943, 31.437773831365426 ], [ 74.260016979629356, 31.437574050348275 ], [ 74.259899406911543, 31.437616455205298 ], [ 74.259997555566201, 31.437815002591122 ], [ 74.260116784168943, 31.437773831365426 ] ] ] } },
{ "type": "Feature", "properties": { "Id": null, "__source_file": "Export_Output.shp", "OBJECTID": 187182.0, "SHAPE_Leng": 66.280162413499994, "SHAPE_Area": 241.47781305800001, "Town": "Allama Iqbal Town", "UC_N0": "UC_120", "Landuse": "V", "KA": null, "Name": null, "Plot_No": "96", "Block": "E" }, "geometry": { "type": "Polygon", "coordinates": [ [ [ 74.259997555566201, 31.437815002591122 ], [ 74.259899406911543, 31.437616455205298 ], [ 74.259816959905166, 31.437646191134519 ], [ 74.259830212383363, 31.437680742674967 ], [ 74.25989789301606, 31.437828375225777 ], [ 74.259906221114136, 31.43784654149454 ], [ 74.259997555566201, 31.437815002591122 ] ] ] } },
{ "type": "Feature", "properties": { "Id": null, "__source_file": "Export_Output.shp", "OBJECTID": 176031.0, "SHAPE_Leng": 90.508939867500004, "SHAPE_Area": 506.855404249, "Town": "Allama Iqbal Town", "UC_N0": "UC_120", "Landuse": "R", "KA": null, "Name": null, "Plot_No": "95", "Block": "E" }, "geometry": { "type": "Polygon", "coordinates": [ [ [ 74.259878511493682, 31.437568896353042 ], [ 74.259790077629859, 31.437367616590738 ], [ 74.259699112541441, 31.437400325667461 ], [ 74.259745282371256, 31.437486447414759 ], [ 74.2597972396877, 31.437598165365877 ], [ 74.259878511493682, 31.437568896353042 ] ] ] } },
{ "type": "Feature", "properties": { "Id": null, "__source_file": "Export_Output.shp", "OBJECTID": 176029.0, "SHAPE_Leng": 84.158633373100002, "SHAPE_Area": 433.180136748, "Town": "Allama Iqbal Town", "UC_N0": "UC_120", "Landuse": "R", "KA": null, "Name": null, "Plot_No": "70", "Block": "E" }, "geometry": { "type": "Polygon", "coordinates": [ [ [ 74.260343489773632, 31.437168619559433 ], [ 74.260242459721013, 31.436969095792858 ], [ 74.260157346673523, 31.437001360948496 ], [ 74.260259453818534, 31.43719883804285 ], [ 74.260343489773632, 31.437168619559433 ] ] ] } },
{ "type": "Feature", "properties": { "Id": null, "__source_file": "Export_Output.shp", "OBJECTID": 176023.0, "SHAPE_Leng": 104.783603179, "SHAPE_Area": 684.50296490200003, "Town": "Allama Iqbal Town", "UC_N0": "UC_120", "Landuse": "R", "KA": null, "Name": null, "Plot_No": "74", "Block": "E" }, "geometry": { "type": "Polygon", "coordinates": [ [ [ 74.260693661690254, 31.437042702273036 ], [ 74.260600026682695, 31.436833546207566 ], [ 74.260510720303103, 31.436867401249021 ], [ 74.260611888442384, 31.437072106705532 ], [ 74.260693661690254, 31.437042702273036 ] ] ] } },
{ "type": "Feature", "properties": { "Id": null, "__source_file": "Export_Output.shp", "OBJECTID": 176023.0, "SHAPE_Leng": 104.783603179, "SHAPE_Area": 684.50296490200003, "Town": "Allama Iqbal Town", "UC_N0": "UC_120", "Landuse": "R", "KA": null, "Name": null, "Plot_No": "76", "Block": "E" }, "geometry": { "type": "Polygon", "coordinates": [ [ [ 74.26087789218434, 31.436976454625839 ], [ 74.260828643358252, 31.436875216744841 ], [ 74.260775932724343, 31.436766861955135 ], [ 74.260703597641751, 31.436794283515411 ], [ 74.260790726875129, 31.437007798848814 ], [ 74.26087789218434, 31.436976454625839 ] ] ] } },
{ "type": "Feature", "properties": { "Id": null, "__source_file": "Export_Output.shp", "OBJECTID": 0.0, "SHAPE_Leng": 0.0, "SHAPE_Area": 0.0, "Town": null, "UC_N0": null, "Landuse": "V", "KA": null, "Name": null, "Plot_No": "69", "Block": "E" }, "geometry": { "type": "Polygon", "coordinates": [ [ [ 74.260225989341606, 31.436930245709142 ], [ 74.260154856997929, 31.436793061904261 ], [ 74.260069123593325, 31.43682613527432 ], [ 74.260138370206192, 31.436963670919077 ], [ 74.26022388415042, 31.436931048804745 ], [ 74.260225989341606, 31.436930245709142 ] ] ] } },
{ "type": "Feature", "properties": { "Id": null, "__source_file": "Export_Output.shp", "OBJECTID": 0.0, "SHAPE_Leng": 0.0, "SHAPE_Area": 0.0, "Town": null, "UC_N0": null, "Landuse": "V", "KA": null, "Name": null, "Plot_No": "68", "Block": "E" }, "geometry": { "type": "Polygon", "coordinates": [ [ [ 74.26030396236365, 31.436900500256435 ], [ 74.260232785858904, 31.436762999221969 ], [ 74.260156252506832, 31.436792523558175 ], [ 74.26015513571565, 31.436792954383201 ], [ 74.260154856997929, 31.436793061904289 ], [ 74.260225989341606, 31.436930245709142 ], [ 74.260292758955558, 31.43690477418038 ], [ 74.26030396236365, 31.436900500256435 ] ] ] } },
{ "type": "Feature", "properties": { "Id": null, "__source_file": "Export_Output.shp", "OBJECTID": 0.0, "SHAPE_Leng": 0.0, "SHAPE_Area": 0.0, "Town": null, "UC_N0": null, "Landuse": "V", "KA": null, "Name": null, "Plot_No": "67", "Block": "E" }, "geometry": { "type": "Polygon", "coordinates": [ [ [ 74.260378397102883, 31.436872104539244 ], [ 74.260311169889064, 31.43673276088084 ], [ 74.260307756016459, 31.436734077857711 ], [ 74.260297916079551, 31.43673787383031 ], [ 74.26023968785141, 31.436760336631306 ], [ 74.260232785858904, 31.436762999221969 ], [ 74.26030396236365, 31.436900500256435 ], [ 74.260378397102883, 31.436872104539244 ] ] ] } },
{ "type": "Feature", "properties": { "Id": null, "__source_file": "Export_Output.shp", "OBJECTID": 0.0, "SHAPE_Leng": 0.0, "SHAPE_Area": 0.0, "Town": null, "UC_N0": null, "Landuse": "R", "KA": null, "Name": null, "Plot_No": "66", "Block": "E" }, "geometry": { "type": "Polygon", "coordinates": [ [ [ 74.260454806997544, 31.436842955267039 ], [ 74.260385393159083, 31.436704127580565 ], [ 74.260311169889064, 31.43673276088084 ], [ 74.260378397102883, 31.436872104539244 ], [ 74.260382001254769, 31.436870729608753 ], [ 74.260454806997544, 31.436842955267039 ] ] ] } },
{ "type": "Feature", "properties": { "Id": null, "__source_file": "Export_Output.shp", "OBJECTID": 0.0, "SHAPE_Leng": 0.0, "SHAPE_Area": 0.0, "Town": null, "UC_N0": null, "Landuse": "R", "KA": null, "Name": null, "Plot_No": "65", "Block": "E" }, "geometry": { "type": "Polygon", "coordinates": [ [ [ 74.260530587896724, 31.436814045930429 ], [ 74.26046680441695, 31.436672721773917 ], [ 74.26046360616364, 31.436673955555509 ], [ 74.26046162352273, 31.436674720393526 ], [ 74.26039147268456, 31.436701782263754 ], [ 74.260389853537021, 31.436702406887218 ], [ 74.260385393159083, 31.436704127580565 ], [ 74.260454806997544, 31.436842955267039 ], [ 74.260456581233598, 31.436842278420844 ], [ 74.260460532541956, 31.436840771051848 ], [ 74.260530198330912, 31.436814194544393 ], [ 74.260530587896724, 31.436814045930429 ] ] ] } },
{ "type": "Feature", "properties": { "Id": null, "__source_file": "Export_Output.shp", "OBJECTID": 0.0, "SHAPE_Leng": 0.0, "SHAPE_Area": 0.0, "Town": null, "UC_N0": null, "Landuse": "V", "KA": null, "Name": null, "Plot_No": "64", "Block": "E" }, "geometry": { "type": "Polygon", "coordinates": [ [ [ 74.260609066214712, 31.436784107191801 ], [ 74.260542976011536, 31.436643336869206 ], [ 74.260541082287091, 31.436644067419468 ], [ 74.260484479070271, 31.436665903468352 ], [ 74.26046680441695, 31.436672721773917 ], [ 74.260530587896724, 31.436814045930429 ], [ 74.26055577871702, 31.436804435977585 ], [ 74.260600387664439, 31.436787417996857 ], [ 74.260604539719154, 31.436785834017854 ], [ 74.260609066214712, 31.436784107191801 ] ] ] } },
{ "type": "Feature", "properties": { "Id": null, "__source_file": "Export_Output.shp", "OBJECTID": 0.0, "SHAPE_Leng": 0.0, "SHAPE_Area": 0.0, "Town": null, "UC_N0": null, "Landuse": "R", "KA": null, "Name": null, "Plot_No": "63", "Block": "E" }, "geometry": { "type": "Polygon", "coordinates": [ [ [ 74.260686667376433, 31.436754503180023 ], [ 74.260607937172281, 31.436618276449401 ], [ 74.260565172226606, 31.436634774136554 ], [ 74.260542976011536, 31.436643336869206 ], [ 74.260609066214712, 31.436784107191801 ], [ 74.260638365905606, 31.436772929631886 ], [ 74.260667817114026, 31.436761694342582 ], [ 74.260686667376433, 31.436754503180023 ] ] ] } },
{ "type": "Feature", "properties": { "Id": null, "__source_file": "Export_Output.shp", "OBJECTID": 0.0, "SHAPE_Leng": 0.0, "SHAPE_Area": 0.0, "Town": null, "UC_N0": null, "Landuse": "R", "KA": null, "Name": null, "Plot_No": "62", "Block": "E" }, "geometry": { "type": "Polygon", "coordinates": [ [ [ 74.260759001081141, 31.436726908744461 ], [ 74.26069745330274, 31.436583743248619 ], [ 74.26068831747645, 31.436587267633275 ], [ 74.260658662949851, 31.436598707638531 ], [ 74.260614485002876, 31.436615750452038 ], [ 74.260609862135837, 31.436617533844252 ], [ 74.260607937172281, 31.436618276449401 ], [ 74.260686667376433, 31.436754503180023 ], [ 74.260732812948021, 31.436736899219714 ], [ 74.260756843105042, 31.436727731988089 ], [ 74.260759001081141, 31.436726908744461 ] ] ] } },
{ "type": "Feature", "properties": { "Id": null, "__source_file": "Export_Output.shp", "OBJECTID": 0.0, "SHAPE_Leng": 0.0, "SHAPE_Area": 0.0, "Town": null, "UC_N0": null, "Landuse": "V", "KA": null, "Name": null, "Plot_No": "61", "Block": "E" }, "geometry": { "type": "Polygon", "coordinates": [ [ [ 74.260836662902832, 31.436697281502678 ], [ 74.260767113304368, 31.436556870054943 ], [ 74.260762417911138, 31.436558681428224 ], [ 74.260761505227052, 31.436559033520435 ], [ 74.260737406534659, 31.436568330230365 ], [ 74.260699299476641, 31.436583031038477 ], [ 74.26069745330274, 31.436583743248619 ], [ 74.260759001081141, 31.436726908744461 ], [ 74.260759720534139, 31.436726634281218 ], [ 74.260810501696398, 31.436707261822789 ], [ 74.260825948841955, 31.436701368844016 ], [ 74.260830177911032, 31.436699755483119 ], [ 74.260836662902832, 31.436697281502678 ] ] ] } },
{ "type": "Feature", "properties": { "Id": null, "__source_file": "Export_Output.shp", "OBJECTID": 0.0, "SHAPE_Leng": 0.0, "SHAPE_Area": 0.0, "Town": null, "UC_N0": null, "Landuse": "R", "KA": null, "Name": null, "Plot_No": "60", "Block": "E" }, "geometry": { "type": "Polygon", "coordinates": [ [ [ 74.260938980210739, 31.436658248081951 ], [ 74.260878618656463, 31.436513853816596 ], [ 74.260868361804484, 31.436517810683412 ], [ 74.260767113304368, 31.436556870054929 ], [ 74.260836662902832, 31.436697281502685 ], [ 74.260937420863129, 31.43665884296426 ], [ 74.260938980210739, 31.436658248081951 ] ] ] } },
{ "type": "Feature", "properties": { "Id": null, "__source_file": "Export_Output.shp", "OBJECTID": 181674.0, "SHAPE_Leng": 395.18397876300003, "SHAPE_Area": 6420.3466738899997, "Town": "Allama Iqbal Town", "UC_N0": "UC_120", "Landuse": "V", "KA": null, "Name": null, "Plot_No": "77", "Block": "H" }, "geometry": { "type": "Polygon", "coordinates": [ [ [ 74.261991573799136, 31.44140739857011 ], [ 74.261874820655891, 31.441165135130419 ], [ 74.261743901442287, 31.441213678199119 ], [ 74.261857142877034, 31.441455260611242 ], [ 74.261991573799136, 31.44140739857011 ] ] ] } },
{ "type": "Feature", "properties": { "Id": null, "__source_file": "Export_Output.shp", "OBJECTID": 181674.0, "SHAPE_Leng": 395.18397876300003, "SHAPE_Area": 6420.3466738899997, "Town": "Allama Iqbal Town", "UC_N0": "UC_120", "Landuse": "V", "KA": null, "Name": null, "Plot_No": "76", "Block": "H" }, "geometry": { "type": "Polygon", "coordinates": [ [ [ 74.261857142877034, 31.441455260611242 ], [ 74.261743901442287, 31.441213678199119 ], [ 74.261734197357697, 31.441217276334658 ], [ 74.261609749599828, 31.441263419690479 ], [ 74.26158630187129, 31.441272113736598 ], [ 74.261697602906537, 31.44151206209067 ], [ 74.261857142877034, 31.441455260611242 ] ] ] } },
{ "type": "Feature", "properties": { "Id": null, "__source_file": "Export_Output.shp", "OBJECTID": 181674.0, "SHAPE_Leng": 395.18397876300003, "SHAPE_Area": 6420.3466738899997, "Town": "Allama Iqbal Town", "UC_N0": "UC_120", "Landuse": "V", "KA": null, "Name": null, "Plot_No": "75", "Block": "H" }, "geometry": { "type": "Polygon", "coordinates": [ [ [ 74.261697602906537, 31.44151206209067 ], [ 74.26158630187129, 31.441272113736598 ], [ 74.261457407990775, 31.441319905438345 ], [ 74.261564662787023, 31.441559392942033 ], [ 74.261697602906537, 31.44151206209067 ] ] ] } },
{ "type": "Feature", "properties": { "Id": null, "__source_file": "Export_Output.shp", "OBJECTID": 181674.0, "SHAPE_Leng": 395.18397876300003, "SHAPE_Area": 6420.3466738899997, "Town": "Allama Iqbal Town", "UC_N0": "UC_120", "Landuse": "V", "KA": null, "Name": null, "Plot_No": "74", "Block": "H" }, "geometry": { "type": "Polygon", "coordinates": [ [ [ 74.261564662787023, 31.441559392942033 ], [ 74.261457407990775, 31.441319905438345 ], [ 74.261445459736663, 31.441324335642616 ], [ 74.261303868284401, 31.441376835166732 ], [ 74.261416473896148, 31.441612152613654 ], [ 74.261564662787023, 31.441559392942033 ] ] ] } },
{ "type": "Feature", "properties": { "Id": null, "__source_file": "Export_Output.shp", "OBJECTID": 181674.0, "SHAPE_Leng": 395.18397876300003, "SHAPE_Area": 6420.3466738899997, "Town": "Allama Iqbal Town", "UC_N0": "UC_120", "Landuse": "V", "KA": null, "Name": null, "Plot_No": "73", "Block": "H" }, "geometry": { "type": "Polygon", "coordinates": [ [ [ 74.261416473896148, 31.441612152613654 ], [ 74.261303868284401, 31.441376835166732 ], [ 74.261294420472055, 31.44138033823522 ], [ 74.261182202977025, 31.441421946267045 ], [ 74.261158992633156, 31.441430552187335 ], [ 74.261268429746394, 31.441664860520927 ], [ 74.261416473896148, 31.441612152613654 ] ] ] } },
{ "type": "Feature", "properties": { "Id": null, "__source_file": "Export_Output.shp", "OBJECTID": 181674.0, "SHAPE_Leng": 395.18397876300003, "SHAPE_Area": 6420.3466738899997, "Town": "Allama Iqbal Town", "UC_N0": "UC_120", "Landuse": "V", "KA": null, "Name": null, "Plot_No": "72", "Block": "H" }, "geometry": { "type": "Polygon", "coordinates": [ [ [ 74.261268429746394, 31.441664860520927 ], [ 74.261158992633156, 31.441430552187335 ], [ 74.261032058426707, 31.441477616688921 ], [ 74.261011504002738, 31.441485237815435 ], [ 74.261129550698811, 31.441714305181467 ], [ 74.261268429746394, 31.441664860520927 ] ] ] } },
{ "type": "Feature", "properties": { "Id": null, "__source_file": "Export_Output.shp", "OBJECTID": 181674.0, "SHAPE_Leng": 395.18397876300003, "SHAPE_Area": 6420.3466738899997, "Town": "Allama Iqbal Town", "UC_N0": "UC_120", "Landuse": "V", "KA": null, "Name": null, "Plot_No": "71", "Block": "H" }, "geometry": { "type": "Polygon", "coordinates": [ [ [ 74.261129550698783, 31.441714305181467 ], [ 74.261011504002738, 31.441485237815435 ], [ 74.260894834961249, 31.441528496032859 ], [ 74.260864451053067, 31.441539761668231 ], [ 74.260981956975996, 31.441766852276032 ], [ 74.261129550698783, 31.441714305181467 ] ] ] } },
{ "type": "Feature", "properties": { "Id": null, "__source_file": "Export_Output.shp", "OBJECTID": 181711.0, "SHAPE_Leng": 68.801034737999998, "SHAPE_Area": 259.56308780199998, "Town": "Allama Iqbal Town", "UC_N0": "UC_120", "Landuse": "V", "KA": null, "Name": null, "Plot_No": "2", "Block": "H" }, "geometry": { "type": "Polygon", "coordinates": [ [ [ 74.263731963327089, 31.439143711899952 ], [ 74.26364514194178, 31.438925807319364 ], [ 74.263574174560461, 31.438950884075236 ], [ 74.263675518582772, 31.439163853162473 ], [ 74.263731963327089, 31.439143711899952 ] ] ] } },
{ "type": "Feature", "properties": { "Id": null, "__source_file": "Export_Output.shp", "OBJECTID": 181711.0, "SHAPE_Leng": 68.801034737999998, "SHAPE_Area": 259.56308780199998, "Town": "Allama Iqbal Town", "UC_N0": "UC_120", "Landuse": "V", "KA": null, "Name": null, "Plot_No": "3", "Block": "H" }, "geometry": { "type": "Polygon", "coordinates": [ [ [ 74.263675518582772, 31.439163853162473 ], [ 74.263574174560461, 31.438950884075236 ], [ 74.263529147855522, 31.438966794507799 ], [ 74.263618360001601, 31.439184249110053 ], [ 74.263675518582772, 31.439163853162473 ] ] ] } },
{ "type": "Feature", "properties": { "Id": null, "__source_file": "Export_Output.shp", "OBJECTID": 181711.0, "SHAPE_Leng": 68.801034737999998, "SHAPE_Area": 259.56308780199998, "Town": "Allama Iqbal Town", "UC_N0": "UC_120", "Landuse": "V", "KA": null, "Name": null, "Plot_No": "5", "Block": "H" }, "geometry": { "type": "Polygon", "coordinates": [ [ [ 74.263569341409806, 31.439201740291988 ], [ 74.26345804494558, 31.438991919136491 ], [ 74.263423738998455, 31.439004041367653 ], [ 74.263509090416207, 31.439223239316675 ], [ 74.263569341409806, 31.439201740291988 ] ] ] } },
{ "type": "Feature", "properties": { "Id": null, "__source_file": "Export_Output.shp", "OBJECTID": 181711.0, "SHAPE_Leng": 68.801034737999998, "SHAPE_Area": 259.56308780199998, "Town": "Allama Iqbal Town", "UC_N0": "UC_120", "Landuse": "V", "KA": null, "Name": null, "Plot_No": "6", "Block": "H" }, "geometry": { "type": "Polygon", "coordinates": [ [ [ 74.263509090416207, 31.439223239316675 ], [ 74.263423738998455, 31.439004041367653 ], [ 74.263382457601168, 31.439018628403396 ], [ 74.263356399712606, 31.439027836137971 ], [ 74.26344770518655, 31.439245143163728 ], [ 74.263485270072778, 31.439231738985782 ], [ 74.263509090416207, 31.439223239316675 ] ] ] } },
{ "type": "Feature", "properties": { "Id": null, "__source_file": "Export_Output.shp", "OBJECTID": 181711.0, "SHAPE_Leng": 68.801034737999998, "SHAPE_Area": 259.56308780199998, "Town": "Allama Iqbal Town", "UC_N0": "UC_120", "Landuse": "V", "KA": null, "Name": null, "Plot_No": "7", "Block": "H" }, "geometry": { "type": "Polygon", "coordinates": [ [ [ 74.26344770518655, 31.439245143163728 ], [ 74.263356399712606, 31.439027836137971 ], [ 74.263310087737025, 31.439044200776166 ], [ 74.263395390675797, 31.439263810394916 ], [ 74.263396808277562, 31.439263304547808 ], [ 74.26344770518655, 31.439245143163728 ] ] ] } },
{ "type": "Feature", "properties": { "Id": null, "__source_file": "Export_Output.shp", "OBJECTID": 181711.0, "SHAPE_Leng": 68.801034737999998, "SHAPE_Area": 259.56308780199998, "Town": "Allama Iqbal Town", "UC_N0": "UC_120", "Landuse": "V", "KA": null, "Name": null, "Plot_No": "8", "Block": "H" }, "geometry": { "type": "Polygon", "coordinates": [ [ [ 74.263395390675797, 31.439263810394916 ], [ 74.263310087737025, 31.439044200776166 ], [ 74.263290947736465, 31.43905096401339 ], [ 74.263238965128195, 31.439069332135745 ], [ 74.263347253841147, 31.439280987193303 ], [ 74.263395390675797, 31.439263810394916 ] ] ] } },
{ "type": "Feature", "properties": { "Id": null, "__source_file": "Export_Output.shp", "OBJECTID": 181711.0, "SHAPE_Leng": 68.801034737999998, "SHAPE_Area": 259.56308780199998, "Town": "Allama Iqbal Town", "UC_N0": "UC_120", "Landuse": "V", "KA": null, "Name": null, "Plot_No": "9", "Block": "H" }, "geometry": { "type": "Polygon", "coordinates": [ [ [ 74.263347253841147, 31.439280987193303 ], [ 74.263238965128195, 31.439069332135745 ], [ 74.263204838442022, 31.439081390829251 ], [ 74.26319180453838, 31.439085996372498 ], [ 74.26328046552635, 31.439304819239673 ], [ 74.263310547677818, 31.43929408513748 ], [ 74.263347253841147, 31.439280987193303 ] ] ] } },
{ "type": "Feature", "properties": { "Id": null, "__source_file": "Export_Output.shp", "OBJECTID": 181711.0, "SHAPE_Leng": 68.801034737999998, "SHAPE_Area": 259.56308780199998, "Town": "Allama Iqbal Town", "UC_N0": "UC_120", "Landuse": "V", "KA": null, "Name": null, "Plot_No": "12", "Block": "H" }, "geometry": { "type": "Polygon", "coordinates": [ [ [ 74.263167310855991, 31.439345195713653 ], [ 74.26307337107896, 31.43912784487469 ], [ 74.263021499273606, 31.439146173747709 ], [ 74.263117623877065, 31.439362925252791 ], [ 74.263167310855991, 31.439345195713653 ] ] ] } },
{ "type": "Feature", "properties": { "Id": null, "__source_file": "Export_Output.shp", "OBJECTID": 181711.0, "SHAPE_Leng": 68.801034737999998, "SHAPE_Area": 259.56308780199998, "Town": "Allama Iqbal Town", "UC_N0": "UC_120", "Landuse": "V", "KA": null, "Name": null, "Plot_No": "11", "Block": "H" }, "geometry": { "type": "Polygon", "coordinates": [ [ [ 74.263229639458828, 31.439322955294344 ], [ 74.26312016740188, 31.43911130939609 ], [ 74.263073371078946, 31.439127844874683 ], [ 74.263167310855991, 31.439345195713642 ], [ 74.263229639458828, 31.439322955294344 ] ] ] } },
{ "type": "Feature", "properties": { "Id": null, "__source_file": "Export_Output.shp", "OBJECTID": 181711.0, "SHAPE_Leng": 68.801034737999998, "SHAPE_Area": 259.56308780199998, "Town": "Allama Iqbal Town", "UC_N0": "UC_120", "Landuse": "V", "KA": null, "Name": null, "Plot_No": "10", "Block": "H" }, "geometry": { "type": "Polygon", "coordinates": [ [ [ 74.26328046552635, 31.439304819239673 ], [ 74.26319180453838, 31.439085996372498 ], [ 74.263120167401894, 31.439111309396075 ], [ 74.263229639458828, 31.439322955294344 ], [ 74.26328046552635, 31.439304819239673 ] ] ] } },
{ "type": "Feature", "properties": { "Id": null, "__source_file": "Export_Output.shp", "OBJECTID": 175337.0, "SHAPE_Leng": 336.92160991600002, "SHAPE_Area": 3071.5017865999998, "Town": "Allama Iqbal Town", "UC_N0": "UC_120", "Landuse": "R", "KA": null, "Name": null, "Plot_No": "2", "Block": "E" }, "geometry": { "type": "Polygon", "coordinates": [ [ [ 74.262617948977123, 31.439108111117278 ], [ 74.262418614680186, 31.439183977126262 ], [ 74.262453532016011, 31.439255447874892 ], [ 74.262658026466667, 31.439186955055696 ], [ 74.262617948977123, 31.439108111117278 ] ] ] } },
{ "type": "Feature", "properties": { "Id": null, "__source_file": "Export_Output.shp", "OBJECTID": 175337.0, "SHAPE_Leng": 336.92160991600002, "SHAPE_Area": 3071.5017865999998, "Town": "Allama Iqbal Town", "UC_N0": "UC_120", "Landuse": "R", "KA": null, "Name": null, "Plot_No": "3", "Block": "E" }, "geometry": { "type": "Polygon", "coordinates": [ [ [ 74.262617948977123, 31.439108111117278 ], [ 74.26256901939766, 31.439011852381427 ], [ 74.262374241303419, 31.439093151058636 ], [ 74.262418614680186, 31.439183977126266 ], [ 74.262617948977123, 31.439108111117278 ] ] ] } },
{ "type": "Feature", "properties": { "Id": null, "__source_file": "Export_Output.shp", "OBJECTID": 175337.0, "SHAPE_Leng": 336.92160991600002, "SHAPE_Area": 3071.5017865999998, "Town": "Allama Iqbal Town", "UC_N0": "UC_120", "Landuse": "R", "KA": null, "Name": null, "Plot_No": "4", "Block": "E" }, "geometry": { "type": "Polygon", "coordinates": [ [ [ 74.26256901939766, 31.439011852381427 ], [ 74.262527445044967, 31.438930063352544 ], [ 74.262329045877266, 31.43900359585491 ], [ 74.262355532803596, 31.439054857331964 ], [ 74.262374241303419, 31.439093151058636 ], [ 74.26256901939766, 31.439011852381427 ] ] ] } },
{ "type": "Feature", "properties": { "Id": null, "__source_file": "Export_Output.shp", "OBJECTID": 175337.0, "SHAPE_Leng": 336.92160991600002, "SHAPE_Area": 3071.5017865999998, "Town": "Allama Iqbal Town", "UC_N0": "UC_120", "Landuse": "R", "KA": null, "Name": null, "Plot_No": "5", "Block": "E" }, "geometry": { "type": "Polygon", "coordinates": [ [ [ 74.262527445044967, 31.438930063352544 ], [ 74.262484032072393, 31.438844657052027 ], [ 74.262286442513627, 31.438921143301894 ], [ 74.262329045877266, 31.439003595854896 ], [ 74.262527445044967, 31.438930063352544 ] ] ] } },
{ "type": "Feature", "properties": { "Id": null, "__source_file": "Export_Output.shp", "OBJECTID": 175337.0, "SHAPE_Leng": 336.92160991600002, "SHAPE_Area": 3071.5017865999998, "Town": "Allama Iqbal Town", "UC_N0": "UC_120", "Landuse": "R", "KA": null, "Name": null, "Plot_No": "6", "Block": "E" }, "geometry": { "type": "Polygon", "coordinates": [ [ [ 74.262484032072393, 31.438844657052027 ], [ 74.262439056551401, 31.438756176575396 ], [ 74.262238362765657, 31.438828091823854 ], [ 74.262286442513627, 31.438921143301894 ], [ 74.262484032072393, 31.438844657052027 ] ] ] } },
{ "type": "Feature", "properties": { "Id": null, "__source_file": "Export_Output.shp", "OBJECTID": 175337.0, "SHAPE_Leng": 336.92160991600002, "SHAPE_Area": 3071.5017865999998, "Town": "Allama Iqbal Town", "UC_N0": "UC_120", "Landuse": "R", "KA": null, "Name": null, "Plot_No": "7", "Block": "E" }, "geometry": { "type": "Polygon", "coordinates": [ [ [ 74.262439056551401, 31.438756176575396 ], [ 74.262392621684256, 31.438664824934605 ], [ 74.26219564020569, 31.438745408250544 ], [ 74.262238362765657, 31.438828091823854 ], [ 74.262439056551401, 31.438756176575396 ] ] ] } },
{ "type": "Feature", "properties": { "Id": null, "__source_file": "Export_Output.shp", "OBJECTID": 175337.0, "SHAPE_Leng": 336.92160991600002, "SHAPE_Area": 3071.5017865999998, "Town": "Allama Iqbal Town", "UC_N0": "UC_120", "Landuse": "R", "KA": null, "Name": null, "Plot_No": "8", "Block": "E" }, "geometry": { "type": "Polygon", "coordinates": [ [ [ 74.262392621684256, 31.438664824934605 ], [ 74.262350286926321, 31.438581539301236 ], [ 74.26214839595886, 31.438653973398356 ], [ 74.26219564020569, 31.438745408250544 ], [ 74.262392621684256, 31.438664824934605 ] ] ] } },
{ "type": "Feature", "properties": { "Id": null, "__source_file": "Export_Output.shp", "OBJECTID": 175337.0, "SHAPE_Leng": 336.92160991600002, "SHAPE_Area": 3071.5017865999998, "Town": "Allama Iqbal Town", "UC_N0": "UC_120", "Landuse": "R", "KA": null, "Name": null, "Plot_No": "9", "Block": "E" }, "geometry": { "type": "Polygon", "coordinates": [ [ [ 74.262350286926321, 31.438581539301246 ], [ 74.262303121306459, 31.438488749673269 ], [ 74.262105926387619, 31.438571779121336 ], [ 74.26214839595886, 31.438653973398356 ], [ 74.262350286926321, 31.438581539301246 ] ] ] } },
{ "type": "Feature", "properties": { "Id": null, "__source_file": "Export_Output.shp", "OBJECTID": 175337.0, "SHAPE_Leng": 336.92160991600002, "SHAPE_Area": 3071.5017865999998, "Town": "Allama Iqbal Town", "UC_N0": "UC_120", "Landuse": "R", "KA": null, "Name": null, "Plot_No": "10", "Block": "E" }, "geometry": { "type": "Polygon", "coordinates": [ [ [ 74.262303121306459, 31.43848874967259 ], [ 74.26226236177078, 31.438408562670855 ], [ 74.262057198467375, 31.438477472440781 ], [ 74.262105926387619, 31.438571779121336 ], [ 74.262303121306459, 31.43848874967259 ] ] ] } },
{ "type": "Feature", "properties": { "Id": null, "__source_file": "Export_Output.shp", "OBJECTID": 175337.0, "SHAPE_Leng": 336.92160991600002, "SHAPE_Area": 3071.5017865999998, "Town": "Allama Iqbal Town", "UC_N0": "UC_120", "Landuse": "R", "KA": null, "Name": null, "Plot_No": "11", "Block": "E" }, "geometry": { "type": "Polygon", "coordinates": [ [ [ 74.26226236177078, 31.438408562671523 ], [ 74.262219894842929, 31.438325016528569 ], [ 74.262014696841263, 31.43839521579234 ], [ 74.262057198467375, 31.438477472440781 ], [ 74.26226236177078, 31.438408562671523 ] ] ] } },
{ "type": "Feature", "properties": { "Id": null, "__source_file": "Export_Output.shp", "OBJECTID": 175337.0, "SHAPE_Leng": 336.92160991600002, "SHAPE_Area": 3071.5017865999998, "Town": "Allama Iqbal Town", "UC_N0": "UC_120", "Landuse": "R", "KA": null, "Name": null, "Plot_No": "12", "Block": "E" }, "geometry": { "type": "Polygon", "coordinates": [ [ [ 74.262219894842929, 31.438325016528569 ], [ 74.262169603081915, 31.438226076208597 ], [ 74.261970742434713, 31.438310147303472 ], [ 74.262014696841263, 31.43839521579234 ], [ 74.262219894842929, 31.438325016528569 ] ] ] } },
{ "type": "Feature", "properties": { "Id": null, "__source_file": "Export_Output.shp", "OBJECTID": 181711.0, "SHAPE_Leng": 68.801034737999998, "SHAPE_Area": 259.56308780199998, "Town": "Allama Iqbal Town", "UC_N0": "UC_120", "Landuse": "V", "KA": null, "Name": null, "Plot_No": "14", "Block": "H" }, "geometry": { "type": "Polygon", "coordinates": [ [ [ 74.263055632645219, 31.439385045216092 ], [ 74.262969654644337, 31.43916449298974 ], [ 74.262907260576384, 31.43918653982664 ], [ 74.263006308851175, 31.439402645103616 ], [ 74.263055632645219, 31.439385045216092 ] ] ] } },
{ "type": "Feature", "properties": { "Id": null, "__source_file": "Export_Output.shp", "OBJECTID": 181711.0, "SHAPE_Leng": 68.801034737999998, "SHAPE_Area": 259.56308780199998, "Town": "Allama Iqbal Town", "UC_N0": "UC_120", "Landuse": "V", "KA": null, "Name": null, "Plot_No": "15", "Block": "H" }, "geometry": { "type": "Polygon", "coordinates": [ [ [ 74.263006308851175, 31.439402645103616 ], [ 74.262907260576384, 31.43918653982664 ], [ 74.262856510431561, 31.439204472272962 ], [ 74.262942832056396, 31.43942529507612 ], [ 74.263006308851175, 31.439402645103616 ] ] ] } },
{ "type": "Feature", "properties": { "Id": null, "__source_file": "Export_Output.shp", "OBJECTID": 181711.0, "SHAPE_Leng": 68.801034737999998, "SHAPE_Area": 259.56308780199998, "Town": "Allama Iqbal Town", "UC_N0": "UC_120", "Landuse": "V", "KA": null, "Name": null, "Plot_No": "17", "Block": "H" }, "geometry": { "type": "Polygon", "coordinates": [ [ [ 74.262900693027916, 31.439440331221885 ], [ 74.26278883299284, 31.439228385897188 ], [ 74.262745521390443, 31.439243689899396 ], [ 74.262835891572792, 31.439463453790509 ], [ 74.262900693027916, 31.439440331221885 ] ] ] } },
{ "type": "Feature", "properties": { "Id": null, "__source_file": "Export_Output.shp", "OBJECTID": 181711.0, "SHAPE_Leng": 68.801034737999998, "SHAPE_Area": 259.56308780199998, "Town": "Allama Iqbal Town", "UC_N0": "UC_120", "Landuse": "V", "KA": null, "Name": null, "Plot_No": "18", "Block": "H" }, "geometry": { "type": "Polygon", "coordinates": [ [ [ 74.262835891572792, 31.439463453790509 ], [ 74.262745521390443, 31.439243689899396 ], [ 74.262694990903086, 31.439261544644118 ], [ 74.262706267128323, 31.439284298732222 ], [ 74.262687378434094, 31.439290545669905 ], [ 74.262780081487094, 31.439483368010858 ], [ 74.262801186510757, 31.439475837293184 ], [ 74.262835891572792, 31.439463453790509 ] ] ] } },
{ "type": "Feature", "properties": { "Id": null, "__source_file": "Export_Output.shp", "OBJECTID": 181711.0, "SHAPE_Leng": 68.801034737999998, "SHAPE_Area": 259.56308780199998, "Town": "Allama Iqbal Town", "UC_N0": "UC_120", "Landuse": "V", "KA": null, "Name": null, "Plot_No": "20", "Block": "H" }, "geometry": { "type": "Polygon", "coordinates": [ [ [ 74.262717816576313, 31.439505585416903 ], [ 74.262630956353746, 31.43930920576404 ], [ 74.262595574471803, 31.43932090735867 ], [ 74.262568376963898, 31.43932990242482 ], [ 74.262669030629553, 31.439522993130581 ], [ 74.262693397213255, 31.439514298738729 ], [ 74.262717816576313, 31.439505585416903 ] ] ] } },
{ "type": "Feature", "properties": { "Id": null, "__source_file": "Export_Output.shp", "OBJECTID": 181711.0, "SHAPE_Leng": 68.801034737999998, "SHAPE_Area": 259.56308780199998, "Town": "Allama Iqbal Town", "UC_N0": "UC_120", "Landuse": "V", "KA": null, "Name": null, "Plot_No": "21", "Block": "H" }, "geometry": { "type": "Polygon", "coordinates": [ [ [ 74.262669030629553, 31.439522993130581 ], [ 74.262568376963898, 31.43932990242482 ], [ 74.26250082233669, 31.439352244819119 ], [ 74.262596829455532, 31.439548755642246 ], [ 74.262669030629553, 31.439522993130581 ] ] ] } },
{ "type": "Feature", "properties": { "Id": null, "__source_file": "Export_Output.shp", "OBJECTID": 165679.0, "SHAPE_Leng": 162.184802389, "SHAPE_Area": 1615.18629573, "Town": "Allama Iqbal Town", "UC_N0": "UC_120", "Landuse": "V", "KA": null, "Name": null, "Plot_No": "147", "Block": "H" }, "geometry": { "type": "Polygon", "coordinates": [ [ [ 74.259687036006795, 31.440272739078353 ], [ 74.259615307074014, 31.440130386776442 ], [ 74.259399749797552, 31.440202257353114 ], [ 74.259470279601388, 31.440345216288499 ], [ 74.259687036006795, 31.440272739078353 ] ] ] } },
{ "type": "Feature", "properties": { "Id": null, "__source_file": "Export_Output.shp", "OBJECTID": 165679.0, "SHAPE_Leng": 162.184802389, "SHAPE_Area": 1615.18629573, "Town": "Allama Iqbal Town", "UC_N0": "UC_120", "Landuse": "V", "KA": null, "Name": null, "Plot_No": "148", "Block": "H" }, "geometry": { "type": "Polygon", "coordinates": [ [ [ 74.259687036006795, 31.440272739078353 ], [ 74.259470279601388, 31.440345216288499 ], [ 74.259508386388049, 31.440422455862542 ], [ 74.259727813035909, 31.440353664430571 ], [ 74.259687036006795, 31.440272739078353 ] ] ] } },
{ "type": "Feature", "properties": { "Id": null, "__source_file": "Export_Output.shp", "OBJECTID": 165679.0, "SHAPE_Leng": 162.184802389, "SHAPE_Area": 1615.18629573, "Town": "Allama Iqbal Town", "UC_N0": "UC_120", "Landuse": "R", "KA": null, "Name": null, "Plot_No": "149", "Block": "H" }, "geometry": { "type": "Polygon", "coordinates": [ [ [ 74.259727813035909, 31.440353664430571 ], [ 74.259508386388049, 31.440422455862542 ], [ 74.259545970875365, 31.440498636642268 ], [ 74.25974952496891, 31.440426815681544 ], [ 74.259762386315614, 31.440422277817092 ], [ 74.259727813035909, 31.440353664430571 ] ] ] } },
{ "type": "Feature", "properties": { "Id": null, "__source_file": "Export_Output.shp", "OBJECTID": 175313.0, "SHAPE_Leng": 269.14701225800002, "SHAPE_Area": 4085.2650025900002, "Town": "Allama Iqbal Town", "UC_N0": "UC_120", "Landuse": "V", "KA": null, "Name": null, "Plot_No": "152", "Block": "H" }, "geometry": { "type": "Polygon", "coordinates": [ [ [ 74.259894440640323, 31.440697677387913 ], [ 74.259854519272409, 31.44061714988873 ], [ 74.25964301223074, 31.440695329703516 ], [ 74.259679661936616, 31.440769615166957 ], [ 74.259894440640323, 31.440697677387913 ] ] ] } },
{ "type": "Feature", "properties": { "Id": null, "__source_file": "Export_Output.shp", "OBJECTID": 175313.0, "SHAPE_Leng": 269.14701225800002, "SHAPE_Area": 4085.2650025900002, "Town": "Allama Iqbal Town", "UC_N0": "UC_120", "Landuse": "R", "KA": null, "Name": null, "Plot_No": "153", "Block": "H" }, "geometry": { "type": "Polygon", "coordinates": [ [ [ 74.259941045694802, 31.440791686717354 ], [ 74.259894440640323, 31.440697677387913 ], [ 74.259679661936616, 31.440769615166957 ], [ 74.25972959845349, 31.440870831528894 ], [ 74.259941045694802, 31.440791686717354 ] ] ] } },
{ "type": "Feature", "properties": { "Id": null, "__source_file": "Export_Output.shp", "OBJECTID": 175313.0, "SHAPE_Leng": 269.14701225800002, "SHAPE_Area": 4085.2650025900002, "Town": "Allama Iqbal Town", "UC_N0": "UC_120", "Landuse": "C", "KA": null, "Name": "Info State Consultant", "Plot_No": "154", "Block": "H" }, "geometry": { "type": "Polygon", "coordinates": [ [ [ 74.259987195160235, 31.440884776857459 ], [ 74.259941045694802, 31.440791686717354 ], [ 74.25972959845349, 31.440870831528894 ], [ 74.259775377040867, 31.440963619975641 ], [ 74.259987195160235, 31.440884776857459 ] ] ] } },
{ "type": "Feature", "properties": { "Id": null, "__source_file": "Export_Output.shp", "OBJECTID": 175313.0, "SHAPE_Leng": 269.14701225800002, "SHAPE_Area": 4085.2650025900002, "Town": "Allama Iqbal Town", "UC_N0": "UC_120", "Landuse": "R", "KA": null, "Name": null, "Plot_No": "155", "Block": "H" }, "geometry": { "type": "Polygon", "coordinates": [ [ [ 74.260031164333256, 31.440973468849162 ], [ 74.259987195160235, 31.440884776857459 ], [ 74.259775377040867, 31.440963619975641 ], [ 74.25981547336383, 31.441044890901008 ], [ 74.260031164333256, 31.440973468849162 ] ] ] } },
{ "type": "Feature", "properties": { "Id": null, "__source_file": "Export_Output.shp", "OBJECTID": 175313.0, "SHAPE_Leng": 269.14701225800002, "SHAPE_Area": 4085.2650025900002, "Town": "Allama Iqbal Town", "UC_N0": "UC_120", "Landuse": "V", "KA": null, "Name": null, "Plot_No": "156", "Block": "H" }, "geometry": { "type": "Polygon", "coordinates": [ [ [ 74.260069829570696, 31.441051461910472 ], [ 74.260031164333256, 31.440973468849162 ], [ 74.25981547336383, 31.441044890901008 ], [ 74.259854220755699, 31.441123427101335 ], [ 74.260069829570696, 31.441051461910472 ] ] ] } },
{ "type": "Feature", "properties": { "Id": null, "__source_file": "Export_Output.shp", "OBJECTID": 175313.0, "SHAPE_Leng": 269.14701225800002, "SHAPE_Area": 4085.2650025900002, "Town": "Allama Iqbal Town", "UC_N0": "UC_120", "Landuse": "V", "KA": null, "Name": null, "Plot_No": "157", "Block": "H" }, "geometry": { "type": "Polygon", "coordinates": [ [ [ 74.260116559487841, 31.441145722346633 ], [ 74.260069829570696, 31.441051461910472 ], [ 74.259854220755699, 31.441123427101335 ], [ 74.259902694242342, 31.441221677702629 ], [ 74.260116559487841, 31.441145722346633 ] ] ] } },
{ "type": "Feature", "properties": { "Id": null, "__source_file": "Export_Output.shp", "OBJECTID": 175313.0, "SHAPE_Leng": 269.14701225800002, "SHAPE_Area": 4085.2650025900002, "Town": "Allama Iqbal Town", "UC_N0": "UC_120", "Landuse": "R", "KA": null, "Name": null, "Plot_No": "158", "Block": "H" }, "geometry": { "type": "Polygon", "coordinates": [ [ [ 74.260161042335156, 31.441235449956984 ], [ 74.260116559487841, 31.441145722346633 ], [ 74.259902694242342, 31.441221677702629 ], [ 74.259948244536034, 31.441314002685026 ], [ 74.260161042335156, 31.441235449956984 ] ] ] } },
{ "type": "Feature", "properties": { "Id": null, "__source_file": "Export_Output.shp", "OBJECTID": 175313.0, "SHAPE_Leng": 269.14701225800002, "SHAPE_Area": 4085.2650025900002, "Town": "Allama Iqbal Town", "UC_N0": "UC_120", "Landuse": "R", "KA": null, "Name": null, "Plot_No": "159", "Block": "H" }, "geometry": { "type": "Polygon", "coordinates": [ [ [ 74.260161042335156, 31.441235449957002 ], [ 74.259948244536034, 31.441314002685026 ], [ 74.260004603151913, 31.441428234571749 ], [ 74.260218029144994, 31.441350399396168 ], [ 74.260161042335156, 31.441235449957002 ] ] ] } },
{ "type": "Feature", "properties": { "Id": null, "__source_file": "Export_Output.shp", "OBJECTID": 175313.0, "SHAPE_Leng": 269.14701225800002, "SHAPE_Area": 4085.2650025900002, "Town": "Allama Iqbal Town", "UC_N0": "UC_120", "Landuse": "C", "KA": null, "Name": null, "Plot_No": "139", "Block": "H" }, "geometry": { "type": "Polygon", "coordinates": [ [ [ 74.260396721847243, 31.441148450044011 ], [ 74.260353324881251, 31.441061633324292 ], [ 74.260116559487841, 31.441145722346633 ], [ 74.260161042335156, 31.441235449956984 ], [ 74.260396721847243, 31.441148450044011 ] ] ] } },
{ "type": "Feature", "properties": { "Id": null, "__source_file": "Export_Output.shp", "OBJECTID": 175313.0, "SHAPE_Leng": 269.14701225800002, "SHAPE_Area": 4085.2650025900002, "Town": "Allama Iqbal Town", "UC_N0": "UC_120", "Landuse": "R", "KA": null, "Name": null, "Plot_No": "140", "Block": "H" }, "geometry": { "type": "Polygon", "coordinates": [ [ [ 74.260353324881251, 31.441061633324292 ], [ 74.260308430753085, 31.440971821862259 ], [ 74.260069829570696, 31.441051461910472 ], [ 74.260116559487841, 31.441145722346633 ], [ 74.260353324881251, 31.441061633324292 ] ] ] } },
{ "type": "Feature", "properties": { "Id": null, "__source_file": "Export_Output.shp", "OBJECTID": 175313.0, "SHAPE_Leng": 269.14701225800002, "SHAPE_Area": 4085.2650025900002, "Town": "Allama Iqbal Town", "UC_N0": "UC_120", "Landuse": "V", "KA": null, "Name": null, "Plot_No": "141", "Block": "H" }, "geometry": { "type": "Polygon", "coordinates": [ [ [ 74.260308430753085, 31.440971821862259 ], [ 74.260269760768622, 31.440894461524827 ], [ 74.260031164333256, 31.440973468849162 ], [ 74.260069829570696, 31.441051461910472 ], [ 74.260308430753085, 31.440971821862259 ] ] ] } },
{ "type": "Feature", "properties": { "Id": null, "__source_file": "Export_Output.shp", "OBJECTID": 175313.0, "SHAPE_Leng": 269.14701225800002, "SHAPE_Area": 4085.2650025900002, "Town": "Allama Iqbal Town", "UC_N0": "UC_120", "Landuse": "R", "KA": null, "Name": null, "Plot_No": "142", "Block": "H" }, "geometry": { "type": "Polygon", "coordinates": [ [ [ 74.260269760768622, 31.440894461524827 ], [ 74.260221351974266, 31.440797618245469 ], [ 74.259987195160235, 31.440884776857459 ], [ 74.260031164333256, 31.440973468849162 ], [ 74.260269760768622, 31.440894461524827 ] ] ] } },
{ "type": "Feature", "properties": { "Id": null, "__source_file": "Export_Output.shp", "OBJECTID": 175313.0, "SHAPE_Leng": 269.14701225800002, "SHAPE_Area": 4085.2650025900002, "Town": "Allama Iqbal Town", "UC_N0": "UC_120", "Landuse": "R", "KA": null, "Name": null, "Plot_No": "143", "Block": "H" }, "geometry": { "type": "Polygon", "coordinates": [ [ [ 74.260221351974266, 31.440797618245469 ], [ 74.260174674688187, 31.44070423869902 ], [ 74.259941045694802, 31.440791686717354 ], [ 74.259987195160235, 31.440884776857459 ], [ 74.260221351974266, 31.440797618245469 ] ] ] } },
{ "type": "Feature", "properties": { "Id": null, "__source_file": "Export_Output.shp", "OBJECTID": 175313.0, "SHAPE_Leng": 269.14701225800002, "SHAPE_Area": 4085.2650025900002, "Town": "Allama Iqbal Town", "UC_N0": "UC_120", "Landuse": "R", "KA": null, "Name": null, "Plot_No": "144", "Block": "H" }, "geometry": { "type": "Polygon", "coordinates": [ [ [ 74.260174674688187, 31.44070423869902 ], [ 74.260131675703022, 31.440618217546344 ], [ 74.259894440640352, 31.440697677387959 ], [ 74.259941045694802, 31.440791686717354 ], [ 74.260174674688187, 31.44070423869902 ] ] ] } },
{ "type": "Feature", "properties": { "Id": null, "__source_file": "Export_Output.shp", "OBJECTID": 175313.0, "SHAPE_Leng": 269.14701225800002, "SHAPE_Area": 4085.2650025900002, "Town": "Allama Iqbal Town", "UC_N0": "UC_120", "Landuse": "V", "KA": null, "Name": null, "Plot_No": "145", "Block": "H" }, "geometry": { "type": "Polygon", "coordinates": [ [ [ 74.260131675703022, 31.440618217546344 ], [ 74.260088001884341, 31.440530846189997 ], [ 74.259858670442, 31.440615615477903 ], [ 74.259854519272409, 31.44061714988873 ], [ 74.259894440640352, 31.440697677387959 ], [ 74.260131675703022, 31.440618217546344 ] ] ] } },
{ "type": "Feature", "properties": { "Id": null, "__source_file": "Export_Output.shp", "OBJECTID": 165680.0, "SHAPE_Leng": 93.6440051238, "SHAPE_Area": 547.95294972500005, "Town": "Allama Iqbal Town", "UC_N0": "UC_120", "Landuse": "V", "KA": null, "Name": null, "Plot_No": "147", "Block": "H" }, "geometry": { "type": "Polygon", "coordinates": [ [ [ 74.260040607699182, 31.440436031729845 ], [ 74.259993050386512, 31.440340890718726 ], [ 74.259762386315614, 31.440422277817092 ], [ 74.259807965863786, 31.4405138004403 ], [ 74.260040607699182, 31.440436031729845 ] ] ] } },
{ "type": "Feature", "properties": { "Id": null, "__source_file": "Export_Output.shp", "OBJECTID": 165679.0, "SHAPE_Leng": 162.184802389, "SHAPE_Area": 1615.18629573, "Town": "Allama Iqbal Town", "UC_N0": "UC_120", "Landuse": "V", "KA": null, "Name": null, "Plot_No": "148", "Block": "H" }, "geometry": { "type": "Polygon", "coordinates": [ [ [ 74.259962636307506, 31.440280045542799 ], [ 74.259727813035894, 31.440353664430571 ], [ 74.259762386315614, 31.440422277817092 ], [ 74.259993050386512, 31.440340890718726 ], [ 74.259962636307506, 31.440280045542799 ] ] ] } },
{ "type": "Feature", "properties": { "Id": null, "__source_file": "Export_Output.shp", "OBJECTID": 165679.0, "SHAPE_Leng": 162.184802389, "SHAPE_Area": 1615.18629573, "Town": "Allama Iqbal Town", "UC_N0": "UC_120", "Landuse": "V", "KA": null, "Name": null, "Plot_No": "149", "Block": "H" }, "geometry": { "type": "Polygon", "coordinates": [ [ [ 74.259920039848083, 31.440194828647552 ], [ 74.259687036006795, 31.440272739078353 ], [ 74.259727813035894, 31.440353664430571 ], [ 74.25996263630752, 31.440280045542799 ], [ 74.259920039848083, 31.440194828647552 ] ] ] } },
{ "type": "Feature", "properties": { "Id": null, "__source_file": "Export_Output.shp", "OBJECTID": 165692.0, "SHAPE_Leng": 393.98898920200003, "SHAPE_Area": 4979.6418418699996, "Town": "Allama Iqbal Town", "UC_N0": "UC_120", "Landuse": "V", "KA": null, "Name": null, "Plot_No": "76E", "Block": "C" }, "geometry": { "type": "Polygon", "coordinates": [ [ [ 74.258461374687499, 31.437864308747059 ], [ 74.258402321501492, 31.437746706074318 ], [ 74.258373687352915, 31.43768968111717 ], [ 74.258354826166638, 31.437716802027083 ], [ 74.258284590567882, 31.437826702516645 ], [ 74.258232759537577, 31.437919081827388 ], [ 74.258225160088898, 31.437934554315461 ], [ 74.258183625675656, 31.438012142837138 ], [ 74.258461374687499, 31.437864308747059 ] ] ] } },
{ "type": "Feature", "properties": { "Id": null, "__source_file": "Export_Output.shp", "OBJECTID": 165692.0, "SHAPE_Leng": 393.98898920200003, "SHAPE_Area": 4979.6418418699996, "Town": "Allama Iqbal Town", "UC_N0": "UC_120", "Landuse": "V", "KA": null, "Name": null, "Plot_No": "76D", "Block": "C" }, "geometry": { "type": "Polygon", "coordinates": [ [ [ 74.258526153328631, 31.437993313131123 ], [ 74.258461374687499, 31.437864308747059 ], [ 74.258183625675656, 31.438012142837138 ], [ 74.258181544838862, 31.438016029948532 ], [ 74.258235620034611, 31.438122196266292 ], [ 74.258526153328631, 31.437993313131123 ] ] ] } },
{ "type": "Feature", "properties": { "Id": null, "__source_file": "Export_Output.shp", "OBJECTID": 165692.0, "SHAPE_Leng": 393.98898920200003, "SHAPE_Area": 4979.6418418699996, "Town": "Allama Iqbal Town", "UC_N0": "UC_120", "Landuse": "V", "KA": null, "Name": null, "Plot_No": "76C", "Block": "C" }, "geometry": { "type": "Polygon", "coordinates": [ [ [ 74.258584589378415, 31.438109686141718 ], [ 74.258526153328631, 31.437993313131123 ], [ 74.258235620034611, 31.438122196266292 ], [ 74.258286717630199, 31.438222516397779 ], [ 74.258584589378415, 31.438109686141718 ] ] ] } },
{ "type": "Feature", "properties": { "Id": null, "__source_file": "Export_Output.shp", "OBJECTID": 165692.0, "SHAPE_Leng": 393.98898920200003, "SHAPE_Area": 4979.6418418699996, "Town": "Allama Iqbal Town", "UC_N0": "UC_120", "Landuse": "V", "KA": null, "Name": null, "Plot_No": "76A", "Block": "C" }, "geometry": { "type": "Polygon", "coordinates": [ [ [ 74.258717059200265, 31.438373494417856 ], [ 74.25865876746721, 31.438257409492085 ], [ 74.258657813576278, 31.438255509848641 ], [ 74.258355847628025, 31.43835823925626 ], [ 74.258418083868335, 31.438480427246542 ], [ 74.258717059200265, 31.438373494417856 ] ] ] } },
{ "type": "Feature", "properties": { "Id": null, "__source_file": "Export_Output.shp", "OBJECTID": 165692.0, "SHAPE_Leng": 393.98898920200003, "SHAPE_Area": 4979.6418418699996, "Town": "Allama Iqbal Town", "UC_N0": "UC_120", "Landuse": "V", "KA": null, "Name": null, "Plot_No": "76", "Block": "C" }, "geometry": { "type": "Polygon", "coordinates": [ [ [ 74.258771796355035, 31.43848250030743 ], [ 74.258717059200265, 31.438373494417856 ], [ 74.258418083868335, 31.438480427246542 ], [ 74.258471857448541, 31.438586000278118 ], [ 74.258771796355035, 31.43848250030743 ] ] ] } },
{ "type": "Feature", "properties": { "Id": null, "__source_file": "Export_Output.shp", "OBJECTID": 165692.0, "SHAPE_Leng": 393.98898920200003, "SHAPE_Area": 4979.6418418699996, "Town": "Allama Iqbal Town", "UC_N0": "UC_120", "Landuse": "V", "KA": null, "Name": null, "Plot_No": "77", "Block": "C" }, "geometry": { "type": "Polygon", "coordinates": [ [ [ 74.258840654577156, 31.438619627103783 ], [ 74.258771796355035, 31.43848250030743 ], [ 74.258471857448541, 31.438586000278118 ], [ 74.258546309571813, 31.438732170826622 ], [ 74.258840654577156, 31.438619627103783 ] ] ] } },
{ "type": "Feature", "properties": { "Id": null, "__source_file": "Export_Output.shp", "OBJECTID": 165692.0, "SHAPE_Leng": 393.98898920200003, "SHAPE_Area": 4979.6418418699996, "Town": "Allama Iqbal Town", "UC_N0": "UC_120", "Landuse": "R", "KA": null, "Name": null, "Plot_No": "78", "Block": "C" }, "geometry": { "type": "Polygon", "coordinates": [ [ [ 74.258902036416472, 31.438741864794448 ], [ 74.258840654577156, 31.438619627103783 ], [ 74.258546309571813, 31.438732170826622 ], [ 74.258608634164972, 31.438854531231719 ], [ 74.258902036416472, 31.438741864794448 ] ] ] } },
{ "type": "Feature", "properties": { "Id": null, "__source_file": "Export_Output.shp", "OBJECTID": 165692.0, "SHAPE_Leng": 393.98898920200003, "SHAPE_Area": 4979.6418418699996, "Town": "Allama Iqbal Town", "UC_N0": "UC_120", "Landuse": "R", "KA": null, "Name": null, "Plot_No": "79", "Block": "C" }, "geometry": { "type": "Polygon", "coordinates": [ [ [ 74.258966265570194, 31.438869772349726 ], [ 74.258902036416472, 31.438741864794448 ], [ 74.258608634164972, 31.438854531231719 ], [ 74.25867287787851, 31.438980659041924 ], [ 74.258966265570194, 31.438869772349726 ] ] ] } },
{ "type": "Feature", "properties": { "Id": null, "__source_file": "Export_Output.shp", "OBJECTID": 165692.0, "SHAPE_Leng": 393.98898920200003, "SHAPE_Area": 4979.6418418699996, "Town": "Allama Iqbal Town", "UC_N0": "UC_120", "Landuse": "R", "KA": null, "Name": null, "Plot_No": "80", "Block": "C" }, "geometry": { "type": "Polygon", "coordinates": [ [ [ 74.259030526591232, 31.438997742992562 ], [ 74.258966265570194, 31.438869772349726 ], [ 74.25867287787851, 31.438980659041924 ], [ 74.25873807754607, 31.439108662850387 ], [ 74.259030526591232, 31.438997742992562 ] ] ] } },
{ "type": "Feature", "properties": { "Id": null, "__source_file": "Export_Output.shp", "OBJECTID": 165692.0, "SHAPE_Leng": 393.98898920200003, "SHAPE_Area": 4979.6418418699996, "Town": "Allama Iqbal Town", "UC_N0": "UC_120", "Landuse": "R", "KA": null, "Name": null, "Plot_No": "81", "Block": "C" }, "geometry": { "type": "Polygon", "coordinates": [ [ [ 74.259030526591232, 31.438997742992562 ], [ 74.25873807754607, 31.439108662850387 ], [ 74.258809872193439, 31.439249614770997 ], [ 74.259097361347912, 31.439130838625783 ], [ 74.259030526591232, 31.438997742992562 ] ] ] } },
{ "type": "Feature", "properties": { "Id": null, "__source_file": "Export_Output.shp", "OBJECTID": 165660.0, "SHAPE_Leng": 477.19252165, "SHAPE_Area": 6483.7306178, "Town": "Allama Iqbal Town", "UC_N0": "UC_120", "Landuse": "R", "KA": null, "Name": null, "Plot_No": "84", "Block": "C" }, "geometry": { "type": "Polygon", "coordinates": [ [ [ 74.259296246674594, 31.439504377883033 ], [ 74.259213904000191, 31.439376576293277 ], [ 74.258932510708931, 31.439490384958457 ], [ 74.258989111467315, 31.439601505714354 ], [ 74.259296246674594, 31.439504377883033 ] ] ] } },
{ "type": "Feature", "properties": { "Id": null, "__source_file": "Export_Output.shp", "OBJECTID": 165660.0, "SHAPE_Leng": 477.19252165, "SHAPE_Area": 6483.7306178, "Town": "Allama Iqbal Town", "UC_N0": "UC_120", "Landuse": "R", "KA": null, "Name": null, "Plot_No": "85", "Block": "C" }, "geometry": { "type": "Polygon", "coordinates": [ [ [ 74.259296246674594, 31.439504377883033 ], [ 74.258989111467315, 31.439601505714354 ], [ 74.259055887290188, 31.439732602179266 ], [ 74.259362955330928, 31.439607914093656 ], [ 74.259296246674594, 31.439504377883033 ] ] ] } },
{ "type": "Feature", "properties": { "Id": null, "__source_file": "Export_Output.shp", "OBJECTID": 165660.0, "SHAPE_Leng": 477.19252165, "SHAPE_Area": 6483.7306178, "Town": "Allama Iqbal Town", "UC_N0": "UC_120", "Landuse": "R", "KA": null, "Name": null, "Plot_No": "86", "Block": "C" }, "geometry": { "type": "Polygon", "coordinates": [ [ [ 74.259390869272153, 31.439596579328654 ], [ 74.259055887290188, 31.439732602179266 ], [ 74.259128387704379, 31.439874936902399 ], [ 74.259460123602494, 31.439750982635346 ], [ 74.259393784594934, 31.439611843082943 ], [ 74.259391414557598, 31.439602372247229 ], [ 74.259390869272153, 31.439596579328654 ] ] ] } },
{ "type": "Feature", "properties": { "Id": null, "__source_file": "Export_Output.shp", "OBJECTID": 165660.0, "SHAPE_Leng": 477.19252165, "SHAPE_Area": 6483.7306178, "Town": "Allama Iqbal Town", "UC_N0": "UC_120", "Landuse": "V", "KA": null, "Name": null, "Plot_No": "93", "Block": "C" }, "geometry": { "type": "Polygon", "coordinates": [ [ [ 74.259552930130951, 31.43928707928146 ], [ 74.259233792574776, 31.439407444770076 ], [ 74.259296246674594, 31.439504377883033 ], [ 74.259568520679792, 31.43941827370022 ], [ 74.259575017725908, 31.439406535279449 ], [ 74.259581126584791, 31.439387502936619 ], [ 74.2595832878539, 31.439367849602654 ], [ 74.259581435801806, 31.439348173073938 ], [ 74.259577230820696, 31.439333177229507 ], [ 74.259552930130951, 31.43928707928146 ] ] ] } },
{ "type": "Feature", "properties": { "Id": null, "__source_file": "Export_Output.shp", "OBJECTID": 165660.0, "SHAPE_Leng": 477.19252165, "SHAPE_Area": 6483.7306178, "Town": "Allama Iqbal Town", "UC_N0": "UC_120", "Landuse": "R", "KA": null, "Name": null, "Plot_No": "95", "Block": "C" }, "geometry": { "type": "Polygon", "coordinates": [ [ [ 74.259482478258235, 31.439153433136958 ], [ 74.25941976415973, 31.439034464310673 ], [ 74.259109905895826, 31.439155820037168 ], [ 74.259166287267931, 31.439268098618687 ], [ 74.259482478258235, 31.439153433136958 ] ] ] } },
{ "type": "Feature", "properties": { "Id": null, "__source_file": "Export_Output.shp", "OBJECTID": 165660.0, "SHAPE_Leng": 477.19252165, "SHAPE_Area": 6483.7306178, "Town": "Allama Iqbal Town", "UC_N0": "UC_120", "Landuse": "R", "KA": null, "Name": null, "Plot_No": "96", "Block": "C" }, "geometry": { "type": "Polygon", "coordinates": [ [ [ 74.25941976415973, 31.439034464310673 ], [ 74.259354257155849, 31.438910198574749 ], [ 74.259040244948807, 31.439017096285649 ], [ 74.259097361347912, 31.439130838625783 ], [ 74.259109905895826, 31.439155820037168 ], [ 74.25941976415973, 31.439034464310673 ] ] ] } },
{ "type": "Feature", "properties": { "Id": null, "__source_file": "Export_Output.shp", "OBJECTID": 165660.0, "SHAPE_Leng": 477.19252165, "SHAPE_Area": 6483.7306178, "Town": "Allama Iqbal Town", "UC_N0": "UC_120", "Landuse": "R", "KA": null, "Name": null, "Plot_No": "97", "Block": "C" }, "geometry": { "type": "Polygon", "coordinates": [ [ [ 74.259354257155849, 31.438910198574749 ], [ 74.259292555813317, 31.438793149942811 ], [ 74.258984173410255, 31.438905434407079 ], [ 74.259040244948807, 31.439017096285649 ], [ 74.259354257155849, 31.438910198574749 ] ] ] } },
{ "type": "Feature", "properties": { "Id": null, "__source_file": "Export_Output.shp", "OBJECTID": 165660.0, "SHAPE_Leng": 477.19252165, "SHAPE_Area": 6483.7306178, "Town": "Allama Iqbal Town", "UC_N0": "UC_120", "Landuse": "R", "KA": null, "Name": null, "Plot_No": "98", "Block": "C" }, "geometry": { "type": "Polygon", "coordinates": [ [ [ 74.259292555813317, 31.438793149942811 ], [ 74.259223485888285, 31.438662124961994 ], [ 74.258920433999251, 31.438778501592068 ], [ 74.258984173410255, 31.438905434407079 ], [ 74.259292555813317, 31.438793149942811 ] ] ] } },
{ "type": "Feature", "properties": { "Id": null, "__source_file": "Export_Output.shp", "OBJECTID": 165660.0, "SHAPE_Leng": 477.19252165, "SHAPE_Area": 6483.7306178, "Town": "Allama Iqbal Town", "UC_N0": "UC_120", "Landuse": "R", "KA": null, "Name": null, "Plot_No": "99", "Block": "C" }, "geometry": { "type": "Polygon", "coordinates": [ [ [ 74.259223485888285, 31.438662124961994 ], [ 74.259160160721166, 31.43854199513002 ], [ 74.258857323199322, 31.438652821546533 ], [ 74.258920433999251, 31.438778501592068 ], [ 74.259223485888285, 31.438662124961994 ] ] ] } },
{ "type": "Feature", "properties": { "Id": null, "__source_file": "Export_Output.shp", "OBJECTID": 165660.0, "SHAPE_Leng": 477.19252165, "SHAPE_Area": 6483.7306178, "Town": "Allama Iqbal Town", "UC_N0": "UC_120", "Landuse": "V", "KA": null, "Name": null, "Plot_No": "100", "Block": "C" }, "geometry": { "type": "Polygon", "coordinates": [ [ [ 74.259160160721166, 31.43854199513002 ], [ 74.259088957982044, 31.438406922596464 ], [ 74.258783367413784, 31.438505542750214 ], [ 74.258857323199322, 31.438652821546533 ], [ 74.259160160721166, 31.43854199513002 ] ] ] } },
{ "type": "Feature", "properties": { "Id": null, "__source_file": "Export_Output.shp", "OBJECTID": 165660.0, "SHAPE_Leng": 477.19252165, "SHAPE_Area": 6483.7306178, "Town": "Allama Iqbal Town", "UC_N0": "UC_120", "Landuse": "V", "KA": null, "Name": null, "Plot_No": "101", "Block": "C" }, "geometry": { "type": "Polygon", "coordinates": [ [ [ 74.259088957982044, 31.438406922596464 ], [ 74.259024654449647, 31.438284938216992 ], [ 74.258732455558658, 31.438404155405316 ], [ 74.258783367413784, 31.438505542750214 ], [ 74.259088957982044, 31.438406922596464 ] ] ] } },
{ "type": "Feature", "properties": { "Id": null, "__source_file": "Export_Output.shp", "OBJECTID": 165660.0, "SHAPE_Leng": 477.19252165, "SHAPE_Area": 6483.7306178, "Town": "Allama Iqbal Town", "UC_N0": "UC_120", "Landuse": "V", "KA": null, "Name": null, "Plot_No": "102", "Block": "C" }, "geometry": { "type": "Polygon", "coordinates": [ [ [ 74.259024654449647, 31.438284938216992 ], [ 74.25894963390499, 31.438142622068931 ], [ 74.25865876746721, 31.438257409492085 ], [ 74.258732455558658, 31.438404155405294 ], [ 74.259024654449647, 31.438284938216992 ] ] ] } },
{ "type": "Feature", "properties": { "Id": null, "__source_file": "Export_Output.shp", "OBJECTID": 165696.0, "SHAPE_Leng": 151.56990960300001, "SHAPE_Area": 1369.0943404499999, "Town": "Allama Iqbal Town", "UC_N0": "UC_120", "Landuse": "V", "KA": null, "Name": null, "Plot_No": "104", "Block": "C" }, "geometry": { "type": "Polygon", "coordinates": [ [ [ 74.258824622153071, 31.437905471150948 ], [ 74.258539344195142, 31.438019582231 ], [ 74.258595625211726, 31.438131663519115 ], [ 74.258887195751669, 31.438024175709273 ], [ 74.258824622153071, 31.437905471150948 ] ] ] } },
{ "type": "Feature", "properties": { "Id": null, "__source_file": "Export_Output.shp", "OBJECTID": 165696.0, "SHAPE_Leng": 151.56990960300001, "SHAPE_Area": 1369.0943404499999, "Town": "Allama Iqbal Town", "UC_N0": "UC_120", "Landuse": "R", "KA": null, "Name": null, "Plot_No": "106", "Block": "C" }, "geometry": { "type": "Polygon", "coordinates": [ [ [ 74.258753621440135, 31.437770779634626 ], [ 74.25868959088811, 31.43764931046551 ], [ 74.258402321501492, 31.437746706074318 ], [ 74.258464426153736, 31.43787038564313 ], [ 74.258753621440135, 31.437770779634626 ] ] ] } },
{ "type": "Feature", "properties": { "Id": null, "__source_file": "Export_Output.shp", "OBJECTID": 176002.0, "SHAPE_Leng": 178.838352894, "SHAPE_Area": 1761.8513436400001, "Town": "Allama Iqbal Town", "UC_N0": "UC_120", "Landuse": "R", "KA": null, "Name": null, "Plot_No": "135", "Block": "E" }, "geometry": { "type": "Polygon", "coordinates": [ [ [ 74.259336107359331, 31.438117044518027 ], [ 74.259048020045526, 31.438222375735364 ], [ 74.259105382854528, 31.438333514587541 ], [ 74.259397579779304, 31.438228409315244 ], [ 74.259336107359331, 31.438117044518027 ] ] ] } },
{ "type": "Feature", "properties": { "Id": null, "__source_file": "Export_Output.shp", "OBJECTID": 176002.0, "SHAPE_Leng": 178.838352894, "SHAPE_Area": 1761.8513436400001, "Town": "Allama Iqbal Town", "UC_N0": "UC_120", "Landuse": "V", "KA": null, "Name": null, "Plot_No": "136", "Block": "E" }, "geometry": { "type": "Polygon", "coordinates": [ [ [ 74.259336107359331, 31.438117044518027 ], [ 74.259276492555003, 31.43800904448533 ], [ 74.258996888796304, 31.438123310450877 ], [ 74.259048020045526, 31.438222375735364 ], [ 74.259336107359331, 31.438117044518027 ] ] ] } },
{ "type": "Feature", "properties": { "Id": null, "__source_file": "Export_Output.shp", "OBJECTID": 176002.0, "SHAPE_Leng": 178.838352894, "SHAPE_Area": 1761.8513436400001, "Town": "Allama Iqbal Town", "UC_N0": "UC_120", "Landuse": "R", "KA": null, "Name": null, "Plot_No": "138", "Block": "E" }, "geometry": { "type": "Polygon", "coordinates": [ [ [ 74.259218204747157, 31.437903448727401 ], [ 74.259166165150944, 31.437809171777928 ], [ 74.258889959535679, 31.43791613707257 ], [ 74.258930648086448, 31.437994970252369 ], [ 74.259218204747157, 31.437903448727401 ] ] ] } },
{ "type": "Feature", "properties": { "Id": null, "__source_file": "Export_Output.shp", "OBJECTID": 292130.0, "SHAPE_Leng": 146.27758203400001, "SHAPE_Area": 1235.98468652, "Town": "Allama Iqbal Town", "UC_N0": "UC_120", "Landuse": "R", "KA": null, "Name": null, "Plot_No": "139", "Block": "E" }, "geometry": { "type": "Polygon", "coordinates": [ [ [ 74.259109570612907, 31.437706643434396 ], [ 74.258833742494915, 31.437807217514823 ], [ 74.258849251938969, 31.437837266630943 ], [ 74.258889959535693, 31.437916137072659 ], [ 74.259166165151058, 31.437809171777875 ], [ 74.259127573101722, 31.437739257088982 ], [ 74.259109570612907, 31.437706643434396 ] ] ] } },
{ "type": "Feature", "properties": { "Id": null, "__source_file": "Export_Output.shp", "OBJECTID": 292130.0, "SHAPE_Leng": 146.27758203400001, "SHAPE_Area": 1235.98468652, "Town": "Allama Iqbal Town", "UC_N0": "UC_120", "Landuse": "R", "KA": null, "Name": null, "Plot_No": "141", "Block": "E" }, "geometry": { "type": "Polygon", "coordinates": [ [ [ 74.259048888009289, 31.437596709325774 ], [ 74.259013399101519, 31.437532416403908 ], [ 74.258990160401098, 31.437495901520332 ], [ 74.258988307067426, 31.437493273546245 ], [ 74.258726884907233, 31.437600181847632 ], [ 74.258778562517278, 31.437700307337042 ], [ 74.259048888009289, 31.437596709325774 ] ] ] } },
{ "type": "Feature", "properties": { "Id": null, "__source_file": "Export_Output.shp", "OBJECTID": 292130.0, "SHAPE_Leng": 146.27758203400001, "SHAPE_Area": 1235.98468652, "Town": "Allama Iqbal Town", "UC_N0": "UC_120", "Landuse": "V", "KA": null, "Name": null, "Plot_No": "142", "Block": "E" }, "geometry": { "type": "Polygon", "coordinates": [ [ [ 74.258988307067483, 31.437493273546245 ], [ 74.258922109559336, 31.437399407257992 ], [ 74.258921381585395, 31.437398511585226 ], [ 74.258675712405534, 31.437501034986155 ], [ 74.258726884907176, 31.437600181847603 ], [ 74.258988307067483, 31.437493273546245 ] ] ] } },
{ "type": "Feature", "properties": { "Id": null, "__source_file": "Export_Output.shp", "OBJECTID": 292130.0, "SHAPE_Leng": 146.27758203400001, "SHAPE_Area": 1235.98468652, "Town": "Allama Iqbal Town", "UC_N0": "UC_120", "Landuse": "V", "KA": null, "Name": null, "Plot_No": "143", "Block": "E" }, "geometry": { "type": "Polygon", "coordinates": [ [ [ 74.258921381585395, 31.437398511585226 ], [ 74.25884691620162, 31.437306891961434 ], [ 74.258771433505871, 31.437225354140441 ], [ 74.258691588890485, 31.437310172417298 ], [ 74.258618967205791, 31.437391090612227 ], [ 74.258675712405534, 31.437501034986166 ], [ 74.258921381585395, 31.437398511585226 ] ] ] } },
{ "type": "Feature", "properties": { "Id": null, "__source_file": "Export_Output.shp", "OBJECTID": 176013.0, "SHAPE_Leng": 218.73781387299999, "SHAPE_Area": 2840.9924671700001, "Town": "Allama Iqbal Town", "UC_N0": "UC_120", "Landuse": "R", "KA": null, "Name": null, "Plot_No": "124", "Block": "E" }, "geometry": { "type": "Polygon", "coordinates": [ [ [ 74.259901661317187, 31.437942288591408 ], [ 74.259650973704794, 31.438034823298853 ], [ 74.259692669493347, 31.438122262771671 ], [ 74.259942966595716, 31.438032227509346 ], [ 74.259901661317187, 31.437942288591408 ] ] ] } },
{ "type": "Feature", "properties": { "Id": null, "__source_file": "Export_Output.shp", "OBJECTID": 176013.0, "SHAPE_Leng": 218.73781387299999, "SHAPE_Area": 2840.9924671700001, "Town": "Allama Iqbal Town", "UC_N0": "UC_120", "Landuse": "V", "KA": null, "Name": null, "Plot_No": "125", "Block": "E" }, "geometry": { "type": "Polygon", "coordinates": [ [ [ 74.259901661317187, 31.437942288591408 ], [ 74.259860796259517, 31.437853308139694 ], [ 74.259610395644458, 31.437949727627228 ], [ 74.259650973704794, 31.438034823298853 ], [ 74.259901661317187, 31.437942288591408 ] ] ] } },
{ "type": "Feature", "properties": { "Id": null, "__source_file": "Export_Output.shp", "OBJECTID": 176013.0, "SHAPE_Leng": 218.73781387299999, "SHAPE_Area": 2840.9924671700001, "Town": "Allama Iqbal Town", "UC_N0": "UC_120", "Landuse": "V", "KA": null, "Name": null, "Plot_No": "126", "Block": "E" }, "geometry": { "type": "Polygon", "coordinates": [ [ [ 74.259860796259517, 31.437853308139694 ], [ 74.25982775548735, 31.43778136450015 ], [ 74.259573864132022, 31.437873117773449 ], [ 74.259610395644458, 31.437949727627228 ], [ 74.259860796259517, 31.437853308139694 ] ] ] } },
{ "type": "Feature", "properties": { "Id": null, "__source_file": "Export_Output.shp", "OBJECTID": 176013.0, "SHAPE_Leng": 218.73781387299999, "SHAPE_Area": 2840.9924671700001, "Town": "Allama Iqbal Town", "UC_N0": "UC_120", "Landuse": "R", "KA": null, "Name": null, "Plot_No": "127", "Block": "E" }, "geometry": { "type": "Polygon", "coordinates": [ [ [ 74.259797199136869, 31.437714830216674 ], [ 74.259542346775405, 31.437807022946878 ], [ 74.259573864132022, 31.437873117773449 ], [ 74.25982775548735, 31.43778136450015 ], [ 74.259797199136869, 31.437714830216674 ] ] ] } },
{ "type": "Feature", "properties": { "Id": null, "__source_file": "Export_Output.shp", "OBJECTID": 176013.0, "SHAPE_Leng": 218.73781387299999, "SHAPE_Area": 2840.9924671700001, "Town": "Allama Iqbal Town", "UC_N0": "UC_120", "Landuse": "V", "KA": null, "Name": null, "Plot_No": "129", "Block": "E" }, "geometry": { "type": "Polygon", "coordinates": [ [ [ 74.259760456876691, 31.437634066920179 ], [ 74.259741598878662, 31.437588125101225 ], [ 74.259703543290101, 31.437505069992294 ], [ 74.259601746215736, 31.437592324311961 ], [ 74.259491977744872, 31.437676247467085 ], [ 74.259482922982343, 31.437682405460219 ], [ 74.259501536872236, 31.437721440620656 ], [ 74.259760456876691, 31.437634066920179 ] ] ] } },
{ "type": "Feature", "properties": { "Id": null, "__source_file": "Export_Output.shp", "OBJECTID": 176013.0, "SHAPE_Leng": 218.73781387299999, "SHAPE_Area": 2840.9924671700001, "Town": "Allama Iqbal Town", "UC_N0": "UC_120", "Landuse": "R", "KA": null, "Name": null, "Plot_No": "134", "Block": "E" }, "geometry": { "type": "Polygon", "coordinates": [ [ [ 74.259542346775405, 31.437807022946878 ], [ 74.259482922982343, 31.437682405460258 ], [ 74.259376752483817, 31.437754610136761 ], [ 74.25925645237875, 31.437827150162587 ], [ 74.259238896260527, 31.437837011941145 ], [ 74.259242342375046, 31.437843317677686 ], [ 74.259274214225698, 31.43790401903053 ], [ 74.259542346775405, 31.437807022946878 ] ] ] } },
{ "type": "Feature", "properties": { "Id": null, "__source_file": "Export_Output.shp", "OBJECTID": 176013.0, "SHAPE_Leng": 218.73781387299999, "SHAPE_Area": 2840.9924671700001, "Town": "Allama Iqbal Town", "UC_N0": "UC_120", "Landuse": "V", "KA": null, "Name": null, "Plot_No": "133", "Block": "E" }, "geometry": { "type": "Polygon", "coordinates": [ [ [ 74.259542346775405, 31.437807022946878 ], [ 74.259274214225698, 31.43790401903053 ], [ 74.259308367039836, 31.437969064485319 ], [ 74.259573864132022, 31.437873117773449 ], [ 74.259542346775405, 31.437807022946878 ] ] ] } },
{ "type": "Feature", "properties": { "Id": null, "__source_file": "Export_Output.shp", "OBJECTID": 176013.0, "SHAPE_Leng": 218.73781387299999, "SHAPE_Area": 2840.9924671700001, "Town": "Allama Iqbal Town", "UC_N0": "UC_120", "Landuse": "R", "KA": null, "Name": null, "Plot_No": "132", "Block": "E" }, "geometry": { "type": "Polygon", "coordinates": [ [ [ 74.259610395644486, 31.437949727627267 ], [ 74.259573864132022, 31.437873117773449 ], [ 74.259308367039836, 31.437969064485319 ], [ 74.259350715814222, 31.438049719440411 ], [ 74.259610395644486, 31.437949727627267 ] ] ] } },
{ "type": "Feature", "properties": { "Id": null, "__source_file": "Export_Output.shp", "OBJECTID": 176013.0, "SHAPE_Leng": 218.73781387299999, "SHAPE_Area": 2840.9924671700001, "Town": "Allama Iqbal Town", "UC_N0": "UC_120", "Landuse": "R", "KA": null, "Name": null, "Plot_No": "131", "Block": "E" }, "geometry": { "type": "Polygon", "coordinates": [ [ [ 74.259650973704794, 31.438034823298853 ], [ 74.259610395644486, 31.437949727627267 ], [ 74.259350715814222, 31.438049719440411 ], [ 74.259359420919694, 31.438066298636542 ], [ 74.259391063262484, 31.438130761651653 ], [ 74.259650973704794, 31.438034823298853 ] ] ] } },
{ "type": "Feature", "properties": { "Id": null, "__source_file": "Export_Output.shp", "OBJECTID": 176013.0, "SHAPE_Leng": 218.73781387299999, "SHAPE_Area": 2840.9924671700001, "Town": "Allama Iqbal Town", "UC_N0": "UC_120", "Landuse": "R", "KA": null, "Name": null, "Plot_No": "130", "Block": "E" }, "geometry": { "type": "Polygon", "coordinates": [ [ [ 74.259650973704794, 31.438034823298853 ], [ 74.259391063262484, 31.438130761651653 ], [ 74.259432779706643, 31.438215747946998 ], [ 74.259692669493347, 31.438122262771671 ], [ 74.259650973704794, 31.438034823298853 ] ] ] } },
{ "type": "Feature", "properties": { "Id": null, "__source_file": "Export_Output.shp", "OBJECTID": 165700.0, "SHAPE_Leng": 92.177561793300001, "SHAPE_Area": 495.49489354100001, "Town": "Allama Iqbal Town", "UC_N0": "UC_120", "Landuse": "R", "KA": null, "Name": null, "Plot_No": "92", "Block": "E" }, "geometry": { "type": "Polygon", "coordinates": [ [ [ 74.259567889114635, 31.438808195661966 ], [ 74.259456377953597, 31.438576250578102 ], [ 74.259266471826777, 31.438645617611051 ], [ 74.259386234074853, 31.438877650743134 ], [ 74.259567889114635, 31.438808195661966 ] ] ] } },
{ "type": "Feature", "properties": { "Id": null, "__source_file": "Export_Output.shp", "OBJECTID": 165700.0, "SHAPE_Leng": 92.177561793300001, "SHAPE_Area": 495.49489354100001, "Town": "Allama Iqbal Town", "UC_N0": "UC_120", "Landuse": "R", "KA": null, "Name": null, "Plot_No": "91", "Block": "E" }, "geometry": { "type": "Polygon", "coordinates": [ [ [ 74.259703596241479, 31.438756308345262 ], [ 74.259589100325869, 31.438527770832128 ], [ 74.259456377953597, 31.438576250578109 ], [ 74.259567889114635, 31.438808195661966 ], [ 74.259703596241479, 31.438756308345262 ] ] ] } },
{ "type": "Feature", "properties": { "Id": null, "__source_file": "Export_Output.shp", "OBJECTID": 165700.0, "SHAPE_Leng": 92.177561793300001, "SHAPE_Area": 495.49489354100001, "Town": "Allama Iqbal Town", "UC_N0": "UC_120", "Landuse": "R", "KA": null, "Name": null, "Plot_No": "90", "Block": "E" }, "geometry": { "type": "Polygon", "coordinates": [ [ [ 74.259861199427164, 31.438696048904394 ], [ 74.259745194990046, 31.438470753603976 ], [ 74.259589100325869, 31.438527770832128 ], [ 74.259703596241479, 31.438756308345262 ], [ 74.25983412463026, 31.438706400916182 ], [ 74.259861199427164, 31.438696048904394 ] ] ] } },
{ "type": "Feature", "properties": { "Id": null, "__source_file": "Export_Output.shp", "OBJECTID": 165700.0, "SHAPE_Leng": 92.177561793300001, "SHAPE_Area": 495.49489354100001, "Town": "Allama Iqbal Town", "UC_N0": "UC_120", "Landuse": "V", "KA": null, "Name": null, "Plot_No": "89", "Block": "E" }, "geometry": { "type": "Polygon", "coordinates": [ [ [ 74.259976029938045, 31.438652143524934 ], [ 74.259874926649246, 31.43842336588121 ], [ 74.259745194990046, 31.438470753603976 ], [ 74.259861199427164, 31.438696048904394 ], [ 74.259976029938045, 31.438652143524934 ] ] ] } },
{ "type": "Feature", "properties": { "Id": null, "__source_file": "Export_Output.shp", "OBJECTID": 165700.0, "SHAPE_Leng": 92.177561793300001, "SHAPE_Area": 495.49489354100001, "Town": "Allama Iqbal Town", "UC_N0": "UC_120", "Landuse": "V", "KA": null, "Name": null, "Plot_No": "88", "Block": "E" }, "geometry": { "type": "Polygon", "coordinates": [ [ [ 74.259874926649246, 31.43842336588121 ], [ 74.259976029938045, 31.438652143524934 ], [ 74.259995180128641, 31.438644821446488 ], [ 74.260166771123195, 31.438579212820031 ], [ 74.260057428954099, 31.438356702058776 ], [ 74.259874926649246, 31.43842336588121 ] ] ] } },
{ "type": "Feature", "properties": { "Id": null, "__source_file": "Export_Output.shp", "OBJECTID": 165700.0, "SHAPE_Leng": 92.177561793300001, "SHAPE_Area": 495.49489354100001, "Town": "Allama Iqbal Town", "UC_N0": "UC_120", "Landuse": "R", "KA": null, "Name": null, "Plot_No": "108", "Block": "E" }, "geometry": { "type": "Polygon", "coordinates": [ [ [ 74.259589100325869, 31.438527770832128 ], [ 74.259460346162058, 31.438270771975276 ], [ 74.259458681971438, 31.438271417975685 ], [ 74.259333236445769, 31.438320112761556 ], [ 74.259456377953597, 31.438576250577917 ], [ 74.259589100325869, 31.438527770832128 ] ] ] } },
{ "type": "Feature", "properties": { "Id": null, "__source_file": "Export_Output.shp", "OBJECTID": 165700.0, "SHAPE_Leng": 92.177561793300001, "SHAPE_Area": 495.49489354100001, "Town": "Allama Iqbal Town", "UC_N0": "UC_120", "Landuse": "V", "KA": null, "Name": null, "Plot_No": "109", "Block": "E" }, "geometry": { "type": "Polygon", "coordinates": [ [ [ 74.259745194990046, 31.438470753603976 ], [ 74.259611928200655, 31.43821193119312 ], [ 74.259460346162058, 31.438270771975276 ], [ 74.259589100325869, 31.438527770832128 ], [ 74.259745194990046, 31.438470753603976 ] ] ] } },
{ "type": "Feature", "properties": { "Id": null, "__source_file": "Export_Output.shp", "OBJECTID": 165700.0, "SHAPE_Leng": 92.177561793300001, "SHAPE_Area": 495.49489354100001, "Town": "Allama Iqbal Town", "UC_N0": "UC_120", "Landuse": "V", "KA": null, "Name": null, "Plot_No": "110", "Block": "E" }, "geometry": { "type": "Polygon", "coordinates": [ [ [ 74.259874926649246, 31.43842336588121 ], [ 74.259756659989478, 31.438155749287667 ], [ 74.259611928200655, 31.43821193119312 ], [ 74.259745194990046, 31.438470753603976 ], [ 74.259874926649246, 31.43842336588121 ] ] ] } },
{ "type": "Feature", "properties": { "Id": null, "__source_file": "Export_Output.shp", "OBJECTID": 165700.0, "SHAPE_Leng": 92.177561793300001, "SHAPE_Area": 495.49489354100001, "Town": "Allama Iqbal Town", "UC_N0": "UC_120", "Landuse": "R", "KA": null, "Name": null, "Plot_No": "111", "Block": "E" }, "geometry": { "type": "Polygon", "coordinates": [ [ [ 74.259756659989478, 31.438155749287667 ], [ 74.259874926649246, 31.43842336588121 ], [ 74.260057428954099, 31.438356702058776 ], [ 74.260046489696634, 31.438334440663166 ], [ 74.259926318678211, 31.438089890975856 ], [ 74.259756659989478, 31.438155749287667 ] ] ] } },
{ "type": "Feature", "properties": { "Id": null, "__source_file": "Export_Output.shp", "OBJECTID": 176004.0, "SHAPE_Leng": 279.42941828199997, "SHAPE_Area": 4764.1285218800003, "Town": "Allama Iqbal Town", "UC_N0": "UC_120", "Landuse": "V", "KA": null, "Name": null, "Plot_No": "69", "Block": "E" }, "geometry": { "type": "Polygon", "coordinates": [ [ [ 74.259725957896734, 31.439104484995521 ], [ 74.259612892927763, 31.438840873651774 ], [ 74.259408158354375, 31.438920127082326 ], [ 74.259537505949936, 31.439170729034835 ], [ 74.259725957896734, 31.439104484995521 ] ] ] } },
{ "type": "Feature", "properties": { "Id": null, "__source_file": "Export_Output.shp", "OBJECTID": 176004.0, "SHAPE_Leng": 279.42941828199997, "SHAPE_Area": 4764.1285218800003, "Town": "Allama Iqbal Town", "UC_N0": "UC_120", "Landuse": "V", "KA": null, "Name": null, "Plot_No": "70", "Block": "E" }, "geometry": { "type": "Polygon", "coordinates": [ [ [ 74.259852748556128, 31.439059915728986 ], [ 74.25974602916159, 31.43878933638333 ], [ 74.259612892927763, 31.438840873651774 ], [ 74.259725957896734, 31.439104484995521 ], [ 74.259852748556128, 31.439059915728986 ] ] ] } },
{ "type": "Feature", "properties": { "Id": null, "__source_file": "Export_Output.shp", "OBJECTID": 176004.0, "SHAPE_Leng": 279.42941828199997, "SHAPE_Area": 4764.1285218800003, "Town": "Allama Iqbal Town", "UC_N0": "UC_120", "Landuse": "V", "KA": null, "Name": null, "Plot_No": "71", "Block": "E" }, "geometry": { "type": "Polygon", "coordinates": [ [ [ 74.25997687068616, 31.439016284336226 ], [ 74.259853215156866, 31.438747844131544 ], [ 74.25974602916159, 31.43878933638333 ], [ 74.259852748556128, 31.439059915728986 ], [ 74.25997687068616, 31.439016284336226 ] ] ] } },
{ "type": "Feature", "properties": { "Id": null, "__source_file": "Export_Output.shp", "OBJECTID": 176004.0, "SHAPE_Leng": 279.42941828199997, "SHAPE_Area": 4764.1285218800003, "Town": "Allama Iqbal Town", "UC_N0": "UC_120", "Landuse": "V", "KA": null, "Name": null, "Plot_No": "72", "Block": "E" }, "geometry": { "type": "Polygon", "coordinates": [ [ [ 74.260123542714013, 31.438964725997856 ], [ 74.259995905164672, 31.43869260789559 ], [ 74.259853215156866, 31.438747844131544 ], [ 74.25997687068616, 31.439016284336226 ], [ 74.260123542714013, 31.438964725997856 ] ] ] } },
{ "type": "Feature", "properties": { "Id": null, "__source_file": "Export_Output.shp", "OBJECTID": 176004.0, "SHAPE_Leng": 279.42941828199997, "SHAPE_Area": 4764.1285218800003, "Town": "Allama Iqbal Town", "UC_N0": "UC_120", "Landuse": "V", "KA": null, "Name": null, "Plot_No": "64", "Block": "E" }, "geometry": { "type": "Polygon", "coordinates": [ [ [ 74.260123542714013, 31.438964725997856 ], [ 74.260229321393837, 31.439190240607125 ], [ 74.260430345062801, 31.439115580740701 ], [ 74.260321942177711, 31.438894984005191 ], [ 74.260123542714013, 31.438964725997856 ] ] ] } },
{ "type": "Feature", "properties": { "Id": null, "__source_file": "Export_Output.shp", "OBJECTID": 176004.0, "SHAPE_Leng": 279.42941828199997, "SHAPE_Area": 4764.1285218800003, "Town": "Allama Iqbal Town", "UC_N0": "UC_120", "Landuse": "R", "KA": null, "Name": null, "Plot_No": "65", "Block": "E" }, "geometry": { "type": "Polygon", "coordinates": [ [ [ 74.260229321393837, 31.439190240607125 ], [ 74.260123542714013, 31.438964725997856 ], [ 74.25997687068616, 31.439016284336201 ], [ 74.260082177014539, 31.439244889514843 ], [ 74.260229321393837, 31.439190240607125 ] ] ] } },
{ "type": "Feature", "properties": { "Id": null, "__source_file": "Export_Output.shp", "OBJECTID": 176004.0, "SHAPE_Leng": 279.42941828199997, "SHAPE_Area": 4764.1285218800003, "Town": "Allama Iqbal Town", "UC_N0": "UC_120", "Landuse": "V", "KA": null, "Name": null, "Plot_No": "66", "Block": "E" }, "geometry": { "type": "Polygon", "coordinates": [ [ [ 74.260082177014539, 31.439244889514843 ], [ 74.25997687068616, 31.439016284336201 ], [ 74.259852748556114, 31.439059915728986 ], [ 74.259945696654555, 31.439295577633484 ], [ 74.260082177014539, 31.439244889514843 ] ] ] } },
{ "type": "Feature", "properties": { "Id": null, "__source_file": "Export_Output.shp", "OBJECTID": 176004.0, "SHAPE_Leng": 279.42941828199997, "SHAPE_Area": 4764.1285218800003, "Town": "Allama Iqbal Town", "UC_N0": "UC_120", "Landuse": "V", "KA": null, "Name": null, "Plot_No": "68", "Block": "E" }, "geometry": { "type": "Polygon", "coordinates": [ [ [ 74.259826850883229, 31.439339715913277 ], [ 74.25972595789672, 31.439104484995472 ], [ 74.259537505949936, 31.439170729034835 ], [ 74.259657241537028, 31.439402707748318 ], [ 74.259826850883229, 31.439339715913277 ] ] ] } },
{ "type": "Feature", "properties": { "Id": null, "__source_file": "Export_Output.shp", "OBJECTID": 176004.0, "SHAPE_Leng": 279.42941828199997, "SHAPE_Area": 4764.1285218800003, "Town": "Allama Iqbal Town", "UC_N0": "UC_120", "Landuse": "V", "KA": null, "Name": null, "Plot_No": "67", "Block": "E" }, "geometry": { "type": "Polygon", "coordinates": [ [ [ 74.259945696654555, 31.439295577633484 ], [ 74.259852748556114, 31.439059915728986 ], [ 74.25972595789672, 31.439104484995472 ], [ 74.259826850883229, 31.439339715913277 ], [ 74.259945696654555, 31.439295577633484 ] ] ] } },
{ "type": "Feature", "properties": { "Id": null, "__source_file": "Export_Output.shp", "OBJECTID": 181731.0, "SHAPE_Leng": 579.16223250099995, "SHAPE_Area": 11376.2130789, "Town": "Allama Iqbal Town", "UC_N0": "UC_120", "Landuse": "R", "KA": null, "Name": null, "Plot_No": "95", "Block": "B" }, "geometry": { "type": "Polygon", "coordinates": [ [ [ 74.259697830379181, 31.441010195350199 ], [ 74.259513019952038, 31.44108867646834 ], [ 74.259599379307971, 31.441278964384253 ], [ 74.259795615631063, 31.44120717910819 ], [ 74.259697830379181, 31.441010195350199 ] ] ] } },
{ "type": "Feature", "properties": { "Id": null, "__source_file": "Export_Output.shp", "OBJECTID": 181731.0, "SHAPE_Leng": 579.16223250099995, "SHAPE_Area": 11376.2130789, "Town": "Allama Iqbal Town", "UC_N0": "UC_120", "Landuse": "R", "KA": null, "Name": null, "Plot_No": "96", "Block": "B" }, "geometry": { "type": "Polygon", "coordinates": [ [ [ 74.259337829333901, 31.4410592726163 ], [ 74.259464778383176, 31.441328203275319 ], [ 74.259599379307971, 31.441278964384253 ], [ 74.259476778896783, 31.441008821127866 ], [ 74.259337829333901, 31.4410592726163 ] ] ] } },
{ "type": "Feature", "properties": { "Id": null, "__source_file": "Export_Output.shp", "OBJECTID": 181731.0, "SHAPE_Leng": 579.16223250099995, "SHAPE_Area": 11376.2130789, "Town": "Allama Iqbal Town", "UC_N0": "UC_120", "Landuse": "R", "KA": null, "Name": null, "Plot_No": "97", "Block": "B" }, "geometry": { "type": "Polygon", "coordinates": [ [ [ 74.259464778383176, 31.441328203275319 ], [ 74.259337829333901, 31.4410592726163 ], [ 74.259198883296037, 31.441109722618258 ], [ 74.259322867461478, 31.44138011605418 ], [ 74.259464778383176, 31.441328203275319 ] ] ] } },
{ "type": "Feature", "properties": { "Id": null, "__source_file": "Export_Output.shp", "OBJECTID": 181731.0, "SHAPE_Leng": 579.16223250099995, "SHAPE_Area": 11376.2130789, "Town": "Allama Iqbal Town", "UC_N0": "UC_120", "Landuse": "V", "KA": null, "Name": null, "Plot_No": "10", "Block": "B" }, "geometry": { "type": "Polygon", "coordinates": [ [ [ 74.258298441687799, 31.44175485558717 ], [ 74.258183606308904, 31.441478353893064 ], [ 74.258044649420725, 31.441528806118839 ], [ 74.258179440624914, 31.441798387908936 ], [ 74.258298441687799, 31.44175485558717 ] ] ] } },
{ "type": "Feature", "properties": { "Id": null, "__source_file": "Export_Output.shp", "OBJECTID": 181731.0, "SHAPE_Leng": 579.16223250099995, "SHAPE_Area": 11376.2130789, "Town": "Allama Iqbal Town", "UC_N0": "UC_120", "Landuse": "V", "KA": null, "Name": null, "Plot_No": "104", "Block": "B" }, "geometry": { "type": "Polygon", "coordinates": [ [ [ 74.25846648432254, 31.441693387058429 ], [ 74.258335430949558, 31.441423229429542 ], [ 74.258183606308904, 31.441478353893064 ], [ 74.258298441687799, 31.44175485558717 ], [ 74.25846648432254, 31.441693387058429 ] ] ] } },
{ "type": "Feature", "properties": { "Id": null, "__source_file": "Export_Output.shp", "OBJECTID": 181731.0, "SHAPE_Leng": 579.16223250099995, "SHAPE_Area": 11376.2130789, "Town": "Allama Iqbal Town", "UC_N0": "UC_120", "Landuse": "V", "KA": null, "Name": null, "Plot_No": "103", "Block": "B" }, "geometry": { "type": "Polygon", "coordinates": [ [ [ 74.258577900158087, 31.441652630804178 ], [ 74.258466263300392, 31.441375726645667 ], [ 74.258335430949558, 31.441423229429599 ], [ 74.25846648432254, 31.441693387058429 ], [ 74.258577900158087, 31.441652630804178 ] ] ] } },
{ "type": "Feature", "properties": { "Id": null, "__source_file": "Export_Output.shp", "OBJECTID": 181731.0, "SHAPE_Leng": 579.16223250099995, "SHAPE_Area": 11376.2130789, "Town": "Allama Iqbal Town", "UC_N0": "UC_120", "Landuse": "V", "KA": null, "Name": null, "Plot_No": "102", "Block": "B" }, "geometry": { "type": "Polygon", "coordinates": [ [ [ 74.258750126339265, 31.441589629676656 ], [ 74.258623742421619, 31.441318548673745 ], [ 74.258466263300392, 31.441375726645667 ], [ 74.258577900158087, 31.441652630804178 ], [ 74.258750126339265, 31.441589629676656 ] ] ] } },
{ "type": "Feature", "properties": { "Id": null, "__source_file": "Export_Output.shp", "OBJECTID": 181731.0, "SHAPE_Leng": 579.16223250099995, "SHAPE_Area": 11376.2130789, "Town": "Allama Iqbal Town", "UC_N0": "UC_120", "Landuse": "V", "KA": null, "Name": null, "Plot_No": "101", "Block": "B" }, "geometry": { "type": "Polygon", "coordinates": [ [ [ 74.258869933198653, 31.441545803589747 ], [ 74.258759337901949, 31.441269316064474 ], [ 74.258623742421619, 31.441318548673745 ], [ 74.258750126339265, 31.441589629676656 ], [ 74.258869933198653, 31.441545803589747 ] ] ] } },
{ "type": "Feature", "properties": { "Id": null, "__source_file": "Export_Output.shp", "OBJECTID": 181731.0, "SHAPE_Leng": 579.16223250099995, "SHAPE_Area": 11376.2130789, "Town": "Allama Iqbal Town", "UC_N0": "UC_120", "Landuse": "V", "KA": null, "Name": null, "Plot_No": "100", "Block": "B" }, "geometry": { "type": "Polygon", "coordinates": [ [ [ 74.259037184740919, 31.441484621687838 ], [ 74.258911837751512, 31.441213945506707 ], [ 74.258759337901949, 31.441269316064474 ], [ 74.258869933198653, 31.441545803589747 ], [ 74.259037184740919, 31.441484621687838 ] ] ] } },
{ "type": "Feature", "properties": { "Id": null, "__source_file": "Export_Output.shp", "OBJECTID": 181731.0, "SHAPE_Leng": 579.16223250099995, "SHAPE_Area": 11376.2130789, "Town": "Allama Iqbal Town", "UC_N0": "UC_120", "Landuse": "V", "KA": null, "Name": null, "Plot_No": "99", "Block": "B" }, "geometry": { "type": "Polygon", "coordinates": [ [ [ 74.25916431914348, 31.441438113869726 ], [ 74.259038521273084, 31.441167948306614 ], [ 74.258911837751512, 31.441213945506707 ], [ 74.259037184740919, 31.441484621687838 ], [ 74.25916431914348, 31.441438113869726 ] ] ] } },
{ "type": "Feature", "properties": { "Id": null, "__source_file": "Export_Output.shp", "OBJECTID": 181731.0, "SHAPE_Leng": 579.16223250099995, "SHAPE_Area": 11376.2130789, "Town": "Allama Iqbal Town", "UC_N0": "UC_120", "Landuse": "V", "KA": null, "Name": null, "Plot_No": "98", "Block": "B" }, "geometry": { "type": "Polygon", "coordinates": [ [ [ 74.259322867461478, 31.44138011605418 ], [ 74.259198883296037, 31.441109722618258 ], [ 74.259038521273084, 31.441167948306614 ], [ 74.25916431914348, 31.441438113869726 ], [ 74.259322867461478, 31.44138011605418 ] ] ] } },
{ "type": "Feature", "properties": { "Id": null, "__source_file": "Export_Output.shp", "OBJECTID": 181731.0, "SHAPE_Leng": 579.16223250099995, "SHAPE_Area": 11376.2130789, "Town": "Allama Iqbal Town", "UC_N0": "UC_120", "Landuse": "R", "KA": null, "Name": null, "Plot_No": "95A", "Block": "B" }, "geometry": { "type": "Polygon", "coordinates": [ [ [ 74.259697830379181, 31.441010195350199 ], [ 74.25963917842553, 31.440892043343766 ], [ 74.259450582546506, 31.440951098699959 ], [ 74.259513019952038, 31.44108867646834 ], [ 74.259697830379181, 31.441010195350199 ] ] ] } },
{ "type": "Feature", "properties": { "Id": null, "__source_file": "Export_Output.shp", "OBJECTID": 181731.0, "SHAPE_Leng": 579.16223250099995, "SHAPE_Area": 11376.2130789, "Town": "Allama Iqbal Town", "UC_N0": "UC_120", "Landuse": "V", "KA": null, "Name": null, "Plot_No": "120", "Block": "B" }, "geometry": { "type": "Polygon", "coordinates": [ [ [ 74.25963917842553, 31.440892043343766 ], [ 74.259569106427165, 31.440750885698527 ], [ 74.259388014852959, 31.440813233422396 ], [ 74.259450582546506, 31.440951098699959 ], [ 74.25963917842553, 31.440892043343766 ] ] ] } },
{ "type": "Feature", "properties": { "Id": null, "__source_file": "Export_Output.shp", "OBJECTID": 181731.0, "SHAPE_Leng": 579.16223250099995, "SHAPE_Area": 11376.2130789, "Town": "Allama Iqbal Town", "UC_N0": "UC_120", "Landuse": "V", "KA": null, "Name": null, "Plot_No": "119", "Block": "B" }, "geometry": { "type": "Polygon", "coordinates": [ [ [ 74.259244939466029, 31.440862492373522 ], [ 74.259337829333901, 31.4410592726163 ], [ 74.259476778896783, 31.441008821127866 ], [ 74.259388014852959, 31.440813233422396 ], [ 74.259244939466029, 31.440862492373522 ] ] ] } },
{ "type": "Feature", "properties": { "Id": null, "__source_file": "Export_Output.shp", "OBJECTID": 181731.0, "SHAPE_Leng": 579.16223250099995, "SHAPE_Area": 11376.2130789, "Town": "Allama Iqbal Town", "UC_N0": "UC_120", "Landuse": "R", "KA": null, "Name": null, "Plot_No": "118", "Block": "B" }, "geometry": { "type": "Polygon", "coordinates": [ [ [ 74.259337829333901, 31.4410592726163 ], [ 74.259244939466029, 31.440862492373522 ], [ 74.259198562574866, 31.440878459274071 ], [ 74.259107256280771, 31.440909894887898 ], [ 74.259198883296037, 31.441109722618258 ], [ 74.259337829333901, 31.4410592726163 ] ] ] } },
{ "type": "Feature", "properties": { "Id": null, "__source_file": "Export_Output.shp", "OBJECTID": 181731.0, "SHAPE_Leng": 579.16223250099995, "SHAPE_Area": 11376.2130789, "Town": "Allama Iqbal Town", "UC_N0": "UC_120", "Landuse": "V", "KA": null, "Name": null, "Plot_No": "117", "Block": "B" }, "geometry": { "type": "Polygon", "coordinates": [ [ [ 74.259198883296037, 31.441109722618258 ], [ 74.259107256280771, 31.440909894887898 ], [ 74.259055145209189, 31.440927836038441 ], [ 74.25894446145098, 31.44096594272029 ], [ 74.259038521273041, 31.441167948306614 ], [ 74.259198883296037, 31.441109722618258 ] ] ] } },
{ "type": "Feature", "properties": { "Id": null, "__source_file": "Export_Output.shp", "OBJECTID": 181731.0, "SHAPE_Leng": 579.16223250099995, "SHAPE_Area": 11376.2130789, "Town": "Allama Iqbal Town", "UC_N0": "UC_120", "Landuse": "V", "KA": null, "Name": null, "Plot_No": "110", "Block": "B" }, "geometry": { "type": "Polygon", "coordinates": [ [ [ 74.25818360630889, 31.441478353893039 ], [ 74.258092597952526, 31.441259221693759 ], [ 74.257936694342803, 31.441312895262531 ], [ 74.258044649420725, 31.441528806118839 ], [ 74.25818360630889, 31.441478353893039 ] ] ] } },
{ "type": "Feature", "properties": { "Id": null, "__source_file": "Export_Output.shp", "OBJECTID": 181731.0, "SHAPE_Leng": 579.16223250099995, "SHAPE_Area": 11376.2130789, "Town": "Allama Iqbal Town", "UC_N0": "UC_120", "Landuse": "V", "KA": null, "Name": null, "Plot_No": "111", "Block": "B" }, "geometry": { "type": "Polygon", "coordinates": [ [ [ 74.258335430949558, 31.441423229429834 ], [ 74.258232505705621, 31.441211054868102 ], [ 74.258092597952526, 31.441259221693759 ], [ 74.25818360630889, 31.441478353893039 ], [ 74.258335430949558, 31.441423229429834 ] ] ] } },
{ "type": "Feature", "properties": { "Id": null, "__source_file": "Export_Output.shp", "OBJECTID": 181731.0, "SHAPE_Leng": 579.16223250099995, "SHAPE_Area": 11376.2130789, "Town": "Allama Iqbal Town", "UC_N0": "UC_120", "Landuse": "V", "KA": null, "Name": null, "Plot_No": "112", "Block": "B" }, "geometry": { "type": "Polygon", "coordinates": [ [ [ 74.258466263300363, 31.441375726645632 ], [ 74.258379475355397, 31.441160456584289 ], [ 74.258232505705621, 31.441211054868102 ], [ 74.258335430949558, 31.441423229429834 ], [ 74.258466263300363, 31.441375726645632 ] ] ] } },
{ "type": "Feature", "properties": { "Id": null, "__source_file": "Export_Output.shp", "OBJECTID": 181731.0, "SHAPE_Leng": 579.16223250099995, "SHAPE_Area": 11376.2130789, "Town": "Allama Iqbal Town", "UC_N0": "UC_120", "Landuse": "V", "KA": null, "Name": null, "Plot_No": "113", "Block": "B" }, "geometry": { "type": "Polygon", "coordinates": [ [ [ 74.258623742421619, 31.441318548673703 ], [ 74.258526446557795, 31.441109857541129 ], [ 74.258379475355397, 31.441160456584289 ], [ 74.258466263300363, 31.441375726645632 ], [ 74.258623742421619, 31.441318548673703 ] ] ] } },
{ "type": "Feature", "properties": { "Id": null, "__source_file": "Export_Output.shp", "OBJECTID": 181731.0, "SHAPE_Leng": 579.16223250099995, "SHAPE_Area": 11376.2130789, "Town": "Allama Iqbal Town", "UC_N0": "UC_120", "Landuse": "V", "KA": null, "Name": null, "Plot_No": "114", "Block": "B" }, "geometry": { "type": "Polygon", "coordinates": [ [ [ 74.258759337901949, 31.441269316064442 ], [ 74.258675085368566, 31.441058684147382 ], [ 74.258526446557795, 31.441109857541129 ], [ 74.258623742421619, 31.441318548673703 ], [ 74.258759337901949, 31.441269316064442 ] ] ] } },
{ "type": "Feature", "properties": { "Id": null, "__source_file": "Export_Output.shp", "OBJECTID": 181731.0, "SHAPE_Leng": 579.16223250099995, "SHAPE_Area": 11376.2130789, "Town": "Allama Iqbal Town", "UC_N0": "UC_120", "Landuse": "V", "KA": null, "Name": null, "Plot_No": "115", "Block": "B" }, "geometry": { "type": "Polygon", "coordinates": [ [ [ 74.258911837751512, 31.441213945506707 ], [ 74.258817269680179, 31.441009732694475 ], [ 74.258675085368566, 31.441058684147382 ], [ 74.258759337901949, 31.441269316064442 ], [ 74.258911837751512, 31.441213945506707 ] ] ] } },
{ "type": "Feature", "properties": { "Id": null, "__source_file": "Export_Output.shp", "OBJECTID": 181731.0, "SHAPE_Leng": 579.16223250099995, "SHAPE_Area": 11376.2130789, "Town": "Allama Iqbal Town", "UC_N0": "UC_120", "Landuse": "V", "KA": null, "Name": null, "Plot_No": "116", "Block": "C" }, "geometry": { "type": "Polygon", "coordinates": [ [ [ 74.259038521273041, 31.441167948306614 ], [ 74.25894446145098, 31.44096594272029 ], [ 74.258817269680179, 31.441009732694475 ], [ 74.258911837751512, 31.441213945506707 ], [ 74.259038521273041, 31.441167948306614 ] ] ] } },
{ "type": "Feature", "properties": { "Id": null, "__source_file": "Export_Output.shp", "OBJECTID": 175307.0, "SHAPE_Leng": 149.19729322500001, "SHAPE_Area": 1313.88464892, "Town": "Allama Iqbal Town", "UC_N0": "UC_120", "Landuse": "R", "KA": null, "Name": null, "Plot_No": "146A", "Block": "B" }, "geometry": { "type": "Polygon", "coordinates": [ [ [ 74.259447487584282, 31.440505887351769 ], [ 74.259419742375528, 31.440449995186601 ], [ 74.259381852648417, 31.440373667088441 ], [ 74.259163658985898, 31.440437869006349 ], [ 74.259220400452406, 31.440561319756647 ], [ 74.259447487584282, 31.440505887351769 ] ] ] } },
{ "type": "Feature", "properties": { "Id": null, "__source_file": "Export_Output.shp", "OBJECTID": 175307.0, "SHAPE_Leng": 149.19729322500001, "SHAPE_Area": 1313.88464892, "Town": "Allama Iqbal Town", "UC_N0": "UC_120", "Landuse": "C", "KA": null, "Name": "Grocery ShoP", "Plot_No": "146", "Block": "B" }, "geometry": { "type": "Polygon", "coordinates": [ [ [ 74.259381852648417, 31.440373667088441 ], [ 74.259311388593432, 31.440231718461714 ], [ 74.259101128273045, 31.440301822130962 ], [ 74.259163658985898, 31.440437869006349 ], [ 74.259381852648417, 31.440373667088441 ] ] ] } },
{ "type": "Feature", "properties": { "Id": null, "__source_file": "Export_Output.shp", "OBJECTID": 175307.0, "SHAPE_Leng": 149.19729322500001, "SHAPE_Area": 1313.88464892, "Town": "Allama Iqbal Town", "UC_N0": "UC_120", "Landuse": "V", "KA": null, "Name": null, "Plot_No": "145", "Block": "B" }, "geometry": { "type": "Polygon", "coordinates": [ [ [ 74.258968214300651, 31.440346137182061 ], [ 74.259060507353283, 31.440554176921598 ], [ 74.259194740390484, 31.440505492068649 ], [ 74.259101128273045, 31.440301822130962 ], [ 74.259096743065214, 31.440303284214473 ], [ 74.258968214300651, 31.440346137182061 ] ] ] } },
{ "type": "Feature", "properties": { "Id": null, "__source_file": "Export_Output.shp", "OBJECTID": 175307.0, "SHAPE_Leng": 149.19729322500001, "SHAPE_Area": 1313.88464892, "Town": "Allama Iqbal Town", "UC_N0": "UC_120", "Landuse": "R", "KA": null, "Name": null, "Plot_No": "144", "Block": "B" }, "geometry": { "type": "Polygon", "coordinates": [ [ [ 74.259060507353283, 31.440554176921598 ], [ 74.258968214300651, 31.440346137182061 ], [ 74.258813090912824, 31.44039785687724 ], [ 74.258915622421313, 31.440606724883967 ], [ 74.259060507353283, 31.440554176921598 ] ] ] } },
{ "type": "Feature", "properties": { "Id": null, "__source_file": "Export_Output.shp", "OBJECTID": 175307.0, "SHAPE_Leng": 149.19729322500001, "SHAPE_Area": 1313.88464892, "Town": "Allama Iqbal Town", "UC_N0": "V", "Landuse": null, "KA": null, "Name": null, "Plot_No": "143", "Block": "B" }, "geometry": { "type": "Polygon", "coordinates": [ [ [ 74.258915622421313, 31.440606724883967 ], [ 74.258813090912824, 31.44039785687724 ], [ 74.258669679781605, 31.440445671369147 ], [ 74.258764334573016, 31.440661594864913 ], [ 74.258915622421313, 31.440606724883967 ] ] ] } },
{ "type": "Feature", "properties": { "Id": null, "__source_file": "Export_Output.shp", "OBJECTID": 175307.0, "SHAPE_Leng": 149.19729322500001, "SHAPE_Area": 1313.88464892, "Town": "Allama Iqbal Town", "UC_N0": "UC_120", "Landuse": "V", "KA": null, "Name": null, "Plot_No": "142", "Block": "B" }, "geometry": { "type": "Polygon", "coordinates": [ [ [ 74.258764334573016, 31.440661594864913 ], [ 74.258669679781605, 31.440445671369147 ], [ 74.258533790578937, 31.440490977791526 ], [ 74.258633128462009, 31.440709181283211 ], [ 74.258764334573016, 31.440661594864913 ] ] ] } },
{ "type": "Feature", "properties": { "Id": null, "__source_file": "Export_Output.shp", "OBJECTID": 175307.0, "SHAPE_Leng": 149.19729322500001, "SHAPE_Area": 1313.88464892, "Town": "Allama Iqbal Town", "UC_N0": "UC_120", "Landuse": "V", "KA": null, "Name": null, "Plot_No": "141", "Block": "B" }, "geometry": { "type": "Polygon", "coordinates": [ [ [ 74.258633128462009, 31.440709181283211 ], [ 74.258533790578937, 31.440490977791526 ], [ 74.258496732213388, 31.440503333280141 ], [ 74.258384992063483, 31.440540588151723 ], [ 74.2584826932883, 31.440763741557372 ], [ 74.258633128462009, 31.440709181283211 ] ] ] } },
{ "type": "Feature", "properties": { "Id": null, "__source_file": "Export_Output.shp", "OBJECTID": 175307.0, "SHAPE_Leng": 149.19729322500001, "SHAPE_Area": 1313.88464892, "Town": "Allama Iqbal Town", "UC_N0": "UC_120", "Landuse": "R", "KA": null, "Name": null, "Plot_No": "140", "Block": "B" }, "geometry": { "type": "Polygon", "coordinates": [ [ [ 74.2584826932883, 31.440763741557372 ], [ 74.258384992063483, 31.440540588151723 ], [ 74.258227732862295, 31.440593019275187 ], [ 74.258347065006774, 31.440812931416662 ], [ 74.2584826932883, 31.440763741557372 ] ] ] } },
{ "type": "Feature", "properties": { "Id": null, "__source_file": "Export_Output.shp", "OBJECTID": 175307.0, "SHAPE_Leng": 149.19729322500001, "SHAPE_Area": 1313.88464892, "Town": "Allama Iqbal Town", "UC_N0": "UC_120", "Landuse": "V", "KA": null, "Name": null, "Plot_No": "139", "Block": "B" }, "geometry": { "type": "Polygon", "coordinates": [ [ [ 74.258347065006774, 31.440812931416662 ], [ 74.258227732862295, 31.440593019275187 ], [ 74.258197024965952, 31.440603257424652 ], [ 74.258076550216217, 31.440643423958544 ], [ 74.25819165491265, 31.440869295530245 ], [ 74.258347065006774, 31.440812931416662 ] ] ] } },
{ "type": "Feature", "properties": { "Id": null, "__source_file": "Export_Output.shp", "OBJECTID": 175307.0, "SHAPE_Leng": 149.19729322500001, "SHAPE_Area": 1313.88464892, "Town": "Allama Iqbal Town", "UC_N0": "UC_120", "Landuse": "V", "KA": null, "Name": null, "Plot_No": "138", "Block": "B" }, "geometry": { "type": "Polygon", "coordinates": [ [ [ 74.25819165491265, 31.440869295530245 ], [ 74.258076550216217, 31.440643423958544 ], [ 74.257921691855387, 31.440695053718759 ], [ 74.258057525432378, 31.44091794138582 ], [ 74.25819165491265, 31.440869295530245 ] ] ] } },
{ "type": "Feature", "properties": { "Id": null, "__source_file": "Export_Output.shp", "OBJECTID": 175307.0, "SHAPE_Leng": 149.19729322500001, "SHAPE_Area": 1313.88464892, "Town": "Allama Iqbal Town", "UC_N0": "UC_120", "Landuse": "V", "KA": null, "Name": null, "Plot_No": "137", "Block": "B" }, "geometry": { "type": "Polygon", "coordinates": [ [ [ 74.258057525432378, 31.44091794138582 ], [ 74.257921691855387, 31.440695053718759 ], [ 74.257778756009586, 31.440742708532472 ], [ 74.257886369359213, 31.440980015704895 ], [ 74.258057525432378, 31.44091794138582 ] ] ] } },
{ "type": "Feature", "properties": { "Id": null, "__source_file": "Export_Output.shp", "OBJECTID": 175307.0, "SHAPE_Leng": 149.19729322500001, "SHAPE_Area": 1313.88464892, "Town": "Allama Iqbal Town", "UC_N0": "UC_120", "Landuse": "V", "KA": null, "Name": null, "Plot_No": "136", "Block": "B" }, "geometry": { "type": "Polygon", "coordinates": [ [ [ 74.257886369359213, 31.440980015704895 ], [ 74.257778756009586, 31.440742708532472 ], [ 74.257747144292608, 31.440753247824009 ], [ 74.25763483304209, 31.440790691800004 ], [ 74.257757062337063, 31.441026912140746 ], [ 74.257886369359213, 31.440980015704895 ] ] ] } },
{ "type": "Feature", "properties": { "Id": null, "__source_file": "Export_Output.shp", "OBJECTID": 175307.0, "SHAPE_Leng": 149.19729322500001, "SHAPE_Area": 1313.88464892, "Town": "Allama Iqbal Town", "UC_N0": "UC_120", "Landuse": "R", "KA": null, "Name": null, "Plot_No": "135", "Block": "B" }, "geometry": { "type": "Polygon", "coordinates": [ [ [ 74.257757062337063, 31.441026912140746 ], [ 74.25763483304209, 31.440790691800004 ], [ 74.257601182225613, 31.440801910791318 ], [ 74.257480047734745, 31.440842296999516 ], [ 74.25759935072017, 31.441084109973577 ], [ 74.257757062337063, 31.441026912140746 ] ] ] } },
{ "type": "Feature", "properties": { "Id": null, "__source_file": "Export_Output.shp", "OBJECTID": 175307.0, "SHAPE_Leng": 149.19729322500001, "SHAPE_Area": 1313.88464892, "Town": "Allama Iqbal Town", "UC_N0": "UC_120", "Landuse": "R", "KA": null, "Name": null, "Plot_No": "133", "Block": "B" }, "geometry": { "type": "Polygon", "coordinates": [ [ [ 74.257705858417552, 31.441299987297818 ], [ 74.25759935072017, 31.441084109973577 ], [ 74.25741297598816, 31.44115170281739 ], [ 74.257518652290031, 31.441364119145458 ], [ 74.257705858417552, 31.441299987297818 ] ] ] } },
{ "type": "Feature", "properties": { "Id": null, "__source_file": "Export_Output.shp", "OBJECTID": 175307.0, "SHAPE_Leng": 149.19729322500001, "SHAPE_Area": 1313.88464892, "Town": "Allama Iqbal Town", "UC_N0": "UC_120", "Landuse": "V", "KA": null, "Name": null, "Plot_No": "132", "Block": "B" }, "geometry": { "type": "Polygon", "coordinates": [ [ [ 74.257869376894334, 31.441243970130241 ], [ 74.257757062337063, 31.441026912140746 ], [ 74.25759935072017, 31.441084109973577 ], [ 74.257705858417552, 31.441299987297818 ], [ 74.257822184094707, 31.44126013711838 ], [ 74.257869376894334, 31.441243970130241 ] ] ] } },
{ "type": "Feature", "properties": { "Id": null, "__source_file": "Export_Output.shp", "OBJECTID": 175307.0, "SHAPE_Leng": 149.19729322500001, "SHAPE_Area": 1313.88464892, "Town": "Allama Iqbal Town", "UC_N0": "UC_120", "Landuse": "C", "KA": null, "Name": "Acadmy garden education", "Plot_No": "131", "Block": "B" }, "geometry": { "type": "Polygon", "coordinates": [ [ [ 74.257987687622389, 31.441203439902786 ], [ 74.257886369359213, 31.440980015704895 ], [ 74.257757062337063, 31.441026912140746 ], [ 74.257869376894334, 31.441243970130241 ], [ 74.257969941658033, 31.441209519260646 ], [ 74.257987687622389, 31.441203439902786 ] ] ] } },
{ "type": "Feature", "properties": { "Id": null, "__source_file": "Export_Output.shp", "OBJECTID": 175307.0, "SHAPE_Leng": 149.19729322500001, "SHAPE_Area": 1313.88464892, "Town": "Allama Iqbal Town", "UC_N0": "UC_120", "Landuse": "V", "KA": null, "Name": null, "Plot_No": "129", "Block": "B" }, "geometry": { "type": "Polygon", "coordinates": [ [ [ 74.258306311488084, 31.441094286587425 ], [ 74.25819165491265, 31.440869295530245 ], [ 74.258057525432378, 31.44091794138582 ], [ 74.258189403136015, 31.44113433680516 ], [ 74.258264683930776, 31.441108547416253 ], [ 74.258306311488084, 31.441094286587425 ] ] ] } },
{ "type": "Feature", "properties": { "Id": null, "__source_file": "Export_Output.shp", "OBJECTID": 175307.0, "SHAPE_Leng": 149.19729322500001, "SHAPE_Area": 1313.88464892, "Town": "Allama Iqbal Town", "UC_N0": "UC_120", "Landuse": "V", "KA": null, "Name": null, "Plot_No": "128", "Block": "B" }, "geometry": { "type": "Polygon", "coordinates": [ [ [ 74.258469417883987, 31.441038409173828 ], [ 74.258347065006774, 31.440812931416662 ], [ 74.25819165491265, 31.440869295530245 ], [ 74.258306311488084, 31.441094286587425 ], [ 74.258425772094725, 31.441053361549859 ], [ 74.258469417883987, 31.441038409173828 ] ] ] } },
{ "type": "Feature", "properties": { "Id": null, "__source_file": "Export_Output.shp", "OBJECTID": 175307.0, "SHAPE_Leng": 149.19729322500001, "SHAPE_Area": 1313.88464892, "Town": "Allama Iqbal Town", "UC_N0": "UC_120", "Landuse": "V", "KA": null, "Name": null, "Plot_No": "127", "Block": "B" }, "geometry": { "type": "Polygon", "coordinates": [ [ [ 74.258585532857381, 31.440998629939635 ], [ 74.2584826932883, 31.440763741557372 ], [ 74.258347065006774, 31.440812931416662 ], [ 74.258469417883987, 31.441038409173828 ], [ 74.258570198903172, 31.441003883071293 ], [ 74.258585532857381, 31.440998629939635 ] ] ] } },
{ "type": "Feature", "properties": { "Id": null, "__source_file": "Export_Output.shp", "OBJECTID": 175307.0, "SHAPE_Leng": 149.19729322500001, "SHAPE_Area": 1313.88464892, "Town": "Allama Iqbal Town", "UC_N0": "UC_120", "Landuse": "R", "KA": null, "Name": null, "Plot_No": "126", "Block": "B" }, "geometry": { "type": "Polygon", "coordinates": [ [ [ 74.258740701194867, 31.440945472066538 ], [ 74.258633128461994, 31.440709181283211 ], [ 74.2584826932883, 31.440763741557372 ], [ 74.258585532857381, 31.440998629939635 ], [ 74.258714788053766, 31.440954349429386 ], [ 74.258740701194867, 31.440945472066538 ] ] ] } },
{ "type": "Feature", "properties": { "Id": null, "__source_file": "Export_Output.shp", "OBJECTID": 175307.0, "SHAPE_Leng": 149.19729322500001, "SHAPE_Area": 1313.88464892, "Town": "Allama Iqbal Town", "UC_N0": "UC_120", "Landuse": "V", "KA": null, "Name": null, "Plot_No": "125", "Block": "B" }, "geometry": { "type": "Polygon", "coordinates": [ [ [ 74.258869444432875, 31.440901366911081 ], [ 74.258764334573016, 31.440661594864913 ], [ 74.258633128461994, 31.440709181283211 ], [ 74.258740701194867, 31.440945472066538 ], [ 74.258869444432875, 31.440901366911081 ] ] ] } },
{ "type": "Feature", "properties": { "Id": null, "__source_file": "Export_Output.shp", "OBJECTID": 175307.0, "SHAPE_Leng": 149.19729322500001, "SHAPE_Area": 1313.88464892, "Town": "Allama Iqbal Town", "UC_N0": "UC_120", "Landuse": "V", "KA": null, "Name": null, "Plot_No": "124", "Block": "B" }, "geometry": { "type": "Polygon", "coordinates": [ [ [ 74.259032789939852, 31.440845406848531 ], [ 74.258915622421284, 31.440606724883967 ], [ 74.258764334573016, 31.440661594864913 ], [ 74.258869444432875, 31.440901366911081 ], [ 74.259032789939852, 31.440845406848531 ] ] ] } },
{ "type": "Feature", "properties": { "Id": null, "__source_file": "Export_Output.shp", "OBJECTID": 175307.0, "SHAPE_Leng": 149.19729322500001, "SHAPE_Area": 1313.88464892, "Town": "Allama Iqbal Town", "UC_N0": "UC_120", "Landuse": "V", "KA": null, "Name": null, "Plot_No": "123", "Block": "B" }, "geometry": { "type": "Polygon", "coordinates": [ [ [ 74.259169004481564, 31.440798741376408 ], [ 74.259060507353283, 31.440554176921598 ], [ 74.258915622421284, 31.440606724883967 ], [ 74.259032789939852, 31.440845406848531 ], [ 74.259169004481564, 31.440798741376408 ] ] ] } },
{ "type": "Feature", "properties": { "Id": null, "__source_file": "Export_Output.shp", "OBJECTID": 175307.0, "SHAPE_Leng": 149.19729322500001, "SHAPE_Area": 1313.88464892, "Town": "Allama Iqbal Town", "UC_N0": "UC_120", "Landuse": "V", "KA": null, "Name": null, "Plot_No": "122", "Block": "B" }, "geometry": { "type": "Polygon", "coordinates": [ [ [ 74.259060507353283, 31.440554176921598 ], [ 74.259169004481564, 31.440798741376408 ], [ 74.259181908472058, 31.440794320619613 ], [ 74.259307688492314, 31.440751229664464 ], [ 74.259194740390484, 31.440505492068649 ], [ 74.259060507353283, 31.440554176921598 ] ] ] } },
{ "type": "Feature", "properties": { "Id": null, "__source_file": "Export_Output.shp", "OBJECTID": 175307.0, "SHAPE_Leng": 149.19729322500001, "SHAPE_Area": 1313.88464892, "Town": "Allama Iqbal Town", "UC_N0": "UC_120", "Landuse": "V", "KA": null, "Name": null, "Plot_No": "121", "Block": "B" }, "geometry": { "type": "Polygon", "coordinates": [ [ [ 74.259447487584282, 31.440505887351783 ], [ 74.259220400452406, 31.440561319756647 ], [ 74.259307688492314, 31.440751229664464 ], [ 74.259531256174824, 31.440674637245667 ], [ 74.259447487584282, 31.440505887351783 ] ] ] } },
{ "type": "Feature", "properties": { "Id": null, "__source_file": "Export_Output.shp", "OBJECTID": 165661.0, "SHAPE_Leng": 368.80684276, "SHAPE_Area": 4617.7719212399998, "Town": "Allama Iqbal Town", "UC_N0": "UC_120", "Landuse": "R", "KA": null, "Name": null, "Plot_No": "52D", "Block": "C" }, "geometry": { "type": "Polygon", "coordinates": [ [ [ 74.258021835583051, 31.438456493105889 ], [ 74.257956820264724, 31.43832014396197 ], [ 74.257915155424527, 31.43836371011637 ], [ 74.257877922389198, 31.438400118512245 ], [ 74.257788051703386, 31.4384800042893 ], [ 74.257728306340212, 31.43852768003935 ], [ 74.257740320452783, 31.438552925998493 ], [ 74.258021835583051, 31.438456493105889 ] ] ] } },
{ "type": "Feature", "properties": { "Id": null, "__source_file": "Export_Output.shp", "OBJECTID": 165661.0, "SHAPE_Leng": 368.80684276, "SHAPE_Area": 4617.7719212399998, "Town": "Allama Iqbal Town", "UC_N0": "UC_120", "Landuse": "R", "KA": null, "Name": null, "Plot_No": "52C", "Block": "C" }, "geometry": { "type": "Polygon", "coordinates": [ [ [ 74.258079984812781, 31.438578442436338 ], [ 74.258021835583051, 31.438456493105889 ], [ 74.257740320452783, 31.438552925998493 ], [ 74.257804056088489, 31.438686856725536 ], [ 74.258079984812781, 31.438578442436338 ] ] ] } },
{ "type": "Feature", "properties": { "Id": null, "__source_file": "Export_Output.shp", "OBJECTID": 165661.0, "SHAPE_Leng": 368.80684276, "SHAPE_Area": 4617.7719212399998, "Town": "Allama Iqbal Town", "UC_N0": "UC_120", "Landuse": "R", "KA": null, "Name": null, "Plot_No": "52B", "Block": "C" }, "geometry": { "type": "Polygon", "coordinates": [ [ [ 74.25813353812724, 31.43869075301323 ], [ 74.258079984812781, 31.438578442436338 ], [ 74.257804056088489, 31.438686856725536 ], [ 74.257855807196904, 31.438795604329844 ], [ 74.25813353812724, 31.43869075301323 ] ] ] } },
{ "type": "Feature", "properties": { "Id": null, "__source_file": "Export_Output.shp", "OBJECTID": 165661.0, "SHAPE_Leng": 368.80684276, "SHAPE_Area": 4617.7719212399998, "Town": "Allama Iqbal Town", "UC_N0": "UC_120", "Landuse": null, "KA": null, "Name": null, "Plot_No": "75/C", "Block": "C" }, "geometry": { "type": "Polygon", "coordinates": [ [ [ 74.258192358703127, 31.438222530186113 ], [ 74.25813008088241, 31.438099721997542 ], [ 74.258108020944874, 31.438132405516527 ], [ 74.258038272637819, 31.438225923349286 ], [ 74.257961468682112, 31.438315283417435 ], [ 74.257956820264724, 31.43832014396197 ], [ 74.258192358703127, 31.438222530186113 ] ] ] } },
{ "type": "Feature", "properties": { "Id": null, "__source_file": "Export_Output.shp", "OBJECTID": 165661.0, "SHAPE_Leng": 368.80684276, "SHAPE_Area": 4617.7719212399998, "Town": "Allama Iqbal Town", "UC_N0": "UC_120", "Landuse": "V", "KA": null, "Name": null, "Plot_No": "52A", "Block": "C" }, "geometry": { "type": "Polygon", "coordinates": [ [ [ 74.258201007577426, 31.438832247731231 ], [ 74.25813353812724, 31.43869075301323 ], [ 74.257855807196904, 31.438795604329844 ], [ 74.257922061564898, 31.438934827495064 ], [ 74.258201007577426, 31.438832247731231 ] ] ] } },
{ "type": "Feature", "properties": { "Id": null, "__source_file": "Export_Output.shp", "OBJECTID": 165661.0, "SHAPE_Leng": 368.80684276, "SHAPE_Area": 4617.7719212399998, "Town": "Allama Iqbal Town", "UC_N0": "UC_120", "Landuse": "V", "KA": null, "Name": null, "Plot_No": "52", "Block": "C" }, "geometry": { "type": "Polygon", "coordinates": [ [ [ 74.25826299133324, 31.438962237631824 ], [ 74.258201007577426, 31.438832247731231 ], [ 74.257922061564898, 31.438934827495064 ], [ 74.257983947062414, 31.439064869768178 ], [ 74.25826299133324, 31.438962237631824 ] ] ] } },
{ "type": "Feature", "properties": { "Id": null, "__source_file": "Export_Output.shp", "OBJECTID": 165661.0, "SHAPE_Leng": 368.80684276, "SHAPE_Area": 4617.7719212399998, "Town": "Allama Iqbal Town", "UC_N0": "UC_120", "Landuse": "R", "KA": null, "Name": null, "Plot_No": "53", "Block": "C" }, "geometry": { "type": "Polygon", "coordinates": [ [ [ 74.258319237453378, 31.439080194457272 ], [ 74.25826299133324, 31.438962237631824 ], [ 74.257983947062414, 31.439064869768178 ], [ 74.258042543863155, 31.439188000623457 ], [ 74.258319237453378, 31.439080194457272 ] ] ] } },
{ "type": "Feature", "properties": { "Id": null, "__source_file": "Export_Output.shp", "OBJECTID": 165661.0, "SHAPE_Leng": 368.80684276, "SHAPE_Area": 4617.7719212399998, "Town": "Allama Iqbal Town", "UC_N0": "UC_120", "Landuse": "R", "KA": null, "Name": null, "Plot_No": "54", "Block": "C" }, "geometry": { "type": "Polygon", "coordinates": [ [ [ 74.258380093887467, 31.4392078194706 ], [ 74.258319237453378, 31.439080194457272 ], [ 74.258042543863155, 31.439188000623457 ], [ 74.258102989658013, 31.439315017279633 ], [ 74.258380093887467, 31.4392078194706 ] ] ] } },
{ "type": "Feature", "properties": { "Id": null, "__source_file": "Export_Output.shp", "OBJECTID": 165661.0, "SHAPE_Leng": 368.80684276, "SHAPE_Area": 4617.7719212399998, "Town": "Allama Iqbal Town", "UC_N0": "UC_120", "Landuse": "R", "KA": null, "Name": null, "Plot_No": "55", "Block": "C" }, "geometry": { "type": "Polygon", "coordinates": [ [ [ 74.258442728329484, 31.43933917284695 ], [ 74.258380093887467, 31.4392078194706 ], [ 74.258102989658013, 31.439315017279633 ], [ 74.258160107852703, 31.439435040705771 ], [ 74.258442728329484, 31.43933917284695 ] ] ] } },
{ "type": "Feature", "properties": { "Id": null, "__source_file": "Export_Output.shp", "OBJECTID": 165661.0, "SHAPE_Leng": 368.80684276, "SHAPE_Area": 4617.7719212399998, "Town": "Allama Iqbal Town", "UC_N0": "UC_120", "Landuse": "V", "KA": null, "Name": null, "Plot_No": "56", "Block": "C" }, "geometry": { "type": "Polygon", "coordinates": [ [ [ 74.258497160878861, 31.439453325365278 ], [ 74.258442728329484, 31.43933917284695 ], [ 74.258160107852703, 31.439435040705771 ], [ 74.258176114373512, 31.439468675573274 ], [ 74.258219635053194, 31.439560126297504 ], [ 74.258497160878861, 31.439453325365278 ] ] ] } },
{ "type": "Feature", "properties": { "Id": null, "__source_file": "Export_Output.shp", "OBJECTID": 165661.0, "SHAPE_Leng": 368.80684276, "SHAPE_Area": 4617.7719212399998, "Town": "Allama Iqbal Town", "UC_N0": "UC_120", "Landuse": "V", "KA": null, "Name": null, "Plot_No": "57", "Block": "C" }, "geometry": { "type": "Polygon", "coordinates": [ [ [ 74.258556453165184, 31.439577669082823 ], [ 74.258497160878861, 31.439453325365278 ], [ 74.258219635053194, 31.439560126297504 ], [ 74.258241141031718, 31.439605317096227 ], [ 74.258274443721831, 31.439675295919542 ], [ 74.258556453165184, 31.439577669082823 ] ] ] } },
{ "type": "Feature", "properties": { "Id": null, "__source_file": "Export_Output.shp", "OBJECTID": 165661.0, "SHAPE_Leng": 368.80684276, "SHAPE_Area": 4617.7719212399998, "Town": "Allama Iqbal Town", "UC_N0": "UC_120", "Landuse": "V", "KA": null, "Name": null, "Plot_No": "58", "Block": "C" }, "geometry": { "type": "Polygon", "coordinates": [ [ [ 74.258622177551246, 31.439715501350232 ], [ 74.258556453165184, 31.439577669082823 ], [ 74.258274443721831, 31.439675295919542 ], [ 74.258338146333472, 31.439809154521168 ], [ 74.258622177551246, 31.439715501350232 ] ] ] } },
{ "type": "Feature", "properties": { "Id": null, "__source_file": "Export_Output.shp", "OBJECTID": 165661.0, "SHAPE_Leng": 368.80684276, "SHAPE_Area": 4617.7719212399998, "Town": "Allama Iqbal Town", "UC_N0": "UC_120", "Landuse": "V", "KA": null, "Name": null, "Plot_No": "59", "Block": "C" }, "geometry": { "type": "Polygon", "coordinates": [ [ [ 74.258683954433579, 31.439845054816306 ], [ 74.258622177551246, 31.439715501350232 ], [ 74.258338146333472, 31.439809154521168 ], [ 74.258408621628746, 31.439957242913195 ], [ 74.258683954433579, 31.439845054816306 ] ] ] } },
{ "type": "Feature", "properties": { "Id": null, "__source_file": "Export_Output.shp", "OBJECTID": 165661.0, "SHAPE_Leng": 368.80684276, "SHAPE_Area": 4617.7719212399998, "Town": "Allama Iqbal Town", "UC_N0": "UC_120", "Landuse": "V", "KA": null, "Name": null, "Plot_No": "60", "Block": "C" }, "geometry": { "type": "Polygon", "coordinates": [ [ [ 74.258740745179111, 31.439964151425929 ], [ 74.258683954433579, 31.439845054816306 ], [ 74.258408621628746, 31.439957242913195 ], [ 74.258461487867763, 31.440068330964856 ], [ 74.258740745179111, 31.439964151425929 ] ] ] } },
{ "type": "Feature", "properties": { "Id": null, "__source_file": "Export_Output.shp", "OBJECTID": 165661.0, "SHAPE_Leng": 368.80684276, "SHAPE_Area": 4617.7719212399998, "Town": "Allama Iqbal Town", "UC_N0": "UC_120", "Landuse": "V", "KA": null, "Name": null, "Plot_No": "61", "Block": "C" }, "geometry": { "type": "Polygon", "coordinates": [ [ [ 74.258816238692674, 31.440122469356385 ], [ 74.258740745179111, 31.439964151425929 ], [ 74.258461487867763, 31.440068330964856 ], [ 74.258538927991907, 31.440231054416969 ], [ 74.258816238692674, 31.440122469356385 ] ] ] } },
{ "type": "Feature", "properties": { "Id": null, "__source_file": "Export_Output.shp", "OBJECTID": 165661.0, "SHAPE_Leng": 368.80684276, "SHAPE_Area": 4617.7719212399998, "Town": "Allama Iqbal Town", "UC_N0": "UC_120", "Landuse": "R", "KA": null, "Name": null, "Plot_No": "62", "Block": "C" }, "geometry": { "type": "Polygon", "coordinates": [ [ [ 74.258816238692674, 31.440122469356385 ], [ 74.258538927991907, 31.440231054416969 ], [ 74.258621683783886, 31.440404946918491 ], [ 74.258905627724204, 31.440309926933391 ], [ 74.258816238692674, 31.440122469356385 ] ] ] } },
{ "type": "Feature", "properties": { "Id": null, "__source_file": "Export_Output.shp", "OBJECTID": 165661.0, "SHAPE_Leng": 368.80684276, "SHAPE_Area": 4617.7719212399998, "Town": "Allama Iqbal Town", "UC_N0": "UC_120", "Landuse": "V", "KA": null, "Name": null, "Plot_No": "64", "Block": "C" }, "geometry": { "type": "Polygon", "coordinates": [ [ [ 74.259099594665457, 31.440011516294248 ], [ 74.259022305512644, 31.439859111865903 ], [ 74.258740745179111, 31.439964151425929 ], [ 74.258816238692674, 31.440122469356385 ], [ 74.259099594665457, 31.440011516294248 ] ] ] } },
{ "type": "Feature", "properties": { "Id": null, "__source_file": "Export_Output.shp", "OBJECTID": 165661.0, "SHAPE_Leng": 368.80684276, "SHAPE_Area": 4617.7719212399998, "Town": "Allama Iqbal Town", "UC_N0": "UC_120", "Landuse": "R", "KA": null, "Name": null, "Plot_No": "65", "Block": "C" }, "geometry": { "type": "Polygon", "coordinates": [ [ [ 74.259022305512644, 31.439859111865903 ], [ 74.258984713833811, 31.439784985862147 ], [ 74.258958454271976, 31.439733205238667 ], [ 74.258683954433579, 31.439845054816306 ], [ 74.258740745179111, 31.439964151425929 ], [ 74.259022305512644, 31.439859111865903 ] ] ] } },
{ "type": "Feature", "properties": { "Id": null, "__source_file": "Export_Output.shp", "OBJECTID": 165661.0, "SHAPE_Leng": 368.80684276, "SHAPE_Area": 4617.7719212399998, "Town": "Allama Iqbal Town", "UC_N0": "UC_120", "Landuse": "R", "KA": null, "Name": null, "Plot_No": "65", "Block": "C" }, "geometry": { "type": "Polygon", "coordinates": [ [ [ 74.258958454271976, 31.439733205238667 ], [ 74.258919926457466, 31.439657233020135 ], [ 74.258902587073379, 31.439623041553808 ], [ 74.258622177551246, 31.439715501350232 ], [ 74.258683954433579, 31.439845054816306 ], [ 74.258958454271976, 31.439733205238667 ] ] ] } },
{ "type": "Feature", "properties": { "Id": null, "__source_file": "Export_Output.shp", "OBJECTID": 165661.0, "SHAPE_Leng": 368.80684276, "SHAPE_Area": 4617.7719212399998, "Town": "Allama Iqbal Town", "UC_N0": "UC_120", "Landuse": "V", "KA": null, "Name": null, "Plot_No": "67", "Block": "C" }, "geometry": { "type": "Polygon", "coordinates": [ [ [ 74.258902587073379, 31.439623041553808 ], [ 74.258831321316677, 31.439482513640623 ], [ 74.258556453165184, 31.439577669082823 ], [ 74.258622177551246, 31.439715501350232 ], [ 74.258902587073379, 31.439623041553808 ] ] ] } },
{ "type": "Feature", "properties": { "Id": null, "__source_file": "Export_Output.shp", "OBJECTID": 165661.0, "SHAPE_Leng": 368.80684276, "SHAPE_Area": 4617.7719212399998, "Town": "Allama Iqbal Town", "UC_N0": "UC_120", "Landuse": "V", "KA": null, "Name": null, "Plot_No": "68", "Block": "C" }, "geometry": { "type": "Polygon", "coordinates": [ [ [ 74.258831321316677, 31.439482513640623 ], [ 74.258764370860348, 31.439350493487051 ], [ 74.258497160878861, 31.439453325365278 ], [ 74.258556453165184, 31.439577669082823 ], [ 74.258831321316677, 31.439482513640623 ] ] ] } },
{ "type": "Feature", "properties": { "Id": null, "__source_file": "Export_Output.shp", "OBJECTID": 165661.0, "SHAPE_Leng": 368.80684276, "SHAPE_Area": 4617.7719212399998, "Town": "Allama Iqbal Town", "UC_N0": "UC_120", "Landuse": "R", "KA": null, "Name": null, "Plot_No": "69", "Block": "C" }, "geometry": { "type": "Polygon", "coordinates": [ [ [ 74.258764370860348, 31.439350493487051 ], [ 74.258712263490452, 31.43924774294306 ], [ 74.258442728329484, 31.43933917284695 ], [ 74.258497160878861, 31.439453325365278 ], [ 74.258764370860348, 31.439350493487051 ] ] ] } },
{ "type": "Feature", "properties": { "Id": null, "__source_file": "Export_Output.shp", "OBJECTID": 165661.0, "SHAPE_Leng": 368.80684276, "SHAPE_Area": 4617.7719212399998, "Town": "Allama Iqbal Town", "UC_N0": "UC_120", "Landuse": "R", "KA": null, "Name": null, "Plot_No": "70", "Block": "C" }, "geometry": { "type": "Polygon", "coordinates": [ [ [ 74.258712263490452, 31.43924774294306 ], [ 74.258640859660034, 31.439106941396147 ], [ 74.258380093887467, 31.4392078194706 ], [ 74.258442728329484, 31.43933917284695 ], [ 74.258712263490452, 31.43924774294306 ] ] ] } },
{ "type": "Feature", "properties": { "Id": null, "__source_file": "Export_Output.shp", "OBJECTID": 165661.0, "SHAPE_Leng": 368.80684276, "SHAPE_Area": 4617.7719212399998, "Town": "Allama Iqbal Town", "UC_N0": "UC_120", "Landuse": "V", "KA": null, "Name": null, "Plot_No": "71", "Block": "C" }, "geometry": { "type": "Polygon", "coordinates": [ [ [ 74.258640859660034, 31.439106941396147 ], [ 74.258576469312445, 31.438979970237799 ], [ 74.258319237453378, 31.439080194457272 ], [ 74.258380093887467, 31.4392078194706 ], [ 74.258640859660034, 31.439106941396147 ] ] ] } },
{ "type": "Feature", "properties": { "Id": null, "__source_file": "Export_Output.shp", "OBJECTID": 165661.0, "SHAPE_Leng": 368.80684276, "SHAPE_Area": 4617.7719212399998, "Town": "Allama Iqbal Town", "UC_N0": "UC_120", "Landuse": "R", "KA": null, "Name": null, "Plot_No": "72", "Block": "C" }, "geometry": { "type": "Polygon", "coordinates": [ [ [ 74.258576469312445, 31.438979970237799 ], [ 74.258519612326339, 31.438867852016202 ], [ 74.25826299133324, 31.438962237631824 ], [ 74.258319237453378, 31.439080194457272 ], [ 74.258576469312445, 31.438979970237799 ] ] ] } },
{ "type": "Feature", "properties": { "Id": null, "__source_file": "Export_Output.shp", "OBJECTID": 165661.0, "SHAPE_Leng": 368.80684276, "SHAPE_Area": 4617.7719212399998, "Town": "Allama Iqbal Town", "UC_N0": "UC_120", "Landuse": "V", "KA": null, "Name": null, "Plot_No": "73", "Block": "C" }, "geometry": { "type": "Polygon", "coordinates": [ [ [ 74.258519612326339, 31.438867852016202 ], [ 74.258454316642258, 31.438739094986833 ], [ 74.258201007577426, 31.438832247731231 ], [ 74.25826299133324, 31.438962237631824 ], [ 74.258519612326339, 31.438867852016202 ] ] ] } },
{ "type": "Feature", "properties": { "Id": null, "__source_file": "Export_Output.shp", "OBJECTID": 165661.0, "SHAPE_Leng": 368.80684276, "SHAPE_Area": 4617.7719212399998, "Town": "Allama Iqbal Town", "UC_N0": "UC_120", "Landuse": "V", "KA": null, "Name": null, "Plot_No": "74", "Block": "C" }, "geometry": { "type": "Polygon", "coordinates": [ [ [ 74.258454316642258, 31.438739094986833 ], [ 74.258382195728387, 31.438596876985059 ], [ 74.25813353812724, 31.43869075301323 ], [ 74.258201007577426, 31.438832247731231 ], [ 74.258454316642258, 31.438739094986833 ] ] ] } },
{ "type": "Feature", "properties": { "Id": null, "__source_file": "Export_Output.shp", "OBJECTID": 165661.0, "SHAPE_Leng": 368.80684276, "SHAPE_Area": 4617.7719212399998, "Town": "Allama Iqbal Town", "UC_N0": "UC_120", "Landuse": "V", "KA": null, "Name": null, "Plot_No": "75", "Block": "C" }, "geometry": { "type": "Polygon", "coordinates": [ [ [ 74.258382195728387, 31.438596876985059 ], [ 74.25832418897393, 31.438482492220416 ], [ 74.258079984812781, 31.438578442436338 ], [ 74.25813353812724, 31.43869075301323 ], [ 74.258382195728387, 31.438596876985059 ] ] ] } },
{ "type": "Feature", "properties": { "Id": null, "__source_file": "Export_Output.shp", "OBJECTID": 165661.0, "SHAPE_Leng": 368.80684276, "SHAPE_Area": 4617.7719212399998, "Town": "Allama Iqbal Town", "UC_N0": "UC_120", "Landuse": "V", "KA": null, "Name": null, "Plot_No": "75A", "Block": "C" }, "geometry": { "type": "Polygon", "coordinates": [ [ [ 74.25832418897393, 31.438482492220416 ], [ 74.258268206493781, 31.438372098176178 ], [ 74.258021835583051, 31.438456493105889 ], [ 74.258079984812781, 31.438578442436338 ], [ 74.25832418897393, 31.438482492220416 ] ] ] } },
{ "type": "Feature", "properties": { "Id": null, "__source_file": "Export_Output.shp", "OBJECTID": 165661.0, "SHAPE_Leng": 368.80684276, "SHAPE_Area": 4617.7719212399998, "Town": "Allama Iqbal Town", "UC_N0": "UC_120", "Landuse": "R", "KA": null, "Name": null, "Plot_No": "75B", "Block": "C" }, "geometry": { "type": "Polygon", "coordinates": [ [ [ 74.258192358703127, 31.438222530186113 ], [ 74.257956820264724, 31.43832014396197 ], [ 74.258021835583051, 31.438456493105889 ], [ 74.258268206493781, 31.438372098176178 ], [ 74.25820672755188, 31.438250864659285 ], [ 74.258192358703127, 31.438222530186113 ] ] ] } },
{ "type": "Feature", "properties": { "Id": null, "__source_file": "Export_Output.shp", "OBJECTID": 181731.0, "SHAPE_Leng": 579.16223250099995, "SHAPE_Area": 11376.2130789, "Town": "Allama Iqbal Town", "UC_N0": "UC_120", "Landuse": "V", "KA": null, "Name": null, "Plot_No": "106", "Block": "B" }, "geometry": { "type": "Polygon", "coordinates": [ [ [ 74.258044649420725, 31.441528806118839 ], [ 74.257887578396193, 31.441585834945208 ], [ 74.258028093823711, 31.441853750352664 ], [ 74.258179440624914, 31.441798387908936 ], [ 74.258044649420725, 31.441528806118839 ] ] ] } },
{ "type": "Feature", "properties": { "Id": null, "__source_file": "Export_Output.shp", "OBJECTID": 181731.0, "SHAPE_Leng": 579.16223250099995, "SHAPE_Area": 11376.2130789, "Town": "Allama Iqbal Town", "UC_N0": "UC_120", "Landuse": "V", "KA": null, "Name": null, "Plot_No": "108", "Block": "B" }, "geometry": { "type": "Polygon", "coordinates": [ [ [ 74.257887578396193, 31.441585834945208 ], [ 74.257773834867237, 31.441368963285321 ], [ 74.257558024235905, 31.441443260504357 ], [ 74.257668522635825, 31.441665368543298 ], [ 74.257887578396193, 31.441585834945208 ] ] ] } },
{ "type": "Feature", "properties": { "Id": null, "__source_file": "Export_Output.shp", "OBJECTID": 181731.0, "SHAPE_Leng": 579.16223250099995, "SHAPE_Area": 11376.2130789, "Town": "Allama Iqbal Town", "UC_N0": "UC_120", "Landuse": "V", "KA": null, "Name": null, "Plot_No": "109", "Block": "B" }, "geometry": { "type": "Polygon", "coordinates": [ [ [ 74.258044649420725, 31.44152880611885 ], [ 74.257936694342803, 31.441312895262531 ], [ 74.257773834867237, 31.441368963285321 ], [ 74.257887578396193, 31.441585834945208 ], [ 74.258044649420725, 31.44152880611885 ] ] ] } },
{ "type": "Feature", "properties": { "Id": null, "__source_file": "Export_Output.shp", "OBJECTID": 175307.0, "SHAPE_Leng": 149.19729322500001, "SHAPE_Area": 1313.88464892, "Town": "Allama Iqbal Town", "UC_N0": "UC_120", "Landuse": "V", "KA": null, "Name": null, "Plot_No": "134", "Block": "B" }, "geometry": { "type": "Polygon", "coordinates": [ [ [ 74.25759935072017, 31.441084109973595 ], [ 74.257480047734759, 31.44084229699952 ], [ 74.25744506995764, 31.440853958553411 ], [ 74.25729048953238, 31.44090549441993 ], [ 74.25741297598816, 31.441151702817411 ], [ 74.25759935072017, 31.441084109973595 ] ] ] } },
{ "type": "Feature", "properties": { "Id": null, "__source_file": "Export_Output.shp", "OBJECTID": 165662.0, "SHAPE_Leng": 252.83862410399999, "SHAPE_Area": 2483.8552762499999, "Town": "Allama Iqbal Town", "UC_N0": "UC_120", "Landuse": "R", "KA": null, "Name": null, "Plot_No": "32A", "Block": "C" }, "geometry": { "type": "Polygon", "coordinates": [ [ [ 74.258441124226678, 31.440232871301319 ], [ 74.258256891117114, 31.440304165097292 ], [ 74.25834760824263, 31.440496664482577 ], [ 74.258537008868274, 31.440433282993304 ], [ 74.258457790218131, 31.440267705391918 ], [ 74.258441124226678, 31.440232871301319 ] ] ] } },
{ "type": "Feature", "properties": { "Id": null, "__source_file": "Export_Output.shp", "OBJECTID": 165662.0, "SHAPE_Leng": 252.83862410399999, "SHAPE_Area": 2483.8552762499999, "Town": "Allama Iqbal Town", "UC_N0": "UC_120", "Landuse": "R", "KA": null, "Name": null, "Plot_No": "34", "Block": "C" }, "geometry": { "type": "Polygon", "coordinates": [ [ [ 74.258441124226678, 31.440232871301319 ], [ 74.258400669617501, 31.440148315116627 ], [ 74.258216175020053, 31.440217766324398 ], [ 74.258256891117114, 31.440304165097292 ], [ 74.258441124226678, 31.440232871301319 ] ] ] } },
{ "type": "Feature", "properties": { "Id": null, "__source_file": "Export_Output.shp", "OBJECTID": 165662.0, "SHAPE_Leng": 252.83862410399999, "SHAPE_Area": 2483.8552762499999, "Town": "Allama Iqbal Town", "UC_N0": "UC_120", "Landuse": "R", "KA": null, "Name": null, "Plot_No": "35", "Block": "C" }, "geometry": { "type": "Polygon", "coordinates": [ [ [ 74.258400669617501, 31.440148315116627 ], [ 74.258354613239362, 31.440052050630786 ], [ 74.258170743579853, 31.440121361485389 ], [ 74.258216175020053, 31.440217766324398 ], [ 74.258400669617501, 31.440148315116627 ] ] ] } },
{ "type": "Feature", "properties": { "Id": null, "__source_file": "Export_Output.shp", "OBJECTID": 165662.0, "SHAPE_Leng": 252.83862410399999, "SHAPE_Area": 2483.8552762499999, "Town": "Allama Iqbal Town", "UC_N0": "UC_120", "Landuse": "R", "KA": null, "Name": null, "Plot_No": "36", "Block": "C" }, "geometry": { "type": "Polygon", "coordinates": [ [ [ 74.258354613239362, 31.440052050630786 ], [ 74.258311447725276, 31.439961828400055 ], [ 74.258132261849795, 31.440039703663587 ], [ 74.258170743579853, 31.440121361485389 ], [ 74.258354613239362, 31.440052050630786 ] ] ] } },
{ "type": "Feature", "properties": { "Id": null, "__source_file": "Export_Output.shp", "OBJECTID": 165662.0, "SHAPE_Leng": 252.83862410399999, "SHAPE_Area": 2483.8552762499999, "Town": "Allama Iqbal Town", "UC_N0": "UC_120", "Landuse": "V", "KA": null, "Name": null, "Plot_No": "37", "Block": "C" }, "geometry": { "type": "Polygon", "coordinates": [ [ [ 74.258311447725276, 31.439961828400055 ], [ 74.258264720073157, 31.439864161984175 ], [ 74.258087889810454, 31.439945546481351 ], [ 74.258132261849795, 31.440039703663587 ], [ 74.258311447725276, 31.439961828400055 ] ] ] } },
{ "type": "Feature", "properties": { "Id": null, "__source_file": "Export_Output.shp", "OBJECTID": 165662.0, "SHAPE_Leng": 252.83862410399999, "SHAPE_Area": 2483.8552762499999, "Town": "Allama Iqbal Town", "UC_N0": "UC_120", "Landuse": "V", "KA": null, "Name": null, "Plot_No": "38", "Block": "C" }, "geometry": { "type": "Polygon", "coordinates": [ [ [ 74.258264720073157, 31.439864161984175 ], [ 74.258221200940312, 31.439773198292443 ], [ 74.258043827938479, 31.439852047274222 ], [ 74.258087889810454, 31.439945546481351 ], [ 74.258264720073157, 31.439864161984175 ] ] ] } },
{ "type": "Feature", "properties": { "Id": null, "__source_file": "Export_Output.shp", "OBJECTID": 165662.0, "SHAPE_Leng": 252.83862410399999, "SHAPE_Area": 2483.8552762499999, "Town": "Allama Iqbal Town", "UC_N0": "UC_120", "Landuse": "R", "KA": null, "Name": null, "Plot_No": "39", "Block": "C" }, "geometry": { "type": "Polygon", "coordinates": [ [ [ 74.258174193335776, 31.439674945387477 ], [ 74.257993538149464, 31.439745330564723 ], [ 74.258017218363477, 31.439795580228974 ], [ 74.258043827938479, 31.439852047274222 ], [ 74.258221200940312, 31.439773198292443 ], [ 74.258174193335776, 31.439674945387477 ] ] ] } },
{ "type": "Feature", "properties": { "Id": null, "__source_file": "Export_Output.shp", "OBJECTID": 165662.0, "SHAPE_Leng": 252.83862410399999, "SHAPE_Area": 2483.8552762499999, "Town": "Allama Iqbal Town", "UC_N0": "UC_120", "Landuse": "V", "KA": null, "Name": null, "Plot_No": "40", "Block": "C" }, "geometry": { "type": "Polygon", "coordinates": [ [ [ 74.258174193335776, 31.439674945387477 ], [ 74.258134627698311, 31.439592247134371 ], [ 74.257955860713309, 31.439665379093864 ], [ 74.257993538149464, 31.439745330564723 ], [ 74.258174193335776, 31.439674945387477 ] ] ] } },
{ "type": "Feature", "properties": { "Id": null, "__source_file": "Export_Output.shp", "OBJECTID": 165662.0, "SHAPE_Leng": 252.83862410399999, "SHAPE_Area": 2483.8552762499999, "Town": "Allama Iqbal Town", "UC_N0": "UC_120", "Landuse": "R", "KA": null, "Name": null, "Plot_No": "41", "Block": "C" }, "geometry": { "type": "Polygon", "coordinates": [ [ [ 74.258134627698311, 31.439592247134371 ], [ 74.258087916256784, 31.439494612314995 ], [ 74.257917686833821, 31.439584373105635 ], [ 74.257955860713309, 31.439665379093864 ], [ 74.258134627698311, 31.439592247134371 ] ] ] } },
{ "type": "Feature", "properties": { "Id": null, "__source_file": "Export_Output.shp", "OBJECTID": 165662.0, "SHAPE_Leng": 252.83862410399999, "SHAPE_Area": 2483.8552762499999, "Town": "Allama Iqbal Town", "UC_N0": "UC_120", "Landuse": "V", "KA": null, "Name": null, "Plot_No": "42", "Block": "C" }, "geometry": { "type": "Polygon", "coordinates": [ [ [ 74.258087916256784, 31.439494612314995 ], [ 74.258041923935735, 31.439398480911116 ], [ 74.257863278981119, 31.439468918839772 ], [ 74.257917686833821, 31.439584373105635 ], [ 74.258087916256784, 31.439494612314995 ] ] ] } },
{ "type": "Feature", "properties": { "Id": null, "__source_file": "Export_Output.shp", "OBJECTID": 165662.0, "SHAPE_Leng": 252.83862410399999, "SHAPE_Area": 2483.8552762499999, "Town": "Allama Iqbal Town", "UC_N0": "UC_120", "Landuse": "V", "KA": null, "Name": null, "Plot_No": "43", "Block": "C" }, "geometry": { "type": "Polygon", "coordinates": [ [ [ 74.258041923935735, 31.439398480911116 ], [ 74.257999338076147, 31.43930946942973 ], [ 74.257827724707738, 31.439393472039619 ], [ 74.257863278981119, 31.439468918839772 ], [ 74.258041923935735, 31.439398480911116 ] ] ] } },
{ "type": "Feature", "properties": { "Id": null, "__source_file": "Export_Output.shp", "OBJECTID": 165662.0, "SHAPE_Leng": 252.83862410399999, "SHAPE_Area": 2483.8552762499999, "Town": "Allama Iqbal Town", "UC_N0": "UC_120", "Landuse": "R", "KA": null, "Name": null, "Plot_No": "44", "Block": "C" }, "geometry": { "type": "Polygon", "coordinates": [ [ [ 74.257999338076147, 31.43930946942973 ], [ 74.2579492580211, 31.439204794005043 ], [ 74.257776405410709, 31.43928457215624 ], [ 74.257827724707738, 31.439393472039619 ], [ 74.257999338076147, 31.43930946942973 ] ] ] } },
{ "type": "Feature", "properties": { "Id": null, "__source_file": "Export_Output.shp", "OBJECTID": 165662.0, "SHAPE_Leng": 252.83862410399999, "SHAPE_Area": 2483.8552762499999, "Town": "Allama Iqbal Town", "UC_N0": "UC_120", "Landuse": "V", "KA": null, "Name": null, "Plot_No": "45", "Block": "C" }, "geometry": { "type": "Polygon", "coordinates": [ [ [ 74.2579492580211, 31.439204794005057 ], [ 74.257913587253228, 31.43913023551929 ], [ 74.257734567719723, 31.439195790443264 ], [ 74.257776405410709, 31.43928457215624 ], [ 74.2579492580211, 31.439204794005057 ] ] ] } },
{ "type": "Feature", "properties": { "Id": null, "__source_file": "Export_Output.shp", "OBJECTID": 165662.0, "SHAPE_Leng": 252.83862410399999, "SHAPE_Area": 2483.8552762499999, "Town": "Allama Iqbal Town", "UC_N0": "UC_120", "Landuse": "R", "KA": null, "Name": null, "Plot_No": "47", "Block": "C" }, "geometry": { "type": "Polygon", "coordinates": [ [ [ 74.257866509348588, 31.43903183456586 ], [ 74.257853021286707, 31.439003642053986 ], [ 74.25782178662125, 31.438938355175214 ], [ 74.257644774402678, 31.43900524629629 ], [ 74.257689628957095, 31.439100429106048 ], [ 74.257866509348588, 31.43903183456586 ] ] ] } },
{ "type": "Feature", "properties": { "Id": null, "__source_file": "Export_Output.shp", "OBJECTID": 165662.0, "SHAPE_Leng": 252.83862410399999, "SHAPE_Area": 2483.8552762499999, "Town": "Allama Iqbal Town", "UC_N0": "UC_120", "Landuse": "V", "KA": null, "Name": null, "Plot_No": null, "Block": "C" }, "geometry": { "type": "Polygon", "coordinates": [ [ [ 74.257913587253228, 31.439130235519158 ], [ 74.257866509348588, 31.43903183456586 ], [ 74.257689628957095, 31.439100429105892 ], [ 74.257734567719723, 31.43919579044325 ], [ 74.257913587253228, 31.439130235519158 ] ] ] } },
{ "type": "Feature", "properties": { "Id": null, "__source_file": "Export_Output.shp", "OBJECTID": 165662.0, "SHAPE_Leng": 252.83862410399999, "SHAPE_Area": 2483.8552762499999, "Town": "Allama Iqbal Town", "UC_N0": "UC_120", "Landuse": "R", "KA": null, "Name": null, "Plot_No": "48", "Block": "C" }, "geometry": { "type": "Polygon", "coordinates": [ [ [ 74.25782178662125, 31.438938355175214 ], [ 74.257808703241125, 31.438911008189557 ], [ 74.257785379048087, 31.438862255816058 ], [ 74.25760732830868, 31.438925784926578 ], [ 74.257644774402678, 31.43900524629629 ], [ 74.25782178662125, 31.438938355175214 ] ] ] } },
{ "type": "Feature", "properties": { "Id": null, "__source_file": "Export_Output.shp", "OBJECTID": 165662.0, "SHAPE_Leng": 252.83862410399999, "SHAPE_Area": 2483.8552762499999, "Town": "Allama Iqbal Town", "UC_N0": "UC_120", "Landuse": "R", "KA": null, "Name": null, "Plot_No": "49", "Block": "C" }, "geometry": { "type": "Polygon", "coordinates": [ [ [ 74.257785379048087, 31.438862255816058 ], [ 74.257769144313912, 31.438828321857763 ], [ 74.257736358839381, 31.438759794171528 ], [ 74.257558076096117, 31.43882126908451 ], [ 74.25760732830868, 31.438925784926578 ], [ 74.257785379048087, 31.438862255816058 ] ] ] } },
{ "type": "Feature", "properties": { "Id": null, "__source_file": "Export_Output.shp", "OBJECTID": 165662.0, "SHAPE_Leng": 252.83862410399999, "SHAPE_Area": 2483.8552762499999, "Town": "Allama Iqbal Town", "UC_N0": "UC_120", "Landuse": "R", "KA": null, "Name": null, "Plot_No": "50", "Block": "C" }, "geometry": { "type": "Polygon", "coordinates": [ [ [ 74.257736358839381, 31.438759794171528 ], [ 74.257719438999942, 31.438724428546053 ], [ 74.257696515335979, 31.4386765133202 ], [ 74.257518963414682, 31.438738270528706 ], [ 74.257558076096117, 31.43882126908451 ], [ 74.257736358839381, 31.438759794171528 ] ] ] } },
{ "type": "Feature", "properties": { "Id": null, "__source_file": "Export_Output.shp", "OBJECTID": 165662.0, "SHAPE_Leng": 252.83862410399999, "SHAPE_Area": 2483.8552762499999, "Town": "Allama Iqbal Town", "UC_N0": "UC_120", "Landuse": "R", "KA": null, "Name": null, "Plot_No": "51", "Block": "C" }, "geometry": { "type": "Polygon", "coordinates": [ [ [ 74.257696515335979, 31.4386765133202 ], [ 74.257651882069609, 31.438583220360645 ], [ 74.257617801092422, 31.438606201968351 ], [ 74.257516455513596, 31.438674633156005 ], [ 74.257495868841772, 31.438689262644516 ], [ 74.257518963414682, 31.438738270528706 ], [ 74.257696515335979, 31.4386765133202 ] ] ] } },
{ "type": "Feature", "properties": { "Id": null, "__source_file": "Export_Output.shp", "OBJECTID": 165662.0, "SHAPE_Leng": 252.83862410399999, "SHAPE_Area": 2483.8552762499999, "Town": "Allama Iqbal Town", "UC_N0": "UC_120", "Landuse": "R", "KA": null, "Name": null, "Plot_No": "32", "Block": "C" }, "geometry": { "type": "Polygon", "coordinates": [ [ [ 74.258256891117114, 31.440304165097292 ], [ 74.258001158251673, 31.440403126960696 ], [ 74.258012030991296, 31.440425359752258 ], [ 74.258089192084242, 31.440583140395752 ], [ 74.25833302729707, 31.440501543870631 ], [ 74.25834760824263, 31.440496664482577 ], [ 74.258256891117114, 31.440304165097292 ] ] ] } },
{ "type": "Feature", "properties": { "Id": null, "__source_file": "Export_Output.shp", "OBJECTID": 165662.0, "SHAPE_Leng": 252.83862410399999, "SHAPE_Area": 2483.8552762499999, "Town": "Allama Iqbal Town", "UC_N0": "UC_120", "Landuse": "R", "KA": null, "Name": null, "Plot_No": "33", "Block": "C" }, "geometry": { "type": "Polygon", "coordinates": [ [ [ 74.258256891117114, 31.440304165097292 ], [ 74.258216175020053, 31.440217766324398 ], [ 74.257958031871766, 31.440314941181349 ], [ 74.258001158251673, 31.440403126960696 ], [ 74.258256891117114, 31.440304165097292 ] ] ] } },
{ "type": "Feature", "properties": { "Id": null, "__source_file": "Export_Output.shp", "OBJECTID": 165662.0, "SHAPE_Leng": 252.83862410399999, "SHAPE_Area": 2483.8552762499999, "Town": "Allama Iqbal Town", "UC_N0": "UC_120", "Landuse": "R", "KA": null, "Name": null, "Plot_No": "122", "Block": "C" }, "geometry": { "type": "Polygon", "coordinates": [ [ [ 74.258216175020053, 31.440217766324398 ], [ 74.258170743579853, 31.440121361485389 ], [ 74.257911208152294, 31.440219194383921 ], [ 74.257958031871766, 31.440314941181349 ], [ 74.258216175020053, 31.440217766324398 ] ] ] } },
{ "type": "Feature", "properties": { "Id": null, "__source_file": "Export_Output.shp", "OBJECTID": 165662.0, "SHAPE_Leng": 252.83862410399999, "SHAPE_Area": 2483.8552762499999, "Town": "Allama Iqbal Town", "UC_N0": "UC_120", "Landuse": "R", "KA": null, "Name": null, "Plot_No": "121", "Block": "C" }, "geometry": { "type": "Polygon", "coordinates": [ [ [ 74.258170743579853, 31.440121361485389 ], [ 74.258132261849795, 31.440039703663587 ], [ 74.257877563324143, 31.440150396396302 ], [ 74.257911208152294, 31.440219194383921 ], [ 74.258170743579853, 31.440121361485389 ] ] ] } },
{ "type": "Feature", "properties": { "Id": null, "__source_file": "Export_Output.shp", "OBJECTID": 165662.0, "SHAPE_Leng": 252.83862410399999, "SHAPE_Area": 2483.8552762499999, "Town": "Allama Iqbal Town", "UC_N0": "UC_120", "Landuse": "R", "KA": null, "Name": null, "Plot_No": "120", "Block": "C" }, "geometry": { "type": "Polygon", "coordinates": [ [ [ 74.258132261849795, 31.440039703663587 ], [ 74.258087889810454, 31.439945546481351 ], [ 74.257834430946517, 31.440062197874685 ], [ 74.257877563324143, 31.440150396396312 ], [ 74.258132261849795, 31.440039703663587 ] ] ] } },
{ "type": "Feature", "properties": { "Id": null, "__source_file": "Export_Output.shp", "OBJECTID": 165662.0, "SHAPE_Leng": 252.83862410399999, "SHAPE_Area": 2483.8552762499999, "Town": "Allama Iqbal Town", "UC_N0": "UC_120", "Landuse": "R", "KA": null, "Name": null, "Plot_No": "119", "Block": "C" }, "geometry": { "type": "Polygon", "coordinates": [ [ [ 74.258060306487678, 31.439887014746752 ], [ 74.257798621917473, 31.439988974525427 ], [ 74.257834430946588, 31.440062197874813 ], [ 74.258087889810412, 31.439945546481351 ], [ 74.258060306487678, 31.439887014746752 ] ] ] } },
{ "type": "Feature", "properties": { "Id": null, "__source_file": "Export_Output.shp", "OBJECTID": 165662.0, "SHAPE_Leng": 252.83862410399999, "SHAPE_Area": 2483.8552762499999, "Town": "Allama Iqbal Town", "UC_N0": "UC_120", "Landuse": "R", "KA": null, "Name": null, "Plot_No": "118", "Block": "C" }, "geometry": { "type": "Polygon", "coordinates": [ [ [ 74.258060306487678, 31.439887014746752 ], [ 74.25804382793855, 31.439852047274222 ], [ 74.258017218363619, 31.439795580228974 ], [ 74.257757103293358, 31.439904075356303 ], [ 74.257787404319544, 31.439966036440762 ], [ 74.257798621917473, 31.439988974525427 ], [ 74.258060306487678, 31.439887014746752 ] ] ] } },
{ "type": "Feature", "properties": { "Id": null, "__source_file": "Export_Output.shp", "OBJECTID": 165662.0, "SHAPE_Leng": 252.83862410399999, "SHAPE_Area": 2483.8552762499999, "Town": "Allama Iqbal Town", "UC_N0": "UC_120", "Landuse": "R", "KA": null, "Name": null, "Plot_No": "117", "Block": "C" }, "geometry": { "type": "Polygon", "coordinates": [ [ [ 74.258017218363619, 31.439795580228974 ], [ 74.257973910859221, 31.439703681350892 ], [ 74.257709132681228, 31.439805983025757 ], [ 74.257749368411581, 31.439888258661352 ], [ 74.257757103293358, 31.439904075356303 ], [ 74.258017218363619, 31.439795580228974 ] ] ] } },
{ "type": "Feature", "properties": { "Id": null, "__source_file": "Export_Output.shp", "OBJECTID": 165662.0, "SHAPE_Leng": 252.83862410399999, "SHAPE_Area": 2483.8552762499999, "Town": "Allama Iqbal Town", "UC_N0": "UC_120", "Landuse": "R", "KA": null, "Name": null, "Plot_No": "116", "Block": "C" }, "geometry": { "type": "Polygon", "coordinates": [ [ [ 74.257973910859221, 31.439703681350892 ], [ 74.257938392874166, 31.439628312211525 ], [ 74.25767752696585, 31.439741354127378 ], [ 74.257693706093804, 31.439774438100542 ], [ 74.257709132681228, 31.439805983025757 ], [ 74.257973910859221, 31.439703681350892 ] ] ] } },
{ "type": "Feature", "properties": { "Id": null, "__source_file": "Export_Output.shp", "OBJECTID": 165662.0, "SHAPE_Leng": 252.83862410399999, "SHAPE_Area": 2483.8552762499999, "Town": "Allama Iqbal Town", "UC_N0": "UC_120", "Landuse": "R", "KA": null, "Name": null, "Plot_No": "115", "Block": "C" }, "geometry": { "type": "Polygon", "coordinates": [ [ [ 74.257938392874166, 31.439628312211525 ], [ 74.257901507205148, 31.439550039944031 ], [ 74.257631623912488, 31.439647488777073 ], [ 74.257648602806128, 31.439682208348366 ], [ 74.25767752696585, 31.439741354127378 ], [ 74.257938392874166, 31.439628312211525 ] ] ] } },
{ "type": "Feature", "properties": { "Id": null, "__source_file": "Export_Output.shp", "OBJECTID": 165662.0, "SHAPE_Leng": 252.83862410399999, "SHAPE_Area": 2483.8552762499999, "Town": "Allama Iqbal Town", "UC_N0": "UC_120", "Landuse": "V", "KA": null, "Name": null, "Plot_No": "114", "Block": "C" }, "geometry": { "type": "Polygon", "coordinates": [ [ [ 74.257901507205148, 31.439550039944031 ], [ 74.257863278721899, 31.439468918929553 ], [ 74.257596580546192, 31.439575829789867 ], [ 74.257631623912488, 31.439647488777073 ], [ 74.257901507205148, 31.439550039944031 ] ] ] } },
{ "type": "Feature", "properties": { "Id": null, "__source_file": "Export_Output.shp", "OBJECTID": 165662.0, "SHAPE_Leng": 252.83862410399999, "SHAPE_Area": 2483.8552762499999, "Town": "Allama Iqbal Town", "UC_N0": "UC_120", "Landuse": "R", "KA": null, "Name": null, "Plot_No": "113", "Block": "C" }, "geometry": { "type": "Polygon", "coordinates": [ [ [ 74.257863278721899, 31.439468918929553 ], [ 74.257823964791228, 31.439385494218488 ], [ 74.257550322380624, 31.439481237993306 ], [ 74.257596580546192, 31.439575829789867 ], [ 74.257863278721899, 31.439468918929553 ] ] ] } },
{ "type": "Feature", "properties": { "Id": null, "__source_file": "Export_Output.shp", "OBJECTID": 165662.0, "SHAPE_Leng": 252.83862410399999, "SHAPE_Area": 2483.8552762499999, "Town": "Allama Iqbal Town", "UC_N0": "UC_120", "Landuse": "R", "KA": null, "Name": null, "Plot_No": "112", "Block": "C" }, "geometry": { "type": "Polygon", "coordinates": [ [ [ 74.257823964791228, 31.439385494218488 ], [ 74.25777640541078, 31.43928457215624 ], [ 74.257513488686442, 31.439405918335336 ], [ 74.257550322380624, 31.439481237993306 ], [ 74.257823964791228, 31.439385494218488 ] ] ] } },
{ "type": "Feature", "properties": { "Id": null, "__source_file": "Export_Output.shp", "OBJECTID": 165662.0, "SHAPE_Leng": 252.83862410399999, "SHAPE_Area": 2483.8552762499999, "Town": "Allama Iqbal Town", "UC_N0": "UC_120", "Landuse": "R", "KA": null, "Name": null, "Plot_No": "111", "Block": "C" }, "geometry": { "type": "Polygon", "coordinates": [ [ [ 74.25777640541078, 31.43928457215624 ], [ 74.257751433435729, 31.439231580978138 ], [ 74.257476475678558, 31.439330230873601 ], [ 74.257513488686442, 31.439405918335336 ], [ 74.25777640541078, 31.43928457215624 ] ] ] } },
{ "type": "Feature", "properties": { "Id": null, "__source_file": "Export_Output.shp", "OBJECTID": 165662.0, "SHAPE_Leng": 252.83862410399999, "SHAPE_Area": 2483.8552762499999, "Town": "Allama Iqbal Town", "UC_N0": "UC_120", "Landuse": "R", "KA": null, "Name": null, "Plot_No": "110", "Block": "C" }, "geometry": { "type": "Polygon", "coordinates": [ [ [ 74.257751433435729, 31.439231580978138 ], [ 74.257706414148402, 31.439136048723888 ], [ 74.25743334411213, 31.43924203220822 ], [ 74.257476475678558, 31.439330230873601 ], [ 74.257751433435729, 31.439231580978138 ] ] ] } },
{ "type": "Feature", "properties": { "Id": null, "__source_file": "Export_Output.shp", "OBJECTID": 165662.0, "SHAPE_Leng": 252.83862410399999, "SHAPE_Area": 2483.8552762499999, "Town": "Allama Iqbal Town", "UC_N0": "UC_120", "Landuse": "V", "KA": null, "Name": null, "Plot_No": "109", "Block": "C" }, "geometry": { "type": "Polygon", "coordinates": [ [ [ 74.257706414148402, 31.439136048723888 ], [ 74.257664064890292, 31.439046181389621 ], [ 74.257396005386482, 31.439165679070069 ], [ 74.25743334411213, 31.43924203220822 ], [ 74.257706414148402, 31.439136048723888 ] ] ] } },
{ "type": "Feature", "properties": { "Id": null, "__source_file": "Export_Output.shp", "OBJECTID": 165662.0, "SHAPE_Leng": 252.83862410399999, "SHAPE_Area": 2483.8552762499999, "Town": "Allama Iqbal Town", "UC_N0": "UC_120", "Landuse": "V", "KA": null, "Name": null, "Plot_No": "108", "Block": "C" }, "geometry": { "type": "Polygon", "coordinates": [ [ [ 74.257664064890292, 31.4390461813896 ], [ 74.257627300078184, 31.438968165185688 ], [ 74.257354524990589, 31.439080856959588 ], [ 74.257396005386482, 31.439165679070069 ], [ 74.257664064890292, 31.4390461813896 ] ] ] } },
{ "type": "Feature", "properties": { "Id": null, "__source_file": "Export_Output.shp", "OBJECTID": 165662.0, "SHAPE_Leng": 252.83862410399999, "SHAPE_Area": 2483.8552762499999, "Town": "Allama Iqbal Town", "UC_N0": "UC_120", "Landuse": "R", "KA": null, "Name": null, "Plot_No": "107", "Block": "C" }, "geometry": { "type": "Polygon", "coordinates": [ [ [ 74.257627300078184, 31.438968165185688 ], [ 74.257584015787501, 31.438876314753919 ], [ 74.257312474633594, 31.438994868392051 ], [ 74.257354524990589, 31.439080856959588 ], [ 74.257627300078184, 31.438968165185688 ] ] ] } },
{ "type": "Feature", "properties": { "Id": null, "__source_file": "Export_Output.shp", "OBJECTID": 165662.0, "SHAPE_Leng": 252.83862410399999, "SHAPE_Area": 2483.8552762499999, "Town": "Allama Iqbal Town", "UC_N0": "UC_120", "Landuse": "R", "KA": null, "Name": null, "Plot_No": "106", "Block": "C" }, "geometry": { "type": "Polygon", "coordinates": [ [ [ 74.257584015787501, 31.438876314753919 ], [ 74.257558357589957, 31.438821866891345 ], [ 74.257279552249585, 31.438927546012529 ], [ 74.257312474633594, 31.438994868392051 ], [ 74.257584015787501, 31.438876314753919 ] ] ] } },
{ "type": "Feature", "properties": { "Id": null, "__source_file": "Export_Output.shp", "OBJECTID": 165663.0, "SHAPE_Leng": 389.682255349, "SHAPE_Area": 4442.5089931299999, "Town": "Allama Iqbal Town", "UC_N0": "UC_120", "Landuse": "R", "KA": null, "Name": null, "Plot_No": "103", "Block": "C" }, "geometry": { "type": "Polygon", "coordinates": [ [ [ 74.257305861638812, 31.439157369471356 ], [ 74.257262504428027, 31.439067959453418 ], [ 74.257017052625599, 31.439199570264037 ], [ 74.257042972910114, 31.439251945805992 ], [ 74.257305861638812, 31.439157369471356 ] ] ] } },
{ "type": "Feature", "properties": { "Id": null, "__source_file": "Export_Output.shp", "OBJECTID": 165663.0, "SHAPE_Leng": 389.682255349, "SHAPE_Area": 4442.5089931299999, "Town": "Allama Iqbal Town", "UC_N0": "UC_120", "Landuse": "V", "KA": null, "Name": null, "Plot_No": "102", "Block": "C" }, "geometry": { "type": "Polygon", "coordinates": [ [ [ 74.257345079480956, 31.439238242184231 ], [ 74.257305861638812, 31.439157369471356 ], [ 74.257042972910114, 31.439251945805992 ], [ 74.257095322225055, 31.439357723061526 ], [ 74.257345079480956, 31.439238242184231 ] ] ] } },
{ "type": "Feature", "properties": { "Id": null, "__source_file": "Export_Output.shp", "OBJECTID": 165663.0, "SHAPE_Leng": 389.682255349, "SHAPE_Area": 4442.5089931299999, "Town": "Allama Iqbal Town", "UC_N0": "UC_120", "Landuse": "V", "KA": null, "Name": null, "Plot_No": "104", "Block": "C" }, "geometry": { "type": "Polygon", "coordinates": [ [ [ 74.257262504428027, 31.439067959453627 ], [ 74.257193220252105, 31.438925083203046 ], [ 74.257145038605032, 31.438967221090365 ], [ 74.257085933492519, 31.43903076679053 ], [ 74.256994024334375, 31.439138920443604 ], [ 74.256989707301486, 31.439144315980268 ], [ 74.257017052625599, 31.439199570264037 ], [ 74.257262504428027, 31.439067959453627 ] ] ] } },
{ "type": "Feature", "properties": { "Id": null, "__source_file": "Export_Output.shp", "OBJECTID": 165663.0, "SHAPE_Leng": 389.682255349, "SHAPE_Area": 4442.5089931299999, "Town": "Allama Iqbal Town", "UC_N0": "UC_120", "Landuse": "V", "KA": null, "Name": null, "Plot_No": "101", "Block": "C" }, "geometry": { "type": "Polygon", "coordinates": [ [ [ 74.257385939926934, 31.439322504182762 ], [ 74.257345079480956, 31.439238242184231 ], [ 74.257095322225055, 31.439357723061526 ], [ 74.257131031427846, 31.439429878478649 ], [ 74.257385939926934, 31.439322504182762 ] ] ] } },
{ "type": "Feature", "properties": { "Id": null, "__source_file": "Export_Output.shp", "OBJECTID": 165663.0, "SHAPE_Leng": 389.682255349, "SHAPE_Area": 4442.5089931299999, "Town": "Allama Iqbal Town", "UC_N0": "UC_120", "Landuse": "R", "KA": null, "Name": null, "Plot_No": "100", "Block": "C" }, "geometry": { "type": "Polygon", "coordinates": [ [ [ 74.25742805592941, 31.439409352927363 ], [ 74.257385939926934, 31.439322504182762 ], [ 74.257131031427846, 31.439429878478649 ], [ 74.257173591913144, 31.439515875826658 ], [ 74.25742805592941, 31.439409352927363 ] ] ] } },
{ "type": "Feature", "properties": { "Id": null, "__source_file": "Export_Output.shp", "OBJECTID": 165663.0, "SHAPE_Leng": 389.682255349, "SHAPE_Area": 4442.5089931299999, "Town": "Allama Iqbal Town", "UC_N0": "UC_120", "Landuse": "V", "KA": null, "Name": null, "Plot_No": "99", "Block": "C" }, "geometry": { "type": "Polygon", "coordinates": [ [ [ 74.257456226378508, 31.439467444698764 ], [ 74.25742805592941, 31.439409352927434 ], [ 74.257173591913144, 31.439515875826658 ], [ 74.257208598601139, 31.439586611549142 ], [ 74.257456226378508, 31.439467444698764 ] ] ] } },
{ "type": "Feature", "properties": { "Id": null, "__source_file": "Export_Output.shp", "OBJECTID": 165663.0, "SHAPE_Leng": 389.682255349, "SHAPE_Area": 4442.5089931299999, "Town": "Allama Iqbal Town", "UC_N0": "UC_120", "Landuse": "R", "KA": null, "Name": null, "Plot_No": "98", "Block": "C" }, "geometry": { "type": "Polygon", "coordinates": [ [ [ 74.257502850647569, 31.439563592367865 ], [ 74.257456226378508, 31.439467444698764 ], [ 74.257208598601139, 31.439586611549142 ], [ 74.257249560724603, 31.439669378878214 ], [ 74.257502850647569, 31.439563592367865 ] ] ] } },
{ "type": "Feature", "properties": { "Id": null, "__source_file": "Export_Output.shp", "OBJECTID": 165663.0, "SHAPE_Leng": 389.682255349, "SHAPE_Area": 4442.5089931299999, "Town": "Allama Iqbal Town", "UC_N0": "UC_120", "Landuse": "R", "KA": null, "Name": null, "Plot_No": "97", "Block": "C" }, "geometry": { "type": "Polygon", "coordinates": [ [ [ 74.25753464408119, 31.439629153936416 ], [ 74.257502850647569, 31.439563592367865 ], [ 74.257249560724603, 31.439669378878214 ], [ 74.257285827066525, 31.439742659667157 ], [ 74.25753464408119, 31.439629153936416 ] ] ] } },
{ "type": "Feature", "properties": { "Id": null, "__source_file": "Export_Output.shp", "OBJECTID": 165663.0, "SHAPE_Leng": 389.682255349, "SHAPE_Area": 4442.5089931299999, "Town": "Allama Iqbal Town", "UC_N0": "UC_120", "Landuse": "R", "KA": null, "Name": null, "Plot_No": "96", "Block": "C" }, "geometry": { "type": "Polygon", "coordinates": [ [ [ 74.257584213979513, 31.439731374175786 ], [ 74.25753464408119, 31.439629153936416 ], [ 74.257285827066525, 31.439742659667157 ], [ 74.257329493081045, 31.43983089112956 ], [ 74.257584213979513, 31.439731374175786 ] ] ] } },
{ "type": "Feature", "properties": { "Id": null, "__source_file": "Export_Output.shp", "OBJECTID": 165663.0, "SHAPE_Leng": 389.682255349, "SHAPE_Area": 4442.5089931299999, "Town": "Allama Iqbal Town", "UC_N0": "UC_120", "Landuse": "R", "KA": null, "Name": null, "Plot_No": "95", "Block": "C" }, "geometry": { "type": "Polygon", "coordinates": [ [ [ 74.257622723050844, 31.439810785267841 ], [ 74.257584213979513, 31.439731374175786 ], [ 74.257329493081045, 31.43983089112956 ], [ 74.257370816760712, 31.43991438951149 ], [ 74.257622723050844, 31.439810785267841 ] ] ] } },
{ "type": "Feature", "properties": { "Id": null, "__source_file": "Export_Output.shp", "OBJECTID": 165663.0, "SHAPE_Leng": 389.682255349, "SHAPE_Area": 4442.5089931299999, "Town": "Allama Iqbal Town", "UC_N0": "UC_120", "Landuse": "R", "KA": null, "Name": null, "Plot_No": "94", "Block": "C" }, "geometry": { "type": "Polygon", "coordinates": [ [ [ 74.257667325877932, 31.439902762396631 ], [ 74.257622723050844, 31.439810785267841 ], [ 74.257370816760712, 31.43991438951149 ], [ 74.257417483744874, 31.440008683590776 ], [ 74.257667325877932, 31.439902762396631 ] ] ] } },
{ "type": "Feature", "properties": { "Id": null, "__source_file": "Export_Output.shp", "OBJECTID": 165663.0, "SHAPE_Leng": 389.682255349, "SHAPE_Area": 4442.5089931299999, "Town": "Allama Iqbal Town", "UC_N0": "UC_120", "Landuse": "R", "KA": null, "Name": null, "Plot_No": "93", "Block": "C" }, "geometry": { "type": "Polygon", "coordinates": [ [ [ 74.257705272558255, 31.439981014878921 ], [ 74.257667325877932, 31.439902762396631 ], [ 74.257417483744874, 31.440008683590776 ], [ 74.257454374216564, 31.440083224726063 ], [ 74.257705272558255, 31.439981014878921 ] ] ] } },
{ "type": "Feature", "properties": { "Id": null, "__source_file": "Export_Output.shp", "OBJECTID": 165663.0, "SHAPE_Leng": 389.682255349, "SHAPE_Area": 4442.5089931299999, "Town": "Allama Iqbal Town", "UC_N0": "UC_120", "Landuse": "R", "KA": null, "Name": null, "Plot_No": "92", "Block": "C" }, "geometry": { "type": "Polygon", "coordinates": [ [ [ 74.257750846026269, 31.440074992249397 ], [ 74.257705272558255, 31.439981014878921 ], [ 74.257454374216564, 31.440083224726063 ], [ 74.257486718941166, 31.440148579316443 ], [ 74.257750846026269, 31.440074992249397 ] ] ] } },
{ "type": "Feature", "properties": { "Id": null, "__source_file": "Export_Output.shp", "OBJECTID": 165663.0, "SHAPE_Leng": 389.682255349, "SHAPE_Area": 4442.5089931299999, "Town": "Allama Iqbal Town", "UC_N0": "UC_120", "Landuse": "R", "KA": null, "Name": null, "Plot_No": "91", "Block": "C" }, "geometry": { "type": "Polygon", "coordinates": [ [ [ 74.257779347803094, 31.440133767486699 ], [ 74.257750846026269, 31.440074992249397 ], [ 74.257486718941166, 31.440148579316443 ], [ 74.257534023866597, 31.440244163269725 ], [ 74.257779347803094, 31.440133767486699 ] ] ] } },
{ "type": "Feature", "properties": { "Id": null, "__source_file": "Export_Output.shp", "OBJECTID": 165663.0, "SHAPE_Leng": 389.682255349, "SHAPE_Area": 4442.5089931299999, "Town": "Allama Iqbal Town", "UC_N0": "UC_120", "Landuse": "R", "KA": null, "Name": null, "Plot_No": "90", "Block": "C" }, "geometry": { "type": "Polygon", "coordinates": [ [ [ 74.257823647235981, 31.440225118317567 ], [ 74.257779347803094, 31.440133767486699 ], [ 74.257534023866597, 31.440244163269718 ], [ 74.257577042044431, 31.440331084320846 ], [ 74.257823647235981, 31.440225118317567 ] ] ] } },
{ "type": "Feature", "properties": { "Id": null, "__source_file": "Export_Output.shp", "OBJECTID": 165664.0, "SHAPE_Leng": 145.312995943, "SHAPE_Area": 1084.54970867, "Town": "Allama Iqbal Town", "UC_N0": "UC_120", "Landuse": "V", "KA": null, "Name": null, "Plot_No": "29", "Block": "C" }, "geometry": { "type": "Polygon", "coordinates": [ [ [ 74.257611508480935, 31.440565413151933 ], [ 74.257420387193804, 31.440642832300853 ], [ 74.257488245813079, 31.440784236468382 ], [ 74.257685999634148, 31.440718062211822 ], [ 74.257611508480935, 31.440565413151933 ] ] ] } },
{ "type": "Feature", "properties": { "Id": null, "__source_file": "Export_Output.shp", "OBJECTID": 165664.0, "SHAPE_Leng": 145.312995943, "SHAPE_Area": 1084.54970867, "Town": "Allama Iqbal Town", "UC_N0": "UC_120", "Landuse": "V", "KA": null, "Name": null, "Plot_No": "28", "Block": "C" }, "geometry": { "type": "Polygon", "coordinates": [ [ [ 74.257611508480935, 31.440565413151933 ], [ 74.257557374198896, 31.440454479067636 ], [ 74.257366357333439, 31.440530244254219 ], [ 74.257420387193804, 31.440642832300874 ], [ 74.257611508480935, 31.440565413151933 ] ] ] } },
{ "type": "Feature", "properties": { "Id": null, "__source_file": "Export_Output.shp", "OBJECTID": 165664.0, "SHAPE_Leng": 145.312995943, "SHAPE_Area": 1084.54970867, "Town": "Allama Iqbal Town", "UC_N0": "UC_120", "Landuse": "R", "KA": null, "Name": null, "Plot_No": "27", "Block": "C" }, "geometry": { "type": "Polygon", "coordinates": [ [ [ 74.257557374198896, 31.440454479067636 ], [ 74.25752391512917, 31.440385914075097 ], [ 74.257332388932596, 31.440459460361506 ], [ 74.257366357333439, 31.440530244254219 ], [ 74.257557374198896, 31.440454479067636 ] ] ] } },
{ "type": "Feature", "properties": { "Id": null, "__source_file": "Export_Output.shp", "OBJECTID": 165664.0, "SHAPE_Leng": 145.312995943, "SHAPE_Area": 1084.54970867, "Town": "Allama Iqbal Town", "UC_N0": "UC_120", "Landuse": "V", "KA": null, "Name": null, "Plot_No": "26", "Block": "C" }, "geometry": { "type": "Polygon", "coordinates": [ [ [ 74.25752391512917, 31.440385914075097 ], [ 74.257482926985318, 31.44030191961836 ], [ 74.257288581684364, 31.440368173955047 ], [ 74.257332388932596, 31.440459460361506 ], [ 74.25752391512917, 31.440385914075097 ] ] ] } },
{ "type": "Feature", "properties": { "Id": null, "__source_file": "Export_Output.shp", "OBJECTID": 165664.0, "SHAPE_Leng": 145.312995943, "SHAPE_Area": 1084.54970867, "Town": "Allama Iqbal Town", "UC_N0": "UC_120", "Landuse": "R", "KA": null, "Name": null, "Plot_No": "25", "Block": "C" }, "geometry": { "type": "Polygon", "coordinates": [ [ [ 74.257482926985318, 31.44030191961836 ], [ 74.257439766142951, 31.440213471811383 ], [ 74.257245883052207, 31.440279197522933 ], [ 74.257288581684364, 31.440368173955047 ], [ 74.257482926985318, 31.44030191961836 ] ] ] } },
{ "type": "Feature", "properties": { "Id": null, "__source_file": "Export_Output.shp", "OBJECTID": 165664.0, "SHAPE_Leng": 145.312995943, "SHAPE_Area": 1084.54970867, "Town": "Allama Iqbal Town", "UC_N0": "UC_120", "Landuse": "V", "KA": null, "Name": null, "Plot_No": "24", "Block": "C" }, "geometry": { "type": "Polygon", "coordinates": [ [ [ 74.257439766142951, 31.440213471811383 ], [ 74.257392160737297, 31.440115916657316 ], [ 74.257200330762501, 31.440184274373227 ], [ 74.257245883052207, 31.440279197522933 ], [ 74.257439766142951, 31.440213471811383 ] ] ] } },
{ "type": "Feature", "properties": { "Id": null, "__source_file": "Export_Output.shp", "OBJECTID": 165664.0, "SHAPE_Leng": 145.312995943, "SHAPE_Area": 1084.54970867, "Town": "Allama Iqbal Town", "UC_N0": "UC_120", "Landuse": "V", "KA": null, "Name": null, "Plot_No": "23", "Block": "C" }, "geometry": { "type": "Polygon", "coordinates": [ [ [ 74.257392160737297, 31.440115916657316 ], [ 74.257352690956182, 31.440035033240527 ], [ 74.257163085229053, 31.440106660925633 ], [ 74.257200330762501, 31.440184274373227 ], [ 74.257392160737297, 31.440115916657316 ] ] ] } },
{ "type": "Feature", "properties": { "Id": null, "__source_file": "Export_Output.shp", "OBJECTID": 165664.0, "SHAPE_Leng": 145.312995943, "SHAPE_Area": 1084.54970867, "Town": "Allama Iqbal Town", "UC_N0": "UC_120", "Landuse": "R", "KA": null, "Name": null, "Plot_No": "22", "Block": "C" }, "geometry": { "type": "Polygon", "coordinates": [ [ [ 74.257352690956182, 31.440035033240527 ], [ 74.257308012480252, 31.439943476389214 ], [ 74.257117780308704, 31.440012252882919 ], [ 74.257163085229053, 31.440106660925633 ], [ 74.257352690956182, 31.440035033240527 ] ] ] } },
{ "type": "Feature", "properties": { "Id": null, "__source_file": "Export_Output.shp", "OBJECTID": 165664.0, "SHAPE_Leng": 145.312995943, "SHAPE_Area": 1084.54970867, "Town": "Allama Iqbal Town", "UC_N0": "UC_120", "Landuse": "V", "KA": null, "Name": null, "Plot_No": "21", "Block": "C" }, "geometry": { "type": "Polygon", "coordinates": [ [ [ 74.257308012480252, 31.439943476389214 ], [ 74.257264965395777, 31.439855261782782 ], [ 74.257076585053213, 31.439926408534415 ], [ 74.257117780308704, 31.440012252882919 ], [ 74.257308012480252, 31.439943476389214 ] ] ] } },
{ "type": "Feature", "properties": { "Id": null, "__source_file": "Export_Output.shp", "OBJECTID": 165664.0, "SHAPE_Leng": 145.312995943, "SHAPE_Area": 1084.54970867, "Town": "Allama Iqbal Town", "UC_N0": "UC_120", "Landuse": "R", "KA": null, "Name": null, "Plot_No": "20", "Block": "C" }, "geometry": { "type": "Polygon", "coordinates": [ [ [ 74.257264965395777, 31.439855261782782 ], [ 74.257219178948318, 31.439761433319347 ], [ 74.257032690867192, 31.439834939860948 ], [ 74.257076585053213, 31.439926408534415 ], [ 74.257264965395777, 31.439855261782782 ] ] ] } },
{ "type": "Feature", "properties": { "Id": null, "__source_file": "Export_Output.shp", "OBJECTID": 165664.0, "SHAPE_Leng": 145.312995943, "SHAPE_Area": 1084.54970867, "Town": "Allama Iqbal Town", "UC_N0": "UC_120", "Landuse": "R", "KA": null, "Name": null, "Plot_No": "19", "Block": "C" }, "geometry": { "type": "Polygon", "coordinates": [ [ [ 74.257219178948318, 31.439761433319347 ], [ 74.257169850374453, 31.439660345884331 ], [ 74.256987681617076, 31.439741147370253 ], [ 74.257032690867192, 31.439834939860948 ], [ 74.257219178948318, 31.439761433319347 ] ] ] } },
{ "type": "Feature", "properties": { "Id": null, "__source_file": "Export_Output.shp", "OBJECTID": 165664.0, "SHAPE_Leng": 145.312995943, "SHAPE_Area": 1084.54970867, "Town": "Allama Iqbal Town", "UC_N0": "UC_120", "Landuse": "V", "KA": null, "Name": null, "Plot_No": "17", "Block": "C" }, "geometry": { "type": "Polygon", "coordinates": [ [ [ 74.257126172095894, 31.439570837221055 ], [ 74.25708007273758, 31.439476366910128 ], [ 74.256895610980791, 31.439549285426274 ], [ 74.256942457446812, 31.439646906817764 ], [ 74.257126172095894, 31.439570837221055 ] ] ] } },
{ "type": "Feature", "properties": { "Id": null, "__source_file": "Export_Output.shp", "OBJECTID": 165664.0, "SHAPE_Leng": 145.312995943, "SHAPE_Area": 1084.54970867, "Town": "Allama Iqbal Town", "UC_N0": "UC_120", "Landuse": "R", "KA": null, "Name": null, "Plot_No": "18", "Block": "C" }, "geometry": { "type": "Polygon", "coordinates": [ [ [ 74.257169850374453, 31.439660345884331 ], [ 74.257126172095894, 31.439570837221055 ], [ 74.256942457446812, 31.439646906817789 ], [ 74.256987681617076, 31.439741147370253 ], [ 74.257169850374453, 31.439660345884331 ] ] ] } },
{ "type": "Feature", "properties": { "Id": null, "__source_file": "Export_Output.shp", "OBJECTID": 165664.0, "SHAPE_Leng": 145.312995943, "SHAPE_Area": 1084.54970867, "Town": "Allama Iqbal Town", "UC_N0": "UC_120", "Landuse": "V", "KA": null, "Name": null, "Plot_No": "16", "Block": "C" }, "geometry": { "type": "Polygon", "coordinates": [ [ [ 74.25708007273758, 31.439476366910128 ], [ 74.257042386000023, 31.439399136230904 ], [ 74.256857466162344, 31.439469796874931 ], [ 74.256895610980791, 31.439549285426274 ], [ 74.25708007273758, 31.439476366910128 ] ] ] } },
{ "type": "Feature", "properties": { "Id": null, "__source_file": "Export_Output.shp", "OBJECTID": 165664.0, "SHAPE_Leng": 145.312995943, "SHAPE_Area": 1084.54970867, "Town": "Allama Iqbal Town", "UC_N0": "UC_120", "Landuse": "V", "KA": null, "Name": null, "Plot_No": "15A", "Block": "C" }, "geometry": { "type": "Polygon", "coordinates": [ [ [ 74.257001253617844, 31.439314844306288 ], [ 74.256820345240584, 31.439392441836311 ], [ 74.256857466162344, 31.439469796874931 ], [ 74.257042386000023, 31.439399136230911 ], [ 74.257001253617844, 31.439314844306288 ] ] ] } },
{ "type": "Feature", "properties": { "Id": null, "__source_file": "Export_Output.shp", "OBJECTID": 165664.0, "SHAPE_Leng": 145.312995943, "SHAPE_Area": 1084.54970867, "Town": "Allama Iqbal Town", "UC_N0": "UC_120", "Landuse": "V", "KA": null, "Name": null, "Plot_No": "15", "Block": "C" }, "geometry": { "type": "Polygon", "coordinates": [ [ [ 74.257001253617844, 31.439314844306288 ], [ 74.256945447211947, 31.439200480884573 ], [ 74.256809814242388, 31.439370496631618 ], [ 74.256820345240584, 31.439392441836311 ], [ 74.257001253617844, 31.439314844306288 ] ] ] } },
{ "type": "Feature", "properties": { "Id": null, "__source_file": "Export_Output.shp", "OBJECTID": 165664.0, "SHAPE_Leng": 145.312995943, "SHAPE_Area": 1084.54970867, "Town": "Allama Iqbal Town", "UC_N0": "UC_120", "Landuse": "C", "KA": null, "Name": null, "Plot_No": "14A", "Block": "C" }, "geometry": { "type": "Polygon", "coordinates": [ [ [ 74.256857466162344, 31.439469796874931 ], [ 74.256809814242388, 31.439370496631618 ], [ 74.256780270121808, 31.439407530044782 ], [ 74.256740601901612, 31.439457848021632 ], [ 74.256677508371212, 31.439538561085211 ], [ 74.256857466162344, 31.439469796874931 ] ] ] } },
{ "type": "Feature", "properties": { "Id": null, "__source_file": "Export_Output.shp", "OBJECTID": 165664.0, "SHAPE_Leng": 145.312995943, "SHAPE_Area": 1084.54970867, "Town": "Allama Iqbal Town", "UC_N0": "UC_120", "Landuse": "V", "KA": null, "Name": null, "Plot_No": "14", "Block": "C" }, "geometry": { "type": "Polygon", "coordinates": [ [ [ 74.256895610980791, 31.439549285426274 ], [ 74.256857466162344, 31.439469796874931 ], [ 74.256677508371212, 31.439538561085211 ], [ 74.256636538471767, 31.439590972168013 ], [ 74.256661782725544, 31.439641718179828 ], [ 74.256895610980791, 31.439549285426274 ] ] ] } },
{ "type": "Feature", "properties": { "Id": null, "__source_file": "Export_Output.shp", "OBJECTID": 165664.0, "SHAPE_Leng": 145.312995943, "SHAPE_Area": 1084.54970867, "Town": "Allama Iqbal Town", "UC_N0": "UC_120", "Landuse": null, "KA": null, "Name": null, "Plot_No": "13", "Block": "C" }, "geometry": { "type": "Polygon", "coordinates": [ [ [ 74.256942457446812, 31.439646906817757 ], [ 74.256895610980791, 31.439549285426274 ], [ 74.256661782725544, 31.439641718179828 ], [ 74.25671102207879, 31.439740694752896 ], [ 74.256711863808945, 31.439742386757313 ], [ 74.256942457446812, 31.439646906817757 ] ] ] } },
{ "type": "Feature", "properties": { "Id": null, "__source_file": "Export_Output.shp", "OBJECTID": 165664.0, "SHAPE_Leng": 145.312995943, "SHAPE_Area": 1084.54970867, "Town": "Allama Iqbal Town", "UC_N0": "UC_120", "Landuse": "V", "KA": null, "Name": null, "Plot_No": "12", "Block": "C" }, "geometry": { "type": "Polygon", "coordinates": [ [ [ 74.256987681617076, 31.439741147370253 ], [ 74.256942457446812, 31.439646906817764 ], [ 74.256711863808945, 31.439742386757313 ], [ 74.256761217831951, 31.439841595479177 ], [ 74.256987681617076, 31.439741147370253 ] ] ] } },
{ "type": "Feature", "properties": { "Id": null, "__source_file": "Export_Output.shp", "OBJECTID": 165664.0, "SHAPE_Leng": 145.312995943, "SHAPE_Area": 1084.54970867, "Town": "Allama Iqbal Town", "UC_N0": "UC_120", "Landuse": "R", "KA": null, "Name": null, "Plot_No": "11", "Block": "C" }, "geometry": { "type": "Polygon", "coordinates": [ [ [ 74.257032690867192, 31.439834939860948 ], [ 74.256987681617076, 31.439741147370253 ], [ 74.256761217831951, 31.439841595479177 ], [ 74.256802954633912, 31.439925492651017 ], [ 74.257032690867192, 31.439834939860948 ] ] ] } },
{ "type": "Feature", "properties": { "Id": null, "__source_file": "Export_Output.shp", "OBJECTID": 165664.0, "SHAPE_Leng": 145.312995943, "SHAPE_Area": 1084.54970867, "Town": "Allama Iqbal Town", "UC_N0": "UC_120", "Landuse": "V", "KA": null, "Name": null, "Plot_No": "10", "Block": "C" }, "geometry": { "type": "Polygon", "coordinates": [ [ [ 74.257076585053213, 31.439926408534536 ], [ 74.257032690867192, 31.439834939860948 ], [ 74.256802954633912, 31.439925492651017 ], [ 74.256846617608502, 31.440013261212719 ], [ 74.257076585053213, 31.439926408534536 ] ] ] } },
{ "type": "Feature", "properties": { "Id": null, "__source_file": "Export_Output.shp", "OBJECTID": 165664.0, "SHAPE_Leng": 145.312995943, "SHAPE_Area": 1084.54970867, "Town": "Allama Iqbal Town", "UC_N0": "UC_120", "Landuse": "V", "KA": null, "Name": null, "Plot_No": "9", "Block": "C" }, "geometry": { "type": "Polygon", "coordinates": [ [ [ 74.257117780308661, 31.440012252882919 ], [ 74.257076585053213, 31.439926408534415 ], [ 74.256846617608502, 31.440013261212719 ], [ 74.256887528386414, 31.440095497590978 ], [ 74.257117780308661, 31.440012252882919 ] ] ] } },
{ "type": "Feature", "properties": { "Id": null, "__source_file": "Export_Output.shp", "OBJECTID": 165664.0, "SHAPE_Leng": 145.312995943, "SHAPE_Area": 1084.54970867, "Town": "Allama Iqbal Town", "UC_N0": "UC_120", "Landuse": "R", "KA": null, "Name": null, "Plot_No": "7", "Block": "C" }, "geometry": { "type": "Polygon", "coordinates": [ [ [ 74.257200330762487, 31.440184274373276 ], [ 74.257163085229053, 31.440106660925633 ], [ 74.256935796868092, 31.440192523472081 ], [ 74.256966020163119, 31.440253275911349 ], [ 74.256972144669959, 31.440265586920837 ], [ 74.257200330762487, 31.440184274373276 ] ] ] } },
{ "type": "Feature", "properties": { "Id": null, "__source_file": "Export_Output.shp", "OBJECTID": 165664.0, "SHAPE_Leng": 145.312995943, "SHAPE_Area": 1084.54970867, "Town": "Allama Iqbal Town", "UC_N0": "UC_120", "Landuse": "R", "KA": null, "Name": null, "Plot_No": "8", "Block": "C" }, "geometry": { "type": "Polygon", "coordinates": [ [ [ 74.257163085229053, 31.440106660925633 ], [ 74.257117780308661, 31.440012252882919 ], [ 74.256887528386414, 31.440095497590978 ], [ 74.256920953881576, 31.440162687277763 ], [ 74.256935796868092, 31.440192523472081 ], [ 74.257163085229053, 31.440106660925633 ] ] ] } },
{ "type": "Feature", "properties": { "Id": null, "__source_file": "Export_Output.shp", "OBJECTID": 165664.0, "SHAPE_Leng": 145.312995943, "SHAPE_Area": 1084.54970867, "Town": "Allama Iqbal Town", "UC_N0": "UC_120", "Landuse": "V", "KA": null, "Name": null, "Plot_No": "6", "Block": "C" }, "geometry": { "type": "Polygon", "coordinates": [ [ [ 74.257245883052178, 31.440279197522933 ], [ 74.257200330762487, 31.440184274373276 ], [ 74.256972144669959, 31.440265586920837 ], [ 74.257017441126692, 31.440356638117695 ], [ 74.257245883052178, 31.440279197522933 ] ] ] } },
{ "type": "Feature", "properties": { "Id": null, "__source_file": "Export_Output.shp", "OBJECTID": 165664.0, "SHAPE_Leng": 145.312995943, "SHAPE_Area": 1084.54970867, "Town": "Allama Iqbal Town", "UC_N0": "UC_120", "Landuse": "V", "KA": null, "Name": null, "Plot_No": "5", "Block": "C" }, "geometry": { "type": "Polygon", "coordinates": [ [ [ 74.25728858168435, 31.440368173955047 ], [ 74.257245883052178, 31.440279197522933 ], [ 74.257017441126692, 31.440356638117695 ], [ 74.257061664301133, 31.440445531958648 ], [ 74.25728858168435, 31.440368173955047 ] ] ] } },
{ "type": "Feature", "properties": { "Id": null, "__source_file": "Export_Output.shp", "OBJECTID": 165664.0, "SHAPE_Leng": 145.312995943, "SHAPE_Area": 1084.54970867, "Town": "Allama Iqbal Town", "UC_N0": "UC_120", "Landuse": "R", "KA": null, "Name": null, "Plot_No": "4", "Block": "C" }, "geometry": { "type": "Polygon", "coordinates": [ [ [ 74.257332388932568, 31.440459460361556 ], [ 74.25728858168435, 31.440368173955047 ], [ 74.257061664301133, 31.440445531958648 ], [ 74.257110904449249, 31.440544510160777 ], [ 74.257332388932568, 31.440459460361556 ] ] ] } },
{ "type": "Feature", "properties": { "Id": null, "__source_file": "Export_Output.shp", "OBJECTID": 165664.0, "SHAPE_Leng": 145.312995943, "SHAPE_Area": 1084.54970867, "Town": "Allama Iqbal Town", "UC_N0": "UC_120", "Landuse": "V", "KA": null, "Name": null, "Plot_No": "3", "Block": "C" }, "geometry": { "type": "Polygon", "coordinates": [ [ [ 74.257366357333396, 31.440530244254219 ], [ 74.257332388932568, 31.440459460361556 ], [ 74.257110904449249, 31.440544510160777 ], [ 74.2571470763544, 31.440617219591463 ], [ 74.257366357333396, 31.440530244254219 ] ] ] } },
{ "type": "Feature", "properties": { "Id": null, "__source_file": "Export_Output.shp", "OBJECTID": 165664.0, "SHAPE_Leng": 145.312995943, "SHAPE_Area": 1084.54970867, "Town": "Allama Iqbal Town", "UC_N0": "UC_120", "Landuse": "R", "KA": null, "Name": null, "Plot_No": "2", "Block": "C" }, "geometry": { "type": "Polygon", "coordinates": [ [ [ 74.257420387193775, 31.440642832300906 ], [ 74.257366357333396, 31.440530244254219 ], [ 74.2571470763544, 31.440617219591463 ], [ 74.257203521199088, 31.440730679576458 ], [ 74.257420387193775, 31.440642832300906 ] ] ] } },
{ "type": "Feature", "properties": { "Id": null, "__source_file": "Export_Output.shp", "OBJECTID": 175739.0, "SHAPE_Leng": 397.850288686, "SHAPE_Area": 7910.3597406299996, "Town": "Allama Iqbal Town", "UC_N0": "UC_120", "Landuse": "V", "KA": null, "Name": null, "Plot_No": "46", "Block": "K" }, "geometry": { "type": "Polygon", "coordinates": [ [ [ 74.256484528273447, 31.440145970992948 ], [ 74.256428858402856, 31.440032379857382 ], [ 74.256427329208833, 31.440029259655514 ], [ 74.256378471130731, 31.439929568477009 ], [ 74.256280851394976, 31.440058793352527 ], [ 74.256121039536069, 31.440275789116185 ], [ 74.256136227661599, 31.440305801784422 ], [ 74.256484528273447, 31.440145970992948 ] ] ] } },
{ "type": "Feature", "properties": { "Id": null, "__source_file": "Export_Output.shp", "OBJECTID": 175739.0, "SHAPE_Leng": 397.850288686, "SHAPE_Area": 7910.3597406299996, "Town": "Allama Iqbal Town", "UC_N0": "UC_120", "Landuse": "V", "KA": null, "Name": null, "Plot_No": "48", "Block": "K" }, "geometry": { "type": "Polygon", "coordinates": [ [ [ 74.256609320886184, 31.440400600621214 ], [ 74.256546385210584, 31.440272185450258 ], [ 74.256186552953722, 31.440405248080925 ], [ 74.256250007198958, 31.440530637615719 ], [ 74.256609320886184, 31.440400600621214 ] ] ] } },
{ "type": "Feature", "properties": { "Id": null, "__source_file": "Export_Output.shp", "OBJECTID": 175739.0, "SHAPE_Leng": 397.850288686, "SHAPE_Area": 7910.3597406299996, "Town": "Allama Iqbal Town", "UC_N0": "UC_120", "Landuse": "V", "KA": null, "Name": null, "Plot_No": "47", "Block": "K" }, "geometry": { "type": "Polygon", "coordinates": [ [ [ 74.256546385210584, 31.440272185450258 ], [ 74.256484528273447, 31.440145970992948 ], [ 74.256136227661599, 31.440305801784422 ], [ 74.256186552953722, 31.440405248080925 ], [ 74.256546385210584, 31.440272185450258 ] ] ] } },
{ "type": "Feature", "properties": { "Id": null, "__source_file": "Export_Output.shp", "OBJECTID": 175739.0, "SHAPE_Leng": 397.850288686, "SHAPE_Area": 7910.3597406299996, "Town": "Allama Iqbal Town", "UC_N0": "UC_120", "Landuse": "V", "KA": null, "Name": null, "Plot_No": "49", "Block": "K" }, "geometry": { "type": "Polygon", "coordinates": [ [ [ 74.256676809619705, 31.440538305523255 ], [ 74.256609320886184, 31.440400600621214 ], [ 74.256250007198958, 31.440530637615719 ], [ 74.256321584949205, 31.440672079270136 ], [ 74.256676809619705, 31.440538305523255 ] ] ] } },
{ "type": "Feature", "properties": { "Id": null, "__source_file": "Export_Output.shp", "OBJECTID": 175739.0, "SHAPE_Leng": 397.850288686, "SHAPE_Area": 7910.3597406299996, "Town": "Allama Iqbal Town", "UC_N0": "UC_120", "Landuse": "V", "KA": null, "Name": null, "Plot_No": "51", "Block": "K" }, "geometry": { "type": "Polygon", "coordinates": [ [ [ 74.256801021043898, 31.440791747024832 ], [ 74.256740233541066, 31.440667716136083 ], [ 74.256385989126798, 31.440799345151213 ], [ 74.256450915748687, 31.440927643033493 ], [ 74.256801021043898, 31.440791747024832 ] ] ] } },
{ "type": "Feature", "properties": { "Id": null, "__source_file": "Export_Output.shp", "OBJECTID": 175739.0, "SHAPE_Leng": 397.850288686, "SHAPE_Area": 7910.3597406299996, "Town": "Allama Iqbal Town", "UC_N0": "UC_120", "Landuse": "V", "KA": null, "Name": null, "Plot_No": "50", "Block": "K" }, "geometry": { "type": "Polygon", "coordinates": [ [ [ 74.256740233541066, 31.440667716136083 ], [ 74.256676809619705, 31.440538305523255 ], [ 74.256321584949205, 31.440672079270136 ], [ 74.256385989126798, 31.440799345151227 ], [ 74.256740233541066, 31.440667716136083 ] ] ] } },
{ "type": "Feature", "properties": { "Id": null, "__source_file": "Export_Output.shp", "OBJECTID": 175739.0, "SHAPE_Leng": 397.850288686, "SHAPE_Area": 7910.3597406299996, "Town": "Allama Iqbal Town", "UC_N0": "UC_120", "Landuse": "V", "KA": null, "Name": null, "Plot_No": "52", "Block": "K" }, "geometry": { "type": "Polygon", "coordinates": [ [ [ 74.25686839363803, 31.440929213732709 ], [ 74.256801021043898, 31.440791747024832 ], [ 74.256450915748687, 31.440927643033493 ], [ 74.256517854015456, 31.441059915621135 ], [ 74.25686839363803, 31.440929213732709 ] ] ] } },
{ "type": "Feature", "properties": { "Id": null, "__source_file": "Export_Output.shp", "OBJECTID": 175739.0, "SHAPE_Leng": 397.850288686, "SHAPE_Area": 7910.3597406299996, "Town": "Allama Iqbal Town", "UC_N0": "UC_120", "Landuse": "V", "KA": null, "Name": null, "Plot_No": "37", "Block": "K" }, "geometry": { "type": "Polygon", "coordinates": [ [ [ 74.257085914882438, 31.440848108286517 ], [ 74.25686839363803, 31.440929213732709 ], [ 74.256945354072954, 31.441086242898017 ], [ 74.257164859477498, 31.4410069223375 ], [ 74.257085914882438, 31.440848108286517 ] ] ] } },
{ "type": "Feature", "properties": { "Id": null, "__source_file": "Export_Output.shp", "OBJECTID": 175739.0, "SHAPE_Leng": 397.850288686, "SHAPE_Area": 7910.3597406299996, "Town": "Allama Iqbal Town", "UC_N0": "UC_120", "Landuse": "V", "KA": null, "Name": null, "Plot_No": "38", "Block": "K" }, "geometry": { "type": "Polygon", "coordinates": [ [ [ 74.257085914882438, 31.440848108286517 ], [ 74.257016351026877, 31.440708164368527 ], [ 74.256801021043898, 31.440791747024832 ], [ 74.25686839363803, 31.440929213732709 ], [ 74.257085914882438, 31.440848108286517 ] ] ] } },
{ "type": "Feature", "properties": { "Id": null, "__source_file": "Export_Output.shp", "OBJECTID": 175739.0, "SHAPE_Leng": 397.850288686, "SHAPE_Area": 7910.3597406299996, "Town": "Allama Iqbal Town", "UC_N0": "UC_120", "Landuse": "V", "KA": null, "Name": null, "Plot_No": "39", "Block": "K" }, "geometry": { "type": "Polygon", "coordinates": [ [ [ 74.257016351026877, 31.440708164368527 ], [ 74.256956329951421, 31.440587419050186 ], [ 74.256740233541066, 31.440667716136083 ], [ 74.256801021043898, 31.440791747024832 ], [ 74.257016351026877, 31.440708164368527 ] ] ] } },
{ "type": "Feature", "properties": { "Id": null, "__source_file": "Export_Output.shp", "OBJECTID": 175739.0, "SHAPE_Leng": 397.850288686, "SHAPE_Area": 7910.3597406299996, "Town": "Allama Iqbal Town", "UC_N0": "UC_120", "Landuse": "V", "KA": null, "Name": null, "Plot_No": "40", "Block": "K" }, "geometry": { "type": "Polygon", "coordinates": [ [ [ 74.256956329951421, 31.440587419050186 ], [ 74.256891691507121, 31.440457382656735 ], [ 74.256676809619705, 31.440538305523255 ], [ 74.256740233541066, 31.440667716136083 ], [ 74.256956329951421, 31.440587419050186 ] ] ] } },
{ "type": "Feature", "properties": { "Id": null, "__source_file": "Export_Output.shp", "OBJECTID": 175739.0, "SHAPE_Leng": 397.850288686, "SHAPE_Area": 7910.3597406299996, "Town": "Allama Iqbal Town", "UC_N0": "UC_120", "Landuse": "V", "KA": null, "Name": null, "Plot_No": "41", "Block": "K" }, "geometry": { "type": "Polygon", "coordinates": [ [ [ 74.256891691507121, 31.440457382656742 ], [ 74.256824716526154, 31.440322647456203 ], [ 74.256609320886184, 31.440400600621214 ], [ 74.256676809619705, 31.440538305523255 ], [ 74.256891691507121, 31.440457382656742 ] ] ] } },
{ "type": "Feature", "properties": { "Id": null, "__source_file": "Export_Output.shp", "OBJECTID": 175739.0, "SHAPE_Leng": 397.850288686, "SHAPE_Area": 7910.3597406299996, "Town": "Allama Iqbal Town", "UC_N0": "UC_120", "Landuse": "V", "KA": null, "Name": null, "Plot_No": "42", "Block": "K" }, "geometry": { "type": "Polygon", "coordinates": [ [ [ 74.256824716526154, 31.440322647456203 ], [ 74.256760309790266, 31.440193077462055 ], [ 74.256546385210584, 31.440272185450258 ], [ 74.256609320886184, 31.440400600621214 ], [ 74.256824716526154, 31.440322647456203 ] ] ] } },
{ "type": "Feature", "properties": { "Id": null, "__source_file": "Export_Output.shp", "OBJECTID": 175739.0, "SHAPE_Leng": 397.850288686, "SHAPE_Area": 7910.3597406299996, "Town": "Allama Iqbal Town", "UC_N0": "UC_120", "Landuse": "V", "KA": null, "Name": null, "Plot_No": "43", "Block": "K" }, "geometry": { "type": "Polygon", "coordinates": [ [ [ 74.256760309790266, 31.440193077462055 ], [ 74.256690021038963, 31.440051672155796 ], [ 74.256484528273447, 31.440145970992948 ], [ 74.256546385210584, 31.440272185450258 ], [ 74.256760309790266, 31.440193077462055 ] ] ] } },
{ "type": "Feature", "properties": { "Id": null, "__source_file": "Export_Output.shp", "OBJECTID": 175739.0, "SHAPE_Leng": 397.850288686, "SHAPE_Area": 7910.3597406299996, "Town": "Allama Iqbal Town", "UC_N0": "UC_120", "Landuse": "R", "KA": null, "Name": null, "Plot_No": "44", "Block": "K" }, "geometry": { "type": "Polygon", "coordinates": [ [ [ 74.256690021038963, 31.440051672155796 ], [ 74.25662581658213, 31.4399225088594 ], [ 74.256427329208833, 31.440029259655514 ], [ 74.256428858402856, 31.440032379857382 ], [ 74.256484528273447, 31.440145970992948 ], [ 74.256690021038963, 31.440051672155796 ] ] ] } },
{ "type": "Feature", "properties": { "Id": null, "__source_file": "Export_Output.shp", "OBJECTID": 175739.0, "SHAPE_Leng": 397.850288686, "SHAPE_Area": 7910.3597406299996, "Town": "Allama Iqbal Town", "UC_N0": "UC_120", "Landuse": "V", "KA": null, "Name": null, "Plot_No": "45", "Block": "K" }, "geometry": { "type": "Polygon", "coordinates": [ [ [ 74.25662581658213, 31.4399225088594 ], [ 74.256529769324416, 31.439729285463315 ], [ 74.256378471130731, 31.439929568477009 ], [ 74.256427329208833, 31.440029259655514 ], [ 74.25662581658213, 31.4399225088594 ] ] ] } },
{ "type": "Feature", "properties": { "Id": null, "__source_file": "Export_Output.shp", "OBJECTID": 175741.0, "SHAPE_Leng": 320.55987977900003, "SHAPE_Area": 4695.0005225100003, "Town": "Allama Iqbal Town", "UC_N0": "UC_120", "Landuse": "V", "KA": null, "Name": null, "Plot_No": "54", "Block": "K" }, "geometry": { "type": "Polygon", "coordinates": [ [ [ 74.256472497983438, 31.441076752255572 ], [ 74.256250125569153, 31.441159579600882 ], [ 74.256322160957893, 31.441311437921119 ], [ 74.256548688330739, 31.44122958109487 ], [ 74.256472497983438, 31.441076752255572 ] ] ] } },
{ "type": "Feature", "properties": { "Id": null, "__source_file": "Export_Output.shp", "OBJECTID": 175741.0, "SHAPE_Leng": 320.55987977900003, "SHAPE_Area": 4695.0005225100003, "Town": "Allama Iqbal Town", "UC_N0": "UC_120", "Landuse": "V", "KA": null, "Name": null, "Plot_No": "55", "Block": "K" }, "geometry": { "type": "Polygon", "coordinates": [ [ [ 74.256472497983438, 31.441076752255572 ], [ 74.256411951397922, 31.440955301914109 ], [ 74.256193301189541, 31.441039787350455 ], [ 74.256250125569153, 31.441159579600882 ], [ 74.256472497983438, 31.441076752255572 ] ] ] } },
{ "type": "Feature", "properties": { "Id": null, "__source_file": "Export_Output.shp", "OBJECTID": 175741.0, "SHAPE_Leng": 320.55987977900003, "SHAPE_Area": 4695.0005225100003, "Town": "Allama Iqbal Town", "UC_N0": "UC_120", "Landuse": "V", "KA": null, "Name": null, "Plot_No": "57", "Block": "K" }, "geometry": { "type": "Polygon", "coordinates": [ [ [ 74.256342331522376, 31.440815652473955 ], [ 74.256276430882352, 31.440683461208309 ], [ 74.256063735418792, 31.440766646767809 ], [ 74.256125311657669, 31.440896457264056 ], [ 74.256342331522376, 31.440815652473955 ] ] ] } },
{ "type": "Feature", "properties": { "Id": null, "__source_file": "Export_Output.shp", "OBJECTID": 175741.0, "SHAPE_Leng": 320.55987977900003, "SHAPE_Area": 4695.0005225100003, "Town": "Allama Iqbal Town", "UC_N0": "UC_120", "Landuse": "V", "KA": null, "Name": null, "Plot_No": "58", "Block": "K" }, "geometry": { "type": "Polygon", "coordinates": [ [ [ 74.256208457562636, 31.440547113508273 ], [ 74.255996918812542, 31.440625788398567 ], [ 74.256063735418792, 31.440766646767809 ], [ 74.256276430882352, 31.440683461208309 ], [ 74.256208457562636, 31.440547113508273 ] ] ] } },
{ "type": "Feature", "properties": { "Id": null, "__source_file": "Export_Output.shp", "OBJECTID": 175741.0, "SHAPE_Leng": 320.55987977900003, "SHAPE_Area": 4695.0005225100003, "Town": "Allama Iqbal Town", "UC_N0": "UC_120", "Landuse": "V", "KA": null, "Name": null, "Plot_No": "59", "Block": "K" }, "geometry": { "type": "Polygon", "coordinates": [ [ [ 74.256208457562636, 31.440547113508273 ], [ 74.256092646008611, 31.440314806105082 ], [ 74.256001122220397, 31.440441539871028 ], [ 74.255946118063321, 31.440518693454425 ], [ 74.255996918812542, 31.440625788398567 ], [ 74.256208457562636, 31.440547113508273 ] ] ] } },
{ "type": "Feature", "properties": { "Id": null, "__source_file": "Export_Output.shp", "OBJECTID": 175741.0, "SHAPE_Leng": 320.55987977900003, "SHAPE_Area": 4695.0005225100003, "Town": "Allama Iqbal Town", "UC_N0": "UC_120", "Landuse": "V", "KA": null, "Name": null, "Plot_No": "63", "Block": "K" }, "geometry": { "type": "Polygon", "coordinates": [ [ [ 74.256250125569153, 31.441159579600882 ], [ 74.256193301189541, 31.441039787350455 ], [ 74.25585048868308, 31.441172247444758 ], [ 74.255908198910745, 31.441286936425708 ], [ 74.256250125569153, 31.441159579600882 ] ] ] } },
{ "type": "Feature", "properties": { "Id": null, "__source_file": "Export_Output.shp", "OBJECTID": 175741.0, "SHAPE_Leng": 320.55987977900003, "SHAPE_Area": 4695.0005225100003, "Town": "Allama Iqbal Town", "UC_N0": "UC_120", "Landuse": "V", "KA": null, "Name": null, "Plot_No": "62", "Block": "K" }, "geometry": { "type": "Polygon", "coordinates": [ [ [ 74.256193301189541, 31.441039787350455 ], [ 74.256125311657669, 31.440896457264056 ], [ 74.255776976855998, 31.441026154555971 ], [ 74.25585048868308, 31.441172247444758 ], [ 74.256193301189541, 31.441039787350455 ] ] ] } },
{ "type": "Feature", "properties": { "Id": null, "__source_file": "Export_Output.shp", "OBJECTID": 175741.0, "SHAPE_Leng": 320.55987977900003, "SHAPE_Area": 4695.0005225100003, "Town": "Allama Iqbal Town", "UC_N0": "UC_120", "Landuse": "V", "KA": null, "Name": null, "Plot_No": "61", "Block": "K" }, "geometry": { "type": "Polygon", "coordinates": [ [ [ 74.256125311657669, 31.440896457264056 ], [ 74.256063735418792, 31.440766646767809 ], [ 74.255715021255256, 31.440903028361884 ], [ 74.255735700210167, 31.440944123970688 ], [ 74.255776976855998, 31.441026154555971 ], [ 74.256125311657669, 31.440896457264056 ] ] ] } },
{ "type": "Feature", "properties": { "Id": null, "__source_file": "Export_Output.shp", "OBJECTID": 175741.0, "SHAPE_Leng": 320.55987977900003, "SHAPE_Area": 4695.0005225100003, "Town": "Allama Iqbal Town", "UC_N0": "UC_120", "Landuse": "R", "KA": null, "Name": null, "Plot_No": "60", "Block": "K" }, "geometry": { "type": "Polygon", "coordinates": [ [ [ 74.256063735418792, 31.440766646767809 ], [ 74.255946118063321, 31.440518693454425 ], [ 74.25589493642174, 31.440590485109347 ], [ 74.255887074079709, 31.440601595462674 ], [ 74.255820986377969, 31.440695450858872 ], [ 74.255805700663771, 31.4407165824123 ], [ 74.255730294157132, 31.440823658972903 ], [ 74.255698530821732, 31.440870256639201 ], [ 74.255715021255256, 31.440903028361884 ], [ 74.256063735418792, 31.440766646767809 ] ] ] } },
{ "type": "Feature", "properties": { "Id": null, "__source_file": "Export_Output.shp", "OBJECTID": 0.0, "SHAPE_Leng": 0.0, "SHAPE_Area": 0.0, "Town": null, "UC_N0": null, "Landuse": null, "KA": null, "Name": null, "Plot_No": null, "Block": null }, "geometry": { "type": "Polygon", "coordinates": [ [ [ 74.255526421329819, 31.441431701696697 ], [ 74.255597709078216, 31.44157321822793 ], [ 74.255531192966345, 31.441441174089647 ], [ 74.255530547497557, 31.441439892740352 ], [ 74.255526421329819, 31.441431701696697 ] ] ] } },
{ "type": "Feature", "properties": { "Id": null, "__source_file": "Export_Output.shp", "OBJECTID": 175741.0, "SHAPE_Leng": 320.55987977900003, "SHAPE_Area": 4695.0005225100003, "Town": "Allama Iqbal Town", "UC_N0": "UC_120", "Landuse": "V", "KA": null, "Name": null, "Plot_No": "56", "Block": "K" }, "geometry": { "type": "Polygon", "coordinates": [ [ [ 74.256411951397922, 31.440955301914109 ], [ 74.256342331522376, 31.440815652473955 ], [ 74.256125311657669, 31.440896457264067 ], [ 74.256193301189541, 31.441039787350469 ], [ 74.256411951397922, 31.440955301914109 ] ] ] } },
{ "type": "Feature", "properties": { "Id": null, "__source_file": "Export_Output.shp", "OBJECTID": 175364.0, "SHAPE_Leng": 372.26662328499998, "SHAPE_Area": 5329.7014163800004, "Town": "Allama Iqbal Town", "UC_N0": "UC_120", "Landuse": "V", "KA": null, "Name": null, "Plot_No": "73", "Block": "K" }, "geometry": { "type": "Polygon", "coordinates": [ [ [ 74.25577222329818, 31.441142347255404 ], [ 74.25566311627928, 31.440923328205383 ], [ 74.255607630029402, 31.441008965353955 ], [ 74.255492542274993, 31.44119745357899 ], [ 74.255447686101618, 31.441275400506502 ], [ 74.255447887847922, 31.441275801003965 ], [ 74.255775625745216, 31.441149177263686 ], [ 74.255774236837922, 31.441146389197471 ], [ 74.25577222329818, 31.441142347255404 ] ] ] } },
{ "type": "Feature", "properties": { "Id": null, "__source_file": "Export_Output.shp", "OBJECTID": 175364.0, "SHAPE_Leng": 372.26662328499998, "SHAPE_Area": 5329.7014163800004, "Town": "Allama Iqbal Town", "UC_N0": "UC_120", "Landuse": "V", "KA": null, "Name": null, "Plot_No": "72", "Block": "K" }, "geometry": { "type": "Polygon", "coordinates": [ [ [ 74.255854514950514, 31.441307537673651 ], [ 74.255775625745216, 31.441149177263689 ], [ 74.255447887847922, 31.441275801003943 ], [ 74.255451817163319, 31.441283601299574 ], [ 74.255452328982912, 31.441284617340024 ], [ 74.255526421329819, 31.441431701696697 ], [ 74.255854514950514, 31.441307537673651 ] ] ] } },
{ "type": "Feature", "properties": { "Id": null, "__source_file": "Export_Output.shp", "OBJECTID": 175364.0, "SHAPE_Leng": 372.26662328499998, "SHAPE_Area": 5329.7014163800004, "Town": "Allama Iqbal Town", "UC_N0": "UC_120", "Landuse": "V", "KA": null, "Name": null, "Plot_No": "71", "Block": "K" }, "geometry": { "type": "Polygon", "coordinates": [ [ [ 74.255855483480232, 31.441309481874804 ], [ 74.255854514950514, 31.441307537673651 ], [ 74.255526421329819, 31.441431701696697 ], [ 74.255530547497557, 31.441439892740345 ], [ 74.25553119296633, 31.441441174089647 ], [ 74.255597709078216, 31.441573218227941 ], [ 74.255927501435949, 31.441454048259775 ], [ 74.255856444175734, 31.441311410349723 ], [ 74.255855483480232, 31.441309481874804 ] ] ] } },
{ "type": "Feature", "properties": { "Id": null, "__source_file": "Export_Output.shp", "OBJECTID": 175365.0, "SHAPE_Leng": 610.59122824300005, "SHAPE_Area": 10844.7054052, "Town": "Allama Iqbal Town", "UC_N0": "UC_120", "Landuse": "C", "KA": null, "Name": null, "Plot_No": null, "Block": "K" }, "geometry": { "type": "Polygon", "coordinates": [ [ [ 74.25623220397604, 31.442959292366069 ], [ 74.255670129582185, 31.443180671304603 ], [ 74.255803974359893, 31.443443927856897 ], [ 74.2563712925445, 31.44323795207929 ], [ 74.25623220397604, 31.442959292366069 ] ] ] } },
{ "type": "Feature", "properties": { "Id": null, "__source_file": "Export_Output.shp", "OBJECTID": 175365.0, "SHAPE_Leng": 610.59122824300005, "SHAPE_Area": 10844.7054052, "Town": "Allama Iqbal Town", "UC_N0": "UC_120", "Landuse": "C", "KA": null, "Name": null, "Plot_No": null, "Block": "K" }, "geometry": { "type": "Polygon", "coordinates": [ [ [ 74.256124545741741, 31.442743601154742 ], [ 74.255557492413487, 31.442959126335129 ], [ 74.255670129582185, 31.443180671304603 ], [ 74.25623220397604, 31.442959292366069 ], [ 74.256124545741741, 31.442743601154742 ] ] ] } },
{ "type": "Feature", "properties": { "Id": null, "__source_file": "Export_Output.shp", "OBJECTID": 175365.0, "SHAPE_Leng": 610.59122824300005, "SHAPE_Area": 10844.7054052, "Town": "Allama Iqbal Town", "UC_N0": "UC_120", "Landuse": "R", "KA": null, "Name": null, "Plot_No": "2", "Block": "K" }, "geometry": { "type": "Polygon", "coordinates": [ [ [ 74.255823780126249, 31.442671203077392 ], [ 74.255760564913999, 31.442540615303699 ], [ 74.255416317984768, 31.442681450115636 ], [ 74.255474924510906, 31.442796723603966 ], [ 74.255823780126249, 31.442671203077392 ] ] ] } },
{ "type": "Feature", "properties": { "Id": null, "__source_file": "Export_Output.shp", "OBJECTID": 175365.0, "SHAPE_Leng": 610.59122824300005, "SHAPE_Area": 10844.7054052, "Town": "Allama Iqbal Town", "UC_N0": "UC_120", "Landuse": "V", "KA": null, "Name": null, "Plot_No": "3", "Block": "K" }, "geometry": { "type": "Polygon", "coordinates": [ [ [ 74.255760564913999, 31.442540615303699 ], [ 74.255696000077108, 31.442407239123487 ], [ 74.255336125602767, 31.442523718799766 ], [ 74.255416317984768, 31.442681450115636 ], [ 74.255760564913999, 31.442540615303699 ] ] ] } },
{ "type": "Feature", "properties": { "Id": null, "__source_file": "Export_Output.shp", "OBJECTID": 175365.0, "SHAPE_Leng": 610.59122824300005, "SHAPE_Area": 10844.7054052, "Town": "Allama Iqbal Town", "UC_N0": "UC_120", "Landuse": "V", "KA": null, "Name": null, "Plot_No": "3A", "Block": "K" }, "geometry": { "type": "Polygon", "coordinates": [ [ [ 74.255696000077108, 31.442407239123487 ], [ 74.255636524533116, 31.442284375900943 ], [ 74.255280329960897, 31.44241397337596 ], [ 74.255336125602767, 31.442523718799766 ], [ 74.255696000077108, 31.442407239123487 ] ] ] } },
{ "type": "Feature", "properties": { "Id": null, "__source_file": "Export_Output.shp", "OBJECTID": 175365.0, "SHAPE_Leng": 610.59122824300005, "SHAPE_Area": 10844.7054052, "Town": "Allama Iqbal Town", "UC_N0": "UC_120", "Landuse": "V", "KA": null, "Name": null, "Plot_No": "3B", "Block": "K" }, "geometry": { "type": "Polygon", "coordinates": [ [ [ 74.255636524533116, 31.442284375900943 ], [ 74.255575141539623, 31.442157571953654 ], [ 74.255216506389331, 31.442288437338842 ], [ 74.255280329960897, 31.44241397337596 ], [ 74.255636524533116, 31.442284375900943 ] ] ] } },
{ "type": "Feature", "properties": { "Id": null, "__source_file": "Export_Output.shp", "OBJECTID": 175365.0, "SHAPE_Leng": 610.59122824300005, "SHAPE_Area": 10844.7054052, "Town": "Allama Iqbal Town", "UC_N0": "UC_120", "Landuse": "V", "KA": null, "Name": null, "Plot_No": "3C", "Block": "K" }, "geometry": { "type": "Polygon", "coordinates": [ [ [ 74.255575141539623, 31.442157571953654 ], [ 74.255515152368048, 31.442033646987806 ], [ 74.255154818726524, 31.442167102126621 ], [ 74.255216506389331, 31.442288437338842 ], [ 74.255575141539623, 31.442157571953654 ] ] ] } },
{ "type": "Feature", "properties": { "Id": null, "__source_file": "Export_Output.shp", "OBJECTID": 175365.0, "SHAPE_Leng": 610.59122824300005, "SHAPE_Area": 10844.7054052, "Town": "Allama Iqbal Town", "UC_N0": "UC_120", "Landuse": "V", "KA": null, "Name": null, "Plot_No": "3D", "Block": "K" }, "geometry": { "type": "Polygon", "coordinates": [ [ [ 74.255515152368048, 31.442033646987806 ], [ 74.255452100064829, 31.44190339386309 ], [ 74.255094614898312, 31.442048685185785 ], [ 74.255154818726524, 31.442167102126621 ], [ 74.255515152368048, 31.442033646987806 ] ] ] } },
{ "type": "Feature", "properties": { "Id": null, "__source_file": "Export_Output.shp", "OBJECTID": 175365.0, "SHAPE_Leng": 610.59122824300005, "SHAPE_Area": 10844.7054052, "Town": "Allama Iqbal Town", "UC_N0": "UC_120", "Landuse": "R", "KA": null, "Name": null, "Plot_No": "3E", "Block": "K" }, "geometry": { "type": "Polygon", "coordinates": [ [ [ 74.255452100064829, 31.44190339386309 ], [ 74.255388173858435, 31.441771335040944 ], [ 74.255019520742493, 31.44190097950754 ], [ 74.255094614898312, 31.442048685185785 ], [ 74.255452100064829, 31.44190339386309 ] ] ] } },
{ "type": "Feature", "properties": { "Id": null, "__source_file": "Export_Output.shp", "OBJECTID": 175365.0, "SHAPE_Leng": 610.59122824300005, "SHAPE_Area": 10844.7054052, "Town": "Allama Iqbal Town", "UC_N0": "UC_120", "Landuse": "V", "KA": null, "Name": null, "Plot_No": "3F", "Block": "K" }, "geometry": { "type": "Polygon", "coordinates": [ [ [ 74.255388173858435, 31.441771335040944 ], [ 74.255289826307859, 31.441568167798675 ], [ 74.255252247522023, 31.441627078875076 ], [ 74.255199973031296, 31.441693983549175 ], [ 74.255149393445976, 31.441748291258989 ], [ 74.255046524218727, 31.441842253552316 ], [ 74.255007493469591, 31.44187732254025 ], [ 74.255019520742493, 31.44190097950754 ], [ 74.255388173858435, 31.441771335040944 ] ] ] } },
{ "type": "Feature", "properties": { "Id": null, "__source_file": "Export_Output.shp", "OBJECTID": 175365.0, "SHAPE_Leng": 610.59122824300005, "SHAPE_Area": 10844.7054052, "Town": "Allama Iqbal Town", "UC_N0": "UC_120", "Landuse": "V", "KA": null, "Name": null, "Plot_No": "74A", "Block": "K" }, "geometry": { "type": "Polygon", "coordinates": [ [ [ 74.255481857142257, 31.441455962511856 ], [ 74.255418135211713, 31.441328292250109 ], [ 74.255384858138854, 31.441389415887254 ], [ 74.255323157018751, 31.441507562759117 ], [ 74.255297315736726, 31.441556426847008 ], [ 74.255481857142257, 31.441455962511856 ] ] ] } },
{ "type": "Feature", "properties": { "Id": null, "__source_file": "Export_Output.shp", "OBJECTID": 175365.0, "SHAPE_Leng": 610.59122824300005, "SHAPE_Area": 10844.7054052, "Town": "Allama Iqbal Town", "UC_N0": "UC_120", "Landuse": "R", "KA": null, "Name": null, "Plot_No": "74", "Block": "K" }, "geometry": { "type": "Polygon", "coordinates": [ [ [ 74.255547753319604, 31.441587988601228 ], [ 74.255481857142257, 31.441455962511842 ], [ 74.255297315736726, 31.441556426846994 ], [ 74.255289826307859, 31.441568167798675 ], [ 74.255333295929361, 31.441657967786032 ], [ 74.255547753319604, 31.441587988601228 ] ] ] } },
{ "type": "Feature", "properties": { "Id": null, "__source_file": "Export_Output.shp", "OBJECTID": 175365.0, "SHAPE_Leng": 610.59122824300005, "SHAPE_Area": 10844.7054052, "Town": "Allama Iqbal Town", "UC_N0": "UC_120", "Landuse": "R", "KA": null, "Name": null, "Plot_No": "75", "Block": "K" }, "geometry": { "type": "Polygon", "coordinates": [ [ [ 74.255547753319604, 31.441587988601228 ], [ 74.255333295929361, 31.441657967786032 ], [ 74.255388173858435, 31.441771335040944 ], [ 74.255601772393646, 31.441696218059274 ], [ 74.255547753319604, 31.441587988601228 ] ] ] } },
{ "type": "Feature", "properties": { "Id": null, "__source_file": "Export_Output.shp", "OBJECTID": 175365.0, "SHAPE_Leng": 610.59122824300005, "SHAPE_Area": 10844.7054052, "Town": "Allama Iqbal Town", "UC_N0": "UC_120", "Landuse": "V", "KA": null, "Name": null, "Plot_No": "75A", "Block": "K" }, "geometry": { "type": "Polygon", "coordinates": [ [ [ 74.255662497145991, 31.441817882303337 ], [ 74.255601772393646, 31.441696218059274 ], [ 74.255388173858435, 31.441771335040944 ], [ 74.255452100064829, 31.44190339386309 ], [ 74.255662497145991, 31.441817882303337 ] ] ] } },
{ "type": "Feature", "properties": { "Id": null, "__source_file": "Export_Output.shp", "OBJECTID": 175365.0, "SHAPE_Leng": 610.59122824300005, "SHAPE_Area": 10844.7054052, "Town": "Allama Iqbal Town", "UC_N0": "UC_120", "Landuse": "V", "KA": null, "Name": null, "Plot_No": "4D", "Block": "K" }, "geometry": { "type": "Polygon", "coordinates": [ [ [ 74.255730399280793, 31.441953926293746 ], [ 74.255662497145991, 31.441817882303337 ], [ 74.255452100064829, 31.44190339386309 ], [ 74.255515152368048, 31.442033646987806 ], [ 74.255730399280793, 31.441953926293746 ] ] ] } },
{ "type": "Feature", "properties": { "Id": null, "__source_file": "Export_Output.shp", "OBJECTID": 175365.0, "SHAPE_Leng": 610.59122824300005, "SHAPE_Area": 10844.7054052, "Town": "Allama Iqbal Town", "UC_N0": "UC_120", "Landuse": "V", "KA": null, "Name": null, "Plot_No": "4C", "Block": "K" }, "geometry": { "type": "Polygon", "coordinates": [ [ [ 74.255792462392762, 31.442078271255198 ], [ 74.255730399280793, 31.441953926293746 ], [ 74.255515152368048, 31.442033646987806 ], [ 74.255575141539623, 31.442157571953704 ], [ 74.255792462392762, 31.442078271255198 ] ] ] } },
{ "type": "Feature", "properties": { "Id": null, "__source_file": "Export_Output.shp", "OBJECTID": 175365.0, "SHAPE_Leng": 610.59122824300005, "SHAPE_Area": 10844.7054052, "Town": "Allama Iqbal Town", "UC_N0": "UC_120", "Landuse": "R", "KA": null, "Name": null, "Plot_No": "4B", "Block": "K" }, "geometry": { "type": "Polygon", "coordinates": [ [ [ 74.255855557141771, 31.442204682622098 ], [ 74.255800826276314, 31.4420950284734 ], [ 74.255792462392762, 31.442078271255198 ], [ 74.255575141539623, 31.442157571953704 ], [ 74.255636524533116, 31.442284375900943 ], [ 74.255855557141771, 31.442204682622098 ] ] ] } },
{ "type": "Feature", "properties": { "Id": null, "__source_file": "Export_Output.shp", "OBJECTID": 175365.0, "SHAPE_Leng": 610.59122824300005, "SHAPE_Area": 10844.7054052, "Town": "Allama Iqbal Town", "UC_N0": "UC_120", "Landuse": "R", "KA": null, "Name": null, "Plot_No": "4A", "Block": "K" }, "geometry": { "type": "Polygon", "coordinates": [ [ [ 74.255920404960222, 31.44233460589021 ], [ 74.255855557141771, 31.442204682622098 ], [ 74.255636524533116, 31.442284375900943 ], [ 74.255696000077108, 31.442407239123487 ], [ 74.255920404960222, 31.44233460589021 ] ] ] } },
{ "type": "Feature", "properties": { "Id": null, "__source_file": "Export_Output.shp", "OBJECTID": 175365.0, "SHAPE_Leng": 610.59122824300005, "SHAPE_Area": 10844.7054052, "Town": "Allama Iqbal Town", "UC_N0": "UC_120", "Landuse": "R", "KA": null, "Name": null, "Plot_No": "4", "Block": "K" }, "geometry": { "type": "Polygon", "coordinates": [ [ [ 74.255978688856842, 31.442451377945179 ], [ 74.255920404960222, 31.44233460589021 ], [ 74.255696000077108, 31.442407239123487 ], [ 74.255760564913999, 31.442540615303749 ], [ 74.255978688856842, 31.442451377945179 ] ] ] } },
{ "type": "Feature", "properties": { "Id": null, "__source_file": "Export_Output.shp", "OBJECTID": 175365.0, "SHAPE_Leng": 610.59122824300005, "SHAPE_Area": 10844.7054052, "Town": "Allama Iqbal Town", "UC_N0": "UC_120", "Landuse": "R", "KA": null, "Name": null, "Plot_No": "5", "Block": "K" }, "geometry": { "type": "Polygon", "coordinates": [ [ [ 74.256048120187117, 31.442590483375188 ], [ 74.255993172240522, 31.442480395422766 ], [ 74.255978688856842, 31.442451377945179 ], [ 74.255760564913999, 31.442540615303749 ], [ 74.255823780126249, 31.442671203077392 ], [ 74.256048120187117, 31.442590483375188 ] ] ] } },
{ "type": "Feature", "properties": { "Id": null, "__source_file": "Export_Output.shp", "OBJECTID": 175365.0, "SHAPE_Leng": 610.59122824300005, "SHAPE_Area": 10844.7054052, "Town": "Allama Iqbal Town", "UC_N0": "UC_120", "Landuse": "R", "KA": null, "Name": null, "Plot_No": "6", "Block": "K" }, "geometry": { "type": "Polygon", "coordinates": [ [ [ 74.256048120187117, 31.442590483375188 ], [ 74.255823780126249, 31.442671203077392 ], [ 74.25590011931844, 31.442828901394066 ], [ 74.256124545741741, 31.442743601154742 ], [ 74.256048120187117, 31.442590483375188 ] ] ] } },
{ "type": "Feature", "properties": { "Id": null, "__source_file": "Export_Output.shp", "OBJECTID": 0.0, "SHAPE_Leng": 0.0, "SHAPE_Area": 0.0, "Town": null, "UC_N0": null, "Landuse": "V", "KA": null, "Name": null, "Plot_No": "128", "Block": "J" }, "geometry": { "type": "Polygon", "coordinates": [ [ [ 74.254902667730804, 31.442110338861823 ], [ 74.25477808018978, 31.441862785120382 ], [ 74.254461632736962, 31.442050016190581 ], [ 74.254546252535022, 31.442236115763688 ], [ 74.254902667730804, 31.442110338861823 ] ] ] } },
{ "type": "Feature", "properties": { "Id": null, "__source_file": "Export_Output.shp", "OBJECTID": 0.0, "SHAPE_Leng": 0.0, "SHAPE_Area": 0.0, "Town": null, "UC_N0": null, "Landuse": "V", "KA": null, "Name": null, "Plot_No": "129", "Block": "J" }, "geometry": { "type": "Polygon", "coordinates": [ [ [ 74.254902667730804, 31.442110338861823 ], [ 74.254546252535022, 31.442236115763688 ], [ 74.254557236190308, 31.442260271471895 ], [ 74.254554813834773, 31.442262235621641 ], [ 74.254607054795912, 31.442368147409908 ], [ 74.25496614643744, 31.442236469915283 ], [ 74.254902667730804, 31.442110338861823 ] ] ] } },
{ "type": "Feature", "properties": { "Id": null, "__source_file": "Export_Output.shp", "OBJECTID": 174812.0, "SHAPE_Leng": 248.55336841900001, "SHAPE_Area": 3638.9731801600001, "Town": "Allama Iqbal Town", "UC_N0": "UC_120", "Landuse": "V", "KA": null, "Name": null, "Plot_No": "130", "Block": "J" }, "geometry": { "type": "Polygon", "coordinates": [ [ [ 74.255027329912267, 31.442362779242561 ], [ 74.25496614643744, 31.442236469915283 ], [ 74.254607054795898, 31.442368147409908 ], [ 74.254674580581394, 31.44250504737326 ], [ 74.255027329912267, 31.442362779242561 ] ] ] } },
{ "type": "Feature", "properties": { "Id": null, "__source_file": "Export_Output.shp", "OBJECTID": 174812.0, "SHAPE_Leng": 248.55336841900001, "SHAPE_Area": 3638.9731801600001, "Town": "Allama Iqbal Town", "UC_N0": "UC_120", "Landuse": "V", "KA": null, "Name": null, "Plot_No": "131", "Block": "J" }, "geometry": { "type": "Polygon", "coordinates": [ [ [ 74.255086535020155, 31.442485004014763 ], [ 74.255027329912267, 31.442362779242561 ], [ 74.254674580581394, 31.44250504737326 ], [ 74.254729428833571, 31.44261624451341 ], [ 74.255086535020155, 31.442485004014763 ] ] ] } },
{ "type": "Feature", "properties": { "Id": null, "__source_file": "Export_Output.shp", "OBJECTID": 174812.0, "SHAPE_Leng": 248.55336841900001, "SHAPE_Area": 3638.9731801600001, "Town": "Allama Iqbal Town", "UC_N0": "UC_120", "Landuse": "V", "KA": null, "Name": null, "Plot_No": "133", "Block": "J" }, "geometry": { "type": "Polygon", "coordinates": [ [ [ 74.255228200666636, 31.442432939931987 ], [ 74.255086535020155, 31.442485004014763 ], [ 74.255159627112675, 31.442635897020637 ], [ 74.255302981991278, 31.442583363761909 ], [ 74.255228200666636, 31.442432939931987 ] ] ] } },
{ "type": "Feature", "properties": { "Id": null, "__source_file": "Export_Output.shp", "OBJECTID": 174812.0, "SHAPE_Leng": 248.55336841900001, "SHAPE_Area": 3638.9731801600001, "Town": "Allama Iqbal Town", "UC_N0": "UC_120", "Landuse": "V", "KA": null, "Name": null, "Plot_No": "134", "Block": "J" }, "geometry": { "type": "Polygon", "coordinates": [ [ [ 74.255228200666636, 31.442432939931987 ], [ 74.255165598407174, 31.442307013467222 ], [ 74.255027329912267, 31.442362779242561 ], [ 74.255086535020155, 31.442485004014763 ], [ 74.255228200666636, 31.442432939931987 ] ] ] } },
{ "type": "Feature", "properties": { "Id": null, "__source_file": "Export_Output.shp", "OBJECTID": 174812.0, "SHAPE_Leng": 248.55336841900001, "SHAPE_Area": 3638.9731801600001, "Town": "Allama Iqbal Town", "UC_N0": "UC_120", "Landuse": "V", "KA": null, "Name": null, "Plot_No": "135", "Block": "J" }, "geometry": { "type": "Polygon", "coordinates": [ [ [ 74.255165598407174, 31.442307013467222 ], [ 74.25510518266131, 31.442185485504996 ], [ 74.25496614643744, 31.442236469915283 ], [ 74.255027329912267, 31.442362779242561 ], [ 74.255165598407174, 31.442307013467222 ] ] ] } },
{ "type": "Feature", "properties": { "Id": null, "__source_file": "Export_Output.shp", "OBJECTID": 0.0, "SHAPE_Leng": 0.0, "SHAPE_Area": 0.0, "Town": null, "UC_N0": null, "Landuse": "V", "KA": null, "Name": null, "Plot_No": "136", "Block": "J" }, "geometry": { "type": "Polygon", "coordinates": [ [ [ 74.255050016304409, 31.442066811118501 ], [ 74.254902667685485, 31.442110338878638 ], [ 74.25496614643744, 31.442236469915283 ], [ 74.255105182659833, 31.442185485501774 ], [ 74.255050016304409, 31.442066811118501 ] ] ] } },
{ "type": "Feature", "properties": { "Id": null, "__source_file": "Export_Output.shp", "OBJECTID": 0.0, "SHAPE_Leng": 0.0, "SHAPE_Area": 0.0, "Town": null, "UC_N0": null, "Landuse": "V", "KA": null, "Name": null, "Plot_No": "137", "Block": "J" }, "geometry": { "type": "Polygon", "coordinates": [ [ [ 74.255050016304409, 31.442066811118501 ], [ 74.254972045988708, 31.441899080100239 ], [ 74.254837812259979, 31.44198147218777 ], [ 74.254902667685485, 31.442110338878638 ], [ 74.255050016304409, 31.442066811118501 ] ] ] } },
{ "type": "Feature", "properties": { "Id": null, "__source_file": "Export_Output.shp", "OBJECTID": 0.0, "SHAPE_Leng": 0.0, "SHAPE_Area": 0.0, "Town": null, "UC_N0": null, "Landuse": "V", "KA": null, "Name": null, "Plot_No": "138", "Block": "J" }, "geometry": { "type": "Polygon", "coordinates": [ [ [ 74.254972045988708, 31.441899080100246 ], [ 74.254916973266319, 31.441780606377424 ], [ 74.25477808018978, 31.441862785120389 ], [ 74.254837812259979, 31.44198147218777 ], [ 74.254972045988708, 31.441899080100246 ] ] ] } },
{ "type": "Feature", "properties": { "Id": null, "__source_file": "Export_Output.shp", "OBJECTID": 175479.0, "SHAPE_Leng": 199.374962608, "SHAPE_Area": 2384.8851679300001, "Town": "Allama Iqbal Town", "UC_N0": "UC_120", "Landuse": "V", "KA": null, "Name": null, "Plot_No": "124", "Block": "J" }, "geometry": { "type": "Polygon", "coordinates": [ [ [ 74.254659782845394, 31.442637364458914 ], [ 74.254532835511924, 31.442671644728598 ], [ 74.254610816428837, 31.442837010780814 ], [ 74.254734293010912, 31.442791762877466 ], [ 74.254659782845394, 31.442637364458914 ] ] ] } },
{ "type": "Feature", "properties": { "Id": null, "__source_file": "Export_Output.shp", "OBJECTID": 175479.0, "SHAPE_Leng": 199.374962608, "SHAPE_Area": 2384.8851679300001, "Town": "Allama Iqbal Town", "UC_N0": "UC_120", "Landuse": "V", "KA": null, "Name": null, "Plot_No": "125", "Block": "J" }, "geometry": { "type": "Polygon", "coordinates": [ [ [ 74.254659782845394, 31.442637364458914 ], [ 74.254594128318757, 31.442501316287672 ], [ 74.254477060735695, 31.442553368559825 ], [ 74.254532835511924, 31.442671644728598 ], [ 74.254659782845394, 31.442637364458914 ] ] ] } },
{ "type": "Feature", "properties": { "Id": null, "__source_file": "Export_Output.shp", "OBJECTID": 175479.0, "SHAPE_Leng": 199.374962608, "SHAPE_Area": 2384.8851679300001, "Town": "Allama Iqbal Town", "UC_N0": "UC_120", "Landuse": "V", "KA": null, "Name": null, "Plot_No": "126", "Block": "J" }, "geometry": { "type": "Polygon", "coordinates": [ [ [ 74.254594128318757, 31.442501316287672 ], [ 74.254581834876902, 31.442475842007344 ], [ 74.254555305606942, 31.442420868323278 ], [ 74.25443371613386, 31.44246145164054 ], [ 74.254477060735695, 31.442553368559825 ], [ 74.254594128318757, 31.442501316287672 ] ] ] } },
{ "type": "Feature", "properties": { "Id": null, "__source_file": "Export_Output.shp", "OBJECTID": 175479.0, "SHAPE_Leng": 199.374962608, "SHAPE_Area": 2384.8851679300001, "Town": "Allama Iqbal Town", "UC_N0": "UC_120", "Landuse": "R", "KA": null, "Name": null, "Plot_No": "125A", "Block": "J" }, "geometry": { "type": "Polygon", "coordinates": [ [ [ 74.254555305606942, 31.442420868323278 ], [ 74.254509840433343, 31.442326655692334 ], [ 74.254396050784663, 31.442381578036347 ], [ 74.25443371613386, 31.442461451640536 ], [ 74.254555305606942, 31.442420868323278 ] ] ] } },
{ "type": "Feature", "properties": { "Id": null, "__source_file": "Export_Output.shp", "OBJECTID": 175479.0, "SHAPE_Leng": 199.374962608, "SHAPE_Area": 2384.8851679300001, "Town": "Allama Iqbal Town", "UC_N0": "UC_120", "Landuse": "R", "KA": null, "Name": null, "Plot_No": "127", "Block": "J" }, "geometry": { "type": "Polygon", "coordinates": [ [ [ 74.254509840433343, 31.442326655692334 ], [ 74.254500004486445, 31.442306273681947 ], [ 74.254496540811971, 31.442308993798463 ], [ 74.254397126161905, 31.442114522765646 ], [ 74.254298785507572, 31.442175315423384 ], [ 74.254396050784663, 31.442381578036347 ], [ 74.254509840433343, 31.442326655692334 ] ] ] } },
{ "type": "Feature", "properties": { "Id": null, "__source_file": "Export_Output.shp", "OBJECTID": 175479.0, "SHAPE_Leng": 199.374962608, "SHAPE_Area": 2384.8851679300001, "Town": "Allama Iqbal Town", "UC_N0": "UC_120", "Landuse": "V", "KA": null, "Name": null, "Plot_No": "123", "Block": "J" }, "geometry": { "type": "Polygon", "coordinates": [ [ [ 74.254532835511924, 31.442671644728598 ], [ 74.254365253712606, 31.442716897544109 ], [ 74.254459281622445, 31.442892540487879 ], [ 74.254610816428837, 31.442837010780814 ], [ 74.254532835511924, 31.442671644728598 ] ] ] } },
{ "type": "Feature", "properties": { "Id": null, "__source_file": "Export_Output.shp", "OBJECTID": 175479.0, "SHAPE_Leng": 199.374962608, "SHAPE_Area": 2384.8851679300001, "Town": "Allama Iqbal Town", "UC_N0": "R", "Landuse": null, "KA": null, "Name": null, "Plot_No": "122", "Block": "J" }, "geometry": { "type": "Polygon", "coordinates": [ [ [ 74.254532835511924, 31.442671644728598 ], [ 74.254477060735667, 31.442553368559825 ], [ 74.254316038617603, 31.442624964240441 ], [ 74.254365253712606, 31.442716897544109 ], [ 74.254532835511924, 31.442671644728598 ] ] ] } },
{ "type": "Feature", "properties": { "Id": null, "__source_file": "Export_Output.shp", "OBJECTID": 175479.0, "SHAPE_Leng": 199.374962608, "SHAPE_Area": 2384.8851679300001, "Town": "Allama Iqbal Town", "UC_N0": "UC_120", "Landuse": "R", "KA": null, "Name": null, "Plot_No": "121", "Block": "J" }, "geometry": { "type": "Polygon", "coordinates": [ [ [ 74.254477060735667, 31.442553368559825 ], [ 74.25443371613386, 31.44246145164054 ], [ 74.254259613184274, 31.44251956228922 ], [ 74.254316038617603, 31.442624964240441 ], [ 74.254477060735667, 31.442553368559825 ] ] ] } },
{ "type": "Feature", "properties": { "Id": null, "__source_file": "Export_Output.shp", "OBJECTID": 0.0, "SHAPE_Leng": 0.0, "SHAPE_Area": 0.0, "Town": null, "UC_N0": null, "Landuse": "V", "KA": null, "Name": null, "Plot_No": "116", "Block": "J" }, "geometry": { "type": "Polygon", "coordinates": [ [ [ 74.254281546281732, 31.442752822882884 ], [ 74.254066981005039, 31.442844909054958 ], [ 74.254135305357607, 31.44301002580659 ], [ 74.254280109445446, 31.442958197709558 ], [ 74.254380678376037, 31.442921344483384 ], [ 74.254281546281732, 31.442752822882884 ] ] ] } },
{ "type": "Feature", "properties": { "Id": null, "__source_file": "Export_Output.shp", "OBJECTID": 0.0, "SHAPE_Leng": 0.0, "SHAPE_Area": 0.0, "Town": null, "UC_N0": null, "Landuse": "V", "KA": null, "Name": null, "Plot_No": "117", "Block": "J" }, "geometry": { "type": "Polygon", "coordinates": [ [ [ 74.254281546281732, 31.442752822882891 ], [ 74.254221644222312, 31.442650990436107 ], [ 74.254023274270295, 31.442739284849033 ], [ 74.254066981005039, 31.442844909054958 ], [ 74.254281546281732, 31.442752822882891 ] ] ] } },
{ "type": "Feature", "properties": { "Id": null, "__source_file": "Export_Output.shp", "OBJECTID": 0.0, "SHAPE_Leng": 0.0, "SHAPE_Area": 0.0, "Town": null, "UC_N0": null, "Landuse": "V", "KA": null, "Name": null, "Plot_No": "118", "Block": "J" }, "geometry": { "type": "Polygon", "coordinates": [ [ [ 74.254221644222312, 31.442650990436107 ], [ 74.254174068361294, 31.442570112869426 ], [ 74.253985666915099, 31.442648399947629 ], [ 74.254023274270295, 31.442739284849033 ], [ 74.254221644222312, 31.442650990436107 ] ] ] } },
{ "type": "Feature", "properties": { "Id": null, "__source_file": "Export_Output.shp", "OBJECTID": 0.0, "SHAPE_Leng": 0.0, "SHAPE_Area": 0.0, "Town": null, "UC_N0": null, "Landuse": "V", "KA": null, "Name": null, "Plot_No": "119", "Block": "J" }, "geometry": { "type": "Polygon", "coordinates": [ [ [ 74.254174068361294, 31.442570112869426 ], [ 74.254037020593913, 31.442337133646966 ], [ 74.253979730676818, 31.44237254906551 ], [ 74.253907635092929, 31.442459822667001 ], [ 74.253985666915099, 31.442648399947629 ], [ 74.254174068361294, 31.442570112869426 ] ] ] } },
{ "type": "Feature", "properties": { "Id": null, "__source_file": "Export_Output.shp", "OBJECTID": 175742.0, "SHAPE_Leng": 363.16785076000002, "SHAPE_Area": 7188.6398433599998, "Town": "Allama Iqbal Town", "UC_N0": "UC_120", "Landuse": null, "KA": null, "Name": null, "Plot_No": "29", "Block": "K" }, "geometry": { "type": "Polygon", "coordinates": [ [ [ 74.257626512067034, 31.441935623414548 ], [ 74.257395292394591, 31.442021661252429 ], [ 74.257462567467115, 31.442161523913867 ], [ 74.257694920707607, 31.442074190799438 ], [ 74.257639974127699, 31.441962704666857 ], [ 74.257626512067034, 31.441935623414548 ] ] ] } },
{ "type": "Feature", "properties": { "Id": null, "__source_file": "Export_Output.shp", "OBJECTID": 175742.0, "SHAPE_Leng": 363.16785076000002, "SHAPE_Area": 7188.6398433599998, "Town": "Allama Iqbal Town", "UC_N0": "UC_120", "Landuse": "V", "KA": null, "Name": null, "Plot_No": "28", "Block": "K" }, "geometry": { "type": "Polygon", "coordinates": [ [ [ 74.257395292394591, 31.442021661252429 ], [ 74.257066484694022, 31.442144011017717 ], [ 74.257137231563149, 31.44228380483338 ], [ 74.257462567467115, 31.442161523913867 ], [ 74.257395292394591, 31.442021661252429 ] ] ] } },
{ "type": "Feature", "properties": { "Id": null, "__source_file": "Export_Output.shp", "OBJECTID": 175742.0, "SHAPE_Leng": 363.16785076000002, "SHAPE_Area": 7188.6398433599998, "Town": "Allama Iqbal Town", "UC_N0": "UC_120", "Landuse": "V", "KA": null, "Name": null, "Plot_No": "27", "Block": "K" }, "geometry": { "type": "Polygon", "coordinates": [ [ [ 74.257395292394591, 31.442021661252411 ], [ 74.257339861287377, 31.441906421471963 ], [ 74.25701179057458, 31.442035936675712 ], [ 74.257066484694022, 31.442144011017735 ], [ 74.257395292394591, 31.442021661252411 ] ] ] } },
{ "type": "Feature", "properties": { "Id": null, "__source_file": "Export_Output.shp", "OBJECTID": 175742.0, "SHAPE_Leng": 363.16785076000002, "SHAPE_Area": 7188.6398433599998, "Town": "Allama Iqbal Town", "UC_N0": "UC_120", "Landuse": "V", "KA": null, "Name": null, "Plot_No": "26", "Block": "K" }, "geometry": { "type": "Polygon", "coordinates": [ [ [ 74.257339861287377, 31.441906421471963 ], [ 74.257275456450017, 31.441772525170187 ], [ 74.256939912035264, 31.441893905903001 ], [ 74.25701179057458, 31.442035936675712 ], [ 74.257339861287377, 31.441906421471963 ] ] ] } },
{ "type": "Feature", "properties": { "Id": null, "__source_file": "Export_Output.shp", "OBJECTID": 175742.0, "SHAPE_Leng": 363.16785076000002, "SHAPE_Area": 7188.6398433599998, "Town": "Allama Iqbal Town", "UC_N0": "UC_120", "Landuse": "V", "KA": null, "Name": null, "Plot_No": "24", "Block": "K" }, "geometry": { "type": "Polygon", "coordinates": [ [ [ 74.257211290428046, 31.44163912495663 ], [ 74.257151976758593, 31.441515812353863 ], [ 74.256815551026264, 31.441648169572304 ], [ 74.25686701354897, 31.441749859261272 ], [ 74.257211290428046, 31.44163912495663 ] ] ] } },
{ "type": "Feature", "properties": { "Id": null, "__source_file": "Export_Output.shp", "OBJECTID": 175742.0, "SHAPE_Leng": 363.16785076000002, "SHAPE_Area": 7188.6398433599998, "Town": "Allama Iqbal Town", "UC_N0": "UC_120", "Landuse": "V", "KA": null, "Name": null, "Plot_No": "23", "Block": "K" }, "geometry": { "type": "Polygon", "coordinates": [ [ [ 74.257151976758593, 31.441515812353863 ], [ 74.257089803148517, 31.441386553589691 ], [ 74.256745719235994, 31.441510181923803 ], [ 74.256815551026264, 31.441648169572304 ], [ 74.257151976758593, 31.441515812353863 ] ] ] } },
{ "type": "Feature", "properties": { "Id": null, "__source_file": "Export_Output.shp", "OBJECTID": 175742.0, "SHAPE_Leng": 363.16785076000002, "SHAPE_Area": 7188.6398433599998, "Town": "Allama Iqbal Town", "UC_N0": "UC_120", "Landuse": "V", "KA": null, "Name": null, "Plot_No": "22", "Block": "K" }, "geometry": { "type": "Polygon", "coordinates": [ [ [ 74.257089803148517, 31.441386553589691 ], [ 74.257030965179325, 31.441264229265126 ], [ 74.256682565474449, 31.441385389688133 ], [ 74.256745719235994, 31.441510181923803 ], [ 74.257089803148517, 31.441386553589691 ] ] ] } },
{ "type": "Feature", "properties": { "Id": null, "__source_file": "Export_Output.shp", "OBJECTID": 175742.0, "SHAPE_Leng": 363.16785076000002, "SHAPE_Area": 7188.6398433599998, "Town": "Allama Iqbal Town", "UC_N0": "UC_120", "Landuse": "V", "KA": null, "Name": null, "Plot_No": "21", "Block": "K" }, "geometry": { "type": "Polygon", "coordinates": [ [ [ 74.257030965179325, 31.441264229265126 ], [ 74.25696820412368, 31.441133748457762 ], [ 74.25661899805101, 31.441259779694285 ], [ 74.256682565474449, 31.441385389688133 ], [ 74.257030965179325, 31.441264229265126 ] ] ] } },
{ "type": "Feature", "properties": { "Id": null, "__source_file": "Export_Output.shp", "OBJECTID": 175742.0, "SHAPE_Leng": 363.16785076000002, "SHAPE_Area": 7188.6398433599998, "Town": "Allama Iqbal Town", "UC_N0": "UC_120", "Landuse": "C", "KA": null, "Name": null, "Plot_No": "36", "Block": "K" }, "geometry": { "type": "Polygon", "coordinates": [ [ [ 74.257254177143054, 31.441186603801953 ], [ 74.25718839899649, 31.441054277716223 ], [ 74.25696820412368, 31.441133748457762 ], [ 74.257030965179325, 31.441264229265126 ], [ 74.257254177143054, 31.441186603801953 ] ] ] } },
{ "type": "Feature", "properties": { "Id": null, "__source_file": "Export_Output.shp", "OBJECTID": 175742.0, "SHAPE_Leng": 363.16785076000002, "SHAPE_Area": 7188.6398433599998, "Town": "Allama Iqbal Town", "UC_N0": "UC_120", "Landuse": "V", "KA": null, "Name": null, "Plot_No": "35", "Block": "K" }, "geometry": { "type": "Polygon", "coordinates": [ [ [ 74.257313599483425, 31.441306143551131 ], [ 74.257254177143054, 31.441186603801953 ], [ 74.257030965179325, 31.441264229265126 ], [ 74.257089803148517, 31.441386553589691 ], [ 74.257313599483425, 31.441306143551131 ] ] ] } },
{ "type": "Feature", "properties": { "Id": null, "__source_file": "Export_Output.shp", "OBJECTID": 175742.0, "SHAPE_Leng": 363.16785076000002, "SHAPE_Area": 7188.6398433599998, "Town": "Allama Iqbal Town", "UC_N0": "UC_120", "Landuse": "V", "KA": null, "Name": null, "Plot_No": "34", "Block": "K" }, "geometry": { "type": "Polygon", "coordinates": [ [ [ 74.257374337661545, 31.441428330030703 ], [ 74.257313599483425, 31.441306143551131 ], [ 74.257089803148517, 31.441386553589691 ], [ 74.257151976758593, 31.441515812353863 ], [ 74.257374337661545, 31.441428330030703 ] ] ] } },
{ "type": "Feature", "properties": { "Id": null, "__source_file": "Export_Output.shp", "OBJECTID": 175742.0, "SHAPE_Leng": 363.16785076000002, "SHAPE_Area": 7188.6398433599998, "Town": "Allama Iqbal Town", "UC_N0": "UC_120", "Landuse": "V", "KA": null, "Name": null, "Plot_No": "32", "Block": "K" }, "geometry": { "type": "Polygon", "coordinates": [ [ [ 74.257504286929432, 31.441689746731942 ], [ 74.257442202606114, 31.441564852963673 ], [ 74.257211290428046, 31.44163912495663 ], [ 74.257275456450017, 31.441772525170187 ], [ 74.257504286929432, 31.441689746731942 ] ] ] } },
{ "type": "Feature", "properties": { "Id": null, "__source_file": "Export_Output.shp", "OBJECTID": 175742.0, "SHAPE_Leng": 363.16785076000002, "SHAPE_Area": 7188.6398433599998, "Town": "Allama Iqbal Town", "UC_N0": "UC_120", "Landuse": "V", "KA": null, "Name": null, "Plot_No": "33", "Block": "K" }, "geometry": { "type": "Polygon", "coordinates": [ [ [ 74.257442202606114, 31.441564852963673 ], [ 74.257374337661545, 31.441428330030703 ], [ 74.257151976758593, 31.441515812353863 ], [ 74.257211290428046, 31.44163912495663 ], [ 74.257442202606114, 31.441564852963673 ] ] ] } },
{ "type": "Feature", "properties": { "Id": null, "__source_file": "Export_Output.shp", "OBJECTID": 175742.0, "SHAPE_Leng": 363.16785076000002, "SHAPE_Area": 7188.6398433599998, "Town": "Allama Iqbal Town", "UC_N0": "UC_120", "Landuse": "V", "KA": null, "Name": null, "Plot_No": "31", "Block": "K" }, "geometry": { "type": "Polygon", "coordinates": [ [ [ 74.257567351699464, 31.441816612481013 ], [ 74.257504286929432, 31.441689746731942 ], [ 74.257275456450017, 31.441772525170187 ], [ 74.257339861287377, 31.441906421471963 ], [ 74.257567351699464, 31.441816612481013 ] ] ] } },
{ "type": "Feature", "properties": { "Id": null, "__source_file": "Export_Output.shp", "OBJECTID": 175742.0, "SHAPE_Leng": 363.16785076000002, "SHAPE_Area": 7188.6398433599998, "Town": "Allama Iqbal Town", "UC_N0": "UC_120", "Landuse": "V", "KA": null, "Name": null, "Plot_No": "30", "Block": "K" }, "geometry": { "type": "Polygon", "coordinates": [ [ [ 74.257626512067034, 31.441935623414548 ], [ 74.257567351699464, 31.441816612481013 ], [ 74.257339861287377, 31.441906421471963 ], [ 74.257395292394591, 31.442021661252411 ], [ 74.257626512067034, 31.441935623414548 ] ] ] } },
{ "type": "Feature", "properties": { "Id": null, "__source_file": "Export_Output.shp", "OBJECTID": 175364.0, "SHAPE_Leng": 372.26662328499998, "SHAPE_Area": 5329.7014163800004, "Town": "Allama Iqbal Town", "UC_N0": "UC_120", "Landuse": "V", "KA": null, "Name": null, "Plot_No": "7", "Block": "K" }, "geometry": { "type": "Polygon", "coordinates": [ [ [ 74.256378941410389, 31.442559677808639 ], [ 74.256288955269952, 31.442326679053725 ], [ 74.25602974381907, 31.442430858566908 ], [ 74.256138670882663, 31.442647089250752 ], [ 74.256378941410389, 31.442559677808639 ] ] ] } },
{ "type": "Feature", "properties": { "Id": null, "__source_file": "Export_Output.shp", "OBJECTID": 175364.0, "SHAPE_Leng": 372.26662328499998, "SHAPE_Area": 5329.7014163800004, "Town": "Allama Iqbal Town", "UC_N0": "UC_120", "Landuse": "R", "KA": null, "Name": null, "Plot_No": "8", "Block": "K" }, "geometry": { "type": "Polygon", "coordinates": [ [ [ 74.256535629623002, 31.442502673635939 ], [ 74.256417963633595, 31.442274829098348 ], [ 74.256288955269952, 31.442326679053725 ], [ 74.256378941410389, 31.442559677808639 ], [ 74.256535629623002, 31.442502673635939 ] ] ] } },
{ "type": "Feature", "properties": { "Id": null, "__source_file": "Export_Output.shp", "OBJECTID": 175364.0, "SHAPE_Leng": 372.26662328499998, "SHAPE_Area": 5329.7014163800004, "Town": "Allama Iqbal Town", "UC_N0": "UC_120", "Landuse": "V", "KA": null, "Name": null, "Plot_No": "9", "Block": "K" }, "geometry": { "type": "Polygon", "coordinates": [ [ [ 74.256678656447377, 31.44245063933403 ], [ 74.256559725490732, 31.442217853148531 ], [ 74.256417963633595, 31.442274829098348 ], [ 74.256535629623002, 31.442502673635939 ], [ 74.256678656447377, 31.44245063933403 ] ] ] } },
{ "type": "Feature", "properties": { "Id": null, "__source_file": "Export_Output.shp", "OBJECTID": 175364.0, "SHAPE_Leng": 372.26662328499998, "SHAPE_Area": 5329.7014163800004, "Town": "Allama Iqbal Town", "UC_N0": "UC_120", "Landuse": "V", "KA": null, "Name": null, "Plot_No": "10", "Block": "K" }, "geometry": { "type": "Polygon", "coordinates": [ [ [ 74.256810970127461, 31.442402502364551 ], [ 74.256697523037275, 31.442162470288611 ], [ 74.256559725490732, 31.442217853148456 ], [ 74.256678656447377, 31.44245063933403 ], [ 74.256810970127461, 31.442402502364551 ] ] ] } },
{ "type": "Feature", "properties": { "Id": null, "__source_file": "Export_Output.shp", "OBJECTID": 175364.0, "SHAPE_Leng": 372.26662328499998, "SHAPE_Area": 5329.7014163800004, "Town": "Allama Iqbal Town", "UC_N0": "UC_120", "Landuse": "C", "KA": null, "Name": "Usman Estate Agency", "Plot_No": "11", "Block": "K" }, "geometry": { "type": "Polygon", "coordinates": [ [ [ 74.256942733698679, 31.442354565177354 ], [ 74.256826566280324, 31.442110605716728 ], [ 74.256697523037275, 31.442162470288611 ], [ 74.256810970127461, 31.442402502364551 ], [ 74.256942733698679, 31.442354565177354 ] ] ] } },
{ "type": "Feature", "properties": { "Id": null, "__source_file": "Export_Output.shp", "OBJECTID": 175364.0, "SHAPE_Leng": 372.26662328499998, "SHAPE_Area": 5329.7014163800004, "Town": "Allama Iqbal Town", "UC_N0": "UC_120", "Landuse": "V", "KA": null, "Name": null, "Plot_No": "12", "Block": "K" }, "geometry": { "type": "Polygon", "coordinates": [ [ [ 74.256826566280324, 31.442110605716717 ], [ 74.256942733698679, 31.442354565177354 ], [ 74.257083929059974, 31.442303196728332 ], [ 74.256960980180793, 31.442056582389576 ], [ 74.256826566280324, 31.442110605716717 ] ] ] } },
{ "type": "Feature", "properties": { "Id": null, "__source_file": "Export_Output.shp", "OBJECTID": 175364.0, "SHAPE_Leng": 372.26662328499998, "SHAPE_Area": 5329.7014163800004, "Town": "Allama Iqbal Town", "UC_N0": "UC_120", "Landuse": "R", "KA": null, "Name": null, "Plot_No": "16B", "Block": "K" }, "geometry": { "type": "Polygon", "coordinates": [ [ [ 74.256288955269952, 31.442326679053725 ], [ 74.256179494433411, 31.442043253375118 ], [ 74.255886264532791, 31.442146036772176 ], [ 74.25602974381907, 31.442430858566908 ], [ 74.256288955269952, 31.442326679053725 ] ] ] } },
{ "type": "Feature", "properties": { "Id": null, "__source_file": "Export_Output.shp", "OBJECTID": 175364.0, "SHAPE_Leng": 372.26662328499998, "SHAPE_Area": 5329.7014163800004, "Town": "Allama Iqbal Town", "UC_N0": "UC_120", "Landuse": "V", "KA": null, "Name": null, "Plot_No": "16A", "Block": "K" }, "geometry": { "type": "Polygon", "coordinates": [ [ [ 74.256417963633595, 31.442274829098348 ], [ 74.256280150616604, 31.442007971006337 ], [ 74.256179494433411, 31.442043253375118 ], [ 74.256288955269952, 31.442326679053725 ], [ 74.256417963633595, 31.442274829098348 ] ] ] } },
{ "type": "Feature", "properties": { "Id": null, "__source_file": "Export_Output.shp", "OBJECTID": 175364.0, "SHAPE_Leng": 372.26662328499998, "SHAPE_Area": 5329.7014163800004, "Town": "Allama Iqbal Town", "UC_N0": "UC_120", "Landuse": "R", "KA": null, "Name": null, "Plot_No": "16", "Block": "K" }, "geometry": { "type": "Polygon", "coordinates": [ [ [ 74.256559725490732, 31.442217853148531 ], [ 74.256426320348311, 31.441956734842673 ], [ 74.256338426580697, 31.441987543856293 ], [ 74.256280150616604, 31.442007971006337 ], [ 74.256417963633595, 31.442274829098348 ], [ 74.256559725490732, 31.442217853148531 ] ] ] } },
{ "type": "Feature", "properties": { "Id": null, "__source_file": "Export_Output.shp", "OBJECTID": 175364.0, "SHAPE_Leng": 372.26662328499998, "SHAPE_Area": 5329.7014163800004, "Town": "Allama Iqbal Town", "UC_N0": "UC_120", "Landuse": "R", "KA": null, "Name": null, "Plot_No": "15", "Block": "K" }, "geometry": { "type": "Polygon", "coordinates": [ [ [ 74.256697523037317, 31.442162470288611 ], [ 74.256575561496263, 31.441904421831936 ], [ 74.256514959574218, 31.441925664444643 ], [ 74.256426320348311, 31.441956734842673 ], [ 74.256559725490732, 31.442217853148531 ], [ 74.256697523037317, 31.442162470288611 ] ] ] } },
{ "type": "Feature", "properties": { "Id": null, "__source_file": "Export_Output.shp", "OBJECTID": 175364.0, "SHAPE_Leng": 372.26662328499998, "SHAPE_Area": 5329.7014163800004, "Town": "Allama Iqbal Town", "UC_N0": "UC_120", "Landuse": "R", "KA": null, "Name": null, "Plot_No": "14", "Block": "K" }, "geometry": { "type": "Polygon", "coordinates": [ [ [ 74.256826566280353, 31.442110605716717 ], [ 74.256706527446866, 31.441858514592436 ], [ 74.256575561496263, 31.441904421831936 ], [ 74.256697523037317, 31.442162470288611 ], [ 74.256826566280353, 31.442110605716717 ] ] ] } },
{ "type": "Feature", "properties": { "Id": null, "__source_file": "Export_Output.shp", "OBJECTID": 175364.0, "SHAPE_Leng": 372.26662328499998, "SHAPE_Area": 5329.7014163800004, "Town": "Allama Iqbal Town", "UC_N0": "UC_120", "Landuse": "R", "KA": null, "Name": null, "Plot_No": "13", "Block": "K" }, "geometry": { "type": "Polygon", "coordinates": [ [ [ 74.256706527446866, 31.441858514592436 ], [ 74.256826566280353, 31.442110605716717 ], [ 74.256960980180793, 31.442056582389576 ], [ 74.256839071864675, 31.441812053872464 ], [ 74.256706527446866, 31.441858514592436 ] ] ] } },
{ "type": "Feature", "properties": { "Id": null, "__source_file": "Export_Output.shp", "OBJECTID": 175995.0, "SHAPE_Leng": 314.24977866199998, "SHAPE_Area": 5253.4897198, "Town": "Allama Iqbal Town", "UC_N0": "UC_120", "Landuse": null, "KA": null, "Name": null, "Plot_No": "17", "Block": "K" }, "geometry": { "type": "Polygon", "coordinates": [ [ [ 74.256401334456044, 31.441912727438282 ], [ 74.256293011731159, 31.441674533542436 ], [ 74.256151511936295, 31.441725903392658 ], [ 74.256257245264862, 31.441963617429096 ], [ 74.256401334456044, 31.441912727438282 ] ] ] } },
{ "type": "Feature", "properties": { "Id": null, "__source_file": "Export_Output.shp", "OBJECTID": 175995.0, "SHAPE_Leng": 314.24977866199998, "SHAPE_Area": 5253.4897198, "Town": "Allama Iqbal Town", "UC_N0": "UC_120", "Landuse": "R", "KA": null, "Name": null, "Plot_No": "17B", "Block": "K" }, "geometry": { "type": "Polygon", "coordinates": [ [ [ 74.256113302911473, 31.44201445508185 ], [ 74.256007368872247, 31.44177823263071 ], [ 74.255748351953613, 31.441872264747943 ], [ 74.255864283980273, 31.442102402879367 ], [ 74.256025349708153, 31.44204551834315 ], [ 74.256113302911473, 31.44201445508185 ] ] ] } },
{ "type": "Feature", "properties": { "Id": null, "__source_file": "Export_Output.shp", "OBJECTID": 175995.0, "SHAPE_Leng": 314.24977866199998, "SHAPE_Area": 5253.4897198, "Town": "Allama Iqbal Town", "UC_N0": "UC_120", "Landuse": "V", "KA": null, "Name": null, "Plot_No": "17A", "Block": "K" }, "geometry": { "type": "Polygon", "coordinates": [ [ [ 74.256257245264862, 31.441963617429096 ], [ 74.256151511936295, 31.441725903392658 ], [ 74.256007368872247, 31.441778232630725 ], [ 74.256113302911473, 31.442014455081864 ], [ 74.256257245264862, 31.441963617429096 ] ] ] } },
{ "type": "Feature", "properties": { "Id": null, "__source_file": "Export_Output.shp", "OBJECTID": 175995.0, "SHAPE_Leng": 314.24977866199998, "SHAPE_Area": 5253.4897198, "Town": "Allama Iqbal Town", "UC_N0": "UC_120", "Landuse": "V", "KA": null, "Name": null, "Plot_No": "18", "Block": "K" }, "geometry": { "type": "Polygon", "coordinates": [ [ [ 74.256554002933925, 31.441858807675505 ], [ 74.256439200073899, 31.441621461344656 ], [ 74.256293011731159, 31.441674533542436 ], [ 74.256401334456044, 31.441912727438282 ], [ 74.256554002933925, 31.441858807675505 ] ] ] } },
{ "type": "Feature", "properties": { "Id": null, "__source_file": "Export_Output.shp", "OBJECTID": 175995.0, "SHAPE_Leng": 314.24977866199998, "SHAPE_Area": 5253.4897198, "Town": "Allama Iqbal Town", "UC_N0": "UC_120", "Landuse": "V", "KA": null, "Name": null, "Plot_No": "19", "Block": "K" }, "geometry": { "type": "Polygon", "coordinates": [ [ [ 74.256684688727262, 31.441812651385003 ], [ 74.25657477745834, 31.441572241143508 ], [ 74.256439200073899, 31.441621461344656 ], [ 74.256554002933925, 31.441858807675505 ], [ 74.256684688727262, 31.441812651385003 ] ] ] } },
{ "type": "Feature", "properties": { "Id": null, "__source_file": "Export_Output.shp", "OBJECTID": 175995.0, "SHAPE_Leng": 314.24977866199998, "SHAPE_Area": 5253.4897198, "Town": "Allama Iqbal Town", "UC_N0": "UC_120", "Landuse": "V", "KA": null, "Name": null, "Plot_No": "20", "Block": "K" }, "geometry": { "type": "Polygon", "coordinates": [ [ [ 74.25657477745834, 31.441572241143508 ], [ 74.256684688727262, 31.441812651385003 ], [ 74.256816211881073, 31.441766199169301 ], [ 74.25669733449341, 31.441527747698736 ], [ 74.25657477745834, 31.441572241143508 ] ] ] } },
{ "type": "Feature", "properties": { "Id": null, "__source_file": "Export_Output.shp", "OBJECTID": 175995.0, "SHAPE_Leng": 314.24977866199998, "SHAPE_Area": 5253.4897198, "Town": "Allama Iqbal Town", "UC_N0": "UC_120", "Landuse": "V", "KA": null, "Name": null, "Plot_No": "65", "Block": "K" }, "geometry": { "type": "Polygon", "coordinates": [ [ [ 74.256458421402428, 31.441317732727391 ], [ 74.25657477745834, 31.441572241143465 ], [ 74.25669733449341, 31.441527747698736 ], [ 74.256572168574067, 31.441276680908928 ], [ 74.256458421402428, 31.441317732727391 ] ] ] } },
{ "type": "Feature", "properties": { "Id": null, "__source_file": "Export_Output.shp", "OBJECTID": 175995.0, "SHAPE_Leng": 314.24977866199998, "SHAPE_Area": 5253.4897198, "Town": "Allama Iqbal Town", "UC_N0": "UC_120", "Landuse": "V", "KA": null, "Name": null, "Plot_No": "66", "Block": "K" }, "geometry": { "type": "Polygon", "coordinates": [ [ [ 74.25657477745834, 31.441572241143465 ], [ 74.256458421402428, 31.441317732727391 ], [ 74.256316979906245, 31.441368778874807 ], [ 74.256439200073899, 31.441621461344656 ], [ 74.25657477745834, 31.441572241143465 ] ] ] } },
{ "type": "Feature", "properties": { "Id": null, "__source_file": "Export_Output.shp", "OBJECTID": 175995.0, "SHAPE_Leng": 314.24977866199998, "SHAPE_Area": 5253.4897198, "Town": "Allama Iqbal Town", "UC_N0": "UC_120", "Landuse": "V", "KA": null, "Name": null, "Plot_No": "67", "Block": "K" }, "geometry": { "type": "Polygon", "coordinates": [ [ [ 74.256439200073899, 31.441621461344656 ], [ 74.256316979906245, 31.441368778874807 ], [ 74.256176948291596, 31.441419316928691 ], [ 74.256293011731159, 31.441674533542436 ], [ 74.256439200073899, 31.441621461344656 ] ] ] } },
{ "type": "Feature", "properties": { "Id": null, "__source_file": "Export_Output.shp", "OBJECTID": 175995.0, "SHAPE_Leng": 314.24977866199998, "SHAPE_Area": 5253.4897198, "Town": "Allama Iqbal Town", "UC_N0": "UC_120", "Landuse": "V", "KA": null, "Name": null, "Plot_No": "68", "Block": "K" }, "geometry": { "type": "Polygon", "coordinates": [ [ [ 74.256293011731159, 31.441674533542436 ], [ 74.256176948291596, 31.441419316928691 ], [ 74.25603752611832, 31.441469634353354 ], [ 74.256151511936309, 31.44172590339269 ], [ 74.256293011731159, 31.441674533542436 ] ] ] } },
{ "type": "Feature", "properties": { "Id": null, "__source_file": "Export_Output.shp", "OBJECTID": 175995.0, "SHAPE_Leng": 314.24977866199998, "SHAPE_Area": 5253.4897198, "Town": "Allama Iqbal Town", "UC_N0": "UC_120", "Landuse": "V", "KA": null, "Name": null, "Plot_No": "69", "Block": "K" }, "geometry": { "type": "Polygon", "coordinates": [ [ [ 74.256151511936309, 31.44172590339269 ], [ 74.25603752611832, 31.441469634353354 ], [ 74.255892457174966, 31.441521989475763 ], [ 74.256007368872247, 31.44177823263076 ], [ 74.256151511936309, 31.44172590339269 ] ] ] } },
{ "type": "Feature", "properties": { "Id": null, "__source_file": "Export_Output.shp", "OBJECTID": 174813.0, "SHAPE_Leng": 338.209098316, "SHAPE_Area": 5337.8554069399997, "Town": "Allama Iqbal Town", "UC_N0": "UC_120", "Landuse": null, "KA": null, "Name": null, "Plot_No": "75", "Block": "J" }, "geometry": { "type": "Polygon", "coordinates": [ [ [ 74.255241814314118, 31.442669050725346 ], [ 74.255339433043048, 31.442844503638476 ], [ 74.255418827485101, 31.442816388315627 ], [ 74.255329737358863, 31.442637182755504 ], [ 74.255241814314118, 31.442669050725346 ] ] ] } },
{ "type": "Feature", "properties": { "Id": null, "__source_file": "Export_Output.shp", "OBJECTID": 174813.0, "SHAPE_Leng": 338.209098316, "SHAPE_Area": 5337.8554069399997, "Town": "Allama Iqbal Town", "UC_N0": "UC_120", "Landuse": "V", "KA": null, "Name": null, "Plot_No": "64", "Block": "J" }, "geometry": { "type": "Polygon", "coordinates": [ [ [ 74.254501165488705, 31.443352513110181 ], [ 74.254398051023912, 31.443177862698132 ], [ 74.254182476845131, 31.443254199790367 ], [ 74.254273061822573, 31.443437360059736 ], [ 74.254501165488705, 31.443352513110181 ] ] ] } },
{ "type": "Feature", "properties": { "Id": null, "__source_file": "Export_Output.shp", "OBJECTID": 174813.0, "SHAPE_Leng": 338.209098316, "SHAPE_Area": 5337.8554069399997, "Town": "Allama Iqbal Town", "UC_N0": "UC_120", "Landuse": "V", "KA": null, "Name": null, "Plot_No": "65", "Block": "J" }, "geometry": { "type": "Polygon", "coordinates": [ [ [ 74.254598898207576, 31.4433161588323 ], [ 74.254502095674752, 31.443141019213478 ], [ 74.254398051023912, 31.443177862698146 ], [ 74.254501165488705, 31.443352513110181 ], [ 74.254598898207576, 31.4433161588323 ] ] ] } },
{ "type": "Feature", "properties": { "Id": null, "__source_file": "Export_Output.shp", "OBJECTID": 174813.0, "SHAPE_Leng": 338.209098316, "SHAPE_Area": 5337.8554069399997, "Town": "Allama Iqbal Town", "UC_N0": "UC_120", "Landuse": "V", "KA": null, "Name": null, "Plot_No": "66", "Block": "J" }, "geometry": { "type": "Polygon", "coordinates": [ [ [ 74.254705359176441, 31.443276559395962 ], [ 74.254616148806363, 31.443100631471946 ], [ 74.254502095674752, 31.443141019213478 ], [ 74.254598898207576, 31.4433161588323 ], [ 74.254705359176441, 31.443276559395962 ] ] ] } },
{ "type": "Feature", "properties": { "Id": null, "__source_file": "Export_Output.shp", "OBJECTID": 174813.0, "SHAPE_Leng": 338.209098316, "SHAPE_Area": 5337.8554069399997, "Town": "Allama Iqbal Town", "UC_N0": "UC_120", "Landuse": "V", "KA": null, "Name": null, "Plot_No": "67", "Block": "J" }, "geometry": { "type": "Polygon", "coordinates": [ [ [ 74.254796391846469, 31.443242697922489 ], [ 74.25471533835028, 31.443065507014193 ], [ 74.254616148806363, 31.443100631471946 ], [ 74.254705359176441, 31.443276559395962 ], [ 74.254796391846469, 31.443242697922489 ] ] ] } },
{ "type": "Feature", "properties": { "Id": null, "__source_file": "Export_Output.shp", "OBJECTID": 174813.0, "SHAPE_Leng": 338.209098316, "SHAPE_Area": 5337.8554069399997, "Town": "Allama Iqbal Town", "UC_N0": "UC_120", "Landuse": "R", "KA": null, "Name": null, "Plot_No": "68", "Block": "J" }, "geometry": { "type": "Polygon", "coordinates": [ [ [ 74.254902793355143, 31.443203119579561 ], [ 74.254820464762304, 31.443028280111786 ], [ 74.25471533835028, 31.443065507014193 ], [ 74.254796391846469, 31.443242697922489 ], [ 74.254902793355143, 31.443203119579561 ] ] ] } },
{ "type": "Feature", "properties": { "Id": null, "__source_file": "Export_Output.shp", "OBJECTID": 174813.0, "SHAPE_Leng": 338.209098316, "SHAPE_Area": 5337.8554069399997, "Town": "Allama Iqbal Town", "UC_N0": "UC_120", "Landuse": "R", "KA": null, "Name": null, "Plot_No": "69", "Block": "J" }, "geometry": { "type": "Polygon", "coordinates": [ [ [ 74.255011893377301, 31.443162537338708 ], [ 74.254934552030932, 31.442987879898336 ], [ 74.254820464762304, 31.443028280111786 ], [ 74.254902793355143, 31.443203119579561 ], [ 74.255011893377301, 31.443162537338708 ] ] ] } },
{ "type": "Feature", "properties": { "Id": null, "__source_file": "Export_Output.shp", "OBJECTID": 174813.0, "SHAPE_Leng": 338.209098316, "SHAPE_Area": 5337.8554069399997, "Town": "Allama Iqbal Town", "UC_N0": "UC_120", "Landuse": "V", "KA": null, "Name": null, "Plot_No": "70", "Block": "J" }, "geometry": { "type": "Polygon", "coordinates": [ [ [ 74.255106935581381, 31.443127184118687 ], [ 74.255023452667913, 31.442956398597882 ], [ 74.254934552030932, 31.442987879898336 ], [ 74.255011893377301, 31.443162537338708 ], [ 74.255106935581381, 31.443127184118687 ] ] ] } },
{ "type": "Feature", "properties": { "Id": null, "__source_file": "Export_Output.shp", "OBJECTID": 174813.0, "SHAPE_Leng": 338.209098316, "SHAPE_Area": 5337.8554069399997, "Town": "Allama Iqbal Town", "UC_N0": "UC_120", "Landuse": "V", "KA": null, "Name": null, "Plot_No": "71", "Block": "J" }, "geometry": { "type": "Polygon", "coordinates": [ [ [ 74.255221826275474, 31.443084447647522 ], [ 74.255142699898897, 31.442914170896444 ], [ 74.255023452667913, 31.442956398597882 ], [ 74.255106935581381, 31.443127184118687 ], [ 74.255221826275474, 31.443084447647522 ] ] ] } },
{ "type": "Feature", "properties": { "Id": null, "__source_file": "Export_Output.shp", "OBJECTID": 174813.0, "SHAPE_Leng": 338.209098316, "SHAPE_Area": 5337.8554069399997, "Town": "Allama Iqbal Town", "UC_N0": "UC_120", "Landuse": "R", "KA": null, "Name": null, "Plot_No": "72", "Block": "J" }, "geometry": { "type": "Polygon", "coordinates": [ [ [ 74.255319761306708, 31.443048018146872 ], [ 74.255236743635876, 31.44288086812336 ], [ 74.255142699898897, 31.442914170896444 ], [ 74.255221826275474, 31.443084447647522 ], [ 74.255319761306708, 31.443048018146872 ] ] ] } },
{ "type": "Feature", "properties": { "Id": null, "__source_file": "Export_Output.shp", "OBJECTID": 174813.0, "SHAPE_Leng": 338.209098316, "SHAPE_Area": 5337.8554069399997, "Town": "Allama Iqbal Town", "UC_N0": "UC_120", "Landuse": "V", "KA": null, "Name": null, "Plot_No": "73", "Block": "J" }, "geometry": { "type": "Polygon", "coordinates": [ [ [ 74.255429875670529, 31.443007058100171 ], [ 74.255339433043048, 31.442844503638433 ], [ 74.255236743635876, 31.44288086812336 ], [ 74.255319761306708, 31.443048018146872 ], [ 74.255429875670529, 31.443007058100171 ] ] ] } },
{ "type": "Feature", "properties": { "Id": null, "__source_file": "Export_Output.shp", "OBJECTID": 174813.0, "SHAPE_Leng": 338.209098316, "SHAPE_Area": 5337.8554069399997, "Town": "Allama Iqbal Town", "UC_N0": "UC_120", "Landuse": "V", "KA": null, "Name": null, "Plot_No": "74", "Block": "J" }, "geometry": { "type": "Polygon", "coordinates": [ [ [ 74.255339433043048, 31.442844503638433 ], [ 74.255429875670529, 31.443007058100171 ], [ 74.255500548139082, 31.442980769474921 ], [ 74.255418827485101, 31.442816388315627 ], [ 74.255339433043048, 31.442844503638433 ] ] ] } },
{ "type": "Feature", "properties": { "Id": null, "__source_file": "Export_Output.shp", "OBJECTID": 174813.0, "SHAPE_Leng": 338.209098316, "SHAPE_Area": 5337.8554069399997, "Town": "Allama Iqbal Town", "UC_N0": "UC_120", "Landuse": "V", "KA": null, "Name": null, "Plot_No": "84", "Block": "J" }, "geometry": { "type": "Polygon", "coordinates": [ [ [ 74.254502095674752, 31.443141019213478 ], [ 74.254408225061241, 31.442971183531526 ], [ 74.254299329403395, 31.443010652002791 ], [ 74.254398051023912, 31.443177862698146 ], [ 74.254502095674752, 31.443141019213478 ] ] ] } },
{ "type": "Feature", "properties": { "Id": null, "__source_file": "Export_Output.shp", "OBJECTID": 174813.0, "SHAPE_Leng": 338.209098316, "SHAPE_Area": 5337.8554069399997, "Town": "Allama Iqbal Town", "UC_N0": "UC_120", "Landuse": "V", "KA": null, "Name": null, "Plot_No": "83", "Block": "J" }, "geometry": { "type": "Polygon", "coordinates": [ [ [ 74.254616148806363, 31.443100631471946 ], [ 74.254528417850622, 31.44292762034663 ], [ 74.254408225061241, 31.442971183531526 ], [ 74.254502095674752, 31.443141019213478 ], [ 74.254616148806363, 31.443100631471946 ] ] ] } },
{ "type": "Feature", "properties": { "Id": null, "__source_file": "Export_Output.shp", "OBJECTID": 174813.0, "SHAPE_Leng": 338.209098316, "SHAPE_Area": 5337.8554069399997, "Town": "Allama Iqbal Town", "UC_N0": "UC_120", "Landuse": "V", "KA": null, "Name": null, "Plot_No": "82", "Block": "J" }, "geometry": { "type": "Polygon", "coordinates": [ [ [ 74.25471533835028, 31.443065507014193 ], [ 74.254634651309189, 31.442889116512301 ], [ 74.254528417850622, 31.44292762034663 ], [ 74.254616148806363, 31.443100631471946 ], [ 74.25471533835028, 31.443065507014193 ] ] ] } },
{ "type": "Feature", "properties": { "Id": null, "__source_file": "Export_Output.shp", "OBJECTID": 174813.0, "SHAPE_Leng": 338.209098316, "SHAPE_Area": 5337.8554069399997, "Town": "Allama Iqbal Town", "UC_N0": "UC_120", "Landuse": "R", "KA": null, "Name": null, "Plot_No": "81", "Block": "J" }, "geometry": { "type": "Polygon", "coordinates": [ [ [ 74.254820464762304, 31.443028280111825 ], [ 74.254737399615436, 31.442851875740864 ], [ 74.254634651309189, 31.442889116512301 ], [ 74.25471533835028, 31.443065507014193 ], [ 74.254820464762304, 31.443028280111825 ] ] ] } },
{ "type": "Feature", "properties": { "Id": null, "__source_file": "Export_Output.shp", "OBJECTID": 174813.0, "SHAPE_Leng": 338.209098316, "SHAPE_Area": 5337.8554069399997, "Town": "Allama Iqbal Town", "UC_N0": "UC_120", "Landuse": "R", "KA": null, "Name": null, "Plot_No": "80", "Block": "J" }, "geometry": { "type": "Polygon", "coordinates": [ [ [ 74.254934552030917, 31.442987879898336 ], [ 74.254855390088409, 31.4428091103591 ], [ 74.254737399615436, 31.442851875740864 ], [ 74.254820464762304, 31.443028280111825 ], [ 74.254934552030917, 31.442987879898336 ] ] ] } },
{ "type": "Feature", "properties": { "Id": null, "__source_file": "Export_Output.shp", "OBJECTID": 174813.0, "SHAPE_Leng": 338.209098316, "SHAPE_Area": 5337.8554069399997, "Town": "Allama Iqbal Town", "UC_N0": "UC_120", "Landuse": "V", "KA": null, "Name": null, "Plot_No": "79", "Block": "J" }, "geometry": { "type": "Polygon", "coordinates": [ [ [ 74.255023452667913, 31.442956398597882 ], [ 74.254936997488599, 31.442779531853276 ], [ 74.254855390088409, 31.4428091103591 ], [ 74.254934552030917, 31.442987879898336 ], [ 74.255023452667913, 31.442956398597882 ] ] ] } },
{ "type": "Feature", "properties": { "Id": null, "__source_file": "Export_Output.shp", "OBJECTID": 174813.0, "SHAPE_Leng": 338.209098316, "SHAPE_Area": 5337.8554069399997, "Town": "Allama Iqbal Town", "UC_N0": "UC_120", "Landuse": "V", "KA": null, "Name": null, "Plot_No": "78", "Block": "J" }, "geometry": { "type": "Polygon", "coordinates": [ [ [ 74.255142699898897, 31.442914170896444 ], [ 74.255059501369132, 31.442735130332824 ], [ 74.254936997488599, 31.442779531853276 ], [ 74.255023452667913, 31.442956398597882 ], [ 74.255142699898897, 31.442914170896444 ] ] ] } },
{ "type": "Feature", "properties": { "Id": null, "__source_file": "Export_Output.shp", "OBJECTID": 174813.0, "SHAPE_Leng": 338.209098316, "SHAPE_Area": 5337.8554069399997, "Town": "Allama Iqbal Town", "UC_N0": "UC_120", "Landuse": "V", "KA": null, "Name": null, "Plot_No": "77", "Block": "J" }, "geometry": { "type": "Polygon", "coordinates": [ [ [ 74.255236743635876, 31.442880868123396 ], [ 74.255148364212587, 31.442702921902832 ], [ 74.255059501369132, 31.442735130332824 ], [ 74.255142699898897, 31.442914170896444 ], [ 74.255236743635876, 31.442880868123396 ] ] ] } },
{ "type": "Feature", "properties": { "Id": null, "__source_file": "Export_Output.shp", "OBJECTID": 174813.0, "SHAPE_Leng": 338.209098316, "SHAPE_Area": 5337.8554069399997, "Town": "Allama Iqbal Town", "UC_N0": "UC_120", "Landuse": "V", "KA": null, "Name": null, "Plot_No": "76", "Block": "J" }, "geometry": { "type": "Polygon", "coordinates": [ [ [ 74.255339433043048, 31.442844503638476 ], [ 74.255241814314118, 31.442669050725346 ], [ 74.255148364212587, 31.442702921902832 ], [ 74.255236743635876, 31.442880868123396 ], [ 74.255339433043048, 31.442844503638476 ] ] ] } },
{ "type": "Feature", "properties": { "Id": null, "__source_file": "Export_Output.shp", "OBJECTID": 175480.0, "SHAPE_Leng": 1209.94440925, "SHAPE_Area": 49863.505787200003, "Town": "Allama Iqbal Town", "UC_N0": "UC_120", "Landuse": null, "KA": null, "Name": null, "Plot_No": "61", "Block": "J" }, "geometry": { "type": "Polygon", "coordinates": [ [ [ 74.254611249526235, 31.443588278950909 ], [ 74.254522519480759, 31.443409185720224 ], [ 74.254370062440515, 31.443466353556381 ], [ 74.254456740391475, 31.443642471688278 ], [ 74.254611249526235, 31.443588278950909 ] ] ] } },
{ "type": "Feature", "properties": { "Id": null, "__source_file": "Export_Output.shp", "OBJECTID": 175480.0, "SHAPE_Leng": 1209.94440925, "SHAPE_Area": 49863.505787200003, "Town": "Allama Iqbal Town", "UC_N0": "UC_120", "Landuse": "V", "KA": null, "Name": null, "Plot_No": "42", "Block": "J" }, "geometry": { "type": "Polygon", "coordinates": [ [ [ 74.254775377876371, 31.443819140681452 ], [ 74.25466175619583, 31.443570563858344 ], [ 74.254456740391475, 31.443642471688271 ], [ 74.254580819904035, 31.443894583618629 ], [ 74.254775377876371, 31.443819140681452 ] ] ] } },
{ "type": "Feature", "properties": { "Id": null, "__source_file": "Export_Output.shp", "OBJECTID": 175480.0, "SHAPE_Leng": 1209.94440925, "SHAPE_Area": 49863.505787200003, "Town": "Allama Iqbal Town", "UC_N0": "UC_120", "Landuse": "V", "KA": null, "Name": null, "Plot_No": "43", "Block": "J" }, "geometry": { "type": "Polygon", "coordinates": [ [ [ 74.254917056177931, 31.443765933388544 ], [ 74.254806082371374, 31.443519942664629 ], [ 74.25466175619583, 31.443570563858344 ], [ 74.254775377876371, 31.443819140681452 ], [ 74.25484700982453, 31.443791364152464 ], [ 74.254917056177931, 31.443765933388544 ] ] ] } },
{ "type": "Feature", "properties": { "Id": null, "__source_file": "Export_Output.shp", "OBJECTID": 175480.0, "SHAPE_Leng": 1209.94440925, "SHAPE_Area": 49863.505787200003, "Town": "Allama Iqbal Town", "UC_N0": "UC_120", "Landuse": "R", "KA": null, "Name": null, "Plot_No": "44", "Block": "J" }, "geometry": { "type": "Polygon", "coordinates": [ [ [ 74.255087587902253, 31.44370402037001 ], [ 74.25495117236386, 31.443469053084215 ], [ 74.254806082371374, 31.443519942664629 ], [ 74.254917056177931, 31.443765933388544 ], [ 74.255087587902253, 31.44370402037001 ] ] ] } },
{ "type": "Feature", "properties": { "Id": null, "__source_file": "Export_Output.shp", "OBJECTID": 175480.0, "SHAPE_Leng": 1209.94440925, "SHAPE_Area": 49863.505787200003, "Town": "Allama Iqbal Town", "UC_N0": "UC_120", "Landuse": "R", "KA": null, "Name": null, "Plot_No": "45", "Block": "J" }, "geometry": { "type": "Polygon", "coordinates": [ [ [ 74.255210435804173, 31.443659419521815 ], [ 74.255100790524537, 31.443416575040082 ], [ 74.25495117236386, 31.443469053084215 ], [ 74.255087587902253, 31.44370402037001 ], [ 74.255210435804173, 31.443659419521815 ] ] ] } },
{ "type": "Feature", "properties": { "Id": null, "__source_file": "Export_Output.shp", "OBJECTID": 175480.0, "SHAPE_Leng": 1209.94440925, "SHAPE_Area": 49863.505787200003, "Town": "Allama Iqbal Town", "UC_N0": "UC_120", "Landuse": "R", "KA": null, "Name": null, "Plot_No": "46", "Block": "J" }, "geometry": { "type": "Polygon", "coordinates": [ [ [ 74.255354955623787, 31.443606950083712 ], [ 74.255238161674868, 31.44336839238467 ], [ 74.255100790524537, 31.443416575040082 ], [ 74.255210435804173, 31.443659419521804 ], [ 74.255354955623787, 31.443606950083712 ] ] ] } },
{ "type": "Feature", "properties": { "Id": null, "__source_file": "Export_Output.shp", "OBJECTID": 175480.0, "SHAPE_Leng": 1209.94440925, "SHAPE_Area": 49863.505787200003, "Town": "Allama Iqbal Town", "UC_N0": "UC_120", "Landuse": "V", "KA": null, "Name": null, "Plot_No": "47", "Block": "J" }, "geometry": { "type": "Polygon", "coordinates": [ [ [ 74.255238161674868, 31.44336839238467 ], [ 74.255354955623787, 31.443606950083712 ], [ 74.255502016829695, 31.443553557739257 ], [ 74.25539142816568, 31.443314634236462 ], [ 74.255238161674868, 31.44336839238467 ] ] ] } },
{ "type": "Feature", "properties": { "Id": null, "__source_file": "Export_Output.shp", "OBJECTID": 175480.0, "SHAPE_Leng": 1209.94440925, "SHAPE_Area": 49863.505787200003, "Town": "Allama Iqbal Town", "UC_N0": "UC_120", "Landuse": "V", "KA": null, "Name": null, "Plot_No": "48", "Block": "J" }, "geometry": { "type": "Polygon", "coordinates": [ [ [ 74.25539142816568, 31.443314634236462 ], [ 74.255502016829695, 31.443553557739257 ], [ 74.255641448681203, 31.443502935110235 ], [ 74.25553202776976, 31.443265319172703 ], [ 74.255489666325843, 31.443280177385553 ], [ 74.25539142816568, 31.443314634236462 ] ] ] } },
{ "type": "Feature", "properties": { "Id": null, "__source_file": "Export_Output.shp", "OBJECTID": 175480.0, "SHAPE_Leng": 1209.94440925, "SHAPE_Area": 49863.505787200003, "Town": "Allama Iqbal Town", "UC_N0": "UC_120", "Landuse": "R", "KA": null, "Name": null, "Plot_No": "49", "Block": "J" }, "geometry": { "type": "Polygon", "coordinates": [ [ [ 74.25553202776976, 31.443265319172703 ], [ 74.255641448681203, 31.443502935110235 ], [ 74.255741992831943, 31.443466431060518 ], [ 74.255625679840819, 31.443232470815936 ], [ 74.255588139831957, 31.443245637936631 ], [ 74.25553202776976, 31.443265319172703 ] ] ] } },
{ "type": "Feature", "properties": { "Id": null, "__source_file": "Export_Output.shp", "OBJECTID": 175480.0, "SHAPE_Leng": 1209.94440925, "SHAPE_Area": 49863.505787200003, "Town": "Allama Iqbal Town", "UC_N0": "UC_120", "Landuse": "V", "KA": null, "Name": null, "Plot_No": "50", "Block": "J" }, "geometry": { "type": "Polygon", "coordinates": [ [ [ 74.255476661549068, 31.443051401155106 ], [ 74.255588139831957, 31.443245637936631 ], [ 74.255625679840819, 31.443232470815936 ], [ 74.255526391117613, 31.443032753410908 ], [ 74.255476661549068, 31.443051401155106 ] ] ] } },
{ "type": "Feature", "properties": { "Id": null, "__source_file": "Export_Output.shp", "OBJECTID": 175480.0, "SHAPE_Leng": 1209.94440925, "SHAPE_Area": 49863.505787200003, "Town": "Allama Iqbal Town", "UC_N0": "UC_120", "Landuse": "V", "KA": null, "Name": null, "Plot_No": "51", "Block": "J" }, "geometry": { "type": "Polygon", "coordinates": [ [ [ 74.255386286198956, 31.443085290343138 ], [ 74.255489666325843, 31.443280177385553 ], [ 74.25553202776976, 31.443265319172703 ], [ 74.255588139831957, 31.443245637936631 ], [ 74.255476661549068, 31.443051401155106 ], [ 74.255471117533546, 31.443053480066016 ], [ 74.255389058562599, 31.44308425075554 ], [ 74.255386286198956, 31.443085290343138 ] ] ] } },
{ "type": "Feature", "properties": { "Id": null, "__source_file": "Export_Output.shp", "OBJECTID": 175480.0, "SHAPE_Leng": 1209.94440925, "SHAPE_Area": 49863.505787200003, "Town": "Allama Iqbal Town", "UC_N0": "UC_120", "Landuse": "R", "KA": null, "Name": null, "Plot_No": "52", "Block": "J" }, "geometry": { "type": "Polygon", "coordinates": [ [ [ 74.255290980977037, 31.443121028338286 ], [ 74.255388310192629, 31.44331572786648 ], [ 74.25539142816568, 31.443314634236462 ], [ 74.255489666325843, 31.443280177385553 ], [ 74.255386286198956, 31.443085290343138 ], [ 74.255290980977037, 31.443121028338286 ] ] ] } },
{ "type": "Feature", "properties": { "Id": null, "__source_file": "Export_Output.shp", "OBJECTID": 175480.0, "SHAPE_Leng": 1209.94440925, "SHAPE_Area": 49863.505787200003, "Town": "Allama Iqbal Town", "UC_N0": "UC_120", "Landuse": "V", "KA": null, "Name": null, "Plot_No": "53", "Block": "J" }, "geometry": { "type": "Polygon", "coordinates": [ [ [ 74.255388310192629, 31.44331572786648 ], [ 74.255290980977037, 31.443121028338286 ], [ 74.255196171158005, 31.443156580466784 ], [ 74.255290906903667, 31.443349892048818 ], [ 74.255388310192629, 31.44331572786648 ] ] ] } },
{ "type": "Feature", "properties": { "Id": null, "__source_file": "Export_Output.shp", "OBJECTID": 175480.0, "SHAPE_Leng": 1209.94440925, "SHAPE_Area": 49863.505787200003, "Town": "Allama Iqbal Town", "UC_N0": "UC_120", "Landuse": "R", "KA": null, "Name": null, "Plot_No": "54", "Block": "J" }, "geometry": { "type": "Polygon", "coordinates": [ [ [ 74.255290906903667, 31.443349892048818 ], [ 74.255196171158005, 31.443156580466784 ], [ 74.255117931950991, 31.443185918813668 ], [ 74.255193400049706, 31.443384092456721 ], [ 74.255290906903667, 31.443349892048818 ] ] ] } },
{ "type": "Feature", "properties": { "Id": null, "__source_file": "Export_Output.shp", "OBJECTID": 175480.0, "SHAPE_Leng": 1209.94440925, "SHAPE_Area": 49863.505787200003, "Town": "Allama Iqbal Town", "UC_N0": "UC_120", "Landuse": "V", "KA": null, "Name": null, "Plot_No": "55", "Block": "J" }, "geometry": { "type": "Polygon", "coordinates": [ [ [ 74.255193400049706, 31.443384092456721 ], [ 74.255117931950991, 31.443185918813668 ], [ 74.255001566038047, 31.443229553501912 ], [ 74.255104562768551, 31.443415251935722 ], [ 74.255193400049706, 31.443384092456721 ] ] ] } },
{ "type": "Feature", "properties": { "Id": null, "__source_file": "Export_Output.shp", "OBJECTID": 175480.0, "SHAPE_Leng": 1209.94440925, "SHAPE_Area": 49863.505787200003, "Town": "Allama Iqbal Town", "UC_N0": "UC_120", "Landuse": "V", "KA": null, "Name": null, "Plot_No": "56", "Block": "J" }, "geometry": { "type": "Polygon", "coordinates": [ [ [ 74.255104562768551, 31.443415251935722 ], [ 74.255001566038047, 31.443229553501912 ], [ 74.254908002446427, 31.443264638033064 ], [ 74.25500161386509, 31.443451360931196 ], [ 74.255104562768551, 31.443415251935722 ] ] ] } },
{ "type": "Feature", "properties": { "Id": null, "__source_file": "Export_Output.shp", "OBJECTID": 175480.0, "SHAPE_Leng": 1209.94440925, "SHAPE_Area": 49863.505787200003, "Town": "Allama Iqbal Town", "UC_N0": "UC_120", "Landuse": "V", "KA": null, "Name": null, "Plot_No": "57", "Block": "J" }, "geometry": { "type": "Polygon", "coordinates": [ [ [ 74.25500161386509, 31.443451360931196 ], [ 74.254908002446427, 31.443264638033064 ], [ 74.254821441029165, 31.443297097166511 ], [ 74.254907650754632, 31.443484318091564 ], [ 74.25500161386509, 31.443451360931196 ] ] ] } },
{ "type": "Feature", "properties": { "Id": null, "__source_file": "Export_Output.shp", "OBJECTID": 175480.0, "SHAPE_Leng": 1209.94440925, "SHAPE_Area": 49863.505787200003, "Town": "Allama Iqbal Town", "UC_N0": "UC_120", "Landuse": "R", "KA": null, "Name": null, "Plot_No": "58", "Block": "J" }, "geometry": { "type": "Polygon", "coordinates": [ [ [ 74.254907650754632, 31.443484318091564 ], [ 74.254821441029165, 31.443297097166511 ], [ 74.254723083004123, 31.44333397930934 ], [ 74.254805935480263, 31.443519994185841 ], [ 74.254907650754632, 31.443484318091564 ] ] ] } },
{ "type": "Feature", "properties": { "Id": null, "__source_file": "Export_Output.shp", "OBJECTID": 175480.0, "SHAPE_Leng": 1209.94440925, "SHAPE_Area": 49863.505787200003, "Town": "Allama Iqbal Town", "UC_N0": "UC_120", "Landuse": "R", "KA": null, "Name": null, "Plot_No": "59", "Block": "J" }, "geometry": { "type": "Polygon", "coordinates": [ [ [ 74.254805935480263, 31.443519994185841 ], [ 74.254723083004123, 31.44333397930934 ], [ 74.254626479608447, 31.443370203063061 ], [ 74.254722883106936, 31.443549124285699 ], [ 74.254805935480263, 31.443519994185841 ] ] ] } },
{ "type": "Feature", "properties": { "Id": null, "__source_file": "Export_Output.shp", "OBJECTID": 175480.0, "SHAPE_Leng": 1209.94440925, "SHAPE_Area": 49863.505787200003, "Town": "Allama Iqbal Town", "UC_N0": "UC_120", "Landuse": "V", "KA": null, "Name": null, "Plot_No": "60", "Block": "J" }, "geometry": { "type": "Polygon", "coordinates": [ [ [ 74.254722883106936, 31.443549124285699 ], [ 74.254626479608447, 31.443370203063061 ], [ 74.254522519480759, 31.443409185720224 ], [ 74.254611249526235, 31.443588278950909 ], [ 74.254722883106936, 31.443549124285699 ] ] ] } },
{ "type": "Feature", "properties": { "Id": null, "__source_file": "Export_Output.shp", "OBJECTID": 181732.0, "SHAPE_Leng": 303.51629991800002, "SHAPE_Area": 5569.8174862799997, "Town": "Allama Iqbal Town", "UC_N0": "UC_120", "Landuse": "PB", "KA": null, "Name": null, "Plot_No": null, "Block": "H" }, "geometry": { "type": "Polygon", "coordinates": [ [ [ 74.259410091024677, 31.441442928484715 ], [ 74.259665060225515, 31.441959591385785 ], [ 74.260092303437631, 31.44180483582225 ], [ 74.259836157648962, 31.441288848268464 ], [ 74.259410091024677, 31.441442928484715 ] ] ] } },
{ "type": "Feature", "properties": { "Id": null, "__source_file": "Export_Output.shp", "OBJECTID": 181738.0, "SHAPE_Leng": 235.84584083300001, "SHAPE_Area": 2981.9828705599998, "Town": "Allama Iqbal Town", "UC_N0": "UC_120", "Landuse": null, "KA": null, "Name": null, "Plot_No": null, "Block": "B" }, "geometry": { "type": "Polygon", "coordinates": [ [ [ 74.258249803689353, 31.441862518484591 ], [ 74.258367613183253, 31.442111417927631 ], [ 74.25843332990496, 31.442086046160423 ], [ 74.258307324382912, 31.441841717810437 ], [ 74.258249803689353, 31.441862518484591 ] ] ] } },
{ "type": "Feature", "properties": { "Id": null, "__source_file": "Export_Output.shp", "OBJECTID": 181738.0, "SHAPE_Leng": 235.84584083300001, "SHAPE_Area": 2981.9828705599998, "Town": "Allama Iqbal Town", "UC_N0": "UC_120", "Landuse": null, "KA": null, "Name": null, "Plot_No": "7", "Block": "B" }, "geometry": { "type": "Polygon", "coordinates": [ [ [ 74.258078578196745, 31.4422230073531 ], [ 74.257962198146117, 31.44196652207572 ], [ 74.257840280387839, 31.442010609570975 ], [ 74.257967319247882, 31.442265961498762 ], [ 74.258078578196745, 31.4422230073531 ] ] ] } },
{ "type": "Feature", "properties": { "Id": null, "__source_file": "Export_Output.shp", "OBJECTID": 181738.0, "SHAPE_Leng": 235.84584083300001, "SHAPE_Area": 2981.9828705599998, "Town": "Allama Iqbal Town", "UC_N0": "UC_120", "Landuse": null, "KA": null, "Name": null, "Plot_No": "4A", "Block": "B" }, "geometry": { "type": "Polygon", "coordinates": [ [ [ 74.258317947153031, 31.442447528266282 ], [ 74.258204617928428, 31.442174346571385 ], [ 74.258137213945773, 31.442200369581752 ], [ 74.258262651130806, 31.442467556627751 ], [ 74.258317947153031, 31.442447528266282 ] ] ] } },
{ "type": "Feature", "properties": { "Id": null, "__source_file": "Export_Output.shp", "OBJECTID": 181738.0, "SHAPE_Leng": 235.84584083300001, "SHAPE_Area": 2981.9828705599998, "Town": "Allama Iqbal Town", "UC_N0": "UC_120", "Landuse": "C", "KA": null, "Name": null, "Plot_No": null, "Block": "B" }, "geometry": { "type": "Polygon", "coordinates": [ [ [ 74.258307324382912, 31.441841717810437 ], [ 74.25843332990496, 31.442086046160206 ], [ 74.258506060064946, 31.442057966603507 ], [ 74.258383302990708, 31.441814242428315 ], [ 74.258307324382912, 31.441841717810437 ] ] ] } },
{ "type": "Feature", "properties": { "Id": null, "__source_file": "Export_Output.shp", "OBJECTID": 181738.0, "SHAPE_Leng": 235.84584083300001, "SHAPE_Area": 2981.9828705599998, "Town": "Allama Iqbal Town", "UC_N0": "UC_120", "Landuse": "C", "KA": null, "Name": null, "Plot_No": null, "Block": "B" }, "geometry": { "type": "Polygon", "coordinates": [ [ [ 74.258137213945787, 31.442200369581752 ], [ 74.258017962398483, 31.441946356738896 ], [ 74.257962198146117, 31.44196652207572 ], [ 74.258078578196745, 31.4422230073531 ], [ 74.258137213945787, 31.442200369581752 ] ] ] } },
{ "type": "Feature", "properties": { "Id": null, "__source_file": "Export_Output.shp", "OBJECTID": 181738.0, "SHAPE_Leng": 235.84584083300001, "SHAPE_Area": 2981.9828705599998, "Town": "Allama Iqbal Town", "UC_N0": "UC_120", "Landuse": "C", "KA": null, "Name": null, "Plot_No": null, "Block": "B" }, "geometry": { "type": "Polygon", "coordinates": [ [ [ 74.258367613183253, 31.442111417927631 ], [ 74.258249803689353, 31.441862518484591 ], [ 74.258179793733476, 31.441887835486934 ], [ 74.258295677862677, 31.442139190503362 ], [ 74.258367613183253, 31.442111417927631 ] ] ] } },
{ "type": "Feature", "properties": { "Id": null, "__source_file": "Export_Output.shp", "OBJECTID": 181738.0, "SHAPE_Leng": 235.84584083300001, "SHAPE_Area": 2981.9828705599998, "Town": "Allama Iqbal Town", "UC_N0": "UC_120", "Landuse": "C", "KA": null, "Name": null, "Plot_No": null, "Block": "B" }, "geometry": { "type": "Polygon", "coordinates": [ [ [ 74.258204617928484, 31.442174346571004 ], [ 74.258098026199846, 31.44191740419819 ], [ 74.258017962398483, 31.441946356738896 ], [ 74.258137213945787, 31.442200369581752 ], [ 74.258204617928484, 31.442174346571004 ] ] ] } },
{ "type": "Feature", "properties": { "Id": null, "__source_file": "Export_Output.shp", "OBJECTID": 181738.0, "SHAPE_Leng": 235.84584083300001, "SHAPE_Area": 2981.9828705599998, "Town": "Allama Iqbal Town", "UC_N0": "UC_120", "Landuse": "C", "KA": null, "Name": null, "Plot_No": null, "Block": "B" }, "geometry": { "type": "Polygon", "coordinates": [ [ [ 74.258295677862677, 31.442139190503362 ], [ 74.258179793733476, 31.441887835486934 ], [ 74.258098026199846, 31.44191740419831 ], [ 74.258204617928484, 31.442174346571125 ], [ 74.258295677862677, 31.442139190503362 ] ] ] } },
{ "type": "Feature", "properties": { "Id": null, "__source_file": "Export_Output.shp", "OBJECTID": 181738.0, "SHAPE_Leng": 235.84584083300001, "SHAPE_Area": 2981.9828705599998, "Town": "Allama Iqbal Town", "UC_N0": "UC_120", "Landuse": "C", "KA": null, "Name": null, "Plot_No": null, "Block": "B" }, "geometry": { "type": "Polygon", "coordinates": [ [ [ 74.258262651130806, 31.442467556627712 ], [ 74.258137213945773, 31.442200369581752 ], [ 74.258078578196745, 31.4422230073531 ], [ 74.25819986228484, 31.442490298869622 ], [ 74.258262651130806, 31.442467556627712 ] ] ] } },
{ "type": "Feature", "properties": { "Id": null, "__source_file": "Export_Output.shp", "OBJECTID": 181738.0, "SHAPE_Leng": 235.84584083300001, "SHAPE_Area": 2981.9828705599998, "Town": "Allama Iqbal Town", "UC_N0": "UC_120", "Landuse": "C", "KA": null, "Name": null, "Plot_No": null, "Block": "B" }, "geometry": { "type": "Polygon", "coordinates": [ [ [ 74.258367613183225, 31.442111417927592 ], [ 74.258496151075704, 31.442382981964542 ], [ 74.258572251702589, 31.442355417957216 ], [ 74.25843332990496, 31.44208604616037 ], [ 74.258367613183225, 31.442111417927592 ] ] ] } },
{ "type": "Feature", "properties": { "Id": null, "__source_file": "Export_Output.shp", "OBJECTID": 181738.0, "SHAPE_Leng": 235.84584083300001, "SHAPE_Area": 2981.9828705599998, "Town": "Allama Iqbal Town", "UC_N0": "UC_120", "Landuse": "C", "KA": null, "Name": null, "Plot_No": null, "Block": "B" }, "geometry": { "type": "Polygon", "coordinates": [ [ [ 74.258496151075704, 31.442382981964542 ], [ 74.258367613183225, 31.442111417927592 ], [ 74.258295677862662, 31.442139190503362 ], [ 74.258420678817728, 31.442410318506361 ], [ 74.258467338216661, 31.442393418275369 ], [ 74.258477029515944, 31.442389907874279 ], [ 74.258496151075704, 31.442382981964542 ] ] ] } },
{ "type": "Feature", "properties": { "Id": null, "__source_file": "Export_Output.shp", "OBJECTID": 181738.0, "SHAPE_Leng": 235.84584083300001, "SHAPE_Area": 2981.9828705599998, "Town": "Allama Iqbal Town", "UC_N0": "UC_120", "Landuse": "C", "KA": null, "Name": null, "Plot_No": null, "Block": "B" }, "geometry": { "type": "Polygon", "coordinates": [ [ [ 74.258420678817728, 31.442410318506361 ], [ 74.258295677862662, 31.442139190503362 ], [ 74.258204617928428, 31.442174346571022 ], [ 74.258317947153031, 31.442447528266385 ], [ 74.258420678817728, 31.442410318506361 ] ] ] } },
{ "type": "Feature", "properties": { "Id": null, "__source_file": "Export_Output.shp", "OBJECTID": 181738.0, "SHAPE_Leng": 235.84584083300001, "SHAPE_Area": 2981.9828705599998, "Town": "Allama Iqbal Town", "UC_N0": "UC_120", "Landuse": "C", "KA": null, "Name": null, "Plot_No": "1", "Block": "B" }, "geometry": { "type": "Polygon", "coordinates": [ [ [ 74.25843332990496, 31.442086046160224 ], [ 74.258572251702589, 31.442355417957216 ], [ 74.258642976127263, 31.44232980117993 ], [ 74.25851468616797, 31.442075092977539 ], [ 74.258506060064946, 31.442057966603507 ], [ 74.25843332990496, 31.442086046160224 ] ] ] } },
{ "type": "Feature", "properties": { "Id": null, "__source_file": "Export_Output.shp", "OBJECTID": 175743.0, "SHAPE_Leng": 320.57480109199997, "SHAPE_Area": 6035.74192408, "Town": "Allama Iqbal Town", "UC_N0": "UC_120", "Landuse": null, "KA": null, "Name": null, "Plot_No": null, "Block": "K" }, "geometry": { "type": "Polygon", "coordinates": [ [ [ 74.257863254206768, 31.44269850122943 ], [ 74.257748864011063, 31.442457763992593 ], [ 74.257685704931419, 31.442479896796502 ], [ 74.257810003295546, 31.442717750948624 ], [ 74.257863254206768, 31.44269850122943 ] ] ] } },
{ "type": "Feature", "properties": { "Id": null, "__source_file": "Export_Output.shp", "OBJECTID": 175743.0, "SHAPE_Leng": 320.57480109199997, "SHAPE_Area": 6035.74192408, "Town": "Allama Iqbal Town", "UC_N0": "UC_120", "Landuse": null, "KA": null, "Name": null, "Plot_No": null, "Block": "K" }, "geometry": { "type": "Polygon", "coordinates": [ [ [ 74.257360798439805, 31.442880133203779 ], [ 74.257254275847018, 31.442631081149187 ], [ 74.257192850511231, 31.442652606079974 ], [ 74.257304619546602, 31.442900441059333 ], [ 74.257360798439805, 31.442880133203779 ] ] ] } },
{ "type": "Feature", "properties": { "Id": null, "__source_file": "Export_Output.shp", "OBJECTID": 175743.0, "SHAPE_Leng": 320.57480109199997, "SHAPE_Area": 6035.74192408, "Town": "Allama Iqbal Town", "UC_N0": "UC_120", "Landuse": null, "KA": null, "Name": null, "Plot_No": null, "Block": "K" }, "geometry": { "type": "Polygon", "coordinates": [ [ [ 74.257931891162073, 31.442673689551476 ], [ 74.257807599369315, 31.442437181353487 ], [ 74.257748864011063, 31.442457763992593 ], [ 74.257863254206768, 31.442698501229671 ], [ 74.257931891162073, 31.442673689551476 ] ] ] } },
{ "type": "Feature", "properties": { "Id": null, "__source_file": "Export_Output.shp", "OBJECTID": 175743.0, "SHAPE_Leng": 320.57480109199997, "SHAPE_Area": 6035.74192408, "Town": "Allama Iqbal Town", "UC_N0": "UC_120", "Landuse": null, "KA": null, "Name": null, "Plot_No": null, "Block": "K" }, "geometry": { "type": "Polygon", "coordinates": [ [ [ 74.257492043828535, 31.442832689767165 ], [ 74.257378236649672, 31.442587642150649 ], [ 74.257313312188316, 31.44261039334312 ], [ 74.257423862654477, 31.442857336363925 ], [ 74.257492043828535, 31.442832689767165 ] ] ] } },
{ "type": "Feature", "properties": { "Id": null, "__source_file": "Export_Output.shp", "OBJECTID": 175743.0, "SHAPE_Leng": 320.57480109199997, "SHAPE_Area": 6035.74192408, "Town": "Allama Iqbal Town", "UC_N0": "UC_120", "Landuse": null, "KA": null, "Name": null, "Plot_No": null, "Block": "K" }, "geometry": { "type": "Polygon", "coordinates": [ [ [ 74.257691244610939, 31.442760681021241 ], [ 74.25756671915795, 31.442521592806084 ], [ 74.257491671282182, 31.442547891646807 ], [ 74.257612988370411, 31.442788969784292 ], [ 74.257691244610939, 31.442760681021241 ] ] ] } },
{ "type": "Feature", "properties": { "Id": null, "__source_file": "Export_Output.shp", "OBJECTID": 175743.0, "SHAPE_Leng": 320.57480109199997, "SHAPE_Area": 6035.74192408, "Town": "Allama Iqbal Town", "UC_N0": "UC_120", "Landuse": null, "KA": null, "Name": null, "Plot_No": null, "Block": "K" }, "geometry": { "type": "Polygon", "coordinates": [ [ [ 74.257313312188316, 31.44261039334312 ], [ 74.257195817282209, 31.442347936625367 ], [ 74.257141641722129, 31.442367738704764 ], [ 74.257254275847046, 31.442631081149187 ], [ 74.257313312188316, 31.44261039334312 ] ] ] } },
{ "type": "Feature", "properties": { "Id": null, "__source_file": "Export_Output.shp", "OBJECTID": 175743.0, "SHAPE_Leng": 320.57480109199997, "SHAPE_Area": 6035.74192408, "Town": "Allama Iqbal Town", "UC_N0": "UC_120", "Landuse": null, "KA": null, "Name": null, "Plot_No": null, "Block": "K" }, "geometry": { "type": "Polygon", "coordinates": [ [ [ 74.257685704931419, 31.442479896796502 ], [ 74.257549237535244, 31.442218754798635 ], [ 74.257497831930067, 31.442237544608549 ], [ 74.257620804663645, 31.442502639720484 ], [ 74.257685704931419, 31.442479896796502 ] ] ] } },
{ "type": "Feature", "properties": { "Id": null, "__source_file": "Export_Output.shp", "OBJECTID": 175743.0, "SHAPE_Leng": 320.57480109199997, "SHAPE_Area": 6035.74192408, "Town": "Allama Iqbal Town", "UC_N0": "UC_120", "Landuse": null, "KA": null, "Name": null, "Plot_No": null, "Block": "K" }, "geometry": { "type": "Polygon", "coordinates": [ [ [ 74.257620804663645, 31.442502639720484 ], [ 74.257497831930067, 31.442237544608549 ], [ 74.257431420811074, 31.44226181920196 ], [ 74.257566719157964, 31.442521592806084 ], [ 74.257620804663645, 31.442502639720484 ] ] ] } },
{ "type": "Feature", "properties": { "Id": null, "__source_file": "Export_Output.shp", "OBJECTID": 175743.0, "SHAPE_Leng": 320.57480109199997, "SHAPE_Area": 6035.74192408, "Town": "Allama Iqbal Town", "UC_N0": "UC_120", "Landuse": null, "KA": null, "Name": null, "Plot_No": null, "Block": "K" }, "geometry": { "type": "Polygon", "coordinates": [ [ [ 74.257748864011063, 31.442457763992593 ], [ 74.257622560641806, 31.442191953640108 ], [ 74.257549237535244, 31.442218754798635 ], [ 74.257685704931419, 31.442479896796502 ], [ 74.257748864011063, 31.442457763992593 ] ] ] } },
{ "type": "Feature", "properties": { "Id": null, "__source_file": "Export_Output.shp", "OBJECTID": 175743.0, "SHAPE_Leng": 320.57480109199997, "SHAPE_Area": 6035.74192408, "Town": "Allama Iqbal Town", "UC_N0": "UC_120", "Landuse": null, "KA": null, "Name": null, "Plot_No": null, "Block": "K" }, "geometry": { "type": "Polygon", "coordinates": [ [ [ 74.257566719157964, 31.442521592806383 ], [ 74.257431420811074, 31.44226181920196 ], [ 74.257360717666529, 31.442287662564361 ], [ 74.257491671282196, 31.442547891646843 ], [ 74.257566719157964, 31.442521592806383 ] ] ] } },
{ "type": "Feature", "properties": { "Id": null, "__source_file": "Export_Output.shp", "OBJECTID": 175743.0, "SHAPE_Leng": 320.57480109199997, "SHAPE_Area": 6035.74192408, "Town": "Allama Iqbal Town", "UC_N0": "UC_120", "Landuse": null, "KA": null, "Name": null, "Plot_No": "1", "Block": "K" }, "geometry": { "type": "Polygon", "coordinates": [ [ [ 74.257807599369315, 31.442437181353487 ], [ 74.257931891162073, 31.442673689551476 ], [ 74.25798154110521, 31.442655741486025 ], [ 74.257864068980922, 31.442417392666041 ], [ 74.257807599369315, 31.442437181353487 ] ] ] } },
{ "type": "Feature", "properties": { "Id": null, "__source_file": "Export_Output.shp", "OBJECTID": 175743.0, "SHAPE_Leng": 320.57480109199997, "SHAPE_Area": 6035.74192408, "Town": "Allama Iqbal Town", "UC_N0": "UC_120", "Landuse": null, "KA": null, "Name": null, "Plot_No": "9", "Block": "K" }, "geometry": { "type": "Polygon", "coordinates": [ [ [ 74.257255705762049, 31.442918122655943 ], [ 74.257126596815425, 31.442675822940416 ], [ 74.256891730194681, 31.442758125383488 ], [ 74.25701732455957, 31.443004293505968 ], [ 74.257255705762049, 31.442918122655943 ] ] ] } },
{ "type": "Feature", "properties": { "Id": null, "__source_file": "Export_Output.shp", "OBJECTID": 175743.0, "SHAPE_Leng": 320.57480109199997, "SHAPE_Area": 6035.74192408, "Town": "Allama Iqbal Town", "UC_N0": "UC_120", "Landuse": "C", "KA": null, "Name": null, "Plot_No": null, "Block": "K" }, "geometry": { "type": "Polygon", "coordinates": [ [ [ 74.25773343163614, 31.442745430851918 ], [ 74.257620804663645, 31.442502639720484 ], [ 74.25756671915795, 31.442521592806084 ], [ 74.257691244610939, 31.442760681021241 ], [ 74.25773343163614, 31.442745430851918 ] ] ] } },
{ "type": "Feature", "properties": { "Id": null, "__source_file": "Export_Output.shp", "OBJECTID": 175743.0, "SHAPE_Leng": 320.57480109199997, "SHAPE_Area": 6035.74192408, "Town": "Allama Iqbal Town", "UC_N0": "UC_120", "Landuse": "C", "KA": null, "Name": null, "Plot_No": null, "Block": "K" }, "geometry": { "type": "Polygon", "coordinates": [ [ [ 74.257548529235777, 31.442812270787694 ], [ 74.257436545028639, 31.44256720936502 ], [ 74.257378236649672, 31.442587642150649 ], [ 74.257492043828535, 31.442832689767165 ], [ 74.257548529235777, 31.442812270787694 ] ] ] } },
{ "type": "Feature", "properties": { "Id": null, "__source_file": "Export_Output.shp", "OBJECTID": 175743.0, "SHAPE_Leng": 320.57480109199997, "SHAPE_Area": 6035.74192408, "Town": "Allama Iqbal Town", "UC_N0": "UC_120", "Landuse": "C", "KA": null, "Name": null, "Plot_No": null, "Block": "K" }, "geometry": { "type": "Polygon", "coordinates": [ [ [ 74.257304619546602, 31.442900441059333 ], [ 74.257192850511231, 31.442652606079974 ], [ 74.257126596815425, 31.442675822940416 ], [ 74.257255705762049, 31.442918122655943 ], [ 74.257304619546602, 31.442900441059333 ] ] ] } },
{ "type": "Feature", "properties": { "Id": null, "__source_file": "Export_Output.shp", "OBJECTID": 175743.0, "SHAPE_Leng": 320.57480109199997, "SHAPE_Area": 6035.74192408, "Town": "Allama Iqbal Town", "UC_N0": "UC_120", "Landuse": "C", "KA": null, "Name": null, "Plot_No": null, "Block": "K" }, "geometry": { "type": "Polygon", "coordinates": [ [ [ 74.257423862654477, 31.442857336363925 ], [ 74.257313312188316, 31.44261039334312 ], [ 74.257254275847018, 31.442631081149187 ], [ 74.257360798439805, 31.442880133203779 ], [ 74.257423862654477, 31.442857336363925 ] ] ] } },
{ "type": "Feature", "properties": { "Id": null, "__source_file": "Export_Output.shp", "OBJECTID": 175743.0, "SHAPE_Leng": 320.57480109199997, "SHAPE_Area": 6035.74192408, "Town": "Allama Iqbal Town", "UC_N0": "UC_120", "Landuse": "C", "KA": null, "Name": null, "Plot_No": null, "Block": "K" }, "geometry": { "type": "Polygon", "coordinates": [ [ [ 74.257810003295546, 31.442717750948624 ], [ 74.257685704931419, 31.442479896796502 ], [ 74.257620804663645, 31.442502639720484 ], [ 74.25773343163614, 31.442745430851929 ], [ 74.257810003295546, 31.442717750948624 ] ] ] } },
{ "type": "Feature", "properties": { "Id": null, "__source_file": "Export_Output.shp", "OBJECTID": 175743.0, "SHAPE_Leng": 320.57480109199997, "SHAPE_Area": 6035.74192408, "Town": "Allama Iqbal Town", "UC_N0": "UC_120", "Landuse": "C", "KA": null, "Name": null, "Plot_No": null, "Block": "K" }, "geometry": { "type": "Polygon", "coordinates": [ [ [ 74.257612988370411, 31.442788969784292 ], [ 74.257491671282182, 31.442547891646807 ], [ 74.257436545028639, 31.44256720936502 ], [ 74.257548529235777, 31.442812270787694 ], [ 74.257612988370411, 31.442788969784292 ] ] ] } },
{ "type": "Feature", "properties": { "Id": null, "__source_file": "Export_Output.shp", "OBJECTID": 175743.0, "SHAPE_Leng": 320.57480109199997, "SHAPE_Area": 6035.74192408, "Town": "Allama Iqbal Town", "UC_N0": "UC_120", "Landuse": "C", "KA": null, "Name": null, "Plot_No": null, "Block": "K" }, "geometry": { "type": "Polygon", "coordinates": [ [ [ 74.257491671282196, 31.442547891646843 ], [ 74.257360717666529, 31.442287662564361 ], [ 74.257316233163579, 31.442303922480249 ], [ 74.257436545028668, 31.442567209365063 ], [ 74.257491671282196, 31.442547891646843 ] ] ] } },
{ "type": "Feature", "properties": { "Id": null, "__source_file": "Export_Output.shp", "OBJECTID": 175743.0, "SHAPE_Leng": 320.57480109199997, "SHAPE_Area": 6035.74192408, "Town": "Allama Iqbal Town", "UC_N0": "UC_120", "Landuse": "C", "KA": null, "Name": null, "Plot_No": null, "Block": "K" }, "geometry": { "type": "Polygon", "coordinates": [ [ [ 74.257807599369272, 31.442437181353487 ], [ 74.257669675599686, 31.442174732088084 ], [ 74.257622560641806, 31.442191953640108 ], [ 74.257748864011063, 31.442457763992593 ], [ 74.257807599369272, 31.442437181353487 ] ] ] } },
{ "type": "Feature", "properties": { "Id": null, "__source_file": "Export_Output.shp", "OBJECTID": 175743.0, "SHAPE_Leng": 320.57480109199997, "SHAPE_Area": 6035.74192408, "Town": "Allama Iqbal Town", "UC_N0": "UC_120", "Landuse": "C", "KA": null, "Name": null, "Plot_No": null, "Block": "K" }, "geometry": { "type": "Polygon", "coordinates": [ [ [ 74.257436545028668, 31.442567209365063 ], [ 74.257316233163579, 31.442303922480249 ], [ 74.257256593933661, 31.442325721698687 ], [ 74.2573782366497, 31.442587642150649 ], [ 74.257436545028668, 31.442567209365063 ] ] ] } },
{ "type": "Feature", "properties": { "Id": null, "__source_file": "Export_Output.shp", "OBJECTID": 175743.0, "SHAPE_Leng": 320.57480109199997, "SHAPE_Area": 6035.74192408, "Town": "Allama Iqbal Town", "UC_N0": "UC_120", "Landuse": "C", "KA": null, "Name": null, "Plot_No": null, "Block": "K" }, "geometry": { "type": "Polygon", "coordinates": [ [ [ 74.2573782366497, 31.442587642150649 ], [ 74.257256593933661, 31.442325721698687 ], [ 74.257195817282209, 31.442347936625367 ], [ 74.257313312188316, 31.44261039334312 ], [ 74.2573782366497, 31.442587642150649 ] ] ] } },
{ "type": "Feature", "properties": { "Id": null, "__source_file": "Export_Output.shp", "OBJECTID": 175743.0, "SHAPE_Leng": 320.57480109199997, "SHAPE_Area": 6035.74192408, "Town": "Allama Iqbal Town", "UC_N0": "UC_120", "Landuse": "C", "KA": null, "Name": null, "Plot_No": null, "Block": "K" }, "geometry": { "type": "Polygon", "coordinates": [ [ [ 74.257254275847046, 31.442631081149187 ], [ 74.257141641722129, 31.442367738704764 ], [ 74.257075314642776, 31.4423919823262 ], [ 74.257192850511231, 31.442652606079974 ], [ 74.257254275847046, 31.442631081149187 ] ] ] } },
{ "type": "Feature", "properties": { "Id": null, "__source_file": "Export_Output.shp", "OBJECTID": 175743.0, "SHAPE_Leng": 320.57480109199997, "SHAPE_Area": 6035.74192408, "Town": "Allama Iqbal Town", "UC_N0": "UC_120", "Landuse": "C", "KA": null, "Name": null, "Plot_No": null, "Block": "K" }, "geometry": { "type": "Polygon", "coordinates": [ [ [ 74.257192850511231, 31.442652606079974 ], [ 74.257075314642776, 31.4423919823262 ], [ 74.256993716589292, 31.442421807671135 ], [ 74.256992073103021, 31.442423359851414 ], [ 74.257126596815425, 31.442675822940416 ], [ 74.257192850511231, 31.442652606079974 ] ] ] } },
{ "type": "Feature", "properties": { "Id": null, "__source_file": "Export_Output.shp", "OBJECTID": 175743.0, "SHAPE_Leng": 320.57480109199997, "SHAPE_Area": 6035.74192408, "Town": "Allama Iqbal Town", "UC_N0": "UC_120", "Landuse": "C", "KA": null, "Name": null, "Plot_No": "18", "Block": "K" }, "geometry": { "type": "Polygon", "coordinates": [ [ [ 74.257669675599686, 31.442174732088201 ], [ 74.257807599369272, 31.442437181353487 ], [ 74.257864068980922, 31.442417392666041 ], [ 74.257733054728178, 31.442151565587071 ], [ 74.257669675599686, 31.442174732088201 ] ] ] } },
{ "type": "Feature", "properties": { "Id": null, "__source_file": "Export_Output.shp", "OBJECTID": 175738.0, "SHAPE_Leng": 437.676011587, "SHAPE_Area": 9163.3300505299994, "Town": "Allama Iqbal Town", "UC_N0": "UC_120", "Landuse": null, "KA": null, "Name": null, "Plot_No": "11", "Block": "H" }, "geometry": { "type": "Polygon", "coordinates": [ [ [ 74.25631670510559, 31.443922240132917 ], [ 74.256198263434001, 31.443691321049997 ], [ 74.25597088034101, 31.443772249533598 ], [ 74.25608988090849, 31.444006427045391 ], [ 74.25631670510559, 31.443922240132917 ] ] ] } },
{ "type": "Feature", "properties": { "Id": null, "__source_file": "Export_Output.shp", "OBJECTID": 175738.0, "SHAPE_Leng": 437.676011587, "SHAPE_Area": 9163.3300505299994, "Town": "Allama Iqbal Town", "UC_N0": "UC_120", "Landuse": "V", "KA": null, "Name": null, "Plot_No": "9", "Block": "H" }, "geometry": { "type": "Polygon", "coordinates": [ [ [ 74.256447210263801, 31.443602717135342 ], [ 74.256331658540162, 31.44336126510872 ], [ 74.256198351401267, 31.443409710039809 ], [ 74.256302848007309, 31.443654097909889 ], [ 74.256447210263801, 31.443602717135342 ] ] ] } },
{ "type": "Feature", "properties": { "Id": null, "__source_file": "Export_Output.shp", "OBJECTID": 175738.0, "SHAPE_Leng": 437.676011587, "SHAPE_Area": 9163.3300505299994, "Town": "Allama Iqbal Town", "UC_N0": "UC_120", "Landuse": "V", "KA": null, "Name": null, "Plot_No": "7", "Block": "H" }, "geometry": { "type": "Polygon", "coordinates": [ [ [ 74.256715662393503, 31.443507170256392 ], [ 74.256593650139848, 31.44326573983037 ], [ 74.256595619513675, 31.443264062217995 ], [ 74.256468723834246, 31.443311086094077 ], [ 74.256584418462907, 31.44355388239665 ], [ 74.256715662393503, 31.443507170256392 ] ] ] } },
{ "type": "Feature", "properties": { "Id": null, "__source_file": "Export_Output.shp", "OBJECTID": 175738.0, "SHAPE_Leng": 437.676011587, "SHAPE_Area": 9163.3300505299994, "Town": "Allama Iqbal Town", "UC_N0": "UC_120", "Landuse": "V", "KA": null, "Name": null, "Plot_No": "4", "Block": "H" }, "geometry": { "type": "Polygon", "coordinates": [ [ [ 74.257122377574106, 31.443362411649407 ], [ 74.257010054741741, 31.443110483271198 ], [ 74.256899449379517, 31.443151470931546 ], [ 74.257001987223319, 31.443405261325321 ], [ 74.257122377574106, 31.443362411649407 ] ] ] } },
{ "type": "Feature", "properties": { "Id": null, "__source_file": "Export_Output.shp", "OBJECTID": 175738.0, "SHAPE_Leng": 437.676011587, "SHAPE_Area": 9163.3300505299994, "Town": "Allama Iqbal Town", "UC_N0": "UC_120", "Landuse": "V", "KA": null, "Name": null, "Plot_No": "3", "Block": "H" }, "geometry": { "type": "Polygon", "coordinates": [ [ [ 74.257275904530687, 31.443307767675943 ], [ 74.257168375007851, 31.443051813396256 ], [ 74.257010054741741, 31.443110483271198 ], [ 74.257122377574106, 31.443362411649407 ], [ 74.257275904530687, 31.443307767675943 ] ] ] } },
{ "type": "Feature", "properties": { "Id": null, "__source_file": "Export_Output.shp", "OBJECTID": 175738.0, "SHAPE_Leng": 437.676011587, "SHAPE_Area": 9163.3300505299994, "Town": "Allama Iqbal Town", "UC_N0": "UC_120", "Landuse": "R", "KA": null, "Name": null, "Plot_No": "2", "Block": "H" }, "geometry": { "type": "Polygon", "coordinates": [ [ [ 74.257389773557207, 31.443267238762015 ], [ 74.257259970463409, 31.443017870088447 ], [ 74.257168375007851, 31.443051813396256 ], [ 74.257275904530687, 31.443307767675943 ], [ 74.257389773557207, 31.443267238762015 ] ] ] } },
{ "type": "Feature", "properties": { "Id": null, "__source_file": "Export_Output.shp", "OBJECTID": 175738.0, "SHAPE_Leng": 437.676011587, "SHAPE_Area": 9163.3300505299994, "Town": "Allama Iqbal Town", "UC_N0": "UC_120", "Landuse": "R", "KA": null, "Name": null, "Plot_No": "1", "Block": "H" }, "geometry": { "type": "Polygon", "coordinates": [ [ [ 74.257259970463409, 31.443017870088447 ], [ 74.257389773557207, 31.443267238762015 ], [ 74.25754736728571, 31.443211146876077 ], [ 74.257422952181685, 31.442957472341043 ], [ 74.257259970463409, 31.443017870088447 ] ] ] } },
{ "type": "Feature", "properties": { "Id": null, "__source_file": "Export_Output.shp", "OBJECTID": 175738.0, "SHAPE_Leng": 437.676011587, "SHAPE_Area": 9163.3300505299994, "Town": "Allama Iqbal Town", "UC_N0": "UC_120", "Landuse": "R", "KA": null, "Name": null, "Plot_No": "12", "Block": "H" }, "geometry": { "type": "Polygon", "coordinates": [ [ [ 74.256557375895014, 31.443832913380767 ], [ 74.256447210263815, 31.443602717135342 ], [ 74.256302848007309, 31.443654097909938 ], [ 74.256403696530299, 31.443889952691485 ], [ 74.256557375895014, 31.443832913380767 ] ] ] } },
{ "type": "Feature", "properties": { "Id": null, "__source_file": "Export_Output.shp", "OBJECTID": 175738.0, "SHAPE_Leng": 437.676011587, "SHAPE_Area": 9163.3300505299994, "Town": "Allama Iqbal Town", "UC_N0": "UC_120", "Landuse": "R", "KA": null, "Name": null, "Plot_No": "19", "Block": "H" }, "geometry": { "type": "Polygon", "coordinates": [ [ [ 74.257501766092787, 31.443482389881236 ], [ 74.257389773557207, 31.443267238762015 ], [ 74.257275904530687, 31.443307767675943 ], [ 74.257369837833252, 31.44353135746195 ], [ 74.257501766092787, 31.443482389881236 ] ] ] } },
{ "type": "Feature", "properties": { "Id": null, "__source_file": "Export_Output.shp", "OBJECTID": 175738.0, "SHAPE_Leng": 437.676011587, "SHAPE_Area": 9163.3300505299994, "Town": "Allama Iqbal Town", "UC_N0": "UC_120", "Landuse": "V", "KA": null, "Name": null, "Plot_No": "20", "Block": "H" }, "geometry": { "type": "Polygon", "coordinates": [ [ [ 74.257389773557207, 31.443267238762015 ], [ 74.257501766092787, 31.443482389881236 ], [ 74.257652888912247, 31.443426297657794 ], [ 74.25754736728571, 31.443211146876092 ], [ 74.257389773557207, 31.443267238762015 ] ] ] } },
{ "type": "Feature", "properties": { "Id": null, "__source_file": "Export_Output.shp", "OBJECTID": 175738.0, "SHAPE_Leng": 437.676011587, "SHAPE_Area": 9163.3300505299994, "Town": "Allama Iqbal Town", "UC_N0": "UC_120", "Landuse": "V", "KA": null, "Name": null, "Plot_No": "5", "Block": "H" }, "geometry": { "type": "Polygon", "coordinates": [ [ [ 74.257001987223319, 31.443405261325321 ], [ 74.256899449379517, 31.443151470931546 ], [ 74.256716199902527, 31.443219378444891 ], [ 74.256836457611854, 31.44346417684471 ], [ 74.257001987223319, 31.443405261325321 ] ] ] } },
{ "type": "Feature", "properties": { "Id": null, "__source_file": "Export_Output.shp", "OBJECTID": 175738.0, "SHAPE_Leng": 437.676011587, "SHAPE_Area": 9163.3300505299994, "Town": "Allama Iqbal Town", "UC_N0": "UC_120", "Landuse": "V", "KA": null, "Name": null, "Plot_No": "6", "Block": "H" }, "geometry": { "type": "Polygon", "coordinates": [ [ [ 74.256836457611854, 31.44346417684471 ], [ 74.256716199902527, 31.443219378444891 ], [ 74.256595619513675, 31.443264062217995 ], [ 74.256593650139848, 31.443265739830377 ], [ 74.256715662393503, 31.443507170256392 ], [ 74.256836457611854, 31.44346417684471 ] ] ] } },
{ "type": "Feature", "properties": { "Id": null, "__source_file": "Export_Output.shp", "OBJECTID": 175738.0, "SHAPE_Leng": 437.676011587, "SHAPE_Area": 9163.3300505299994, "Town": "Allama Iqbal Town", "UC_N0": "UC_120", "Landuse": "R", "KA": null, "Name": null, "Plot_No": "12A", "Block": "H" }, "geometry": { "type": "Polygon", "coordinates": [ [ [ 74.256198263434001, 31.443691321050004 ], [ 74.25631670510559, 31.443922240132917 ], [ 74.256403696530299, 31.443889952691485 ], [ 74.256302848007309, 31.443654097909938 ], [ 74.256198263434001, 31.443691321050004 ] ] ] } },
{ "type": "Feature", "properties": { "Id": null, "__source_file": "Export_Output.shp", "OBJECTID": 175738.0, "SHAPE_Leng": 437.676011587, "SHAPE_Area": 9163.3300505299994, "Town": "Allama Iqbal Town", "UC_N0": "UC_120", "Landuse": "V", "KA": null, "Name": null, "Plot_No": "16", "Block": "H" }, "geometry": { "type": "Polygon", "coordinates": [ [ [ 74.257094259667994, 31.443633642718233 ], [ 74.257001987223319, 31.443405261325321 ], [ 74.256836457611854, 31.44346417684471 ], [ 74.256946627208762, 31.443688438535261 ], [ 74.257094259667994, 31.443633642718233 ] ] ] } },
{ "type": "Feature", "properties": { "Id": null, "__source_file": "Export_Output.shp", "OBJECTID": 174811.0, "SHAPE_Leng": 475.558586886, "SHAPE_Area": 9780.3922805300008, "Town": "Allama Iqbal Town", "UC_N0": "UC_120", "Landuse": "V", "KA": null, "Name": null, "Plot_No": "69", "Block": "H" }, "geometry": { "type": "Polygon", "coordinates": [ [ [ 74.257802560497922, 31.44304922527515 ], [ 74.257706684621354, 31.442852326611746 ], [ 74.257466197463899, 31.442941446863546 ], [ 74.257565187031318, 31.443139903850039 ], [ 74.257802560497922, 31.44304922527515 ] ] ] } },
{ "type": "Feature", "properties": { "Id": null, "__source_file": "Export_Output.shp", "OBJECTID": 174811.0, "SHAPE_Leng": 475.558586886, "SHAPE_Area": 9780.3922805300008, "Town": "Allama Iqbal Town", "UC_N0": "UC_120", "Landuse": "R", "KA": null, "Name": null, "Plot_No": "69A", "Block": "H" }, "geometry": { "type": "Polygon", "coordinates": [ [ [ 74.257991675013102, 31.442976981618905 ], [ 74.257884033126189, 31.442786603871028 ], [ 74.25783679822095, 31.442804108571298 ], [ 74.257706684621354, 31.442852326611746 ], [ 74.257802560497922, 31.44304922527515 ], [ 74.257991675013102, 31.442976981618905 ] ] ] } },
{ "type": "Feature", "properties": { "Id": null, "__source_file": "Export_Output.shp", "OBJECTID": 174811.0, "SHAPE_Leng": 475.558586886, "SHAPE_Area": 9780.3922805300008, "Town": "Allama Iqbal Town", "UC_N0": "UC_120", "Landuse": "R", "KA": null, "Name": null, "Plot_No": "70", "Block": "H" }, "geometry": { "type": "Polygon", "coordinates": [ [ [ 74.257884033126189, 31.442786603871028 ], [ 74.257991675013102, 31.442976981618905 ], [ 74.25811638753062, 31.442929339990204 ], [ 74.258021017975267, 31.442735838760743 ], [ 74.257884033126189, 31.442786603871028 ] ] ] } },
{ "type": "Feature", "properties": { "Id": null, "__source_file": "Export_Output.shp", "OBJECTID": 174811.0, "SHAPE_Leng": 475.558586886, "SHAPE_Area": 9780.3922805300008, "Town": "Allama Iqbal Town", "UC_N0": "UC_120", "Landuse": "V", "KA": null, "Name": null, "Plot_No": "71", "Block": "H" }, "geometry": { "type": "Polygon", "coordinates": [ [ [ 74.258177343844253, 31.443053018017114 ], [ 74.258138170814149, 31.442973537331053 ], [ 74.25811638753062, 31.442929339990204 ], [ 74.257881358760116, 31.443019123636152 ], [ 74.257944210613005, 31.443147633564113 ], [ 74.258177343844253, 31.443053018017114 ] ] ] } },
{ "type": "Feature", "properties": { "Id": null, "__source_file": "Export_Output.shp", "OBJECTID": 174811.0, "SHAPE_Leng": 475.558586886, "SHAPE_Area": 9780.3922805300008, "Town": "Allama Iqbal Town", "UC_N0": "UC_120", "Landuse": "V", "KA": null, "Name": null, "Plot_No": "72", "Block": "H" }, "geometry": { "type": "Polygon", "coordinates": [ [ [ 74.258243611438246, 31.443187472283125 ], [ 74.258177343844253, 31.443053018017114 ], [ 74.257944210613005, 31.443147633564113 ], [ 74.258008013325025, 31.443278087280699 ], [ 74.258243611438246, 31.443187472283125 ] ] ] } },
{ "type": "Feature", "properties": { "Id": null, "__source_file": "Export_Output.shp", "OBJECTID": 174811.0, "SHAPE_Leng": 475.558586886, "SHAPE_Area": 9780.3922805300008, "Town": "Allama Iqbal Town", "UC_N0": "UC_120", "Landuse": "V", "KA": null, "Name": null, "Plot_No": "73", "Block": "H" }, "geometry": { "type": "Polygon", "coordinates": [ [ [ 74.258308942084426, 31.443320025117295 ], [ 74.258243611438246, 31.443187472283125 ], [ 74.258008013325025, 31.443278087280699 ], [ 74.258072499984522, 31.443409939032108 ], [ 74.258308942084426, 31.443320025117295 ] ] ] } },
{ "type": "Feature", "properties": { "Id": null, "__source_file": "Export_Output.shp", "OBJECTID": 174811.0, "SHAPE_Leng": 475.558586886, "SHAPE_Area": 9780.3922805300008, "Town": "Allama Iqbal Town", "UC_N0": "UC_120", "Landuse": "V", "KA": null, "Name": null, "Plot_No": "74", "Block": "H" }, "geometry": { "type": "Polygon", "coordinates": [ [ [ 74.258367129566849, 31.443438084468763 ], [ 74.258308942084426, 31.443320025117295 ], [ 74.258072499984522, 31.443409939032108 ], [ 74.258132107272914, 31.443531813894062 ], [ 74.258367129566849, 31.443438084468763 ] ] ] } },
{ "type": "Feature", "properties": { "Id": null, "__source_file": "Export_Output.shp", "OBJECTID": 174811.0, "SHAPE_Leng": 475.558586886, "SHAPE_Area": 9780.3922805300008, "Town": "Allama Iqbal Town", "UC_N0": "UC_120", "Landuse": "V", "KA": null, "Name": null, "Plot_No": "75", "Block": "H" }, "geometry": { "type": "Polygon", "coordinates": [ [ [ 74.258441170492134, 31.44358830903294 ], [ 74.258367129566849, 31.443438084468763 ], [ 74.258132107272914, 31.443531813894062 ], [ 74.258200267765517, 31.443671176481921 ], [ 74.258441170492134, 31.44358830903294 ] ] ] } },
{ "type": "Feature", "properties": { "Id": null, "__source_file": "Export_Output.shp", "OBJECTID": 174811.0, "SHAPE_Leng": 475.558586886, "SHAPE_Area": 9780.3922805300008, "Town": "Allama Iqbal Town", "UC_N0": "UC_120", "Landuse": "V", "KA": null, "Name": null, "Plot_No": "68", "Block": "H" }, "geometry": { "type": "Polygon", "coordinates": [ [ [ 74.257944210613005, 31.443147633564113 ], [ 74.257881358760116, 31.443019123636152 ], [ 74.257565187031318, 31.443139903850039 ], [ 74.257632202996803, 31.443274258776828 ], [ 74.257944210613005, 31.443147633564113 ] ] ] } },
{ "type": "Feature", "properties": { "Id": null, "__source_file": "Export_Output.shp", "OBJECTID": 174811.0, "SHAPE_Leng": 475.558586886, "SHAPE_Area": 9780.3922805300008, "Town": "Allama Iqbal Town", "UC_N0": "UC_120", "Landuse": "V", "KA": null, "Name": null, "Plot_No": "66", "Block": "H" }, "geometry": { "type": "Polygon", "coordinates": [ [ [ 74.258072499984522, 31.443409939032108 ], [ 74.258008013325025, 31.443278087280699 ], [ 74.257694297508579, 31.44339874670905 ], [ 74.257759290431039, 31.443529045036247 ], [ 74.258072499984522, 31.443409939032108 ] ] ] } },
{ "type": "Feature", "properties": { "Id": null, "__source_file": "Export_Output.shp", "OBJECTID": 174811.0, "SHAPE_Leng": 475.558586886, "SHAPE_Area": 9780.3922805300008, "Town": "Allama Iqbal Town", "UC_N0": "UC_120", "Landuse": "V", "KA": null, "Name": null, "Plot_No": "61", "Block": "H" }, "geometry": { "type": "Polygon", "coordinates": [ [ [ 74.258382846150212, 31.444044478478343 ], [ 74.258316121709541, 31.443908053238729 ], [ 74.257999371129017, 31.444010357369834 ], [ 74.258078785749689, 31.444169566159033 ], [ 74.258382846150212, 31.444044478478343 ] ] ] } },
{ "type": "Feature", "properties": { "Id": null, "__source_file": "Export_Output.shp", "OBJECTID": 174811.0, "SHAPE_Leng": 475.558586886, "SHAPE_Area": 9780.3922805300008, "Town": "Allama Iqbal Town", "UC_N0": "UC_120", "Landuse": "V", "KA": null, "Name": null, "Plot_No": "78", "Block": "H" }, "geometry": { "type": "Polygon", "coordinates": [ [ [ 74.258619741493632, 31.443947021153086 ], [ 74.258560887161195, 31.443828998176972 ], [ 74.258316121709527, 31.443908053238729 ], [ 74.258382846150212, 31.444044478478343 ], [ 74.258619741493632, 31.443947021153086 ] ] ] } },
{ "type": "Feature", "properties": { "Id": null, "__source_file": "Export_Output.shp", "OBJECTID": 174811.0, "SHAPE_Leng": 475.558586886, "SHAPE_Area": 9780.3922805300008, "Town": "Allama Iqbal Town", "UC_N0": "UC_120", "Landuse": "V", "KA": null, "Name": null, "Plot_No": "79", "Block": "H" }, "geometry": { "type": "Polygon", "coordinates": [ [ [ 74.258681797219765, 31.444071463461739 ], [ 74.258619741493632, 31.443947021153086 ], [ 74.258382846150212, 31.444044478478343 ], [ 74.258442038288408, 31.44416550276766 ], [ 74.258681797219765, 31.444071463461739 ] ] ] } },
{ "type": "Feature", "properties": { "Id": null, "__source_file": "Export_Output.shp", "OBJECTID": 174811.0, "SHAPE_Leng": 475.558586886, "SHAPE_Area": 9780.3922805300008, "Town": "Allama Iqbal Town", "UC_N0": "UC_120", "Landuse": "V", "KA": null, "Name": null, "Plot_No": "80", "Block": "H" }, "geometry": { "type": "Polygon", "coordinates": [ [ [ 74.258681797219765, 31.444071463461739 ], [ 74.258442038288408, 31.44416550276766 ], [ 74.258521031685859, 31.444327012207758 ], [ 74.258764508812831, 31.444237327568676 ], [ 74.258681797219765, 31.444071463461739 ] ] ] } },
{ "type": "Feature", "properties": { "Id": null, "__source_file": "Export_Output.shp", "OBJECTID": 174811.0, "SHAPE_Leng": 475.558586886, "SHAPE_Area": 9780.3922805300008, "Town": "Allama Iqbal Town", "UC_N0": "UC_120", "Landuse": "V", "KA": null, "Name": null, "Plot_No": "60", "Block": "H" }, "geometry": { "type": "Polygon", "coordinates": [ [ [ 74.258442038288408, 31.44416550276766 ], [ 74.258382846150212, 31.444044478478343 ], [ 74.258078785749689, 31.444169566159033 ], [ 74.258136529733974, 31.444285329741501 ], [ 74.258442038288408, 31.44416550276766 ] ] ] } },
{ "type": "Feature", "properties": { "Id": null, "__source_file": "Export_Output.shp", "OBJECTID": 181736.0, "SHAPE_Leng": 239.01260697800001, "SHAPE_Area": 3559.9882195, "Town": "Allama Iqbal Town", "UC_N0": "UC_120", "Landuse": "V", "KA": null, "Name": null, "Plot_No": "28", "Block": "B" }, "geometry": { "type": "Polygon", "coordinates": [ [ [ 74.259235483130226, 31.444031307547515 ], [ 74.259123833496758, 31.443787439695793 ], [ 74.25898139978824, 31.443840631691909 ], [ 74.259102145002146, 31.44407862879574 ], [ 74.259235483130226, 31.444031307547515 ] ] ] } },
{ "type": "Feature", "properties": { "Id": null, "__source_file": "Export_Output.shp", "OBJECTID": 181736.0, "SHAPE_Leng": 239.01260697800001, "SHAPE_Area": 3559.9882195, "Town": "Allama Iqbal Town", "UC_N0": "UC_120", "Landuse": "V", "KA": null, "Name": null, "Plot_No": "30", "Block": "B" }, "geometry": { "type": "Polygon", "coordinates": [ [ [ 74.2592520422848, 31.443739559820521 ], [ 74.259370071593651, 31.443983542368922 ], [ 74.259513187018413, 31.443932750778593 ], [ 74.259394482634974, 31.443686364925234 ], [ 74.2592520422848, 31.443739559820521 ] ] ] } },
{ "type": "Feature", "properties": { "Id": null, "__source_file": "Export_Output.shp", "OBJECTID": 181736.0, "SHAPE_Leng": 239.01260697800001, "SHAPE_Area": 3559.9882195, "Town": "Allama Iqbal Town", "UC_N0": "UC_120", "Landuse": "V", "KA": null, "Name": null, "Plot_No": "29", "Block": "B" }, "geometry": { "type": "Polygon", "coordinates": [ [ [ 74.259370071593651, 31.443983542368922 ], [ 74.2592520422848, 31.443739559820521 ], [ 74.259123833496758, 31.443787439695793 ], [ 74.259235483130226, 31.444031307547515 ], [ 74.259370071593651, 31.443983542368922 ] ] ] } },
{ "type": "Feature", "properties": { "Id": null, "__source_file": "Export_Output.shp", "OBJECTID": 181736.0, "SHAPE_Leng": 239.01260697800001, "SHAPE_Area": 3559.9882195, "Town": "Allama Iqbal Town", "UC_N0": "UC_120", "Landuse": "V", "KA": null, "Name": null, "Plot_No": "39", "Block": "B" }, "geometry": { "type": "Polygon", "coordinates": [ [ [ 74.259141301738509, 31.443510642902758 ], [ 74.2592520422848, 31.443739559820521 ], [ 74.259394482634974, 31.443686364925234 ], [ 74.259284486724923, 31.443458053373792 ], [ 74.259141301738509, 31.443510642902758 ] ] ] } },
{ "type": "Feature", "properties": { "Id": null, "__source_file": "Export_Output.shp", "OBJECTID": 181736.0, "SHAPE_Leng": 239.01260697800001, "SHAPE_Area": 3559.9882195, "Town": "Allama Iqbal Town", "UC_N0": "UC_120", "Landuse": "V", "KA": null, "Name": null, "Plot_No": "40", "Block": "B" }, "geometry": { "type": "Polygon", "coordinates": [ [ [ 74.2592520422848, 31.443739559820521 ], [ 74.259141301738509, 31.443510642902758 ], [ 74.259017864826404, 31.443555979106343 ], [ 74.259123833496758, 31.443787439695793 ], [ 74.2592520422848, 31.443739559820521 ] ] ] } },
{ "type": "Feature", "properties": { "Id": null, "__source_file": "Export_Output.shp", "OBJECTID": 175332.0, "SHAPE_Leng": 92.672363987400004, "SHAPE_Area": 499.08864442499998, "Town": "Allama Iqbal Town", "UC_N0": "UC_120", "Landuse": "V", "KA": null, "Name": null, "Plot_No": "71", "Block": "B" }, "geometry": { "type": "Polygon", "coordinates": [ [ [ 74.258863019342471, 31.442914997546051 ], [ 74.25874490869036, 31.442655859976345 ], [ 74.258604776218931, 31.44270554741896 ], [ 74.258741691278857, 31.442959535576914 ], [ 74.258863019342471, 31.442914997546051 ] ] ] } },
{ "type": "Feature", "properties": { "Id": null, "__source_file": "Export_Output.shp", "OBJECTID": 175332.0, "SHAPE_Leng": 92.672363987400004, "SHAPE_Area": 499.08864442499998, "Town": "Allama Iqbal Town", "UC_N0": "UC_120", "Landuse": "V", "KA": null, "Name": null, "Plot_No": "72", "Block": "B" }, "geometry": { "type": "Polygon", "coordinates": [ [ [ 74.259008430416543, 31.442861618731325 ], [ 74.258890076110916, 31.44260438704892 ], [ 74.25874490869036, 31.442655859976345 ], [ 74.258863019342471, 31.442914997546051 ], [ 74.259008430416543, 31.442861618731325 ] ] ] } },
{ "type": "Feature", "properties": { "Id": null, "__source_file": "Export_Output.shp", "OBJECTID": 175332.0, "SHAPE_Leng": 92.672363987400004, "SHAPE_Area": 499.08864442499998, "Town": "Allama Iqbal Town", "UC_N0": "UC_120", "Landuse": "V", "KA": null, "Name": null, "Plot_No": "73", "Block": "B" }, "geometry": { "type": "Polygon", "coordinates": [ [ [ 74.259151987692078, 31.442808920202591 ], [ 74.259036499247912, 31.442552468648639 ], [ 74.258890076110916, 31.44260438704892 ], [ 74.259008430416543, 31.442861618731325 ], [ 74.259151987692078, 31.442808920202591 ] ] ] } },
{ "type": "Feature", "properties": { "Id": null, "__source_file": "Export_Output.shp", "OBJECTID": 175332.0, "SHAPE_Leng": 92.672363987400004, "SHAPE_Area": 499.08864442499998, "Town": "Allama Iqbal Town", "UC_N0": "UC_120", "Landuse": "V", "KA": null, "Name": null, "Plot_No": "74", "Block": "B" }, "geometry": { "type": "Polygon", "coordinates": [ [ [ 74.259301401090212, 31.442754071710588 ], [ 74.259177413473736, 31.442502503372303 ], [ 74.259036499247912, 31.442552468648639 ], [ 74.259151987692078, 31.442808920202591 ], [ 74.259301401090212, 31.442754071710588 ] ] ] } },
{ "type": "Feature", "properties": { "Id": null, "__source_file": "Export_Output.shp", "OBJECTID": 175332.0, "SHAPE_Leng": 92.672363987400004, "SHAPE_Area": 499.08864442499998, "Town": "Allama Iqbal Town", "UC_N0": "UC_120", "Landuse": "V", "KA": null, "Name": null, "Plot_No": "75", "Block": "B" }, "geometry": { "type": "Polygon", "coordinates": [ [ [ 74.259448078250813, 31.442700227436383 ], [ 74.259332972815358, 31.442447344996552 ], [ 74.259177413473736, 31.442502503372303 ], [ 74.259301401090212, 31.442754071710588 ], [ 74.259448078250813, 31.442700227436383 ] ] ] } },
{ "type": "Feature", "properties": { "Id": null, "__source_file": "Export_Output.shp", "OBJECTID": 175332.0, "SHAPE_Leng": 92.672363987400004, "SHAPE_Area": 499.08864442499998, "Town": "Allama Iqbal Town", "UC_N0": "UC_120", "Landuse": "V", "KA": null, "Name": null, "Plot_No": "76", "Block": "B" }, "geometry": { "type": "Polygon", "coordinates": [ [ [ 74.259583024820202, 31.442650689184806 ], [ 74.259461465424437, 31.442401783775075 ], [ 74.259332972815358, 31.442447344996552 ], [ 74.259448078250813, 31.442700227436383 ], [ 74.259583024820202, 31.442650689184806 ] ] ] } },
{ "type": "Feature", "properties": { "Id": null, "__source_file": "Export_Output.shp", "OBJECTID": 175332.0, "SHAPE_Leng": 92.672363987400004, "SHAPE_Area": 499.08864442499998, "Town": "Allama Iqbal Town", "UC_N0": "UC_120", "Landuse": "V", "KA": null, "Name": null, "Plot_No": "77", "Block": "B" }, "geometry": { "type": "Polygon", "coordinates": [ [ [ 74.259712019348754, 31.442603335716253 ], [ 74.259593550030942, 31.442354948712669 ], [ 74.259461465424437, 31.442401783775075 ], [ 74.259583024820202, 31.442650689184806 ], [ 74.259712019348754, 31.442603335716253 ] ] ] } },
{ "type": "Feature", "properties": { "Id": null, "__source_file": "Export_Output.shp", "OBJECTID": 175332.0, "SHAPE_Leng": 92.672363987400004, "SHAPE_Area": 499.08864442499998, "Town": "Allama Iqbal Town", "UC_N0": "UC_120", "Landuse": "V", "KA": null, "Name": null, "Plot_No": "78", "Block": "B" }, "geometry": { "type": "Polygon", "coordinates": [ [ [ 74.259870398243649, 31.442545195098255 ], [ 74.259747170989073, 31.442300476976889 ], [ 74.259593550030942, 31.442354948712669 ], [ 74.259712019348754, 31.442603335716253 ], [ 74.259870398243649, 31.442545195098255 ] ] ] } },
{ "type": "Feature", "properties": { "Id": null, "__source_file": "Export_Output.shp", "OBJECTID": 175332.0, "SHAPE_Leng": 92.672363987400004, "SHAPE_Area": 499.08864442499998, "Town": "Allama Iqbal Town", "UC_N0": "UC_120", "Landuse": "R", "KA": null, "Name": null, "Plot_No": "79", "Block": "B" }, "geometry": { "type": "Polygon", "coordinates": [ [ [ 74.259983533730818, 31.442503662965272 ], [ 74.259880915176709, 31.442253053048994 ], [ 74.259747170989073, 31.442300476976889 ], [ 74.259870398243649, 31.442545195098255 ], [ 74.259883908804014, 31.442540235382417 ], [ 74.259983533730818, 31.442503662965272 ] ] ] } },
{ "type": "Feature", "properties": { "Id": null, "__source_file": "Export_Output.shp", "OBJECTID": 175332.0, "SHAPE_Leng": 92.672363987400004, "SHAPE_Area": 499.08864442499998, "Town": "Allama Iqbal Town", "UC_N0": "UC_120", "Landuse": "V", "KA": null, "Name": null, "Plot_No": "80", "Block": "B" }, "geometry": { "type": "Polygon", "coordinates": [ [ [ 74.260150207579898, 31.44244247686941 ], [ 74.260036317635681, 31.442197949145875 ], [ 74.259880915176709, 31.442253053048994 ], [ 74.259983533730818, 31.442503662965272 ], [ 74.260031571343134, 31.442486028268267 ], [ 74.260150207579898, 31.44244247686941 ] ] ] } },
{ "type": "Feature", "properties": { "Id": null, "__source_file": "Export_Output.shp", "OBJECTID": 175332.0, "SHAPE_Leng": 92.672363987400004, "SHAPE_Area": 499.08864442499998, "Town": "Allama Iqbal Town", "UC_N0": "UC_120", "Landuse": "R", "KA": null, "Name": null, "Plot_No": "82", "Block": "B" }, "geometry": { "type": "Polygon", "coordinates": [ [ [ 74.259918524390216, 31.441945039411102 ], [ 74.260036317635681, 31.442197949145825 ], [ 74.260249863247068, 31.442122227941454 ], [ 74.260124593654567, 31.441869882437107 ], [ 74.259961978331958, 31.44192919109495 ], [ 74.259918524390216, 31.441945039411102 ] ] ] } },
{ "type": "Feature", "properties": { "Id": null, "__source_file": "Export_Output.shp", "OBJECTID": 175332.0, "SHAPE_Leng": 92.672363987400004, "SHAPE_Area": 499.08864442499998, "Town": "Allama Iqbal Town", "UC_N0": "UC_120", "Landuse": "V", "KA": null, "Name": null, "Plot_No": "83", "Block": "B" }, "geometry": { "type": "Polygon", "coordinates": [ [ [ 74.260036317635681, 31.442197949145825 ], [ 74.259918524390216, 31.441945039411102 ], [ 74.259776066536901, 31.441996995324761 ], [ 74.259880915176709, 31.442253053048947 ], [ 74.260036317635681, 31.442197949145825 ] ] ] } },
{ "type": "Feature", "properties": { "Id": null, "__source_file": "Export_Output.shp", "OBJECTID": 175332.0, "SHAPE_Leng": 92.672363987400004, "SHAPE_Area": 499.08864442499998, "Town": "Allama Iqbal Town", "UC_N0": "UC_120", "Landuse": "V", "KA": null, "Name": null, "Plot_No": "84", "Block": "B" }, "geometry": { "type": "Polygon", "coordinates": [ [ [ 74.259880915176709, 31.442253053048947 ], [ 74.259776066536901, 31.441996995324761 ], [ 74.25962254813598, 31.442052985932246 ], [ 74.259747170989073, 31.442300476976854 ], [ 74.259880915176709, 31.442253053048947 ] ] ] } },
{ "type": "Feature", "properties": { "Id": null, "__source_file": "Export_Output.shp", "OBJECTID": 175332.0, "SHAPE_Leng": 92.672363987400004, "SHAPE_Area": 499.08864442499998, "Town": "Allama Iqbal Town", "UC_N0": "UC_120", "Landuse": "V", "KA": null, "Name": null, "Plot_No": "85", "Block": "B" }, "geometry": { "type": "Polygon", "coordinates": [ [ [ 74.259747170989073, 31.442300476976854 ], [ 74.25962254813598, 31.442052985932246 ], [ 74.25947516516203, 31.44210673729906 ], [ 74.259593550030928, 31.442354948712623 ], [ 74.259747170989073, 31.442300476976854 ] ] ] } },
{ "type": "Feature", "properties": { "Id": null, "__source_file": "Export_Output.shp", "OBJECTID": 175332.0, "SHAPE_Leng": 92.672363987400004, "SHAPE_Area": 499.08864442499998, "Town": "Allama Iqbal Town", "UC_N0": "UC_120", "Landuse": "V", "KA": null, "Name": null, "Plot_No": "86", "Block": "B" }, "geometry": { "type": "Polygon", "coordinates": [ [ [ 74.259593550030928, 31.442354948712623 ], [ 74.25947516516203, 31.44210673729906 ], [ 74.259341229013799, 31.442155585929406 ], [ 74.259461465424437, 31.442401783775075 ], [ 74.259593550030928, 31.442354948712623 ] ] ] } },
{ "type": "Feature", "properties": { "Id": null, "__source_file": "Export_Output.shp", "OBJECTID": 175332.0, "SHAPE_Leng": 92.672363987400004, "SHAPE_Area": 499.08864442499998, "Town": "Allama Iqbal Town", "UC_N0": "UC_120", "Landuse": "V", "KA": null, "Name": null, "Plot_No": "87", "Block": "B" }, "geometry": { "type": "Polygon", "coordinates": [ [ [ 74.259461465424437, 31.442401783775075 ], [ 74.259341229013799, 31.442155585929406 ], [ 74.259220254790847, 31.44219970622035 ], [ 74.259332972815358, 31.442447344996502 ], [ 74.259461465424437, 31.442401783775075 ] ] ] } },
{ "type": "Feature", "properties": { "Id": null, "__source_file": "Export_Output.shp", "OBJECTID": 175332.0, "SHAPE_Leng": 92.672363987400004, "SHAPE_Area": 499.08864442499998, "Town": "Allama Iqbal Town", "UC_N0": "UC_120", "Landuse": "V", "KA": null, "Name": null, "Plot_No": "88", "Block": "B" }, "geometry": { "type": "Polygon", "coordinates": [ [ [ 74.259332972815358, 31.442447344996502 ], [ 74.259220254790847, 31.442199706220343 ], [ 74.259057443168743, 31.442259084706013 ], [ 74.259177413473736, 31.442502503372303 ], [ 74.259332972815358, 31.442447344996502 ] ] ] } },
{ "type": "Feature", "properties": { "Id": null, "__source_file": "Export_Output.shp", "OBJECTID": 175332.0, "SHAPE_Leng": 92.672363987400004, "SHAPE_Area": 499.08864442499998, "Town": "Allama Iqbal Town", "UC_N0": "UC_120", "Landuse": "V", "KA": null, "Name": null, "Plot_No": "89", "Block": "B" }, "geometry": { "type": "Polygon", "coordinates": [ [ [ 74.259177413473736, 31.442502503372303 ], [ 74.259057443168743, 31.442259084706013 ], [ 74.258925972175689, 31.442307032847602 ], [ 74.259036499247898, 31.442552468648639 ], [ 74.259177413473736, 31.442502503372303 ] ] ] } },
{ "type": "Feature", "properties": { "Id": null, "__source_file": "Export_Output.shp", "OBJECTID": 175332.0, "SHAPE_Leng": 92.672363987400004, "SHAPE_Area": 499.08864442499998, "Town": "Allama Iqbal Town", "UC_N0": "UC_120", "Landuse": "V", "KA": null, "Name": null, "Plot_No": "90", "Block": "B" }, "geometry": { "type": "Polygon", "coordinates": [ [ [ 74.259036499247898, 31.442552468648639 ], [ 74.258925972175689, 31.442307032847602 ], [ 74.258778078714187, 31.44236097012563 ], [ 74.258890076110916, 31.44260438704892 ], [ 74.259036499247898, 31.442552468648639 ] ] ] } },
{ "type": "Feature", "properties": { "Id": null, "__source_file": "Export_Output.shp", "OBJECTID": 175332.0, "SHAPE_Leng": 92.672363987400004, "SHAPE_Area": 499.08864442499998, "Town": "Allama Iqbal Town", "UC_N0": "UC_120", "Landuse": "V", "KA": null, "Name": null, "Plot_No": "91", "Block": "B" }, "geometry": { "type": "Polygon", "coordinates": [ [ [ 74.258890076110916, 31.44260438704892 ], [ 74.258778078714187, 31.44236097012563 ], [ 74.258634388322292, 31.442413374304376 ], [ 74.25874490869036, 31.442655859976345 ], [ 74.258890076110916, 31.44260438704892 ] ] ] } },
{ "type": "Feature", "properties": { "Id": null, "__source_file": "Export_Output.shp", "OBJECTID": 175332.0, "SHAPE_Leng": 92.672363987400004, "SHAPE_Area": 499.08864442499998, "Town": "Allama Iqbal Town", "UC_N0": "UC_120", "Landuse": "V", "KA": null, "Name": null, "Plot_No": "92", "Block": "B" }, "geometry": { "type": "Polygon", "coordinates": [ [ [ 74.25874490869036, 31.442655859976345 ], [ 74.258634388322292, 31.442413374304376 ], [ 74.25847801933503, 31.442470402141147 ], [ 74.258604776218931, 31.44270554741896 ], [ 74.25874490869036, 31.442655859976345 ] ] ] } },
{ "type": "Feature", "properties": { "Id": null, "__source_file": "Export_Output.shp", "OBJECTID": 175332.0, "SHAPE_Leng": 92.672363987400004, "SHAPE_Area": 499.08864442499998, "Town": "Allama Iqbal Town", "UC_N0": "UC_120", "Landuse": "V", "KA": null, "Name": null, "Plot_No": "93", "Block": "B" }, "geometry": { "type": "Polygon", "coordinates": [ [ [ 74.258604776218931, 31.44270554741896 ], [ 74.25847801933503, 31.442470402141147 ], [ 74.258319159389131, 31.442528338163036 ], [ 74.258440800848589, 31.442763688689155 ], [ 74.258604776218931, 31.44270554741896 ] ] ] } },
{ "type": "Feature", "properties": { "Id": null, "__source_file": "Export_Output.shp", "OBJECTID": 175332.0, "SHAPE_Leng": 92.672363987400004, "SHAPE_Area": 499.08864442499998, "Town": "Allama Iqbal Town", "UC_N0": "UC_120", "Landuse": "V", "KA": null, "Name": null, "Plot_No": "94", "Block": "B" }, "geometry": { "type": "Polygon", "coordinates": [ [ [ 74.258403634905122, 31.442691780408499 ], [ 74.258319159389131, 31.442528338163036 ], [ 74.258131840538468, 31.442596652763971 ], [ 74.258206093177662, 31.44274590143306 ], [ 74.258403634905122, 31.442691780408499 ] ] ] } },
{ "type": "Feature", "properties": { "Id": null, "__source_file": "Export_Output.shp", "OBJECTID": 181733.0, "SHAPE_Leng": 638.15665214000001, "SHAPE_Area": 10780.8766793, "Town": "Allama Iqbal Town", "UC_N0": "UC_120", "Landuse": null, "KA": null, "Name": null, "Plot_No": "57", "Block": "B" }, "geometry": { "type": "Polygon", "coordinates": [ [ [ 74.260318766191233, 31.442739412701936 ], [ 74.260217800014303, 31.442485411647191 ], [ 74.260207930873108, 31.44248904437109 ], [ 74.260058523695179, 31.442544039589954 ], [ 74.260173379306039, 31.442791250032947 ], [ 74.260318766191233, 31.442739412701936 ] ] ] } },
{ "type": "Feature", "properties": { "Id": null, "__source_file": "Export_Output.shp", "OBJECTID": 181733.0, "SHAPE_Leng": 638.15665214000001, "SHAPE_Area": 10780.8766793, "Town": "Allama Iqbal Town", "UC_N0": "UC_120", "Landuse": "V", "KA": null, "Name": null, "Plot_No": "43", "Block": "B" }, "geometry": { "type": "Polygon", "coordinates": [ [ [ 74.258751871029219, 31.443381900863923 ], [ 74.258562658116261, 31.44346259455833 ], [ 74.258642637490254, 31.443623350782108 ], [ 74.258835851006012, 31.443552101087349 ], [ 74.258751871029219, 31.443381900863923 ] ] ] } },
{ "type": "Feature", "properties": { "Id": null, "__source_file": "Export_Output.shp", "OBJECTID": 181733.0, "SHAPE_Leng": 638.15665214000001, "SHAPE_Area": 10780.8766793, "Town": "Allama Iqbal Town", "UC_N0": "UC_120", "Landuse": "V", "KA": null, "Name": null, "Plot_No": "46", "Block": "B" }, "geometry": { "type": "Polygon", "coordinates": [ [ [ 74.259256260276402, 31.443397068966767 ], [ 74.259145486268167, 31.4431577363409 ], [ 74.259010495881071, 31.443205865155775 ], [ 74.259116774134597, 31.443448506750734 ], [ 74.259256260276402, 31.443397068966767 ] ] ] } },
{ "type": "Feature", "properties": { "Id": null, "__source_file": "Export_Output.shp", "OBJECTID": 181733.0, "SHAPE_Leng": 638.15665214000001, "SHAPE_Area": 10780.8766793, "Town": "Allama Iqbal Town", "UC_N0": "UC_120", "Landuse": "V", "KA": null, "Name": null, "Plot_No": "47", "Block": "B" }, "geometry": { "type": "Polygon", "coordinates": [ [ [ 74.259407131990031, 31.443341432331682 ], [ 74.259307087924654, 31.443100119419789 ], [ 74.259145486268167, 31.4431577363409 ], [ 74.259256260276402, 31.443397068966767 ], [ 74.259407131990031, 31.443341432331682 ] ] ] } },
{ "type": "Feature", "properties": { "Id": null, "__source_file": "Export_Output.shp", "OBJECTID": 181733.0, "SHAPE_Leng": 638.15665214000001, "SHAPE_Area": 10780.8766793, "Town": "Allama Iqbal Town", "UC_N0": "UC_120", "Landuse": "R", "KA": null, "Name": null, "Plot_No": "48", "Block": "B" }, "geometry": { "type": "Polygon", "coordinates": [ [ [ 74.259548558609936, 31.443289278520361 ], [ 74.25943941709177, 31.443052939009302 ], [ 74.259307087924654, 31.443100119419789 ], [ 74.259407131990031, 31.443341432331682 ], [ 74.259548558609936, 31.443289278520361 ] ] ] } },
{ "type": "Feature", "properties": { "Id": null, "__source_file": "Export_Output.shp", "OBJECTID": 181733.0, "SHAPE_Leng": 638.15665214000001, "SHAPE_Area": 10780.8766793, "Town": "Allama Iqbal Town", "UC_N0": "UC_120", "Landuse": "R", "KA": null, "Name": null, "Plot_No": "49", "Block": "B" }, "geometry": { "type": "Polygon", "coordinates": [ [ [ 74.259706871987177, 31.443230897133514 ], [ 74.259593325274381, 31.442998064620912 ], [ 74.25943941709177, 31.443052939009302 ], [ 74.259548558609936, 31.443289278520361 ], [ 74.259706871987177, 31.443230897133514 ] ] ] } },
{ "type": "Feature", "properties": { "Id": null, "__source_file": "Export_Output.shp", "OBJECTID": 181733.0, "SHAPE_Leng": 638.15665214000001, "SHAPE_Area": 10780.8766793, "Town": "Allama Iqbal Town", "UC_N0": "UC_120", "Landuse": "V", "KA": null, "Name": null, "Plot_No": "52", "Block": "B" }, "geometry": { "type": "Polygon", "coordinates": [ [ [ 74.260138861261368, 31.443071591089215 ], [ 74.260023195631504, 31.442844797412121 ], [ 74.259882595230721, 31.442894927697317 ], [ 74.260013076079417, 31.443117977625533 ], [ 74.260138861261368, 31.443071591089215 ] ] ] } },
{ "type": "Feature", "properties": { "Id": null, "__source_file": "Export_Output.shp", "OBJECTID": 181733.0, "SHAPE_Leng": 638.15665214000001, "SHAPE_Area": 10780.8766793, "Town": "Allama Iqbal Town", "UC_N0": "UC_120", "Landuse": "V", "KA": null, "Name": null, "Plot_No": "53", "Block": "B" }, "geometry": { "type": "Polygon", "coordinates": [ [ [ 74.260279527026654, 31.443019716751117 ], [ 74.260173379306039, 31.442791250033011 ], [ 74.260023195631504, 31.442844797412121 ], [ 74.260138861261368, 31.443071591089215 ], [ 74.260279527026654, 31.443019716751117 ] ] ] } },
{ "type": "Feature", "properties": { "Id": null, "__source_file": "Export_Output.shp", "OBJECTID": 181733.0, "SHAPE_Leng": 638.15665214000001, "SHAPE_Area": 10780.8766793, "Town": "Allama Iqbal Town", "UC_N0": "UC_120", "Landuse": "V", "KA": null, "Name": null, "Plot_No": "54", "Block": "B" }, "geometry": { "type": "Polygon", "coordinates": [ [ [ 74.260410926452067, 31.442971259435804 ], [ 74.260318766191233, 31.442739412701936 ], [ 74.260173379306039, 31.442791250033011 ], [ 74.260279527026654, 31.443019716751117 ], [ 74.260410926452067, 31.442971259435804 ] ] ] } },
{ "type": "Feature", "properties": { "Id": null, "__source_file": "Export_Output.shp", "OBJECTID": 181733.0, "SHAPE_Leng": 638.15665214000001, "SHAPE_Area": 10780.8766793, "Town": "Allama Iqbal Town", "UC_N0": "UC_120", "Landuse": "V", "KA": null, "Name": null, "Plot_No": "55", "Block": "B" }, "geometry": { "type": "Polygon", "coordinates": [ [ [ 74.260318766191233, 31.442739412701936 ], [ 74.260410926452067, 31.442971259435804 ], [ 74.260631049303029, 31.442890082389418 ], [ 74.260520537806386, 31.442667471165045 ], [ 74.260318766191233, 31.442739412701936 ] ] ] } },
{ "type": "Feature", "properties": { "Id": null, "__source_file": "Export_Output.shp", "OBJECTID": 181733.0, "SHAPE_Leng": 638.15665214000001, "SHAPE_Area": 10780.8766793, "Town": "Allama Iqbal Town", "UC_N0": "UC_120", "Landuse": "V", "KA": null, "Name": null, "Plot_No": "68A", "Block": "B" }, "geometry": { "type": "Polygon", "coordinates": [ [ [ 74.258671650568445, 31.443219319346561 ], [ 74.258474796984899, 31.443285995551634 ], [ 74.258562658116261, 31.44346259455833 ], [ 74.258751871029219, 31.443381900863923 ], [ 74.258671650568445, 31.443219319346561 ] ] ] } },
{ "type": "Feature", "properties": { "Id": null, "__source_file": "Export_Output.shp", "OBJECTID": 181733.0, "SHAPE_Leng": 638.15665214000001, "SHAPE_Area": 10780.8766793, "Town": "Allama Iqbal Town", "UC_N0": "UC_120", "Landuse": "V", "KA": null, "Name": null, "Plot_No": "68", "Block": "B" }, "geometry": { "type": "Polygon", "coordinates": [ [ [ 74.258671650568445, 31.443219319346561 ], [ 74.258602833676548, 31.443079848779377 ], [ 74.258407927129582, 31.443151588087225 ], [ 74.258474796984899, 31.443285995551634 ], [ 74.258671650568445, 31.443219319346561 ] ] ] } },
{ "type": "Feature", "properties": { "Id": null, "__source_file": "Export_Output.shp", "OBJECTID": 181733.0, "SHAPE_Leng": 638.15665214000001, "SHAPE_Area": 10780.8766793, "Town": "Allama Iqbal Town", "UC_N0": "UC_120", "Landuse": "V", "KA": null, "Name": null, "Plot_No": "67", "Block": "B" }, "geometry": { "type": "Polygon", "coordinates": [ [ [ 74.258876715611009, 31.443253562330927 ], [ 74.25876737124922, 31.443019287069767 ], [ 74.258602833676548, 31.443079848779377 ], [ 74.258716697053771, 31.443310614090699 ], [ 74.258876715611009, 31.443253562330927 ] ] ] } },
{ "type": "Feature", "properties": { "Id": null, "__source_file": "Export_Output.shp", "OBJECTID": 181733.0, "SHAPE_Leng": 638.15665214000001, "SHAPE_Area": 10780.8766793, "Town": "Allama Iqbal Town", "UC_N0": "UC_120", "Landuse": "V", "KA": null, "Name": null, "Plot_No": "65", "Block": "B" }, "geometry": { "type": "Polygon", "coordinates": [ [ [ 74.259145486268167, 31.4431577363409 ], [ 74.25903569429795, 31.44292052418373 ], [ 74.258906365828821, 31.442968126798991 ], [ 74.259010495881071, 31.443205865155775 ], [ 74.259145486268167, 31.4431577363409 ] ] ] } },
{ "type": "Feature", "properties": { "Id": null, "__source_file": "Export_Output.shp", "OBJECTID": 181733.0, "SHAPE_Leng": 638.15665214000001, "SHAPE_Area": 10780.8766793, "Town": "Allama Iqbal Town", "UC_N0": "UC_120", "Landuse": "V", "KA": null, "Name": null, "Plot_No": "62", "Block": "B" }, "geometry": { "type": "Polygon", "coordinates": [ [ [ 74.259593325274381, 31.442998064620912 ], [ 74.259476402899566, 31.442758308878613 ], [ 74.259328498286862, 31.442812749601202 ], [ 74.25943941709177, 31.443052939009302 ], [ 74.259593325274381, 31.442998064620912 ] ] ] } },
{ "type": "Feature", "properties": { "Id": null, "__source_file": "Export_Output.shp", "OBJECTID": 181735.0, "SHAPE_Leng": 244.80787001300001, "SHAPE_Area": 3216.5765346500002, "Town": "Allama Iqbal Town", "UC_N0": "UC_120", "Landuse": "V", "KA": null, "Name": null, "Plot_No": "31", "Block": "B" }, "geometry": { "type": "Polygon", "coordinates": [ [ [ 74.260431831182089, 31.443606718835376 ], [ 74.260320495926933, 31.443359642421186 ], [ 74.260157293015638, 31.443415067894204 ], [ 74.260271699838327, 31.443663551183494 ], [ 74.260431831182089, 31.443606718835376 ] ] ] } },
{ "type": "Feature", "properties": { "Id": null, "__source_file": "Export_Output.shp", "OBJECTID": 181735.0, "SHAPE_Leng": 244.80787001300001, "SHAPE_Area": 3216.5765346500002, "Town": "Allama Iqbal Town", "UC_N0": "UC_120", "Landuse": "V", "KA": null, "Name": null, "Plot_No": "32", "Block": "B" }, "geometry": { "type": "Polygon", "coordinates": [ [ [ 74.260570685086833, 31.443557437861426 ], [ 74.260461320124548, 31.443311816779918 ], [ 74.260320495926933, 31.443359642421186 ], [ 74.260431831182089, 31.443606718835376 ], [ 74.260570685086833, 31.443557437861426 ] ] ] } },
{ "type": "Feature", "properties": { "Id": null, "__source_file": "Export_Output.shp", "OBJECTID": 181735.0, "SHAPE_Leng": 244.80787001300001, "SHAPE_Area": 3216.5765346500002, "Town": "Allama Iqbal Town", "UC_N0": "UC_120", "Landuse": "V", "KA": null, "Name": null, "Plot_No": "33", "Block": "B" }, "geometry": { "type": "Polygon", "coordinates": [ [ [ 74.260713945066897, 31.443506592903031 ], [ 74.260598580836742, 31.443265201145124 ], [ 74.260461320124548, 31.443311816779918 ], [ 74.260570685086833, 31.443557437861426 ], [ 74.260713945066897, 31.443506592903031 ] ] ] } },
{ "type": "Feature", "properties": { "Id": null, "__source_file": "Export_Output.shp", "OBJECTID": 181735.0, "SHAPE_Leng": 244.80787001300001, "SHAPE_Area": 3216.5765346500002, "Town": "Allama Iqbal Town", "UC_N0": "UC_120", "Landuse": "R", "KA": null, "Name": null, "Plot_No": "35", "Block": "B" }, "geometry": { "type": "Polygon", "coordinates": [ [ [ 74.260480762179952, 31.443018672306174 ], [ 74.260598580836742, 31.443265201145124 ], [ 74.260785721098443, 31.443201645412071 ], [ 74.260779334253741, 31.443188780032273 ], [ 74.260661864014168, 31.442952153830248 ], [ 74.260481552266043, 31.443018382110182 ], [ 74.260480762179952, 31.443018672306174 ] ] ] } },
{ "type": "Feature", "properties": { "Id": null, "__source_file": "Export_Output.shp", "OBJECTID": 181735.0, "SHAPE_Leng": 244.80787001300001, "SHAPE_Area": 3216.5765346500002, "Town": "Allama Iqbal Town", "UC_N0": "UC_120", "Landuse": "R", "KA": null, "Name": null, "Plot_No": "37", "Block": "B" }, "geometry": { "type": "Polygon", "coordinates": [ [ [ 74.260461320124548, 31.443311816779918 ], [ 74.260351874134216, 31.443066012367851 ], [ 74.260211428427397, 31.443117597308412 ], [ 74.260320495926933, 31.443359642421186 ], [ 74.260461320124548, 31.443311816779918 ] ] ] } },
{ "type": "Feature", "properties": { "Id": null, "__source_file": "Export_Output.shp", "OBJECTID": 181735.0, "SHAPE_Leng": 244.80787001300001, "SHAPE_Area": 3216.5765346500002, "Town": "Allama Iqbal Town", "UC_N0": "UC_120", "Landuse": "V", "KA": null, "Name": null, "Plot_No": "36", "Block": "B" }, "geometry": { "type": "Polygon", "coordinates": [ [ [ 74.260598580836742, 31.443265201145124 ], [ 74.260480762179952, 31.443018672306174 ], [ 74.260351874134216, 31.443066012367851 ], [ 74.260461320124548, 31.443311816779918 ], [ 74.260598580836742, 31.443265201145124 ] ] ] } },
{ "type": "Feature", "properties": { "Id": null, "__source_file": "Export_Output.shp", "OBJECTID": 175366.0, "SHAPE_Leng": 434.09221053200002, "SHAPE_Area": 8981.806559000001, "Town": "Allama Iqbal Town", "UC_N0": "UC_120", "Landuse": null, "KA": null, "Name": null, "Plot_No": "33", "Block": "H" }, "geometry": { "type": "Polygon", "coordinates": [ [ [ 74.256902917593635, 31.444325642601584 ], [ 74.25680612235324, 31.444081873659613 ], [ 74.256689524754137, 31.444123559370858 ], [ 74.25679949375612, 31.44436368667235 ], [ 74.256902917593635, 31.444325642601584 ] ] ] } },
{ "type": "Feature", "properties": { "Id": null, "__source_file": "Export_Output.shp", "OBJECTID": 175366.0, "SHAPE_Leng": 434.09221053200002, "SHAPE_Area": 8981.806559000001, "Town": "Allama Iqbal Town", "UC_N0": "UC_120", "Landuse": null, "KA": null, "Name": null, "Plot_No": "37", "Block": "H" }, "geometry": { "type": "Polygon", "coordinates": [ [ [ 74.257492815704694, 31.444108648590365 ], [ 74.257376861145943, 31.443877822329387 ], [ 74.257216215582162, 31.443935256905199 ], [ 74.257313046881805, 31.444174776946337 ], [ 74.257492815704694, 31.444108648590365 ] ] ] } },
{ "type": "Feature", "properties": { "Id": null, "__source_file": "Export_Output.shp", "OBJECTID": 175366.0, "SHAPE_Leng": 434.09221053200002, "SHAPE_Area": 8981.806559000001, "Town": "Allama Iqbal Town", "UC_N0": "UC_120", "Landuse": "V", "KA": null, "Name": null, "Plot_No": "32", "Block": "H" }, "geometry": { "type": "Polygon", "coordinates": [ [ [ 74.25679949375612, 31.44436368667235 ], [ 74.256689524754137, 31.444123559370858 ], [ 74.256541787741469, 31.444176377767981 ], [ 74.256657309485774, 31.444415988434837 ], [ 74.25679949375612, 31.44436368667235 ] ] ] } },
{ "type": "Feature", "properties": { "Id": null, "__source_file": "Export_Output.shp", "OBJECTID": 175366.0, "SHAPE_Leng": 434.09221053200002, "SHAPE_Area": 8981.806559000001, "Town": "Allama Iqbal Town", "UC_N0": "UC_120", "Landuse": "V", "KA": null, "Name": null, "Plot_No": "34", "Block": "H" }, "geometry": { "type": "Polygon", "coordinates": [ [ [ 74.257067053318607, 31.444265265654103 ], [ 74.256960650664737, 31.444026626823138 ], [ 74.25680612235324, 31.444081873659613 ], [ 74.256902917593635, 31.444325642601584 ], [ 74.257067053318607, 31.444265265654103 ] ] ] } },
{ "type": "Feature", "properties": { "Id": null, "__source_file": "Export_Output.shp", "OBJECTID": 175366.0, "SHAPE_Leng": 434.09221053200002, "SHAPE_Area": 8981.806559000001, "Town": "Allama Iqbal Town", "UC_N0": "UC_120", "Landuse": "V", "KA": null, "Name": null, "Plot_No": "36", "Block": "H" }, "geometry": { "type": "Polygon", "coordinates": [ [ [ 74.257313046881805, 31.444174776946337 ], [ 74.257216215582162, 31.443935256905199 ], [ 74.257083458955776, 31.443982720321895 ], [ 74.257194269851254, 31.44421846914662 ], [ 74.257313046881805, 31.444174776946337 ] ] ] } },
{ "type": "Feature", "properties": { "Id": null, "__source_file": "Export_Output.shp", "OBJECTID": 175366.0, "SHAPE_Leng": 434.09221053200002, "SHAPE_Area": 8981.806559000001, "Town": "Allama Iqbal Town", "UC_N0": "UC_120", "Landuse": "V", "KA": null, "Name": null, "Plot_No": "35", "Block": "H" }, "geometry": { "type": "Polygon", "coordinates": [ [ [ 74.257194269851254, 31.44421846914662 ], [ 74.257083458955776, 31.443982720321895 ], [ 74.256960650664737, 31.444026626823138 ], [ 74.257067053318607, 31.444265265654103 ], [ 74.257194269851254, 31.44421846914662 ] ] ] } },
{ "type": "Feature", "properties": { "Id": null, "__source_file": "Export_Output.shp", "OBJECTID": 175366.0, "SHAPE_Leng": 434.09221053200002, "SHAPE_Area": 8981.806559000001, "Town": "Allama Iqbal Town", "UC_N0": "UC_120", "Landuse": "V", "KA": null, "Name": null, "Plot_No": "38", "Block": "H" }, "geometry": { "type": "Polygon", "coordinates": [ [ [ 74.257633549427169, 31.44405687913876 ], [ 74.257518317999342, 31.443827247943094 ], [ 74.257376861145943, 31.443877822329387 ], [ 74.257492815704694, 31.444108648590365 ], [ 74.257633549427169, 31.44405687913876 ] ] ] } },
{ "type": "Feature", "properties": { "Id": null, "__source_file": "Export_Output.shp", "OBJECTID": 175366.0, "SHAPE_Leng": 434.09221053200002, "SHAPE_Area": 8981.806559000001, "Town": "Allama Iqbal Town", "UC_N0": "UC_120", "Landuse": "R", "KA": null, "Name": null, "Plot_No": "39", "Block": "H" }, "geometry": { "type": "Polygon", "coordinates": [ [ [ 74.257757902159426, 31.444011135321041 ], [ 74.257645955562964, 31.443781614118571 ], [ 74.257518317999342, 31.443827247943094 ], [ 74.257633549427169, 31.44405687913876 ], [ 74.257757902159426, 31.444011135321041 ] ] ] } },
{ "type": "Feature", "properties": { "Id": null, "__source_file": "Export_Output.shp", "OBJECTID": 175366.0, "SHAPE_Leng": 434.09221053200002, "SHAPE_Area": 8981.806559000001, "Town": "Allama Iqbal Town", "UC_N0": "UC_120", "Landuse": "V", "KA": null, "Name": null, "Plot_No": "40", "Block": "H" }, "geometry": { "type": "Polygon", "coordinates": [ [ [ 74.257645955562964, 31.443781614118571 ], [ 74.257757902159426, 31.444011135321041 ], [ 74.257911936675654, 31.443954472669255 ], [ 74.257800122675619, 31.443726495043943 ], [ 74.257645955562964, 31.443781614118571 ] ] ] } },
{ "type": "Feature", "properties": { "Id": null, "__source_file": "Export_Output.shp", "OBJECTID": 175366.0, "SHAPE_Leng": 434.09221053200002, "SHAPE_Area": 8981.806559000001, "Town": "Allama Iqbal Town", "UC_N0": "UC_120", "Landuse": "V", "KA": null, "Name": null, "Plot_No": "23", "Block": "H" }, "geometry": { "type": "Polygon", "coordinates": [ [ [ 74.257518317999342, 31.443827247943094 ], [ 74.257402551338259, 31.443596548931573 ], [ 74.257261483660542, 31.443648143618386 ], [ 74.257376861145943, 31.443877822329387 ], [ 74.257518317999342, 31.443827247943094 ] ] ] } },
{ "type": "Feature", "properties": { "Id": null, "__source_file": "Export_Output.shp", "OBJECTID": 175366.0, "SHAPE_Leng": 434.09221053200002, "SHAPE_Area": 8981.806559000001, "Town": "Allama Iqbal Town", "UC_N0": "UC_120", "Landuse": "V", "KA": null, "Name": null, "Plot_No": "25", "Block": "H" }, "geometry": { "type": "Polygon", "coordinates": [ [ [ 74.257216215582162, 31.443935256905199 ], [ 74.257120926832954, 31.443699551252198 ], [ 74.256975380506574, 31.443752783535107 ], [ 74.257083458955776, 31.443982720321895 ], [ 74.257216215582162, 31.443935256905199 ] ] ] } },
{ "type": "Feature", "properties": { "Id": null, "__source_file": "Export_Output.shp", "OBJECTID": 175366.0, "SHAPE_Leng": 434.09221053200002, "SHAPE_Area": 8981.806559000001, "Town": "Allama Iqbal Town", "UC_N0": "UC_120", "Landuse": "V", "KA": null, "Name": null, "Plot_No": "24", "Block": "H" }, "geometry": { "type": "Polygon", "coordinates": [ [ [ 74.257376861145943, 31.443877822329387 ], [ 74.257261483660542, 31.443648143618386 ], [ 74.257120926832954, 31.443699551252198 ], [ 74.257216215582162, 31.443935256905199 ], [ 74.257376861145943, 31.443877822329387 ] ] ] } },
{ "type": "Feature", "properties": { "Id": null, "__source_file": "Export_Output.shp", "OBJECTID": 175366.0, "SHAPE_Leng": 434.09221053200002, "SHAPE_Area": 8981.806559000001, "Town": "Allama Iqbal Town", "UC_N0": "UC_120", "Landuse": "R", "KA": null, "Name": null, "Plot_No": "28", "Block": "H" }, "geometry": { "type": "Polygon", "coordinates": [ [ [ 74.25680612235324, 31.444081873659613 ], [ 74.256713482996361, 31.443848569662485 ], [ 74.256585094830101, 31.443895525949898 ], [ 74.256689524754137, 31.444123559370858 ], [ 74.25680612235324, 31.444081873659613 ] ] ] } },
{ "type": "Feature", "properties": { "Id": null, "__source_file": "Export_Output.shp", "OBJECTID": 175366.0, "SHAPE_Leng": 434.09221053200002, "SHAPE_Area": 8981.806559000001, "Town": "Allama Iqbal Town", "UC_N0": "UC_120", "Landuse": "V", "KA": null, "Name": null, "Plot_No": "30", "Block": "H" }, "geometry": { "type": "Polygon", "coordinates": [ [ [ 74.256425054478953, 31.4442181116538 ], [ 74.256334775642628, 31.44398707639958 ], [ 74.256119969436284, 31.444065637977999 ], [ 74.256232444205693, 31.444286972388735 ], [ 74.256425054478953, 31.4442181116538 ] ] ] } },
{ "type": "Feature", "properties": { "Id": null, "__source_file": "Export_Output.shp", "OBJECTID": 175366.0, "SHAPE_Leng": 434.09221053200002, "SHAPE_Area": 8981.806559000001, "Town": "Allama Iqbal Town", "UC_N0": "UC_120", "Landuse": "R", "KA": null, "Name": null, "Plot_No": "29A", "Block": "H" }, "geometry": { "type": "Polygon", "coordinates": [ [ [ 74.256334775642628, 31.44398707639958 ], [ 74.256425054478953, 31.4442181116538 ], [ 74.256541787741469, 31.444176377767981 ], [ 74.256433171765991, 31.443951089588754 ], [ 74.256334775642628, 31.44398707639958 ] ] ] } },
{ "type": "Feature", "properties": { "Id": null, "__source_file": "Export_Output.shp", "OBJECTID": 175366.0, "SHAPE_Leng": 434.09221053200002, "SHAPE_Area": 8981.806559000001, "Town": "Allama Iqbal Town", "UC_N0": "UC_120", "Landuse": "R", "KA": null, "Name": null, "Plot_No": "29", "Block": "H" }, "geometry": { "type": "Polygon", "coordinates": [ [ [ 74.256689524754137, 31.444123559370858 ], [ 74.256585094830101, 31.443895525949898 ], [ 74.256433171765991, 31.443951089588754 ], [ 74.256541787741469, 31.444176377767981 ], [ 74.256689524754137, 31.444123559370858 ] ] ] } },
{ "type": "Feature", "properties": { "Id": null, "__source_file": "Export_Output.shp", "OBJECTID": 175709.0, "SHAPE_Leng": 281.68329479, "SHAPE_Area": 4804.57679654, "Town": "Allama Iqbal Town", "UC_N0": "UC_120", "Landuse": null, "KA": null, "Name": null, "Plot_No": "29", "Block": "J" }, "geometry": { "type": "Polygon", "coordinates": [ [ [ 74.25462765510521, 31.444567862460922 ], [ 74.254488268540527, 31.444296493373329 ], [ 74.254390038281343, 31.444332498702465 ], [ 74.254540011194734, 31.444601567346023 ], [ 74.25462765510521, 31.444567862460922 ] ] ] } },
{ "type": "Feature", "properties": { "Id": null, "__source_file": "Export_Output.shp", "OBJECTID": 175709.0, "SHAPE_Leng": 281.68329479, "SHAPE_Area": 4804.57679654, "Town": "Allama Iqbal Town", "UC_N0": "UC_120", "Landuse": "V", "KA": null, "Name": null, "Plot_No": "30", "Block": "J" }, "geometry": { "type": "Polygon", "coordinates": [ [ [ 74.254706633745599, 31.444537489873078 ], [ 74.254581713341395, 31.444262242010261 ], [ 74.254488268540527, 31.444296493373329 ], [ 74.25462765510521, 31.444567862460925 ], [ 74.254706633745599, 31.444537489873078 ] ] ] } },
{ "type": "Feature", "properties": { "Id": null, "__source_file": "Export_Output.shp", "OBJECTID": 175709.0, "SHAPE_Leng": 281.68329479, "SHAPE_Area": 4804.57679654, "Town": "Allama Iqbal Town", "UC_N0": "UC_120", "Landuse": "V", "KA": null, "Name": null, "Plot_No": "31", "Block": "J" }, "geometry": { "type": "Polygon", "coordinates": [ [ [ 74.254792384670679, 31.444504512809242 ], [ 74.25466879779988, 31.444230321889741 ], [ 74.254581713341395, 31.444262242010261 ], [ 74.254706633745599, 31.444537489873078 ], [ 74.254792384670679, 31.444504512809242 ] ] ] } },
{ "type": "Feature", "properties": { "Id": null, "__source_file": "Export_Output.shp", "OBJECTID": 175709.0, "SHAPE_Leng": 281.68329479, "SHAPE_Area": 4804.57679654, "Town": "Allama Iqbal Town", "UC_N0": "UC_120", "Landuse": "V", "KA": null, "Name": null, "Plot_No": "32", "Block": "J" }, "geometry": { "type": "Polygon", "coordinates": [ [ [ 74.254887825043269, 31.444467809398134 ], [ 74.25475305846561, 31.44419943673056 ], [ 74.25466879779988, 31.444230321889741 ], [ 74.254792384670679, 31.444504512809242 ], [ 74.254887825043269, 31.444467809398134 ] ] ] } },
{ "type": "Feature", "properties": { "Id": null, "__source_file": "Export_Output.shp", "OBJECTID": 175709.0, "SHAPE_Leng": 281.68329479, "SHAPE_Area": 4804.57679654, "Town": "Allama Iqbal Town", "UC_N0": "UC_120", "Landuse": "V", "KA": null, "Name": null, "Plot_No": "33", "Block": "J" }, "geometry": { "type": "Polygon", "coordinates": [ [ [ 74.254979653932779, 31.444432494756573 ], [ 74.25485637892622, 31.444161565232314 ], [ 74.25475305846561, 31.44419943673056 ], [ 74.254887825043269, 31.444467809398134 ], [ 74.254979653932779, 31.444432494756573 ] ] ] } },
{ "type": "Feature", "properties": { "Id": null, "__source_file": "Export_Output.shp", "OBJECTID": 175709.0, "SHAPE_Leng": 281.68329479, "SHAPE_Area": 4804.57679654, "Town": "Allama Iqbal Town", "UC_N0": "UC_120", "Landuse": "V", "KA": null, "Name": null, "Plot_No": "34", "Block": "J" }, "geometry": { "type": "Polygon", "coordinates": [ [ [ 74.25485637892622, 31.444161565232314 ], [ 74.254979653932779, 31.444432494756573 ], [ 74.255088738940927, 31.444390543807394 ], [ 74.254960506022613, 31.44412339795036 ], [ 74.25485637892622, 31.444161565232314 ] ] ] } },
{ "type": "Feature", "properties": { "Id": null, "__source_file": "Export_Output.shp", "OBJECTID": 175709.0, "SHAPE_Leng": 281.68329479, "SHAPE_Area": 4804.57679654, "Town": "Allama Iqbal Town", "UC_N0": "UC_120", "Landuse": "V", "KA": null, "Name": null, "Plot_No": "35", "Block": "J" }, "geometry": { "type": "Polygon", "coordinates": [ [ [ 74.25475842285239, 31.443946279603647 ], [ 74.254856378926235, 31.444161565232314 ], [ 74.254960506022613, 31.44412339795036 ], [ 74.254857577208057, 31.443908966611843 ], [ 74.25475842285239, 31.443946279603647 ] ] ] } },
{ "type": "Feature", "properties": { "Id": null, "__source_file": "Export_Output.shp", "OBJECTID": 175709.0, "SHAPE_Leng": 281.68329479, "SHAPE_Area": 4804.57679654, "Town": "Allama Iqbal Town", "UC_N0": "UC_120", "Landuse": "V", "KA": null, "Name": null, "Plot_No": "36", "Block": "J" }, "geometry": { "type": "Polygon", "coordinates": [ [ [ 74.254856378926235, 31.444161565232314 ], [ 74.25475842285239, 31.443946279603647 ], [ 74.254646990425243, 31.443988212855331 ], [ 74.25475305846561, 31.444199436730585 ], [ 74.254856378926235, 31.444161565232314 ] ] ] } },
{ "type": "Feature", "properties": { "Id": null, "__source_file": "Export_Output.shp", "OBJECTID": 175709.0, "SHAPE_Leng": 281.68329479, "SHAPE_Area": 4804.57679654, "Town": "Allama Iqbal Town", "UC_N0": "UC_120", "Landuse": "V", "KA": null, "Name": null, "Plot_No": "37", "Block": "J" }, "geometry": { "type": "Polygon", "coordinates": [ [ [ 74.25475305846561, 31.444199436730585 ], [ 74.254646990425243, 31.443988212855331 ], [ 74.254572334590549, 31.444016306593703 ], [ 74.25466879779988, 31.444230321889759 ], [ 74.25475305846561, 31.444199436730585 ] ] ] } },
{ "type": "Feature", "properties": { "Id": null, "__source_file": "Export_Output.shp", "OBJECTID": 175709.0, "SHAPE_Leng": 281.68329479, "SHAPE_Area": 4804.57679654, "Town": "Allama Iqbal Town", "UC_N0": "UC_120", "Landuse": "V", "KA": null, "Name": null, "Plot_No": "38", "Block": "J" }, "geometry": { "type": "Polygon", "coordinates": [ [ [ 74.25466879779988, 31.444230321889759 ], [ 74.254572334590549, 31.444016306593703 ], [ 74.254485010610381, 31.444049167404955 ], [ 74.254581713341395, 31.444262242010261 ], [ 74.25466879779988, 31.444230321889759 ] ] ] } },
{ "type": "Feature", "properties": { "Id": null, "__source_file": "Export_Output.shp", "OBJECTID": 175709.0, "SHAPE_Leng": 281.68329479, "SHAPE_Area": 4804.57679654, "Town": "Allama Iqbal Town", "UC_N0": "UC_120", "Landuse": "V", "KA": null, "Name": null, "Plot_No": "39", "Block": "J" }, "geometry": { "type": "Polygon", "coordinates": [ [ [ 74.254581713341395, 31.444262242010261 ], [ 74.254485010610381, 31.444049167404955 ], [ 74.25438128164744, 31.444088201452946 ], [ 74.254488268540527, 31.444296493373329 ], [ 74.254581713341395, 31.444262242010261 ] ] ] } },
{ "type": "Feature", "properties": { "Id": null, "__source_file": "Export_Output.shp", "OBJECTID": 175709.0, "SHAPE_Leng": 281.68329479, "SHAPE_Area": 4804.57679654, "Town": "Allama Iqbal Town", "UC_N0": "UC_120", "Landuse": "V", "KA": null, "Name": null, "Plot_No": "41", "Block": "J" }, "geometry": { "type": "Polygon", "coordinates": [ [ [ 74.254390038281343, 31.444332498702476 ], [ 74.254275963085718, 31.444127833559637 ], [ 74.254058297058094, 31.444209742415058 ], [ 74.254159400618875, 31.44441703624674 ], [ 74.254390038281343, 31.444332498702476 ] ] ] } },
{ "type": "Feature", "properties": { "Id": null, "__source_file": "Export_Output.shp", "OBJECTID": 175709.0, "SHAPE_Leng": 281.68329479, "SHAPE_Area": 4804.57679654, "Town": "Allama Iqbal Town", "UC_N0": "UC_120", "Landuse": "V", "KA": null, "Name": null, "Plot_No": "40", "Block": "J" }, "geometry": { "type": "Polygon", "coordinates": [ [ [ 74.254488268540527, 31.444296493373329 ], [ 74.25438128164744, 31.444088201452946 ], [ 74.254275963085718, 31.444127833559648 ], [ 74.254390038281343, 31.444332498702476 ], [ 74.254488268540527, 31.444296493373329 ] ] ] } },
{ "type": "Feature", "properties": { "Id": null, "__source_file": "Export_Output.shp", "OBJECTID": 175710.0, "SHAPE_Leng": 470.342197489, "SHAPE_Area": 9912.0934363300003, "Town": "Allama Iqbal Town", "UC_N0": "UC_120", "Landuse": null, "KA": null, "Name": null, "Plot_No": "7", "Block": "J" }, "geometry": { "type": "Polygon", "coordinates": [ [ [ 74.255078560486609, 31.445004337659416 ], [ 74.254944898173704, 31.444767597072666 ], [ 74.254819853662212, 31.444814273651335 ], [ 74.254921601172882, 31.445063009897197 ], [ 74.255078560486609, 31.445004337659416 ] ] ] } },
{ "type": "Feature", "properties": { "Id": null, "__source_file": "Export_Output.shp", "OBJECTID": 175710.0, "SHAPE_Leng": 470.342197489, "SHAPE_Area": 9912.0934363300003, "Town": "Allama Iqbal Town", "UC_N0": "UC_120", "Landuse": null, "KA": null, "Name": null, "Plot_No": "12", "Block": "J" }, "geometry": { "type": "Polygon", "coordinates": [ [ [ 74.255753623313822, 31.444751992481901 ], [ 74.255637162059358, 31.444509185939218 ], [ 74.25550217066656, 31.444559576494544 ], [ 74.255611691286632, 31.444805048492118 ], [ 74.255753623313822, 31.444751992481901 ] ] ] } },
{ "type": "Feature", "properties": { "Id": null, "__source_file": "Export_Output.shp", "OBJECTID": 175710.0, "SHAPE_Leng": 470.342197489, "SHAPE_Area": 9912.0934363300003, "Town": "Allama Iqbal Town", "UC_N0": "UC_120", "Landuse": null, "KA": null, "Name": null, "Plot_No": "28", "Block": "J" }, "geometry": { "type": "Polygon", "coordinates": [ [ [ 74.254672304715228, 31.444869350460607 ], [ 74.254567333328225, 31.444659805280732 ], [ 74.254323422981471, 31.444753331947393 ], [ 74.254425028673069, 31.444961652692907 ], [ 74.254672304715228, 31.444869350460607 ] ] ] } },
{ "type": "Feature", "properties": { "Id": null, "__source_file": "Export_Output.shp", "OBJECTID": 175710.0, "SHAPE_Leng": 470.342197489, "SHAPE_Area": 9912.0934363300003, "Town": "Allama Iqbal Town", "UC_N0": "UC_120", "Landuse": "V", "KA": null, "Name": null, "Plot_No": "17", "Block": "J" }, "geometry": { "type": "Polygon", "coordinates": [ [ [ 74.255946181953888, 31.444131077708217 ], [ 74.256060942458689, 31.44435099286596 ], [ 74.256162842901801, 31.444312954137466 ], [ 74.256052208941156, 31.44409042017136 ], [ 74.255946181953888, 31.444131077708217 ] ] ] } },
{ "type": "Feature", "properties": { "Id": null, "__source_file": "Export_Output.shp", "OBJECTID": 175710.0, "SHAPE_Leng": 470.342197489, "SHAPE_Area": 9912.0934363300003, "Town": "Allama Iqbal Town", "UC_N0": "UC_120", "Landuse": "V", "KA": null, "Name": null, "Plot_No": "18", "Block": "J" }, "geometry": { "type": "Polygon", "coordinates": [ [ [ 74.256060942458689, 31.44435099286596 ], [ 74.255946181953888, 31.444131077708217 ], [ 74.255818629968573, 31.444179989143425 ], [ 74.25592383823394, 31.444402172743938 ], [ 74.256060942458689, 31.44435099286596 ] ] ] } },
{ "type": "Feature", "properties": { "Id": null, "__source_file": "Export_Output.shp", "OBJECTID": 175710.0, "SHAPE_Leng": 470.342197489, "SHAPE_Area": 9912.0934363300003, "Town": "Allama Iqbal Town", "UC_N0": "UC_120", "Landuse": "V", "KA": null, "Name": null, "Plot_No": "19", "Block": "J" }, "geometry": { "type": "Polygon", "coordinates": [ [ [ 74.25592383823394, 31.444402172743938 ], [ 74.255818629968573, 31.444179989143425 ], [ 74.255665052715429, 31.444238880061338 ], [ 74.25577372118633, 31.444458209967376 ], [ 74.25592383823394, 31.444402172743938 ] ] ] } },
{ "type": "Feature", "properties": { "Id": null, "__source_file": "Export_Output.shp", "OBJECTID": 175710.0, "SHAPE_Leng": 470.342197489, "SHAPE_Area": 9912.0934363300003, "Town": "Allama Iqbal Town", "UC_N0": "UC_120", "Landuse": "V", "KA": null, "Name": null, "Plot_No": "21", "Block": "J" }, "geometry": { "type": "Polygon", "coordinates": [ [ [ 74.25563716205933, 31.444509185939165 ], [ 74.255531985741783, 31.444289905872502 ], [ 74.255403786915466, 31.444339064761046 ], [ 74.25550217066656, 31.444559576494544 ], [ 74.25563716205933, 31.444509185939165 ] ] ] } },
{ "type": "Feature", "properties": { "Id": null, "__source_file": "Export_Output.shp", "OBJECTID": 175710.0, "SHAPE_Leng": 470.342197489, "SHAPE_Area": 9912.0934363300003, "Town": "Allama Iqbal Town", "UC_N0": "UC_120", "Landuse": "V", "KA": null, "Name": null, "Plot_No": "20", "Block": "J" }, "geometry": { "type": "Polygon", "coordinates": [ [ [ 74.25577372118633, 31.444458209967376 ], [ 74.255665052715429, 31.444238880061338 ], [ 74.255531985741783, 31.444289905872502 ], [ 74.25563716205933, 31.444509185939165 ], [ 74.25577372118633, 31.444458209967376 ] ] ] } },
{ "type": "Feature", "properties": { "Id": null, "__source_file": "Export_Output.shp", "OBJECTID": 175710.0, "SHAPE_Leng": 470.342197489, "SHAPE_Area": 9912.0934363300003, "Town": "Allama Iqbal Town", "UC_N0": "UC_120", "Landuse": "V", "KA": null, "Name": null, "Plot_No": "22", "Block": "J" }, "geometry": { "type": "Polygon", "coordinates": [ [ [ 74.25550217066656, 31.444559576494544 ], [ 74.255403786915466, 31.444339064761046 ], [ 74.255271933023892, 31.444389625025124 ], [ 74.255375157542957, 31.444606988683613 ], [ 74.25550217066656, 31.444559576494544 ] ] ] } },
{ "type": "Feature", "properties": { "Id": null, "__source_file": "Export_Output.shp", "OBJECTID": 175710.0, "SHAPE_Leng": 470.342197489, "SHAPE_Area": 9912.0934363300003, "Town": "Allama Iqbal Town", "UC_N0": "UC_120", "Landuse": "R", "KA": null, "Name": null, "Plot_No": "24", "Block": "J" }, "geometry": { "type": "Polygon", "coordinates": [ [ [ 74.255239608667964, 31.444657586953788 ], [ 74.255120932321745, 31.444447527027336 ], [ 74.25500602977408, 31.444491586836548 ], [ 74.255102901927273, 31.44470861723488 ], [ 74.255239608667964, 31.444657586953788 ] ] ] } },
{ "type": "Feature", "properties": { "Id": null, "__source_file": "Export_Output.shp", "OBJECTID": 175710.0, "SHAPE_Leng": 470.342197489, "SHAPE_Area": 9912.0934363300003, "Town": "Allama Iqbal Town", "UC_N0": "UC_120", "Landuse": "V", "KA": null, "Name": null, "Plot_No": "23", "Block": "J" }, "geometry": { "type": "Polygon", "coordinates": [ [ [ 74.255375157542957, 31.444606988683613 ], [ 74.255271933023892, 31.444389625025124 ], [ 74.255120932321745, 31.444447527027336 ], [ 74.255239608667964, 31.444657586953788 ], [ 74.255375157542957, 31.444606988683613 ] ] ] } },
{ "type": "Feature", "properties": { "Id": null, "__source_file": "Export_Output.shp", "OBJECTID": 175710.0, "SHAPE_Leng": 470.342197489, "SHAPE_Area": 9912.0934363300003, "Town": "Allama Iqbal Town", "UC_N0": "UC_120", "Landuse": "R", "KA": null, "Name": null, "Plot_No": "25", "Block": "J" }, "geometry": { "type": "Polygon", "coordinates": [ [ [ 74.255102901927273, 31.44470861723488 ], [ 74.25500602977408, 31.444491586836548 ], [ 74.254827677412337, 31.444559976424468 ], [ 74.254944898173662, 31.444767597072666 ], [ 74.255102901927273, 31.44470861723488 ] ] ] } },
{ "type": "Feature", "properties": { "Id": null, "__source_file": "Export_Output.shp", "OBJECTID": 175710.0, "SHAPE_Leng": 470.342197489, "SHAPE_Area": 9912.0934363300003, "Town": "Allama Iqbal Town", "UC_N0": "UC_120", "Landuse": "V", "KA": null, "Name": null, "Plot_No": "26", "Block": "J" }, "geometry": { "type": "Polygon", "coordinates": [ [ [ 74.254944898173662, 31.444767597072666 ], [ 74.254827677412337, 31.444559976424468 ], [ 74.254730996570999, 31.444597048749607 ], [ 74.254819853662212, 31.444814273651335 ], [ 74.254944898173662, 31.444767597072666 ] ] ] } },
{ "type": "Feature", "properties": { "Id": null, "__source_file": "Export_Output.shp", "OBJECTID": 175710.0, "SHAPE_Leng": 470.342197489, "SHAPE_Area": 9912.0934363300003, "Town": "Allama Iqbal Town", "UC_N0": "UC_120", "Landuse": "V", "KA": null, "Name": null, "Plot_No": "27", "Block": "J" }, "geometry": { "type": "Polygon", "coordinates": [ [ [ 74.254819853662212, 31.444814273651335 ], [ 74.254730996570999, 31.444597048749607 ], [ 74.254567333328225, 31.444659805280732 ], [ 74.254672304715228, 31.444869350460607 ], [ 74.254819853662212, 31.444814273651335 ] ] ] } },
{ "type": "Feature", "properties": { "Id": null, "__source_file": "Export_Output.shp", "OBJECTID": 175710.0, "SHAPE_Leng": 470.342197489, "SHAPE_Area": 9912.0934363300003, "Town": "Allama Iqbal Town", "UC_N0": "UC_120", "Landuse": "V", "KA": null, "Name": null, "Plot_No": "6", "Block": "J" }, "geometry": { "type": "Polygon", "coordinates": [ [ [ 74.254921601172882, 31.445063009897197 ], [ 74.254819853662212, 31.444814273651335 ], [ 74.254672304715228, 31.444869350460614 ], [ 74.25479333707537, 31.445110955509591 ], [ 74.254921601172882, 31.445063009897197 ] ] ] } },
{ "type": "Feature", "properties": { "Id": null, "__source_file": "Export_Output.shp", "OBJECTID": 175710.0, "SHAPE_Leng": 470.342197489, "SHAPE_Area": 9912.0934363300003, "Town": "Allama Iqbal Town", "UC_N0": "UC_120", "Landuse": "V", "KA": null, "Name": null, "Plot_No": "8", "Block": "J" }, "geometry": { "type": "Polygon", "coordinates": [ [ [ 74.255212543180775, 31.444954253994045 ], [ 74.255102901927273, 31.444708617234909 ], [ 74.254944898173704, 31.444767597072666 ], [ 74.255078560486609, 31.445004337659416 ], [ 74.255212543180775, 31.444954253994045 ] ] ] } },
{ "type": "Feature", "properties": { "Id": null, "__source_file": "Export_Output.shp", "OBJECTID": 175710.0, "SHAPE_Leng": 470.342197489, "SHAPE_Area": 9912.0934363300003, "Town": "Allama Iqbal Town", "UC_N0": "UC_120", "Landuse": "V", "KA": null, "Name": null, "Plot_No": "10", "Block": "J" }, "geometry": { "type": "Polygon", "coordinates": [ [ [ 74.255490694758194, 31.444850278371721 ], [ 74.255375157542957, 31.444606988683613 ], [ 74.255239608667964, 31.444657586953806 ], [ 74.255373271636813, 31.444894172318957 ], [ 74.255490694758194, 31.444850278371721 ] ] ] } },
{ "type": "Feature", "properties": { "Id": null, "__source_file": "Export_Output.shp", "OBJECTID": 175710.0, "SHAPE_Leng": 470.342197489, "SHAPE_Area": 9912.0934363300003, "Town": "Allama Iqbal Town", "UC_N0": "UC_120", "Landuse": "V", "KA": null, "Name": null, "Plot_No": "9", "Block": "J" }, "geometry": { "type": "Polygon", "coordinates": [ [ [ 74.255373271636813, 31.444894172318957 ], [ 74.255239608667964, 31.444657586953806 ], [ 74.255102901927273, 31.444708617234909 ], [ 74.255212543180775, 31.444954253994034 ], [ 74.255373271636813, 31.444894172318957 ] ] ] } },
{ "type": "Feature", "properties": { "Id": null, "__source_file": "Export_Output.shp", "OBJECTID": 175710.0, "SHAPE_Leng": 470.342197489, "SHAPE_Area": 9912.0934363300003, "Town": "Allama Iqbal Town", "UC_N0": "UC_120", "Landuse": "V", "KA": null, "Name": null, "Plot_No": "11", "Block": "J" }, "geometry": { "type": "Polygon", "coordinates": [ [ [ 74.255611691286632, 31.444805048492118 ], [ 74.25550217066656, 31.444559576494544 ], [ 74.255375157542957, 31.444606988683653 ], [ 74.255490694758194, 31.444850278371721 ], [ 74.255611691286632, 31.444805048492118 ] ] ] } },
{ "type": "Feature", "properties": { "Id": null, "__source_file": "Export_Output.shp", "OBJECTID": 175710.0, "SHAPE_Leng": 470.342197489, "SHAPE_Area": 9912.0934363300003, "Town": "Allama Iqbal Town", "UC_N0": "UC_120", "Landuse": "V", "KA": null, "Name": null, "Plot_No": "13", "Block": "J" }, "geometry": { "type": "Polygon", "coordinates": [ [ [ 74.255893391945492, 31.444699744962644 ], [ 74.25577372118633, 31.444458209967408 ], [ 74.255637162059358, 31.444509185939218 ], [ 74.255753623313822, 31.444751992481901 ], [ 74.255893391945492, 31.444699744962644 ] ] ] } },
{ "type": "Feature", "properties": { "Id": null, "__source_file": "Export_Output.shp", "OBJECTID": 175710.0, "SHAPE_Leng": 470.342197489, "SHAPE_Area": 9912.0934363300003, "Town": "Allama Iqbal Town", "UC_N0": "UC_120", "Landuse": "R", "KA": null, "Name": null, "Plot_No": "14", "Block": "J" }, "geometry": { "type": "Polygon", "coordinates": [ [ [ 74.256038975473629, 31.444645323525894 ], [ 74.255923838233954, 31.444402172743978 ], [ 74.25577372118633, 31.444458209967408 ], [ 74.255893391945492, 31.444699744962644 ], [ 74.256038975473629, 31.444645323525894 ] ] ] } },
{ "type": "Feature", "properties": { "Id": null, "__source_file": "Export_Output.shp", "OBJECTID": 175710.0, "SHAPE_Leng": 470.342197489, "SHAPE_Area": 9912.0934363300003, "Town": "Allama Iqbal Town", "UC_N0": "UC_120", "Landuse": "R", "KA": null, "Name": null, "Plot_No": "15", "Block": "J" }, "geometry": { "type": "Polygon", "coordinates": [ [ [ 74.256185879592508, 31.444590408197747 ], [ 74.256060942458689, 31.444350992866003 ], [ 74.255923838233954, 31.444402172743978 ], [ 74.256038975473629, 31.444645323525894 ], [ 74.256185879592508, 31.444590408197747 ] ] ] } },
{ "type": "Feature", "properties": { "Id": null, "__source_file": "Export_Output.shp", "OBJECTID": 175710.0, "SHAPE_Leng": 470.342197489, "SHAPE_Area": 9912.0934363300003, "Town": "Allama Iqbal Town", "UC_N0": "UC_120", "Landuse": "V", "KA": null, "Name": null, "Plot_No": "16", "Block": "J" }, "geometry": { "type": "Polygon", "coordinates": [ [ [ 74.256060942458689, 31.444350992866003 ], [ 74.256185879592508, 31.444590408197747 ], [ 74.256282773895052, 31.444554187284936 ], [ 74.256162842901801, 31.444312954137466 ], [ 74.256060942458689, 31.444350992866003 ] ] ] } },
{ "type": "Feature", "properties": { "Id": null, "__source_file": "Export_Output.shp", "OBJECTID": 169519.0, "SHAPE_Leng": 151.249586394, "SHAPE_Area": 1428.9058375300001, "Town": "Allama Iqbal Town", "UC_N0": "UC_120", "Landuse": null, "KA": null, "Name": null, "Plot_No": "18", "Block": "B" }, "geometry": { "type": "Polygon", "coordinates": [ [ [ 74.260403943760238, 31.443975698778317 ], [ 74.260297742489485, 31.443725022239583 ], [ 74.260133116626321, 31.443783531223552 ], [ 74.260248198181031, 31.444028787995947 ], [ 74.260403943760238, 31.443975698778317 ] ] ] } },
{ "type": "Feature", "properties": { "Id": null, "__source_file": "Export_Output.shp", "OBJECTID": 169519.0, "SHAPE_Leng": 151.249586394, "SHAPE_Area": 1428.9058375300001, "Town": "Allama Iqbal Town", "UC_N0": "UC_120", "Landuse": "C", "KA": null, "Name": null, "Plot_No": "1", "Block": "B" }, "geometry": { "type": "Polygon", "coordinates": [ [ [ 74.259253917730334, 31.444446605189501 ], [ 74.259089426897646, 31.444521373779935 ], [ 74.259188105280614, 31.444719709554917 ], [ 74.259366354911961, 31.444652553903268 ], [ 74.259253917730334, 31.444446605189501 ] ] ] } },
{ "type": "Feature", "properties": { "Id": null, "__source_file": "Export_Output.shp", "OBJECTID": 169519.0, "SHAPE_Leng": 151.249586394, "SHAPE_Area": 1428.9058375300001, "Town": "Allama Iqbal Town", "UC_N0": "UC_120", "Landuse": "V", "KA": null, "Name": null, "Plot_No": "2", "Block": "B" }, "geometry": { "type": "Polygon", "coordinates": [ [ [ 74.259523145584083, 31.444593482640187 ], [ 74.259384788971218, 31.444323094966986 ], [ 74.259217600415909, 31.44438008299332 ], [ 74.259366354911961, 31.444652553903307 ], [ 74.259523145584083, 31.444593482640187 ] ] ] } },
{ "type": "Feature", "properties": { "Id": null, "__source_file": "Export_Output.shp", "OBJECTID": 169519.0, "SHAPE_Leng": 151.249586394, "SHAPE_Area": 1428.9058375300001, "Town": "Allama Iqbal Town", "UC_N0": "UC_120", "Landuse": "V", "KA": null, "Name": null, "Plot_No": "6", "Block": "B" }, "geometry": { "type": "Polygon", "coordinates": [ [ [ 74.260082682323301, 31.444382673854754 ], [ 74.259960876880299, 31.444126726958064 ], [ 74.259821502109986, 31.444174235206887 ], [ 74.259938725872289, 31.444436910624344 ], [ 74.260082682323301, 31.444382673854754 ] ] ] } },
{ "type": "Feature", "properties": { "Id": null, "__source_file": "Export_Output.shp", "OBJECTID": 169519.0, "SHAPE_Leng": 151.249586394, "SHAPE_Area": 1428.9058375300001, "Town": "Allama Iqbal Town", "UC_N0": "UC_120", "Landuse": "V", "KA": null, "Name": null, "Plot_No": "5", "Block": "B" }, "geometry": { "type": "Polygon", "coordinates": [ [ [ 74.259938725872289, 31.444436910624344 ], [ 74.259821502109986, 31.444174235206887 ], [ 74.25967938008651, 31.444222679696296 ], [ 74.259798125858737, 31.444489882610242 ], [ 74.259938725872289, 31.444436910624344 ] ] ] } },
{ "type": "Feature", "properties": { "Id": null, "__source_file": "Export_Output.shp", "OBJECTID": 169519.0, "SHAPE_Leng": 151.249586394, "SHAPE_Area": 1428.9058375300001, "Town": "Allama Iqbal Town", "UC_N0": "UC_120", "Landuse": "V", "KA": null, "Name": null, "Plot_No": "10", "Block": "B" }, "geometry": { "type": "Polygon", "coordinates": [ [ [ 74.260662664098575, 31.444164158688171 ], [ 74.260542851298709, 31.443928348955666 ], [ 74.260403943760238, 31.443975698778317 ], [ 74.260508409102911, 31.444222276486762 ], [ 74.260662664098575, 31.444164158688171 ] ] ] } },
{ "type": "Feature", "properties": { "Id": null, "__source_file": "Export_Output.shp", "OBJECTID": 169519.0, "SHAPE_Leng": 151.249586394, "SHAPE_Area": 1428.9058375300001, "Town": "Allama Iqbal Town", "UC_N0": "UC_120", "Landuse": "V", "KA": null, "Name": null, "Plot_No": "11", "Block": "B" }, "geometry": { "type": "Polygon", "coordinates": [ [ [ 74.260798044158676, 31.444113152080213 ], [ 74.260700455626022, 31.443874625661387 ], [ 74.260542851298709, 31.443928348955673 ], [ 74.260662664098575, 31.444164158688171 ], [ 74.260798044158676, 31.444113152080213 ] ] ] } },
{ "type": "Feature", "properties": { "Id": null, "__source_file": "Export_Output.shp", "OBJECTID": 169519.0, "SHAPE_Leng": 151.249586394, "SHAPE_Area": 1428.9058375300001, "Town": "Allama Iqbal Town", "UC_N0": "UC_120", "Landuse": "V", "KA": null, "Name": null, "Plot_No": "12", "Block": "B" }, "geometry": { "type": "Polygon", "coordinates": [ [ [ 74.260947598810858, 31.444056804734849 ], [ 74.260832802270883, 31.443829511867953 ], [ 74.260700455626022, 31.443874625661387 ], [ 74.260798044158676, 31.444113152080213 ], [ 74.260947598810858, 31.444056804734849 ] ] ] } },
{ "type": "Feature", "properties": { "Id": null, "__source_file": "Export_Output.shp", "OBJECTID": 169519.0, "SHAPE_Leng": 151.249586394, "SHAPE_Area": 1428.9058375300001, "Town": "Allama Iqbal Town", "UC_N0": "UC_120", "Landuse": "V", "KA": null, "Name": null, "Plot_No": "14", "Block": "B" }, "geometry": { "type": "Polygon", "coordinates": [ [ [ 74.260706632525185, 31.443579699115499 ], [ 74.260832802270883, 31.443829511867953 ], [ 74.261059120011993, 31.443752365163661 ], [ 74.260933391520979, 31.443499106206573 ], [ 74.260706632525185, 31.443579699115499 ] ] ] } },
{ "type": "Feature", "properties": { "Id": null, "__source_file": "Export_Output.shp", "OBJECTID": 169519.0, "SHAPE_Leng": 151.249586394, "SHAPE_Area": 1428.9058375300001, "Town": "Allama Iqbal Town", "UC_N0": "UC_120", "Landuse": "V", "KA": null, "Name": null, "Plot_No": "15", "Block": "B" }, "geometry": { "type": "Polygon", "coordinates": [ [ [ 74.260832802270883, 31.443829511867953 ], [ 74.260706632525185, 31.443579699115499 ], [ 74.260595894915525, 31.443619056413016 ], [ 74.260700455626022, 31.443874625661387 ], [ 74.260832802270883, 31.443829511867953 ] ] ] } },
{ "type": "Feature", "properties": { "Id": null, "__source_file": "Export_Output.shp", "OBJECTID": 169519.0, "SHAPE_Leng": 151.249586394, "SHAPE_Area": 1428.9058375300001, "Town": "Allama Iqbal Town", "UC_N0": "UC_120", "Landuse": "R", "KA": null, "Name": null, "Plot_No": "16", "Block": "B" }, "geometry": { "type": "Polygon", "coordinates": [ [ [ 74.260700455626022, 31.443874625661387 ], [ 74.260595894915525, 31.443619056413016 ], [ 74.260417853890345, 31.443682333772085 ], [ 74.260542851298709, 31.443928348955673 ], [ 74.260700455626022, 31.443874625661387 ] ] ] } },
{ "type": "Feature", "properties": { "Id": null, "__source_file": "Export_Output.shp", "OBJECTID": 169519.0, "SHAPE_Leng": 151.249586394, "SHAPE_Area": 1428.9058375300001, "Town": "Allama Iqbal Town", "UC_N0": "UC_120", "Landuse": "V", "KA": null, "Name": null, "Plot_No": "26A", "Block": "B" }, "geometry": { "type": "Polygon", "coordinates": [ [ [ 74.259253917730334, 31.444446605189501 ], [ 74.259165024778966, 31.44428378122749 ], [ 74.259007065286255, 31.444355832975354 ], [ 74.259033930502781, 31.444409830004648 ], [ 74.259089426897646, 31.444521373779903 ], [ 74.259253917730334, 31.444446605189501 ] ] ] } },
{ "type": "Feature", "properties": { "Id": null, "__source_file": "Export_Output.shp", "OBJECTID": 169519.0, "SHAPE_Leng": 151.249586394, "SHAPE_Area": 1428.9058375300001, "Town": "Allama Iqbal Town", "UC_N0": "UC_120", "Landuse": "V", "KA": null, "Name": null, "Plot_No": "26", "Block": "B" }, "geometry": { "type": "Polygon", "coordinates": [ [ [ 74.259165024778966, 31.44428378122749 ], [ 74.259093609968019, 31.444152971282087 ], [ 74.258934303786674, 31.444209587595658 ], [ 74.259007065286255, 31.444355832975354 ], [ 74.259165024778966, 31.44428378122749 ] ] ] } },
{ "type": "Feature", "properties": { "Id": null, "__source_file": "Export_Output.shp", "OBJECTID": 169519.0, "SHAPE_Leng": 151.249586394, "SHAPE_Area": 1428.9058375300001, "Town": "Allama Iqbal Town", "UC_N0": "UC_120", "Landuse": "V", "KA": null, "Name": null, "Plot_No": "25", "Block": "B" }, "geometry": { "type": "Polygon", "coordinates": [ [ [ 74.259384788971218, 31.444323094966986 ], [ 74.259266328239647, 31.444091588101191 ], [ 74.259093609968019, 31.444152971282087 ], [ 74.259217600415909, 31.44438008299332 ], [ 74.259384788971218, 31.444323094966986 ] ] ] } },
{ "type": "Feature", "properties": { "Id": null, "__source_file": "Export_Output.shp", "OBJECTID": 169519.0, "SHAPE_Leng": 151.249586394, "SHAPE_Area": 1428.9058375300001, "Town": "Allama Iqbal Town", "UC_N0": "UC_120", "Landuse": "R", "KA": null, "Name": null, "Plot_No": "24", "Block": "B" }, "geometry": { "type": "Polygon", "coordinates": [ [ [ 74.259528269819327, 31.444274187738042 ], [ 74.259420469157789, 31.444036806949203 ], [ 74.259266328239647, 31.444091588101191 ], [ 74.259384788971218, 31.444323094966986 ], [ 74.259528269819327, 31.444274187738042 ] ] ] } },
{ "type": "Feature", "properties": { "Id": null, "__source_file": "Export_Output.shp", "OBJECTID": 169519.0, "SHAPE_Leng": 151.249586394, "SHAPE_Area": 1428.9058375300001, "Town": "Allama Iqbal Town", "UC_N0": "UC_120", "Landuse": "V", "KA": null, "Name": null, "Plot_No": "23", "Block": "B" }, "geometry": { "type": "Polygon", "coordinates": [ [ [ 74.25967938008651, 31.444222679696296 ], [ 74.25957273018021, 31.443982693658917 ], [ 74.259420469157789, 31.444036806949203 ], [ 74.259528269819327, 31.444274187738042 ], [ 74.25967938008651, 31.444222679696296 ] ] ] } },
{ "type": "Feature", "properties": { "Id": null, "__source_file": "Export_Output.shp", "OBJECTID": 169519.0, "SHAPE_Leng": 151.249586394, "SHAPE_Area": 1428.9058375300001, "Town": "Allama Iqbal Town", "UC_N0": "UC_120", "Landuse": "V", "KA": null, "Name": null, "Plot_No": "22", "Block": "B" }, "geometry": { "type": "Polygon", "coordinates": [ [ [ 74.259821502109986, 31.444174235206887 ], [ 74.259713670158433, 31.443932603628618 ], [ 74.25957273018021, 31.443982693658917 ], [ 74.25967938008651, 31.444222679696296 ], [ 74.259821502109986, 31.444174235206887 ] ] ] } },
{ "type": "Feature", "properties": { "Id": null, "__source_file": "Export_Output.shp", "OBJECTID": 169519.0, "SHAPE_Leng": 151.249586394, "SHAPE_Area": 1428.9058375300001, "Town": "Allama Iqbal Town", "UC_N0": "UC_120", "Landuse": "V", "KA": null, "Name": null, "Plot_No": "21", "Block": "B" }, "geometry": { "type": "Polygon", "coordinates": [ [ [ 74.259960876880299, 31.444126726958064 ], [ 74.259846095689298, 31.443885538553097 ], [ 74.259713670158433, 31.443932603628618 ], [ 74.259821502109986, 31.444174235206887 ], [ 74.259960876880299, 31.444126726958064 ] ] ] } },
{ "type": "Feature", "properties": { "Id": null, "__source_file": "Export_Output.shp", "OBJECTID": 169519.0, "SHAPE_Leng": 151.249586394, "SHAPE_Area": 1428.9058375300001, "Town": "Allama Iqbal Town", "UC_N0": "UC_120", "Landuse": "V", "KA": null, "Name": null, "Plot_No": "17", "Block": "B" }, "geometry": { "type": "Polygon", "coordinates": [ [ [ 74.260542851298709, 31.443928348955666 ], [ 74.260417853890345, 31.443682333772085 ], [ 74.260297742489485, 31.443725022239569 ], [ 74.260403943760238, 31.443975698778317 ], [ 74.260542851298709, 31.443928348955666 ] ] ] } },
{ "type": "Feature", "properties": { "Id": null, "__source_file": "Export_Output.shp", "OBJECTID": 175495.0, "SHAPE_Leng": 160.78154458, "SHAPE_Area": 1258.66714701, "Town": "Allama Iqbal Town", "UC_N0": "UC_120", "Landuse": "R", "KA": null, "Name": null, "Plot_No": "94", "Block": "H" }, "geometry": { "type": "Polygon", "coordinates": [ [ [ 74.258950210006063, 31.444609717793956 ], [ 74.258768661431517, 31.444668374867305 ], [ 74.258856854727085, 31.444844506977436 ], [ 74.259034011109776, 31.44477776432181 ], [ 74.258950210006063, 31.444609717793956 ] ] ] } },
{ "type": "Feature", "properties": { "Id": null, "__source_file": "Export_Output.shp", "OBJECTID": 175495.0, "SHAPE_Leng": 160.78154458, "SHAPE_Area": 1258.66714701, "Town": "Allama Iqbal Town", "UC_N0": "UC_120", "Landuse": "R", "KA": null, "Name": null, "Plot_No": "94A", "Block": "H" }, "geometry": { "type": "Polygon", "coordinates": [ [ [ 74.258950210006063, 31.444609717793956 ], [ 74.258882869032249, 31.444474678332135 ], [ 74.258696740770034, 31.444524740374643 ], [ 74.258768661431517, 31.444668374867312 ], [ 74.258950210006063, 31.444609717793956 ] ] ] } },
{ "type": "Feature", "properties": { "Id": null, "__source_file": "Export_Output.shp", "OBJECTID": 175495.0, "SHAPE_Leng": 160.78154458, "SHAPE_Area": 1258.66714701, "Town": "Allama Iqbal Town", "UC_N0": "UC_120", "Landuse": "R", "KA": null, "Name": null, "Plot_No": "82", "Block": "H" }, "geometry": { "type": "Polygon", "coordinates": [ [ [ 74.258476033883923, 31.444403363623991 ], [ 74.258601970782237, 31.444636461656145 ], [ 74.258730348914227, 31.444591860272883 ], [ 74.258611227401587, 31.444353959536087 ], [ 74.258586909819215, 31.444362845941459 ], [ 74.258476033883923, 31.444403363623991 ] ] ] } },
{ "type": "Feature", "properties": { "Id": null, "__source_file": "Export_Output.shp", "OBJECTID": 175495.0, "SHAPE_Leng": 160.78154458, "SHAPE_Area": 1258.66714701, "Town": "Allama Iqbal Town", "UC_N0": "UC_120", "Landuse": "V", "KA": null, "Name": null, "Plot_No": "84", "Block": "H" }, "geometry": { "type": "Polygon", "coordinates": [ [ [ 74.258454589039971, 31.444687665098542 ], [ 74.258336164795267, 31.444454476239439 ], [ 74.258185570519316, 31.444509507962898 ], [ 74.258305882499343, 31.444739328572876 ], [ 74.258454589039971, 31.444687665098542 ] ] ] } },
{ "type": "Feature", "properties": { "Id": null, "__source_file": "Export_Output.shp", "OBJECTID": 175495.0, "SHAPE_Leng": 160.78154458, "SHAPE_Area": 1258.66714701, "Town": "Allama Iqbal Town", "UC_N0": "UC_120", "Landuse": "R", "KA": null, "Name": null, "Plot_No": "85", "Block": "H" }, "geometry": { "type": "Polygon", "coordinates": [ [ [ 74.258305882499343, 31.444739328572876 ], [ 74.258185570519316, 31.444509507962898 ], [ 74.258052854749153, 31.44455800613537 ], [ 74.258164258787019, 31.444788531123255 ], [ 74.258305882499343, 31.444739328572876 ] ] ] } },
{ "type": "Feature", "properties": { "Id": null, "__source_file": "Export_Output.shp", "OBJECTID": 175495.0, "SHAPE_Leng": 160.78154458, "SHAPE_Area": 1258.66714701, "Town": "Allama Iqbal Town", "UC_N0": "UC_120", "Landuse": "V", "KA": null, "Name": null, "Plot_No": "83", "Block": "H" }, "geometry": { "type": "Polygon", "coordinates": [ [ [ 74.258601970782237, 31.444636461656145 ], [ 74.258476033883923, 31.444403363623991 ], [ 74.258451114489745, 31.444412469965101 ], [ 74.258336164795267, 31.444454476239439 ], [ 74.258454589039971, 31.444687665098542 ], [ 74.258601970782237, 31.444636461656145 ] ] ] } },
{ "type": "Feature", "properties": { "Id": null, "__source_file": "Export_Output.shp", "OBJECTID": 175495.0, "SHAPE_Leng": 160.78154458, "SHAPE_Area": 1258.66714701, "Town": "Allama Iqbal Town", "UC_N0": "UC_120", "Landuse": "V", "KA": null, "Name": null, "Plot_No": "81", "Block": "H" }, "geometry": { "type": "Polygon", "coordinates": [ [ [ 74.258882869032249, 31.444474678332135 ], [ 74.258790077485187, 31.444288601925006 ], [ 74.258611227401587, 31.444353959536087 ], [ 74.258696740770034, 31.444524740374632 ], [ 74.258882869032249, 31.444474678332135 ] ] ] } },
{ "type": "Feature", "properties": { "Id": null, "__source_file": "Export_Output.shp", "OBJECTID": 175495.0, "SHAPE_Leng": 160.78154458, "SHAPE_Area": 1258.66714701, "Town": "Allama Iqbal Town", "UC_N0": "UC_120", "Landuse": "V", "KA": null, "Name": null, "Plot_No": "86", "Block": "H" }, "geometry": { "type": "Polygon", "coordinates": [ [ [ 74.258164258787019, 31.444788531123255 ], [ 74.258052854749153, 31.44455800613537 ], [ 74.257905162906155, 31.444611976774713 ], [ 74.258012059727633, 31.444841407500093 ], [ 74.258164258787019, 31.444788531123255 ] ] ] } },
{ "type": "Feature", "properties": { "Id": null, "__source_file": "Export_Output.shp", "OBJECTID": 175495.0, "SHAPE_Leng": 160.78154458, "SHAPE_Area": 1258.66714701, "Town": "Allama Iqbal Town", "UC_N0": "UC_120", "Landuse": "R", "KA": null, "Name": null, "Plot_No": "87", "Block": "H" }, "geometry": { "type": "Polygon", "coordinates": [ [ [ 74.258012059727633, 31.444841407500093 ], [ 74.257905162906155, 31.444611976774713 ], [ 74.257705829742605, 31.444684818193856 ], [ 74.257821270471098, 31.444907690383715 ], [ 74.258012059727633, 31.444841407500093 ] ] ] } },
{ "type": "Feature", "properties": { "Id": null, "__source_file": "Export_Output.shp", "OBJECTID": 175495.0, "SHAPE_Leng": 160.78154458, "SHAPE_Area": 1258.66714701, "Town": "Allama Iqbal Town", "UC_N0": "UC_120", "Landuse": "V", "KA": null, "Name": null, "Plot_No": "90", "Block": "H" }, "geometry": { "type": "Polygon", "coordinates": [ [ [ 74.25844263912694, 31.445000560363244 ], [ 74.258305882499343, 31.444739328572876 ], [ 74.258164258787019, 31.444788531123255 ], [ 74.258293702051887, 31.445056382621495 ], [ 74.258322878952541, 31.445045678926995 ], [ 74.25839319977014, 31.445019186206761 ], [ 74.25844263912694, 31.445000560363244 ] ] ] } },
{ "type": "Feature", "properties": { "Id": null, "__source_file": "Export_Output.shp", "OBJECTID": 175495.0, "SHAPE_Leng": 160.78154458, "SHAPE_Area": 1258.66714701, "Town": "Allama Iqbal Town", "UC_N0": "UC_120", "Landuse": "V", "KA": null, "Name": null, "Plot_No": "92", "Block": "H" }, "geometry": { "type": "Polygon", "coordinates": [ [ [ 74.258738469847145, 31.444889107900284 ], [ 74.258601970782237, 31.444636461656145 ], [ 74.258454589039971, 31.444687665098542 ], [ 74.258586053536277, 31.444946530024183 ], [ 74.258688072227599, 31.444908094953242 ], [ 74.258738469847145, 31.444889107900284 ] ] ] } },
{ "type": "Feature", "properties": { "Id": null, "__source_file": "Export_Output.shp", "OBJECTID": 175495.0, "SHAPE_Leng": 160.78154458, "SHAPE_Area": 1258.66714701, "Town": "Allama Iqbal Town", "UC_N0": "UC_120", "Landuse": "V", "KA": null, "Name": null, "Plot_No": "93", "Block": "H" }, "geometry": { "type": "Polygon", "coordinates": [ [ [ 74.258601970782237, 31.444636461656145 ], [ 74.258738469847145, 31.444889107900284 ], [ 74.258825717912003, 31.444856237559325 ], [ 74.258856854727085, 31.444844506977436 ], [ 74.258730348914227, 31.444591860272883 ], [ 74.258601970782237, 31.444636461656145 ] ] ] } },
{ "type": "Feature", "properties": { "Id": null, "__source_file": "Export_Output.shp", "OBJECTID": 175495.0, "SHAPE_Leng": 160.78154458, "SHAPE_Area": 1258.66714701, "Town": "Allama Iqbal Town", "UC_N0": "UC_120", "Landuse": "C", "KA": null, "Name": "Estate Developers", "Plot_No": "91", "Block": "H" }, "geometry": { "type": "Polygon", "coordinates": [ [ [ 74.258586053536277, 31.444946530024183 ], [ 74.258454589039971, 31.444687665098542 ], [ 74.258305882499343, 31.444739328572876 ], [ 74.25844263912694, 31.445000560363244 ], [ 74.258547285218711, 31.444961135779032 ], [ 74.258586053536277, 31.444946530024183 ] ] ] } },
{ "type": "Feature", "properties": { "Id": null, "__source_file": "Export_Output.shp", "OBJECTID": 175738.0, "SHAPE_Leng": 437.676011587, "SHAPE_Area": 9163.3300505299994, "Town": "Allama Iqbal Town", "UC_N0": "UC_120", "Landuse": "V", "KA": null, "Name": null, "Plot_No": "8", "Block": "H" }, "geometry": { "type": "Polygon", "coordinates": [ [ [ 74.256584418462907, 31.44355388239665 ], [ 74.256468723834246, 31.443311086094088 ], [ 74.256417306821263, 31.443330139705417 ], [ 74.256331658540191, 31.443361265108752 ], [ 74.256447210263815, 31.443602717135342 ], [ 74.256584418462907, 31.44355388239665 ] ] ] } },
{ "type": "Feature", "properties": { "Id": null, "__source_file": "Export_Output.shp", "OBJECTID": 175738.0, "SHAPE_Leng": 437.676011587, "SHAPE_Area": 9163.3300505299994, "Town": "Allama Iqbal Town", "UC_N0": "UC_120", "Landuse": "V", "KA": null, "Name": null, "Plot_No": "13", "Block": "H" }, "geometry": { "type": "Polygon", "coordinates": [ [ [ 74.256693334136472, 31.443782451191773 ], [ 74.256584418462907, 31.44355388239665 ], [ 74.256447210263815, 31.443602717135342 ], [ 74.256557375895014, 31.443832913380767 ], [ 74.256693334136472, 31.443782451191773 ] ] ] } },
{ "type": "Feature", "properties": { "Id": null, "__source_file": "Export_Output.shp", "OBJECTID": 175738.0, "SHAPE_Leng": 437.676011587, "SHAPE_Area": 9163.3300505299994, "Town": "Allama Iqbal Town", "UC_N0": "UC_120", "Landuse": "V", "KA": null, "Name": null, "Plot_No": "14", "Block": "H" }, "geometry": { "type": "Polygon", "coordinates": [ [ [ 74.256829281683437, 31.443731991999844 ], [ 74.256715662393503, 31.443507170256392 ], [ 74.256584418462907, 31.44355388239665 ], [ 74.256693334136472, 31.443782451191773 ], [ 74.256829281683437, 31.443731991999844 ] ] ] } },
{ "type": "Feature", "properties": { "Id": null, "__source_file": "Export_Output.shp", "OBJECTID": 175738.0, "SHAPE_Leng": 437.676011587, "SHAPE_Area": 9163.3300505299994, "Town": "Allama Iqbal Town", "UC_N0": "UC_120", "Landuse": "V", "KA": null, "Name": null, "Plot_No": "15", "Block": "H" }, "geometry": { "type": "Polygon", "coordinates": [ [ [ 74.256946627208762, 31.443688438535261 ], [ 74.256836457611854, 31.443464176844696 ], [ 74.256715662393503, 31.443507170256392 ], [ 74.256829281683437, 31.443731991999844 ], [ 74.256946627208762, 31.443688438535261 ] ] ] } },
{ "type": "Feature", "properties": { "Id": null, "__source_file": "Export_Output.shp", "OBJECTID": 175738.0, "SHAPE_Leng": 437.676011587, "SHAPE_Area": 9163.3300505299994, "Town": "Allama Iqbal Town", "UC_N0": "UC_120", "Landuse": "V", "KA": null, "Name": null, "Plot_No": "17", "Block": "H" }, "geometry": { "type": "Polygon", "coordinates": [ [ [ 74.257222144141608, 31.443586176446853 ], [ 74.257122377574106, 31.44336241164941 ], [ 74.257001987223319, 31.443405261325328 ], [ 74.257094259667994, 31.443633642718233 ], [ 74.257222144141608, 31.443586176446853 ] ] ] } },
{ "type": "Feature", "properties": { "Id": null, "__source_file": "Export_Output.shp", "OBJECTID": 175738.0, "SHAPE_Leng": 437.676011587, "SHAPE_Area": 9163.3300505299994, "Town": "Allama Iqbal Town", "UC_N0": "UC_120", "Landuse": "V", "KA": null, "Name": null, "Plot_No": "18", "Block": "H" }, "geometry": { "type": "Polygon", "coordinates": [ [ [ 74.257369837833252, 31.443531357461989 ], [ 74.257275904530687, 31.443307767675943 ], [ 74.257122377574106, 31.44336241164941 ], [ 74.257222144141608, 31.443586176446853 ], [ 74.257369837833252, 31.443531357461989 ] ] ] } },
{ "type": "Feature", "properties": { "Id": null, "__source_file": "Export_Output.shp", "OBJECTID": 174811.0, "SHAPE_Leng": 475.558586886, "SHAPE_Area": 9780.3922805300008, "Town": "Allama Iqbal Town", "UC_N0": "UC_120", "Landuse": "V", "KA": null, "Name": null, "Plot_No": "67", "Block": "H" }, "geometry": { "type": "Polygon", "coordinates": [ [ [ 74.258008013325039, 31.443278087280699 ], [ 74.257944210613005, 31.443147633564113 ], [ 74.257632202996803, 31.443274258776835 ], [ 74.257694297508579, 31.443398746709068 ], [ 74.258008013325039, 31.443278087280699 ] ] ] } },
{ "type": "Feature", "properties": { "Id": null, "__source_file": "Export_Output.shp", "OBJECTID": 174811.0, "SHAPE_Leng": 475.558586886, "SHAPE_Area": 9780.3922805300008, "Town": "Allama Iqbal Town", "UC_N0": "UC_120", "Landuse": "V", "KA": null, "Name": null, "Plot_No": "65", "Block": "H" }, "geometry": { "type": "Polygon", "coordinates": [ [ [ 74.258132107272914, 31.443531813894062 ], [ 74.258072499984522, 31.443409939032115 ], [ 74.257759290431039, 31.443529045036268 ], [ 74.2578223002794, 31.44365536731112 ], [ 74.258132107272914, 31.443531813894062 ] ] ] } },
{ "type": "Feature", "properties": { "Id": null, "__source_file": "Export_Output.shp", "OBJECTID": 174811.0, "SHAPE_Leng": 475.558586886, "SHAPE_Area": 9780.3922805300008, "Town": "Allama Iqbal Town", "UC_N0": "UC_120", "Landuse": "R", "KA": null, "Name": null, "Plot_No": "64", "Block": "H" }, "geometry": { "type": "Polygon", "coordinates": [ [ [ 74.258200267765517, 31.443671176481928 ], [ 74.258132107272914, 31.443531813894062 ], [ 74.2578223002794, 31.44365536731112 ], [ 74.257884385280278, 31.443779835093846 ], [ 74.258200267765517, 31.443671176481928 ] ] ] } },
{ "type": "Feature", "properties": { "Id": null, "__source_file": "Export_Output.shp", "OBJECTID": 174811.0, "SHAPE_Leng": 475.558586886, "SHAPE_Area": 9780.3922805300008, "Town": "Allama Iqbal Town", "UC_N0": "UC_120", "Landuse": "V", "KA": null, "Name": null, "Plot_No": "63", "Block": "H" }, "geometry": { "type": "Polygon", "coordinates": [ [ [ 74.258253098773537, 31.443779195732077 ], [ 74.258200267765517, 31.443671176481928 ], [ 74.257884385280278, 31.443779835093846 ], [ 74.257942311463779, 31.443895964976154 ], [ 74.258253098773537, 31.443779195732077 ] ] ] } },
{ "type": "Feature", "properties": { "Id": null, "__source_file": "Export_Output.shp", "OBJECTID": 174811.0, "SHAPE_Leng": 475.558586886, "SHAPE_Area": 9780.3922805300008, "Town": "Allama Iqbal Town", "UC_N0": "UC_120", "Landuse": "V", "KA": null, "Name": null, "Plot_No": "62", "Block": "H" }, "geometry": { "type": "Polygon", "coordinates": [ [ [ 74.258316121709541, 31.443908053238736 ], [ 74.258253098773537, 31.443779195732077 ], [ 74.257942311463779, 31.443895964976154 ], [ 74.257999371129017, 31.444010357369834 ], [ 74.258316121709541, 31.443908053238736 ] ] ] } },
{ "type": "Feature", "properties": { "Id": null, "__source_file": "Export_Output.shp", "OBJECTID": 174811.0, "SHAPE_Leng": 475.558586886, "SHAPE_Area": 9780.3922805300008, "Town": "Allama Iqbal Town", "UC_N0": "UC_120", "Landuse": "V", "KA": null, "Name": null, "Plot_No": "76", "Block": "H" }, "geometry": { "type": "Polygon", "coordinates": [ [ [ 74.258491403339306, 31.443689659046338 ], [ 74.258467262491962, 31.443641248181937 ], [ 74.258441170492134, 31.443588309032926 ], [ 74.258200267765517, 31.443671176481928 ], [ 74.258253098773537, 31.443779195732077 ], [ 74.258491403339306, 31.443689659046338 ] ] ] } },
{ "type": "Feature", "properties": { "Id": null, "__source_file": "Export_Output.shp", "OBJECTID": 174811.0, "SHAPE_Leng": 475.558586886, "SHAPE_Area": 9780.3922805300008, "Town": "Allama Iqbal Town", "UC_N0": "UC_120", "Landuse": "V", "KA": null, "Name": null, "Plot_No": "77", "Block": "H" }, "geometry": { "type": "Polygon", "coordinates": [ [ [ 74.258560887161195, 31.443828998176972 ], [ 74.258491403339306, 31.443689659046338 ], [ 74.258253098773537, 31.443779195732077 ], [ 74.258316121709541, 31.443908053238736 ], [ 74.258560887161195, 31.443828998176972 ] ] ] } },
{ "type": "Feature", "properties": { "Id": null, "__source_file": "Export_Output.shp", "OBJECTID": 181736.0, "SHAPE_Leng": 239.01260697800001, "SHAPE_Area": 3559.9882195, "Town": "Allama Iqbal Town", "UC_N0": "UC_120", "Landuse": null, "KA": null, "Name": null, "Plot_No": "42", "Block": "B" }, "geometry": { "type": "Polygon", "coordinates": [ [ [ 74.25898139978824, 31.443840631691909 ], [ 74.258865395551581, 31.443611978159002 ], [ 74.258672269106057, 31.443682909454676 ], [ 74.258786880770515, 31.443913274637364 ], [ 74.25898139978824, 31.443840631691909 ] ] ] } },
{ "type": "Feature", "properties": { "Id": null, "__source_file": "Export_Output.shp", "OBJECTID": 181736.0, "SHAPE_Leng": 239.01260697800001, "SHAPE_Area": 3559.9882195, "Town": "Allama Iqbal Town", "UC_N0": "UC_120", "Landuse": "V", "KA": null, "Name": null, "Plot_No": "41", "Block": "B" }, "geometry": { "type": "Polygon", "coordinates": [ [ [ 74.259123833496758, 31.443787439695804 ], [ 74.259017864826404, 31.443555979106343 ], [ 74.258865395551581, 31.443611978159002 ], [ 74.25898139978824, 31.443840631691909 ], [ 74.259123833496758, 31.443787439695804 ] ] ] } },
{ "type": "Feature", "properties": { "Id": null, "__source_file": "Export_Output.shp", "OBJECTID": 175332.0, "SHAPE_Leng": 92.672363987400004, "SHAPE_Area": 499.08864442499998, "Town": "Allama Iqbal Town", "UC_N0": "UC_120", "Landuse": null, "KA": null, "Name": null, "Plot_No": "69", "Block": "B" }, "geometry": { "type": "Polygon", "coordinates": [ [ [ 74.258491389009649, 31.442861565413992 ], [ 74.258484398119833, 31.442848039465837 ], [ 74.258484397931184, 31.442848039524122 ], [ 74.258287195474097, 31.44290891741273 ], [ 74.258378676039825, 31.443092793033241 ], [ 74.258573866742751, 31.443021141626406 ], [ 74.258491389009649, 31.442861565413992 ] ] ] } },
{ "type": "Feature", "properties": { "Id": null, "__source_file": "Export_Output.shp", "OBJECTID": 175332.0, "SHAPE_Leng": 92.672363987400004, "SHAPE_Area": 499.08864442499998, "Town": "Allama Iqbal Town", "UC_N0": "UC_120", "Landuse": "V", "KA": null, "Name": null, "Plot_No": "70", "Block": "B" }, "geometry": { "type": "Polygon", "coordinates": [ [ [ 74.258741691278857, 31.442959535576914 ], [ 74.258604776218945, 31.44270554741896 ], [ 74.258440800953395, 31.44276368865199 ], [ 74.258440800848589, 31.442763688689155 ], [ 74.258484397931184, 31.442848039524122 ], [ 74.258573866742751, 31.443021141626406 ], [ 74.258741691278857, 31.442959535576914 ] ] ] } },
{ "type": "Feature", "properties": { "Id": null, "__source_file": "Export_Output.shp", "OBJECTID": 175332.0, "SHAPE_Leng": 92.672363987400004, "SHAPE_Area": 499.08864442499998, "Town": "Allama Iqbal Town", "UC_N0": "UC_120", "Landuse": "V", "KA": null, "Name": null, "Plot_No": "69A", "Block": "B" }, "geometry": { "type": "Polygon", "coordinates": [ [ [ 74.258440800953395, 31.44276368865199 ], [ 74.258403634905122, 31.442691780408499 ], [ 74.258206093177662, 31.44274590143306 ], [ 74.258287195474097, 31.44290891741273 ], [ 74.258484397931184, 31.442848039524122 ], [ 74.258484398119833, 31.442848039465837 ], [ 74.258482050372322, 31.442843497193135 ], [ 74.258440800953395, 31.44276368865199 ] ] ] } },
{ "type": "Feature", "properties": { "Id": null, "__source_file": "Export_Output.shp", "OBJECTID": 181733.0, "SHAPE_Leng": 638.15665214000001, "SHAPE_Area": 10780.8766793, "Town": "Allama Iqbal Town", "UC_N0": "UC_120", "Landuse": "V", "KA": null, "Name": null, "Plot_No": "44", "Block": "B" }, "geometry": { "type": "Polygon", "coordinates": [ [ [ 74.258989593284468, 31.443495406575234 ], [ 74.258876715611009, 31.443253562330927 ], [ 74.258716697053771, 31.443310614090699 ], [ 74.258835851006012, 31.443552101087381 ], [ 74.258989593284468, 31.443495406575234 ] ] ] } },
{ "type": "Feature", "properties": { "Id": null, "__source_file": "Export_Output.shp", "OBJECTID": 181733.0, "SHAPE_Leng": 638.15665214000001, "SHAPE_Area": 10780.8766793, "Town": "Allama Iqbal Town", "UC_N0": "UC_120", "Landuse": "V", "KA": null, "Name": null, "Plot_No": "45", "Block": "B" }, "geometry": { "type": "Polygon", "coordinates": [ [ [ 74.259116774134611, 31.443448506750741 ], [ 74.259010495881071, 31.443205865155768 ], [ 74.258876715611009, 31.443253562330927 ], [ 74.258989593284468, 31.443495406575234 ], [ 74.259116774134611, 31.443448506750741 ] ] ] } },
{ "type": "Feature", "properties": { "Id": null, "__source_file": "Export_Output.shp", "OBJECTID": 181733.0, "SHAPE_Leng": 638.15665214000001, "SHAPE_Area": 10780.8766793, "Town": "Allama Iqbal Town", "UC_N0": "UC_120", "Landuse": "R", "KA": null, "Name": null, "Plot_No": "50", "Block": "B" }, "geometry": { "type": "Polygon", "coordinates": [ [ [ 74.259834653521096, 31.443183774808666 ], [ 74.259724666640579, 31.442951236001601 ], [ 74.259593325274381, 31.442998064620912 ], [ 74.259706871987177, 31.443230897133514 ], [ 74.259834653521096, 31.443183774808666 ] ] ] } },
{ "type": "Feature", "properties": { "Id": null, "__source_file": "Export_Output.shp", "OBJECTID": 181733.0, "SHAPE_Leng": 638.15665214000001, "SHAPE_Area": 10780.8766793, "Town": "Allama Iqbal Town", "UC_N0": "UC_120", "Landuse": "V", "KA": null, "Name": null, "Plot_No": "51", "Block": "B" }, "geometry": { "type": "Polygon", "coordinates": [ [ [ 74.260013076079417, 31.443117977625533 ], [ 74.259882595230721, 31.442894927697317 ], [ 74.259724666640579, 31.442951236001601 ], [ 74.259834653521096, 31.443183774808666 ], [ 74.259839984808082, 31.443181808772422 ], [ 74.259996421836348, 31.443124119295192 ], [ 74.260013076079417, 31.443117977625533 ] ] ] } },
{ "type": "Feature", "properties": { "Id": null, "__source_file": "Export_Output.shp", "OBJECTID": 181733.0, "SHAPE_Leng": 638.15665214000001, "SHAPE_Area": 10780.8766793, "Town": "Allama Iqbal Town", "UC_N0": "UC_120", "Landuse": "V", "KA": null, "Name": null, "Plot_No": "66", "Block": "B" }, "geometry": { "type": "Polygon", "coordinates": [ [ [ 74.259010495881071, 31.443205865155768 ], [ 74.258906365828821, 31.442968126798991 ], [ 74.25876737124922, 31.443019287069767 ], [ 74.258876715611009, 31.443253562330927 ], [ 74.259010495881071, 31.443205865155768 ] ] ] } },
{ "type": "Feature", "properties": { "Id": null, "__source_file": "Export_Output.shp", "OBJECTID": 181733.0, "SHAPE_Leng": 638.15665214000001, "SHAPE_Area": 10780.8766793, "Town": "Allama Iqbal Town", "UC_N0": "UC_120", "Landuse": "V", "KA": null, "Name": null, "Plot_No": "64", "Block": "B" }, "geometry": { "type": "Polygon", "coordinates": [ [ [ 74.259307087924654, 31.443100119419789 ], [ 74.259206557968938, 31.442857633210146 ], [ 74.25903569429795, 31.44292052418373 ], [ 74.259145486268181, 31.4431577363409 ], [ 74.259307087924654, 31.443100119419789 ] ] ] } },
{ "type": "Feature", "properties": { "Id": null, "__source_file": "Export_Output.shp", "OBJECTID": 181733.0, "SHAPE_Leng": 638.15665214000001, "SHAPE_Area": 10780.8766793, "Town": "Allama Iqbal Town", "UC_N0": "UC_120", "Landuse": "V", "KA": null, "Name": null, "Plot_No": "63", "Block": "B" }, "geometry": { "type": "Polygon", "coordinates": [ [ [ 74.259439417091755, 31.443052939009302 ], [ 74.259328498286862, 31.442812749601202 ], [ 74.259206557968938, 31.442857633210146 ], [ 74.259307087924654, 31.443100119419789 ], [ 74.259439417091755, 31.443052939009302 ] ] ] } },
{ "type": "Feature", "properties": { "Id": null, "__source_file": "Export_Output.shp", "OBJECTID": 181733.0, "SHAPE_Leng": 638.15665214000001, "SHAPE_Area": 10780.8766793, "Town": "Allama Iqbal Town", "UC_N0": "UC_120", "Landuse": "V", "KA": null, "Name": null, "Plot_No": "61", "Block": "B" }, "geometry": { "type": "Polygon", "coordinates": [ [ [ 74.259724666640579, 31.442951236001601 ], [ 74.259610133950218, 31.442709084957091 ], [ 74.259476402899566, 31.442758308878613 ], [ 74.259593325274381, 31.442998064620912 ], [ 74.259724666640579, 31.442951236001601 ] ] ] } },
{ "type": "Feature", "properties": { "Id": null, "__source_file": "Export_Output.shp", "OBJECTID": 181733.0, "SHAPE_Leng": 638.15665214000001, "SHAPE_Area": 10780.8766793, "Town": "Allama Iqbal Town", "UC_N0": "UC_120", "Landuse": "V", "KA": null, "Name": null, "Plot_No": "60", "Block": "B" }, "geometry": { "type": "Polygon", "coordinates": [ [ [ 74.259882595230721, 31.442894927697317 ], [ 74.259744869182185, 31.442659491220084 ], [ 74.259610133950218, 31.442709084957091 ], [ 74.259724666640579, 31.442951236001601 ], [ 74.259882595230721, 31.442894927697317 ] ] ] } },
{ "type": "Feature", "properties": { "Id": null, "__source_file": "Export_Output.shp", "OBJECTID": 181733.0, "SHAPE_Leng": 638.15665214000001, "SHAPE_Area": 10780.8766793, "Town": "Allama Iqbal Town", "UC_N0": "UC_120", "Landuse": "V", "KA": null, "Name": null, "Plot_No": "59", "Block": "B" }, "geometry": { "type": "Polygon", "coordinates": [ [ [ 74.260023195631504, 31.442844797412121 ], [ 74.259899635932896, 31.442602523981822 ], [ 74.259744869182185, 31.442659491220084 ], [ 74.259882595230721, 31.442894927697317 ], [ 74.260023195631504, 31.442844797412121 ] ] ] } },
{ "type": "Feature", "properties": { "Id": null, "__source_file": "Export_Output.shp", "OBJECTID": 181733.0, "SHAPE_Leng": 638.15665214000001, "SHAPE_Area": 10780.8766793, "Town": "Allama Iqbal Town", "UC_N0": "UC_120", "Landuse": "V", "KA": null, "Name": null, "Plot_No": "58", "Block": "B" }, "geometry": { "type": "Polygon", "coordinates": [ [ [ 74.260173379306039, 31.442791250033 ], [ 74.260058523695179, 31.442544039589954 ], [ 74.260055788175947, 31.442545046503714 ], [ 74.259899635932896, 31.442602523981822 ], [ 74.260023195631504, 31.442844797412121 ], [ 74.260173379306039, 31.442791250033 ] ] ] } },
{ "type": "Feature", "properties": { "Id": null, "__source_file": "Export_Output.shp", "OBJECTID": 181735.0, "SHAPE_Leng": 244.80787001300001, "SHAPE_Area": 3216.5765346500002, "Town": "Allama Iqbal Town", "UC_N0": "UC_120", "Landuse": null, "KA": null, "Name": null, "Plot_No": "38", "Block": "B" }, "geometry": { "type": "Polygon", "coordinates": [ [ [ 74.260320495926933, 31.443359642421186 ], [ 74.260211428427397, 31.443117597308412 ], [ 74.26004797372623, 31.443177633059445 ], [ 74.260157293015638, 31.443415067894215 ], [ 74.260320495926933, 31.443359642421186 ] ] ] } },
{ "type": "Feature", "properties": { "Id": null, "__source_file": "Export_Output.shp", "OBJECTID": 175366.0, "SHAPE_Leng": 434.09221053200002, "SHAPE_Area": 8981.806559000001, "Town": "Allama Iqbal Town", "UC_N0": "UC_120", "Landuse": null, "KA": null, "Name": null, "Plot_No": "21", "Block": "H" }, "geometry": { "type": "Polygon", "coordinates": [ [ [ 74.257800122675619, 31.443726495043951 ], [ 74.257685613059195, 31.443493020100323 ], [ 74.25753250946623, 31.443549017309103 ], [ 74.257645955562964, 31.443781614118564 ], [ 74.257800122675619, 31.443726495043951 ] ] ] } },
{ "type": "Feature", "properties": { "Id": null, "__source_file": "Export_Output.shp", "OBJECTID": 175366.0, "SHAPE_Leng": 434.09221053200002, "SHAPE_Area": 8981.806559000001, "Town": "Allama Iqbal Town", "UC_N0": "UC_120", "Landuse": null, "KA": null, "Name": null, "Plot_No": "22", "Block": "H" }, "geometry": { "type": "Polygon", "coordinates": [ [ [ 74.257645955562964, 31.443781614118564 ], [ 74.25753250946623, 31.443549017309103 ], [ 74.257402551338259, 31.443596548931563 ], [ 74.257518317999342, 31.443827247943094 ], [ 74.257645955562964, 31.443781614118564 ] ] ] } },
{ "type": "Feature", "properties": { "Id": null, "__source_file": "Export_Output.shp", "OBJECTID": 175366.0, "SHAPE_Leng": 434.09221053200002, "SHAPE_Area": 8981.806559000001, "Town": "Allama Iqbal Town", "UC_N0": "UC_120", "Landuse": "V", "KA": null, "Name": null, "Plot_No": "27", "Block": "H" }, "geometry": { "type": "Polygon", "coordinates": [ [ [ 74.256960650664737, 31.444026626823138 ], [ 74.256857736459892, 31.443795810639532 ], [ 74.256713482996361, 31.443848569662485 ], [ 74.25680612235324, 31.444081873659613 ], [ 74.256960650664737, 31.444026626823138 ] ] ] } },
{ "type": "Feature", "properties": { "Id": null, "__source_file": "Export_Output.shp", "OBJECTID": 175366.0, "SHAPE_Leng": 434.09221053200002, "SHAPE_Area": 8981.806559000001, "Town": "Allama Iqbal Town", "UC_N0": "UC_120", "Landuse": "V", "KA": null, "Name": null, "Plot_No": "26", "Block": "H" }, "geometry": { "type": "Polygon", "coordinates": [ [ [ 74.257083458955776, 31.443982720321884 ], [ 74.256975380506574, 31.443752783535114 ], [ 74.256857736459892, 31.443795810639532 ], [ 74.256960650664737, 31.444026626823138 ], [ 74.257083458955776, 31.443982720321884 ] ] ] } },
{ "type": "Feature", "properties": { "Id": null, "__source_file": "Export_Output.shp", "OBJECTID": 169519.0, "SHAPE_Leng": 151.249586394, "SHAPE_Area": 1428.9058375300001, "Town": "Allama Iqbal Town", "UC_N0": "UC_120", "Landuse": "V", "KA": null, "Name": null, "Plot_No": "3", "Block": "B" }, "geometry": { "type": "Polygon", "coordinates": [ [ [ 74.259651337647369, 31.444545185810387 ], [ 74.259528269819327, 31.444274187738042 ], [ 74.259384788971218, 31.444323094966986 ], [ 74.259523145584083, 31.444593482640187 ], [ 74.259559162500594, 31.444579913142285 ], [ 74.259651337647369, 31.444545185810387 ] ] ] } },
{ "type": "Feature", "properties": { "Id": null, "__source_file": "Export_Output.shp", "OBJECTID": 169519.0, "SHAPE_Leng": 151.249586394, "SHAPE_Area": 1428.9058375300001, "Town": "Allama Iqbal Town", "UC_N0": "UC_120", "Landuse": "V", "KA": null, "Name": null, "Plot_No": "4", "Block": "B" }, "geometry": { "type": "Polygon", "coordinates": [ [ [ 74.259798125858737, 31.444489882610245 ], [ 74.25967938008651, 31.444222679696296 ], [ 74.259528269819327, 31.444274187738042 ], [ 74.259651337647369, 31.444545185810387 ], [ 74.259798125858737, 31.444489882610245 ] ] ] } },
{ "type": "Feature", "properties": { "Id": null, "__source_file": "Export_Output.shp", "OBJECTID": 169519.0, "SHAPE_Leng": 151.249586394, "SHAPE_Area": 1428.9058375300001, "Town": "Allama Iqbal Town", "UC_N0": "UC_120", "Landuse": "V", "KA": null, "Name": null, "Plot_No": "7", "Block": "B" }, "geometry": { "type": "Polygon", "coordinates": [ [ [ 74.260241694672118, 31.444322764389604 ], [ 74.260117551797237, 31.444073321421278 ], [ 74.259960876880299, 31.444126726958064 ], [ 74.260082682323301, 31.444382673854758 ], [ 74.260241694672118, 31.444322764389604 ] ] ] } },
{ "type": "Feature", "properties": { "Id": null, "__source_file": "Export_Output.shp", "OBJECTID": 169519.0, "SHAPE_Leng": 151.249586394, "SHAPE_Area": 1428.9058375300001, "Town": "Allama Iqbal Town", "UC_N0": "UC_120", "Landuse": "C", "KA": null, "Name": "Wood Works", "Plot_No": "8", "Block": "B" }, "geometry": { "type": "Polygon", "coordinates": [ [ [ 74.260364441035591, 31.444276518302093 ], [ 74.260248198181031, 31.444028787995954 ], [ 74.260117551797237, 31.444073321421278 ], [ 74.260241694672118, 31.444322764389604 ], [ 74.260364441035591, 31.444276518302093 ] ] ] } },
{ "type": "Feature", "properties": { "Id": null, "__source_file": "Export_Output.shp", "OBJECTID": 169519.0, "SHAPE_Leng": 151.249586394, "SHAPE_Area": 1428.9058375300001, "Town": "Allama Iqbal Town", "UC_N0": "UC_120", "Landuse": "V", "KA": null, "Name": null, "Plot_No": "9", "Block": "B" }, "geometry": { "type": "Polygon", "coordinates": [ [ [ 74.260508409102911, 31.444222276486769 ], [ 74.260403943760238, 31.443975698778317 ], [ 74.260248198181031, 31.444028787995954 ], [ 74.260364441035591, 31.444276518302093 ], [ 74.260508409102911, 31.444222276486769 ] ] ] } },
{ "type": "Feature", "properties": { "Id": null, "__source_file": "Export_Output.shp", "OBJECTID": 169519.0, "SHAPE_Leng": 151.249586394, "SHAPE_Area": 1428.9058375300001, "Town": "Allama Iqbal Town", "UC_N0": "UC_120", "Landuse": "V", "KA": null, "Name": null, "Plot_No": "20", "Block": "B" }, "geometry": { "type": "Polygon", "coordinates": [ [ [ 74.260117551797237, 31.444073321421278 ], [ 74.259997344611719, 31.443831785167141 ], [ 74.259846095689298, 31.443885538553097 ], [ 74.259960876880299, 31.444126726958064 ], [ 74.260117551797237, 31.444073321421278 ] ] ] } },
{ "type": "Feature", "properties": { "Id": null, "__source_file": "Export_Output.shp", "OBJECTID": 169519.0, "SHAPE_Leng": 151.249586394, "SHAPE_Area": 1428.9058375300001, "Town": "Allama Iqbal Town", "UC_N0": "UC_120", "Landuse": "V", "KA": null, "Name": null, "Plot_No": "19", "Block": "B" }, "geometry": { "type": "Polygon", "coordinates": [ [ [ 74.260248198181031, 31.444028787995954 ], [ 74.260133116626321, 31.443783531223552 ], [ 74.259997344611719, 31.443831785167141 ], [ 74.260117551797237, 31.444073321421278 ], [ 74.260248198181031, 31.444028787995954 ] ] ] } },
{ "type": "Feature", "properties": { "Id": null, "__source_file": "Export_Output.shp", "OBJECTID": 175495.0, "SHAPE_Leng": 160.78154458, "SHAPE_Area": 1258.66714701, "Town": "Allama Iqbal Town", "UC_N0": "UC_120", "Landuse": "V", "KA": null, "Name": null, "Plot_No": "89", "Block": "H" }, "geometry": { "type": "Polygon", "coordinates": [ [ [ 74.258293702051887, 31.445056382621495 ], [ 74.258164258787019, 31.444788531123269 ], [ 74.258012059727633, 31.4448414075001 ], [ 74.258138713229258, 31.445113240097413 ], [ 74.258257977903, 31.445069488194726 ], [ 74.258293702051887, 31.445056382621495 ] ] ] } },
{ "type": "Feature", "properties": { "Id": null, "__source_file": "Export_Output.shp", "OBJECTID": 169513.0, "SHAPE_Leng": 184.12182456599999, "SHAPE_Area": 2067.0987485599999, "Town": "Allama Iqbal Town", "UC_N0": "UC_120", "Landuse": "V", "KA": null, "Name": null, "Plot_No": "50", "Block": "H" }, "geometry": { "type": "Polygon", "coordinates": [ [ [ 74.257156463388881, 31.444568473106123 ], [ 74.256977237011867, 31.444633648263487 ], [ 74.257085612374979, 31.444851059444694 ], [ 74.257252854061079, 31.444790186846266 ], [ 74.257156463388881, 31.444568473106123 ] ] ] } },
{ "type": "Feature", "properties": { "Id": null, "__source_file": "Export_Output.shp", "OBJECTID": 169513.0, "SHAPE_Leng": 184.12182456599999, "SHAPE_Area": 2067.0987485599999, "Town": "Allama Iqbal Town", "UC_N0": "UC_120", "Landuse": "V", "KA": null, "Name": null, "Plot_No": "51", "Block": "H" }, "geometry": { "type": "Polygon", "coordinates": [ [ [ 74.257260839310305, 31.444530516943512 ], [ 74.257156463388881, 31.444568473106123 ], [ 74.257252854061079, 31.444790186846266 ], [ 74.257362422746027, 31.444750305893809 ], [ 74.257260839310305, 31.444530516943512 ] ] ] } },
{ "type": "Feature", "properties": { "Id": null, "__source_file": "Export_Output.shp", "OBJECTID": 169513.0, "SHAPE_Leng": 184.12182456599999, "SHAPE_Area": 2067.0987485599999, "Town": "Allama Iqbal Town", "UC_N0": "UC_120", "Landuse": "V", "KA": null, "Name": null, "Plot_No": "52", "Block": "H" }, "geometry": { "type": "Polygon", "coordinates": [ [ [ 74.257372363850962, 31.444489961066317 ], [ 74.257260839310334, 31.444530516943512 ], [ 74.257362422746027, 31.444750305893809 ], [ 74.257474687615186, 31.444709443447358 ], [ 74.257372363850962, 31.444489961066317 ] ] ] } },
{ "type": "Feature", "properties": { "Id": null, "__source_file": "Export_Output.shp", "OBJECTID": 169513.0, "SHAPE_Leng": 184.12182456599999, "SHAPE_Area": 2067.0987485599999, "Town": "Allama Iqbal Town", "UC_N0": "UC_120", "Landuse": "R", "KA": null, "Name": null, "Plot_No": "53", "Block": "H" }, "geometry": { "type": "Polygon", "coordinates": [ [ [ 74.257485272010825, 31.4444489019006 ], [ 74.257372363850962, 31.444489961066317 ], [ 74.257474687615186, 31.444709443447358 ], [ 74.257586274137509, 31.444668827630181 ], [ 74.257485272010825, 31.4444489019006 ] ] ] } },
{ "type": "Feature", "properties": { "Id": null, "__source_file": "Export_Output.shp", "OBJECTID": 169513.0, "SHAPE_Leng": 184.12182456599999, "SHAPE_Area": 2067.0987485599999, "Town": "Allama Iqbal Town", "UC_N0": "UC_120", "Landuse": "R", "KA": null, "Name": null, "Plot_No": "54", "Block": "H" }, "geometry": { "type": "Polygon", "coordinates": [ [ [ 74.257602807430658, 31.444406159882121 ], [ 74.257485272010825, 31.4444489019006 ], [ 74.257586274137509, 31.444668827630181 ], [ 74.257686438906092, 31.444632369318001 ], [ 74.257602807430658, 31.444406159882121 ] ] ] } },
{ "type": "Feature", "properties": { "Id": null, "__source_file": "Export_Output.shp", "OBJECTID": 169513.0, "SHAPE_Leng": 184.12182456599999, "SHAPE_Area": 2067.0987485599999, "Town": "Allama Iqbal Town", "UC_N0": "UC_120", "Landuse": "V", "KA": null, "Name": null, "Plot_No": "55", "Block": "H" }, "geometry": { "type": "Polygon", "coordinates": [ [ [ 74.257706588732631, 31.444368419456449 ], [ 74.257602807430658, 31.444406159882121 ], [ 74.257686438906092, 31.444632369318001 ], [ 74.257785075959788, 31.444596466822468 ], [ 74.25780384377795, 31.444589635566128 ], [ 74.257706588732631, 31.444368419456449 ] ] ] } },
{ "type": "Feature", "properties": { "Id": null, "__source_file": "Export_Output.shp", "OBJECTID": 169513.0, "SHAPE_Leng": 184.12182456599999, "SHAPE_Area": 2067.0987485599999, "Town": "Allama Iqbal Town", "UC_N0": "UC_120", "Landuse": "R", "KA": null, "Name": null, "Plot_No": "56", "Block": "H" }, "geometry": { "type": "Polygon", "coordinates": [ [ [ 74.257823859978515, 31.444325773227632 ], [ 74.257706588732589, 31.444368419456421 ], [ 74.25780384377795, 31.444589635566128 ], [ 74.257930777733378, 31.44454343305927 ], [ 74.257823859978515, 31.444325773227632 ] ] ] } },
{ "type": "Feature", "properties": { "Id": null, "__source_file": "Export_Output.shp", "OBJECTID": 169513.0, "SHAPE_Leng": 184.12182456599999, "SHAPE_Area": 2067.0987485599999, "Town": "Allama Iqbal Town", "UC_N0": "UC_120", "Landuse": "R", "KA": null, "Name": null, "Plot_No": "57", "Block": "H" }, "geometry": { "type": "Polygon", "coordinates": [ [ [ 74.257926800749956, 31.444288338220559 ], [ 74.257823859978544, 31.444325773227632 ], [ 74.257930777733378, 31.44454343305927 ], [ 74.258029282618452, 31.444507578289585 ], [ 74.257926800749956, 31.444288338220559 ] ] ] } },
{ "type": "Feature", "properties": { "Id": null, "__source_file": "Export_Output.shp", "OBJECTID": 169513.0, "SHAPE_Leng": 184.12182456599999, "SHAPE_Area": 2067.0987485599999, "Town": "Allama Iqbal Town", "UC_N0": "UC_120", "Landuse": "R", "KA": null, "Name": null, "Plot_No": "58", "Block": "H" }, "geometry": { "type": "Polygon", "coordinates": [ [ [ 74.258053042010062, 31.444242429701081 ], [ 74.257926800749956, 31.444288338220559 ], [ 74.258029282618452, 31.444507578289585 ], [ 74.25815970780198, 31.444460104698216 ], [ 74.258053042010062, 31.444242429701081 ] ] ] } },
{ "type": "Feature", "properties": { "Id": null, "__source_file": "Export_Output.shp", "OBJECTID": 169513.0, "SHAPE_Leng": 184.12182456599999, "SHAPE_Area": 2067.0987485599999, "Town": "Allama Iqbal Town", "UC_N0": "UC_120", "Landuse": "V", "KA": null, "Name": null, "Plot_No": "41", "Block": "H" }, "geometry": { "type": "Polygon", "coordinates": [ [ [ 74.258053042010062, 31.444242429701081 ], [ 74.25794298392546, 31.444017830855952 ], [ 74.257820971458628, 31.444061935852666 ], [ 74.257926800749956, 31.444288338220559 ], [ 74.258053042010062, 31.444242429701081 ] ] ] } },
{ "type": "Feature", "properties": { "Id": null, "__source_file": "Export_Output.shp", "OBJECTID": 169513.0, "SHAPE_Leng": 184.12182456599999, "SHAPE_Area": 2067.0987485599999, "Town": "Allama Iqbal Town", "UC_N0": "UC_120", "Landuse": "R", "KA": null, "Name": null, "Plot_No": "42", "Block": "H" }, "geometry": { "type": "Polygon", "coordinates": [ [ [ 74.257926800749956, 31.444288338220559 ], [ 74.257820971458628, 31.444061935852666 ], [ 74.25771336640932, 31.444100832732524 ], [ 74.257823859978544, 31.444325773227632 ], [ 74.257926800749956, 31.444288338220559 ] ] ] } },
{ "type": "Feature", "properties": { "Id": null, "__source_file": "Export_Output.shp", "OBJECTID": 169513.0, "SHAPE_Leng": 184.12182456599999, "SHAPE_Area": 2067.0987485599999, "Town": "Allama Iqbal Town", "UC_N0": "UC_120", "Landuse": "R", "KA": null, "Name": null, "Plot_No": "43", "Block": "H" }, "geometry": { "type": "Polygon", "coordinates": [ [ [ 74.257823859978515, 31.444325773227632 ], [ 74.25771336640932, 31.444100832732524 ], [ 74.257606009038412, 31.444139639958845 ], [ 74.257706588732589, 31.444368419456421 ], [ 74.257823859978515, 31.444325773227632 ] ] ] } },
{ "type": "Feature", "properties": { "Id": null, "__source_file": "Export_Output.shp", "OBJECTID": 169513.0, "SHAPE_Leng": 184.12182456599999, "SHAPE_Area": 2067.0987485599999, "Town": "Allama Iqbal Town", "UC_N0": "UC_120", "Landuse": "V", "KA": null, "Name": null, "Plot_No": "44", "Block": "H" }, "geometry": { "type": "Polygon", "coordinates": [ [ [ 74.257706588732631, 31.444368419456449 ], [ 74.257606009038412, 31.444139639958845 ], [ 74.257564752687856, 31.444154553150224 ], [ 74.257516266507565, 31.444172079692969 ], [ 74.257602807430658, 31.444406159882121 ], [ 74.257706588732631, 31.444368419456449 ] ] ] } },
{ "type": "Feature", "properties": { "Id": null, "__source_file": "Export_Output.shp", "OBJECTID": 169513.0, "SHAPE_Leng": 184.12182456599999, "SHAPE_Area": 2067.0987485599999, "Town": "Allama Iqbal Town", "UC_N0": "UC_120", "Landuse": "R", "KA": null, "Name": null, "Plot_No": "45", "Block": "H" }, "geometry": { "type": "Polygon", "coordinates": [ [ [ 74.257602807430658, 31.444406159882121 ], [ 74.257516266507565, 31.444172079692969 ], [ 74.257457503882065, 31.444193320880263 ], [ 74.257380653363683, 31.444221100280593 ], [ 74.257485272010825, 31.4444489019006 ], [ 74.257602807430658, 31.444406159882121 ] ] ] } },
{ "type": "Feature", "properties": { "Id": null, "__source_file": "Export_Output.shp", "OBJECTID": 169513.0, "SHAPE_Leng": 184.12182456599999, "SHAPE_Area": 2067.0987485599999, "Town": "Allama Iqbal Town", "UC_N0": "UC_120", "Landuse": "V", "KA": null, "Name": null, "Plot_No": "46", "Block": "H" }, "geometry": { "type": "Polygon", "coordinates": [ [ [ 74.257485272010825, 31.4444489019006 ], [ 74.257380653363683, 31.444221100280593 ], [ 74.257338006350921, 31.44423651600415 ], [ 74.257266292359844, 31.444262438741838 ], [ 74.257372363850962, 31.444489961066317 ], [ 74.257485272010825, 31.4444489019006 ] ] ] } },
{ "type": "Feature", "properties": { "Id": null, "__source_file": "Export_Output.shp", "OBJECTID": 169513.0, "SHAPE_Leng": 184.12182456599999, "SHAPE_Area": 2067.0987485599999, "Town": "Allama Iqbal Town", "UC_N0": "UC_120", "Landuse": "R", "KA": null, "Name": null, "Plot_No": "47", "Block": "H" }, "geometry": { "type": "Polygon", "coordinates": [ [ [ 74.257372363850962, 31.444489961066317 ], [ 74.257266292359844, 31.444262438741838 ], [ 74.257222395646423, 31.444278306231958 ], [ 74.257155455072336, 31.444302503315367 ], [ 74.257260839310334, 31.444530516943512 ], [ 74.257372363850962, 31.444489961066317 ] ] ] } },
{ "type": "Feature", "properties": { "Id": null, "__source_file": "Export_Output.shp", "OBJECTID": 169513.0, "SHAPE_Leng": 184.12182456599999, "SHAPE_Area": 2067.0987485599999, "Town": "Allama Iqbal Town", "UC_N0": "UC_120", "Landuse": "V", "KA": null, "Name": null, "Plot_No": "48", "Block": "H" }, "geometry": { "type": "Polygon", "coordinates": [ [ [ 74.257260839310305, 31.444530516943512 ], [ 74.257155455072336, 31.444302503315367 ], [ 74.257090340016546, 31.444326040480696 ], [ 74.257056399379124, 31.444338308951689 ], [ 74.257156463388881, 31.444568473106123 ], [ 74.257260839310305, 31.444530516943512 ] ] ] } }
]
}
