{
"type": "FeatureCollection",
"name": "lahore_societies",
"crs": { "type": "name", "properties": { "name": "urn:ogc:def:crs:OGC:1.3:CRS84" } },
"features": [
{ "type": "Feature", "properties": { "element": "node", "id": 9996830485, "addr:city": "Lahore", "addr:housenumber": "17", "addr:postcode": "54000", "addr:street": "اسٹریٹ 32", "building": "apartments", "building:levels": "2", "landuse": "residential", "name": "Alvi Building", "operator": null, "residential": null, "description": null, "source": null, "phone": null, "ele": null, "name:en": null, "name:ur": null, "official_name": null, "official_name:ur": null, "type": null }, "geometry": { "type": "Point", "coordinates": [ 74.3420089, 31.5251065 ] } },
{ "type": "Feature", "properties": { "element": "node", "id": 12144064578, "addr:city": "Lahore", "addr:housenumber": "1", "addr:postcode": "53720", "addr:street": "Dera Ch Saif Gujjar", "building": null, "building:levels": null, "landuse": "residential", "name": "Dera Ch Saif Gujjar", "operator": "Gujjar", "residential": "apartments", "description": null, "source": null, "phone": null, "ele": null, "name:en": null, "name:ur": null, "official_name": null, "official_name:ur": null, "type": null }, "geometry": { "type": "Point", "coordinates": [ 74.1593904, 31.3671055 ] } },
{ "type": "Feature", "properties": { "element": "node", "id": 12657078878, "addr:city": null, "addr:housenumber": null, "addr:postcode": null, "addr:street": null, "building": null, "building:levels": null, "landuse": "residential", "name": "SITE", "operator": null, "residential": "apartments", "description": null, "source": null, "phone": null, "ele": null, "name:en": null, "name:ur": null, "official_name": null, "official_name:ur": null, "type": null }, "geometry": { "type": "Point", "coordinates": [ 74.3691691, 31.4861707 ] } },
{ "type": "Feature", "properties": { "element": "relation", "id": 3115761, "addr:city": null, "addr:housenumber": null, "addr:postcode": null, "addr:street": null, "building": null, "building:levels": null, "landuse": "residential", "name": "Sector E", "operator": null, "residential": null, "description": null, "source": null, "phone": null, "ele": null, "name:en": null, "name:ur": null, "official_name": null, "official_name:ur": null, "type": "multipolygon" }, "geometry": { "type": "Polygon", "coordinates": [ [ [ 74.4085428, 31.5399176 ], [ 74.4094119, 31.5398812 ], [ 74.4110939, 31.5398108 ], [ 74.411244, 31.5398045 ], [ 74.4108664, 31.5314236 ], [ 74.4107634, 31.5314264 ], [ 74.4082157, 31.5314963 ], [ 74.4085428, 31.5399176 ] ] ] } },
{ "type": "Feature", "properties": { "element": "relation", "id": 13908592, "addr:city": null, "addr:housenumber": null, "addr:postcode": null, "addr:street": null, "building": null, "building:levels": null, "landuse": "residential", "name": null, "operator": null, "residential": null, "description": null, "source": null, "phone": null, "ele": null, "name:en": null, "name:ur": null, "official_name": null, "official_name:ur": null, "type": "multipolygon" }, "geometry": { "type": "Polygon", "coordinates": [ [ [ 74.4313636, 31.5962217 ], [ 74.4320767, 31.596422 ], [ 74.4324386, 31.5957761 ], [ 74.433535, 31.5961311 ], [ 74.4338432, 31.5955981 ], [ 74.4350667, 31.5956537 ], [ 74.4349827, 31.5970857 ], [ 74.4347118, 31.5970698 ], [ 74.4342168, 31.5992336 ], [ 74.4374298, 31.5992814 ], [ 74.437492, 31.5981246 ], [ 74.4384911, 31.5984633 ], [ 74.4391328, 31.5986537 ], [ 74.4389428, 31.5992575 ], [ 74.437718, 31.5997754 ], [ 74.4376826, 31.6006076 ], [ 74.4360018, 31.6006414 ], [ 74.4357377, 31.6007723 ], [ 74.4357176, 31.602399 ], [ 74.4368974, 31.6024395 ], [ 74.436949, 31.6033789 ], [ 74.4382938, 31.6034737 ], [ 74.4382866, 31.6043632 ], [ 74.4394984, 31.6044817 ], [ 74.4395664, 31.6043068 ], [ 74.4400069, 31.6031733 ], [ 74.4412218, 31.6032112 ], [ 74.4413992, 31.6022088 ], [ 74.4419783, 31.6022168 ], [ 74.4419783, 31.6014133 ], [ 74.4409415, 31.6013065 ], [ 74.4411105, 31.6009043 ], [ 74.4430524, 31.6010076 ], [ 74.4430151, 31.6013418 ], [ 74.4439584, 31.6013656 ], [ 74.4438743, 31.6018668 ], [ 74.4447199, 31.6019225 ], [ 74.4447803, 31.6012622 ], [ 74.446228, 31.6013338 ], [ 74.4463529, 31.6010082 ], [ 74.4478555, 31.6015159 ], [ 74.4474161, 31.6022676 ], [ 74.4471153, 31.6024077 ], [ 74.4468164, 31.602352 ], [ 74.4446402, 31.6023123 ], [ 74.4444161, 31.6046589 ], [ 74.4470313, 31.6047464 ], [ 74.4470686, 31.6043328 ], [ 74.4486471, 31.6022168 ], [ 74.4490011, 31.6022566 ], [ 74.4489992, 31.6033149 ], [ 74.4504871, 31.6033464 ], [ 74.4504497, 31.6039032 ], [ 74.450898, 31.6040066 ], [ 74.4507673, 31.604476 ], [ 74.4512903, 31.6045714 ], [ 74.4512343, 31.6062658 ], [ 74.452738, 31.6062896 ], [ 74.4526726, 31.606743 ], [ 74.4532616, 31.6067783 ], [ 74.4537444, 31.6058378 ], [ 74.4553925, 31.6059319 ], [ 74.4552785, 31.609376 ], [ 74.4565861, 31.6093919 ], [ 74.4566234, 31.6090419 ], [ 74.4571558, 31.6090498 ], [ 74.4571745, 31.6088669 ], [ 74.457875, 31.6088828 ], [ 74.4579217, 31.6083896 ], [ 74.4586222, 31.6083976 ], [ 74.4586502, 31.6079124 ], [ 74.4592472, 31.6079295 ], [ 74.4590878, 31.6099176 ], [ 74.4566048, 31.6098771 ], [ 74.4565861, 31.6103623 ], [ 74.4584074, 31.6104259 ], [ 74.4583513, 31.611285 ], [ 74.459091, 31.6113176 ], [ 74.4589958, 31.6132337 ], [ 74.4596309, 31.6133133 ], [ 74.4595655, 31.6138064 ], [ 74.4603221, 31.6138303 ], [ 74.4603127, 31.6143552 ], [ 74.4614055, 31.6143791 ], [ 74.4614055, 31.61492 ], [ 74.4603408, 31.61492 ], [ 74.4602287, 31.6159062 ], [ 74.4609572, 31.6157551 ], [ 74.4609961, 31.6160023 ], [ 74.4612841, 31.6160574 ], [ 74.4612934, 31.6166141 ], [ 74.4609012, 31.6166221 ], [ 74.4609316, 31.6172407 ], [ 74.4603221, 31.6173936 ], [ 74.4605462, 31.6182128 ], [ 74.4609665, 31.6181651 ], [ 74.4611025, 31.6185 ], [ 74.4608825, 31.6185548 ], [ 74.4610938, 31.6189929 ], [ 74.4622902, 31.6187319 ], [ 74.4628011, 31.6186109 ], [ 74.463699, 31.6182043 ], [ 74.463683, 31.6180953 ], [ 74.4635132, 31.6178011 ], [ 74.4640861, 31.6175606 ], [ 74.4638419, 31.6171719 ], [ 74.4641982, 31.6170754 ], [ 74.4641048, 31.6158983 ], [ 74.4628552, 31.6159155 ], [ 74.4628658, 31.6142916 ], [ 74.4623395, 31.6142757 ], [ 74.4622835, 31.6133928 ], [ 74.4615083, 31.6133689 ], [ 74.4616256, 31.6104487 ], [ 74.4626944, 31.6104657 ], [ 74.4629116, 31.6065155 ], [ 74.4625052, 31.6063782 ], [ 74.4625076, 31.6056214 ], [ 74.4636751, 31.6051442 ], [ 74.4650014, 31.6051283 ], [ 74.4650014, 31.6045157 ], [ 74.4682198, 31.6044515 ], [ 74.4681948, 31.6060429 ], [ 74.4685693, 31.606043 ], [ 74.4685693, 31.6056214 ], [ 74.4688215, 31.6056214 ], [ 74.4688682, 31.6050646 ], [ 74.469522, 31.6050646 ], [ 74.4695874, 31.6031316 ], [ 74.4701134, 31.603146 ], [ 74.4707455, 31.6031634 ], [ 74.4707642, 31.6061305 ], [ 74.4707268, 31.6070055 ], [ 74.4713059, 31.6069896 ], [ 74.4714927, 31.6086044 ], [ 74.4725014, 31.6089544 ], [ 74.481225, 31.6115236 ], [ 74.4814024, 31.6108555 ], [ 74.4822244, 31.6105612 ], [ 74.482215, 31.6114122 ], [ 74.4835413, 31.6114282 ], [ 74.4835413, 31.6106805 ], [ 74.484961, 31.6106725 ], [ 74.4854653, 31.6111259 ], [ 74.4875454, 31.6111719 ], [ 74.4876229, 31.6111736 ], [ 74.4882905, 31.6116749 ], [ 74.4884915, 31.6118259 ], [ 74.4929124, 31.6119094 ], [ 74.4935169, 31.6074758 ], [ 74.4875523, 31.6073417 ], [ 74.4875945, 31.6048869 ], [ 74.4907814, 31.6049365 ], [ 74.4908063, 31.603975 ], [ 74.4908144, 31.6036632 ], [ 74.4908181, 31.6035218 ], [ 74.4940855, 31.6035782 ], [ 74.4941602, 31.6031596 ], [ 74.4942098, 31.6027014 ], [ 74.4942452, 31.6024844 ], [ 74.4943545, 31.6020689 ], [ 74.4946486, 31.601351 ], [ 74.4959355, 31.6014293 ], [ 74.4962157, 31.6022884 ], [ 74.4974953, 31.6021452 ], [ 74.4975793, 31.60236 ], [ 74.498121, 31.6023679 ], [ 74.4981771, 31.6034737 ], [ 74.4989336, 31.6034021 ], [ 74.4988869, 31.6044203 ], [ 74.4989149, 31.6050567 ], [ 74.4994083, 31.6050467 ], [ 74.4997649, 31.6062896 ], [ 74.4997649, 31.6065283 ], [ 74.5011005, 31.6064328 ], [ 74.5004093, 31.6046112 ], [ 74.5001945, 31.6037441 ], [ 74.5011285, 31.6035691 ], [ 74.501306, 31.6044998 ], [ 74.5026696, 31.6043169 ], [ 74.5025856, 31.6038157 ], [ 74.5027817, 31.6037998 ], [ 74.5025949, 31.6028691 ], [ 74.5025036, 31.6028734 ], [ 74.5019131, 31.6029009 ], [ 74.5017169, 31.6019145 ], [ 74.50224, 31.6017952 ], [ 74.502296, 31.6020497 ], [ 74.5028658, 31.601835 ], [ 74.5028658, 31.6016361 ], [ 74.5024389, 31.6015804 ], [ 74.5024393, 31.601404 ], [ 74.5022344, 31.601385 ], [ 74.5021466, 31.6005383 ], [ 74.503146, 31.600419 ], [ 74.5033514, 31.6010315 ], [ 74.5038371, 31.6009042 ], [ 74.5038651, 31.6012145 ], [ 74.5046497, 31.6012065 ], [ 74.5046497, 31.6015009 ], [ 74.5056024, 31.6015088 ], [ 74.505621, 31.601119 ], [ 74.5063029, 31.6011031 ], [ 74.5063122, 31.6007213 ], [ 74.5056677, 31.6006576 ], [ 74.5057051, 31.6001883 ], [ 74.5068259, 31.5997666 ], [ 74.506527, 31.5992496 ], [ 74.5053502, 31.5993848 ], [ 74.5053969, 31.5985336 ], [ 74.5061161, 31.5985097 ], [ 74.5058919, 31.5990825 ], [ 74.5080588, 31.5991223 ], [ 74.5081152, 31.5980105 ], [ 74.5095476, 31.5981919 ], [ 74.5096372, 31.5985893 ], [ 74.509712, 31.5991143 ], [ 74.5114305, 31.5989154 ], [ 74.5114361, 31.5983269 ], [ 74.5118609, 31.5983852 ], [ 74.5118602, 31.5985654 ], [ 74.5123178, 31.5992655 ], [ 74.5129996, 31.5990905 ], [ 74.5140924, 31.59917 ], [ 74.5140737, 31.5999576 ], [ 74.5146341, 31.6000053 ], [ 74.5147089, 31.5992257 ], [ 74.5172307, 31.5993609 ], [ 74.517184, 31.5999337 ], [ 74.5183328, 31.6000212 ], [ 74.5184091, 31.5990156 ], [ 74.518432, 31.5987044 ], [ 74.5188174, 31.5987587 ], [ 74.519108, 31.5969743 ], [ 74.5181086, 31.5967755 ], [ 74.5174735, 31.5968073 ], [ 74.517022, 31.5967326 ], [ 74.5165955, 31.5967118 ], [ 74.5164648, 31.5978017 ], [ 74.5130463, 31.5972767 ], [ 74.5120213, 31.5973416 ], [ 74.512152, 31.5979503 ], [ 74.5104224, 31.5977317 ], [ 74.5103471, 31.5967039 ], [ 74.5101042, 31.5960277 ], [ 74.5099361, 31.5956537 ], [ 74.5094427, 31.5957759 ], [ 74.5092381, 31.5951882 ], [ 74.5110102, 31.5949537 ], [ 74.5112157, 31.5932432 ], [ 74.5082829, 31.5932352 ], [ 74.5082643, 31.5936251 ], [ 74.5077225, 31.5935773 ], [ 74.5077132, 31.5938876 ], [ 74.5061721, 31.5938478 ], [ 74.5063496, 31.59489 ], [ 74.5071248, 31.5948661 ], [ 74.5070874, 31.5955981 ], [ 74.5068913, 31.5957413 ], [ 74.5060133, 31.5954787 ], [ 74.5059573, 31.5947229 ], [ 74.5046404, 31.5949298 ], [ 74.5042014, 31.5948423 ], [ 74.5042154, 31.5947349 ], [ 74.5042387, 31.5945559 ], [ 74.50323, 31.5946195 ], [ 74.5026042, 31.5945957 ], [ 74.5030257, 31.5936282 ], [ 74.5002528, 31.5930628 ], [ 74.5011074, 31.5901258 ], [ 74.501193, 31.5898561 ], [ 74.5014266, 31.5891234 ], [ 74.5015735, 31.5891389 ], [ 74.5019746, 31.5891811 ], [ 74.5019986, 31.5890815 ], [ 74.502365, 31.589134 ], [ 74.5024287, 31.5887898 ], [ 74.5025204, 31.5882942 ], [ 74.5026204, 31.5873914 ], [ 74.5130579, 31.5895051 ], [ 74.5130208, 31.5866815 ], [ 74.5123151, 31.5867978 ], [ 74.511843, 31.5867247 ], [ 74.5117557, 31.5854226 ], [ 74.512489, 31.5853859 ], [ 74.5124438, 31.5846591 ], [ 74.5110384, 31.5847962 ], [ 74.5110174, 31.5852785 ], [ 74.5102411, 31.5852985 ], [ 74.5107165, 31.586615 ], [ 74.5104805, 31.5867247 ], [ 74.5105878, 31.5869531 ], [ 74.5094612, 31.5870445 ], [ 74.5092359, 31.587794 ], [ 74.5070901, 31.5873644 ], [ 74.5073155, 31.5856645 ], [ 74.5082381, 31.5856828 ], [ 74.5081416, 31.5860483 ], [ 74.5095471, 31.5859935 ], [ 74.5097509, 31.5864596 ], [ 74.510341, 31.5864688 ], [ 74.5097616, 31.584778 ], [ 74.5086995, 31.5849242 ], [ 74.5086244, 31.584586 ], [ 74.5088926, 31.5845312 ], [ 74.5087853, 31.5840011 ], [ 74.5092466, 31.5839645 ], [ 74.5090213, 31.5831603 ], [ 74.5073155, 31.5834344 ], [ 74.5076695, 31.5846043 ], [ 74.5071879, 31.5846824 ], [ 74.507188, 31.5841036 ], [ 74.5065714, 31.5840457 ], [ 74.5065245, 31.584392 ], [ 74.5061602, 31.5843703 ], [ 74.5060154, 31.5846628 ], [ 74.5064464, 31.5847231 ], [ 74.5063606, 31.5851527 ], [ 74.5051697, 31.5852258 ], [ 74.5051911, 31.5847962 ], [ 74.5047513, 31.5846866 ], [ 74.50488, 31.5843575 ], [ 74.5053199, 31.5838731 ], [ 74.5040539, 31.5832516 ], [ 74.5032707, 31.5841291 ], [ 74.5033693, 31.5844824 ], [ 74.5043114, 31.5847414 ], [ 74.5041075, 31.5851161 ], [ 74.5032921, 31.5848419 ], [ 74.5022514, 31.584778 ], [ 74.5021012, 31.5855822 ], [ 74.5009983, 31.5854118 ], [ 74.5016576, 31.582136 ], [ 74.5010176, 31.5821 ], [ 74.5012, 31.5813871 ], [ 74.5008352, 31.581378 ], [ 74.500964, 31.5806468 ], [ 74.5005289, 31.5793945 ], [ 74.5006207, 31.5788462 ], [ 74.5016077, 31.5789376 ], [ 74.501628, 31.5787326 ], [ 74.5022827, 31.5788441 ], [ 74.5025888, 31.5782829 ], [ 74.5021067, 31.5779321 ], [ 74.501479, 31.5775483 ], [ 74.5008155, 31.5770303 ], [ 74.5002881, 31.5752175 ], [ 74.4995907, 31.5754186 ], [ 74.4996658, 31.5759213 ], [ 74.4991401, 31.5760584 ], [ 74.4992366, 31.5769085 ], [ 74.4991226, 31.5771745 ], [ 74.498274, 31.5772187 ], [ 74.4983461, 31.5764789 ], [ 74.4974664, 31.5764515 ], [ 74.4974771, 31.5762504 ], [ 74.4968978, 31.5762412 ], [ 74.497005, 31.575702 ], [ 74.4971767, 31.5756471 ], [ 74.4974449, 31.5749159 ], [ 74.4980672, 31.5746051 ], [ 74.4985715, 31.574532 ], [ 74.4984427, 31.5740293 ], [ 74.4994998, 31.5735935 ], [ 74.4993209, 31.5730239 ], [ 74.4988075, 31.57317 ], [ 74.4985178, 31.5720092 ], [ 74.4969836, 31.5719817 ], [ 74.4966081, 31.5720457 ], [ 74.4963179, 31.5712412 ], [ 74.4960287, 31.5707934 ], [ 74.4950309, 31.5709762 ], [ 74.4946983, 31.5702084 ], [ 74.4946554, 31.5698245 ], [ 74.4955137, 31.5694771 ], [ 74.4945178, 31.5683877 ], [ 74.4943229, 31.5684517 ], [ 74.4941599, 31.5689359 ], [ 74.4939989, 31.5696489 ], [ 74.4936076, 31.5703902 ], [ 74.4933618, 31.5706922 ], [ 74.4919844, 31.5717062 ], [ 74.4918258, 31.5719587 ], [ 74.4915285, 31.572417 ], [ 74.4911333, 31.5727507 ], [ 74.4902951, 31.5735877 ], [ 74.4901836, 31.5737136 ], [ 74.4898586, 31.5746576 ], [ 74.4897711, 31.5752135 ], [ 74.4896669, 31.5755469 ], [ 74.4895358, 31.5756481 ], [ 74.4889048, 31.5759122 ], [ 74.4884196, 31.575964 ], [ 74.4882577, 31.5765217 ], [ 74.4881709, 31.5768175 ], [ 74.4839493, 31.5762558 ], [ 74.4812178, 31.5758218 ], [ 74.4742874, 31.5747461 ], [ 74.4688409, 31.573902 ], [ 74.4623987, 31.5729175 ], [ 74.4443426, 31.570231 ], [ 74.4443962, 31.5699569 ], [ 74.445168, 31.5700446 ], [ 74.4462088, 31.5701654 ], [ 74.4464665, 31.5701894 ], [ 74.4465474, 31.5692269 ], [ 74.4448431, 31.5691291 ], [ 74.4449089, 31.5695835 ], [ 74.4441655, 31.569468 ], [ 74.4432748, 31.5692817 ], [ 74.4434464, 31.5687359 ], [ 74.4430214, 31.5686407 ], [ 74.4420451, 31.5685721 ], [ 74.4413853, 31.5685539 ], [ 74.4409659, 31.5694006 ], [ 74.4408031, 31.5696551 ], [ 74.440137, 31.5695851 ], [ 74.4400624, 31.5704566 ], [ 74.4378462, 31.5701901 ], [ 74.4375999, 31.5718409 ], [ 74.4363358, 31.5717195 ], [ 74.4363015, 31.5711023 ], [ 74.4357933, 31.5710956 ], [ 74.4357405, 31.5710949 ], [ 74.4357496, 31.5716507 ], [ 74.4355254, 31.5850219 ], [ 74.4355247, 31.5850377 ], [ 74.4352858, 31.5867459 ], [ 74.4347972, 31.5884184 ], [ 74.4347514, 31.5885421 ], [ 74.4347231, 31.5886228 ], [ 74.4339542, 31.5905903 ], [ 74.4335079, 31.5912104 ], [ 74.4321515, 31.5940188 ], [ 74.4313636, 31.5962217 ] ], [ [ 74.4929709, 31.5837969 ], [ 74.4930423, 31.5836693 ], [ 74.4933975, 31.583007 ], [ 74.4936, 31.5826292 ], [ 74.4938241, 31.5822114 ], [ 74.4939825, 31.5819159 ], [ 74.4951486, 31.5816792 ], [ 74.4957529, 31.5815201 ], [ 74.4960338, 31.5814157 ], [ 74.4962805, 31.5812594 ], [ 74.4965271, 31.5811801 ], [ 74.49691, 31.5821725 ], [ 74.4956752, 31.5821493 ], [ 74.4956154, 31.5841086 ], [ 74.4955874, 31.5850254 ], [ 74.4926022, 31.5844553 ], [ 74.4929709, 31.5837969 ] ] ] } },
{ "type": "Feature", "properties": { "element": "relation", "id": 13908651, "addr:city": null, "addr:housenumber": null, "addr:postcode": null, "addr:street": null, "building": null, "building:levels": null, "landuse": "residential", "name": null, "operator": null, "residential": null, "description": null, "source": null, "phone": null, "ele": null, "name:en": null, "name:ur": null, "official_name": null, "official_name:ur": null, "type": "multipolygon" }, "geometry": { "type": "Polygon", "coordinates": [ [ [ 74.2287076, 31.4419345 ], [ 74.2292221, 31.4418086 ], [ 74.2312028, 31.4417801 ], [ 74.2311999, 31.4417089 ], [ 74.2311968, 31.4416307 ], [ 74.2290933, 31.4415249 ], [ 74.2282994, 31.4418269 ], [ 74.2273146, 31.4399204 ], [ 74.227103, 31.4399862 ], [ 74.2268198, 31.4394704 ], [ 74.2264457, 31.4396128 ], [ 74.2261918, 31.4390863 ], [ 74.2254843, 31.4393432 ], [ 74.2251123, 31.4394931 ], [ 74.2246225, 31.4385129 ], [ 74.2244907, 31.438559 ], [ 74.2242224, 31.4380098 ], [ 74.2225058, 31.4387513 ], [ 74.2229672, 31.4397216 ], [ 74.2226703, 31.4398518 ], [ 74.2223878, 31.4393463 ], [ 74.2220981, 31.4394561 ], [ 74.2213578, 31.4378908 ], [ 74.2211302, 31.4374539 ], [ 74.2209086, 31.4375181 ], [ 74.2209227, 31.4375715 ], [ 74.2208831, 31.4375831 ], [ 74.2208191, 31.4375981 ], [ 74.2207777, 31.437552 ], [ 74.2205323, 31.4376254 ], [ 74.221307, 31.439163 ], [ 74.2217841, 31.44011 ], [ 74.2212042, 31.4403201 ], [ 74.2217412, 31.4413288 ], [ 74.2222926, 31.4411324 ], [ 74.2225555, 31.4416478 ], [ 74.2243297, 31.4451771 ], [ 74.2254981, 31.4447446 ], [ 74.2249826, 31.4437313 ], [ 74.2255812, 31.443508 ], [ 74.2253554, 31.4430141 ], [ 74.2256858, 31.4428906 ], [ 74.2256016, 31.4426956 ], [ 74.2266353, 31.4423199 ], [ 74.2268301, 31.4419729 ], [ 74.2276455, 31.441848 ], [ 74.2279024, 31.4420979 ], [ 74.2284265, 31.4420219 ], [ 74.2287076, 31.4419345 ] ] ] } },
{ "type": "Feature", "properties": { "element": "relation", "id": 17877196, "addr:city": null, "addr:housenumber": null, "addr:postcode": null, "addr:street": null, "building": null, "building:levels": null, "landuse": "residential", "name": null, "operator": null, "residential": null, "description": null, "source": null, "phone": null, "ele": null, "name:en": null, "name:ur": null, "official_name": null, "official_name:ur": null, "type": "multipolygon" }, "geometry": { "type": "Polygon", "coordinates": [ [ [ 74.1549151, 31.3878268 ], [ 74.1552343, 31.3875675 ], [ 74.1555132, 31.3875126 ], [ 74.1556205, 31.3884284 ], [ 74.1563071, 31.3884468 ], [ 74.1563715, 31.3888131 ], [ 74.1523375, 31.3889047 ], [ 74.1523375, 31.3923081 ], [ 74.1523375, 31.3926414 ], [ 74.1517581, 31.3927696 ], [ 74.1543116, 31.396268 ], [ 74.1554918, 31.3974402 ], [ 74.1561569, 31.398704 ], [ 74.1610064, 31.3994732 ], [ 74.1608133, 31.3967076 ], [ 74.1615214, 31.3967808 ], [ 74.1615643, 31.3958834 ], [ 74.1626372, 31.3954071 ], [ 74.1656198, 31.3954071 ], [ 74.1656412, 31.396268 ], [ 74.1641821, 31.3965427 ], [ 74.1642894, 31.397953 ], [ 74.1648902, 31.397953 ], [ 74.1650404, 31.3996014 ], [ 74.1717352, 31.3994549 ], [ 74.1804041, 31.3990886 ], [ 74.1802754, 31.3958834 ], [ 74.1827859, 31.3958101 ], [ 74.1828932, 31.3941433 ], [ 74.1807753, 31.3942312 ], [ 74.1808663, 31.3922463 ], [ 74.1845836, 31.3923577 ], [ 74.1846421, 31.3908506 ], [ 74.1857771, 31.3908683 ], [ 74.1857739, 31.3913482 ], [ 74.1870671, 31.3913794 ], [ 74.1871247, 31.3920615 ], [ 74.1876783, 31.3921285 ], [ 74.1877855, 31.393026 ], [ 74.1896309, 31.3930993 ], [ 74.1899742, 31.3943265 ], [ 74.1933431, 31.394473 ], [ 74.1936006, 31.3940151 ], [ 74.1956176, 31.3939602 ], [ 74.1957034, 31.3920186 ], [ 74.1993298, 31.3916889 ], [ 74.1994371, 31.3912493 ], [ 74.2007674, 31.3911943 ], [ 74.2008104, 31.3898938 ], [ 74.2002954, 31.3893809 ], [ 74.2010678, 31.3887215 ], [ 74.2015399, 31.3876957 ], [ 74.2004241, 31.3868348 ], [ 74.2007245, 31.3865234 ], [ 74.200467, 31.3860838 ], [ 74.2000379, 31.3861937 ], [ 74.19948, 31.3846916 ], [ 74.1997375, 31.3837391 ], [ 74.198965, 31.3837024 ], [ 74.1990294, 31.3831162 ], [ 74.200231, 31.3831345 ], [ 74.2026343, 31.3765763 ], [ 74.2028703, 31.3758069 ], [ 74.2028274, 31.3750008 ], [ 74.2019047, 31.3740298 ], [ 74.2019476, 31.3702741 ], [ 74.1989006, 31.3701458 ], [ 74.1987933, 31.3721611 ], [ 74.1979565, 31.3721978 ], [ 74.1957463, 31.3715932 ], [ 74.1939868, 31.370897 ], [ 74.1932573, 31.370439 ], [ 74.1922487, 31.3693763 ], [ 74.1922487, 31.3685702 ], [ 74.1927208, 31.3685152 ], [ 74.1928281, 31.3675625 ], [ 74.1934718, 31.3674343 ], [ 74.1934075, 31.3669396 ], [ 74.1945233, 31.3670312 ], [ 74.1949739, 31.3673793 ], [ 74.1950812, 31.3684786 ], [ 74.196948, 31.3684236 ], [ 74.1971304, 31.3661243 ], [ 74.1959967, 31.3661321 ], [ 74.1959847, 31.3648956 ], [ 74.195954, 31.3619096 ], [ 74.195973, 31.3602171 ], [ 74.1960008, 31.3600283 ], [ 74.1952642, 31.3598275 ], [ 74.1937508, 31.3594641 ], [ 74.1920342, 31.3592259 ], [ 74.1905965, 31.3596473 ], [ 74.189824, 31.3606367 ], [ 74.1897382, 31.3615712 ], [ 74.1875924, 31.3614246 ], [ 74.1876783, 31.3558727 ], [ 74.189073, 31.355213 ], [ 74.1907252, 31.3551947 ], [ 74.1908111, 31.353289 ], [ 74.1898884, 31.3533623 ], [ 74.1795243, 31.3535089 ], [ 74.1773357, 31.3514748 ], [ 74.1761555, 31.3497523 ], [ 74.1762842, 31.3474067 ], [ 74.171349, 31.3471684 ], [ 74.1706409, 31.3471501 ], [ 74.1669072, 31.3494958 ], [ 74.1666283, 31.3501371 ], [ 74.1683664, 31.3512549 ], [ 74.1671218, 31.3513282 ], [ 74.1663922, 31.3516947 ], [ 74.1663922, 31.3538753 ], [ 74.1693749, 31.3538753 ], [ 74.1694392, 31.3552863 ], [ 74.1686668, 31.3554695 ], [ 74.1687311, 31.3567155 ], [ 74.1681089, 31.3567888 ], [ 74.168049, 31.3574173 ], [ 74.1680978, 31.3575527 ], [ 74.1682279, 31.3576549 ], [ 74.1683011, 31.3577124 ], [ 74.1688621, 31.3578096 ], [ 74.1688991, 31.3585803 ], [ 74.1685693, 31.3585858 ], [ 74.1685681, 31.3589386 ], [ 74.1669287, 31.3590426 ], [ 74.1668429, 31.359519 ], [ 74.1647829, 31.3596839 ], [ 74.16474, 31.3604718 ], [ 74.1610493, 31.3609116 ], [ 74.1610922, 31.3648509 ], [ 74.1603412, 31.3649242 ], [ 74.1602983, 31.3654189 ], [ 74.1583885, 31.3655288 ], [ 74.1584529, 31.3682587 ], [ 74.1575731, 31.368845 ], [ 74.1602772, 31.3715082 ], [ 74.1621265, 31.3732227 ], [ 74.1615941, 31.3734938 ], [ 74.1593152, 31.3735257 ], [ 74.1592356, 31.3748496 ], [ 74.1579199, 31.3749052 ], [ 74.1579589, 31.3783308 ], [ 74.1573076, 31.3783975 ], [ 74.1573206, 31.3796876 ], [ 74.1565781, 31.379721 ], [ 74.156539, 31.3807219 ], [ 74.1550279, 31.380733 ], [ 74.1550018, 31.3788869 ], [ 74.1534516, 31.3788757 ], [ 74.1534455, 31.379785 ], [ 74.1534386, 31.3807998 ], [ 74.1530608, 31.3808331 ], [ 74.1530999, 31.3815671 ], [ 74.1535689, 31.3816227 ], [ 74.153647, 31.3830129 ], [ 74.1533214, 31.3832576 ], [ 74.1524095, 31.3832687 ], [ 74.1524486, 31.383758 ], [ 74.1511068, 31.3837914 ], [ 74.1511329, 31.3832576 ], [ 74.1508202, 31.3832687 ], [ 74.150716, 31.3828127 ], [ 74.149739, 31.3827905 ], [ 74.1490009, 31.3827924 ], [ 74.1489653, 31.3831923 ], [ 74.1488502, 31.38366 ], [ 74.148583, 31.3841723 ], [ 74.1480924, 31.3850173 ], [ 74.1495293, 31.3850975 ], [ 74.1495293, 31.3860317 ], [ 74.1508596, 31.385995 ], [ 74.1508596, 31.3867461 ], [ 74.1523188, 31.3868377 ], [ 74.1522973, 31.3883763 ], [ 74.1531342, 31.3884679 ], [ 74.1531342, 31.3880649 ], [ 74.1536921, 31.3880649 ], [ 74.1536921, 31.3878451 ], [ 74.1549151, 31.3878268 ] ] ] } },
{ "type": "Feature", "properties": { "element": "way", "id": 232099818, "addr:city": null, "addr:housenumber": null, "addr:postcode": null, "addr:street": null, "building": null, "building:levels": null, "landuse": "residential", "name": "Sector C", "operator": null, "residential": null, "description": null, "source": null, "phone": null, "ele": null, "name:en": null, "name:ur": null, "official_name": null, "official_name:ur": null, "type": null }, "geometry": { "type": "Polygon", "coordinates": [ [ [ 74.4113183, 31.5354801 ], [ 74.4138955, 31.5354138 ], [ 74.4165972, 31.5353385 ], [ 74.4169343, 31.5352451 ], [ 74.4170922, 31.5349672 ], [ 74.4170293, 31.5307571 ], [ 74.4152424, 31.5308109 ], [ 74.4107435, 31.5309482 ], [ 74.4107634, 31.5314264 ], [ 74.4110237, 31.5314019 ], [ 74.4113183, 31.5354801 ] ] ] } },
{ "type": "Feature", "properties": { "element": "way", "id": 232100740, "addr:city": null, "addr:housenumber": null, "addr:postcode": null, "addr:street": null, "building": null, "building:levels": null, "landuse": "residential", "name": "Sector B", "operator": null, "residential": null, "description": null, "source": null, "phone": null, "ele": null, "name:en": null, "name:ur": null, "official_name": null, "official_name:ur": null, "type": null }, "geometry": { "type": "Polygon", "coordinates": [ [ [ 74.411405, 31.5398025 ], [ 74.4129458, 31.5397546 ], [ 74.4144517, 31.5397077 ], [ 74.4147849, 31.5396948 ], [ 74.4156984, 31.5396592 ], [ 74.4166119, 31.5396236 ], [ 74.4172444, 31.5395989 ], [ 74.4170679, 31.5358664 ], [ 74.4169669, 31.5355948 ], [ 74.416483, 31.5355433 ], [ 74.4113159, 31.5356924 ], [ 74.411405, 31.5398025 ] ] ] } },
{ "type": "Feature", "properties": { "element": "way", "id": 232101728, "addr:city": null, "addr:housenumber": null, "addr:postcode": null, "addr:street": null, "building": null, "building:levels": null, "landuse": "residential", "name": "Sector A", "operator": null, "residential": null, "description": null, "source": null, "phone": null, "ele": null, "name:en": null, "name:ur": null, "official_name": null, "official_name:ur": null, "type": null }, "geometry": { "type": "Polygon", "coordinates": [ [ [ 74.4172444, 31.5395989 ], [ 74.423138, 31.5385945 ], [ 74.4230431, 31.5353253 ], [ 74.4229264, 31.5353277 ], [ 74.4175497, 31.5355847 ], [ 74.4174233, 31.5356246 ], [ 74.417394, 31.535787 ], [ 74.4172444, 31.5395989 ] ] ] } },
{ "type": "Feature", "properties": { "element": "way", "id": 232103717, "addr:city": null, "addr:housenumber": null, "addr:postcode": null, "addr:street": null, "building": null, "building:levels": null, "landuse": "residential", "name": "Sector D", "operator": null, "residential": null, "description": null, "source": null, "phone": null, "ele": null, "name:en": null, "name:ur": null, "official_name": null, "official_name:ur": null, "type": null }, "geometry": { "type": "Polygon", "coordinates": [ [ [ 74.4230207, 31.535186 ], [ 74.4227899, 31.530641 ], [ 74.4170293, 31.5307571 ], [ 74.4173342, 31.5351062 ], [ 74.4173977, 31.5352872 ], [ 74.4176006, 31.5353243 ], [ 74.4223515, 31.5352108 ], [ 74.4228569, 31.5351868 ], [ 74.4230207, 31.535186 ] ] ] } },
{ "type": "Feature", "properties": { "element": "way", "id": 232335136, "addr:city": null, "addr:housenumber": null, "addr:postcode": null, "addr:street": null, "building": null, "building:levels": null, "landuse": "residential", "name": "Askari-1", "operator": null, "residential": null, "description": null, "source": null, "phone": null, "ele": null, "name:en": null, "name:ur": null, "official_name": null, "official_name:ur": null, "type": null }, "geometry": { "type": "Polygon", "coordinates": [ [ [ 74.3892116, 31.549387 ], [ 74.3900939, 31.5468485 ], [ 74.390234, 31.5460127 ], [ 74.3931294, 31.5461878 ], [ 74.3932415, 31.5424069 ], [ 74.3963424, 31.5439431 ], [ 74.3986587, 31.5489816 ], [ 74.3892116, 31.549387 ] ] ] } },
{ "type": "Feature", "properties": { "element": "way", "id": 310463559, "addr:city": null, "addr:housenumber": null, "addr:postcode": null, "addr:street": null, "building": null, "building:levels": null, "landuse": "residential", "name": null, "operator": null, "residential": null, "description": null, "source": null, "phone": null, "ele": null, "name:en": null, "name:ur": null, "official_name": null, "official_name:ur": null, "type": null }, "geometry": { "type": "Polygon", "coordinates": [ [ [ 74.2053827, 31.4510073 ], [ 74.204968, 31.4517217 ], [ 74.2048704, 31.4524153 ], [ 74.2051713, 31.4524708 ], [ 74.2051144, 31.4540037 ], [ 74.2047485, 31.4540245 ], [ 74.2047078, 31.454954 ], [ 74.2041793, 31.4549332 ], [ 74.2041793, 31.455821 ], [ 74.2042118, 31.4564452 ], [ 74.2038215, 31.4564522 ], [ 74.2038215, 31.4570417 ], [ 74.2036508, 31.4570695 ], [ 74.2036508, 31.4576798 ], [ 74.2052201, 31.4577423 ], [ 74.2049111, 31.4588867 ], [ 74.2045407, 31.4603669 ], [ 74.2029008, 31.461132 ], [ 74.2022366, 31.4609591 ], [ 74.2011476, 31.4622957 ], [ 74.1981466, 31.4621818 ], [ 74.1973751, 31.4629111 ], [ 74.1965859, 31.462992 ], [ 74.1972613, 31.466557 ], [ 74.1954369, 31.4670764 ], [ 74.1942077, 31.467522 ], [ 74.1903926, 31.4688018 ], [ 74.1940373, 31.4737097 ], [ 74.1927051, 31.4741352 ], [ 74.1926761, 31.4756278 ], [ 74.1929306, 31.4769657 ], [ 74.1918545, 31.4769827 ], [ 74.1916703, 31.4776794 ], [ 74.1904882, 31.4775206 ], [ 74.1903678, 31.4782915 ], [ 74.1898692, 31.4782142 ], [ 74.1891906, 31.4767619 ], [ 74.1880583, 31.4754448 ], [ 74.1865909, 31.4738713 ], [ 74.1851592, 31.4726508 ], [ 74.1849053, 31.4710285 ], [ 74.1827846, 31.4710533 ], [ 74.1833404, 31.4698864 ], [ 74.1816116, 31.4698069 ], [ 74.1816182, 31.4692256 ], [ 74.1811402, 31.4692609 ], [ 74.1811277, 31.4675222 ], [ 74.1805693, 31.4675278 ], [ 74.1804742, 31.4680135 ], [ 74.1791333, 31.4680646 ], [ 74.1775827, 31.4646336 ], [ 74.1741459, 31.4647535 ], [ 74.1741263, 31.4629901 ], [ 74.1773062, 31.4626033 ], [ 74.1771934, 31.4590309 ], [ 74.1740791, 31.4590923 ], [ 74.1742111, 31.4568438 ], [ 74.1770337, 31.4561049 ], [ 74.1786633, 31.4584425 ], [ 74.1810982, 31.4561151 ], [ 74.1831524, 31.4541644 ], [ 74.1789654, 31.4521822 ], [ 74.1788459, 31.4500746 ], [ 74.1763615, 31.4484533 ], [ 74.1733812, 31.4461781 ], [ 74.1733073, 31.4425325 ], [ 74.1788493, 31.442046 ], [ 74.1813092, 31.4441827 ], [ 74.1845347, 31.4466697 ], [ 74.1806328, 31.4469247 ], [ 74.1807038, 31.4500068 ], [ 74.1845844, 31.4479303 ], [ 74.1913944, 31.4481989 ], [ 74.191295, 31.4528058 ], [ 74.1953885, 31.4529289 ], [ 74.1958285, 31.4538675 ], [ 74.2012498, 31.4539384 ], [ 74.2001138, 31.4516107 ], [ 74.2000163, 31.4509795 ], [ 74.1991544, 31.4495645 ], [ 74.1983494, 31.449183 ], [ 74.1985283, 31.448961 ], [ 74.1985446, 31.448524 ], [ 74.2010001, 31.4485379 ], [ 74.2009676, 31.4497448 ], [ 74.2038541, 31.4497795 ], [ 74.2040817, 31.4500292 ], [ 74.2049436, 31.4498281 ], [ 74.2056266, 31.4493564 ], [ 74.2053827, 31.4510073 ] ] ] } },
{ "type": "Feature", "properties": { "element": "way", "id": 314622933, "addr:city": null, "addr:housenumber": null, "addr:postcode": null, "addr:street": null, "building": null, "building:levels": null, "landuse": "residential", "name": "J BLOCK", "operator": null, "residential": null, "description": null, "source": null, "phone": null, "ele": null, "name:en": null, "name:ur": null, "official_name": null, "official_name:ur": null, "type": null }, "geometry": { "type": "Polygon", "coordinates": [ [ [ 74.2092929, 31.4507165 ], [ 74.214896, 31.4466572 ], [ 74.2077842, 31.4417899 ], [ 74.2073684, 31.4436858 ], [ 74.2087632, 31.4436881 ], [ 74.2087618, 31.4439856 ], [ 74.2094686, 31.443981 ], [ 74.2094605, 31.4471377 ], [ 74.20822, 31.448767 ], [ 74.2083354, 31.4488253 ], [ 74.2079497, 31.449434 ], [ 74.2092929, 31.4507165 ] ] ] } },
{ "type": "Feature", "properties": { "element": "way", "id": 316982596, "addr:city": null, "addr:housenumber": null, "addr:postcode": null, "addr:street": null, "building": null, "building:levels": null, "landuse": "residential", "name": "EDEN VALUE HOMES", "operator": null, "residential": null, "description": null, "source": null, "phone": null, "ele": null, "name:en": null, "name:ur": null, "official_name": null, "official_name:ur": null, "type": null }, "geometry": { "type": "Polygon", "coordinates": [ [ [ 74.2220189, 31.4611454 ], [ 74.221469, 31.4618524 ], [ 74.2212464, 31.4618707 ], [ 74.2212062, 31.4616876 ], [ 74.2203023, 31.4617036 ], [ 74.2201816, 31.4614794 ], [ 74.219503, 31.4613925 ], [ 74.2194734, 31.4612781 ], [ 74.2183416, 31.4612506 ], [ 74.2182933, 31.4636872 ], [ 74.2172821, 31.4636666 ], [ 74.2172794, 31.4638703 ], [ 74.2170863, 31.4638542 ], [ 74.2164962, 31.4631153 ], [ 74.2163755, 31.462994 ], [ 74.215882, 31.46266 ], [ 74.2153777, 31.462406 ], [ 74.2144765, 31.462422 ], [ 74.2144765, 31.4619873 ], [ 74.2144255, 31.4619553 ], [ 74.2135619, 31.4619713 ], [ 74.2135565, 31.4618684 ], [ 74.2136262, 31.4616762 ], [ 74.2135243, 31.4615664 ], [ 74.2135055, 31.461516 ], [ 74.2130147, 31.4613444 ], [ 74.2126392, 31.4613033 ], [ 74.2123039, 31.4613033 ], [ 74.2118506, 31.461333 ], [ 74.2111988, 31.4613582 ], [ 74.2108555, 31.4614383 ], [ 74.2109065, 31.4685053 ], [ 74.2119069, 31.4685168 ], [ 74.2130791, 31.4663983 ], [ 74.2134921, 31.4658858 ], [ 74.2139052, 31.4655289 ], [ 74.2142217, 31.4653551 ], [ 74.2144792, 31.4652635 ], [ 74.2165123, 31.464774 ], [ 74.2175262, 31.4645818 ], [ 74.2179124, 31.4646047 ], [ 74.2182718, 31.4658035 ], [ 74.2186312, 31.465744 ], [ 74.219806, 31.4657669 ], [ 74.2199938, 31.4656433 ], [ 74.2200099, 31.464925 ], [ 74.2196612, 31.4649387 ], [ 74.2196988, 31.4643988 ], [ 74.2194903, 31.464422 ], [ 74.2195439, 31.4632231 ], [ 74.2202145, 31.4632369 ], [ 74.2202198, 31.4628845 ], [ 74.2208904, 31.4629257 ], [ 74.2209065, 31.4623355 ], [ 74.2213517, 31.4620884 ], [ 74.2215556, 31.4620792 ], [ 74.2216736, 31.4620014 ], [ 74.2222369, 31.4613013 ], [ 74.2220189, 31.4611454 ] ] ] } },
{ "type": "Feature", "properties": { "element": "way", "id": 319229089, "addr:city": null, "addr:housenumber": null, "addr:postcode": null, "addr:street": null, "building": null, "building:levels": null, "landuse": "residential", "name": null, "operator": null, "residential": null, "description": null, "source": null, "phone": null, "ele": null, "name:en": null, "name:ur": null, "official_name": null, "official_name:ur": null, "type": null }, "geometry": { "type": "Polygon", "coordinates": [ [ [ 74.5659245, 31.5971326 ], [ 74.5659888, 31.5974799 ], [ 74.5664395, 31.5974799 ], [ 74.5672334, 31.599006 ], [ 74.5673729, 31.5989329 ], [ 74.5673514, 31.5979734 ], [ 74.5685852, 31.5979368 ], [ 74.5685638, 31.5980373 ], [ 74.5689285, 31.5980465 ], [ 74.5689607, 31.5979459 ], [ 74.5692289, 31.5979825 ], [ 74.5692289, 31.5980739 ], [ 74.5695312, 31.5980734 ], [ 74.5694435, 31.5983754 ], [ 74.5690358, 31.5983754 ], [ 74.5690358, 31.5987318 ], [ 74.5694221, 31.5987318 ], [ 74.5694221, 31.5994355 ], [ 74.5702482, 31.5994172 ], [ 74.5702804, 31.5988689 ], [ 74.5699263, 31.5988689 ], [ 74.5700122, 31.5974982 ], [ 74.5712138, 31.597489 ], [ 74.5712257, 31.5972145 ], [ 74.571358, 31.5972105 ], [ 74.5714643, 31.5969972 ], [ 74.571898, 31.5969076 ], [ 74.5721567, 31.5968917 ], [ 74.5722116, 31.5980373 ], [ 74.5730484, 31.597617 ], [ 74.5730591, 31.5970595 ], [ 74.5724261, 31.5970595 ], [ 74.5722869, 31.5961884 ], [ 74.5723743, 31.5957839 ], [ 74.5726622, 31.5956065 ], [ 74.5733166, 31.5955151 ], [ 74.5735312, 31.5946927 ], [ 74.5729411, 31.5946378 ], [ 74.5730162, 31.5932762 ], [ 74.5721043, 31.5932305 ], [ 74.5715356, 31.5932488 ], [ 74.5715035, 31.5930751 ], [ 74.5710958, 31.5931117 ], [ 74.5711172, 31.5939981 ], [ 74.5720935, 31.5939525 ], [ 74.5720077, 31.5947018 ], [ 74.5712852, 31.5949719 ], [ 74.5713621, 31.5955326 ], [ 74.5716194, 31.5955696 ], [ 74.5721273, 31.5961986 ], [ 74.5708508, 31.5962441 ], [ 74.5708341, 31.5964433 ], [ 74.5705668, 31.5965913 ], [ 74.5705234, 31.5964092 ], [ 74.5703095, 31.5964063 ], [ 74.5703897, 31.5960306 ], [ 74.5707005, 31.5960193 ], [ 74.5706303, 31.5958058 ], [ 74.5704332, 31.5956521 ], [ 74.5706002, 31.5954358 ], [ 74.5708341, 31.5956436 ], [ 74.5709344, 31.5954102 ], [ 74.5706537, 31.5948296 ], [ 74.5700336, 31.5948754 ], [ 74.5698501, 31.5962267 ], [ 74.5697178, 31.5966856 ], [ 74.5698453, 31.5967943 ], [ 74.5698595, 31.5970237 ], [ 74.569661, 31.5970317 ], [ 74.5694681, 31.5973174 ], [ 74.5689446, 31.5973608 ], [ 74.5690573, 31.5958441 ], [ 74.5681453, 31.5958807 ], [ 74.5681453, 31.596493 ], [ 74.5687891, 31.5964747 ], [ 74.5687247, 31.5971509 ], [ 74.5677806, 31.5971144 ], [ 74.5677591, 31.5965752 ], [ 74.566933, 31.5966483 ], [ 74.5668579, 31.5969225 ], [ 74.5660532, 31.5969407 ], [ 74.5659245, 31.5971326 ] ] ] } },
{ "type": "Feature", "properties": { "element": "way", "id": 319264028, "addr:city": null, "addr:housenumber": null, "addr:postcode": null, "addr:street": null, "building": null, "building:levels": null, "landuse": "residential", "name": null, "operator": null, "residential": null, "description": null, "source": null, "phone": null, "ele": null, "name:en": null, "name:ur": null, "official_name": null, "official_name:ur": null, "type": null }, "geometry": { "type": "Polygon", "coordinates": [ [ [ 74.5364164, 31.5350521 ], [ 74.5385407, 31.5369542 ], [ 74.5439909, 31.5364787 ], [ 74.5463726, 31.532683 ], [ 74.5468662, 31.5319979 ], [ 74.5487331, 31.5298763 ], [ 74.5486896, 31.5293802 ], [ 74.5486348, 31.5287553 ], [ 74.5485614, 31.5279192 ], [ 74.5504711, 31.5287606 ], [ 74.553046, 31.5273888 ], [ 74.5527886, 31.5262731 ], [ 74.5482824, 31.5256695 ], [ 74.5444201, 31.5233649 ], [ 74.5376179, 31.5234563 ], [ 74.5377039, 31.5272242 ], [ 74.5392488, 31.5275168 ], [ 74.5404289, 31.5301689 ], [ 74.5406221, 31.5308822 ], [ 74.5381973, 31.5309736 ], [ 74.5364164, 31.5350521 ] ] ] } },
{ "type": "Feature", "properties": { "element": "way", "id": 325985771, "addr:city": "Lahore", "addr:housenumber": null, "addr:postcode": null, "addr:street": null, "building": null, "building:levels": null, "landuse": "residential", "name": "CIIT Hostels", "operator": null, "residential": null, "description": null, "source": null, "phone": null, "ele": null, "name:en": null, "name:ur": null, "official_name": null, "official_name:ur": null, "type": null }, "geometry": { "type": "Polygon", "coordinates": [ [ [ 74.2122919, 31.4036047 ], [ 74.2130805, 31.4029042 ], [ 74.2122115, 31.4022128 ], [ 74.2114283, 31.4029454 ], [ 74.2122919, 31.4036047 ] ] ] } },
{ "type": "Feature", "properties": { "element": "way", "id": 329731547, "addr:city": null, "addr:housenumber": null, "addr:postcode": null, "addr:street": null, "building": null, "building:levels": null, "landuse": "residential", "name": null, "operator": null, "residential": null, "description": null, "source": null, "phone": null, "ele": null, "name:en": null, "name:ur": null, "official_name": null, "official_name:ur": null, "type": null }, "geometry": { "type": "Polygon", "coordinates": [ [ [ 74.5840505, 31.5260743 ], [ 74.5845368, 31.526217 ], [ 74.5849035, 31.5261627 ], [ 74.5850311, 31.5258297 ], [ 74.585645, 31.5263598 ], [ 74.5862349, 31.5266316 ], [ 74.5866575, 31.5268966 ], [ 74.5865778, 31.5271888 ], [ 74.5866096, 31.5281198 ], [ 74.5860595, 31.528215 ], [ 74.5859622, 31.5278542 ], [ 74.5852925, 31.5277557 ], [ 74.5844275, 31.5277829 ], [ 74.5844076, 31.5272222 ], [ 74.583989, 31.52693 ], [ 74.5839651, 31.5265563 ], [ 74.5840505, 31.5260743 ] ] ] } },
{ "type": "Feature", "properties": { "element": "way", "id": 329731548, "addr:city": null, "addr:housenumber": null, "addr:postcode": null, "addr:street": null, "building": null, "building:levels": null, "landuse": "residential", "name": null, "operator": null, "residential": null, "description": null, "source": null, "phone": null, "ele": null, "name:en": null, "name:ur": null, "official_name": null, "official_name:ur": null, "type": null }, "geometry": { "type": "Polygon", "coordinates": [ [ [ 74.5773483, 31.5287863 ], [ 74.5774122, 31.5290437 ], [ 74.5778535, 31.5290288 ], [ 74.5779464, 31.5292713 ], [ 74.5782426, 31.529306 ], [ 74.5782948, 31.5296673 ], [ 74.57898, 31.5296178 ], [ 74.5790613, 31.5294347 ], [ 74.5803794, 31.5292812 ], [ 74.5804026, 31.5296178 ], [ 74.5808672, 31.5295733 ], [ 74.5808672, 31.5292268 ], [ 74.581204, 31.5292416 ], [ 74.5811343, 31.5283705 ], [ 74.5810356, 31.528227 ], [ 74.5804549, 31.5283507 ], [ 74.5802459, 31.5277914 ], [ 74.5789394, 31.5277667 ], [ 74.5783064, 31.5280538 ], [ 74.577569, 31.5280736 ], [ 74.5775748, 31.528519 ], [ 74.5774296, 31.5285834 ], [ 74.5773483, 31.5287863 ] ] ] } },
{ "type": "Feature", "properties": { "element": "way", "id": 333729953, "addr:city": null, "addr:housenumber": null, "addr:postcode": null, "addr:street": null, "building": null, "building:levels": null, "landuse": "residential", "name": null, "operator": null, "residential": null, "description": null, "source": null, "phone": null, "ele": null, "name:en": null, "name:ur": null, "official_name": null, "official_name:ur": null, "type": null }, "geometry": { "type": "Polygon", "coordinates": [ [ [ 74.3063147, 31.4689416 ], [ 74.3067165, 31.469737 ], [ 74.3072356, 31.4707647 ], [ 74.3074698, 31.4712131 ], [ 74.3078277, 31.4708308 ], [ 74.306787, 31.4687676 ], [ 74.3063147, 31.4689416 ] ] ] } },
{ "type": "Feature", "properties": { "element": "way", "id": 333816631, "addr:city": null, "addr:housenumber": null, "addr:postcode": null, "addr:street": null, "building": null, "building:levels": null, "landuse": "residential", "name": null, "operator": null, "residential": null, "description": null, "source": null, "phone": null, "ele": null, "name:en": null, "name:ur": null, "official_name": null, "official_name:ur": null, "type": null }, "geometry": { "type": "Polygon", "coordinates": [ [ [ 74.3100175, 31.4745782 ], [ 74.3112862, 31.4749374 ], [ 74.3116, 31.4742671 ], [ 74.3103126, 31.4739011 ], [ 74.3100175, 31.4745782 ] ] ] } },
{ "type": "Feature", "properties": { "element": "way", "id": 333869203, "addr:city": null, "addr:housenumber": null, "addr:postcode": null, "addr:street": null, "building": null, "building:levels": null, "landuse": "residential", "name": null, "operator": null, "residential": null, "description": null, "source": null, "phone": null, "ele": null, "name:en": null, "name:ur": null, "official_name": null, "official_name:ur": null, "type": null }, "geometry": { "type": "Polygon", "coordinates": [ [ [ 74.3097779, 31.4753572 ], [ 74.3103742, 31.4755377 ], [ 74.3100622, 31.4763026 ], [ 74.3097296, 31.4762012 ], [ 74.3094639, 31.4761201 ], [ 74.3097779, 31.4753572 ] ] ] } },
{ "type": "Feature", "properties": { "element": "way", "id": 333869204, "addr:city": null, "addr:housenumber": null, "addr:postcode": null, "addr:street": null, "building": null, "building:levels": null, "landuse": "residential", "name": null, "operator": null, "residential": null, "description": null, "source": null, "phone": null, "ele": null, "name:en": null, "name:ur": null, "official_name": null, "official_name:ur": null, "type": null }, "geometry": { "type": "Polygon", "coordinates": [ [ [ 74.3109197, 31.4757027 ], [ 74.3106617, 31.4756247 ], [ 74.3103403, 31.4763906 ], [ 74.3105823, 31.4764672 ], [ 74.3109197, 31.4757027 ] ] ] } },
{ "type": "Feature", "properties": { "element": "way", "id": 333869205, "addr:city": null, "addr:housenumber": null, "addr:postcode": null, "addr:street": null, "building": null, "building:levels": null, "landuse": "residential", "name": null, "operator": null, "residential": null, "description": null, "source": null, "phone": null, "ele": null, "name:en": null, "name:ur": null, "official_name": null, "official_name:ur": null, "type": null }, "geometry": { "type": "Polygon", "coordinates": [ [ [ 74.3105823, 31.4764672 ], [ 74.3102498, 31.4772223 ], [ 74.3100162, 31.4771511 ], [ 74.3097493, 31.4770698 ], [ 74.3100622, 31.4763026 ], [ 74.3103218, 31.476375 ], [ 74.3105823, 31.4764672 ] ] ] } },
{ "type": "Feature", "properties": { "element": "way", "id": 333869206, "addr:city": null, "addr:housenumber": null, "addr:postcode": null, "addr:street": null, "building": null, "building:levels": null, "landuse": "residential", "name": null, "operator": null, "residential": null, "description": null, "source": null, "phone": null, "ele": null, "name:en": null, "name:ur": null, "official_name": null, "official_name:ur": null, "type": null }, "geometry": { "type": "Polygon", "coordinates": [ [ [ 74.3097296, 31.4762012 ], [ 74.3094022, 31.4769653 ], [ 74.3091476, 31.4768887 ], [ 74.3094639, 31.4761201 ], [ 74.3097296, 31.4762012 ] ] ] } },
{ "type": "Feature", "properties": { "element": "way", "id": 333869207, "addr:city": null, "addr:housenumber": null, "addr:postcode": null, "addr:street": null, "building": null, "building:levels": null, "landuse": "residential", "name": null, "operator": null, "residential": null, "description": null, "source": null, "phone": null, "ele": null, "name:en": null, "name:ur": null, "official_name": null, "official_name:ur": null, "type": null }, "geometry": { "type": "Polygon", "coordinates": [ [ [ 74.3097493, 31.4770698 ], [ 74.3091476, 31.4768887 ], [ 74.3088347, 31.4776618 ], [ 74.309414, 31.4778496 ], [ 74.3097493, 31.4770698 ] ] ] } },
{ "type": "Feature", "properties": { "element": "way", "id": 333869208, "addr:city": null, "addr:housenumber": null, "addr:postcode": null, "addr:street": null, "building": null, "building:levels": null, "landuse": "residential", "name": null, "operator": null, "residential": null, "description": null, "source": null, "phone": null, "ele": null, "name:en": null, "name:ur": null, "official_name": null, "official_name:ur": null, "type": null }, "geometry": { "type": "Polygon", "coordinates": [ [ [ 74.3099214, 31.4780141 ], [ 74.3102498, 31.4772223 ], [ 74.3100162, 31.4771511 ], [ 74.309689, 31.4779388 ], [ 74.3099214, 31.4780141 ] ] ] } },
{ "type": "Feature", "properties": { "element": "way", "id": 333869209, "addr:city": null, "addr:housenumber": null, "addr:postcode": null, "addr:street": null, "building": null, "building:levels": null, "landuse": "residential", "name": null, "operator": null, "residential": null, "description": null, "source": null, "phone": null, "ele": null, "name:en": null, "name:ur": null, "official_name": null, "official_name:ur": null, "type": null }, "geometry": { "type": "Polygon", "coordinates": [ [ [ 74.3099445, 31.4780216 ], [ 74.3094463, 31.4778601 ], [ 74.3091201, 31.4786069 ], [ 74.3096069, 31.4787508 ], [ 74.3099445, 31.4780216 ] ] ] } },
{ "type": "Feature", "properties": { "element": "way", "id": 333869265, "addr:city": null, "addr:housenumber": null, "addr:postcode": null, "addr:street": null, "building": null, "building:levels": null, "landuse": "residential", "name": null, "operator": null, "residential": null, "description": null, "source": null, "phone": null, "ele": null, "name:en": null, "name:ur": null, "official_name": null, "official_name:ur": null, "type": null }, "geometry": { "type": "Polygon", "coordinates": [ [ [ 74.3091387, 31.4777604 ], [ 74.3088347, 31.4776618 ], [ 74.3085132, 31.4784168 ], [ 74.3088064, 31.4785083 ], [ 74.3091387, 31.4777604 ] ] ] } },
{ "type": "Feature", "properties": { "element": "way", "id": 334122080, "addr:city": null, "addr:housenumber": null, "addr:postcode": null, "addr:street": null, "building": null, "building:levels": null, "landuse": "residential", "name": null, "operator": null, "residential": null, "description": null, "source": null, "phone": null, "ele": null, "name:en": null, "name:ur": null, "official_name": null, "official_name:ur": null, "type": null }, "geometry": { "type": "Polygon", "coordinates": [ [ [ 74.3069797, 31.4717351 ], [ 74.3074698, 31.4712131 ], [ 74.3072356, 31.4707647 ], [ 74.3065804, 31.4714688 ], [ 74.3069797, 31.4717351 ] ] ] } },
{ "type": "Feature", "properties": { "element": "way", "id": 334122188, "addr:city": null, "addr:housenumber": null, "addr:postcode": null, "addr:street": null, "building": null, "building:levels": null, "landuse": "residential", "name": null, "operator": null, "residential": null, "description": null, "source": null, "phone": null, "ele": null, "name:en": null, "name:ur": null, "official_name": null, "official_name:ur": null, "type": null }, "geometry": { "type": "Polygon", "coordinates": [ [ [ 74.3068613, 31.4718632 ], [ 74.3072808, 31.4721063 ], [ 74.308058, 31.4712903 ], [ 74.3078277, 31.4708308 ], [ 74.3068613, 31.4718632 ] ] ] } },
{ "type": "Feature", "properties": { "element": "way", "id": 334122190, "addr:city": null, "addr:housenumber": null, "addr:postcode": null, "addr:street": null, "building": null, "building:levels": null, "landuse": "residential", "name": null, "operator": null, "residential": null, "description": null, "source": null, "phone": null, "ele": null, "name:en": null, "name:ur": null, "official_name": null, "official_name:ur": null, "type": null }, "geometry": { "type": "Polygon", "coordinates": [ [ [ 74.3058713, 31.4729122 ], [ 74.3063694, 31.4730643 ], [ 74.3072808, 31.4721063 ], [ 74.3068613, 31.4718632 ], [ 74.3058713, 31.4729122 ] ] ] } },
{ "type": "Feature", "properties": { "element": "way", "id": 334122327, "addr:city": null, "addr:housenumber": null, "addr:postcode": null, "addr:street": null, "building": null, "building:levels": null, "landuse": "residential", "name": null, "operator": null, "residential": null, "description": null, "source": null, "phone": null, "ele": null, "name:en": null, "name:ur": null, "official_name": null, "official_name:ur": null, "type": null }, "geometry": { "type": "Polygon", "coordinates": [ [ [ 74.3065391, 31.4731057 ], [ 74.3070666, 31.4732508 ], [ 74.3083504, 31.4718898 ], [ 74.3081381, 31.471444 ], [ 74.3065391, 31.4731057 ] ] ] } },
{ "type": "Feature", "properties": { "element": "way", "id": 334122341, "addr:city": null, "addr:housenumber": null, "addr:postcode": null, "addr:street": null, "building": null, "building:levels": null, "landuse": "residential", "name": null, "operator": null, "residential": null, "description": null, "source": null, "phone": null, "ele": null, "name:en": null, "name:ur": null, "official_name": null, "official_name:ur": null, "type": null }, "geometry": { "type": "Polygon", "coordinates": [ [ [ 74.3049195, 31.4726139 ], [ 74.3050452, 31.4721848 ], [ 74.3062137, 31.4725449 ], [ 74.3058713, 31.4729122 ], [ 74.3049195, 31.4726139 ] ] ] } },
{ "type": "Feature", "properties": { "element": "way", "id": 334122371, "addr:city": null, "addr:housenumber": null, "addr:postcode": null, "addr:street": null, "building": null, "building:levels": null, "landuse": "residential", "name": null, "operator": null, "residential": null, "description": null, "source": null, "phone": null, "ele": null, "name:en": null, "name:ur": null, "official_name": null, "official_name:ur": null, "type": null }, "geometry": { "type": "Polygon", "coordinates": [ [ [ 74.3050452, 31.4721848 ], [ 74.3062137, 31.4725449 ], [ 74.3065675, 31.4721769 ], [ 74.3051953, 31.4717473 ], [ 74.3050452, 31.4721848 ] ] ] } },
{ "type": "Feature", "properties": { "element": "way", "id": 334122385, "addr:city": null, "addr:housenumber": null, "addr:postcode": null, "addr:street": null, "building": null, "building:levels": null, "landuse": "residential", "name": null, "operator": null, "residential": null, "description": null, "source": null, "phone": null, "ele": null, "name:en": null, "name:ur": null, "official_name": null, "official_name:ur": null, "type": null }, "geometry": { "type": "Polygon", "coordinates": [ [ [ 74.3053205, 31.4713881 ], [ 74.3051931, 31.4717535 ], [ 74.3065675, 31.4721769 ], [ 74.3068613, 31.4718632 ], [ 74.3053205, 31.4713881 ] ] ] } },
{ "type": "Feature", "properties": { "element": "way", "id": 335558802, "addr:city": null, "addr:housenumber": null, "addr:postcode": null, "addr:street": null, "building": null, "building:levels": null, "landuse": "residential", "name": null, "operator": null, "residential": null, "description": null, "source": null, "phone": null, "ele": null, "name:en": null, "name:ur": null, "official_name": null, "official_name:ur": null, "type": null }, "geometry": { "type": "Polygon", "coordinates": [ [ [ 74.3047528, 31.4730645 ], [ 74.3060146, 31.4734336 ], [ 74.3063694, 31.4730643 ], [ 74.3049195, 31.4726139 ], [ 74.3047528, 31.4730645 ] ] ] } },
{ "type": "Feature", "properties": { "element": "way", "id": 335558803, "addr:city": null, "addr:housenumber": null, "addr:postcode": null, "addr:street": null, "building": null, "building:levels": null, "landuse": "residential", "name": null, "operator": null, "residential": null, "description": null, "source": null, "phone": null, "ele": null, "name:en": null, "name:ur": null, "official_name": null, "official_name:ur": null, "type": null }, "geometry": { "type": "Polygon", "coordinates": [ [ [ 74.3037884, 31.4727787 ], [ 74.3047528, 31.4730645 ], [ 74.3049195, 31.4726139 ], [ 74.303927, 31.4723295 ], [ 74.3037884, 31.4727787 ] ] ] } },
{ "type": "Feature", "properties": { "element": "way", "id": 335558804, "addr:city": null, "addr:housenumber": null, "addr:postcode": null, "addr:street": null, "building": null, "building:levels": null, "landuse": "residential", "name": null, "operator": null, "residential": null, "description": null, "source": null, "phone": null, "ele": null, "name:en": null, "name:ur": null, "official_name": null, "official_name:ur": null, "type": null }, "geometry": { "type": "Polygon", "coordinates": [ [ [ 74.303927, 31.4723295 ], [ 74.3049195, 31.4726139 ], [ 74.3050452, 31.4721848 ], [ 74.3040657, 31.4719056 ], [ 74.303927, 31.4723295 ] ] ] } },
{ "type": "Feature", "properties": { "element": "way", "id": 335558805, "addr:city": null, "addr:housenumber": null, "addr:postcode": null, "addr:street": null, "building": null, "building:levels": null, "landuse": "residential", "name": null, "operator": null, "residential": null, "description": null, "source": null, "phone": null, "ele": null, "name:en": null, "name:ur": null, "official_name": null, "official_name:ur": null, "type": null }, "geometry": { "type": "Polygon", "coordinates": [ [ [ 74.3040657, 31.4719056 ], [ 74.3050452, 31.4721848 ], [ 74.3051931, 31.4717535 ], [ 74.3041982, 31.4714938 ], [ 74.3040657, 31.4719056 ] ] ] } },
{ "type": "Feature", "properties": { "element": "way", "id": 335558806, "addr:city": null, "addr:housenumber": null, "addr:postcode": null, "addr:street": null, "building": null, "building:levels": null, "landuse": "residential", "name": null, "operator": null, "residential": null, "description": null, "source": null, "phone": null, "ele": null, "name:en": null, "name:ur": null, "official_name": null, "official_name:ur": null, "type": null }, "geometry": { "type": "Polygon", "coordinates": [ [ [ 74.3041982, 31.4714938 ], [ 74.3051931, 31.4717535 ], [ 74.3053264, 31.4713715 ], [ 74.304327, 31.4710901 ], [ 74.3042471, 31.4713273 ], [ 74.3041982, 31.4714938 ] ] ] } },
{ "type": "Feature", "properties": { "element": "way", "id": 366032263, "addr:city": "Lahore", "addr:housenumber": null, "addr:postcode": null, "addr:street": "HBFC Ichrra Apartments", "building": null, "building:levels": null, "landuse": "residential", "name": "Icchra Apartments", "operator": null, "residential": "apartments", "description": "State bank colony", "source": null, "phone": null, "ele": null, "name:en": null, "name:ur": null, "official_name": null, "official_name:ur": null, "type": null }, "geometry": { "type": "Polygon", "coordinates": [ [ [ 74.3136678, 31.540217 ], [ 74.3145187, 31.5399648 ], [ 74.3152627, 31.5397464 ], [ 74.3151489, 31.5394648 ], [ 74.3158733, 31.5392522 ], [ 74.3157521, 31.5389524 ], [ 74.315709, 31.5389524 ], [ 74.3156087, 31.5387122 ], [ 74.3155186, 31.5387396 ], [ 74.3152634, 31.5381027 ], [ 74.3130686, 31.5387254 ], [ 74.3136678, 31.540217 ] ] ] } },
{ "type": "Feature", "properties": { "element": "way", "id": 377449029, "addr:city": null, "addr:housenumber": null, "addr:postcode": null, "addr:street": null, "building": null, "building:levels": null, "landuse": "residential", "name": null, "operator": null, "residential": null, "description": null, "source": "Bing", "phone": null, "ele": null, "name:en": null, "name:ur": null, "official_name": null, "official_name:ur": null, "type": null }, "geometry": { "type": "Polygon", "coordinates": [ [ [ 74.2380526, 31.5651165 ], [ 74.2380848, 31.5647874 ], [ 74.2379346, 31.5647417 ], [ 74.2379453, 31.5645405 ], [ 74.2383637, 31.5645954 ], [ 74.2384496, 31.5639738 ], [ 74.2389216, 31.5639738 ], [ 74.2389967, 31.5636904 ], [ 74.2394366, 31.5637452 ], [ 74.239501, 31.5634984 ], [ 74.2397156, 31.5635258 ], [ 74.2396941, 31.5639555 ], [ 74.2399194, 31.5641749 ], [ 74.2399731, 31.5646411 ], [ 74.2408421, 31.564632 ], [ 74.2408099, 31.5651713 ], [ 74.2409386, 31.5651713 ], [ 74.2409279, 31.5655278 ], [ 74.2390933, 31.5655461 ], [ 74.2391577, 31.5651165 ], [ 74.2384925, 31.5649793 ], [ 74.2384174, 31.565153 ], [ 74.2380526, 31.5651165 ] ] ] } },
{ "type": "Feature", "properties": { "element": "way", "id": 377452490, "addr:city": null, "addr:housenumber": null, "addr:postcode": null, "addr:street": null, "building": null, "building:levels": null, "landuse": "residential", "name": null, "operator": null, "residential": null, "description": null, "source": "Bing", "phone": null, "ele": null, "name:en": null, "name:ur": null, "official_name": null, "official_name:ur": null, "type": null }, "geometry": { "type": "Polygon", "coordinates": [ [ [ 74.2936392, 31.5917669 ], [ 74.2926476, 31.5919054 ], [ 74.2924483, 31.5919332 ], [ 74.29262, 31.5923536 ], [ 74.2914398, 31.5925181 ], [ 74.2909034, 31.5928471 ], [ 74.2914398, 31.5941448 ], [ 74.2908637, 31.5945158 ], [ 74.2911179, 31.5947845 ], [ 74.2901556, 31.5954479 ], [ 74.2904742, 31.5958811 ], [ 74.2919763, 31.5947845 ], [ 74.2922337, 31.59515 ], [ 74.292988, 31.5948996 ], [ 74.2931564, 31.5953145 ], [ 74.2936929, 31.5952414 ], [ 74.2939289, 31.5960273 ], [ 74.2943366, 31.5960821 ], [ 74.2944653, 31.5963563 ], [ 74.2947872, 31.5964477 ], [ 74.2952378, 31.597398 ], [ 74.2953456, 31.5978179 ], [ 74.2948049, 31.5980067 ], [ 74.2947872, 31.5976722 ], [ 74.294122, 31.5977636 ], [ 74.2939321, 31.5977691 ], [ 74.2940791, 31.5985495 ], [ 74.294401, 31.5984764 ], [ 74.2945297, 31.5986774 ], [ 74.2948301, 31.5986226 ], [ 74.2952807, 31.5992988 ], [ 74.2940576, 31.5999567 ], [ 74.2938248, 31.6006933 ], [ 74.2938216, 31.6014188 ], [ 74.2945899, 31.6011663 ], [ 74.295424, 31.601123 ], [ 74.2957376, 31.6012794 ], [ 74.2959674, 31.6014736 ], [ 74.2957528, 31.602095 ], [ 74.295903, 31.6021316 ], [ 74.296271, 31.601607 ], [ 74.2969544, 31.601565 ], [ 74.2969791, 31.6013877 ], [ 74.2959277, 31.5981894 ], [ 74.2955573, 31.5971498 ], [ 74.2936392, 31.5917669 ] ] ] } },
{ "type": "Feature", "properties": { "element": "way", "id": 377454182, "addr:city": null, "addr:housenumber": null, "addr:postcode": null, "addr:street": null, "building": null, "building:levels": null, "landuse": "residential", "name": null, "operator": null, "residential": null, "description": null, "source": "Bing", "phone": null, "ele": null, "name:en": null, "name:ur": null, "official_name": null, "official_name:ur": null, "type": null }, "geometry": { "type": "Polygon", "coordinates": [ [ [ 74.2778492, 31.6095402 ], [ 74.2813005, 31.6084552 ], [ 74.2807963, 31.6075232 ], [ 74.2806997, 31.606847 ], [ 74.2803242, 31.6057871 ], [ 74.2807534, 31.60565 ], [ 74.2819013, 31.6053211 ], [ 74.2823557, 31.6062764 ], [ 74.2821696, 31.6063627 ], [ 74.2822232, 31.6065363 ], [ 74.2824378, 31.6064998 ], [ 74.2825129, 31.6067739 ], [ 74.2828348, 31.6067008 ], [ 74.2828348, 31.6075323 ], [ 74.2824378, 31.6077425 ], [ 74.2825451, 31.6080531 ], [ 74.2859635, 31.6071022 ], [ 74.286783, 31.6069749 ], [ 74.2870442, 31.6072724 ], [ 74.287255, 31.6072399 ], [ 74.2873516, 31.6070755 ], [ 74.2879385, 31.6062387 ], [ 74.2870601, 31.606174 ], [ 74.2862999, 31.6050015 ], [ 74.2859352, 31.6048667 ], [ 74.2858118, 31.6048074 ], [ 74.2856106, 31.6046589 ], [ 74.2853773, 31.6044441 ], [ 74.2849336, 31.6041898 ], [ 74.2829351, 31.6037672 ], [ 74.2824501, 31.6035239 ], [ 74.2811863, 31.6029503 ], [ 74.2802384, 31.6032103 ], [ 74.2801204, 31.6035666 ], [ 74.2791226, 31.6035941 ], [ 74.2778116, 31.6035875 ], [ 74.2772987, 31.6035849 ], [ 74.2772772, 31.6039778 ], [ 74.2769875, 31.6039961 ], [ 74.2769806, 31.6045494 ], [ 74.2773416, 31.6045535 ], [ 74.2773239, 31.6049697 ], [ 74.2774596, 31.6050104 ], [ 74.2774741, 31.6051342 ], [ 74.2776527, 31.6051383 ], [ 74.2776956, 31.6057231 ], [ 74.278275, 31.6056957 ], [ 74.2783646, 31.6059566 ], [ 74.2786398, 31.6059241 ], [ 74.278672, 31.6065729 ], [ 74.2782857, 31.6066003 ], [ 74.2783394, 31.6073587 ], [ 74.278393, 31.6090765 ], [ 74.2778458, 31.6091587 ], [ 74.2778492, 31.6095402 ] ] ] } },
{ "type": "Feature", "properties": { "element": "way", "id": 377454183, "addr:city": null, "addr:housenumber": null, "addr:postcode": null, "addr:street": null, "building": null, "building:levels": null, "landuse": "residential", "name": null, "operator": null, "residential": null, "description": null, "source": "Bing", "phone": null, "ele": null, "name:en": null, "name:ur": null, "official_name": null, "official_name:ur": null, "type": null }, "geometry": { "type": "Polygon", "coordinates": [ [ [ 74.2776635, 31.6093463 ], [ 74.27695, 31.60936 ], [ 74.2770358, 31.6098625 ], [ 74.2707433, 31.6119444 ], [ 74.2680202, 31.6128454 ], [ 74.265918, 31.6135409 ], [ 74.2656239, 31.6136382 ], [ 74.2580565, 31.6102554 ], [ 74.257202, 31.6098947 ], [ 74.2529764, 31.6106529 ], [ 74.2523702, 31.6106666 ], [ 74.2507341, 31.6102509 ], [ 74.250503, 31.6099136 ], [ 74.2504114, 31.6094938 ], [ 74.2506893, 31.6085275 ], [ 74.2508253, 31.6080214 ], [ 74.2512147, 31.6069416 ], [ 74.2524182, 31.6069288 ], [ 74.2524389, 31.6074793 ], [ 74.2530683, 31.6074797 ], [ 74.2530456, 31.6069446 ], [ 74.2546751, 31.6069352 ], [ 74.2547068, 31.6074887 ], [ 74.2551007, 31.6075051 ], [ 74.2552278, 31.6090998 ], [ 74.2572031, 31.6090821 ], [ 74.257193, 31.6089411 ], [ 74.2576344, 31.6089188 ], [ 74.2576418, 31.6090815 ], [ 74.2579848, 31.609079 ], [ 74.257917, 31.6069158 ], [ 74.258432, 31.6069066 ], [ 74.258432, 31.6064863 ], [ 74.2591868, 31.6065048 ], [ 74.2591884, 31.6069021 ], [ 74.2593547, 31.6069203 ], [ 74.2593853, 31.6080445 ], [ 74.2623641, 31.6079803 ], [ 74.2627327, 31.6085424 ], [ 74.2628614, 31.6085196 ], [ 74.2628684, 31.6079848 ], [ 74.2640952, 31.6079805 ], [ 74.2645995, 31.6079805 ], [ 74.2647068, 31.6085973 ], [ 74.2656418, 31.6083275 ], [ 74.2657099, 31.6084511 ], [ 74.2661782, 31.6084097 ], [ 74.266146, 31.6078478 ], [ 74.2667292, 31.6078206 ], [ 74.2667254, 31.6073863 ], [ 74.2675193, 31.6074275 ], [ 74.2674158, 31.6079394 ], [ 74.2674603, 31.6080808 ], [ 74.2676213, 31.6081082 ], [ 74.2676374, 31.6082681 ], [ 74.2684297, 31.6083369 ], [ 74.2688964, 31.6082455 ], [ 74.2688014, 31.6075325 ], [ 74.2688336, 31.6073909 ], [ 74.2706361, 31.6074275 ], [ 74.2700245, 31.6065183 ], [ 74.2706307, 31.6061756 ], [ 74.270561, 31.6060614 ], [ 74.270561, 31.6056868 ], [ 74.2698529, 31.6056457 ], [ 74.269885, 31.6050243 ], [ 74.2698797, 31.6047274 ], [ 74.2697187, 31.6047091 ], [ 74.2697134, 31.6045812 ], [ 74.2704376, 31.604572 ], [ 74.2704698, 31.6044487 ], [ 74.2710277, 31.6044167 ], [ 74.2710008, 31.6040009 ], [ 74.2705985, 31.6039963 ], [ 74.2705717, 31.6036171 ], [ 74.2716017, 31.6036171 ], [ 74.2716553, 31.6031831 ], [ 74.2720882, 31.6031742 ], [ 74.2720882, 31.6033432 ], [ 74.2726692, 31.603343 ], [ 74.2727373, 31.6038732 ], [ 74.272004, 31.6039095 ], [ 74.2720292, 31.6044032 ], [ 74.272807, 31.604426 ], [ 74.2730699, 31.6044169 ], [ 74.2730876, 31.6041837 ], [ 74.2732324, 31.6039781 ], [ 74.2734347, 31.6039555 ], [ 74.2734347, 31.6042753 ], [ 74.2742463, 31.6042522 ], [ 74.2746326, 31.6042522 ], [ 74.2746433, 31.604106 ], [ 74.2748364, 31.6040969 ], [ 74.274831, 31.603905 ], [ 74.2749759, 31.6039187 ], [ 74.2750065, 31.6044306 ], [ 74.276097, 31.604435 ], [ 74.2760863, 31.6041288 ], [ 74.2761974, 31.6041382 ], [ 74.2762456, 31.6049606 ], [ 74.2763706, 31.6049832 ], [ 74.2764028, 31.6052345 ], [ 74.2769553, 31.6052208 ], [ 74.2769591, 31.6074186 ], [ 74.2773255, 31.6074366 ], [ 74.2773561, 31.6077155 ], [ 74.2774918, 31.6076879 ], [ 74.2775186, 31.6080123 ], [ 74.2774955, 31.6082683 ], [ 74.2769393, 31.6082178 ], [ 74.2769376, 31.6083688 ], [ 74.2771737, 31.60841 ], [ 74.2771538, 31.6087752 ], [ 74.277635, 31.6087846 ], [ 74.2776545, 31.609168 ], [ 74.2776635, 31.6093463 ] ] ] } },
{ "type": "Feature", "properties": { "element": "way", "id": 423657785, "addr:city": "Lahore", "addr:housenumber": null, "addr:postcode": null, "addr:street": "Allama Iqbal Road", "building": null, "building:levels": null, "landuse": "residential", "name": "Canal Colony", "operator": null, "residential": null, "description": null, "source": null, "phone": null, "ele": null, "name:en": null, "name:ur": null, "official_name": null, "official_name:ur": null, "type": null }, "geometry": { "type": "Polygon", "coordinates": [ [ [ 74.3603347, 31.554393 ], [ 74.3620021, 31.5529776 ], [ 74.3601067, 31.5522394 ], [ 74.359755, 31.5523726 ], [ 74.3589929, 31.5531996 ], [ 74.3603347, 31.554393 ] ] ] } },
{ "type": "Feature", "properties": { "element": "way", "id": 490006617, "addr:city": "Lahore", "addr:housenumber": "Gardenia", "addr:postcode": "54000", "addr:street": "Sector C, Bahria town", "building": null, "building:levels": null, "landuse": "residential", "name": "Gardenia", "operator": null, "residential": null, "description": null, "source": null, "phone": null, "ele": null, "name:en": null, "name:ur": null, "official_name": null, "official_name:ur": null, "type": null }, "geometry": { "type": "Polygon", "coordinates": [ [ [ 74.1793155, 31.3772974 ], [ 74.1810342, 31.3772815 ], [ 74.1810996, 31.3754187 ], [ 74.1792554, 31.3753949 ], [ 74.1793155, 31.3772974 ] ] ] } },
{ "type": "Feature", "properties": { "element": "way", "id": 528054974, "addr:city": "Lahore", "addr:housenumber": "37-S-9/6", "addr:postcode": "54500", "addr:street": "Bastami Road", "building": null, "building:levels": null, "landuse": "residential", "name": null, "operator": null, "residential": null, "description": null, "source": null, "phone": "03224189640", "ele": null, "name:en": null, "name:ur": null, "official_name": null, "official_name:ur": null, "type": null }, "geometry": { "type": "Polygon", "coordinates": [ [ [ 74.295601, 31.5343984 ], [ 74.2958002, 31.5343929 ], [ 74.2957965, 31.5342948 ], [ 74.2955442, 31.5343017 ], [ 74.2955461, 31.5343523 ], [ 74.2955992, 31.5343509 ], [ 74.295601, 31.5343984 ] ] ] } },
{ "type": "Feature", "properties": { "element": "way", "id": 528056352, "addr:city": "Lahore", "addr:housenumber": "16 B3", "addr:postcode": null, "addr:street": null, "building": null, "building:levels": null, "landuse": "residential", "name": null, "operator": null, "residential": null, "description": null, "source": null, "phone": null, "ele": null, "name:en": null, "name:ur": null, "official_name": null, "official_name:ur": null, "type": null }, "geometry": { "type": "Polygon", "coordinates": [ [ [ 74.2982331, 31.4589536 ], [ 74.2986139, 31.4589822 ], [ 74.2986233, 31.4588735 ], [ 74.2982492, 31.4588529 ], [ 74.2982331, 31.4589536 ] ] ] } },
{ "type": "Feature", "properties": { "element": "way", "id": 529725088, "addr:city": "lahore", "addr:housenumber": "house 9 street 12", "addr:postcode": null, "addr:street": "Fateh Sher Road", "building": null, "building:levels": null, "landuse": "residential", "name": null, "operator": null, "residential": null, "description": null, "source": null, "phone": null, "ele": null, "name:en": null, "name:ur": null, "official_name": null, "official_name:ur": null, "type": null }, "geometry": { "type": "Polygon", "coordinates": [ [ [ 74.3101947, 31.5464413 ], [ 74.3103758, 31.5463945 ], [ 74.310361, 31.5463499 ], [ 74.3101773, 31.5464093 ], [ 74.3101947, 31.5464413 ] ] ] } },
{ "type": "Feature", "properties": { "element": "way", "id": 540413606, "addr:city": null, "addr:housenumber": null, "addr:postcode": null, "addr:street": null, "building": null, "building:levels": null, "landuse": "residential", "name": "UET Housing Society Phase-1 Lahore", "operator": null, "residential": null, "description": null, "source": null, "phone": null, "ele": null, "name:en": null, "name:ur": null, "official_name": null, "official_name:ur": null, "type": null }, "geometry": { "type": "Polygon", "coordinates": [ [ [ 74.2739666, 31.4109389 ], [ 74.2729508, 31.4109026 ], [ 74.2640099, 31.4115504 ], [ 74.2622574, 31.4096904 ], [ 74.2629307, 31.4090508 ], [ 74.2657889, 31.4065118 ], [ 74.2678481, 31.4045098 ], [ 74.2675483, 31.4035162 ], [ 74.2685858, 31.4024733 ], [ 74.2704675, 31.4017989 ], [ 74.2705013, 31.4025317 ], [ 74.2716855, 31.4025044 ], [ 74.2717757, 31.4039102 ], [ 74.2718873, 31.4053188 ], [ 74.2731985, 31.4053199 ], [ 74.2745155, 31.4052169 ], [ 74.274613, 31.4069611 ], [ 74.2750136, 31.4069659 ], [ 74.2752863, 31.4069705 ], [ 74.2770641, 31.4056474 ], [ 74.2775014, 31.4070018 ], [ 74.2777015, 31.4075871 ], [ 74.2769006, 31.4081812 ], [ 74.2776902, 31.4107744 ], [ 74.2739666, 31.4109389 ] ] ] } },
{ "type": "Feature", "properties": { "element": "way", "id": 541327566, "addr:city": "Lahore", "addr:housenumber": null, "addr:postcode": "54000", "addr:street": "Netsol Avenue", "building": "residential", "building:levels": null, "landuse": "residential", "name": null, "operator": null, "residential": null, "description": null, "source": null, "phone": null, "ele": null, "name:en": null, "name:ur": null, "official_name": null, "official_name:ur": null, "type": null }, "geometry": { "type": "Polygon", "coordinates": [ [ [ 74.4233931, 31.4969129 ], [ 74.4232819, 31.4966734 ], [ 74.4234433, 31.4966176 ], [ 74.4235537, 31.4968601 ], [ 74.4233931, 31.4969129 ] ] ] } },
{ "type": "Feature", "properties": { "element": "way", "id": 541327567, "addr:city": "Lahore", "addr:housenumber": null, "addr:postcode": "54000", "addr:street": "Netsol Avenue", "building": "residential", "building:levels": null, "landuse": "residential", "name": null, "operator": null, "residential": null, "description": null, "source": null, "phone": null, "ele": null, "name:en": null, "name:ur": null, "official_name": null, "official_name:ur": null, "type": null }, "geometry": { "type": "Polygon", "coordinates": [ [ [ 74.4235537, 31.4968601 ], [ 74.4234433, 31.4966176 ], [ 74.4236011, 31.4965638 ], [ 74.4237126, 31.4968091 ], [ 74.4235537, 31.4968601 ] ] ] } },
{ "type": "Feature", "properties": { "element": "way", "id": 541327701, "addr:city": "Lahore", "addr:housenumber": null, "addr:postcode": "54000", "addr:street": "Netsol Avenue", "building": "residential", "building:levels": null, "landuse": "residential", "name": null, "operator": null, "residential": null, "description": null, "source": null, "phone": null, "ele": null, "name:en": null, "name:ur": null, "official_name": null, "official_name:ur": null, "type": null }, "geometry": { "type": "Polygon", "coordinates": [ [ [ 74.4226433, 31.4970151 ], [ 74.4227024, 31.4969963 ], [ 74.4226977, 31.4969857 ], [ 74.4227607, 31.4969656 ], [ 74.422766, 31.4969777 ], [ 74.4228182, 31.496961 ], [ 74.4227753, 31.4968635 ], [ 74.4227062, 31.4968605 ], [ 74.422631, 31.4969012 ], [ 74.4226071, 31.4969329 ], [ 74.4226433, 31.4970151 ] ] ] } },
{ "type": "Feature", "properties": { "element": "way", "id": 541328505, "addr:city": "Lahore", "addr:housenumber": null, "addr:postcode": null, "addr:street": "Service Road", "building": "residential", "building:levels": null, "landuse": "residential", "name": null, "operator": null, "residential": null, "description": null, "source": null, "phone": null, "ele": "1", "name:en": null, "name:ur": null, "official_name": null, "official_name:ur": null, "type": null }, "geometry": { "type": "Polygon", "coordinates": [ [ [ 74.4240826, 31.496883 ], [ 74.4240423, 31.4967943 ], [ 74.4241708, 31.4967523 ], [ 74.4242098, 31.4968423 ], [ 74.4240826, 31.496883 ] ] ] } },
{ "type": "Feature", "properties": { "element": "way", "id": 541328506, "addr:city": "Lahore", "addr:housenumber": null, "addr:postcode": null, "addr:street": "Service Road", "building": "residential", "building:levels": null, "landuse": "residential", "name": null, "operator": null, "residential": null, "description": null, "source": null, "phone": null, "ele": "1", "name:en": null, "name:ur": null, "official_name": null, "official_name:ur": null, "type": null }, "geometry": { "type": "Polygon", "coordinates": [ [ [ 74.4242098, 31.4968423 ], [ 74.4241708, 31.4967523 ], [ 74.4243108, 31.4967078 ], [ 74.4243496, 31.4967994 ], [ 74.4242098, 31.4968423 ] ] ] } },
{ "type": "Feature", "properties": { "element": "way", "id": 541328507, "addr:city": "Lahore", "addr:housenumber": null, "addr:postcode": "54000", "addr:street": "Service Road", "building": "residential", "building:levels": null, "landuse": "residential", "name": null, "operator": null, "residential": null, "description": null, "source": null, "phone": null, "ele": "1", "name:en": null, "name:ur": null, "official_name": null, "official_name:ur": null, "type": null }, "geometry": { "type": "Polygon", "coordinates": [ [ [ 74.4243496, 31.4967994 ], [ 74.4243108, 31.4967078 ], [ 74.4244132, 31.4966763 ], [ 74.4244869, 31.4966981 ], [ 74.424509, 31.4967504 ], [ 74.4243496, 31.4967994 ] ] ] } },
{ "type": "Feature", "properties": { "element": "way", "id": 541330437, "addr:city": "Lahore", "addr:housenumber": null, "addr:postcode": "54000", "addr:street": "Netsol Avenue", "building": "residential", "building:levels": null, "landuse": "residential", "name": null, "operator": null, "residential": null, "description": null, "source": null, "phone": null, "ele": null, "name:en": null, "name:ur": null, "official_name": null, "official_name:ur": null, "type": null }, "geometry": { "type": "Polygon", "coordinates": [ [ [ 74.423291, 31.4961157 ], [ 74.4231526, 31.4958807 ], [ 74.4232786, 31.4958268 ], [ 74.4233786, 31.4959967 ], [ 74.4234169, 31.4960618 ], [ 74.423291, 31.4961157 ] ] ] } },
{ "type": "Feature", "properties": { "element": "way", "id": 541330480, "addr:city": "Lahore", "addr:housenumber": null, "addr:postcode": "54000", "addr:street": "Service Road", "building": "residential", "building:levels": null, "landuse": "residential", "name": null, "operator": null, "residential": null, "description": null, "source": null, "phone": null, "ele": null, "name:en": null, "name:ur": null, "official_name": null, "official_name:ur": null, "type": null }, "geometry": { "type": "Polygon", "coordinates": [ [ [ 74.4241727, 31.4966522 ], [ 74.4239842, 31.4967121 ], [ 74.4239255, 31.4965778 ], [ 74.424114, 31.4965179 ], [ 74.4241727, 31.4966522 ] ] ] } },
{ "type": "Feature", "properties": { "element": "way", "id": 541330750, "addr:city": "Lahore", "addr:housenumber": null, "addr:postcode": "54000", "addr:street": "Airport Ghazi Rd", "building": "residential", "building:levels": null, "landuse": "residential", "name": null, "operator": null, "residential": null, "description": null, "source": null, "phone": null, "ele": "2", "name:en": null, "name:ur": null, "official_name": null, "official_name:ur": null, "type": null }, "geometry": { "type": "Polygon", "coordinates": [ [ [ 74.4206227, 31.4957982 ], [ 74.4207627, 31.4957344 ], [ 74.4208255, 31.4957058 ], [ 74.4208807, 31.4957938 ], [ 74.4206779, 31.4958863 ], [ 74.4206227, 31.4957982 ] ] ] } },
{ "type": "Feature", "properties": { "element": "way", "id": 541816114, "addr:city": "Lahore", "addr:housenumber": null, "addr:postcode": "54000", "addr:street": "Airport Ghazi Rd", "building": "commercial", "building:levels": null, "landuse": "residential", "name": null, "operator": null, "residential": null, "description": null, "source": null, "phone": null, "ele": "1", "name:en": null, "name:ur": null, "official_name": null, "official_name:ur": null, "type": null }, "geometry": { "type": "Polygon", "coordinates": [ [ [ 74.4203771, 31.4955105 ], [ 74.4204404, 31.4956108 ], [ 74.4203925, 31.4956323 ], [ 74.4203294, 31.4956617 ], [ 74.4202369, 31.4955151 ], [ 74.4203771, 31.4955105 ] ] ] } },
{ "type": "Feature", "properties": { "element": "way", "id": 541816381, "addr:city": "Lahore", "addr:housenumber": null, "addr:postcode": "54000", "addr:street": "Airport Ghazi Rd", "building": "commercial", "building:levels": null, "landuse": "residential", "name": null, "operator": null, "residential": null, "description": null, "source": null, "phone": null, "ele": "1", "name:en": null, "name:ur": null, "official_name": null, "official_name:ur": null, "type": null }, "geometry": { "type": "Polygon", "coordinates": [ [ [ 74.4204438, 31.4957359 ], [ 74.4204706, 31.495775 ], [ 74.4204935, 31.4957635 ], [ 74.42052, 31.4958022 ], [ 74.4203958, 31.4958641 ], [ 74.4203425, 31.4957864 ], [ 74.4204438, 31.4957359 ] ] ] } },
{ "type": "Feature", "properties": { "element": "way", "id": 541816579, "addr:city": "Lahore", "addr:housenumber": null, "addr:postcode": "54000", "addr:street": "Netsol Avenue", "building": "residential", "building:levels": null, "landuse": "residential", "name": null, "operator": null, "residential": null, "description": null, "source": null, "phone": null, "ele": "1", "name:en": null, "name:ur": null, "official_name": null, "official_name:ur": null, "type": null }, "geometry": { "type": "Polygon", "coordinates": [ [ [ 74.4227953, 31.4961901 ], [ 74.4230082, 31.4960899 ], [ 74.4230429, 31.4961435 ], [ 74.4230753, 31.4961283 ], [ 74.4230851, 31.4961441 ], [ 74.4231207, 31.4961973 ], [ 74.4230691, 31.4962222 ], [ 74.42305, 31.4961926 ], [ 74.4229767, 31.4962271 ], [ 74.4229967, 31.496258 ], [ 74.422876, 31.4963148 ], [ 74.4227953, 31.4961901 ] ] ] } },
{ "type": "Feature", "properties": { "element": "way", "id": 541820035, "addr:city": "Lahore", "addr:housenumber": null, "addr:postcode": "54000", "addr:street": "Netsol Avenue", "building": "residential", "building:levels": null, "landuse": "residential", "name": null, "operator": null, "residential": null, "description": null, "source": null, "phone": null, "ele": "1", "name:en": null, "name:ur": null, "official_name": null, "official_name:ur": null, "type": null }, "geometry": { "type": "Polygon", "coordinates": [ [ [ 74.4238027, 31.4962831 ], [ 74.423767, 31.4962102 ], [ 74.4239047, 31.4961612 ], [ 74.4239404, 31.4962342 ], [ 74.4238027, 31.4962831 ] ] ] } },
{ "type": "Feature", "properties": { "element": "way", "id": 541820123, "addr:city": "Lahore", "addr:housenumber": null, "addr:postcode": "54000", "addr:street": "Defence Road", "building": "residential", "building:levels": null, "landuse": "residential", "name": null, "operator": null, "residential": null, "description": null, "source": null, "phone": null, "ele": "1", "name:en": null, "name:ur": null, "official_name": null, "official_name:ur": null, "type": null }, "geometry": { "type": "Polygon", "coordinates": [ [ [ 74.4238863, 31.4960692 ], [ 74.4238272, 31.4959593 ], [ 74.4236552, 31.4960265 ], [ 74.4237143, 31.4961364 ], [ 74.4238863, 31.4960692 ] ] ] } },
{ "type": "Feature", "properties": { "element": "way", "id": 541820337, "addr:city": "Lahore", "addr:housenumber": null, "addr:postcode": "54000", "addr:street": "Service Road", "building": "residential", "building:levels": null, "landuse": "residential", "name": null, "operator": null, "residential": null, "description": null, "source": null, "phone": null, "ele": "1", "name:en": null, "name:ur": null, "official_name": null, "official_name:ur": null, "type": null }, "geometry": { "type": "Polygon", "coordinates": [ [ [ 74.4256048, 31.4961121 ], [ 74.4255654, 31.4960539 ], [ 74.4258107, 31.4959332 ], [ 74.4258501, 31.4959913 ], [ 74.4256048, 31.4961121 ] ] ] } },
{ "type": "Feature", "properties": { "element": "way", "id": 541821155, "addr:city": "Lahore", "addr:housenumber": null, "addr:postcode": "54000", "addr:street": "Service Road", "building": "residential", "building:levels": null, "landuse": "residential", "name": null, "operator": null, "residential": null, "description": null, "source": null, "phone": null, "ele": "1", "name:en": null, "name:ur": null, "official_name": null, "official_name:ur": null, "type": null }, "geometry": { "type": "Polygon", "coordinates": [ [ [ 74.4240587, 31.4963801 ], [ 74.4240681, 31.4963726 ], [ 74.4241059, 31.4964422 ], [ 74.4239612, 31.4964993 ], [ 74.4239251, 31.4964328 ], [ 74.4240587, 31.4963801 ] ] ] } },
{ "type": "Feature", "properties": { "element": "way", "id": 541821349, "addr:city": "Lahore", "addr:housenumber": null, "addr:postcode": "54000", "addr:street": "Netsol Avenue", "building": "residential", "building:levels": null, "landuse": "residential", "name": null, "operator": null, "residential": null, "description": null, "source": null, "phone": null, "ele": "1", "name:en": null, "name:ur": null, "official_name": null, "official_name:ur": null, "type": null }, "geometry": { "type": "Polygon", "coordinates": [ [ [ 74.4231207, 31.4961973 ], [ 74.4231769, 31.4961699 ], [ 74.4231412, 31.4961167 ], [ 74.4230851, 31.4961441 ], [ 74.4231207, 31.4961973 ] ] ] } },
{ "type": "Feature", "properties": { "element": "way", "id": 541821413, "addr:city": "Lahore", "addr:housenumber": null, "addr:postcode": "54000", "addr:street": "Service Road", "building": "commercial", "building:levels": null, "landuse": "residential", "name": null, "operator": null, "residential": null, "description": null, "source": null, "phone": null, "ele": "1", "name:en": null, "name:ur": null, "official_name": null, "official_name:ur": null, "type": null }, "geometry": { "type": "Polygon", "coordinates": [ [ [ 74.4205394, 31.4963102 ], [ 74.4206261, 31.4962724 ], [ 74.4205657, 31.4961716 ], [ 74.420479, 31.4962095 ], [ 74.4205394, 31.4963102 ] ] ] } },
{ "type": "Feature", "properties": { "element": "way", "id": 541822099, "addr:city": "Lahore", "addr:housenumber": null, "addr:postcode": "54000", "addr:street": "Service Road", "building": "residential", "building:levels": null, "landuse": "residential", "name": null, "operator": null, "residential": null, "description": null, "source": null, "phone": null, "ele": "1", "name:en": null, "name:ur": null, "official_name": null, "official_name:ur": null, "type": null }, "geometry": { "type": "Polygon", "coordinates": [ [ [ 74.4212502, 31.4959896 ], [ 74.4211982, 31.4960169 ], [ 74.4211539, 31.4959512 ], [ 74.4212047, 31.4959234 ], [ 74.4212502, 31.4959896 ] ] ] } },
{ "type": "Feature", "properties": { "element": "way", "id": 541823747, "addr:city": "Lahore", "addr:housenumber": null, "addr:postcode": "54000", "addr:street": "Service Road", "building": "residential", "building:levels": null, "landuse": "residential", "name": null, "operator": null, "residential": null, "description": null, "source": null, "phone": null, "ele": "1", "name:en": null, "name:ur": null, "official_name": null, "official_name:ur": null, "type": null }, "geometry": { "type": "Polygon", "coordinates": [ [ [ 74.4255125, 31.4955518 ], [ 74.4249682, 31.49582 ], [ 74.4251109, 31.4960306 ], [ 74.4253226, 31.4959263 ], [ 74.4253336, 31.4959426 ], [ 74.425716, 31.4957542 ], [ 74.4256993, 31.4957295 ], [ 74.4256495, 31.495754 ], [ 74.4255125, 31.4955518 ] ] ] } },
{ "type": "Feature", "properties": { "element": "way", "id": 541823993, "addr:city": "Lahore", "addr:housenumber": null, "addr:postcode": "54000", "addr:street": "Service Road", "building": "commercial", "building:levels": null, "landuse": "residential", "name": null, "operator": null, "residential": null, "description": null, "source": null, "phone": null, "ele": "1", "name:en": null, "name:ur": null, "official_name": null, "official_name:ur": null, "type": null }, "geometry": { "type": "Polygon", "coordinates": [ [ [ 74.420641, 31.4961384 ], [ 74.4207226, 31.4961036 ], [ 74.4206528, 31.4959845 ], [ 74.4204996, 31.4960498 ], [ 74.4205179, 31.4960809 ], [ 74.4205376, 31.4960725 ], [ 74.4205773, 31.49614 ], [ 74.420629, 31.4961179 ], [ 74.420641, 31.4961384 ] ] ] } },
{ "type": "Feature", "properties": { "element": "way", "id": 541824196, "addr:city": "Lahore", "addr:housenumber": null, "addr:postcode": "54000", "addr:street": "Service Road", "building": "residential", "building:levels": null, "landuse": "residential", "name": null, "operator": null, "residential": null, "description": null, "source": null, "phone": null, "ele": "1", "name:en": null, "name:ur": null, "official_name": null, "official_name:ur": null, "type": null }, "geometry": { "type": "Polygon", "coordinates": [ [ [ 74.4209146, 31.4965557 ], [ 74.4208838, 31.496496 ], [ 74.4210057, 31.4964501 ], [ 74.4210366, 31.4965099 ], [ 74.4209146, 31.4965557 ] ] ] } },
{ "type": "Feature", "properties": { "element": "way", "id": 541829148, "addr:city": "Lahore", "addr:housenumber": null, "addr:postcode": "54000", "addr:street": "Netsol Avenue", "building": "residential", "building:levels": null, "landuse": "residential", "name": null, "operator": null, "residential": null, "description": null, "source": null, "phone": null, "ele": "1", "name:en": null, "name:ur": null, "official_name": null, "official_name:ur": null, "type": null }, "geometry": { "type": "Polygon", "coordinates": [ [ [ 74.4232786, 31.4958268 ], [ 74.4232613, 31.4957984 ], [ 74.4233522, 31.4957569 ], [ 74.423464, 31.4959375 ], [ 74.4234737, 31.4959559 ], [ 74.4233786, 31.4959967 ], [ 74.4232786, 31.4958268 ] ] ] } },
{ "type": "Feature", "properties": { "element": "way", "id": 541829184, "addr:city": "Lahore", "addr:housenumber": null, "addr:postcode": "54000", "addr:street": "Netsol Avenue", "building": "residential", "building:levels": null, "landuse": "residential", "name": null, "operator": null, "residential": null, "description": null, "source": null, "phone": null, "ele": "1", "name:en": null, "name:ur": null, "official_name": null, "official_name:ur": null, "type": null }, "geometry": { "type": "Polygon", "coordinates": [ [ [ 74.4233522, 31.4957569 ], [ 74.4234981, 31.4956912 ], [ 74.4236099, 31.4958719 ], [ 74.423464, 31.4959375 ], [ 74.4233522, 31.4957569 ] ] ] } },
{ "type": "Feature", "properties": { "element": "way", "id": 541829625, "addr:city": "Lahore", "addr:housenumber": null, "addr:postcode": "54000", "addr:street": "Service Road", "building": "residential", "building:levels": null, "landuse": "residential", "name": null, "operator": null, "residential": null, "description": null, "source": null, "phone": null, "ele": "1", "name:en": null, "name:ur": null, "official_name": null, "official_name:ur": null, "type": null }, "geometry": { "type": "Polygon", "coordinates": [ [ [ 74.4210345, 31.4960784 ], [ 74.4211485, 31.4960178 ], [ 74.4210547, 31.4958863 ], [ 74.4209192, 31.4958405 ], [ 74.4207382, 31.4959194 ], [ 74.4207864, 31.4960098 ], [ 74.4208762, 31.4959705 ], [ 74.4209407, 31.4959423 ], [ 74.4210345, 31.4960784 ] ] ] } },
{ "type": "Feature", "properties": { "element": "way", "id": 541829757, "addr:city": "Lahore", "addr:housenumber": null, "addr:postcode": "54000", "addr:street": "Service Road", "building": "residential", "building:levels": null, "landuse": "residential", "name": null, "operator": null, "residential": null, "description": null, "source": null, "phone": null, "ele": "1", "name:en": null, "name:ur": null, "official_name": null, "official_name:ur": null, "type": null }, "geometry": { "type": "Polygon", "coordinates": [ [ [ 74.4210345, 31.4960784 ], [ 74.4209714, 31.4961117 ], [ 74.4209328, 31.4960544 ], [ 74.4208858, 31.4959847 ], [ 74.4208762, 31.4959705 ], [ 74.4209407, 31.4959423 ], [ 74.4210345, 31.4960784 ] ] ] } },
{ "type": "Feature", "properties": { "element": "way", "id": 541829824, "addr:city": "Lahore", "addr:housenumber": null, "addr:postcode": "54000", "addr:street": "Service Road", "building": "residential", "building:levels": null, "landuse": "residential", "name": null, "operator": null, "residential": null, "description": null, "source": null, "phone": null, "ele": "1", "name:en": null, "name:ur": null, "official_name": null, "official_name:ur": null, "type": null }, "geometry": { "type": "Polygon", "coordinates": [ [ [ 74.4209328, 31.4960544 ], [ 74.4208202, 31.4961055 ], [ 74.4207786, 31.4960315 ], [ 74.4208858, 31.4959847 ], [ 74.4209328, 31.4960544 ] ] ] } },
{ "type": "Feature", "properties": { "element": "way", "id": 541830193, "addr:city": "Lahore", "addr:housenumber": null, "addr:postcode": "54000", "addr:street": "Netsol Avenue", "building": "residential", "building:levels": null, "landuse": "residential", "name": null, "operator": null, "residential": null, "description": null, "source": null, "phone": null, "ele": "1", "name:en": null, "name:ur": null, "official_name": null, "official_name:ur": null, "type": null }, "geometry": { "type": "Polygon", "coordinates": [ [ [ 74.4239251, 31.4964328 ], [ 74.4238412, 31.496462 ], [ 74.4237669, 31.4963185 ], [ 74.4239844, 31.4962366 ], [ 74.4240587, 31.4963801 ], [ 74.4239251, 31.4964328 ] ] ] } },
{ "type": "Feature", "properties": { "element": "way", "id": 541831114, "addr:city": "Lahore", "addr:housenumber": null, "addr:postcode": "54000", "addr:street": "Netsol Avenue", "building": "residential", "building:levels": null, "landuse": "residential", "name": null, "operator": null, "residential": null, "description": null, "source": null, "phone": null, "ele": "1", "name:en": null, "name:ur": null, "official_name": null, "official_name:ur": null, "type": null }, "geometry": { "type": "Polygon", "coordinates": [ [ [ 74.42284, 31.4966622 ], [ 74.4230191, 31.4965807 ], [ 74.4230063, 31.4965587 ], [ 74.4229287, 31.4964377 ], [ 74.4229073, 31.4964475 ], [ 74.4227502, 31.4965192 ], [ 74.42284, 31.4966622 ] ] ] } },
{ "type": "Feature", "properties": { "element": "way", "id": 541845724, "addr:city": "Lahore", "addr:housenumber": null, "addr:postcode": "54000", "addr:street": "Service Road", "building": "commercial", "building:levels": null, "landuse": "residential", "name": null, "operator": null, "residential": null, "description": null, "source": null, "phone": null, "ele": "1", "name:en": null, "name:ur": null, "official_name": null, "official_name:ur": null, "type": null }, "geometry": { "type": "Polygon", "coordinates": [ [ [ 74.4204996, 31.4960498 ], [ 74.4203841, 31.4961021 ], [ 74.4203398, 31.4960283 ], [ 74.4203013, 31.4960451 ], [ 74.4202456, 31.4959522 ], [ 74.4204022, 31.4958839 ], [ 74.4204996, 31.4960498 ] ] ] } },
{ "type": "Feature", "properties": { "element": "way", "id": 541846043, "addr:city": "Lahore", "addr:housenumber": null, "addr:postcode": "54000", "addr:street": "Service Road", "building": "residential", "building:levels": null, "landuse": "residential", "name": null, "operator": null, "residential": null, "description": null, "source": null, "phone": null, "ele": null, "name:en": null, "name:ur": null, "official_name": null, "official_name:ur": null, "type": null }, "geometry": { "type": "Polygon", "coordinates": [ [ [ 74.421254, 31.496183 ], [ 74.4212032, 31.4961045 ], [ 74.4213521, 31.4960346 ], [ 74.4214053, 31.4961172 ], [ 74.421254, 31.496183 ] ] ] } },
{ "type": "Feature", "properties": { "element": "way", "id": 541846417, "addr:city": "Lahore", "addr:housenumber": null, "addr:postcode": "54000", "addr:street": "Service Road", "building": "commercial", "building:levels": null, "landuse": "residential", "name": null, "operator": null, "residential": null, "description": null, "source": null, "phone": null, "ele": "1", "name:en": null, "name:ur": null, "official_name": null, "official_name:ur": null, "type": null }, "geometry": { "type": "Polygon", "coordinates": [ [ [ 74.4209591, 31.4963294 ], [ 74.4209023, 31.4962278 ], [ 74.4208845, 31.4961959 ], [ 74.4210386, 31.4961333 ], [ 74.4211132, 31.4962667 ], [ 74.4209591, 31.4963294 ] ] ] } },
{ "type": "Feature", "properties": { "element": "way", "id": 541853346, "addr:city": "Lahore", "addr:housenumber": null, "addr:postcode": "54000", "addr:street": "Service Road", "building": "residential", "building:levels": null, "landuse": "residential", "name": null, "operator": null, "residential": null, "description": null, "source": null, "phone": null, "ele": "1", "name:en": null, "name:ur": null, "official_name": null, "official_name:ur": null, "type": null }, "geometry": { "type": "Polygon", "coordinates": [ [ [ 74.4251685, 31.495669 ], [ 74.425366, 31.4955394 ], [ 74.4251252, 31.4952724 ], [ 74.4250355, 31.4953312 ], [ 74.4249846, 31.4954652 ], [ 74.4251685, 31.495669 ] ] ] } },
{ "type": "Feature", "properties": { "element": "way", "id": 541853485, "addr:city": "Lahore", "addr:housenumber": null, "addr:postcode": "54000", "addr:street": "Netsol Avenue", "building": "residential", "building:levels": null, "landuse": "residential", "name": null, "operator": null, "residential": null, "description": null, "source": null, "phone": null, "ele": "1", "name:en": null, "name:ur": null, "official_name": null, "official_name:ur": null, "type": null }, "geometry": { "type": "Polygon", "coordinates": [ [ [ 74.4227502, 31.4965192 ], [ 74.4226829, 31.4964122 ], [ 74.4228618, 31.4963307 ], [ 74.4229287, 31.4964377 ], [ 74.4229073, 31.4964475 ], [ 74.4227502, 31.4965192 ] ] ] } },
{ "type": "Feature", "properties": { "element": "way", "id": 541866257, "addr:city": "Lahore", "addr:housenumber": null, "addr:postcode": "54000", "addr:street": "Netsol Avenue", "building": "residential", "building:levels": null, "landuse": "residential", "name": null, "operator": null, "residential": null, "description": null, "source": null, "phone": null, "ele": "1", "name:en": null, "name:ur": null, "official_name": null, "official_name:ur": null, "type": null }, "geometry": { "type": "Polygon", "coordinates": [ [ [ 74.4226829, 31.4964122 ], [ 74.4226027, 31.4962843 ], [ 74.4227818, 31.4962028 ], [ 74.4228618, 31.4963307 ], [ 74.4226829, 31.4964122 ] ] ] } },
{ "type": "Feature", "properties": { "element": "way", "id": 541867870, "addr:city": null, "addr:housenumber": null, "addr:postcode": null, "addr:street": null, "building": "residential", "building:levels": null, "landuse": "residential", "name": null, "operator": null, "residential": null, "description": null, "source": null, "phone": null, "ele": null, "name:en": null, "name:ur": null, "official_name": null, "official_name:ur": null, "type": null }, "geometry": { "type": "Polygon", "coordinates": [ [ [ 74.4226027, 31.4962843 ], [ 74.4225268, 31.4961631 ], [ 74.4227059, 31.4960816 ], [ 74.4227818, 31.4962028 ], [ 74.4226027, 31.4962843 ] ] ] } },
{ "type": "Feature", "properties": { "element": "way", "id": 541867871, "addr:city": "Lahore", "addr:housenumber": null, "addr:postcode": "54000", "addr:street": "Netsol Avenue", "building": "residential", "building:levels": null, "landuse": "residential", "name": null, "operator": null, "residential": null, "description": null, "source": null, "phone": null, "ele": "1", "name:en": null, "name:ur": null, "official_name": null, "official_name:ur": null, "type": null }, "geometry": { "type": "Polygon", "coordinates": [ [ [ 74.4222307, 31.4962686 ], [ 74.4222937, 31.4963709 ], [ 74.4224337, 31.4963082 ], [ 74.4223707, 31.4962059 ], [ 74.4222307, 31.4962686 ] ] ] } },
{ "type": "Feature", "properties": { "element": "way", "id": 541867872, "addr:city": "Lahore", "addr:housenumber": null, "addr:postcode": "54000", "addr:street": "Netsol Avenue", "building": "residential", "building:levels": null, "landuse": "residential", "name": null, "operator": null, "residential": null, "description": null, "source": null, "phone": null, "ele": "1", "name:en": null, "name:ur": null, "official_name": null, "official_name:ur": null, "type": null }, "geometry": { "type": "Polygon", "coordinates": [ [ [ 74.4222937, 31.4963709 ], [ 74.4223735, 31.4964992 ], [ 74.4225129, 31.4964359 ], [ 74.4224337, 31.4963082 ], [ 74.4222937, 31.4963709 ] ] ] } },
{ "type": "Feature", "properties": { "element": "way", "id": 541867873, "addr:city": "Lahore", "addr:housenumber": null, "addr:postcode": "54000", "addr:street": "Netsol Avenue", "building": "residential", "building:levels": null, "landuse": "residential", "name": null, "operator": null, "residential": null, "description": null, "source": null, "phone": null, "ele": "1", "name:en": null, "name:ur": null, "official_name": null, "official_name:ur": null, "type": null }, "geometry": { "type": "Polygon", "coordinates": [ [ [ 74.4223735, 31.4964992 ], [ 74.4225129, 31.4964359 ], [ 74.4225874, 31.4964018 ], [ 74.4226627, 31.496522 ], [ 74.4225485, 31.4965741 ], [ 74.4224488, 31.4966195 ], [ 74.4223735, 31.4964992 ] ] ] } },
{ "type": "Feature", "properties": { "element": "way", "id": 541867874, "addr:city": "Lahore", "addr:housenumber": null, "addr:postcode": "54000", "addr:street": "Netsol Avenue", "building": "residential", "building:levels": null, "landuse": "residential", "name": null, "operator": null, "residential": null, "description": null, "source": null, "phone": null, "ele": "1", "name:en": null, "name:ur": null, "official_name": null, "official_name:ur": null, "type": null }, "geometry": { "type": "Polygon", "coordinates": [ [ [ 74.4225485, 31.4965741 ], [ 74.4225703, 31.4966062 ], [ 74.4225977, 31.4966505 ], [ 74.4227111, 31.4965995 ], [ 74.4226627, 31.496522 ], [ 74.4225485, 31.4965741 ] ] ] } },
{ "type": "Feature", "properties": { "element": "way", "id": 541867875, "addr:city": "Lahore", "addr:housenumber": null, "addr:postcode": "54000", "addr:street": "Netsol Avenue", "building": "house", "building:levels": null, "landuse": "residential", "name": null, "operator": null, "residential": null, "description": null, "source": null, "phone": null, "ele": "1", "name:en": null, "name:ur": null, "official_name": null, "official_name:ur": null, "type": null }, "geometry": { "type": "Polygon", "coordinates": [ [ [ 74.4225703, 31.4966062 ], [ 74.4224563, 31.4966575 ], [ 74.4225356, 31.4967857 ], [ 74.4227726, 31.4966791 ], [ 74.4227207, 31.4965952 ], [ 74.4227111, 31.4965995 ], [ 74.4225977, 31.4966505 ], [ 74.4225703, 31.4966062 ] ] ] } },
{ "type": "Feature", "properties": { "element": "way", "id": 542006091, "addr:city": "Lahore", "addr:housenumber": null, "addr:postcode": "54000", "addr:street": "Service Road", "building": "residential", "building:levels": null, "landuse": "residential", "name": null, "operator": null, "residential": null, "description": null, "source": null, "phone": null, "ele": "1", "name:en": null, "name:ur": null, "official_name": null, "official_name:ur": null, "type": null }, "geometry": { "type": "Polygon", "coordinates": [ [ [ 74.4209993, 31.4957463 ], [ 74.4209974, 31.4956279 ], [ 74.421158, 31.4956261 ], [ 74.4211599, 31.4957444 ], [ 74.4209993, 31.4957463 ] ] ] } },
{ "type": "Feature", "properties": { "element": "way", "id": 542006092, "addr:city": "Lahore", "addr:housenumber": null, "addr:postcode": "54000", "addr:street": "Service Road", "building": "commercial", "building:levels": null, "landuse": "residential", "name": null, "operator": null, "residential": null, "description": null, "source": null, "phone": null, "ele": "1", "name:en": null, "name:ur": null, "official_name": null, "official_name:ur": null, "type": null }, "geometry": { "type": "Polygon", "coordinates": [ [ [ 74.4213088, 31.4958451 ], [ 74.4213658, 31.4958433 ], [ 74.4213617, 31.4957532 ], [ 74.4212753, 31.4957549 ], [ 74.4212763, 31.495813 ], [ 74.4213058, 31.495813 ], [ 74.4213088, 31.4958451 ] ] ] } },
{ "type": "Feature", "properties": { "element": "way", "id": 542006459, "addr:city": "Lahore", "addr:housenumber": null, "addr:postcode": "54000", "addr:street": "Service Road", "building": "residential", "building:levels": null, "landuse": "residential", "name": null, "operator": null, "residential": null, "description": null, "source": null, "phone": null, "ele": "1", "name:en": null, "name:ur": null, "official_name": null, "official_name:ur": null, "type": null }, "geometry": { "type": "Polygon", "coordinates": [ [ [ 74.4206825, 31.4963903 ], [ 74.4207391, 31.4964953 ], [ 74.4209973, 31.4963941 ], [ 74.4209591, 31.4963294 ], [ 74.4209023, 31.4962278 ], [ 74.4207543, 31.4962923 ], [ 74.420736, 31.4962619 ], [ 74.4206165, 31.4963138 ], [ 74.4206664, 31.4963973 ], [ 74.4206825, 31.4963903 ] ] ] } },
{ "type": "Feature", "properties": { "element": "way", "id": 542006539, "addr:city": "Lahore", "addr:housenumber": null, "addr:postcode": "54000", "addr:street": "Netsol Avenue", "building": "commercial", "building:levels": null, "landuse": "residential", "name": null, "operator": null, "residential": null, "description": null, "source": null, "phone": null, "ele": "1", "name:en": null, "name:ur": null, "official_name": null, "official_name:ur": null, "type": null }, "geometry": { "type": "Polygon", "coordinates": [ [ [ 74.4218497, 31.4957052 ], [ 74.4218401, 31.495666 ], [ 74.4219638, 31.4956439 ], [ 74.4219734, 31.4956831 ], [ 74.4218497, 31.4957052 ] ] ] } },
{ "type": "Feature", "properties": { "element": "way", "id": 542006584, "addr:city": "Lahore", "addr:housenumber": null, "addr:postcode": "54000", "addr:street": "Netsol Avenue", "building": "commercial", "building:levels": null, "landuse": "residential", "name": null, "operator": null, "residential": null, "description": null, "source": null, "phone": null, "ele": "1", "name:en": null, "name:ur": null, "official_name": null, "official_name:ur": null, "type": null }, "geometry": { "type": "Polygon", "coordinates": [ [ [ 74.4220963, 31.4955805 ], [ 74.4220273, 31.4955781 ], [ 74.4220305, 31.4955141 ], [ 74.4220995, 31.4955166 ], [ 74.4220963, 31.4955805 ] ] ] } },
{ "type": "Feature", "properties": { "element": "way", "id": 542006701, "addr:city": "Lahore", "addr:housenumber": null, "addr:postcode": "54000", "addr:street": "Netsol Avenue", "building": "residential", "building:levels": null, "landuse": "residential", "name": null, "operator": null, "residential": null, "description": null, "source": null, "phone": null, "ele": "1", "name:en": null, "name:ur": null, "official_name": null, "official_name:ur": null, "type": null }, "geometry": { "type": "Polygon", "coordinates": [ [ [ 74.4230154, 31.4965409 ], [ 74.4229914, 31.4964983 ], [ 74.4230453, 31.4963958 ], [ 74.423097, 31.4963746 ], [ 74.4231578, 31.4964826 ], [ 74.4230154, 31.4965409 ] ] ] } },
{ "type": "Feature", "properties": { "element": "way", "id": 542006769, "addr:city": "Lahore", "addr:housenumber": null, "addr:postcode": "54000", "addr:street": "Netsol Avenue", "building": "residential", "building:levels": null, "landuse": "residential", "name": null, "operator": null, "residential": null, "description": null, "source": null, "phone": null, "ele": "1", "name:en": null, "name:ur": null, "official_name": null, "official_name:ur": null, "type": null }, "geometry": { "type": "Polygon", "coordinates": [ [ [ 74.4230191, 31.4965807 ], [ 74.4230495, 31.4966332 ], [ 74.4231501, 31.4965908 ], [ 74.4231069, 31.4965163 ], [ 74.4230063, 31.4965587 ], [ 74.4230191, 31.4965807 ] ] ] } },
{ "type": "Feature", "properties": { "element": "way", "id": 542006778, "addr:city": "Lahore", "addr:housenumber": null, "addr:postcode": "54000", "addr:street": "Service Road", "building": "commercial", "building:levels": null, "landuse": "residential", "name": null, "operator": null, "residential": null, "description": null, "source": null, "phone": null, "ele": "1", "name:en": null, "name:ur": null, "official_name": null, "official_name:ur": null, "type": null }, "geometry": { "type": "Polygon", "coordinates": [ [ [ 74.4203294, 31.4956617 ], [ 74.420267, 31.4956908 ], [ 74.4203156, 31.4957664 ], [ 74.420441, 31.495708 ], [ 74.4203925, 31.4956323 ], [ 74.4203294, 31.4956617 ] ] ] } },
{ "type": "Feature", "properties": { "element": "way", "id": 542011459, "addr:city": "Lahore", "addr:housenumber": null, "addr:postcode": "54000", "addr:street": "Service Road", "building": "commercial", "building:levels": null, "landuse": "residential", "name": null, "operator": null, "residential": null, "description": null, "source": null, "phone": null, "ele": "1", "name:en": null, "name:ur": null, "official_name": null, "official_name:ur": null, "type": null }, "geometry": { "type": "Polygon", "coordinates": [ [ [ 74.4215603, 31.4957358 ], [ 74.421556, 31.4956773 ], [ 74.4216917, 31.4956701 ], [ 74.421696, 31.4957286 ], [ 74.4215603, 31.4957358 ] ] ] } },
{ "type": "Feature", "properties": { "element": "way", "id": 560590548, "addr:city": null, "addr:housenumber": null, "addr:postcode": null, "addr:street": null, "building": null, "building:levels": null, "landuse": "residential", "name": null, "operator": null, "residential": null, "description": null, "source": null, "phone": null, "ele": null, "name:en": null, "name:ur": null, "official_name": null, "official_name:ur": null, "type": null }, "geometry": { "type": "Polygon", "coordinates": [ [ [ 74.4941356, 31.4416518 ], [ 74.491153, 31.4366355 ], [ 74.4969027, 31.4356305 ], [ 74.4970063, 31.436315 ], [ 74.4987798, 31.4361951 ], [ 74.4988514, 31.4366177 ], [ 74.4995471, 31.4365836 ], [ 74.4996019, 31.4371962 ], [ 74.5001307, 31.4371912 ], [ 74.5002269, 31.4376332 ], [ 74.4996428, 31.4377181 ], [ 74.4995345, 31.437583 ], [ 74.4989483, 31.4375756 ], [ 74.4990946, 31.4389277 ], [ 74.4987216, 31.4389717 ], [ 74.4989122, 31.4403111 ], [ 74.4992935, 31.4403505 ], [ 74.4993166, 31.4407133 ], [ 74.4983768, 31.4404715 ], [ 74.4982842, 31.4406713 ], [ 74.4978773, 31.4408502 ], [ 74.4980494, 31.4410924 ], [ 74.4941356, 31.4416518 ] ] ] } },
{ "type": "Feature", "properties": { "element": "way", "id": 560590549, "addr:city": null, "addr:housenumber": null, "addr:postcode": null, "addr:street": null, "building": null, "building:levels": null, "landuse": "residential", "name": null, "operator": null, "residential": null, "description": null, "source": null, "phone": null, "ele": null, "name:en": null, "name:ur": null, "official_name": null, "official_name:ur": null, "type": null }, "geometry": { "type": "Polygon", "coordinates": [ [ [ 74.4953158, 31.4322231 ], [ 74.4933631, 31.4306852 ], [ 74.4934061, 31.4248627 ], [ 74.4990494, 31.4275725 ], [ 74.4992211, 31.4303373 ], [ 74.4953158, 31.4322231 ] ] ] } },
{ "type": "Feature", "properties": { "element": "way", "id": 560590552, "addr:city": null, "addr:housenumber": null, "addr:postcode": null, "addr:street": null, "building": null, "building:levels": null, "landuse": "residential", "name": null, "operator": null, "residential": null, "description": null, "source": null, "phone": null, "ele": null, "name:en": null, "name:ur": null, "official_name": null, "official_name:ur": null, "type": null }, "geometry": { "type": "Polygon", "coordinates": [ [ [ 74.5154216, 31.3913487 ], [ 74.5143917, 31.3880516 ], [ 74.5163228, 31.3873555 ], [ 74.5184686, 31.3901032 ], [ 74.5154216, 31.3913487 ] ] ] } },
{ "type": "Feature", "properties": { "element": "way", "id": 560590553, "addr:city": null, "addr:housenumber": null, "addr:postcode": null, "addr:street": null, "building": null, "building:levels": null, "landuse": "residential", "name": null, "operator": null, "residential": null, "description": null, "source": null, "phone": null, "ele": null, "name:en": null, "name:ur": null, "official_name": null, "official_name:ur": null, "type": null }, "geometry": { "type": "Polygon", "coordinates": [ [ [ 74.5706162, 31.3938168 ], [ 74.5701367, 31.3935936 ], [ 74.5696056, 31.3942118 ], [ 74.5692301, 31.3940332 ], [ 74.5700347, 31.3929251 ], [ 74.5699114, 31.3927969 ], [ 74.5698094, 31.3922657 ], [ 74.5694876, 31.3920505 ], [ 74.569627, 31.3919085 ], [ 74.5692676, 31.39162 ], [ 74.5688868, 31.3917986 ], [ 74.5688009, 31.3916429 ], [ 74.5688063, 31.3915422 ], [ 74.5681861, 31.3915273 ], [ 74.5681089, 31.390837 ], [ 74.5678997, 31.390608 ], [ 74.5668181, 31.390648 ], [ 74.5668, 31.3900356 ], [ 74.5676261, 31.3900081 ], [ 74.5675886, 31.3896738 ], [ 74.5674062, 31.3892754 ], [ 74.5673525, 31.3888908 ], [ 74.568052, 31.3888393 ], [ 74.5682645, 31.388877 ], [ 74.5685005, 31.3888496 ], [ 74.5685488, 31.3889869 ], [ 74.5687795, 31.3889732 ], [ 74.5690638, 31.388877 ], [ 74.5691496, 31.3889183 ], [ 74.5693481, 31.3888908 ], [ 74.5696914, 31.3887763 ], [ 74.5698094, 31.3887168 ], [ 74.5700401, 31.3889183 ], [ 74.5702439, 31.3888312 ], [ 74.5701045, 31.3885656 ], [ 74.5702708, 31.3884924 ], [ 74.5703405, 31.3885931 ], [ 74.5708609, 31.3883962 ], [ 74.5709467, 31.388355 ], [ 74.5708823, 31.388181 ], [ 74.5709809, 31.3881432 ], [ 74.5708984, 31.3878604 ], [ 74.571982, 31.3877551 ], [ 74.5726043, 31.3876589 ], [ 74.573071, 31.3875811 ], [ 74.5735109, 31.3874941 ], [ 74.5738435, 31.3875078 ], [ 74.5741512, 31.3876029 ], [ 74.5742941, 31.387691 ], [ 74.5744497, 31.38792 ], [ 74.574675, 31.3886114 ], [ 74.5748252, 31.3890694 ], [ 74.5748969, 31.3895674 ], [ 74.5748895, 31.3899257 ], [ 74.5744657, 31.3906996 ], [ 74.5743316, 31.3910293 ], [ 74.5741814, 31.3913361 ], [ 74.5744604, 31.3914277 ], [ 74.5744711, 31.3915742 ], [ 74.5743209, 31.3916338 ], [ 74.5740044, 31.3916475 ], [ 74.5738241, 31.3918433 ], [ 74.573468, 31.3920459 ], [ 74.5730442, 31.392371 ], [ 74.5728993, 31.3925221 ], [ 74.572615, 31.3928885 ], [ 74.5723522, 31.3929022 ], [ 74.5719874, 31.3928747 ], [ 74.5708072, 31.3936303 ], [ 74.5706162, 31.3938168 ] ] ] } },
{ "type": "Feature", "properties": { "element": "way", "id": 560590594, "addr:city": null, "addr:housenumber": null, "addr:postcode": null, "addr:street": null, "building": null, "building:levels": null, "landuse": "residential", "name": null, "operator": null, "residential": null, "description": null, "source": null, "phone": null, "ele": null, "name:en": null, "name:ur": null, "official_name": null, "official_name:ur": null, "type": null }, "geometry": { "type": "Polygon", "coordinates": [ [ [ 74.6390834, 31.4319113 ], [ 74.6380782, 31.4310778 ], [ 74.6376111, 31.4289639 ], [ 74.6391966, 31.4288672 ], [ 74.6394231, 31.4306067 ], [ 74.6390834, 31.4319113 ] ] ] } },
{ "type": "Feature", "properties": { "element": "way", "id": 560590627, "addr:city": null, "addr:housenumber": null, "addr:postcode": null, "addr:street": null, "building": null, "building:levels": null, "landuse": "residential", "name": null, "operator": null, "residential": null, "description": null, "source": null, "phone": null, "ele": null, "name:en": null, "name:ur": null, "official_name": null, "official_name:ur": null, "type": null }, "geometry": { "type": "Polygon", "coordinates": [ [ [ 74.6161115, 31.4289702 ], [ 74.6153751, 31.4278552 ], [ 74.6166773, 31.4272291 ], [ 74.6174137, 31.4283441 ], [ 74.6161115, 31.4289702 ] ] ] } },
{ "type": "Feature", "properties": { "element": "way", "id": 560590632, "addr:city": null, "addr:housenumber": null, "addr:postcode": null, "addr:street": null, "building": null, "building:levels": null, "landuse": "residential", "name": null, "operator": null, "residential": null, "description": null, "source": null, "phone": null, "ele": null, "name:en": null, "name:ur": null, "official_name": null, "official_name:ur": null, "type": null }, "geometry": { "type": "Polygon", "coordinates": [ [ [ 74.5784436, 31.3988657 ], [ 74.5774947, 31.3973088 ], [ 74.5776399, 31.3972511 ], [ 74.5785792, 31.3968775 ], [ 74.5791338, 31.3975823 ], [ 74.5785371, 31.3986918 ], [ 74.5784436, 31.3988657 ] ] ] } },
{ "type": "Feature", "properties": { "element": "way", "id": 583042705, "addr:city": null, "addr:housenumber": null, "addr:postcode": null, "addr:street": null, "building": null, "building:levels": null, "landuse": "residential", "name": null, "operator": null, "residential": null, "description": null, "source": null, "phone": null, "ele": null, "name:en": null, "name:ur": null, "official_name": null, "official_name:ur": null, "type": null }, "geometry": { "type": "Polygon", "coordinates": [ [ [ 74.2144605, 31.2438596 ], [ 74.2173588, 31.2459296 ], [ 74.2180126, 31.2464055 ], [ 74.2188786, 31.2472818 ], [ 74.219297, 31.246449 ], [ 74.2190761, 31.2456331 ], [ 74.2192263, 31.2451043 ], [ 74.2220441, 31.2433837 ], [ 74.2218397, 31.2415334 ], [ 74.225817, 31.2396053 ], [ 74.2259632, 31.2417623 ], [ 74.2263573, 31.2416955 ], [ 74.2272352, 31.2416201 ], [ 74.2281806, 31.2419288 ], [ 74.2278454, 31.242715 ], [ 74.2283697, 31.2429796 ], [ 74.2283267, 31.2431057 ], [ 74.2282459, 31.2432041 ], [ 74.2281591, 31.2432819 ], [ 74.2280471, 31.2435644 ], [ 74.2292544, 31.2440023 ], [ 74.2296148, 31.2434379 ], [ 74.2301638, 31.2434113 ], [ 74.2303679, 31.2447688 ], [ 74.2292807, 31.2448239 ], [ 74.2281032, 31.2452134 ], [ 74.2275102, 31.2458526 ], [ 74.2269945, 31.2460143 ], [ 74.2267883, 31.2458673 ], [ 74.2263242, 31.2461318 ], [ 74.225585, 31.2461318 ], [ 74.2245537, 31.2470283 ], [ 74.2248803, 31.2478365 ], [ 74.2246912, 31.2481011 ], [ 74.2255506, 31.2488799 ], [ 74.2250694, 31.2495412 ], [ 74.2240896, 31.2489828 ], [ 74.2229207, 31.2497616 ], [ 74.2232989, 31.2501143 ], [ 74.2239349, 31.2503641 ], [ 74.2250522, 31.2504964 ], [ 74.2257054, 31.2511724 ], [ 74.2253272, 31.2513487 ], [ 74.2255163, 31.2519659 ], [ 74.2256022, 31.2521422 ], [ 74.2261866, 31.2519218 ], [ 74.2264617, 31.2529504 ], [ 74.2257225, 31.2530827 ], [ 74.2252928, 31.25273 ], [ 74.2239177, 31.2533031 ], [ 74.2258772, 31.2568004 ], [ 74.2279056, 31.2555808 ], [ 74.2275102, 31.2549048 ], [ 74.2279399, 31.254802 ], [ 74.2289197, 31.2552575 ], [ 74.229676, 31.254655 ], [ 74.2302948, 31.2545228 ], [ 74.2300886, 31.2538909 ], [ 74.2311371, 31.2536411 ], [ 74.2313606, 31.254317 ], [ 74.2303808, 31.2548754 ], [ 74.2311027, 31.2556836 ], [ 74.2294354, 31.2570355 ], [ 74.2289369, 31.2568004 ], [ 74.2275274, 31.257829 ], [ 74.2278024, 31.258549 ], [ 74.2270289, 31.2592102 ], [ 74.2264273, 31.2592396 ], [ 74.2265476, 31.2598126 ], [ 74.2270289, 31.2597538 ], [ 74.2271492, 31.2601653 ], [ 74.2261007, 31.2614142 ], [ 74.2278368, 31.2637651 ], [ 74.2291604, 31.2643381 ], [ 74.2299167, 31.2657927 ], [ 74.2273899, 31.2675411 ], [ 74.2251381, 31.2681142 ], [ 74.2238489, 31.2677175 ], [ 74.2211674, 31.2674677 ], [ 74.2207377, 31.2670416 ], [ 74.2199642, 31.2673501 ], [ 74.219397, 31.2662335 ], [ 74.2198439, 31.2656311 ], [ 74.2195001, 31.2641324 ], [ 74.2182969, 31.262575 ], [ 74.2164232, 31.260224 ], [ 74.2154263, 31.2610322 ], [ 74.2143605, 31.2604591 ], [ 74.2137761, 31.2589898 ], [ 74.2152716, 31.2588281 ], [ 74.2136128, 31.2561244 ], [ 74.2147645, 31.2558012 ], [ 74.2147387, 31.2554044 ], [ 74.2152372, 31.254802 ], [ 74.2150653, 31.2545228 ], [ 74.2139566, 31.2546771 ], [ 74.2141113, 31.2550775 ], [ 74.2128651, 31.2553236 ], [ 74.21204, 31.2545301 ], [ 74.2112493, 31.2533178 ], [ 74.210579, 31.2540452 ], [ 74.2084776, 31.2532517 ], [ 74.2070895, 31.2534207 ], [ 74.2068475, 31.2515512 ], [ 74.2082521, 31.2514174 ], [ 74.208333, 31.2515921 ], [ 74.2092844, 31.2515269 ], [ 74.2094681, 31.2510732 ], [ 74.2086838, 31.2506507 ], [ 74.2091437, 31.2497176 ], [ 74.2087462, 31.2493961 ], [ 74.2080994, 31.2496477 ], [ 74.2077169, 31.249137 ], [ 74.2069864, 31.2493355 ], [ 74.2066426, 31.2477484 ], [ 74.2061957, 31.2474398 ], [ 74.2038236, 31.2478512 ], [ 74.2036174, 31.2474104 ], [ 74.2022079, 31.2476602 ], [ 74.2022422, 31.248248 ], [ 74.201314, 31.2483656 ], [ 74.2011249, 31.2480276 ], [ 74.2004546, 31.2481745 ], [ 74.2001624, 31.2474251 ], [ 74.2021735, 31.2465874 ], [ 74.2018469, 31.2458232 ], [ 74.2024657, 31.245353 ], [ 74.2024829, 31.2449268 ], [ 74.2015547, 31.2440597 ], [ 74.2011249, 31.2438246 ], [ 74.2015547, 31.2425901 ], [ 74.2018985, 31.2424578 ], [ 74.2019844, 31.2406355 ], [ 74.202861, 31.2399741 ], [ 74.202861, 31.238475 ], [ 74.20458, 31.238475 ], [ 74.2048378, 31.2390923 ], [ 74.2060066, 31.2391364 ], [ 74.2066426, 31.2404444 ], [ 74.2064536, 31.2410617 ], [ 74.2062989, 31.2415761 ], [ 74.2065911, 31.2416054 ], [ 74.206952, 31.2411352 ], [ 74.2083959, 31.2402093 ], [ 74.2084819, 31.2393128 ], [ 74.2089804, 31.2393422 ], [ 74.2095304, 31.2387984 ], [ 74.2097023, 31.2386514 ], [ 74.2090491, 31.2372699 ], [ 74.2088772, 31.2362558 ], [ 74.2082928, 31.2368143 ], [ 74.2071411, 31.2386367 ], [ 74.2056535, 31.2376906 ], [ 74.2036517, 31.2364174 ], [ 74.2055597, 31.2352564 ], [ 74.2059723, 31.2347566 ], [ 74.2048034, 31.2344774 ], [ 74.2046423, 31.2341167 ], [ 74.2044424, 31.233669 ], [ 74.2057488, 31.2335367 ], [ 74.2058691, 31.2331252 ], [ 74.2046659, 31.2320229 ], [ 74.204494, 31.2311704 ], [ 74.2056285, 31.230847 ], [ 74.206041, 31.2314349 ], [ 74.2072443, 31.2313468 ], [ 74.2073646, 31.2317877 ], [ 74.2085678, 31.2317877 ], [ 74.2086538, 31.2322433 ], [ 74.2098914, 31.2321551 ], [ 74.2100461, 31.2313321 ], [ 74.210768, 31.2313615 ], [ 74.2107701, 31.231416 ], [ 74.2108196, 31.2327137 ], [ 74.2117478, 31.2327431 ], [ 74.2124869, 31.2309793 ], [ 74.2135011, 31.2311263 ], [ 74.2131229, 31.2320082 ], [ 74.2127448, 31.23192 ], [ 74.2123666, 31.2330076 ], [ 74.212951, 31.2334633 ], [ 74.2142746, 31.2336543 ], [ 74.2142746, 31.2353445 ], [ 74.2134495, 31.2354621 ], [ 74.2135183, 31.2359471 ], [ 74.2151341, 31.2358002 ], [ 74.2150997, 31.2362852 ], [ 74.2159935, 31.2361823 ], [ 74.2162857, 31.2376079 ], [ 74.214309, 31.238431 ], [ 74.2153747, 31.2406649 ], [ 74.216217, 31.2404297 ], [ 74.2156497, 31.2391217 ], [ 74.2176952, 31.2386367 ], [ 74.218761, 31.2395626 ], [ 74.2205314, 31.2388278 ], [ 74.2205142, 31.2383281 ], [ 74.2188125, 31.2383281 ], [ 74.2186922, 31.2378578 ], [ 74.2194657, 31.2374022 ], [ 74.2192423, 31.2361235 ], [ 74.22158, 31.2359177 ], [ 74.2216831, 31.2364028 ], [ 74.2226457, 31.2363293 ], [ 74.2230067, 31.2372552 ], [ 74.2243818, 31.2378872 ], [ 74.2246052, 31.2378284 ], [ 74.2247084, 31.23702 ], [ 74.225671, 31.2369612 ], [ 74.2258047, 31.2379431 ], [ 74.2259632, 31.239107 ], [ 74.2225339, 31.2406457 ], [ 74.2221294, 31.2405814 ], [ 74.2206002, 31.2405032 ], [ 74.217128, 31.2420316 ], [ 74.2170936, 31.2422815 ], [ 74.2165264, 31.2425901 ], [ 74.2162857, 31.2424578 ], [ 74.2158216, 31.2426783 ], [ 74.2158732, 31.2429281 ], [ 74.2155294, 31.2431192 ], [ 74.2152716, 31.2430016 ], [ 74.2144605, 31.2438596 ] ] ] } },
{ "type": "Feature", "properties": { "element": "way", "id": 583042707, "addr:city": null, "addr:housenumber": null, "addr:postcode": null, "addr:street": null, "building": null, "building:levels": null, "landuse": "residential", "name": null, "operator": null, "residential": null, "description": null, "source": null, "phone": null, "ele": null, "name:en": null, "name:ur": null, "official_name": null, "official_name:ur": null, "type": null }, "geometry": { "type": "Polygon", "coordinates": [ [ [ 74.204494, 31.2311704 ], [ 74.2037969, 31.2307085 ], [ 74.2034704, 31.2295914 ], [ 74.2030922, 31.2291946 ], [ 74.2014936, 31.2295473 ], [ 74.2010639, 31.2300765 ], [ 74.1988637, 31.2310612 ], [ 74.1978839, 31.2305909 ], [ 74.1978323, 31.2281657 ], [ 74.1996028, 31.2281804 ], [ 74.1997403, 31.2290476 ], [ 74.2002216, 31.2297237 ], [ 74.2010983, 31.229077 ], [ 74.2010639, 31.2284008 ], [ 74.2013905, 31.2280481 ], [ 74.2013389, 31.2269898 ], [ 74.2012358, 31.2266958 ], [ 74.1997919, 31.2268869 ], [ 74.1992075, 31.22649 ], [ 74.1991387, 31.2259462 ], [ 74.1993075, 31.2259248 ], [ 74.1996028, 31.2258874 ], [ 74.1996544, 31.2254317 ], [ 74.1996744, 31.2254292 ], [ 74.2009436, 31.22527 ], [ 74.2016827, 31.2253729 ], [ 74.2018718, 31.2257551 ], [ 74.2024562, 31.2255934 ], [ 74.2024562, 31.22527 ], [ 74.2033844, 31.2249025 ], [ 74.2042267, 31.2257698 ], [ 74.2056706, 31.2256081 ], [ 74.2058768, 31.2251083 ], [ 74.2057049, 31.2233885 ], [ 74.2063581, 31.2232856 ], [ 74.2072004, 31.2238148 ], [ 74.2065816, 31.2250642 ], [ 74.2074582, 31.2257404 ], [ 74.207441, 31.2267399 ], [ 74.2066503, 31.2271368 ], [ 74.2062722, 31.2276365 ], [ 74.2067019, 31.2277835 ], [ 74.2067191, 31.2284008 ], [ 74.2054299, 31.2287095 ], [ 74.2054643, 31.2297678 ], [ 74.2060143, 31.2298707 ], [ 74.2059971, 31.2304586 ], [ 74.205732, 31.2307379 ], [ 74.2056285, 31.230847 ], [ 74.204494, 31.2311704 ] ] ] } },
{ "type": "Feature", "properties": { "element": "way", "id": 583042708, "addr:city": null, "addr:housenumber": null, "addr:postcode": null, "addr:street": null, "building": null, "building:levels": null, "landuse": "residential", "name": null, "operator": null, "residential": null, "description": null, "source": null, "phone": null, "ele": null, "name:en": null, "name:ur": null, "official_name": null, "official_name:ur": null, "type": null }, "geometry": { "type": "Polygon", "coordinates": [ [ [ 74.2388524, 31.2560529 ], [ 74.2397862, 31.2557058 ], [ 74.2415117, 31.2552025 ], [ 74.2409636, 31.2540051 ], [ 74.2396847, 31.2539357 ], [ 74.2393802, 31.2534671 ], [ 74.2380607, 31.2537101 ], [ 74.2373299, 31.2542307 ], [ 74.2364366, 31.2551678 ], [ 74.2348126, 31.2554281 ], [ 74.23396, 31.2550984 ], [ 74.2333713, 31.255914 ], [ 74.2333104, 31.2570073 ], [ 74.2351171, 31.2574412 ], [ 74.2351577, 31.2579791 ], [ 74.2367817, 31.2589683 ], [ 74.2366599, 31.2592806 ], [ 74.235787, 31.2591071 ], [ 74.235178, 31.2602697 ], [ 74.2363148, 31.2611374 ], [ 74.2372893, 31.261068 ], [ 74.2373705, 31.2617794 ], [ 74.2387306, 31.261415 ], [ 74.2394005, 31.2626124 ], [ 74.2404764, 31.2624041 ], [ 74.2404561, 31.26171 ], [ 74.2398268, 31.2614844 ], [ 74.2390148, 31.2607209 ], [ 74.2384058, 31.2578229 ], [ 74.2392787, 31.2579618 ], [ 74.24072, 31.2604086 ], [ 74.241532, 31.2606515 ], [ 74.2414508, 31.2615018 ], [ 74.2425064, 31.2613456 ], [ 74.2425673, 31.2598533 ], [ 74.2429124, 31.2600268 ], [ 74.2430342, 31.2595236 ], [ 74.2421917, 31.2582226 ], [ 74.2396663, 31.2577678 ], [ 74.2393396, 31.2571635 ], [ 74.2388524, 31.2560529 ] ] ] } },
{ "type": "Feature", "properties": { "element": "way", "id": 587928235, "addr:city": null, "addr:housenumber": null, "addr:postcode": null, "addr:street": null, "building": null, "building:levels": null, "landuse": "residential", "name": null, "operator": null, "residential": null, "description": null, "source": null, "phone": null, "ele": null, "name:en": null, "name:ur": null, "official_name": null, "official_name:ur": null, "type": null }, "geometry": { "type": "Polygon", "coordinates": [ [ [ 74.3562439, 31.3868526 ], [ 74.3564359, 31.3870433 ], [ 74.357121, 31.3877261 ], [ 74.3571857, 31.3886723 ], [ 74.3572079, 31.3889956 ], [ 74.3572319, 31.389346 ], [ 74.3570744, 31.389904 ], [ 74.3577158, 31.390417 ], [ 74.3583138, 31.3908658 ], [ 74.3586599, 31.391101 ], [ 74.3594804, 31.3915483 ], [ 74.3599293, 31.3917451 ], [ 74.3604381, 31.3916306 ], [ 74.3621608, 31.3915094 ], [ 74.3629875, 31.3919417 ], [ 74.3631848, 31.3919929 ], [ 74.3639344, 31.3919968 ], [ 74.3640945, 31.3920327 ], [ 74.3642548, 31.3920974 ], [ 74.3643858, 31.3922053 ], [ 74.3646246, 31.3924425 ], [ 74.3647767, 31.3925351 ], [ 74.3649951, 31.3926014 ], [ 74.3665482, 31.3926182 ], [ 74.366668, 31.3926195 ], [ 74.367568, 31.392358 ], [ 74.3675761, 31.391891 ], [ 74.3678189, 31.3918634 ], [ 74.3677919, 31.3913484 ], [ 74.3676516, 31.391341 ], [ 74.367619, 31.3903723 ], [ 74.3678908, 31.3903522 ], [ 74.3678906, 31.3899038 ], [ 74.3684633, 31.3898656 ], [ 74.3684125, 31.3883545 ], [ 74.3680661, 31.388369 ], [ 74.3680982, 31.3895787 ], [ 74.3675621, 31.3896095 ], [ 74.3674781, 31.3888877 ], [ 74.3661979, 31.3889514 ], [ 74.3661944, 31.3887117 ], [ 74.3655687, 31.3886817 ], [ 74.365546, 31.3882679 ], [ 74.3661151, 31.3882121 ], [ 74.3661519, 31.3879727 ], [ 74.3649146, 31.3879025 ], [ 74.3648012, 31.3865433 ], [ 74.3653816, 31.3865435 ], [ 74.3687393, 31.3845976 ], [ 74.3704135, 31.3842317 ], [ 74.3704805, 31.3826195 ], [ 74.3722617, 31.3814876 ], [ 74.3734514, 31.3812667 ], [ 74.3743667, 31.3812203 ], [ 74.3744829, 31.3812398 ], [ 74.3745654, 31.3817848 ], [ 74.3746716, 31.3820964 ], [ 74.3748518, 31.3821028 ], [ 74.3750001, 31.3816277 ], [ 74.3751885, 31.3816023 ], [ 74.3753094, 31.3812202 ], [ 74.3760194, 31.381287 ], [ 74.3771028, 31.3812208 ], [ 74.3770422, 31.3809843 ], [ 74.3781279, 31.3811013 ], [ 74.3781291, 31.3813352 ], [ 74.3792879, 31.3814961 ], [ 74.3793769, 31.3811937 ], [ 74.3796502, 31.381198 ], [ 74.3802352, 31.3815072 ], [ 74.3805324, 31.3815302 ], [ 74.3810219, 31.381745 ], [ 74.3812199, 31.3815176 ], [ 74.3816785, 31.3816032 ], [ 74.3815956, 31.3820479 ], [ 74.3832671, 31.3825119 ], [ 74.3832535, 31.3826291 ], [ 74.3841456, 31.3828388 ], [ 74.38399, 31.3832216 ], [ 74.3844148, 31.3839146 ], [ 74.3850307, 31.3836447 ], [ 74.3853598, 31.3835641 ], [ 74.3855952, 31.38453 ], [ 74.3860102, 31.3845023 ], [ 74.3858283, 31.3837814 ], [ 74.3866859, 31.3840434 ], [ 74.3868316, 31.3833103 ], [ 74.3873574, 31.3833667 ], [ 74.3877124, 31.3816485 ], [ 74.386142, 31.3813806 ], [ 74.386319, 31.380783 ], [ 74.3872641, 31.3809132 ], [ 74.3873508, 31.3807547 ], [ 74.3880843, 31.3808446 ], [ 74.3882812, 31.380237 ], [ 74.3898093, 31.3800456 ], [ 74.3899672, 31.3805958 ], [ 74.3893622, 31.3806855 ], [ 74.3895454, 31.3815516 ], [ 74.390132, 31.3814505 ], [ 74.3901569, 31.3815209 ], [ 74.3902465, 31.3817743 ], [ 74.3902946, 31.3819102 ], [ 74.3914312, 31.3817653 ], [ 74.3915193, 31.3822434 ], [ 74.3922611, 31.3821713 ], [ 74.3924826, 31.383126 ], [ 74.3936581, 31.3829176 ], [ 74.3934606, 31.3820633 ], [ 74.3948216, 31.3817462 ], [ 74.3946661, 31.3813165 ], [ 74.394084, 31.3813249 ], [ 74.3936342, 31.3793676 ], [ 74.394576, 31.3790608 ], [ 74.3950052, 31.3773663 ], [ 74.3949029, 31.3772968 ], [ 74.3947351, 31.3772153 ], [ 74.3943436, 31.3770842 ], [ 74.3937724, 31.3770622 ], [ 74.393156, 31.3771195 ], [ 74.3924695, 31.3772601 ], [ 74.3914281, 31.3771376 ], [ 74.3900458, 31.3768178 ], [ 74.3895648, 31.3767073 ], [ 74.3894247, 31.3763214 ], [ 74.38942, 31.3749895 ], [ 74.3883692, 31.3749282 ], [ 74.3883913, 31.3738567 ], [ 74.3874266, 31.3739596 ], [ 74.3873915, 31.3746428 ], [ 74.3875772, 31.3749844 ], [ 74.3879384, 31.3751066 ], [ 74.3880376, 31.3752926 ], [ 74.3876319, 31.3754551 ], [ 74.3876242, 31.3757099 ], [ 74.3871488, 31.3757054 ], [ 74.3872526, 31.3762793 ], [ 74.3877517, 31.3764066 ], [ 74.3877085, 31.3769006 ], [ 74.3883536, 31.3769116 ], [ 74.3882778, 31.3773545 ], [ 74.3879878, 31.3776939 ], [ 74.3876558, 31.3777387 ], [ 74.3873353, 31.3786218 ], [ 74.3865002, 31.3782582 ], [ 74.3857656, 31.3776737 ], [ 74.3859511, 31.377562 ], [ 74.3858162, 31.376326 ], [ 74.38612, 31.3762599 ], [ 74.3860415, 31.3755344 ], [ 74.385089, 31.3753608 ], [ 74.3846615, 31.375031 ], [ 74.3840982, 31.374991 ], [ 74.3839872, 31.3752765 ], [ 74.3834033, 31.3749264 ], [ 74.3834853, 31.3747513 ], [ 74.3840548, 31.3744208 ], [ 74.3838272, 31.3740726 ], [ 74.3841851, 31.3735995 ], [ 74.3838518, 31.3732548 ], [ 74.382929, 31.3722008 ], [ 74.382744, 31.3716529 ], [ 74.3800548, 31.377478 ], [ 74.3789157, 31.3775572 ], [ 74.378856, 31.3781682 ], [ 74.3778784, 31.3790421 ], [ 74.3759445, 31.3791502 ], [ 74.3736948, 31.3794866 ], [ 74.3735341, 31.378366 ], [ 74.3723153, 31.3783546 ], [ 74.3722216, 31.3776914 ], [ 74.3692215, 31.3776228 ], [ 74.3689536, 31.3764794 ], [ 74.3702796, 31.376445 ], [ 74.3700117, 31.3749242 ], [ 74.3690072, 31.3749814 ], [ 74.3686054, 31.3745355 ], [ 74.3691813, 31.3743639 ], [ 74.3699179, 31.3736321 ], [ 74.3695697, 31.373289 ], [ 74.3701747, 31.372831 ], [ 74.3712305, 31.3721341 ], [ 74.3746189, 31.3706933 ], [ 74.3754225, 31.3708991 ], [ 74.3754135, 31.3709661 ], [ 74.3752484, 31.3721913 ], [ 74.3755029, 31.3734606 ], [ 74.3775386, 31.3732319 ], [ 74.3785431, 31.3719283 ], [ 74.377552, 31.3703731 ], [ 74.3787306, 31.3703388 ], [ 74.3801503, 31.3707047 ], [ 74.3805521, 31.3713794 ], [ 74.3815834, 31.3709677 ], [ 74.3824673, 31.3713222 ], [ 74.3830432, 31.3706247 ], [ 74.3836861, 31.3709792 ], [ 74.3840343, 31.3720655 ], [ 74.3851593, 31.3715052 ], [ 74.3858826, 31.3707619 ], [ 74.3852129, 31.3701329 ], [ 74.3850522, 31.3683833 ], [ 74.3841013, 31.3683948 ], [ 74.3840745, 31.3681432 ], [ 74.3845968, 31.3677086 ], [ 74.3842352, 31.3672969 ], [ 74.3835655, 31.3675142 ], [ 74.3833245, 31.3670682 ], [ 74.382243, 31.3669528 ], [ 74.3817173, 31.3668967 ], [ 74.3815834, 31.3664278 ], [ 74.3779136, 31.3668967 ], [ 74.3780074, 31.3684176 ], [ 74.3775654, 31.3687378 ], [ 74.3768958, 31.3686006 ], [ 74.3770163, 31.3676171 ], [ 74.3766145, 31.3675256 ], [ 74.3766145, 31.3673655 ], [ 74.3772708, 31.3672169 ], [ 74.3779136, 31.3650326 ], [ 74.3763466, 31.364781 ], [ 74.3765342, 31.3641635 ], [ 74.3750877, 31.3639005 ], [ 74.3748734, 31.3648725 ], [ 74.3742305, 31.3647353 ], [ 74.3745386, 31.3634659 ], [ 74.3733198, 31.362551 ], [ 74.3720475, 31.3622651 ], [ 74.3722082, 31.3617848 ], [ 74.3729716, 31.361739 ], [ 74.373293, 31.3605268 ], [ 74.3716457, 31.3597376 ], [ 74.3714849, 31.3589142 ], [ 74.3712037, 31.3586397 ], [ 74.3718332, 31.357313 ], [ 74.3701188, 31.3566954 ], [ 74.3688331, 31.3593488 ], [ 74.3672393, 31.3592573 ], [ 74.3657795, 31.3597948 ], [ 74.3654714, 31.3607212 ], [ 74.3660339, 31.3609842 ], [ 74.3665161, 31.360664 ], [ 74.3669982, 31.3608927 ], [ 74.3663688, 31.3622193 ], [ 74.3650964, 31.3621507 ], [ 74.3635562, 31.3626196 ], [ 74.3634491, 31.3633058 ], [ 74.36665, 31.3641063 ], [ 74.3665027, 31.3646095 ], [ 74.365458, 31.3668166 ], [ 74.364333, 31.3674342 ], [ 74.3634625, 31.3681546 ], [ 74.3606365, 31.3682461 ], [ 74.3607972, 31.3692639 ], [ 74.3602347, 31.3693896 ], [ 74.3600204, 31.3699042 ], [ 74.358949, 31.3692524 ], [ 74.357248, 31.3693668 ], [ 74.3571677, 31.3697556 ], [ 74.3562971, 31.3697327 ], [ 74.3562302, 31.3686921 ], [ 74.3479368, 31.3701244 ], [ 74.3479288, 31.3704599 ], [ 74.3484414, 31.3704088 ], [ 74.3485234, 31.3723198 ], [ 74.3491752, 31.3723097 ], [ 74.3492267, 31.3728034 ], [ 74.34985, 31.3728048 ], [ 74.3499095, 31.3732659 ], [ 74.3511669, 31.3731884 ], [ 74.3511773, 31.3742552 ], [ 74.3500434, 31.37432 ], [ 74.3500362, 31.3744498 ], [ 74.3494038, 31.3744871 ], [ 74.3493423, 31.3740202 ], [ 74.3486501, 31.3739889 ], [ 74.3486155, 31.3733016 ], [ 74.3476682, 31.3733569 ], [ 74.3472616, 31.3729001 ], [ 74.3471516, 31.3724123 ], [ 74.3472937, 31.3722993 ], [ 74.347198, 31.3710702 ], [ 74.3453069, 31.372062 ], [ 74.3453428, 31.3724403 ], [ 74.3463008, 31.3724099 ], [ 74.3463346, 31.3728938 ], [ 74.3460037, 31.3729481 ], [ 74.3460682, 31.3738602 ], [ 74.3454417, 31.3739254 ], [ 74.3455202, 31.3754273 ], [ 74.3473539, 31.3754435 ], [ 74.3474454, 31.3763746 ], [ 74.3460172, 31.3764498 ], [ 74.3460287, 31.3768199 ], [ 74.346275, 31.3768739 ], [ 74.3475646, 31.3767977 ], [ 74.3488037, 31.3767439 ], [ 74.3488467, 31.3775885 ], [ 74.3501911, 31.3773483 ], [ 74.3502083, 31.3777683 ], [ 74.3502496, 31.3786521 ], [ 74.3506598, 31.3786408 ], [ 74.3506116, 31.3781597 ], [ 74.3514555, 31.3781291 ], [ 74.3514761, 31.3786262 ], [ 74.3521315, 31.3785972 ], [ 74.3527628, 31.3785692 ], [ 74.3527916, 31.3790715 ], [ 74.3521716, 31.3790969 ], [ 74.352212, 31.3800583 ], [ 74.3522994, 31.3800528 ], [ 74.3523098, 31.3805696 ], [ 74.3521557, 31.380575 ], [ 74.3521907, 31.3810767 ], [ 74.3517564, 31.3811033 ], [ 74.3522618, 31.3814789 ], [ 74.3523961, 31.381352 ], [ 74.3532888, 31.3813813 ], [ 74.3533313, 31.3820207 ], [ 74.3542176, 31.3820059 ], [ 74.3542598, 31.3824487 ], [ 74.3534815, 31.3824295 ], [ 74.3552715, 31.3838753 ], [ 74.3558926, 31.383719 ], [ 74.3564006, 31.3837635 ], [ 74.3567441, 31.3840823 ], [ 74.3568813, 31.3839831 ], [ 74.3569372, 31.3843004 ], [ 74.3569321, 31.3845753 ], [ 74.3569176, 31.3848007 ], [ 74.356338, 31.3849359 ], [ 74.3560271, 31.3851935 ], [ 74.3560332, 31.3853747 ], [ 74.3556959, 31.38539 ], [ 74.3556962, 31.3854485 ], [ 74.3548535, 31.3854678 ], [ 74.3554507, 31.3860816 ], [ 74.3562439, 31.3868526 ] ] ] } },
{ "type": "Feature", "properties": { "element": "way", "id": 594726697, "addr:city": null, "addr:housenumber": null, "addr:postcode": null, "addr:street": null, "building": null, "building:levels": null, "landuse": "residential", "name": "Aashiana-e-Quaid Housing Scheme", "operator": null, "residential": null, "description": null, "source": null, "phone": null, "ele": null, "name:en": null, "name:ur": null, "official_name": null, "official_name:ur": null, "type": null }, "geometry": { "type": "Polygon", "coordinates": [ [ [ 74.3880037, 31.4269805 ], [ 74.3894452, 31.4266244 ], [ 74.3892607, 31.4260805 ], [ 74.3888441, 31.4261698 ], [ 74.3886783, 31.4256001 ], [ 74.3866881, 31.4260988 ], [ 74.3858166, 31.4235306 ], [ 74.3853477, 31.4236465 ], [ 74.3854569, 31.4239683 ], [ 74.3842069, 31.4242772 ], [ 74.3839901, 31.4239815 ], [ 74.3836631, 31.4240439 ], [ 74.3836213, 31.4239125 ], [ 74.3814439, 31.4244307 ], [ 74.3817121, 31.4252513 ], [ 74.3814591, 31.4253115 ], [ 74.3822028, 31.4275874 ], [ 74.3824124, 31.4275375 ], [ 74.3825663, 31.4280083 ], [ 74.3829434, 31.4279186 ], [ 74.3834582, 31.4292256 ], [ 74.3860758, 31.4285317 ], [ 74.3863419, 31.4285912 ], [ 74.3869438, 31.4284614 ], [ 74.3870325, 31.4285371 ], [ 74.3884159, 31.4281954 ], [ 74.3880037, 31.4269805 ] ] ] } },
{ "type": "Feature", "properties": { "element": "way", "id": 594755527, "addr:city": null, "addr:housenumber": null, "addr:postcode": null, "addr:street": null, "building": null, "building:levels": null, "landuse": "residential", "name": null, "operator": null, "residential": null, "description": null, "source": null, "phone": null, "ele": null, "name:en": null, "name:ur": null, "official_name": null, "official_name:ur": null, "type": null }, "geometry": { "type": "Polygon", "coordinates": [ [ [ 74.1513777, 31.407683 ], [ 74.1513777, 31.4091575 ], [ 74.1524539, 31.4091702 ], [ 74.1527451, 31.4088205 ], [ 74.1531054, 31.4088205 ], [ 74.1532454, 31.4061565 ], [ 74.1507899, 31.4061704 ], [ 74.1507492, 31.4076763 ], [ 74.1513777, 31.407683 ] ] ] } },
{ "type": "Feature", "properties": { "element": "way", "id": 594755547, "addr:city": null, "addr:housenumber": null, "addr:postcode": null, "addr:street": null, "building": null, "building:levels": null, "landuse": "residential", "name": null, "operator": null, "residential": null, "description": null, "source": null, "phone": null, "ele": null, "name:en": null, "name:ur": null, "official_name": null, "official_name:ur": null, "type": null }, "geometry": { "type": "Polygon", "coordinates": [ [ [ 74.1373596, 31.4075958 ], [ 74.1373681, 31.4080059 ], [ 74.1370921, 31.408024 ], [ 74.1370744, 31.4089664 ], [ 74.1366957, 31.4089513 ], [ 74.1366709, 31.4095343 ], [ 74.1364302, 31.4096461 ], [ 74.1362745, 31.409788 ], [ 74.136225, 31.4099058 ], [ 74.1360622, 31.4105885 ], [ 74.1358109, 31.4106036 ], [ 74.1357932, 31.4108845 ], [ 74.1357153, 31.4109389 ], [ 74.1356906, 31.4111352 ], [ 74.135464, 31.4111533 ], [ 74.1355065, 31.4114856 ], [ 74.1352871, 31.4115218 ], [ 74.1351738, 31.4116487 ], [ 74.1353189, 31.4118601 ], [ 74.1360622, 31.4117876 ], [ 74.1361754, 31.4117242 ], [ 74.1361294, 31.4114524 ], [ 74.1362002, 31.4113285 ], [ 74.1368266, 31.4111594 ], [ 74.136862, 31.4115581 ], [ 74.1379733, 31.4115339 ], [ 74.1387413, 31.4118329 ], [ 74.1393112, 31.4118088 ], [ 74.1393005, 31.4118813 ], [ 74.1396615, 31.4118843 ], [ 74.1396615, 31.4118118 ], [ 74.1405711, 31.411836 ], [ 74.1410772, 31.4120142 ], [ 74.1413922, 31.4111352 ], [ 74.1425743, 31.4113134 ], [ 74.1426982, 31.4109509 ], [ 74.1422841, 31.4107788 ], [ 74.1422416, 31.4104767 ], [ 74.1419479, 31.4104284 ], [ 74.1419195, 31.4100025 ], [ 74.1438803, 31.4099723 ], [ 74.1438838, 31.4097669 ], [ 74.143997, 31.4097397 ], [ 74.1440395, 31.4088184 ], [ 74.144358, 31.4088184 ], [ 74.1443793, 31.4099934 ], [ 74.1447757, 31.4099874 ], [ 74.1447898, 31.4093893 ], [ 74.1450376, 31.4093531 ], [ 74.145027, 31.4088154 ], [ 74.1460596, 31.4088293 ], [ 74.1460352, 31.4063865 ], [ 74.1469459, 31.4063102 ], [ 74.1469459, 31.4060534 ], [ 74.1467426, 31.406102 ], [ 74.1467507, 31.4056509 ], [ 74.1458482, 31.4056509 ], [ 74.1457262, 31.4061922 ], [ 74.1452221, 31.4061992 ], [ 74.1452384, 31.4060673 ], [ 74.1447668, 31.4060049 ], [ 74.1448074, 31.4056093 ], [ 74.1439293, 31.4056024 ], [ 74.1439943, 31.4045475 ], [ 74.1446611, 31.4045128 ], [ 74.1447017, 31.4037217 ], [ 74.1437585, 31.4037494 ], [ 74.1437016, 31.4032151 ], [ 74.142978, 31.4032567 ], [ 74.1428966, 31.4037772 ], [ 74.1421893, 31.4038188 ], [ 74.1422218, 31.4032914 ], [ 74.1417014, 31.4032706 ], [ 74.1416445, 31.4037564 ], [ 74.1379043, 31.4037702 ], [ 74.1380506, 31.403333 ], [ 74.1367415, 31.4034024 ], [ 74.1367578, 31.4039715 ], [ 74.1374408, 31.404027 ], [ 74.1372944, 31.4047557 ], [ 74.1369692, 31.4047418 ], [ 74.1369123, 31.4056995 ], [ 74.1366358, 31.4062131 ], [ 74.1366927, 31.4076357 ], [ 74.1373596, 31.4075958 ] ] ] } },
{ "type": "Feature", "properties": { "element": "way", "id": 594755558, "addr:city": null, "addr:housenumber": null, "addr:postcode": null, "addr:street": null, "building": null, "building:levels": null, "landuse": "residential", "name": null, "operator": null, "residential": null, "description": null, "source": null, "phone": null, "ele": null, "name:en": null, "name:ur": null, "official_name": null, "official_name:ur": null, "type": null }, "geometry": { "type": "Polygon", "coordinates": [ [ [ 74.1625785, 31.4152555 ], [ 74.1625854, 31.4149969 ], [ 74.1619314, 31.4149499 ], [ 74.16189, 31.4145974 ], [ 74.1614012, 31.4145739 ], [ 74.161353, 31.4147032 ], [ 74.1603065, 31.4151027 ], [ 74.1599967, 31.4152907 ], [ 74.1599761, 31.4158607 ], [ 74.1587092, 31.4158313 ], [ 74.1587024, 31.4166362 ], [ 74.1593564, 31.4165951 ], [ 74.1593977, 31.4160722 ], [ 74.1599416, 31.4160604 ], [ 74.159921, 31.4166186 ], [ 74.1623651, 31.4165892 ], [ 74.1623238, 31.415467 ], [ 74.1625785, 31.4152555 ] ] ] } },
{ "type": "Feature", "properties": { "element": "way", "id": 594755562, "addr:city": null, "addr:housenumber": null, "addr:postcode": null, "addr:street": null, "building": null, "building:levels": null, "landuse": "residential", "name": null, "operator": null, "residential": null, "description": null, "source": null, "phone": null, "ele": null, "name:en": null, "name:ur": null, "official_name": null, "official_name:ur": null, "type": null }, "geometry": { "type": "Polygon", "coordinates": [ [ [ 74.1003555, 31.3634158 ], [ 74.1006368, 31.3643421 ], [ 74.1015475, 31.3656458 ], [ 74.1017886, 31.3663091 ], [ 74.1021368, 31.3667322 ], [ 74.1027663, 31.3667894 ], [ 74.1075342, 31.3645594 ], [ 74.1087664, 31.3629355 ], [ 74.1091548, 31.3624323 ], [ 74.1083378, 31.361769 ], [ 74.1079226, 31.3616203 ], [ 74.1078423, 31.3613916 ], [ 74.1070521, 31.3609456 ], [ 74.1064762, 31.3618605 ], [ 74.1067574, 31.3621807 ], [ 74.1065565, 31.3625581 ], [ 74.1061146, 31.3628669 ], [ 74.1057128, 31.3629012 ], [ 74.1053244, 31.3627068 ], [ 74.1051101, 31.3623408 ], [ 74.1046949, 31.3622036 ], [ 74.104802, 31.3614145 ], [ 74.103369, 31.361403 ], [ 74.1022707, 31.3615174 ], [ 74.1019091, 31.3610828 ], [ 74.1018288, 31.3608312 ], [ 74.1008377, 31.3608198 ], [ 74.1007975, 31.3613115 ], [ 74.1009046, 31.3617118 ], [ 74.1011725, 31.3622379 ], [ 74.1011591, 31.362661 ], [ 74.1005028, 31.3629584 ], [ 74.1003555, 31.3634158 ] ] ] } },
{ "type": "Feature", "properties": { "element": "way", "id": 594755563, "addr:city": null, "addr:housenumber": null, "addr:postcode": null, "addr:street": null, "building": null, "building:levels": null, "landuse": "residential", "name": null, "operator": null, "residential": null, "description": null, "source": null, "phone": null, "ele": null, "name:en": null, "name:ur": null, "official_name": null, "official_name:ur": null, "type": null }, "geometry": { "type": "Polygon", "coordinates": [ [ [ 74.0737303, 31.297298 ], [ 74.072442, 31.2985284 ], [ 74.0727684, 31.2989668 ], [ 74.0723021, 31.2992806 ], [ 74.0725761, 31.2996542 ], [ 74.0728209, 31.2997189 ], [ 74.0732407, 31.29942 ], [ 74.0738398, 31.3001344 ], [ 74.0769535, 31.2982839 ], [ 74.0772051, 31.2985802 ], [ 74.0777339, 31.2982525 ], [ 74.0793088, 31.3000794 ], [ 74.0771484, 31.3016369 ], [ 74.0780035, 31.3033153 ], [ 74.0781318, 31.3037786 ], [ 74.0772631, 31.3043265 ], [ 74.0770125, 31.3040774 ], [ 74.0767152, 31.3042667 ], [ 74.0773681, 31.3050487 ], [ 74.0768726, 31.3053526 ], [ 74.077438, 31.3059951 ], [ 74.0767501, 31.3069913 ], [ 74.0765286, 31.3074595 ], [ 74.0764936, 31.3079028 ], [ 74.0765053, 31.3081269 ], [ 74.0764062, 31.3083012 ], [ 74.0759048, 31.3085304 ], [ 74.0756308, 31.3081369 ], [ 74.0734214, 31.3048843 ], [ 74.0720048, 31.3057012 ], [ 74.0704949, 31.3039828 ], [ 74.0682678, 31.3054124 ], [ 74.0671251, 31.3041489 ], [ 74.0655468, 31.3050993 ], [ 74.065832, 31.3054657 ], [ 74.0662996, 31.3051996 ], [ 74.0672991, 31.306024 ], [ 74.0658864, 31.3069396 ], [ 74.0650565, 31.3060391 ], [ 74.0645958, 31.3063387 ], [ 74.06384, 31.305539 ], [ 74.0634553, 31.3057448 ], [ 74.0624658, 31.3047245 ], [ 74.0626956, 31.3043288 ], [ 74.0604513, 31.3016711 ], [ 74.0636586, 31.3008506 ], [ 74.063793, 31.3006372 ], [ 74.0633225, 31.3000465 ], [ 74.0659536, 31.2983398 ], [ 74.0656271, 31.2979049 ], [ 74.0658576, 31.2976916 ], [ 74.0655215, 31.2972075 ], [ 74.0667026, 31.2963788 ], [ 74.065187, 31.2941779 ], [ 74.0570225, 31.2995967 ], [ 74.0574969, 31.3000818 ], [ 74.0557487, 31.3010023 ], [ 74.0537409, 31.2988501 ], [ 74.0623031, 31.2929566 ], [ 74.0617045, 31.2923294 ], [ 74.0611905, 31.2926591 ], [ 74.0606502, 31.2920955 ], [ 74.0673798, 31.2876857 ], [ 74.068777, 31.28908 ], [ 74.068077, 31.2896242 ], [ 74.0686052, 31.2904106 ], [ 74.0660111, 31.2923642 ], [ 74.0670079, 31.2935222 ], [ 74.0674485, 31.2932317 ], [ 74.0678741, 31.293629 ], [ 74.0684493, 31.2933027 ], [ 74.0688732, 31.2937797 ], [ 74.0701998, 31.292882 ], [ 74.0696027, 31.2922908 ], [ 74.0692285, 31.2925053 ], [ 74.0689845, 31.2922265 ], [ 74.070025, 31.291537 ], [ 74.0701872, 31.2917559 ], [ 74.0707555, 31.2913879 ], [ 74.0713228, 31.2920414 ], [ 74.0719372, 31.2916252 ], [ 74.0729382, 31.29253 ], [ 74.0721595, 31.293061 ], [ 74.074231, 31.2951398 ], [ 74.0750856, 31.2943684 ], [ 74.0761803, 31.2953039 ], [ 74.0743654, 31.2965347 ], [ 74.0739813, 31.2960588 ], [ 74.0731843, 31.296666 ], [ 74.0737303, 31.297298 ] ] ] } },
{ "type": "Feature", "properties": { "element": "way", "id": 606618801, "addr:city": null, "addr:housenumber": null, "addr:postcode": null, "addr:street": null, "building": null, "building:levels": null, "landuse": "residential", "name": "Saghir Railway Police Lines", "operator": null, "residential": "apartments", "description": null, "source": null, "phone": null, "ele": null, "name:en": null, "name:ur": null, "official_name": null, "official_name:ur": null, "type": null }, "geometry": { "type": "Polygon", "coordinates": [ [ [ 74.3308086, 31.5752814 ], [ 74.3310664, 31.5752704 ], [ 74.3316568, 31.5752937 ], [ 74.3321555, 31.5753124 ], [ 74.332502, 31.5753222 ], [ 74.3333127, 31.5753372 ], [ 74.3330305, 31.5747594 ], [ 74.3324104, 31.5731923 ], [ 74.3317014, 31.5732285 ], [ 74.331379, 31.5732413 ], [ 74.331139, 31.5732518 ], [ 74.3307698, 31.5737289 ], [ 74.3305729, 31.5737341 ], [ 74.3305237, 31.5739333 ], [ 74.3305544, 31.5740487 ], [ 74.3302591, 31.5741273 ], [ 74.3308086, 31.5752814 ] ] ] } },
{ "type": "Feature", "properties": { "element": "way", "id": 612411178, "addr:city": null, "addr:housenumber": null, "addr:postcode": null, "addr:street": null, "building": null, "building:levels": null, "landuse": "residential", "name": "پی اے ایف کالونی", "operator": null, "residential": null, "description": null, "source": null, "phone": null, "ele": null, "name:en": "PAF Colony", "name:ur": "پی اے ایف کالونی", "official_name": null, "official_name:ur": null, "type": null }, "geometry": { "type": "Polygon", "coordinates": [ [ [ 74.3915631, 31.5530891 ], [ 74.3983795, 31.552801 ], [ 74.3982001, 31.5493152 ], [ 74.3915817, 31.5496373 ], [ 74.3915631, 31.5530891 ] ] ] } },
{ "type": "Feature", "properties": { "element": "way", "id": 628075065, "addr:city": null, "addr:housenumber": null, "addr:postcode": null, "addr:street": null, "building": null, "building:levels": null, "landuse": "residential", "name": "DHA Phase 1", "operator": null, "residential": null, "description": null, "source": null, "phone": null, "ele": null, "name:en": null, "name:ur": null, "official_name": null, "official_name:ur": null, "type": null }, "geometry": { "type": "Polygon", "coordinates": [ [ [ 74.3814331, 31.4873922 ], [ 74.3821986, 31.4881297 ], [ 74.3822587, 31.4890299 ], [ 74.3867137, 31.4893334 ], [ 74.3885308, 31.4894645 ], [ 74.3887829, 31.4894046 ], [ 74.388888, 31.4893333 ], [ 74.3899889, 31.4884436 ], [ 74.3906358, 31.4876905 ], [ 74.3908675, 31.4873026 ], [ 74.3909871, 31.4862645 ], [ 74.3910826, 31.485548 ], [ 74.3930001, 31.4850053 ], [ 74.3931719, 31.484945 ], [ 74.3934552, 31.4858188 ], [ 74.3923072, 31.4862341 ], [ 74.3924832, 31.4885098 ], [ 74.3928885, 31.4891046 ], [ 74.396105, 31.4889611 ], [ 74.3965931, 31.4896251 ], [ 74.3967633, 31.4900061 ], [ 74.3968455, 31.4899812 ], [ 74.3975415, 31.4898243 ], [ 74.3986785, 31.4899971 ], [ 74.3989445, 31.4905051 ], [ 74.4001362, 31.4901694 ], [ 74.3998915, 31.4897521 ], [ 74.4001575, 31.4896341 ], [ 74.4003596, 31.489861 ], [ 74.4004767, 31.4898065 ], [ 74.4006231, 31.4897209 ], [ 74.403105, 31.4893707 ], [ 74.4046735, 31.4885871 ], [ 74.4056433, 31.4874063 ], [ 74.4073896, 31.4879479 ], [ 74.40752, 31.4876985 ], [ 74.4078219, 31.4870735 ], [ 74.4079606, 31.4870106 ], [ 74.4083985, 31.4863911 ], [ 74.4084715, 31.4862853 ], [ 74.409191, 31.485298 ], [ 74.409019, 31.4851678 ], [ 74.4088412, 31.4850374 ], [ 74.4079654, 31.4843702 ], [ 74.4078893, 31.4843126 ], [ 74.4060203, 31.4828942 ], [ 74.4046449, 31.4818239 ], [ 74.4043174, 31.481569 ], [ 74.4010079, 31.4790228 ], [ 74.4009479, 31.4789856 ], [ 74.398949, 31.4774678 ], [ 74.3961524, 31.475342 ], [ 74.3953895, 31.4747635 ], [ 74.3939804, 31.4736959 ], [ 74.393512, 31.4733292 ], [ 74.3926758, 31.4727131 ], [ 74.3906175, 31.4711803 ], [ 74.3887817, 31.4701705 ], [ 74.3887895, 31.4706715 ], [ 74.3888326, 31.4718067 ], [ 74.3918582, 31.473005 ], [ 74.3929177, 31.4745654 ], [ 74.3917657, 31.4762008 ], [ 74.3908514, 31.4775707 ], [ 74.3884033, 31.4776463 ], [ 74.3874251, 31.4779311 ], [ 74.3860293, 31.4793266 ], [ 74.3845121, 31.4810845 ], [ 74.3838938, 31.4815255 ], [ 74.3830568, 31.4807036 ], [ 74.3830363, 31.4807964 ], [ 74.3827524, 31.4815027 ], [ 74.3826771, 31.4816511 ], [ 74.3817781, 31.4834215 ], [ 74.3793232, 31.4846431 ], [ 74.3817587, 31.4876994 ], [ 74.3814331, 31.4873922 ] ] ] } },
{ "type": "Feature", "properties": { "element": "way", "id": 628077008, "addr:city": null, "addr:housenumber": null, "addr:postcode": null, "addr:street": null, "building": null, "building:levels": null, "landuse": "residential", "name": "DHA Phase 2", "operator": null, "residential": "society", "description": null, "source": null, "phone": null, "ele": null, "name:en": null, "name:ur": null, "official_name": null, "official_name:ur": null, "type": null }, "geometry": { "type": "Polygon", "coordinates": [ [ [ 74.3891358, 31.470227 ], [ 74.3905382, 31.4699012 ], [ 74.3924966, 31.4694714 ], [ 74.3933684, 31.4683545 ], [ 74.3968873, 31.4694748 ], [ 74.4014224, 31.4702223 ], [ 74.4057606, 31.470667 ], [ 74.4072585, 31.4713151 ], [ 74.4108948, 31.473772 ], [ 74.4118541, 31.4755479 ], [ 74.4132724, 31.4783028 ], [ 74.4132167, 31.4783523 ], [ 74.4127141, 31.4787607 ], [ 74.4125814, 31.4788872 ], [ 74.4123405, 31.4796574 ], [ 74.4118909, 31.4803246 ], [ 74.4124363, 31.4813924 ], [ 74.4116252, 31.4828939 ], [ 74.4107759, 31.4834468 ], [ 74.4102017, 31.4837386 ], [ 74.4090855, 31.4850912 ], [ 74.4064328, 31.4830668 ], [ 74.4009383, 31.4788984 ], [ 74.399426, 31.4777462 ], [ 74.3944643, 31.4739658 ], [ 74.3940893, 31.4736697 ], [ 74.3892854, 31.4702797 ], [ 74.3891358, 31.470227 ] ] ] } },
{ "type": "Feature", "properties": { "element": "way", "id": 628492172, "addr:city": null, "addr:housenumber": null, "addr:postcode": null, "addr:street": null, "building": null, "building:levels": null, "landuse": "residential", "name": "DHA Phase 4", "operator": null, "residential": "society", "description": "neighborhood", "source": null, "phone": null, "ele": null, "name:en": null, "name:ur": null, "official_name": null, "official_name:ur": null, "type": null }, "geometry": { "type": "Polygon", "coordinates": [ [ [ 74.367312, 31.4634063 ], [ 74.367024, 31.4610717 ], [ 74.3676816, 31.4608595 ], [ 74.3675832, 31.4602564 ], [ 74.3674348, 31.4602806 ], [ 74.3672847, 31.4602646 ], [ 74.3668119, 31.4594857 ], [ 74.366541, 31.4571609 ], [ 74.3666413, 31.4564077 ], [ 74.3675287, 31.4564097 ], [ 74.3674665, 31.4570318 ], [ 74.3679005, 31.4575294 ], [ 74.3711463, 31.4602428 ], [ 74.3725869, 31.4614023 ], [ 74.3759798, 31.4622983 ], [ 74.3774943, 31.4625546 ], [ 74.3786511, 31.4626073 ], [ 74.3788506, 31.462368 ], [ 74.3817488, 31.4616663 ], [ 74.3834162, 31.460502 ], [ 74.3835016, 31.4583309 ], [ 74.3840021, 31.4582576 ], [ 74.3846517, 31.4581625 ], [ 74.3843942, 31.4562735 ], [ 74.3848253, 31.4561824 ], [ 74.3848663, 31.4542674 ], [ 74.3852334, 31.4537362 ], [ 74.3930163, 31.4521747 ], [ 74.3928595, 31.4659893 ], [ 74.3927219, 31.4675218 ], [ 74.3934884, 31.468223 ], [ 74.3924966, 31.4694714 ], [ 74.3890963, 31.4702752 ], [ 74.3787465, 31.4669553 ], [ 74.367312, 31.4634063 ] ] ] } },
{ "type": "Feature", "properties": { "element": "way", "id": 628499010, "addr:city": null, "addr:housenumber": null, "addr:postcode": null, "addr:street": null, "building": null, "building:levels": null, "landuse": "residential", "name": "DHA Phase VI", "operator": null, "residential": null, "description": "neighborhood", "source": null, "phone": null, "ele": null, "name:en": null, "name:ur": null, "official_name": null, "official_name:ur": null, "type": null }, "geometry": { "type": "Polygon", "coordinates": [ [ [ 74.4328975, 31.4659735 ], [ 74.4330266, 31.4660786 ], [ 74.4377652, 31.4699367 ], [ 74.4386896, 31.4706221 ], [ 74.4391202, 31.4709414 ], [ 74.4498036, 31.4788763 ], [ 74.4501037, 31.4791047 ], [ 74.4512352, 31.4799308 ], [ 74.4603177, 31.4867142 ], [ 74.4632761, 31.4889844 ], [ 74.4639045, 31.4894667 ], [ 74.4670776, 31.4919623 ], [ 74.4686863, 31.4952372 ], [ 74.4779337, 31.4944978 ], [ 74.4786516, 31.4944642 ], [ 74.4793466, 31.4944096 ], [ 74.4800878, 31.4943815 ], [ 74.4801094, 31.4936542 ], [ 74.4787092, 31.4931648 ], [ 74.4746966, 31.4903836 ], [ 74.47364, 31.4902044 ], [ 74.4733794, 31.4896983 ], [ 74.4736237, 31.4890113 ], [ 74.4753525, 31.4877283 ], [ 74.4750614, 31.4870168 ], [ 74.4756208, 31.4862748 ], [ 74.4705596, 31.4866423 ], [ 74.4701083, 31.4824432 ], [ 74.4752452, 31.4820834 ], [ 74.4751288, 31.4805416 ], [ 74.4777266, 31.4774969 ], [ 74.4779399, 31.477247 ], [ 74.4776752, 31.4771385 ], [ 74.4774696, 31.4754084 ], [ 74.4762004, 31.4740556 ], [ 74.476094, 31.4728721 ], [ 74.476038, 31.4724271 ], [ 74.4753959, 31.4673215 ], [ 74.475116, 31.4654666 ], [ 74.4755204, 31.4649441 ], [ 74.47484, 31.4638945 ], [ 74.4748796, 31.4634544 ], [ 74.474857, 31.4629562 ], [ 74.4746755, 31.4625258 ], [ 74.4746642, 31.4620083 ], [ 74.4656191, 31.4622975 ], [ 74.464165, 31.4587522 ], [ 74.4641362, 31.458652 ], [ 74.4640295, 31.4586019 ], [ 74.4608611, 31.4571124 ], [ 74.4543742, 31.4541528 ], [ 74.4501504, 31.4550033 ], [ 74.4497028, 31.4549086 ], [ 74.4492302, 31.4549548 ], [ 74.4487125, 31.4557427 ], [ 74.4488648, 31.4561583 ], [ 74.4469993, 31.4564808 ], [ 74.4459009, 31.4575523 ], [ 74.4441886, 31.4589032 ], [ 74.4444252, 31.4594504 ], [ 74.4441072, 31.4601971 ], [ 74.4433478, 31.4610332 ], [ 74.443482, 31.4617249 ], [ 74.440014, 31.462994 ], [ 74.4399341, 31.4626068 ], [ 74.4375015, 31.4627069 ], [ 74.4364417, 31.4641246 ], [ 74.4328975, 31.4659735 ] ] ] } },
{ "type": "Feature", "properties": { "element": "way", "id": 628499918, "addr:city": null, "addr:housenumber": null, "addr:postcode": null, "addr:street": null, "building": null, "building:levels": null, "landuse": "residential", "name": "DHA Phase 7", "operator": null, "residential": null, "description": "neighbourhood", "source": null, "phone": null, "ele": null, "name:en": null, "name:ur": null, "official_name": null, "official_name:ur": null, "type": null }, "geometry": { "type": "Polygon", "coordinates": [ [ [ 74.4686863, 31.4952372 ], [ 74.4714689, 31.5007923 ], [ 74.4721331, 31.4993816 ], [ 74.4731517, 31.4990014 ], [ 74.4738812, 31.4990928 ], [ 74.4739736, 31.4994505 ], [ 74.4746271, 31.4991356 ], [ 74.4751969, 31.4988586 ], [ 74.4755267, 31.4994362 ], [ 74.4762834, 31.4992166 ], [ 74.4763982, 31.4994081 ], [ 74.4770243, 31.4991273 ], [ 74.4772132, 31.4990426 ], [ 74.477226, 31.49909 ], [ 74.4774123, 31.4997812 ], [ 74.4776721, 31.4997888 ], [ 74.4777365, 31.499991 ], [ 74.478345, 31.4999241 ], [ 74.4783586, 31.4998457 ], [ 74.4785809, 31.4998207 ], [ 74.4788142, 31.4997222 ], [ 74.4792075, 31.5001282 ], [ 74.4807666, 31.4986387 ], [ 74.4806709, 31.498478 ], [ 74.4811804, 31.4981491 ], [ 74.4811102, 31.4980597 ], [ 74.481549, 31.4978967 ], [ 74.4816794, 31.4980655 ], [ 74.4818942, 31.4983434 ], [ 74.4827059, 31.4977793 ], [ 74.4825233, 31.4975606 ], [ 74.4823493, 31.4973521 ], [ 74.483308, 31.4967205 ], [ 74.4832689, 31.4966735 ], [ 74.4830991, 31.4965388 ], [ 74.4829183, 31.496628 ], [ 74.4828114, 31.4964829 ], [ 74.4829994, 31.4963917 ], [ 74.4819555, 31.4950705 ], [ 74.4813488, 31.4946084 ], [ 74.4814657, 31.4945143 ], [ 74.4814754, 31.4943739 ], [ 74.4812707, 31.4943798 ], [ 74.48102, 31.4944475 ], [ 74.4809483, 31.4941367 ], [ 74.4803939, 31.4942559 ], [ 74.480218, 31.4937033 ], [ 74.4704173, 31.4943503 ], [ 74.4701638, 31.495121 ], [ 74.4686863, 31.4952372 ] ] ] } },
{ "type": "Feature", "properties": { "element": "way", "id": 628500912, "addr:city": null, "addr:housenumber": null, "addr:postcode": null, "addr:street": null, "building": null, "building:levels": null, "landuse": "residential", "name": "DHA Phase 7", "operator": null, "residential": "house", "description": "Adding the DHA Phase 7, Lahore boundary", "source": null, "phone": null, "ele": null, "name:en": null, "name:ur": null, "official_name": null, "official_name:ur": null, "type": null }, "geometry": { "type": "Polygon", "coordinates": [ [ [ 74.4696777, 31.4867479 ], [ 74.4692276, 31.4820276 ], [ 74.4692145, 31.4818677 ], [ 74.4694609, 31.4818481 ], [ 74.4751949, 31.4814543 ], [ 74.4751288, 31.4805416 ], [ 74.4779512, 31.477386 ], [ 74.477674, 31.4769714 ], [ 74.4774696, 31.4754084 ], [ 74.476211, 31.4741108 ], [ 74.476094, 31.4728721 ], [ 74.476038, 31.4724271 ], [ 74.4753959, 31.4673215 ], [ 74.475116, 31.4654666 ], [ 74.4755204, 31.4649441 ], [ 74.4753497, 31.4611409 ], [ 74.4654273, 31.4619834 ], [ 74.4642043, 31.458605 ], [ 74.475569, 31.4602037 ], [ 74.4755133, 31.4595875 ], [ 74.477039, 31.4584841 ], [ 74.4774717, 31.4579402 ], [ 74.4778358, 31.4574792 ], [ 74.478072, 31.4571349 ], [ 74.47839, 31.456698 ], [ 74.4784509, 31.4566143 ], [ 74.4785386, 31.4564938 ], [ 74.4790247, 31.4559467 ], [ 74.480783, 31.4553188 ], [ 74.4819956, 31.4543631 ], [ 74.4837198, 31.4525935 ], [ 74.4836442, 31.4520653 ], [ 74.4834837, 31.447522 ], [ 74.4833491, 31.4459461 ], [ 74.4715813, 31.4415274 ], [ 74.4683106, 31.4402992 ], [ 74.4714413, 31.4364659 ], [ 74.4862238, 31.4418563 ], [ 74.4915718, 31.4432537 ], [ 74.502275, 31.4449053 ], [ 74.503869, 31.4451484 ], [ 74.504852, 31.4674345 ], [ 74.5061068, 31.4749359 ], [ 74.505778, 31.4810778 ], [ 74.5047818, 31.4818901 ], [ 74.5040224, 31.4824455 ], [ 74.5008177, 31.4849077 ], [ 74.499997, 31.4826204 ], [ 74.4983787, 31.4826656 ], [ 74.4976726, 31.4827136 ], [ 74.4922262, 31.4843658 ], [ 74.4906212, 31.4871578 ], [ 74.4915409, 31.4898896 ], [ 74.4915597, 31.4918885 ], [ 74.4875633, 31.4909906 ], [ 74.4874215, 31.491006 ], [ 74.4787092, 31.4905117 ], [ 74.4782455, 31.4899632 ], [ 74.4794761, 31.4873644 ], [ 74.4793548, 31.486745 ], [ 74.4782038, 31.4861575 ], [ 74.4756208, 31.4862748 ], [ 74.4696777, 31.4867479 ] ] ] } },
{ "type": "Feature", "properties": { "element": "way", "id": 643376314, "addr:city": null, "addr:housenumber": null, "addr:postcode": null, "addr:street": null, "building": null, "building:levels": null, "landuse": "residential", "name": "Chinar Bagh", "operator": null, "residential": null, "description": null, "source": null, "phone": null, "ele": null, "name:en": null, "name:ur": null, "official_name": null, "official_name:ur": null, "type": null }, "geometry": { "type": "Polygon", "coordinates": [ [ [ 74.2295702, 31.3235216 ], [ 74.232177, 31.3282994 ], [ 74.2329229, 31.3297141 ], [ 74.2331056, 31.33006 ], [ 74.2415011, 31.3269492 ], [ 74.2419982, 31.3266326 ], [ 74.2420456, 31.3268421 ], [ 74.2424529, 31.332527 ], [ 74.2452277, 31.3316813 ], [ 74.2488882, 31.3316257 ], [ 74.2489597, 31.3313332 ], [ 74.2498836, 31.3312638 ], [ 74.2499146, 31.3316456 ], [ 74.250928, 31.3312165 ], [ 74.2508961, 31.3309245 ], [ 74.2500976, 31.3309383 ], [ 74.2500476, 31.3306131 ], [ 74.2494744, 31.3305463 ], [ 74.2493833, 31.3281094 ], [ 74.2500997, 31.3281317 ], [ 74.2500867, 31.3258282 ], [ 74.2512852, 31.3257503 ], [ 74.2512591, 31.3237584 ], [ 74.2534216, 31.3236694 ], [ 74.2534346, 31.3231909 ], [ 74.2556622, 31.3230351 ], [ 74.2556753, 31.3220558 ], [ 74.2544247, 31.3220113 ], [ 74.2543856, 31.320164 ], [ 74.2539427, 31.3192069 ], [ 74.2520407, 31.3179605 ], [ 74.2519756, 31.3170034 ], [ 74.2491629, 31.3173937 ], [ 74.2491076, 31.3158397 ], [ 74.2469881, 31.3159884 ], [ 74.246563, 31.3161415 ], [ 74.2446044, 31.3167414 ], [ 74.2420689, 31.3175423 ], [ 74.2295702, 31.3235216 ] ] ] } },
{ "type": "Feature", "properties": { "element": "way", "id": 643386696, "addr:city": null, "addr:housenumber": null, "addr:postcode": null, "addr:street": null, "building": null, "building:levels": null, "landuse": "residential", "name": null, "operator": null, "residential": null, "description": null, "source": null, "phone": null, "ele": null, "name:en": null, "name:ur": null, "official_name": null, "official_name:ur": null, "type": null }, "geometry": { "type": "Polygon", "coordinates": [ [ [ 74.2419504, 31.3514298 ], [ 74.2418932, 31.3533695 ], [ 74.2400666, 31.3533666 ], [ 74.2400553, 31.3535893 ], [ 74.2373335, 31.3536087 ], [ 74.2358479, 31.35817 ], [ 74.2414652, 31.3580607 ], [ 74.2414522, 31.3588616 ], [ 74.2395633, 31.358984 ], [ 74.2391985, 31.3593844 ], [ 74.2391073, 31.3602632 ], [ 74.2351343, 31.3605133 ], [ 74.2351994, 31.3614171 ], [ 74.2352254, 31.3622376 ], [ 74.2352644, 31.3639896 ], [ 74.2363587, 31.3640786 ], [ 74.2372445, 31.3657137 ], [ 74.2355901, 31.3665146 ], [ 74.234118, 31.3684611 ], [ 74.234105, 31.3693732 ], [ 74.2383778, 31.3696624 ], [ 74.244735, 31.3706523 ], [ 74.2569021, 31.369807 ], [ 74.2571887, 31.3691396 ], [ 74.2575144, 31.368906 ], [ 74.2581918, 31.3687281 ], [ 74.2592934, 31.3679398 ], [ 74.2605443, 31.3673319 ], [ 74.26083, 31.3671971 ], [ 74.2610521, 31.3672022 ], [ 74.2611207, 31.3670718 ], [ 74.2611465, 31.3669269 ], [ 74.261849, 31.3661437 ], [ 74.2623706, 31.3654554 ], [ 74.2624785, 31.3650702 ], [ 74.26266, 31.3640564 ], [ 74.2596502, 31.3641386 ], [ 74.2596394, 31.3648163 ], [ 74.2596117, 31.3648461 ], [ 74.2586466, 31.3646111 ], [ 74.2578767, 31.3645942 ], [ 74.2578486, 31.3641565 ], [ 74.2565011, 31.3641855 ], [ 74.2564841, 31.3640099 ], [ 74.2561205, 31.3638784 ], [ 74.2560814, 31.3612199 ], [ 74.2584002, 31.3611754 ], [ 74.2583741, 31.3596069 ], [ 74.2558209, 31.3595847 ], [ 74.2557948, 31.3573042 ], [ 74.2552607, 31.3561362 ], [ 74.2558469, 31.3557357 ], [ 74.2564852, 31.3551016 ], [ 74.2582263, 31.3532392 ], [ 74.2586209, 31.3493854 ], [ 74.258296, 31.3492834 ], [ 74.2578791, 31.3481264 ], [ 74.2564071, 31.3458234 ], [ 74.2550523, 31.3450446 ], [ 74.2473403, 31.3480262 ], [ 74.2464285, 31.348093 ], [ 74.2464285, 31.348894 ], [ 74.245712, 31.3489496 ], [ 74.245712, 31.3498063 ], [ 74.243302, 31.3499175 ], [ 74.2432238, 31.3513749 ], [ 74.2419504, 31.3514298 ] ] ] } },
{ "type": "Feature", "properties": { "element": "way", "id": 643386701, "addr:city": null, "addr:housenumber": null, "addr:postcode": null, "addr:street": null, "building": null, "building:levels": null, "landuse": "residential", "name": null, "operator": null, "residential": null, "description": null, "source": null, "phone": null, "ele": null, "name:en": null, "name:ur": null, "official_name": null, "official_name:ur": null, "type": null }, "geometry": { "type": "Polygon", "coordinates": [ [ [ 74.2401423, 31.3487411 ], [ 74.2412539, 31.3486439 ], [ 74.2413343, 31.3488269 ], [ 74.2427473, 31.3486782 ], [ 74.2427539, 31.3484266 ], [ 74.2434035, 31.3483637 ], [ 74.2432428, 31.3468196 ], [ 74.2445352, 31.3462534 ], [ 74.2448031, 31.3455442 ], [ 74.2443879, 31.3448865 ], [ 74.2404704, 31.3469968 ], [ 74.2402829, 31.3467395 ], [ 74.2397941, 31.3469397 ], [ 74.2395128, 31.3463792 ], [ 74.2393253, 31.3464078 ], [ 74.2393214, 31.3473615 ], [ 74.2393799, 31.348123 ], [ 74.2401423, 31.3487411 ] ] ] } },
{ "type": "Feature", "properties": { "element": "way", "id": 643386703, "addr:city": null, "addr:housenumber": null, "addr:postcode": null, "addr:street": null, "building": null, "building:levels": null, "landuse": "residential", "name": null, "operator": null, "residential": null, "description": null, "source": null, "phone": null, "ele": null, "name:en": null, "name:ur": null, "official_name": null, "official_name:ur": null, "type": null }, "geometry": { "type": "Polygon", "coordinates": [ [ [ 74.2351343, 31.3605133 ], [ 74.2314334, 31.3605128 ], [ 74.2335026, 31.3632576 ], [ 74.2343207, 31.3633111 ], [ 74.234625, 31.3641303 ], [ 74.2336366, 31.3647957 ], [ 74.2332411, 31.366563 ], [ 74.2355901, 31.3665146 ], [ 74.2372445, 31.3657137 ], [ 74.2363587, 31.3640786 ], [ 74.2352644, 31.3639896 ], [ 74.2352254, 31.3622376 ], [ 74.2351994, 31.3614171 ], [ 74.2351343, 31.3605133 ] ] ] } },
{ "type": "Feature", "properties": { "element": "way", "id": 643386705, "addr:city": null, "addr:housenumber": null, "addr:postcode": null, "addr:street": null, "building": null, "building:levels": null, "landuse": "residential", "name": null, "operator": null, "residential": null, "description": null, "source": null, "phone": null, "ele": null, "name:en": null, "name:ur": null, "official_name": null, "official_name:ur": null, "type": null }, "geometry": { "type": "Polygon", "coordinates": [ [ [ 74.2370112, 31.3365522 ], [ 74.2396947, 31.3351502 ], [ 74.2400074, 31.3355842 ], [ 74.2408411, 31.3351836 ], [ 74.2413491, 31.3357956 ], [ 74.2410756, 31.3359736 ], [ 74.2425476, 31.3378985 ], [ 74.2399292, 31.3393004 ], [ 74.2400074, 31.3395563 ], [ 74.2393951, 31.3398122 ], [ 74.2392388, 31.3396898 ], [ 74.2384963, 31.3401238 ], [ 74.2377537, 31.339356 ], [ 74.237428, 31.3394451 ], [ 74.2383139, 31.3411362 ], [ 74.237897, 31.341292 ], [ 74.2376104, 31.3405354 ], [ 74.2368028, 31.3407357 ], [ 74.235461, 31.3408025 ], [ 74.2353958, 31.3403797 ], [ 74.2346663, 31.3403908 ], [ 74.2346924, 31.3397788 ], [ 74.2343798, 31.3398011 ], [ 74.2343407, 31.3406022 ], [ 74.2343276, 31.3419262 ], [ 74.2333637, 31.3419373 ], [ 74.2333506, 31.3411029 ], [ 74.2327514, 31.341114 ], [ 74.2327384, 31.3404687 ], [ 74.2322173, 31.3405243 ], [ 74.2321391, 31.3398233 ], [ 74.2313315, 31.3399346 ], [ 74.2309667, 31.3406467 ], [ 74.2305368, 31.3407579 ], [ 74.2303675, 31.3419929 ], [ 74.2288694, 31.3418928 ], [ 74.2288303, 31.3384214 ], [ 74.227697, 31.3384437 ], [ 74.2277621, 31.337854 ], [ 74.2275146, 31.3377205 ], [ 74.2269153, 31.3377427 ], [ 74.2268372, 31.3374757 ], [ 74.2257559, 31.3374312 ], [ 74.225769, 31.3368081 ], [ 74.2260686, 31.3367636 ], [ 74.2261337, 31.3363296 ], [ 74.2282311, 31.3362629 ], [ 74.228192, 31.3348387 ], [ 74.2300809, 31.3347274 ], [ 74.2300678, 31.3340598 ], [ 74.2281008, 31.3340487 ], [ 74.2281138, 31.3327913 ], [ 74.2303284, 31.3327802 ], [ 74.2303023, 31.3334367 ], [ 74.2312272, 31.3338706 ], [ 74.2316962, 31.3335146 ], [ 74.2319177, 31.3335813 ], [ 74.2319567, 31.3341265 ], [ 74.2323606, 31.3342378 ], [ 74.2325299, 31.3346495 ], [ 74.2331813, 31.3346161 ], [ 74.2333637, 31.3337037 ], [ 74.2348035, 31.3336979 ], [ 74.2352443, 31.3345703 ], [ 74.2356866, 31.3354934 ], [ 74.2351483, 31.3357511 ], [ 74.2351614, 31.3361516 ], [ 74.2356303, 31.336096 ], [ 74.2357736, 31.3365856 ], [ 74.2362817, 31.3363074 ], [ 74.2365943, 31.3359847 ], [ 74.2370112, 31.3365522 ] ] ] } },
{ "type": "Feature", "properties": { "element": "way", "id": 643386710, "addr:city": null, "addr:housenumber": null, "addr:postcode": null, "addr:street": null, "building": null, "building:levels": null, "landuse": "residential", "name": null, "operator": null, "residential": null, "description": null, "source": null, "phone": null, "ele": null, "name:en": null, "name:ur": null, "official_name": null, "official_name:ur": null, "type": null }, "geometry": { "type": "Polygon", "coordinates": [ [ [ 74.2422089, 31.3322795 ], [ 74.2419865, 31.3291418 ], [ 74.2418311, 31.3269494 ], [ 74.2416097, 31.326482 ], [ 74.2412449, 31.3261371 ], [ 74.2396296, 31.3250688 ], [ 74.2375453, 31.3262817 ], [ 74.2372196, 31.3261037 ], [ 74.2363468, 31.3266044 ], [ 74.2360863, 31.3262706 ], [ 74.2348096, 31.3269049 ], [ 74.2350311, 31.3279954 ], [ 74.2357345, 31.3308886 ], [ 74.2351223, 31.3316897 ], [ 74.2342755, 31.3320458 ], [ 74.2359018, 31.3353312 ], [ 74.2365922, 31.3351836 ], [ 74.2366533, 31.3347935 ], [ 74.237186, 31.3347057 ], [ 74.2374185, 31.3351883 ], [ 74.2378997, 31.33493 ], [ 74.2382561, 31.3353852 ], [ 74.2389688, 31.3350491 ], [ 74.2382357, 31.3340598 ], [ 74.2386005, 31.3338484 ], [ 74.2387307, 31.3341154 ], [ 74.2394081, 31.3337927 ], [ 74.2395905, 31.3340709 ], [ 74.2417269, 31.3329026 ], [ 74.2414664, 31.3324464 ], [ 74.2409323, 31.3326467 ], [ 74.2407499, 31.3322683 ], [ 74.2411928, 31.3320347 ], [ 74.2410756, 31.3316452 ], [ 74.2414143, 31.3314449 ], [ 74.2419484, 31.3322461 ], [ 74.2422089, 31.3322795 ] ] ] } },
{ "type": "Feature", "properties": { "element": "way", "id": 643411230, "addr:city": null, "addr:housenumber": null, "addr:postcode": null, "addr:street": null, "building": null, "building:levels": null, "landuse": "residential", "name": null, "operator": null, "residential": null, "description": null, "source": null, "phone": null, "ele": null, "name:en": null, "name:ur": null, "official_name": null, "official_name:ur": null, "type": null }, "geometry": { "type": "Polygon", "coordinates": [ [ [ 74.1482657, 31.3840912 ], [ 74.1485504, 31.3835105 ], [ 74.1486295, 31.381377 ], [ 74.1466612, 31.3813526 ], [ 74.1466766, 31.3806039 ], [ 74.1486151, 31.3804989 ], [ 74.148692, 31.379435 ], [ 74.1488612, 31.3786863 ], [ 74.1491997, 31.3777931 ], [ 74.1480151, 31.3777669 ], [ 74.1471535, 31.3784367 ], [ 74.1453074, 31.3806959 ], [ 74.1445052, 31.3818864 ], [ 74.1442375, 31.3818835 ], [ 74.1437275, 31.3821264 ], [ 74.1436634, 31.3825143 ], [ 74.1431643, 31.3827424 ], [ 74.1431819, 31.3833753 ], [ 74.1434268, 31.3835802 ], [ 74.1433481, 31.3837234 ], [ 74.1426992, 31.3839526 ], [ 74.1414451, 31.383641 ], [ 74.1413201, 31.3836447 ], [ 74.1390337, 31.3836415 ], [ 74.1396323, 31.3846629 ], [ 74.141186, 31.3847479 ], [ 74.1409871, 31.3861854 ], [ 74.1395805, 31.3863183 ], [ 74.139415, 31.387381 ], [ 74.1382304, 31.3882347 ], [ 74.1357689, 31.3881165 ], [ 74.1357996, 31.3892853 ], [ 74.137215, 31.389456 ], [ 74.1374919, 31.3901258 ], [ 74.1379535, 31.3901127 ], [ 74.1383073, 31.3894692 ], [ 74.1397227, 31.3894823 ], [ 74.1405227, 31.3881427 ], [ 74.1413227, 31.3881427 ], [ 74.1407535, 31.3911371 ], [ 74.1413381, 31.3913472 ], [ 74.145415, 31.3905723 ], [ 74.145492, 31.3871446 ], [ 74.147492, 31.387184 ], [ 74.1473274, 31.3865248 ], [ 74.147292, 31.3855817 ], [ 74.147492, 31.3851877 ], [ 74.1482657, 31.3840912 ] ] ] } },
{ "type": "Feature", "properties": { "element": "way", "id": 643411233, "addr:city": null, "addr:housenumber": null, "addr:postcode": null, "addr:street": null, "building": null, "building:levels": null, "landuse": "residential", "name": null, "operator": null, "residential": null, "description": null, "source": null, "phone": null, "ele": null, "name:en": null, "name:ur": null, "official_name": null, "official_name:ur": null, "type": null }, "geometry": { "type": "Polygon", "coordinates": [ [ [ 74.1311904, 31.3541469 ], [ 74.129549, 31.3551481 ], [ 74.1298356, 31.3552704 ], [ 74.130681, 31.3554016 ], [ 74.1309669, 31.3560646 ], [ 74.130526, 31.3567277 ], [ 74.1289628, 31.356572 ], [ 74.1262532, 31.3570503 ], [ 74.1244034, 31.3578179 ], [ 74.1228662, 31.3583073 ], [ 74.121303, 31.3583407 ], [ 74.1196486, 31.3585298 ], [ 74.1192838, 31.3583185 ], [ 74.117421, 31.3578624 ], [ 74.1166784, 31.3577511 ], [ 74.1167566, 31.3567833 ], [ 74.1174731, 31.3567277 ], [ 74.1177597, 31.3569613 ], [ 74.1186194, 31.3571393 ], [ 74.11987, 31.3564385 ], [ 74.1192968, 31.3556709 ], [ 74.1204302, 31.3550479 ], [ 74.12129, 31.3558378 ], [ 74.1221367, 31.3553817 ], [ 74.1219543, 31.3550813 ], [ 74.1228402, 31.3544583 ], [ 74.1224884, 31.3539355 ], [ 74.1243773, 31.3527452 ], [ 74.1249635, 31.353357 ], [ 74.1260187, 31.3527118 ], [ 74.1261229, 31.3520777 ], [ 74.128116, 31.3505869 ], [ 74.1293275, 31.3497859 ], [ 74.1307475, 31.3477834 ], [ 74.1306042, 31.3474608 ], [ 74.1313728, 31.34686 ], [ 74.1318678, 31.3461702 ], [ 74.135346, 31.3494077 ], [ 74.1326494, 31.3510987 ], [ 74.1331314, 31.3516772 ], [ 74.1340433, 31.3510319 ], [ 74.1347467, 31.3518218 ], [ 74.1311904, 31.3541469 ] ] ] } },
{ "type": "Feature", "properties": { "element": "way", "id": 681551818, "addr:city": null, "addr:housenumber": null, "addr:postcode": null, "addr:street": null, "building": null, "building:levels": null, "landuse": "residential", "name": null, "operator": null, "residential": null, "description": null, "source": null, "phone": null, "ele": "1", "name:en": null, "name:ur": null, "official_name": null, "official_name:ur": null, "type": null }, "geometry": { "type": "Polygon", "coordinates": [ [ [ 74.3879708, 31.4772156 ], [ 74.3878548, 31.4772351 ], [ 74.3878909, 31.477407 ], [ 74.3880051, 31.4773859 ], [ 74.3879708, 31.4772156 ] ] ] } },
{ "type": "Feature", "properties": { "element": "way", "id": 682821662, "addr:city": null, "addr:housenumber": null, "addr:postcode": null, "addr:street": null, "building": null, "building:levels": null, "landuse": "residential", "name": null, "operator": null, "residential": null, "description": null, "source": null, "phone": null, "ele": null, "name:en": null, "name:ur": null, "official_name": null, "official_name:ur": null, "type": null }, "geometry": { "type": "Polygon", "coordinates": [ [ [ 74.3542081, 31.2738491 ], [ 74.3548009, 31.2738537 ], [ 74.3548572, 31.2737551 ], [ 74.3552059, 31.273762 ], [ 74.3552113, 31.2735144 ], [ 74.3554553, 31.2735396 ], [ 74.3554527, 31.2733677 ], [ 74.3550771, 31.2732714 ], [ 74.3551254, 31.2730765 ], [ 74.355458, 31.2730972 ], [ 74.3554527, 31.272735 ], [ 74.3551174, 31.2727396 ], [ 74.3550798, 31.2726708 ], [ 74.3550584, 31.2722512 ], [ 74.3551764, 31.2722467 ], [ 74.3551576, 31.2719624 ], [ 74.3547821, 31.2719647 ], [ 74.3547875, 31.2717607 ], [ 74.3545997, 31.2717629 ], [ 74.354597, 31.2718776 ], [ 74.3541437, 31.2718822 ], [ 74.3541518, 31.2722054 ], [ 74.3541008, 31.2722902 ], [ 74.3541035, 31.2724897 ], [ 74.3538862, 31.2724943 ], [ 74.3538889, 31.2727625 ], [ 74.3535402, 31.2727694 ], [ 74.353559, 31.2732737 ], [ 74.3541115, 31.2732691 ], [ 74.3541357, 31.2738468 ], [ 74.3542081, 31.2738491 ] ] ] } },
{ "type": "Feature", "properties": { "element": "way", "id": 684997359, "addr:city": null, "addr:housenumber": null, "addr:postcode": null, "addr:street": null, "building": null, "building:levels": null, "landuse": "residential", "name": null, "operator": null, "residential": null, "description": null, "source": null, "phone": null, "ele": null, "name:en": null, "name:ur": null, "official_name": null, "official_name:ur": null, "type": null }, "geometry": { "type": "Polygon", "coordinates": [ [ [ 74.33543, 31.2906812 ], [ 74.3351215, 31.2906904 ], [ 74.3351188, 31.2906033 ], [ 74.3347514, 31.290601 ], [ 74.3347487, 31.2907706 ], [ 74.3348533, 31.2907752 ], [ 74.3348533, 31.2909013 ], [ 74.33451, 31.2909288 ], [ 74.3341318, 31.2909265 ], [ 74.3341076, 31.2906881 ], [ 74.3338099, 31.2906927 ], [ 74.333818, 31.2908554 ], [ 74.3335712, 31.2908577 ], [ 74.3335873, 31.2915385 ], [ 74.333716, 31.2915706 ], [ 74.3338287, 31.2916026 ], [ 74.3339467, 31.2916668 ], [ 74.3339226, 31.2919006 ], [ 74.3339843, 31.2919075 ], [ 74.3339413, 31.2921688 ], [ 74.3339172, 31.2923499 ], [ 74.3338931, 31.2925332 ], [ 74.3339252, 31.2925401 ], [ 74.3339199, 31.2926066 ], [ 74.3342498, 31.2926318 ], [ 74.3342927, 31.2925149 ], [ 74.3342927, 31.2924461 ], [ 74.3343678, 31.2924622 ], [ 74.3343517, 31.2929183 ], [ 74.3346709, 31.2929114 ], [ 74.3346843, 31.2933308 ], [ 74.3349069, 31.2933262 ], [ 74.3349364, 31.2932827 ], [ 74.3349338, 31.2931658 ], [ 74.3351403, 31.2931635 ], [ 74.3351322, 31.2929045 ], [ 74.3352717, 31.292916 ], [ 74.3352959, 31.29301 ], [ 74.3353388, 31.2930145 ], [ 74.335438, 31.2929114 ], [ 74.3355185, 31.2929045 ], [ 74.3355238, 31.2929527 ], [ 74.3362534, 31.2928999 ], [ 74.3363178, 31.2927578 ], [ 74.3367013, 31.2928174 ], [ 74.3369856, 31.2928816 ], [ 74.3370634, 31.2923682 ], [ 74.3367067, 31.2923269 ], [ 74.3366396, 31.2923705 ], [ 74.3362668, 31.2923682 ], [ 74.3355533, 31.2923819 ], [ 74.3355426, 31.2920909 ], [ 74.3355909, 31.2920863 ], [ 74.3357062, 31.2918548 ], [ 74.3357035, 31.2917723 ], [ 74.3355212, 31.29177 ], [ 74.3355131, 31.2912543 ], [ 74.3355936, 31.2912497 ], [ 74.3355909, 31.291119 ], [ 74.3355104, 31.2911236 ], [ 74.335497, 31.2909357 ], [ 74.3355641, 31.2909334 ], [ 74.3355668, 31.2908669 ], [ 74.335497, 31.29086 ], [ 74.3354943, 31.2906812 ], [ 74.33543, 31.2906812 ] ] ] } },
{ "type": "Feature", "properties": { "element": "way", "id": 685076985, "addr:city": null, "addr:housenumber": null, "addr:postcode": null, "addr:street": null, "building": null, "building:levels": null, "landuse": "residential", "name": null, "operator": null, "residential": null, "description": null, "source": null, "phone": null, "ele": null, "name:en": null, "name:ur": null, "official_name": null, "official_name:ur": null, "type": null }, "geometry": { "type": "Polygon", "coordinates": [ [ [ 74.3571129, 31.2775583 ], [ 74.3575582, 31.2776247 ], [ 74.3575904, 31.2774551 ], [ 74.3578237, 31.2774803 ], [ 74.3578371, 31.2773818 ], [ 74.3583709, 31.2773909 ], [ 74.3586686, 31.2773772 ], [ 74.3586552, 31.2771204 ], [ 74.3583682, 31.277125 ], [ 74.3583387, 31.2767674 ], [ 74.3582636, 31.27649 ], [ 74.3582341, 31.2762814 ], [ 74.3582287, 31.2761255 ], [ 74.3584487, 31.2761209 ], [ 74.358454, 31.2762654 ], [ 74.3587625, 31.2762562 ], [ 74.3588564, 31.2762608 ], [ 74.358969, 31.2763272 ], [ 74.3589583, 31.2764006 ], [ 74.3590146, 31.276474 ], [ 74.3590978, 31.2764808 ], [ 74.359138, 31.2765427 ], [ 74.3591702, 31.2765748 ], [ 74.3594223, 31.2765473 ], [ 74.3594491, 31.2766253 ], [ 74.3594491, 31.2766665 ], [ 74.3592024, 31.2766596 ], [ 74.3592963, 31.27696 ], [ 74.3595698, 31.2769301 ], [ 74.3597093, 31.2769714 ], [ 74.3597066, 31.2768339 ], [ 74.359771, 31.2767651 ], [ 74.3598971, 31.2767513 ], [ 74.3598971, 31.2767215 ], [ 74.3599534, 31.2767147 ], [ 74.359948, 31.2766482 ], [ 74.3600768, 31.2766413 ], [ 74.3600982, 31.2770906 ], [ 74.3601841, 31.2772878 ], [ 74.3602028, 31.2773634 ], [ 74.3599936, 31.2775147 ], [ 74.3600312, 31.2775651 ], [ 74.3600017, 31.2777325 ], [ 74.3598729, 31.2777692 ], [ 74.3598542, 31.2778448 ], [ 74.3596289, 31.2779021 ], [ 74.3595618, 31.277964 ], [ 74.3596396, 31.2779824 ], [ 74.3596503, 31.2780901 ], [ 74.3598568, 31.2780786 ], [ 74.3598622, 31.2779686 ], [ 74.359999, 31.2779617 ], [ 74.359999, 31.278356 ], [ 74.359999, 31.2787755 ], [ 74.3600339, 31.2789108 ], [ 74.3601063, 31.2790735 ], [ 74.3605623, 31.2790185 ], [ 74.3605059, 31.2784454 ], [ 74.3608895, 31.2784156 ], [ 74.3611363, 31.278411 ], [ 74.3615252, 31.278317 ], [ 74.3616566, 31.2786999 ], [ 74.3615386, 31.2787251 ], [ 74.3615735, 31.2790047 ], [ 74.3615735, 31.2791102 ], [ 74.3611979, 31.2791217 ], [ 74.3611979, 31.2796145 ], [ 74.3612704, 31.2796191 ], [ 74.3612757, 31.2797314 ], [ 74.361206, 31.2797452 ], [ 74.3611926, 31.2800615 ], [ 74.3612623, 31.2800638 ], [ 74.3614152, 31.2802678 ], [ 74.3615547, 31.280293 ], [ 74.361603, 31.2803916 ], [ 74.3617424, 31.2805979 ], [ 74.3617988, 31.2806942 ], [ 74.3618256, 31.2808134 ], [ 74.3619034, 31.2808294 ], [ 74.3619463, 31.2808845 ], [ 74.3621126, 31.2809257 ], [ 74.3621662, 31.2809441 ], [ 74.3622789, 31.281171 ], [ 74.3625444, 31.2810976 ], [ 74.3627912, 31.2815767 ], [ 74.3627536, 31.2816111 ], [ 74.3627778, 31.2816822 ], [ 74.3634912, 31.2816615 ], [ 74.3634242, 31.2821544 ], [ 74.3633598, 31.282363 ], [ 74.3630889, 31.2823332 ], [ 74.3630406, 31.282606 ], [ 74.3632954, 31.2826999 ], [ 74.3633813, 31.2828283 ], [ 74.3633062, 31.2831011 ], [ 74.3632901, 31.2832707 ], [ 74.3633115, 31.2835618 ], [ 74.3633732, 31.2841303 ], [ 74.362818, 31.2841486 ], [ 74.3627858, 31.2835343 ], [ 74.3620455, 31.2835664 ], [ 74.3619516, 31.2836008 ], [ 74.3617558, 31.28361 ], [ 74.3617558, 31.2836764 ], [ 74.3615118, 31.2836948 ], [ 74.361501, 31.2835527 ], [ 74.3614581, 31.2835458 ], [ 74.3614581, 31.2834908 ], [ 74.3613481, 31.2834885 ], [ 74.3612328, 31.2833624 ], [ 74.3612275, 31.283257 ], [ 74.3614259, 31.2832432 ], [ 74.3614206, 31.2831286 ], [ 74.3611228, 31.2831446 ], [ 74.3611014, 31.2830231 ], [ 74.3611014, 31.2829681 ], [ 74.3607822, 31.2829704 ], [ 74.3607876, 31.2828833 ], [ 74.3607151, 31.2828719 ], [ 74.3607259, 31.2827595 ], [ 74.3606642, 31.2827343 ], [ 74.3605944, 31.2826358 ], [ 74.360058, 31.282661 ], [ 74.3600661, 31.2827618 ], [ 74.3601814, 31.2831194 ], [ 74.3602699, 31.2832478 ], [ 74.3603075, 31.2835091 ], [ 74.3600365, 31.2835343 ], [ 74.3600365, 31.2835985 ], [ 74.3598971, 31.283626 ], [ 74.3598649, 31.2838942 ], [ 74.3594545, 31.2839538 ], [ 74.359366, 31.2837842 ], [ 74.3592024, 31.2838002 ], [ 74.3592185, 31.2838667 ], [ 74.3589395, 31.283885 ], [ 74.3589315, 31.2835504 ], [ 74.3588912, 31.2835458 ], [ 74.3588617, 31.2831928 ], [ 74.3588188, 31.2831561 ], [ 74.3587866, 31.2828925 ], [ 74.3588215, 31.282865 ], [ 74.3587947, 31.2827045 ], [ 74.3587625, 31.2827045 ], [ 74.3587276, 31.2824707 ], [ 74.3587813, 31.2824547 ], [ 74.3587759, 31.2824088 ], [ 74.358336, 31.2824547 ], [ 74.3583468, 31.282567 ], [ 74.3582126, 31.2825853 ], [ 74.3582261, 31.2827068 ], [ 74.3576977, 31.282787 ], [ 74.3576547, 31.282606 ], [ 74.3576038, 31.282606 ], [ 74.3575582, 31.282434 ], [ 74.3573087, 31.2824432 ], [ 74.3572953, 31.2822392 ], [ 74.3570942, 31.2822507 ], [ 74.3570405, 31.2821177 ], [ 74.3567133, 31.2821911 ], [ 74.3565658, 31.2816157 ], [ 74.3567374, 31.2815813 ], [ 74.3566462, 31.2811687 ], [ 74.3567133, 31.2811481 ], [ 74.3566838, 31.2808913 ], [ 74.3566355, 31.2808913 ], [ 74.3563566, 31.2808042 ], [ 74.3562707, 31.2800042 ], [ 74.3562546, 31.2797979 ], [ 74.3556565, 31.2798117 ], [ 74.3556377, 31.2795182 ], [ 74.3560991, 31.2794563 ], [ 74.3560776, 31.2793692 ], [ 74.3562064, 31.2793486 ], [ 74.3561715, 31.2791446 ], [ 74.3562359, 31.2791354 ], [ 74.3561929, 31.2787732 ], [ 74.3561608, 31.2787732 ], [ 74.3561527, 31.2786769 ], [ 74.3561554, 31.2784523 ], [ 74.3558282, 31.2783423 ], [ 74.3558711, 31.2782162 ], [ 74.3560079, 31.2781176 ], [ 74.3562332, 31.2781107 ], [ 74.3562412, 31.278042 ], [ 74.3563807, 31.278042 ], [ 74.356378, 31.27776 ], [ 74.3569708, 31.2777921 ], [ 74.3569896, 31.2776912 ], [ 74.3571049, 31.2776912 ], [ 74.3571129, 31.2775583 ] ] ] } },
{ "type": "Feature", "properties": { "element": "way", "id": 685130462, "addr:city": null, "addr:housenumber": null, "addr:postcode": null, "addr:street": null, "building": null, "building:levels": null, "landuse": "residential", "name": null, "operator": null, "residential": null, "description": null, "source": null, "phone": null, "ele": null, "name:en": null, "name:ur": null, "official_name": null, "official_name:ur": null, "type": null }, "geometry": { "type": "Polygon", "coordinates": [ [ [ 74.3448874, 31.2955472 ], [ 74.3449733, 31.2954417 ], [ 74.3450242, 31.2954303 ], [ 74.3452549, 31.2952034 ], [ 74.3454158, 31.2949077 ], [ 74.3459147, 31.2950406 ], [ 74.3459496, 31.2950269 ], [ 74.3460381, 31.2948688 ], [ 74.3458557, 31.2947564 ], [ 74.3460408, 31.2945708 ], [ 74.3458638, 31.2944516 ], [ 74.3458343, 31.2943462 ], [ 74.3458503, 31.2941857 ], [ 74.3460086, 31.2939588 ], [ 74.3463063, 31.2937021 ], [ 74.3462929, 31.293599 ], [ 74.3463439, 31.2935302 ], [ 74.3464163, 31.2935325 ], [ 74.3464324, 31.2934019 ], [ 74.3464538, 31.2932689 ], [ 74.3466094, 31.2928564 ], [ 74.3466952, 31.2928931 ], [ 74.3472397, 31.2932942 ], [ 74.347398, 31.2930191 ], [ 74.3470412, 31.2930306 ], [ 74.3470278, 31.2926753 ], [ 74.3475965, 31.2926524 ], [ 74.3477252, 31.2924484 ], [ 74.3478647, 31.292155 ], [ 74.3482161, 31.2921642 ], [ 74.348208, 31.2922903 ], [ 74.3483421, 31.2922628 ], [ 74.3485782, 31.2922696 ], [ 74.3484119, 31.2925126 ], [ 74.3486881, 31.2925699 ], [ 74.3485942, 31.2928656 ], [ 74.3484843, 31.2930787 ], [ 74.3483394, 31.2935188 ], [ 74.3482724, 31.2935004 ], [ 74.3482107, 31.2936127 ], [ 74.3481114, 31.2935852 ], [ 74.3480042, 31.2938351 ], [ 74.3477225, 31.2937549 ], [ 74.3476045, 31.293952 ], [ 74.3477145, 31.2939863 ], [ 74.3476528, 31.2941789 ], [ 74.3475053, 31.294133 ], [ 74.3473282, 31.2944058 ], [ 74.347398, 31.2944379 ], [ 74.3473899, 31.2945043 ], [ 74.3473202, 31.2946556 ], [ 74.347803, 31.2948344 ], [ 74.3477601, 31.2950177 ], [ 74.3479586, 31.2950888 ], [ 74.3480229, 31.2951071 ], [ 74.3482938, 31.2951094 ], [ 74.3482804, 31.2953684 ], [ 74.3482053, 31.2954234 ], [ 74.3472505, 31.2952125 ], [ 74.3464163, 31.2950269 ], [ 74.3460783, 31.2949238 ], [ 74.3460461, 31.2949536 ], [ 74.346022, 31.2950429 ], [ 74.3460569, 31.295059 ], [ 74.3464914, 31.2951415 ], [ 74.3464592, 31.2954578 ], [ 74.3464592, 31.2954807 ], [ 74.346427, 31.2954761 ], [ 74.3464136, 31.2956641 ], [ 74.3459362, 31.2956801 ], [ 74.3459281, 31.295836 ], [ 74.3455312, 31.2958451 ], [ 74.3455204, 31.2956755 ], [ 74.3452227, 31.2956732 ], [ 74.345094, 31.2955861 ], [ 74.3450162, 31.2955495 ], [ 74.3449679, 31.2955976 ], [ 74.3448874, 31.2955472 ] ] ] } },
{ "type": "Feature", "properties": { "element": "way", "id": 793257610, "addr:city": null, "addr:housenumber": null, "addr:postcode": null, "addr:street": null, "building": null, "building:levels": null, "landuse": "residential", "name": "Barki Appartment", "operator": null, "residential": "apartments", "description": null, "source": null, "phone": null, "ele": null, "name:en": null, "name:ur": null, "official_name": null, "official_name:ur": null, "type": null }, "geometry": { "type": "Polygon", "coordinates": [ [ [ 74.4569789, 31.5260264 ], [ 74.4569661, 31.5259201 ], [ 74.4570626, 31.5259116 ], [ 74.4570754, 31.526018 ], [ 74.4569789, 31.5260264 ] ] ] } },
{ "type": "Feature", "properties": { "element": "way", "id": 793257611, "addr:city": null, "addr:housenumber": null, "addr:postcode": null, "addr:street": null, "building": null, "building:levels": null, "landuse": "residential", "name": "Barki Appartment", "operator": null, "residential": "apartments", "description": null, "source": null, "phone": null, "ele": null, "name:en": null, "name:ur": null, "official_name": null, "official_name:ur": null, "type": null }, "geometry": { "type": "Polygon", "coordinates": [ [ [ 74.4571183, 31.5260126 ], [ 74.4571094, 31.5259097 ], [ 74.4571884, 31.5259047 ], [ 74.4571974, 31.5260076 ], [ 74.4571183, 31.5260126 ] ] ] } },
{ "type": "Feature", "properties": { "element": "way", "id": 793257612, "addr:city": null, "addr:housenumber": null, "addr:postcode": null, "addr:street": null, "building": null, "building:levels": null, "landuse": "residential", "name": "Barki Appartment", "operator": null, "residential": "apartments", "description": null, "source": null, "phone": null, "ele": null, "name:en": null, "name:ur": null, "official_name": null, "official_name:ur": null, "type": null }, "geometry": { "type": "Polygon", "coordinates": [ [ [ 74.4572258, 31.5259089 ], [ 74.4572312, 31.5260015 ], [ 74.4572871, 31.5259991 ], [ 74.4572817, 31.5259065 ], [ 74.4572258, 31.5259089 ] ] ] } },
{ "type": "Feature", "properties": { "element": "way", "id": 793257613, "addr:city": null, "addr:housenumber": null, "addr:postcode": null, "addr:street": null, "building": null, "building:levels": null, "landuse": "residential", "name": "Barki Appartment", "operator": null, "residential": "apartments", "description": null, "source": null, "phone": null, "ele": null, "name:en": null, "name:ur": null, "official_name": null, "official_name:ur": null, "type": null }, "geometry": { "type": "Polygon", "coordinates": [ [ [ 74.4573299, 31.5258974 ], [ 74.4573348, 31.5259999 ], [ 74.4574142, 31.5259971 ], [ 74.4574093, 31.5258947 ], [ 74.4573299, 31.5258974 ] ] ] } },
{ "type": "Feature", "properties": { "element": "way", "id": 793257614, "addr:city": null, "addr:housenumber": null, "addr:postcode": null, "addr:street": null, "building": null, "building:levels": null, "landuse": "residential", "name": "Barki Appartment", "operator": null, "residential": "apartments", "description": null, "source": null, "phone": null, "ele": null, "name:en": null, "name:ur": null, "official_name": null, "official_name:ur": null, "type": null }, "geometry": { "type": "Polygon", "coordinates": [ [ [ 74.457439, 31.5258902 ], [ 74.4574445, 31.5259946 ], [ 74.4575298, 31.5259914 ], [ 74.4575243, 31.525887 ], [ 74.457439, 31.5258902 ] ] ] } },
{ "type": "Feature", "properties": { "element": "way", "id": 793257615, "addr:city": null, "addr:housenumber": null, "addr:postcode": null, "addr:street": null, "building": null, "building:levels": null, "landuse": "residential", "name": "Barki Appartment", "operator": null, "residential": "apartments", "description": null, "source": null, "phone": null, "ele": null, "name:en": null, "name:ur": null, "official_name": null, "official_name:ur": null, "type": null }, "geometry": { "type": "Polygon", "coordinates": [ [ [ 74.4575556, 31.5258819 ], [ 74.4575611, 31.5259863 ], [ 74.4576464, 31.5259831 ], [ 74.4576409, 31.5258787 ], [ 74.4575556, 31.5258819 ] ] ] } },
{ "type": "Feature", "properties": { "element": "way", "id": 793257616, "addr:city": null, "addr:housenumber": null, "addr:postcode": null, "addr:street": null, "building": null, "building:levels": null, "landuse": "residential", "name": "Barki Appartment", "operator": null, "residential": "apartments", "description": null, "source": null, "phone": null, "ele": null, "name:en": null, "name:ur": null, "official_name": null, "official_name:ur": null, "type": null }, "geometry": { "type": "Polygon", "coordinates": [ [ [ 74.4576669, 31.5258751 ], [ 74.4576725, 31.5259795 ], [ 74.4577578, 31.5259762 ], [ 74.4577523, 31.5258718 ], [ 74.4576669, 31.5258751 ] ] ] } },
{ "type": "Feature", "properties": { "element": "way", "id": 793257617, "addr:city": null, "addr:housenumber": null, "addr:postcode": null, "addr:street": null, "building": null, "building:levels": null, "landuse": "residential", "name": "Barki Appartment", "operator": null, "residential": "apartments", "description": null, "source": null, "phone": null, "ele": null, "name:en": null, "name:ur": null, "official_name": null, "official_name:ur": null, "type": null }, "geometry": { "type": "Polygon", "coordinates": [ [ [ 74.4577771, 31.5258634 ], [ 74.4577826, 31.5259678 ], [ 74.4578679, 31.5259645 ], [ 74.4578624, 31.5258601 ], [ 74.4577771, 31.5258634 ] ] ] } },
{ "type": "Feature", "properties": { "element": "way", "id": 820402799, "addr:city": null, "addr:housenumber": null, "addr:postcode": null, "addr:street": null, "building": null, "building:levels": null, "landuse": "residential", "name": null, "operator": null, "residential": null, "description": null, "source": null, "phone": null, "ele": null, "name:en": null, "name:ur": null, "official_name": null, "official_name:ur": null, "type": null }, "geometry": { "type": "Polygon", "coordinates": [ [ [ 74.5577183, 31.5937908 ], [ 74.5578972, 31.5938635 ], [ 74.558133, 31.5938808 ], [ 74.5587021, 31.5938219 ], [ 74.5589542, 31.593815 ], [ 74.5591168, 31.5938946 ], [ 74.5591168, 31.5943067 ], [ 74.5590477, 31.5946288 ], [ 74.5589379, 31.5949612 ], [ 74.55882, 31.5958754 ], [ 74.5586655, 31.5962078 ], [ 74.5586411, 31.5963914 ], [ 74.5588282, 31.5967792 ], [ 74.5591087, 31.597219 ], [ 74.5591331, 31.5973817 ], [ 74.5590924, 31.5975202 ], [ 74.5586493, 31.5979081 ], [ 74.5584419, 31.5980881 ], [ 74.5584257, 31.598241 ], [ 74.5586208, 31.5988851 ], [ 74.5554741, 31.5989266 ], [ 74.5554904, 31.5981163 ], [ 74.5547586, 31.5981302 ], [ 74.5547668, 31.597964 ], [ 74.5545797, 31.5979432 ], [ 74.5546041, 31.5974584 ], [ 74.5542301, 31.5973545 ], [ 74.554287, 31.597126 ], [ 74.5547668, 31.5971398 ], [ 74.5547993, 31.5970152 ], [ 74.5555067, 31.5970152 ], [ 74.5555067, 31.5962464 ], [ 74.5547668, 31.5960179 ], [ 74.5542545, 31.5959833 ], [ 74.5542708, 31.5960733 ], [ 74.5535308, 31.5960941 ], [ 74.5535227, 31.596004 ], [ 74.5531162, 31.5959763 ], [ 74.5531324, 31.595353 ], [ 74.5540919, 31.595353 ], [ 74.5537666, 31.5949306 ], [ 74.5533276, 31.5940925 ], [ 74.5532707, 31.5937393 ], [ 74.5525145, 31.5934138 ], [ 74.552425, 31.5935662 ], [ 74.5524006, 31.5939332 ], [ 74.5523112, 31.5939956 ], [ 74.5518071, 31.5937255 ], [ 74.5515062, 31.5939055 ], [ 74.5511973, 31.5935939 ], [ 74.5518477, 31.5932545 ], [ 74.5518721, 31.5929913 ], [ 74.5525551, 31.5929429 ], [ 74.5526121, 31.5921256 ], [ 74.5528153, 31.592091 ], [ 74.552856, 31.591897 ], [ 74.5535308, 31.5919663 ], [ 74.5534902, 31.5922503 ], [ 74.5534902, 31.5924442 ], [ 74.5537179, 31.5927489 ], [ 74.5543033, 31.5929706 ], [ 74.5547098, 31.5930814 ], [ 74.5550269, 31.593026 ], [ 74.5553034, 31.5931506 ], [ 74.555466, 31.5933376 ], [ 74.5559295, 31.5934277 ], [ 74.5565474, 31.5932407 ], [ 74.5568157, 31.5932407 ], [ 74.5573849, 31.5935038 ], [ 74.5577183, 31.5937908 ] ] ] } },
{ "type": "Feature", "properties": { "element": "way", "id": 878211390, "addr:city": null, "addr:housenumber": null, "addr:postcode": null, "addr:street": null, "building": null, "building:levels": null, "landuse": "residential", "name": null, "operator": null, "residential": null, "description": null, "source": null, "phone": null, "ele": null, "name:en": null, "name:ur": null, "official_name": null, "official_name:ur": null, "type": null }, "geometry": { "type": "Polygon", "coordinates": [ [ [ 74.2799663, 31.540105 ], [ 74.2803932, 31.5397861 ], [ 74.2806013, 31.539667 ], [ 74.2814977, 31.5392972 ], [ 74.282463, 31.5389353 ], [ 74.283071, 31.538611 ], [ 74.2824162, 31.5381479 ], [ 74.2816674, 31.5377632 ], [ 74.2813107, 31.5374435 ], [ 74.2804761, 31.5365653 ], [ 74.2801554, 31.5367403 ], [ 74.2796955, 31.5369275 ], [ 74.2792734, 31.5370685 ], [ 74.2786873, 31.5372642 ], [ 74.2793215, 31.5387046 ], [ 74.2799663, 31.540105 ] ] ] } },
{ "type": "Feature", "properties": { "element": "way", "id": 894130634, "addr:city": null, "addr:housenumber": null, "addr:postcode": null, "addr:street": null, "building": null, "building:levels": null, "landuse": "residential", "name": "Nishat Block", "operator": null, "residential": null, "description": null, "source": null, "phone": null, "ele": null, "name:en": null, "name:ur": null, "official_name": null, "official_name:ur": null, "type": null }, "geometry": { "type": "Polygon", "coordinates": [ [ [ 74.2421988, 31.3285637 ], [ 74.2488748, 31.3284407 ], [ 74.2489486, 31.3321471 ], [ 74.2426668, 31.3355652 ], [ 74.2421988, 31.3285637 ] ] ] } },
{ "type": "Feature", "properties": { "element": "way", "id": 894130635, "addr:city": null, "addr:housenumber": null, "addr:postcode": null, "addr:street": null, "building": null, "building:levels": null, "landuse": "residential", "name": "Shaheen Block", "operator": null, "residential": null, "description": null, "source": null, "phone": null, "ele": null, "name:en": null, "name:ur": null, "official_name": null, "official_name:ur": null, "type": null }, "geometry": { "type": "Polygon", "coordinates": [ [ [ 74.2421972, 31.3285499 ], [ 74.2488796, 31.3284098 ], [ 74.2487723, 31.3232477 ], [ 74.2430099, 31.3233487 ], [ 74.2416523, 31.3233565 ], [ 74.2413393, 31.3233808 ], [ 74.2409856, 31.3234572 ], [ 74.2404937, 31.3236899 ], [ 74.2401034, 31.3239504 ], [ 74.2395342, 31.3243289 ], [ 74.2393309, 31.3244574 ], [ 74.2392309, 31.3245355 ], [ 74.239491, 31.3247157 ], [ 74.2399626, 31.3250283 ], [ 74.2404098, 31.3253165 ], [ 74.2408123, 31.3255631 ], [ 74.2412067, 31.325827 ], [ 74.2415319, 31.3260354 ], [ 74.2416823, 31.3261708 ], [ 74.241788, 31.3262993 ], [ 74.2420157, 31.3265945 ], [ 74.2420767, 31.3268098 ], [ 74.2421214, 31.3273898 ], [ 74.2421972, 31.3285499 ] ] ] } },
{ "type": "Feature", "properties": { "element": "way", "id": 894130636, "addr:city": null, "addr:housenumber": null, "addr:postcode": null, "addr:street": null, "building": null, "building:levels": null, "landuse": "residential", "name": "Jehlum Block", "operator": null, "residential": null, "description": null, "source": null, "phone": null, "ele": null, "name:en": null, "name:ur": null, "official_name": null, "official_name:ur": null, "type": null }, "geometry": { "type": "Polygon", "coordinates": [ [ [ 74.2488137, 31.3232579 ], [ 74.2517424, 31.3232041 ], [ 74.2517831, 31.3234889 ], [ 74.25097, 31.3235375 ], [ 74.2509863, 31.3246349 ], [ 74.2510107, 31.3255309 ], [ 74.249889, 31.3255693 ], [ 74.2498972, 31.3262013 ], [ 74.2499873, 31.3280279 ], [ 74.2488922, 31.3280299 ], [ 74.2488137, 31.3232579 ] ] ] } },
{ "type": "Feature", "properties": { "element": "way", "id": 894130637, "addr:city": null, "addr:housenumber": null, "addr:postcode": null, "addr:street": null, "building": null, "building:levels": null, "landuse": "residential", "name": "Punjab Block", "operator": null, "residential": null, "description": null, "source": null, "phone": null, "ele": null, "name:en": null, "name:ur": null, "official_name": null, "official_name:ur": null, "type": null }, "geometry": { "type": "Polygon", "coordinates": [ [ [ 74.2486714, 31.3214613 ], [ 74.2500178, 31.3214429 ], [ 74.2541496, 31.3213819 ], [ 74.2543568, 31.3213742 ], [ 74.2543682, 31.3201657 ], [ 74.253923, 31.3192252 ], [ 74.2532471, 31.3187752 ], [ 74.2519931, 31.3179504 ], [ 74.2519362, 31.3170293 ], [ 74.2485275, 31.3175037 ], [ 74.2486714, 31.3214613 ] ] ] } },
{ "type": "Feature", "properties": { "element": "way", "id": 894130638, "addr:city": null, "addr:housenumber": null, "addr:postcode": null, "addr:street": null, "building": null, "building:levels": null, "landuse": "residential", "name": "Rachna Block", "operator": null, "residential": null, "description": null, "source": null, "phone": null, "ele": null, "name:en": null, "name:ur": null, "official_name": null, "official_name:ur": null, "type": null }, "geometry": { "type": "Polygon", "coordinates": [ [ [ 74.243625, 31.3215139 ], [ 74.248351, 31.3214421 ], [ 74.2483234, 31.3175098 ], [ 74.248292, 31.3159874 ], [ 74.2469998, 31.3160207 ], [ 74.2454915, 31.3164931 ], [ 74.2434879, 31.3171971 ], [ 74.243625, 31.3215139 ] ] ] } },
{ "type": "Feature", "properties": { "element": "way", "id": 894130639, "addr:city": null, "addr:housenumber": null, "addr:postcode": null, "addr:street": null, "building": null, "building:levels": null, "landuse": "residential", "name": "Khyber Block", "operator": null, "residential": null, "description": null, "source": null, "phone": null, "ele": null, "name:en": null, "name:ur": null, "official_name": null, "official_name:ur": null, "type": null }, "geometry": { "type": "Polygon", "coordinates": [ [ [ 74.2354045, 31.3220765 ], [ 74.2389745, 31.3243291 ], [ 74.2397657, 31.3238112 ], [ 74.2403853, 31.3234125 ], [ 74.2408091, 31.3231009 ], [ 74.2418956, 31.3223744 ], [ 74.2423486, 31.322066 ], [ 74.2427804, 31.3217939 ], [ 74.2429574, 31.321679 ], [ 74.2430919, 31.3215762 ], [ 74.2431556, 31.3214855 ], [ 74.2432476, 31.3212799 ], [ 74.2433325, 31.3210139 ], [ 74.2433325, 31.3208143 ], [ 74.2433325, 31.3204999 ], [ 74.2432608, 31.3172511 ], [ 74.2420928, 31.3176169 ], [ 74.2393364, 31.3195236 ], [ 74.2375151, 31.3207392 ], [ 74.2372991, 31.3209122 ], [ 74.2354045, 31.3220765 ] ] ] } },
{ "type": "Feature", "properties": { "element": "way", "id": 894130640, "addr:city": null, "addr:housenumber": null, "addr:postcode": null, "addr:street": null, "building": null, "building:levels": null, "landuse": "residential", "name": "Bolan Block", "operator": null, "residential": null, "description": null, "source": null, "phone": null, "ele": null, "name:en": null, "name:ur": null, "official_name": null, "official_name:ur": null, "type": null }, "geometry": { "type": "Polygon", "coordinates": [ [ [ 74.2296942, 31.3237166 ], [ 74.2347203, 31.321807 ], [ 74.238728, 31.3244226 ], [ 74.2381588, 31.3247422 ], [ 74.2375531, 31.3250721 ], [ 74.2369595, 31.3253881 ], [ 74.2361993, 31.3258118 ], [ 74.235622, 31.3260896 ], [ 74.2350691, 31.3263917 ], [ 74.2344257, 31.3266612 ], [ 74.2340941, 31.3267449 ], [ 74.2338045, 31.3267709 ], [ 74.2332605, 31.3267709 ], [ 74.2326931, 31.3267808 ], [ 74.2313338, 31.3268087 ], [ 74.2296942, 31.3237166 ] ] ] } },
{ "type": "Feature", "properties": { "element": "way", "id": 894130641, "addr:city": null, "addr:housenumber": null, "addr:postcode": null, "addr:street": null, "building": null, "building:levels": null, "landuse": "residential", "name": "Ashrafi Town", "operator": null, "residential": null, "description": null, "source": null, "phone": null, "ele": null, "name:en": null, "name:ur": null, "official_name": null, "official_name:ur": null, "type": null }, "geometry": { "type": "Polygon", "coordinates": [ [ [ 74.2170948, 31.2837877 ], [ 74.2173415, 31.2842645 ], [ 74.2180496, 31.284017 ], [ 74.2196911, 31.2834485 ], [ 74.2212576, 31.2864925 ], [ 74.2208847, 31.2867637 ], [ 74.2200345, 31.2873819 ], [ 74.219715, 31.2883235 ], [ 74.2196614, 31.2896163 ], [ 74.2198652, 31.2905881 ], [ 74.220922, 31.2923289 ], [ 74.2158687, 31.2942587 ], [ 74.2151392, 31.2945705 ], [ 74.2113412, 31.296064 ], [ 74.2117708, 31.2974926 ], [ 74.2121164, 31.2981151 ], [ 74.212434, 31.2986179 ], [ 74.210678, 31.2993841 ], [ 74.2100523, 31.2970058 ], [ 74.2099869, 31.2966387 ], [ 74.2100803, 31.2964312 ], [ 74.2102391, 31.296096 ], [ 74.2103792, 31.2957687 ], [ 74.2106407, 31.2949946 ], [ 74.211556, 31.2926721 ], [ 74.2146008, 31.291403 ], [ 74.215346, 31.2911718 ], [ 74.2152921, 31.2910427 ], [ 74.2152213, 31.2908979 ], [ 74.2151519, 31.2907676 ], [ 74.2150518, 31.2905846 ], [ 74.2149363, 31.2903964 ], [ 74.2147422, 31.2901778 ], [ 74.2145511, 31.2899725 ], [ 74.2142939, 31.2897447 ], [ 74.2139827, 31.2894933 ], [ 74.2137639, 31.2893274 ], [ 74.2135344, 31.289151 ], [ 74.2132142, 31.2888859 ], [ 74.2131491, 31.2888303 ], [ 74.2160885, 31.2875552 ], [ 74.2151005, 31.2856583 ], [ 74.2150233, 31.2853734 ], [ 74.2170948, 31.2837877 ] ] ] } },
{ "type": "Feature", "properties": { "element": "way", "id": 894130642, "addr:city": null, "addr:housenumber": null, "addr:postcode": null, "addr:street": null, "building": null, "building:levels": null, "landuse": "residential", "name": "Commercial Zone", "operator": null, "residential": null, "description": null, "source": null, "phone": null, "ele": null, "name:en": null, "name:ur": null, "official_name": null, "official_name:ur": null, "type": null }, "geometry": { "type": "Polygon", "coordinates": [ [ [ 74.2412251, 31.3231525 ], [ 74.2524427, 31.3230501 ], [ 74.2524944, 31.3216019 ], [ 74.2443171, 31.3217116 ], [ 74.2440174, 31.3217179 ], [ 74.2436928, 31.3217265 ], [ 74.2436003, 31.3217288 ], [ 74.2435426, 31.3217311 ], [ 74.2435017, 31.3217374 ], [ 74.243442, 31.3217472 ], [ 74.2433502, 31.3217861 ], [ 74.2432422, 31.3218262 ], [ 74.2431316, 31.3218783 ], [ 74.2430276, 31.321931 ], [ 74.2426628, 31.3221535 ], [ 74.2424062, 31.3223168 ], [ 74.2420045, 31.3225783 ], [ 74.2413621, 31.3229804 ], [ 74.241194, 31.3231029 ], [ 74.2411693, 31.3231497 ], [ 74.2412251, 31.3231525 ] ] ] } },
{ "type": "Feature", "properties": { "element": "way", "id": 894138287, "addr:city": null, "addr:housenumber": null, "addr:postcode": null, "addr:street": null, "building": null, "building:levels": null, "landuse": "residential", "name": "Bahria Orchard", "operator": null, "residential": null, "description": null, "source": null, "phone": null, "ele": null, "name:en": null, "name:ur": null, "official_name": null, "official_name:ur": null, "type": null }, "geometry": { "type": "Polygon", "coordinates": [ [ [ 74.2045535, 31.2838429 ], [ 74.2074396, 31.2850716 ], [ 74.2073786, 31.2881784 ], [ 74.2073663, 31.2884417 ], [ 74.209104, 31.2884628 ], [ 74.209104, 31.2901584 ], [ 74.2103364, 31.2907376 ], [ 74.2102994, 31.2921067 ], [ 74.2118523, 31.2921804 ], [ 74.2098681, 31.2965509 ], [ 74.2102994, 31.2985201 ], [ 74.2111498, 31.3013528 ], [ 74.2113324, 31.302222 ], [ 74.2099236, 31.3027524 ], [ 74.2093416, 31.3029747 ], [ 74.2089205, 31.3030366 ], [ 74.208317, 31.3030366 ], [ 74.2079549, 31.3030137 ], [ 74.2047211, 31.3030286 ], [ 74.2047777, 31.3040296 ], [ 74.2052058, 31.3040783 ], [ 74.2052371, 31.3055037 ], [ 74.2078875, 31.3055205 ], [ 74.2069572, 31.3068176 ], [ 74.2068108, 31.3070295 ], [ 74.2065344, 31.3075575 ], [ 74.206327, 31.3079396 ], [ 74.2058676, 31.308603 ], [ 74.2055871, 31.3089746 ], [ 74.2058895, 31.3092639 ], [ 74.2068807, 31.3112773 ], [ 74.208207, 31.3107986 ], [ 74.2085339, 31.311405 ], [ 74.2122325, 31.3099288 ], [ 74.2140071, 31.3092345 ], [ 74.2144461, 31.3099766 ], [ 74.2154175, 31.3096255 ], [ 74.2162674, 31.3113332 ], [ 74.2196048, 31.3100601 ], [ 74.2188859, 31.3087585 ], [ 74.2194224, 31.3085568 ], [ 74.2190147, 31.3077594 ], [ 74.219594, 31.307466 ], [ 74.2193687, 31.3069619 ], [ 74.2199159, 31.3067419 ], [ 74.2217288, 31.3060983 ], [ 74.2227816, 31.3081071 ], [ 74.2230147, 31.308563 ], [ 74.2224618, 31.3088047 ], [ 74.2244971, 31.31248 ], [ 74.2246672, 31.3126909 ], [ 74.2246538, 31.3138985 ], [ 74.224686, 31.3145905 ], [ 74.224753, 31.3148472 ], [ 74.224922, 31.3152321 ], [ 74.2251339, 31.3156606 ], [ 74.2255591, 31.3164339 ], [ 74.2259165, 31.317099 ], [ 74.2264722, 31.3181331 ], [ 74.2277594, 31.320611 ], [ 74.2303719, 31.319612 ], [ 74.2304859, 31.3196552 ], [ 74.23062, 31.3197177 ], [ 74.2308009, 31.3197889 ], [ 74.2310103, 31.3198376 ], [ 74.2315348, 31.3198671 ], [ 74.2321852, 31.3197907 ], [ 74.2332362, 31.3196466 ], [ 74.2395283, 31.318711 ], [ 74.2295648, 31.323512 ], [ 74.2293172, 31.3235392 ], [ 74.2285366, 31.3221226 ], [ 74.2268522, 31.3227642 ], [ 74.2270131, 31.3231079 ], [ 74.2268844, 31.3231491 ], [ 74.2257149, 31.3229017 ], [ 74.2232687, 31.3223197 ], [ 74.223258, 31.3233141 ], [ 74.2232151, 31.3240977 ], [ 74.223289, 31.3257249 ], [ 74.2235479, 31.3262302 ], [ 74.2185311, 31.3262099 ], [ 74.2184882, 31.3247252 ], [ 74.2169218, 31.3243219 ], [ 74.2169433, 31.3228372 ], [ 74.216949, 31.3226785 ], [ 74.2167457, 31.3226127 ], [ 74.2165423, 31.3226101 ], [ 74.2160832, 31.3226153 ], [ 74.2157875, 31.3226337 ], [ 74.2155287, 31.3226706 ], [ 74.2151928, 31.3227338 ], [ 74.2146968, 31.322889 ], [ 74.214401, 31.322997 ], [ 74.2141453, 31.323097 ], [ 74.2133288, 31.3234049 ], [ 74.212495, 31.3216736 ], [ 74.2088472, 31.322865 ], [ 74.2080104, 31.3219302 ], [ 74.2076456, 31.3212611 ], [ 74.2056929, 31.3221227 ], [ 74.2053862, 31.3216083 ], [ 74.2036258, 31.3222508 ], [ 74.202955, 31.3209444 ], [ 74.202272, 31.3212083 ], [ 74.2018492, 31.3202845 ], [ 74.2010849, 31.3192079 ], [ 74.1988633, 31.3201248 ], [ 74.1959236, 31.3176684 ], [ 74.1959063, 31.3169656 ], [ 74.1965903, 31.3168761 ], [ 74.196578, 31.3162865 ], [ 74.1987768, 31.316313 ], [ 74.198927, 31.3120966 ], [ 74.1973177, 31.312115 ], [ 74.1972747, 31.311565 ], [ 74.1991416, 31.31151 ], [ 74.1991201, 31.3110884 ], [ 74.2009655, 31.3108867 ], [ 74.2016306, 31.3100434 ], [ 74.2019096, 31.3097684 ], [ 74.2021119, 31.3096946 ], [ 74.202238, 31.3096787 ], [ 74.2025603, 31.3096747 ], [ 74.203611, 31.3096707 ], [ 74.2037367, 31.3096653 ], [ 74.2036843, 31.3095443 ], [ 74.2035518, 31.3093363 ], [ 74.2033546, 31.3090915 ], [ 74.2031082, 31.3087782 ], [ 74.2028586, 31.3085597 ], [ 74.2025033, 31.3082742 ], [ 74.2022876, 31.3080952 ], [ 74.2020411, 31.3078846 ], [ 74.2018255, 31.3077319 ], [ 74.2017207, 31.3076582 ], [ 74.2017922, 31.303549 ], [ 74.2017922, 31.3023402 ], [ 74.2018735, 31.3009229 ], [ 74.2018735, 31.3005755 ], [ 74.2029305, 31.3005755 ], [ 74.2029387, 31.3003602 ], [ 74.2029874, 31.2999989 ], [ 74.2031013, 31.2997001 ], [ 74.2032558, 31.2993458 ], [ 74.2034346, 31.2989498 ], [ 74.203394, 31.2987205 ], [ 74.2030525, 31.2986441 ], [ 74.2026866, 31.2986788 ], [ 74.2021987, 31.2986441 ], [ 74.1999312, 31.2986122 ], [ 74.1996092, 31.2986056 ], [ 74.1987639, 31.2969576 ], [ 74.1976962, 31.2948305 ], [ 74.2036829, 31.2947022 ], [ 74.2036937, 31.2932628 ], [ 74.2036291, 31.2921004 ], [ 74.2036192, 31.2917816 ], [ 74.2043488, 31.2917311 ], [ 74.2045097, 31.2916945 ], [ 74.2045311, 31.2908372 ], [ 74.2045535, 31.2838429 ] ] ] } },
{ "type": "Feature", "properties": { "element": "way", "id": 894138288, "addr:city": null, "addr:housenumber": null, "addr:postcode": null, "addr:street": null, "building": null, "building:levels": null, "landuse": "residential", "name": "Government Officers CHS C & D", "operator": null, "residential": null, "description": null, "source": null, "phone": null, "ele": null, "name:en": null, "name:ur": null, "official_name": null, "official_name:ur": null, "type": null }, "geometry": { "type": "Polygon", "coordinates": [ [ [ 74.2047773, 31.3030593 ], [ 74.2065881, 31.3030461 ], [ 74.2083042, 31.303054 ], [ 74.2089112, 31.3030566 ], [ 74.2092316, 31.3030172 ], [ 74.2096243, 31.3028988 ], [ 74.2099478, 31.3027777 ], [ 74.2110878, 31.3023697 ], [ 74.2121107, 31.3019906 ], [ 74.2132137, 31.3016115 ], [ 74.2135126, 31.3015088 ], [ 74.2164848, 31.3005038 ], [ 74.2173136, 31.3018096 ], [ 74.2155403, 31.3025025 ], [ 74.2157656, 31.3028005 ], [ 74.2166331, 31.303876 ], [ 74.2152004, 31.3044473 ], [ 74.2157832, 31.3053753 ], [ 74.2164463, 31.3051279 ], [ 74.2167732, 31.3056387 ], [ 74.2160307, 31.305918 ], [ 74.2163015, 31.3063888 ], [ 74.2157458, 31.3066202 ], [ 74.2163996, 31.307905 ], [ 74.2165336, 31.3081976 ], [ 74.2157397, 31.3084864 ], [ 74.2160562, 31.3090501 ], [ 74.2164692, 31.3089172 ], [ 74.2167267, 31.3092288 ], [ 74.2170432, 31.3091418 ], [ 74.2178586, 31.3106634 ], [ 74.2162601, 31.3112739 ], [ 74.2154105, 31.3095886 ], [ 74.2144563, 31.3099443 ], [ 74.2140191, 31.3092224 ], [ 74.208561, 31.3113429 ], [ 74.2082529, 31.3107743 ], [ 74.2069096, 31.3112324 ], [ 74.2059139, 31.3092271 ], [ 74.2056339, 31.3089687 ], [ 74.2057756, 31.3087542 ], [ 74.2059948, 31.3084599 ], [ 74.2062818, 31.3080704 ], [ 74.2065018, 31.3076945 ], [ 74.2066359, 31.3074104 ], [ 74.2067861, 31.3071308 ], [ 74.2069765, 31.3068306 ], [ 74.2071294, 31.306606 ], [ 74.2072716, 31.3064089 ], [ 74.2073697, 31.3062664 ], [ 74.2074812, 31.3061069 ], [ 74.2075865, 31.305961 ], [ 74.2077042, 31.305803 ], [ 74.2077803, 31.3056911 ], [ 74.2078794, 31.3055475 ], [ 74.2079068, 31.3055052 ], [ 74.2052619, 31.3054758 ], [ 74.2052294, 31.3040551 ], [ 74.2047955, 31.3040137 ], [ 74.2047773, 31.3030593 ] ] ] } },
{ "type": "Feature", "properties": { "element": "way", "id": 900425022, "addr:city": null, "addr:housenumber": null, "addr:postcode": null, "addr:street": null, "building": null, "building:levels": null, "landuse": "residential", "name": "NESPAK Housing Society Phase II", "operator": null, "residential": null, "description": null, "source": null, "phone": null, "ele": null, "name:en": null, "name:ur": null, "official_name": null, "official_name:ur": null, "type": null }, "geometry": { "type": "Polygon", "coordinates": [ [ [ 74.1826225, 31.4261003 ], [ 74.1844345, 31.4276066 ], [ 74.1868536, 31.4255424 ], [ 74.1890345, 31.4255185 ], [ 74.1894501, 31.4254148 ], [ 74.1898811, 31.4249063 ], [ 74.1890458, 31.4248821 ], [ 74.1865134, 31.4248871 ], [ 74.1920618, 31.4210656 ], [ 74.1973423, 31.4208844 ], [ 74.2004055, 31.4207932 ], [ 74.200423, 31.4212877 ], [ 74.2014942, 31.4212547 ], [ 74.2014881, 31.4207551 ], [ 74.202104, 31.4207447 ], [ 74.202104, 31.4202451 ], [ 74.2017707, 31.4202434 ], [ 74.2017402, 31.4194402 ], [ 74.2016989, 31.4184192 ], [ 74.2016989, 31.417825 ], [ 74.1998873, 31.4178986 ], [ 74.2003343, 31.4187743 ], [ 74.2001305, 31.4188018 ], [ 74.2001251, 31.4193099 ], [ 74.1969333, 31.4193786 ], [ 74.1969655, 31.418376 ], [ 74.193838, 31.4184539 ], [ 74.1933284, 31.4170576 ], [ 74.1904996, 31.4188108 ], [ 74.1888473, 31.419882 ], [ 74.1886381, 31.4200193 ], [ 74.1875491, 31.4211958 ], [ 74.1857628, 31.4230544 ], [ 74.1846309, 31.4242583 ], [ 74.1826225, 31.4261003 ] ] ] } },
{ "type": "Feature", "properties": { "element": "way", "id": 900426401, "addr:city": null, "addr:housenumber": null, "addr:postcode": null, "addr:street": null, "building": null, "building:levels": null, "landuse": "residential", "name": "Iqbal Avenue - Phase 3", "operator": null, "residential": null, "description": null, "source": null, "phone": null, "ele": null, "name:en": null, "name:ur": null, "official_name": null, "official_name:ur": null, "type": null }, "geometry": { "type": "Polygon", "coordinates": [ [ [ 74.1844458, 31.4276161 ], [ 74.1864437, 31.4295602 ], [ 74.1895873, 31.4268321 ], [ 74.1914197, 31.4252829 ], [ 74.1922136, 31.4263083 ], [ 74.1938873, 31.4244773 ], [ 74.1927794, 31.4239159 ], [ 74.1947392, 31.422332 ], [ 74.1951087, 31.4220334 ], [ 74.1963974, 31.4240629 ], [ 74.1971618, 31.4239796 ], [ 74.1971618, 31.4251661 ], [ 74.1976252, 31.4251869 ], [ 74.1976659, 31.4232719 ], [ 74.1984708, 31.4231886 ], [ 74.1984302, 31.4218148 ], [ 74.199723, 31.4217801 ], [ 74.199723, 31.4213846 ], [ 74.200423, 31.4212877 ], [ 74.2004055, 31.4207932 ], [ 74.1920618, 31.4210656 ], [ 74.1865134, 31.4248871 ], [ 74.1898811, 31.4249063 ], [ 74.1894501, 31.4254148 ], [ 74.1890345, 31.4255185 ], [ 74.1868536, 31.4255424 ], [ 74.1844458, 31.4276161 ] ] ] } },
{ "type": "Feature", "properties": { "element": "way", "id": 900426994, "addr:city": null, "addr:housenumber": null, "addr:postcode": null, "addr:street": null, "building": null, "building:levels": null, "landuse": "residential", "name": "P & D Society", "operator": null, "residential": null, "description": null, "source": null, "phone": null, "ele": null, "name:en": null, "name:ur": null, "official_name": null, "official_name:ur": null, "type": null }, "geometry": { "type": "Polygon", "coordinates": [ [ [ 74.1864437, 31.4295602 ], [ 74.190342, 31.4329386 ], [ 74.1919453, 31.4309552 ], [ 74.1922091, 31.4303598 ], [ 74.1925754, 31.4303342 ], [ 74.192612, 31.4300463 ], [ 74.1929811, 31.430016 ], [ 74.1930214, 31.4294997 ], [ 74.1932233, 31.4295052 ], [ 74.193218, 31.4293962 ], [ 74.1934135, 31.4293952 ], [ 74.1934342, 31.4291604 ], [ 74.193639, 31.4291385 ], [ 74.1936446, 31.429003 ], [ 74.1940482, 31.428988 ], [ 74.1940847, 31.4285542 ], [ 74.1952423, 31.4279129 ], [ 74.1963034, 31.4279094 ], [ 74.1961666, 31.4274217 ], [ 74.1947392, 31.422332 ], [ 74.1927794, 31.4239159 ], [ 74.1938873, 31.4244773 ], [ 74.1922136, 31.4263083 ], [ 74.1914197, 31.4252829 ], [ 74.1864437, 31.4295602 ] ] ] } },
{ "type": "Feature", "properties": { "element": "way", "id": 900427609, "addr:city": null, "addr:housenumber": null, "addr:postcode": null, "addr:street": null, "building": null, "building:levels": null, "landuse": "residential", "name": "Awt Housing Scheme Phase 1", "operator": null, "residential": null, "description": null, "source": null, "phone": null, "ele": null, "name:en": null, "name:ur": null, "official_name": null, "official_name:ur": null, "type": null }, "geometry": { "type": "Polygon", "coordinates": [ [ [ 74.2062374, 31.4081164 ], [ 74.2062092, 31.4060389 ], [ 74.2058015, 31.4060961 ], [ 74.2058551, 31.4062289 ], [ 74.2055172, 31.4062655 ], [ 74.2054287, 31.4054047 ], [ 74.2053106, 31.4044913 ], [ 74.2051926, 31.403864 ], [ 74.2051256, 31.4035619 ], [ 74.2052087, 31.4035275 ], [ 74.2050129, 31.4030353 ], [ 74.2048815, 31.4026301 ], [ 74.2046025, 31.4019021 ], [ 74.2044255, 31.401387 ], [ 74.2043236, 31.4009062 ], [ 74.2050827, 31.4003774 ], [ 74.2050719, 31.3989007 ], [ 74.200999, 31.399054 ], [ 74.2007123, 31.3990991 ], [ 74.2008074, 31.4043181 ], [ 74.2018589, 31.4069553 ], [ 74.2022975, 31.4073546 ], [ 74.2047042, 31.4073667 ], [ 74.2046617, 31.4078137 ], [ 74.2055182, 31.4078318 ], [ 74.2055111, 31.4081339 ], [ 74.2062374, 31.4081164 ] ] ] } },
{ "type": "Feature", "properties": { "element": "way", "id": 900432934, "addr:city": null, "addr:housenumber": null, "addr:postcode": null, "addr:street": null, "building": null, "building:levels": null, "landuse": "residential", "name": "Eden Lane Villas 1", "operator": null, "residential": null, "description": null, "source": null, "phone": null, "ele": null, "name:en": null, "name:ur": null, "official_name": null, "official_name:ur": null, "type": null }, "geometry": { "type": "Polygon", "coordinates": [ [ [ 74.21208, 31.4134474 ], [ 74.2145434, 31.4133934 ], [ 74.2145319, 31.4136818 ], [ 74.2153491, 31.4137235 ], [ 74.2153369, 31.414865 ], [ 74.216711, 31.414917 ], [ 74.2168042, 31.4135636 ], [ 74.2165839, 31.4135331 ], [ 74.2167129, 31.4120076 ], [ 74.2143466, 31.4118183 ], [ 74.2135086, 31.4117867 ], [ 74.2134839, 31.4112608 ], [ 74.2122172, 31.4112265 ], [ 74.21208, 31.4134474 ] ] ] } },
{ "type": "Feature", "properties": { "element": "way", "id": 900433327, "addr:city": null, "addr:housenumber": null, "addr:postcode": null, "addr:street": null, "building": null, "building:levels": null, "landuse": "residential", "name": "Sher Shah Colony", "operator": null, "residential": null, "description": null, "source": null, "phone": null, "ele": null, "name:en": null, "name:ur": null, "official_name": null, "official_name:ur": null, "type": null }, "geometry": { "type": "Polygon", "coordinates": [ [ [ 74.2194146, 31.4073075 ], [ 74.2199725, 31.4073075 ], [ 74.2253553, 31.4074992 ], [ 74.225948, 31.4075856 ], [ 74.2255496, 31.4140169 ], [ 74.2244557, 31.4139701 ], [ 74.2236046, 31.4139512 ], [ 74.2229613, 31.4139053 ], [ 74.2221545, 31.4138794 ], [ 74.2214307, 31.4138396 ], [ 74.2207839, 31.4138147 ], [ 74.219129, 31.4137244 ], [ 74.2194146, 31.4073075 ] ] ] } },
{ "type": "Feature", "properties": { "element": "way", "id": 900660172, "addr:city": null, "addr:housenumber": null, "addr:postcode": null, "addr:street": null, "building": null, "building:levels": null, "landuse": "residential", "name": "Green Forts 2", "operator": null, "residential": null, "description": null, "source": null, "phone": null, "ele": null, "name:en": null, "name:ur": null, "official_name": null, "official_name:ur": null, "type": null }, "geometry": { "type": "Polygon", "coordinates": [ [ [ 74.190342, 31.4329386 ], [ 74.1919453, 31.4309552 ], [ 74.1922091, 31.4303598 ], [ 74.1925754, 31.4303342 ], [ 74.192612, 31.4300463 ], [ 74.1929811, 31.430016 ], [ 74.1930214, 31.4294997 ], [ 74.1932233, 31.4295052 ], [ 74.193218, 31.4293962 ], [ 74.1934135, 31.4293952 ], [ 74.1934342, 31.4291604 ], [ 74.193639, 31.4291385 ], [ 74.1936446, 31.429003 ], [ 74.1940482, 31.428988 ], [ 74.1940847, 31.4285542 ], [ 74.1952634, 31.4278913 ], [ 74.1963034, 31.4279094 ], [ 74.1965318, 31.428533 ], [ 74.1968733, 31.4294905 ], [ 74.1973937, 31.430545 ], [ 74.1977352, 31.4326541 ], [ 74.1982637, 31.4347632 ], [ 74.1989098, 31.435213 ], [ 74.2009858, 31.4348743 ], [ 74.2017797, 31.4347461 ], [ 74.2049144, 31.4334895 ], [ 74.205946, 31.4330227 ], [ 74.2058924, 31.4333385 ], [ 74.2065897, 31.4333614 ], [ 74.2065736, 31.4346796 ], [ 74.2072656, 31.4346796 ], [ 74.2072925, 31.4350458 ], [ 74.2079577, 31.4350183 ], [ 74.2079791, 31.433929 ], [ 74.2091378, 31.433929 ], [ 74.2101034, 31.434849 ], [ 74.2085799, 31.4368491 ], [ 74.2051667, 31.4367892 ], [ 74.2052198, 31.4377796 ], [ 74.2038076, 31.4377857 ], [ 74.2037085, 31.4382114 ], [ 74.2023459, 31.4382024 ], [ 74.2024043, 31.4397284 ], [ 74.2024181, 31.4400904 ], [ 74.201654, 31.4401429 ], [ 74.2016786, 31.4406266 ], [ 74.202036, 31.4406371 ], [ 74.2020484, 31.4412049 ], [ 74.201654, 31.4412154 ], [ 74.2016924, 31.4430056 ], [ 74.2029207, 31.4430693 ], [ 74.2030413, 31.4449395 ], [ 74.1959153, 31.4387355 ], [ 74.1946447, 31.4409863 ], [ 74.1936894, 31.4403411 ], [ 74.192303, 31.4393422 ], [ 74.1904289, 31.4379721 ], [ 74.1896605, 31.4374171 ], [ 74.18693, 31.435529 ], [ 74.1898589, 31.4335471 ], [ 74.1905241, 31.4331169 ], [ 74.190342, 31.4329386 ] ] ] } },
{ "type": "Feature", "properties": { "element": "way", "id": 900667644, "addr:city": null, "addr:housenumber": null, "addr:postcode": null, "addr:street": null, "building": null, "building:levels": null, "landuse": "residential", "name": "WAPDA Town", "operator": null, "residential": null, "description": null, "source": null, "phone": null, "ele": null, "name:en": null, "name:ur": null, "official_name": null, "official_name:ur": null, "type": null }, "geometry": { "type": "Polygon", "coordinates": [ [ [ 74.2577758, 31.4248838 ], [ 74.2579795, 31.4191308 ], [ 74.2610263, 31.4191193 ], [ 74.2609894, 31.4186881 ], [ 74.2660053, 31.4186775 ], [ 74.2659745, 31.4190824 ], [ 74.2707695, 31.4191927 ], [ 74.2705672, 31.4302854 ], [ 74.2703229, 31.4310002 ], [ 74.2711588, 31.4312512 ], [ 74.2721955, 31.4315261 ], [ 74.2731109, 31.4317234 ], [ 74.2739631, 31.4318908 ], [ 74.2750232, 31.432078 ], [ 74.2760623, 31.4322813 ], [ 74.2763541, 31.432308 ], [ 74.276078, 31.4338421 ], [ 74.2761842, 31.4340173 ], [ 74.2761913, 31.4341501 ], [ 74.2761984, 31.4342226 ], [ 74.2810262, 31.4388884 ], [ 74.2814329, 31.4393301 ], [ 74.2813774, 31.4423692 ], [ 74.2760714, 31.4422544 ], [ 74.270894, 31.4422028 ], [ 74.2627561, 31.437391 ], [ 74.2610951, 31.4363488 ], [ 74.260021, 31.437584 ], [ 74.259143, 31.438333 ], [ 74.2581717, 31.4394567 ], [ 74.2579288, 31.4398152 ], [ 74.2572844, 31.4403093 ], [ 74.2569855, 31.4406042 ], [ 74.2566119, 31.4411062 ], [ 74.2551268, 31.4432657 ], [ 74.2538846, 31.4443414 ], [ 74.2537953, 31.4443799 ], [ 74.2535325, 31.4444623 ], [ 74.2530577, 31.4445858 ], [ 74.2526447, 31.4446042 ], [ 74.2519875, 31.4446179 ], [ 74.2512955, 31.4446019 ], [ 74.2511131, 31.4445126 ], [ 74.2491293, 31.443762 ], [ 74.2498391, 31.4410686 ], [ 74.2500303, 31.4406075 ], [ 74.2466615, 31.4362137 ], [ 74.2437862, 31.4373122 ], [ 74.2433785, 31.4366164 ], [ 74.2442582, 31.4360123 ], [ 74.2435072, 31.4346575 ], [ 74.243593, 31.4342181 ], [ 74.2444084, 31.4339617 ], [ 74.2452238, 31.433742 ], [ 74.2456026, 31.433741 ], [ 74.2461187, 31.4338239 ], [ 74.246501, 31.4339809 ], [ 74.2467841, 31.4342406 ], [ 74.2464803, 31.434804 ], [ 74.2476765, 31.4355831 ], [ 74.2486386, 31.4346634 ], [ 74.2494036, 31.4351301 ], [ 74.2509491, 31.4358894 ], [ 74.2524228, 31.435652 ], [ 74.2520886, 31.4372123 ], [ 74.252703, 31.4378993 ], [ 74.2539359, 31.4378196 ], [ 74.2542161, 31.4374849 ], [ 74.2550567, 31.4369589 ], [ 74.2555237, 31.4364808 ], [ 74.2554863, 31.4357636 ], [ 74.254106, 31.4345027 ], [ 74.2539013, 31.4342679 ], [ 74.2552303, 31.4330936 ], [ 74.255653, 31.4326846 ], [ 74.2539908, 31.431336 ], [ 74.2525751, 31.4301054 ], [ 74.2507131, 31.4280668 ], [ 74.2509284, 31.4279266 ], [ 74.2510886, 31.4278791 ], [ 74.2522581, 31.4277097 ], [ 74.2526883, 31.4271271 ], [ 74.2575085, 31.4250013 ], [ 74.2577758, 31.4248838 ] ] ] } },
{ "type": "Feature", "properties": { "element": "way", "id": 900668283, "addr:city": null, "addr:housenumber": null, "addr:postcode": null, "addr:street": null, "building": null, "building:levels": null, "landuse": "residential", "name": "Tariq Garden", "operator": null, "residential": null, "description": null, "source": null, "phone": null, "ele": null, "name:en": null, "name:ur": null, "official_name": null, "official_name:ur": null, "type": null }, "geometry": { "type": "Polygon", "coordinates": [ [ [ 74.2498782, 31.4176519 ], [ 74.250464, 31.4159676 ], [ 74.2505897, 31.4158652 ], [ 74.2507767, 31.4157472 ], [ 74.2511019, 31.415598 ], [ 74.2516751, 31.4153447 ], [ 74.2522402, 31.4151053 ], [ 74.252446, 31.4148758 ], [ 74.2576941, 31.4147169 ], [ 74.2579795, 31.4191308 ], [ 74.2577758, 31.4248838 ], [ 74.2575085, 31.4250013 ], [ 74.2568566, 31.424593 ], [ 74.256058, 31.4242024 ], [ 74.2553015, 31.4238677 ], [ 74.2539098, 31.4233696 ], [ 74.2524414, 31.4229568 ], [ 74.2515261, 31.4226499 ], [ 74.2504615, 31.4222493 ], [ 74.250332, 31.4222156 ], [ 74.2502416, 31.420789 ], [ 74.2502567, 31.4205371 ], [ 74.2489714, 31.4205867 ], [ 74.2492303, 31.4197125 ], [ 74.2496868, 31.418299 ], [ 74.2498782, 31.4176519 ] ] ] } },
{ "type": "Feature", "properties": { "element": "way", "id": 904372927, "addr:city": null, "addr:housenumber": null, "addr:postcode": null, "addr:street": null, "building": null, "building:levels": null, "landuse": "residential", "name": "پولیس لائنز", "operator": null, "residential": "apartments", "description": null, "source": null, "phone": null, "ele": null, "name:en": "Police Lines", "name:ur": "پولیس لائنز", "official_name": null, "official_name:ur": null, "type": null }, "geometry": { "type": "Polygon", "coordinates": [ [ [ 74.3320448, 31.5684025 ], [ 74.3312365, 31.567012 ], [ 74.3318212, 31.5668122 ], [ 74.3317053, 31.5664011 ], [ 74.3315703, 31.5664225 ], [ 74.3314634, 31.566041 ], [ 74.3315803, 31.5660189 ], [ 74.331625, 31.5660105 ], [ 74.3315881, 31.5658822 ], [ 74.3327023, 31.5655633 ], [ 74.3336974, 31.5654329 ], [ 74.3337864, 31.5656242 ], [ 74.3341502, 31.5655031 ], [ 74.3344403, 31.5660634 ], [ 74.3346232, 31.5661447 ], [ 74.335463, 31.566081 ], [ 74.3344839, 31.5666235 ], [ 74.3339934, 31.5668162 ], [ 74.3342651, 31.5673451 ], [ 74.3341901, 31.5673665 ], [ 74.334431, 31.5678781 ], [ 74.3338479, 31.5679429 ], [ 74.3331022, 31.5681329 ], [ 74.3323458, 31.5683257 ], [ 74.3320448, 31.5684025 ] ] ] } },
{ "type": "Feature", "properties": { "element": "way", "id": 905256560, "addr:city": "لاہور", "addr:housenumber": null, "addr:postcode": null, "addr:street": null, "building": null, "building:levels": null, "landuse": "residential", "name": "قربان لائن", "operator": null, "residential": "apartments", "description": null, "source": null, "phone": null, "ele": null, "name:en": "Qurban Line", "name:ur": "قربان لائن", "official_name": null, "official_name:ur": null, "type": null }, "geometry": { "type": "Polygon", "coordinates": [ [ [ 74.3588787, 31.5352916 ], [ 74.3590039, 31.5353883 ], [ 74.3602404, 31.5342649 ], [ 74.360292, 31.5342126 ], [ 74.3595516, 31.5335708 ], [ 74.3592691, 31.5332091 ], [ 74.359168, 31.5329843 ], [ 74.3591585, 31.5326163 ], [ 74.3590356, 31.5320391 ], [ 74.3591311, 31.5316009 ], [ 74.3596032, 31.5308286 ], [ 74.3577279, 31.5304546 ], [ 74.3576885, 31.5303495 ], [ 74.355957, 31.5310532 ], [ 74.3559678, 31.531175 ], [ 74.3563255, 31.5320344 ], [ 74.356911, 31.533268 ], [ 74.3579355, 31.5344045 ], [ 74.3588787, 31.5349867 ], [ 74.3588787, 31.5352916 ] ] ] } },
{ "type": "Feature", "properties": { "element": "way", "id": 905331011, "addr:city": "لاہور", "addr:housenumber": null, "addr:postcode": null, "addr:street": null, "building": null, "building:levels": null, "landuse": "residential", "name": "عسکری 2", "operator": null, "residential": "apartments", "description": null, "source": null, "phone": null, "ele": null, "name:en": "Askari 2", "name:ur": "عسکری 2", "official_name": null, "official_name:ur": null, "type": null }, "geometry": { "type": "Polygon", "coordinates": [ [ [ 74.3615608, 31.5218966 ], [ 74.3648329, 31.5221027 ], [ 74.3633307, 31.5235974 ], [ 74.3631251, 31.5238229 ], [ 74.362995, 31.523974 ], [ 74.3616551, 31.5262721 ], [ 74.3616217, 31.5262615 ], [ 74.3616092, 31.5241155 ], [ 74.3615608, 31.5218966 ] ] ] } },
{ "type": "Feature", "properties": { "element": "way", "id": 925224079, "addr:city": null, "addr:housenumber": null, "addr:postcode": null, "addr:street": null, "building": null, "building:levels": null, "landuse": "residential", "name": null, "operator": null, "residential": null, "description": null, "source": null, "phone": null, "ele": null, "name:en": null, "name:ur": null, "official_name": null, "official_name:ur": null, "type": null }, "geometry": { "type": "Polygon", "coordinates": [ [ [ 74.0555564, 31.3110678 ], [ 74.0540115, 31.3111228 ], [ 74.0520803, 31.3116544 ], [ 74.0463511, 31.3067412 ], [ 74.045922, 31.3057695 ], [ 74.0463082, 31.3053845 ], [ 74.046158, 31.3039545 ], [ 74.0472952, 31.3029644 ], [ 74.0475098, 31.3025061 ], [ 74.0478102, 31.3023227 ], [ 74.0481321, 31.301791 ], [ 74.0487758, 31.3014427 ], [ 74.048411, 31.3008743 ], [ 74.0495912, 31.3001776 ], [ 74.0492479, 31.2997742 ], [ 74.0499775, 31.2992792 ], [ 74.0503637, 31.2995542 ], [ 74.050192, 31.2998109 ], [ 74.0504066, 31.3001409 ], [ 74.0500418, 31.3005626 ], [ 74.0502349, 31.301241 ], [ 74.0495483, 31.3018094 ], [ 74.0502135, 31.3026711 ], [ 74.0515224, 31.3019744 ], [ 74.0516082, 31.3013327 ], [ 74.0527884, 31.301186 ], [ 74.0532819, 31.3017177 ], [ 74.0542904, 31.3012777 ], [ 74.0552131, 31.3021577 ], [ 74.0558354, 31.3017727 ], [ 74.0567096, 31.3024886 ], [ 74.0568654, 31.3026161 ], [ 74.0574018, 31.3024511 ], [ 74.0586678, 31.3036611 ], [ 74.0587536, 31.3042478 ], [ 74.0583674, 31.3047978 ], [ 74.0592043, 31.3057878 ], [ 74.0598909, 31.3054028 ], [ 74.0604703, 31.3058978 ], [ 74.0624658, 31.3047245 ], [ 74.0634553, 31.3057448 ], [ 74.0637104, 31.3060078 ], [ 74.0630023, 31.3067412 ], [ 74.0649978, 31.3093078 ], [ 74.0636674, 31.3100778 ], [ 74.0644185, 31.3110678 ], [ 74.0615646, 31.3126443 ], [ 74.0599982, 31.312351 ], [ 74.0592043, 31.3118744 ], [ 74.0568225, 31.3112144 ], [ 74.0555564, 31.3110678 ] ] ] } },
{ "type": "Feature", "properties": { "element": "way", "id": 961551539, "addr:city": null, "addr:housenumber": null, "addr:postcode": null, "addr:street": null, "building": null, "building:levels": null, "landuse": "residential", "name": null, "operator": null, "residential": null, "description": null, "source": null, "phone": null, "ele": null, "name:en": null, "name:ur": null, "official_name": null, "official_name:ur": null, "type": null }, "geometry": { "type": "Polygon", "coordinates": [ [ [ 74.4944578, 31.4031174 ], [ 74.4928052, 31.4054334 ], [ 74.4918396, 31.4080706 ], [ 74.4942, 31.4081438 ], [ 74.4945219, 31.410085 ], [ 74.490917, 31.410378 ], [ 74.4895091, 31.4132316 ], [ 74.4872725, 31.412943 ], [ 74.4869536, 31.4133992 ], [ 74.4850677, 31.4160973 ], [ 74.4833618, 31.4162163 ], [ 74.4832331, 31.4154655 ], [ 74.4834369, 31.4154198 ], [ 74.4832706, 31.4142569 ], [ 74.4829863, 31.4143027 ], [ 74.4825357, 31.4108553 ], [ 74.4828489, 31.4108234 ], [ 74.4850999, 31.4105944 ], [ 74.4848263, 31.4101686 ], [ 74.4838875, 31.410251 ], [ 74.4838285, 31.4097153 ], [ 74.4848049, 31.4096146 ], [ 74.4848692, 31.408905 ], [ 74.4856578, 31.4090332 ], [ 74.486146, 31.409024 ], [ 74.4860494, 31.4084425 ], [ 74.4863391, 31.4083601 ], [ 74.4863123, 31.4081953 ], [ 74.4865912, 31.4081175 ], [ 74.4864625, 31.4078474 ], [ 74.4858241, 31.4078702 ], [ 74.4858563, 31.408003 ], [ 74.4846171, 31.4081129 ], [ 74.4843006, 31.4074536 ], [ 74.4834369, 31.4075681 ], [ 74.483394, 31.4071148 ], [ 74.4830614, 31.4071377 ], [ 74.4830453, 31.4068035 ], [ 74.482938, 31.405842 ], [ 74.482525, 31.4058603 ], [ 74.4824606, 31.4053887 ], [ 74.4822246, 31.4054024 ], [ 74.4821521, 31.4049086 ], [ 74.4840538, 31.4047248 ], [ 74.4842255, 31.4048622 ], [ 74.4845474, 31.4047386 ], [ 74.4845152, 31.4046699 ], [ 74.4849926, 31.404592 ], [ 74.4851482, 31.4045188 ], [ 74.4850033, 31.4038686 ], [ 74.4849309, 31.4034703 ], [ 74.4851209, 31.4034129 ], [ 74.4851375, 31.4032162 ], [ 74.4863981, 31.4030765 ], [ 74.4865429, 31.4039373 ], [ 74.4871679, 31.4038892 ], [ 74.4871625, 31.4038091 ], [ 74.4878331, 31.4037221 ], [ 74.4879135, 31.4041113 ], [ 74.4884339, 31.4041067 ], [ 74.488517, 31.4042715 ], [ 74.4893566, 31.4041365 ], [ 74.4909826, 31.4039972 ], [ 74.490923, 31.4035962 ], [ 74.4911858, 31.4035596 ], [ 74.4912448, 31.4039625 ], [ 74.4923526, 31.4038778 ], [ 74.4921917, 31.4023485 ], [ 74.4927764, 31.4022707 ], [ 74.4926994, 31.4018132 ], [ 74.4934845, 31.4017304 ], [ 74.4933611, 31.4019227 ], [ 74.4936937, 31.4020692 ], [ 74.4937152, 31.4022386 ], [ 74.4938385, 31.4022295 ], [ 74.4938989, 31.4024753 ], [ 74.4937205, 31.4024859 ], [ 74.4937473, 31.4028705 ], [ 74.4930339, 31.4029346 ], [ 74.4929963, 31.4032139 ], [ 74.4935328, 31.4031315 ], [ 74.4935757, 31.4032322 ], [ 74.4944578, 31.4031174 ] ] ] } },
{ "type": "Feature", "properties": { "element": "way", "id": 1000505823, "addr:city": "Raiwind", "addr:housenumber": null, "addr:postcode": null, "addr:street": "kasur Raiwind Road", "building": null, "building:levels": null, "landuse": "residential", "name": "Mohalla Islamabad", "operator": null, "residential": null, "description": null, "source": null, "phone": null, "ele": null, "name:en": null, "name:ur": null, "official_name": null, "official_name:ur": null, "type": null }, "geometry": { "type": "Polygon", "coordinates": [ [ [ 74.2177911, 31.2363733 ], [ 74.2178452, 31.2366569 ], [ 74.2180665, 31.2378158 ], [ 74.2181987, 31.2385086 ], [ 74.2206996, 31.2381963 ], [ 74.220668, 31.2392077 ], [ 74.2204142, 31.2392425 ], [ 74.2201835, 31.2393617 ], [ 74.2203915, 31.2398822 ], [ 74.2205333, 31.2402987 ], [ 74.2215031, 31.2399855 ], [ 74.222577, 31.239691 ], [ 74.2223372, 31.2412257 ], [ 74.2280448, 31.2378696 ], [ 74.2276258, 31.2375113 ], [ 74.2261469, 31.238112 ], [ 74.2258047, 31.2379431 ], [ 74.2256196, 31.2355124 ], [ 74.2177911, 31.2363733 ] ] ] } },
{ "type": "Feature", "properties": { "element": "way", "id": 1000505825, "addr:city": "Raiwind", "addr:housenumber": null, "addr:postcode": null, "addr:street": null, "building": null, "building:levels": null, "landuse": "residential", "name": "Jinnah Colony", "operator": null, "residential": null, "description": null, "source": null, "phone": null, "ele": null, "name:en": null, "name:ur": null, "official_name": null, "official_name:ur": null, "type": null }, "geometry": { "type": "Polygon", "coordinates": [ [ [ 74.2113541, 31.2401802 ], [ 74.2110375, 31.2398484 ], [ 74.2119108, 31.2395848 ], [ 74.2115699, 31.238942 ], [ 74.2138601, 31.2382873 ], [ 74.2150303, 31.2408266 ], [ 74.2148716, 31.2407467 ], [ 74.2113877, 31.2401518 ], [ 74.2113541, 31.2401802 ] ] ] } },
{ "type": "Feature", "properties": { "element": "way", "id": 1000505826, "addr:city": "Raiwind", "addr:housenumber": null, "addr:postcode": null, "addr:street": null, "building": null, "building:levels": null, "landuse": "residential", "name": "Mission Colony", "operator": null, "residential": null, "description": null, "source": null, "phone": null, "ele": null, "name:en": null, "name:ur": null, "official_name": null, "official_name:ur": null, "type": null }, "geometry": { "type": "Polygon", "coordinates": [ [ [ 74.2109623, 31.2398333 ], [ 74.2107713, 31.2392197 ], [ 74.2114998, 31.2389641 ], [ 74.2139002, 31.2382135 ], [ 74.2131623, 31.2336694 ], [ 74.2108196, 31.2327137 ], [ 74.2107701, 31.231416 ], [ 74.2096972, 31.2314013 ], [ 74.2096878, 31.232719 ], [ 74.2091181, 31.2327031 ], [ 74.208511, 31.2322878 ], [ 74.2084643, 31.2318805 ], [ 74.2071474, 31.2318805 ], [ 74.207138, 31.2314093 ], [ 74.2059238, 31.2314173 ], [ 74.205732, 31.2307379 ], [ 74.2046181, 31.2312022 ], [ 74.2048723, 31.2316121 ], [ 74.2054314, 31.2326038 ], [ 74.2066392, 31.2336997 ], [ 74.2071075, 31.2342266 ], [ 74.2072061, 31.2353647 ], [ 74.2077977, 31.2355122 ], [ 74.2078963, 31.2358283 ], [ 74.208303, 31.2361339 ], [ 74.2090178, 31.2361129 ], [ 74.2092273, 31.2372088 ], [ 74.2099797, 31.238577 ], [ 74.2109623, 31.2398333 ] ] ] } },
{ "type": "Feature", "properties": { "element": "way", "id": 1001091936, "addr:city": "Raiwind", "addr:housenumber": null, "addr:postcode": null, "addr:street": null, "building": null, "building:levels": null, "landuse": "residential", "name": "Basti Amin Pura", "operator": null, "residential": null, "description": null, "source": null, "phone": null, "ele": null, "name:en": null, "name:ur": null, "official_name": null, "official_name:ur": null, "type": null }, "geometry": { "type": "Polygon", "coordinates": [ [ [ 74.2231544, 31.2474308 ], [ 74.2234894, 31.247608 ], [ 74.2239891, 31.2465539 ], [ 74.2239921, 31.2464272 ], [ 74.2239988, 31.2461451 ], [ 74.2240085, 31.2457413 ], [ 74.2240171, 31.2453841 ], [ 74.2242132, 31.2448834 ], [ 74.2243101, 31.2446358 ], [ 74.2243767, 31.2444658 ], [ 74.2244227, 31.2443646 ], [ 74.2245616, 31.2440596 ], [ 74.2247692, 31.2435918 ], [ 74.2243128, 31.243451 ], [ 74.2235443, 31.2432314 ], [ 74.2234333, 31.2436114 ], [ 74.2221631, 31.2435794 ], [ 74.2221257, 31.2433838 ], [ 74.2213598, 31.2439907 ], [ 74.2209442, 31.2443261 ], [ 74.2208769, 31.2452982 ], [ 74.2208038, 31.2456483 ], [ 74.2203987, 31.2460777 ], [ 74.2201939, 31.2462948 ], [ 74.2198477, 31.2465122 ], [ 74.2202577, 31.2472526 ], [ 74.2209209, 31.2480911 ], [ 74.2214252, 31.2478076 ], [ 74.2221376, 31.2469386 ], [ 74.2231544, 31.2474308 ] ] ] } },
{ "type": "Feature", "properties": { "element": "way", "id": 1011999555, "addr:city": "Lahore", "addr:housenumber": "Fazlia Colony", "addr:postcode": "54590", "addr:street": "2", "building": null, "building:levels": null, "landuse": "residential", "name": "Fazlia Colony Flats", "operator": "Faraz", "residential": "apartments", "description": "Flats for Family", "source": null, "phone": null, "ele": null, "name:en": null, "name:ur": null, "official_name": null, "official_name:ur": null, "type": null }, "geometry": { "type": "Polygon", "coordinates": [ [ [ 74.3258925, 31.5262177 ], [ 74.3259361, 31.5262177 ], [ 74.3259347, 31.5261615 ], [ 74.3258925, 31.526158 ], [ 74.3258946, 31.5262038 ], [ 74.3258925, 31.5262177 ] ] ] } },
{ "type": "Feature", "properties": { "element": "way", "id": 1011999556, "addr:city": "Lahore", "addr:housenumber": null, "addr:postcode": null, "addr:street": "2", "building": null, "building:levels": null, "landuse": "residential", "name": "Faraz's Flats", "operator": null, "residential": "apartments", "description": null, "source": null, "phone": null, "ele": null, "name:en": null, "name:ur": null, "official_name": null, "official_name:ur": null, "type": null }, "geometry": { "type": "Polygon", "coordinates": [ [ [ 74.3258925, 31.5262177 ], [ 74.3259361, 31.5262177 ], [ 74.3259347, 31.5261615 ], [ 74.3258925, 31.526158 ], [ 74.3258925, 31.5262177 ] ] ] } },
{ "type": "Feature", "properties": { "element": "way", "id": 1012010807, "addr:city": null, "addr:housenumber": null, "addr:postcode": null, "addr:street": null, "building": null, "building:levels": null, "landuse": "residential", "name": null, "operator": null, "residential": null, "description": null, "source": null, "phone": null, "ele": null, "name:en": null, "name:ur": null, "official_name": null, "official_name:ur": null, "type": null }, "geometry": { "type": "Polygon", "coordinates": [ [ [ 74.3145004, 31.6028737 ], [ 74.315018, 31.6031585 ], [ 74.315206, 31.6027648 ], [ 74.3147777, 31.6025287 ], [ 74.3145004, 31.6028737 ] ] ] } },
{ "type": "Feature", "properties": { "element": "way", "id": 1012013412, "addr:city": null, "addr:housenumber": null, "addr:postcode": null, "addr:street": null, "building": null, "building:levels": null, "landuse": "residential", "name": null, "operator": null, "residential": null, "description": null, "source": null, "phone": null, "ele": null, "name:en": null, "name:ur": null, "official_name": null, "official_name:ur": null, "type": null }, "geometry": { "type": "Polygon", "coordinates": [ [ [ 74.4806337, 31.5745116 ], [ 74.4805253, 31.5745899 ], [ 74.4804829, 31.5745417 ], [ 74.480563, 31.5744754 ], [ 74.4806337, 31.5745116 ] ] ] } },
{ "type": "Feature", "properties": { "element": "way", "id": 1012013423, "addr:city": null, "addr:housenumber": null, "addr:postcode": null, "addr:street": null, "building": null, "building:levels": null, "landuse": "residential", "name": "Housing Society", "operator": null, "residential": null, "description": null, "source": null, "phone": null, "ele": null, "name:en": null, "name:ur": null, "official_name": null, "official_name:ur": null, "type": null }, "geometry": { "type": "Polygon", "coordinates": [ [ [ 74.4841209, 31.575813 ], [ 74.4857352, 31.5760503 ], [ 74.4857924, 31.5750766 ], [ 74.4844209, 31.5747966 ], [ 74.4841209, 31.575813 ] ] ] } },
{ "type": "Feature", "properties": { "element": "way", "id": 1035963935, "addr:city": null, "addr:housenumber": null, "addr:postcode": null, "addr:street": null, "building": null, "building:levels": null, "landuse": "residential", "name": "Canal City", "operator": null, "residential": null, "description": null, "source": null, "phone": null, "ele": null, "name:en": null, "name:ur": null, "official_name": null, "official_name:ur": null, "type": null }, "geometry": { "type": "Polygon", "coordinates": [ [ [ 74.2030413, 31.4449395 ], [ 74.2029611, 31.4430191 ], [ 74.2016924, 31.4430056 ], [ 74.201654, 31.4412154 ], [ 74.2020484, 31.4412049 ], [ 74.202036, 31.4406371 ], [ 74.2016786, 31.4406266 ], [ 74.201654, 31.4401429 ], [ 74.2024181, 31.4400904 ], [ 74.2024043, 31.4397284 ], [ 74.2023459, 31.4382024 ], [ 74.2037085, 31.4382114 ], [ 74.2037397, 31.4378064 ], [ 74.2052198, 31.4377796 ], [ 74.2051667, 31.4367892 ], [ 74.2085799, 31.4368491 ], [ 74.208884, 31.4368848 ], [ 74.207712, 31.4415541 ], [ 74.2072582, 31.4413154 ], [ 74.2071467, 31.4414551 ], [ 74.2070456, 31.4418296 ], [ 74.2052339, 31.4418623 ], [ 74.2044965, 31.4418901 ], [ 74.2044565, 31.4430917 ], [ 74.2031579, 31.4430491 ], [ 74.2030413, 31.4449395 ] ] ] } },
{ "type": "Feature", "properties": { "element": "way", "id": 1038829931, "addr:city": null, "addr:housenumber": null, "addr:postcode": null, "addr:street": null, "building": null, "building:levels": null, "landuse": "residential", "name": null, "operator": null, "residential": null, "description": null, "source": null, "phone": null, "ele": null, "name:en": null, "name:ur": null, "official_name": null, "official_name:ur": null, "type": null }, "geometry": { "type": "Polygon", "coordinates": [ [ [ 74.2396515, 31.443616 ], [ 74.2383214, 31.44127 ], [ 74.2383323, 31.4388281 ], [ 74.2393001, 31.4385032 ], [ 74.2391237, 31.4380327 ], [ 74.2381588, 31.4383194 ], [ 74.2334237, 31.4357167 ], [ 74.2327461, 31.4342932 ], [ 74.2335341, 31.4340088 ], [ 74.2322011, 31.4311297 ], [ 74.2338105, 31.4305383 ], [ 74.234166, 31.4313208 ], [ 74.2351094, 31.4334445 ], [ 74.2368096, 31.4328905 ], [ 74.2376395, 31.4340523 ], [ 74.2387442, 31.4337591 ], [ 74.2401753, 31.4344992 ], [ 74.2408909, 31.4354331 ], [ 74.2394381, 31.4361179 ], [ 74.2397652, 31.4368913 ], [ 74.2415959, 31.4362455 ], [ 74.2429772, 31.4376588 ], [ 74.2416172, 31.4380974 ], [ 74.2419749, 31.4387541 ], [ 74.2414871, 31.4389576 ], [ 74.2419858, 31.4399381 ], [ 74.2414232, 31.440181 ], [ 74.2419335, 31.4409586 ], [ 74.2427007, 31.4426039 ], [ 74.2396515, 31.443616 ] ] ] } },
{ "type": "Feature", "properties": { "element": "way", "id": 1038829932, "addr:city": null, "addr:housenumber": null, "addr:postcode": null, "addr:street": null, "building": null, "building:levels": null, "landuse": "residential", "name": null, "operator": null, "residential": null, "description": null, "source": null, "phone": null, "ele": null, "name:en": null, "name:ur": null, "official_name": null, "official_name:ur": null, "type": null }, "geometry": { "type": "Polygon", "coordinates": [ [ [ 74.233844, 31.4422412 ], [ 74.2342234, 31.4429534 ], [ 74.2352859, 31.4427592 ], [ 74.2350751, 31.4418405 ], [ 74.2337789, 31.441973 ], [ 74.233844, 31.4422412 ] ] ] } },
{ "type": "Feature", "properties": { "element": "way", "id": 1038829933, "addr:city": null, "addr:housenumber": null, "addr:postcode": null, "addr:street": null, "building": null, "building:levels": null, "landuse": "residential", "name": null, "operator": null, "residential": null, "description": null, "source": null, "phone": null, "ele": null, "name:en": null, "name:ur": null, "official_name": null, "official_name:ur": null, "type": null }, "geometry": { "type": "Polygon", "coordinates": [ [ [ 74.2256858, 31.4428906 ], [ 74.226406, 31.4426381 ], [ 74.2268792, 31.4434934 ], [ 74.2281557, 31.4431162 ], [ 74.2280021, 31.4426964 ], [ 74.2285854, 31.4425053 ], [ 74.2284265, 31.4420219 ], [ 74.2279024, 31.4420979 ], [ 74.2276455, 31.441848 ], [ 74.2268301, 31.4419729 ], [ 74.2266353, 31.4423199 ], [ 74.2256016, 31.4426956 ], [ 74.2256858, 31.4428906 ] ] ] } },
{ "type": "Feature", "properties": { "element": "way", "id": 1038829934, "addr:city": null, "addr:housenumber": null, "addr:postcode": null, "addr:street": null, "building": null, "building:levels": null, "landuse": "residential", "name": null, "operator": null, "residential": null, "description": null, "source": null, "phone": null, "ele": null, "name:en": null, "name:ur": null, "official_name": null, "official_name:ur": null, "type": null }, "geometry": { "type": "Polygon", "coordinates": [ [ [ 74.2298103, 31.4356813 ], [ 74.2321963, 31.4357399 ], [ 74.2329201, 31.4354268 ], [ 74.2322285, 31.4350384 ], [ 74.2322145, 31.4344851 ], [ 74.2319406, 31.4333264 ], [ 74.2314937, 31.4314116 ], [ 74.2322011, 31.4311297 ], [ 74.2334041, 31.430704 ], [ 74.2331807, 31.4301262 ], [ 74.2329199, 31.429994 ], [ 74.2327104, 31.42955 ], [ 74.2311321, 31.4297785 ], [ 74.2313572, 31.4308207 ], [ 74.2304868, 31.4309596 ], [ 74.2306511, 31.4317728 ], [ 74.2299691, 31.4318709 ], [ 74.2299527, 31.4330066 ], [ 74.229698, 31.4330066 ], [ 74.2298736, 31.4338941 ], [ 74.2298103, 31.4356813 ] ] ] } },
{ "type": "Feature", "properties": { "element": "way", "id": 1038829935, "addr:city": null, "addr:housenumber": null, "addr:postcode": null, "addr:street": null, "building": null, "building:levels": null, "landuse": "residential", "name": null, "operator": null, "residential": null, "description": null, "source": null, "phone": null, "ele": null, "name:en": null, "name:ur": null, "official_name": null, "official_name:ur": null, "type": null }, "geometry": { "type": "Polygon", "coordinates": [ [ [ 74.2094388, 31.450758 ], [ 74.2123556, 31.4529371 ], [ 74.2122171, 31.4532907 ], [ 74.2128807, 31.4537237 ], [ 74.2128653, 31.4527055 ], [ 74.2160508, 31.4526805 ], [ 74.2159936, 31.4531199 ], [ 74.2142484, 31.4531321 ], [ 74.2141912, 31.4538399 ], [ 74.2135917, 31.4542683 ], [ 74.2144047, 31.4548877 ], [ 74.2147762, 31.4551703 ], [ 74.2142218, 31.4554714 ], [ 74.2148915, 31.4560049 ], [ 74.2236892, 31.4490477 ], [ 74.2231748, 31.4480554 ], [ 74.2216298, 31.4484337 ], [ 74.218683, 31.4483605 ], [ 74.2187277, 31.4461108 ], [ 74.2185828, 31.4460661 ], [ 74.2190678, 31.4459363 ], [ 74.2188447, 31.4454457 ], [ 74.218261, 31.4456287 ], [ 74.2180379, 31.4451381 ], [ 74.2173512, 31.4453285 ], [ 74.2153771, 31.441301 ], [ 74.2148106, 31.4414987 ], [ 74.2140639, 31.4400268 ], [ 74.2158015, 31.4394231 ], [ 74.2158812, 31.4393954 ], [ 74.2153604, 31.4384656 ], [ 74.2161653, 31.4383772 ], [ 74.2161796, 31.4389753 ], [ 74.2165679, 31.4396626 ], [ 74.2184786, 31.4390145 ], [ 74.2188689, 31.4400249 ], [ 74.221307, 31.439163 ], [ 74.2205323, 31.4376254 ], [ 74.2207777, 31.437552 ], [ 74.2208191, 31.4375981 ], [ 74.2208831, 31.4375831 ], [ 74.2209227, 31.4375715 ], [ 74.2209086, 31.4375181 ], [ 74.2211302, 31.4374539 ], [ 74.2233917, 31.4368505 ], [ 74.2225597, 31.4350573 ], [ 74.2254064, 31.4341663 ], [ 74.2248628, 31.433019 ], [ 74.2240474, 31.4332753 ], [ 74.2233866, 31.4318448 ], [ 74.2307966, 31.4291339 ], [ 74.23101, 31.4297682 ], [ 74.2327151, 31.4295396 ], [ 74.2327584, 31.4280702 ], [ 74.2331533, 31.4225826 ], [ 74.2249551, 31.4220566 ], [ 74.2232299, 31.4218455 ], [ 74.2228716, 31.4216792 ], [ 74.2209768, 31.4211564 ], [ 74.2194805, 31.4206211 ], [ 74.2183211, 31.4199566 ], [ 74.217704, 31.4194379 ], [ 74.2146871, 31.4193705 ], [ 74.2118291, 31.4206856 ], [ 74.1923739, 31.4350725 ], [ 74.2094388, 31.450758 ] ] ] } },
{ "type": "Feature", "properties": { "element": "way", "id": 1047318608, "addr:city": null, "addr:housenumber": null, "addr:postcode": null, "addr:street": null, "building": null, "building:levels": null, "landuse": "residential", "name": null, "operator": null, "residential": null, "description": null, "source": null, "phone": null, "ele": null, "name:en": null, "name:ur": null, "official_name": null, "official_name:ur": null, "type": null }, "geometry": { "type": "Polygon", "coordinates": [ [ [ 74.3892238, 31.3966819 ], [ 74.3893848, 31.3976047 ], [ 74.3905858, 31.3975145 ], [ 74.3906204, 31.3979615 ], [ 74.3923918, 31.3976823 ], [ 74.3922961, 31.3972297 ], [ 74.3934207, 31.3971414 ], [ 74.3933067, 31.3963369 ], [ 74.3937723, 31.3962346 ], [ 74.3936735, 31.395515 ], [ 74.3931389, 31.3955336 ], [ 74.3930203, 31.3943369 ], [ 74.3923133, 31.3942572 ], [ 74.3922726, 31.3946112 ], [ 74.3916666, 31.3946228 ], [ 74.3915356, 31.3938459 ], [ 74.3893936, 31.3940773 ], [ 74.3897179, 31.3954833 ], [ 74.3891046, 31.395553 ], [ 74.3893873, 31.3964988 ], [ 74.3892238, 31.3966819 ] ] ] } },
{ "type": "Feature", "properties": { "element": "way", "id": 1047318609, "addr:city": null, "addr:housenumber": null, "addr:postcode": null, "addr:street": null, "building": null, "building:levels": null, "landuse": "residential", "name": null, "operator": null, "residential": null, "description": null, "source": null, "phone": null, "ele": null, "name:en": null, "name:ur": null, "official_name": null, "official_name:ur": null, "type": null }, "geometry": { "type": "Polygon", "coordinates": [ [ [ 74.4066099, 31.4004887 ], [ 74.4071187, 31.4005992 ], [ 74.4070225, 31.4009822 ], [ 74.4089138, 31.4013326 ], [ 74.4089166, 31.4015075 ], [ 74.4094686, 31.4016185 ], [ 74.4096789, 31.4008581 ], [ 74.410041, 31.4007047 ], [ 74.4100946, 31.4005101 ], [ 74.4103923, 31.4005742 ], [ 74.4104809, 31.4002812 ], [ 74.4111621, 31.4004209 ], [ 74.4114531, 31.3994804 ], [ 74.4107416, 31.3993314 ], [ 74.4106096, 31.3998256 ], [ 74.4100356, 31.3997226 ], [ 74.4102094, 31.3991834 ], [ 74.4091497, 31.3989574 ], [ 74.409217, 31.3986871 ], [ 74.4081231, 31.3984515 ], [ 74.4080663, 31.3986437 ], [ 74.4072674, 31.398501 ], [ 74.4070376, 31.3992759 ], [ 74.4074828, 31.3993823 ], [ 74.4073723, 31.3997454 ], [ 74.4068299, 31.3996375 ], [ 74.4066099, 31.4004887 ] ] ] } },
{ "type": "Feature", "properties": { "element": "way", "id": 1047318610, "addr:city": null, "addr:housenumber": null, "addr:postcode": null, "addr:street": null, "building": null, "building:levels": null, "landuse": "residential", "name": null, "operator": null, "residential": null, "description": null, "source": null, "phone": null, "ele": null, "name:en": null, "name:ur": null, "official_name": null, "official_name:ur": null, "type": null }, "geometry": { "type": "Polygon", "coordinates": [ [ [ 74.4242065, 31.4087422 ], [ 74.4241588, 31.4094168 ], [ 74.4257752, 31.4095612 ], [ 74.4259583, 31.4088586 ], [ 74.425997, 31.4085331 ], [ 74.4252846, 31.4082723 ], [ 74.4246128, 31.4083307 ], [ 74.4242065, 31.4087422 ] ] ] } },
{ "type": "Feature", "properties": { "element": "way", "id": 1047318611, "addr:city": null, "addr:housenumber": null, "addr:postcode": null, "addr:street": null, "building": null, "building:levels": null, "landuse": "residential", "name": null, "operator": null, "residential": null, "description": null, "source": null, "phone": null, "ele": null, "name:en": null, "name:ur": null, "official_name": null, "official_name:ur": null, "type": null }, "geometry": { "type": "Polygon", "coordinates": [ [ [ 74.4355331, 31.414567 ], [ 74.4355428, 31.4134401 ], [ 74.4349057, 31.4134727 ], [ 74.434861, 31.4124653 ], [ 74.4353269, 31.4124805 ], [ 74.4352961, 31.4109435 ], [ 74.4367, 31.4110362 ], [ 74.4368345, 31.411631 ], [ 74.4370735, 31.4116976 ], [ 74.4380482, 31.411664 ], [ 74.4381288, 31.4084576 ], [ 74.4395926, 31.4084746 ], [ 74.4394317, 31.4099946 ], [ 74.4398208, 31.4099768 ], [ 74.4396984, 31.4124705 ], [ 74.4384676, 31.4124591 ], [ 74.4384346, 31.4129473 ], [ 74.4393044, 31.4130061 ], [ 74.4392765, 31.4145286 ], [ 74.4355331, 31.414567 ] ] ] } },
{ "type": "Feature", "properties": { "element": "way", "id": 1047318612, "addr:city": null, "addr:housenumber": null, "addr:postcode": null, "addr:street": null, "building": null, "building:levels": null, "landuse": "residential", "name": null, "operator": null, "residential": null, "description": null, "source": null, "phone": null, "ele": null, "name:en": null, "name:ur": null, "official_name": null, "official_name:ur": null, "type": null }, "geometry": { "type": "Polygon", "coordinates": [ [ [ 74.4574846, 31.4228993 ], [ 74.4578794, 31.4227698 ], [ 74.4606886, 31.4225649 ], [ 74.4607774, 31.4235371 ], [ 74.4624883, 31.4234009 ], [ 74.4623256, 31.421096 ], [ 74.4612854, 31.4213019 ], [ 74.4611356, 31.4203064 ], [ 74.4622191, 31.4199721 ], [ 74.4619295, 31.4188458 ], [ 74.4622638, 31.4187953 ], [ 74.4620542, 31.4179311 ], [ 74.4608814, 31.4181718 ], [ 74.4608556, 31.4189227 ], [ 74.4580081, 31.4193423 ], [ 74.4580725, 31.4195141 ], [ 74.4565191, 31.4194894 ], [ 74.4564565, 31.4206473 ], [ 74.4559839, 31.4211521 ], [ 74.4559494, 31.4215263 ], [ 74.455954, 31.4216916 ], [ 74.4559608, 31.4220352 ], [ 74.4574846, 31.4228993 ] ] ] } },
{ "type": "Feature", "properties": { "element": "way", "id": 1047318613, "addr:city": null, "addr:housenumber": null, "addr:postcode": null, "addr:street": null, "building": null, "building:levels": null, "landuse": "residential", "name": null, "operator": null, "residential": null, "description": null, "source": null, "phone": null, "ele": null, "name:en": null, "name:ur": null, "official_name": null, "official_name:ur": null, "type": null }, "geometry": { "type": "Polygon", "coordinates": [ [ [ 74.5601622, 31.4416936 ], [ 74.5606215, 31.4423301 ], [ 74.5610674, 31.4423343 ], [ 74.5611678, 31.4427665 ], [ 74.562307, 31.4432195 ], [ 74.5630093, 31.4433772 ], [ 74.5638044, 31.443769 ], [ 74.5643824, 31.4442691 ], [ 74.5645929, 31.4448052 ], [ 74.5648301, 31.4449106 ], [ 74.5655733, 31.4452589 ], [ 74.5656734, 31.4456615 ], [ 74.5656504, 31.446135 ], [ 74.5656413, 31.446254 ], [ 74.5662416, 31.4466717 ], [ 74.5662817, 31.4463958 ], [ 74.5667605, 31.4465764 ], [ 74.5667112, 31.4468297 ], [ 74.5672322, 31.4469937 ], [ 74.5672652, 31.4473869 ], [ 74.5686671, 31.44745 ], [ 74.5685148, 31.4466915 ], [ 74.5687994, 31.4468253 ], [ 74.5690731, 31.4473587 ], [ 74.5706994, 31.4473614 ], [ 74.5716331, 31.4426432 ], [ 74.571746, 31.4422856 ], [ 74.5720626, 31.4421025 ], [ 74.5721535, 31.4410479 ], [ 74.5733403, 31.4410217 ], [ 74.573448, 31.4403752 ], [ 74.5722811, 31.4404724 ], [ 74.5723687, 31.4382295 ], [ 74.5729307, 31.4382011 ], [ 74.572698, 31.4370516 ], [ 74.5718965, 31.4369452 ], [ 74.571873, 31.4359754 ], [ 74.5713809, 31.4360672 ], [ 74.5713295, 31.4366004 ], [ 74.5711162, 31.4365753 ], [ 74.5712178, 31.4372112 ], [ 74.5710814, 31.4372218 ], [ 74.5705641, 31.4376673 ], [ 74.5705546, 31.4386919 ], [ 74.5698927, 31.4387205 ], [ 74.5697719, 31.440143 ], [ 74.5684381, 31.4401197 ], [ 74.5679939, 31.4404541 ], [ 74.5678912, 31.4408244 ], [ 74.5675523, 31.4419937 ], [ 74.5671804, 31.4419544 ], [ 74.5670428, 31.4415261 ], [ 74.5660997, 31.4418608 ], [ 74.5662184, 31.4421927 ], [ 74.5653253, 31.442298 ], [ 74.5648811, 31.4416282 ], [ 74.5644389, 31.4417622 ], [ 74.5637656, 31.4408238 ], [ 74.5637654, 31.4406445 ], [ 74.5639345, 31.4404637 ], [ 74.5645537, 31.4403388 ], [ 74.5645902, 31.4401876 ], [ 74.5656998, 31.4399176 ], [ 74.5654759, 31.4392016 ], [ 74.5646389, 31.4392252 ], [ 74.5645502, 31.4379067 ], [ 74.5624038, 31.4380133 ], [ 74.5623499, 31.4364254 ], [ 74.5587445, 31.4364943 ], [ 74.5588312, 31.4377837 ], [ 74.5571786, 31.4375972 ], [ 74.5571921, 31.4391168 ], [ 74.5597535, 31.4391874 ], [ 74.5597441, 31.4395192 ], [ 74.5605208, 31.4396595 ], [ 74.5604249, 31.4403609 ], [ 74.5590224, 31.4404432 ], [ 74.5593328, 31.441415 ], [ 74.5580464, 31.4415294 ], [ 74.558088, 31.4427606 ], [ 74.5597716, 31.4415079 ], [ 74.5601622, 31.4416936 ] ] ] } },
{ "type": "Feature", "properties": { "element": "way", "id": 1047318614, "addr:city": null, "addr:housenumber": null, "addr:postcode": null, "addr:street": null, "building": null, "building:levels": null, "landuse": "residential", "name": null, "operator": null, "residential": null, "description": null, "source": null, "phone": null, "ele": null, "name:en": null, "name:ur": null, "official_name": null, "official_name:ur": null, "type": null }, "geometry": { "type": "Polygon", "coordinates": [ [ [ 74.4923684, 31.5022854 ], [ 74.4934067, 31.5037154 ], [ 74.4942506, 31.5047562 ], [ 74.4951712, 31.5056721 ], [ 74.4982526, 31.505489 ], [ 74.4983797, 31.5044209 ], [ 74.4990367, 31.5043113 ], [ 74.4988313, 31.5015776 ], [ 74.496726, 31.5016628 ], [ 74.4967408, 31.5003006 ], [ 74.4957357, 31.5004506 ], [ 74.4956104, 31.5009594 ], [ 74.495337, 31.5009302 ], [ 74.4951925, 31.5020968 ], [ 74.493715, 31.5022138 ], [ 74.4936187, 31.5017383 ], [ 74.4928101, 31.5017736 ], [ 74.4923684, 31.5022854 ] ] ] } },
{ "type": "Feature", "properties": { "element": "way", "id": 1047318615, "addr:city": null, "addr:housenumber": null, "addr:postcode": null, "addr:street": null, "building": null, "building:levels": null, "landuse": "residential", "name": null, "operator": null, "residential": null, "description": null, "source": null, "phone": null, "ele": null, "name:en": null, "name:ur": null, "official_name": null, "official_name:ur": null, "type": null }, "geometry": { "type": "Polygon", "coordinates": [ [ [ 74.4980425, 31.5061255 ], [ 74.4980126, 31.5074014 ], [ 74.498709, 31.5073018 ], [ 74.4987043, 31.5078843 ], [ 74.4991688, 31.5078329 ], [ 74.4993365, 31.5072623 ], [ 74.5000181, 31.507152 ], [ 74.4999719, 31.506019 ], [ 74.4991542, 31.5059308 ], [ 74.4987724, 31.5058526 ], [ 74.4984708, 31.5058757 ], [ 74.4980425, 31.5061255 ] ] ] } },
{ "type": "Feature", "properties": { "element": "way", "id": 1047318616, "addr:city": null, "addr:housenumber": null, "addr:postcode": null, "addr:street": null, "building": null, "building:levels": null, "landuse": "residential", "name": null, "operator": null, "residential": null, "description": null, "source": null, "phone": null, "ele": null, "name:en": null, "name:ur": null, "official_name": null, "official_name:ur": null, "type": null }, "geometry": { "type": "Polygon", "coordinates": [ [ [ 74.4978036, 31.510314 ], [ 74.497374, 31.5114916 ], [ 74.4975698, 31.5126981 ], [ 74.4967519, 31.5136368 ], [ 74.4955473, 31.5147911 ], [ 74.4950056, 31.515417 ], [ 74.4940901, 31.5173043 ], [ 74.4938147, 31.5176579 ], [ 74.4935447, 31.5184521 ], [ 74.4933963, 31.5191944 ], [ 74.4930644, 31.520754 ], [ 74.49305, 31.521586 ], [ 74.4926098, 31.5221772 ], [ 74.4902681, 31.5232756 ], [ 74.4898292, 31.5243926 ], [ 74.4893398, 31.525056 ], [ 74.4884765, 31.5253053 ], [ 74.4875785, 31.525736 ], [ 74.4874661, 31.5268233 ], [ 74.4861421, 31.5269551 ], [ 74.4855936, 31.5271934 ], [ 74.4852555, 31.527492 ], [ 74.4847752, 31.5281058 ], [ 74.484727, 31.5287621 ], [ 74.48493, 31.529629 ], [ 74.4858247, 31.530943 ], [ 74.4858444, 31.5309818 ], [ 74.4868587, 31.5333831 ], [ 74.4883875, 31.538234 ], [ 74.4897306, 31.5387784 ], [ 74.4923923, 31.5387015 ], [ 74.4925712, 31.5392467 ], [ 74.4938474, 31.539097 ], [ 74.4938401, 31.5382661 ], [ 74.4939962, 31.537916 ], [ 74.4943719, 31.5384923 ], [ 74.4977805, 31.5382573 ], [ 74.497902, 31.5380486 ], [ 74.497881, 31.5376262 ], [ 74.4982166, 31.5376071 ], [ 74.498839, 31.5366098 ], [ 74.4998698, 31.5365543 ], [ 74.4998736, 31.5356409 ], [ 74.4984581, 31.5356371 ], [ 74.4976866, 31.5358764 ], [ 74.4974345, 31.536216 ], [ 74.4969385, 31.5362399 ], [ 74.4967649, 31.5306516 ], [ 74.497185, 31.5292254 ], [ 74.4980201, 31.5263763 ], [ 74.498737, 31.5264473 ], [ 74.4986672, 31.5248532 ], [ 74.4999841, 31.5245076 ], [ 74.50019, 31.5232231 ], [ 74.5009139, 31.5228301 ], [ 74.5007188, 31.5208586 ], [ 74.4998347, 31.5208414 ], [ 74.4999946, 31.5187761 ], [ 74.4999808, 31.5178267 ], [ 74.500966, 31.5177132 ], [ 74.501942, 31.5177103 ], [ 74.5018985, 31.5163712 ], [ 74.5021604, 31.5162738 ], [ 74.5022269, 31.5154094 ], [ 74.502543, 31.5152464 ], [ 74.5024399, 31.5145357 ], [ 74.5033495, 31.5139139 ], [ 74.5037654, 31.5138882 ], [ 74.5038557, 31.5119805 ], [ 74.5031793, 31.5119478 ], [ 74.5022738, 31.5121941 ], [ 74.5020697, 31.5119761 ], [ 74.5020457, 31.5116904 ], [ 74.5013076, 31.511645 ], [ 74.5012828, 31.5112809 ], [ 74.5012024, 31.5100381 ], [ 74.5002593, 31.5103171 ], [ 74.4994788, 31.5104769 ], [ 74.4989554, 31.5104473 ], [ 74.4978036, 31.510314 ] ] ] } },
{ "type": "Feature", "properties": { "element": "way", "id": 1081881451, "addr:city": null, "addr:housenumber": null, "addr:postcode": null, "addr:street": null, "building": null, "building:levels": null, "landuse": "residential", "name": null, "operator": null, "residential": null, "description": null, "source": null, "phone": null, "ele": null, "name:en": null, "name:ur": null, "official_name": null, "official_name:ur": null, "type": null }, "geometry": { "type": "Polygon", "coordinates": [ [ [ 74.108712, 31.4555453 ], [ 74.1087848, 31.4534045 ], [ 74.1108463, 31.4533089 ], [ 74.1109135, 31.4530269 ], [ 74.1122412, 31.453003 ], [ 74.1121796, 31.452506 ], [ 74.112863, 31.4525251 ], [ 74.1132663, 31.452248 ], [ 74.1132943, 31.4514212 ], [ 74.1135912, 31.4514165 ], [ 74.1136921, 31.4501118 ], [ 74.112975, 31.4501692 ], [ 74.1129806, 31.449524 ], [ 74.1143885, 31.4495661 ], [ 74.1143294, 31.449358 ], [ 74.1147507, 31.4493201 ], [ 74.1148394, 31.4474788 ], [ 74.1151647, 31.4474599 ], [ 74.1162112, 31.4489494 ], [ 74.1170274, 31.4484562 ], [ 74.1170422, 31.4480716 ], [ 74.1173378, 31.4479328 ], [ 74.1186314, 31.4479139 ], [ 74.1186166, 31.4500832 ], [ 74.1185575, 31.4518425 ], [ 74.1183136, 31.4518299 ], [ 74.1182402, 31.4527531 ], [ 74.115719, 31.452782 ], [ 74.1140855, 31.4528009 ], [ 74.1139672, 31.4536774 ], [ 74.1134498, 31.4536333 ], [ 74.1132428, 31.4541882 ], [ 74.1119714, 31.4546737 ], [ 74.1100939, 31.4547242 ], [ 74.1100126, 31.4550521 ], [ 74.1095247, 31.4550205 ], [ 74.10951, 31.4555376 ], [ 74.108712, 31.4555453 ] ] ] } },
{ "type": "Feature", "properties": { "element": "way", "id": 1085728429, "addr:city": null, "addr:housenumber": null, "addr:postcode": null, "addr:street": null, "building": null, "building:levels": null, "landuse": "residential", "name": "DHA Phase 6 - Sector G", "operator": null, "residential": null, "description": null, "source": null, "phone": null, "ele": null, "name:en": null, "name:ur": null, "official_name": null, "official_name:ur": null, "type": null }, "geometry": { "type": "Polygon", "coordinates": [ [ [ 74.4507471, 31.4714128 ], [ 74.4510115, 31.4711681 ], [ 74.4519478, 31.4702524 ], [ 74.4529431, 31.4692962 ], [ 74.4546829, 31.4676923 ], [ 74.4560653, 31.4662435 ], [ 74.4579744, 31.4700333 ], [ 74.4580197, 31.4701544 ], [ 74.4582745, 31.4708161 ], [ 74.4584328, 31.4713893 ], [ 74.4584813, 31.4716288 ], [ 74.4585674, 31.4719631 ], [ 74.4586792, 31.4725521 ], [ 74.45879, 31.4734113 ], [ 74.4588725, 31.4742827 ], [ 74.4589506, 31.4751543 ], [ 74.4589811, 31.476052 ], [ 74.4590499, 31.4766301 ], [ 74.4593166, 31.4780177 ], [ 74.4575335, 31.4767548 ], [ 74.4553448, 31.4750128 ], [ 74.4548169, 31.474701 ], [ 74.4534392, 31.4737084 ], [ 74.4527376, 31.4732634 ], [ 74.4516257, 31.4724439 ], [ 74.4507047, 31.4715784 ], [ 74.4507471, 31.4714128 ] ] ] } },
{ "type": "Feature", "properties": { "element": "way", "id": 1148159878, "addr:city": null, "addr:housenumber": null, "addr:postcode": null, "addr:street": null, "building": null, "building:levels": null, "landuse": "residential", "name": "Penta Square", "operator": null, "residential": "apartments", "description": null, "source": null, "phone": null, "ele": null, "name:en": null, "name:ur": null, "official_name": null, "official_name:ur": null, "type": null }, "geometry": { "type": "Polygon", "coordinates": [ [ [ 74.4148088, 31.4624126 ], [ 74.4168959, 31.4620436 ], [ 74.416437, 31.4602922 ], [ 74.4143778, 31.4606529 ], [ 74.4148088, 31.4624126 ] ] ] } },
{ "type": "Feature", "properties": { "element": "way", "id": 1176251241, "addr:city": null, "addr:housenumber": null, "addr:postcode": null, "addr:street": null, "building": null, "building:levels": null, "landuse": "residential", "name": "Gulzar-E-Mukhtar House", "operator": null, "residential": "residential_area", "description": null, "source": null, "phone": null, "ele": null, "name:en": null, "name:ur": null, "official_name": null, "official_name:ur": null, "type": null }, "geometry": { "type": "Polygon", "coordinates": [ [ [ 74.2848905, 31.4604443 ], [ 74.2850006, 31.4605247 ], [ 74.2852381, 31.4602759 ], [ 74.2851458, 31.4601862 ], [ 74.2848905, 31.4604443 ] ] ] } },
{ "type": "Feature", "properties": { "element": "way", "id": 1180157363, "addr:city": null, "addr:housenumber": null, "addr:postcode": null, "addr:street": null, "building": null, "building:levels": null, "landuse": "residential", "name": "BAWA G", "operator": null, "residential": null, "description": null, "source": null, "phone": null, "ele": null, "name:en": null, "name:ur": null, "official_name": null, "official_name:ur": null, "type": null }, "geometry": { "type": "Polygon", "coordinates": [ [ [ 74.2996545, 31.4521934 ], [ 74.299521, 31.4519306 ], [ 74.2994594, 31.4519481 ], [ 74.2993943, 31.4518313 ], [ 74.2993806, 31.4518138 ], [ 74.299456, 31.4517846 ], [ 74.2992882, 31.4514925 ], [ 74.2995689, 31.4513874 ], [ 74.2997127, 31.4516356 ], [ 74.2998668, 31.4515685 ], [ 74.3000208, 31.4518401 ], [ 74.2998565, 31.4518985 ], [ 74.2999592, 31.4520854 ], [ 74.2996545, 31.4521934 ] ] ] } },
{ "type": "Feature", "properties": { "element": "way", "id": 1234071045, "addr:city": null, "addr:housenumber": null, "addr:postcode": null, "addr:street": null, "building": null, "building:levels": null, "landuse": "residential", "name": "Lahore Press Club Housing Society", "operator": null, "residential": "gated", "description": null, "source": null, "phone": null, "ele": null, "name:en": null, "name:ur": null, "official_name": null, "official_name:ur": null, "type": null }, "geometry": { "type": "Polygon", "coordinates": [ [ [ 74.447862, 31.5833208 ], [ 74.4487334, 31.5839388 ], [ 74.4488562, 31.5840287 ], [ 74.4494465, 31.5844541 ], [ 74.4512343, 31.5844762 ], [ 74.4512343, 31.5843904 ], [ 74.4518561, 31.5844051 ], [ 74.4518594, 31.5862103 ], [ 74.4519986, 31.5863051 ], [ 74.4522604, 31.5864836 ], [ 74.453105, 31.5860374 ], [ 74.4532052, 31.5859755 ], [ 74.4533606, 31.5857962 ], [ 74.4537713, 31.5854912 ], [ 74.453809, 31.5852607 ], [ 74.4538164, 31.5850129 ], [ 74.4538469, 31.5846273 ], [ 74.4538567, 31.5842293 ], [ 74.453912, 31.5831311 ], [ 74.453944, 31.5824954 ], [ 74.4539912, 31.5808812 ], [ 74.4546491, 31.580967 ], [ 74.4556828, 31.5811019 ], [ 74.4559361, 31.5810742 ], [ 74.4563682, 31.5810293 ], [ 74.4563977, 31.5810238 ], [ 74.4564899, 31.5808507 ], [ 74.45584, 31.5804425 ], [ 74.455897, 31.5803503 ], [ 74.45551, 31.5801801 ], [ 74.4555778, 31.5799891 ], [ 74.4557269, 31.5796157 ], [ 74.4557439, 31.5795876 ], [ 74.4553469, 31.5794859 ], [ 74.4555878, 31.5791479 ], [ 74.4556183, 31.5791035 ], [ 74.4550828, 31.5789563 ], [ 74.4545704, 31.578868 ], [ 74.4539946, 31.5788239 ], [ 74.4539474, 31.57882 ], [ 74.4536434, 31.5787895 ], [ 74.4536643, 31.5783694 ], [ 74.4536664, 31.578326 ], [ 74.4526387, 31.5782794 ], [ 74.4525869, 31.5777938 ], [ 74.4523495, 31.57782 ], [ 74.4521205, 31.5778453 ], [ 74.4521474, 31.578214 ], [ 74.4516502, 31.5781943 ], [ 74.4511561, 31.5781445 ], [ 74.4507601, 31.5777576 ], [ 74.450589, 31.5775608 ], [ 74.4501427, 31.5778649 ], [ 74.4497541, 31.5780685 ], [ 74.4496792, 31.5779034 ], [ 74.4496319, 31.577729 ], [ 74.449437, 31.5777585 ], [ 74.4492686, 31.5773161 ], [ 74.449151, 31.5770656 ], [ 74.4488332, 31.5771063 ], [ 74.4485421, 31.577139 ], [ 74.4485005, 31.5768053 ], [ 74.4485179, 31.5764671 ], [ 74.4482147, 31.5763893 ], [ 74.4480507, 31.5763975 ], [ 74.4479285, 31.5763952 ], [ 74.4476922, 31.5763581 ], [ 74.447757, 31.5767161 ], [ 74.4474772, 31.5767302 ], [ 74.4474092, 31.5767429 ], [ 74.4474184, 31.5768102 ], [ 74.447364, 31.5768232 ], [ 74.4473672, 31.5768424 ], [ 74.4474162, 31.5771166 ], [ 74.4474334, 31.5772341 ], [ 74.447482, 31.5776322 ], [ 74.4475205, 31.5778898 ], [ 74.4475424, 31.5780358 ], [ 74.4475575, 31.5780956 ], [ 74.447184, 31.5780967 ], [ 74.4472014, 31.5784072 ], [ 74.4472307, 31.5788552 ], [ 74.4475901, 31.5788115 ], [ 74.4476176, 31.5790868 ], [ 74.4475609, 31.5791068 ], [ 74.4475846, 31.579315 ], [ 74.4468662, 31.5793774 ], [ 74.4464368, 31.5794147 ], [ 74.4457972, 31.5794702 ], [ 74.4452021, 31.579534 ], [ 74.4452035, 31.5794366 ], [ 74.4451863, 31.579117 ], [ 74.4451869, 31.5790749 ], [ 74.4451607, 31.5789783 ], [ 74.4446502, 31.578995 ], [ 74.4446327, 31.5789076 ], [ 74.4430128, 31.5789671 ], [ 74.4423528, 31.5789913 ], [ 74.4420451, 31.5790526 ], [ 74.4423685, 31.5792855 ], [ 74.4425251, 31.5793983 ], [ 74.4425055, 31.5794281 ], [ 74.4433944, 31.5800516 ], [ 74.4439149, 31.5804559 ], [ 74.4443709, 31.5807942 ], [ 74.4444298, 31.580718 ], [ 74.4445018, 31.580757 ], [ 74.4453235, 31.5808783 ], [ 74.4457759, 31.5809503 ], [ 74.4480886, 31.5813351 ], [ 74.4481218, 31.5813425 ], [ 74.4483632, 31.5814057 ], [ 74.4483587, 31.581441 ], [ 74.4483526, 31.5819149 ], [ 74.4483087, 31.5821945 ], [ 74.4484704, 31.5822068 ], [ 74.4484616, 31.5824713 ], [ 74.4484551, 31.582664 ], [ 74.4485664, 31.5826677 ], [ 74.4485541, 31.5829098 ], [ 74.448549, 31.5830115 ], [ 74.4482064, 31.5829688 ], [ 74.4480854, 31.5830718 ], [ 74.447893, 31.5832444 ], [ 74.447862, 31.5833208 ] ] ] } },
{ "type": "Feature", "properties": { "element": "way", "id": 1234375130, "addr:city": null, "addr:housenumber": null, "addr:postcode": null, "addr:street": null, "building": null, "building:levels": null, "landuse": "residential", "name": "Lahore Press Club Housing Scheme Block F", "operator": null, "residential": null, "description": null, "source": null, "phone": null, "ele": null, "name:en": null, "name:ur": null, "official_name": null, "official_name:ur": null, "type": null }, "geometry": { "type": "Polygon", "coordinates": [ [ [ 74.4442028, 31.5868177 ], [ 74.4443077, 31.5868214 ], [ 74.4443897, 31.5868243 ], [ 74.4446175, 31.5868329 ], [ 74.4446703, 31.5868349 ], [ 74.445089, 31.5868472 ], [ 74.4455248, 31.5868601 ], [ 74.445924, 31.5868718 ], [ 74.4466455, 31.5868931 ], [ 74.4466934, 31.5867184 ], [ 74.4467161, 31.586631 ], [ 74.4480883, 31.5866539 ], [ 74.4490681, 31.5866691 ], [ 74.4490768, 31.5864921 ], [ 74.4491329, 31.5853486 ], [ 74.4491587, 31.5850685 ], [ 74.4491738, 31.5849532 ], [ 74.4493074, 31.5849522 ], [ 74.4493369, 31.5847113 ], [ 74.4491629, 31.5846038 ], [ 74.4491275, 31.5846398 ], [ 74.4490921, 31.5846748 ], [ 74.4489752, 31.5849475 ], [ 74.4484775, 31.5849522 ], [ 74.4470012, 31.5849122 ], [ 74.44614, 31.5848894 ], [ 74.4461299, 31.5850728 ], [ 74.4460841, 31.5859069 ], [ 74.4447978, 31.5858993 ], [ 74.4447911, 31.5860346 ], [ 74.4443549, 31.5860346 ], [ 74.4443348, 31.586006 ], [ 74.4442856, 31.5860098 ], [ 74.4442207, 31.5860765 ], [ 74.4442051, 31.5866786 ], [ 74.4442028, 31.5868177 ] ] ] } },
{ "type": "Feature", "properties": { "element": "way", "id": 1239650733, "addr:city": null, "addr:housenumber": null, "addr:postcode": null, "addr:street": null, "building": null, "building:levels": null, "landuse": "residential", "name": "Indigo Canal", "operator": null, "residential": "gated", "description": null, "source": null, "phone": null, "ele": null, "name:en": null, "name:ur": null, "official_name": null, "official_name:ur": null, "type": null }, "geometry": { "type": "Polygon", "coordinates": [ [ [ 74.4675634, 31.5818092 ], [ 74.4679761, 31.5818079 ], [ 74.4679761, 31.5814281 ], [ 74.46818, 31.5814313 ], [ 74.4685705, 31.5814374 ], [ 74.4687198, 31.5814398 ], [ 74.4689632, 31.582085 ], [ 74.4692588, 31.5818797 ], [ 74.4692842, 31.581862 ], [ 74.4695498, 31.5818659 ], [ 74.4695618, 31.581554 ], [ 74.4697569, 31.581554 ], [ 74.4697434, 31.581871 ], [ 74.4698994, 31.5818787 ], [ 74.4699114, 31.5815016 ], [ 74.4699524, 31.5815035 ], [ 74.4700765, 31.5815092 ], [ 74.470084, 31.5813827 ], [ 74.470321, 31.5813845 ], [ 74.4705702, 31.5813865 ], [ 74.4705717, 31.5816345 ], [ 74.470688, 31.5816358 ], [ 74.4710042, 31.5816394 ], [ 74.471189, 31.5816415 ], [ 74.4713595, 31.5816434 ], [ 74.4713872, 31.5811473 ], [ 74.4713805, 31.5811066 ], [ 74.467335, 31.5803153 ], [ 74.467365, 31.5803819 ], [ 74.4675634, 31.5818092 ] ] ] } },
{ "type": "Feature", "properties": { "element": "way", "id": 1243371430, "addr:city": null, "addr:housenumber": null, "addr:postcode": null, "addr:street": null, "building": null, "building:levels": null, "landuse": "residential", "name": "Hajveri Housing Society", "operator": null, "residential": "gated", "description": null, "source": null, "phone": null, "ele": null, "name:en": null, "name:ur": null, "official_name": null, "official_name:ur": null, "type": null }, "geometry": { "type": "Polygon", "coordinates": [ [ [ 74.4479856, 31.57545 ], [ 74.4479986, 31.5747692 ], [ 74.4480023, 31.5745735 ], [ 74.4482052, 31.574562 ], [ 74.4482397, 31.5745601 ], [ 74.4483424, 31.5737789 ], [ 74.4482147, 31.5737791 ], [ 74.4480339, 31.5737779 ], [ 74.4480128, 31.5734857 ], [ 74.4477279, 31.5734677 ], [ 74.4477279, 31.5733599 ], [ 74.4476593, 31.5732969 ], [ 74.4474535, 31.5732655 ], [ 74.4474709, 31.5731119 ], [ 74.44748, 31.5730542 ], [ 74.4472116, 31.5730364 ], [ 74.4472317, 31.5728162 ], [ 74.4465181, 31.5727306 ], [ 74.4465522, 31.5716542 ], [ 74.4461349, 31.5716635 ], [ 74.4461474, 31.5713927 ], [ 74.4461583, 31.5709667 ], [ 74.4461583, 31.5708248 ], [ 74.4461583, 31.5706636 ], [ 74.4465901, 31.5707227 ], [ 74.4469218, 31.5707733 ], [ 74.4472784, 31.5708277 ], [ 74.4476083, 31.570878 ], [ 74.448053, 31.5709459 ], [ 74.4485497, 31.5710216 ], [ 74.4491782, 31.5711144 ], [ 74.4497762, 31.5712087 ], [ 74.4500273, 31.5712441 ], [ 74.450524, 31.5713141 ], [ 74.4510002, 31.5713812 ], [ 74.4512084, 31.5714105 ], [ 74.4514541, 31.5714452 ], [ 74.4516078, 31.5714668 ], [ 74.4512982, 31.5738082 ], [ 74.4511764, 31.5744692 ], [ 74.4510444, 31.5744521 ], [ 74.450693, 31.5744066 ], [ 74.4501684, 31.5743386 ], [ 74.4496265, 31.5742683 ], [ 74.449423, 31.5757093 ], [ 74.4486094, 31.5755612 ], [ 74.4485893, 31.5755294 ], [ 74.4485683, 31.5755221 ], [ 74.4485142, 31.5755128 ], [ 74.4484548, 31.5755062 ], [ 74.4484349, 31.5755309 ], [ 74.4479856, 31.57545 ] ] ] } },
{ "type": "Feature", "properties": { "element": "way", "id": 1243371434, "addr:city": null, "addr:housenumber": null, "addr:postcode": null, "addr:street": null, "building": null, "building:levels": null, "landuse": "residential", "name": "Nazir Garden", "operator": null, "residential": "gated", "description": null, "source": null, "phone": null, "ele": null, "name:en": null, "name:ur": null, "official_name": null, "official_name:ur": null, "type": null }, "geometry": { "type": "Polygon", "coordinates": [ [ [ 74.449423, 31.5757093 ], [ 74.4509194, 31.5760037 ], [ 74.4510713, 31.5754007 ], [ 74.4511231, 31.5751483 ], [ 74.4511445, 31.5750096 ], [ 74.4509443, 31.5749854 ], [ 74.4509631, 31.5748949 ], [ 74.4510187, 31.5746275 ], [ 74.4510341, 31.5745537 ], [ 74.4511531, 31.5745713 ], [ 74.4511764, 31.5744692 ], [ 74.4496265, 31.5742683 ], [ 74.449423, 31.5757093 ] ] ] } },
{ "type": "Feature", "properties": { "element": "way", "id": 1243375793, "addr:city": null, "addr:housenumber": null, "addr:postcode": null, "addr:street": null, "building": null, "building:levels": null, "landuse": "residential", "name": "Al-Rehman Garden Phase-7", "operator": null, "residential": null, "description": null, "source": null, "phone": null, "ele": null, "name:en": null, "name:ur": null, "official_name": null, "official_name:ur": null, "type": null }, "geometry": { "type": "Polygon", "coordinates": [ [ [ 74.4758685, 31.5810223 ], [ 74.4755889, 31.5809712 ], [ 74.4752863, 31.5806611 ], [ 74.4743481, 31.5795225 ], [ 74.4737435, 31.5787242 ], [ 74.473661, 31.5786153 ], [ 74.4758262, 31.5783247 ], [ 74.4775465, 31.5779162 ], [ 74.4783495, 31.5777562 ], [ 74.4793036, 31.577415 ], [ 74.4802592, 31.5773164 ], [ 74.4804382, 31.5784702 ], [ 74.4805411, 31.5790998 ], [ 74.4810723, 31.5798815 ], [ 74.4810909, 31.5799089 ], [ 74.4812667, 31.5801676 ], [ 74.481242, 31.5803427 ], [ 74.4808344, 31.5803524 ], [ 74.4808222, 31.5810946 ], [ 74.480058, 31.5810714 ], [ 74.4797373, 31.5810133 ], [ 74.4796099, 31.5817879 ], [ 74.4792324, 31.5817181 ], [ 74.4793711, 31.5808695 ], [ 74.4784963, 31.5808614 ], [ 74.4772386, 31.5808498 ], [ 74.4772408, 31.5807239 ], [ 74.4770063, 31.5807074 ], [ 74.4770043, 31.580501 ], [ 74.4762051, 31.5804972 ], [ 74.4761642, 31.5810319 ], [ 74.4760141, 31.5810145 ], [ 74.4759936, 31.5809719 ], [ 74.4758753, 31.5809641 ], [ 74.4758685, 31.5810223 ] ] ] } },
{ "type": "Feature", "properties": { "element": "way", "id": 1243397609, "addr:city": null, "addr:housenumber": null, "addr:postcode": null, "addr:street": null, "building": null, "building:levels": null, "landuse": "residential", "name": null, "operator": null, "residential": null, "description": null, "source": null, "phone": null, "ele": null, "name:en": null, "name:ur": null, "official_name": null, "official_name:ur": null, "type": null }, "geometry": { "type": "Polygon", "coordinates": [ [ [ 74.4681211, 31.5794775 ], [ 74.4681173, 31.5793878 ], [ 74.4694227, 31.5792596 ], [ 74.4694115, 31.5790833 ], [ 74.4698215, 31.5790513 ], [ 74.4698366, 31.5791026 ], [ 74.4714392, 31.5788686 ], [ 74.4718863, 31.5788077 ], [ 74.4718939, 31.5791026 ], [ 74.472966, 31.5791282 ], [ 74.4730864, 31.5792372 ], [ 74.4730939, 31.5798365 ], [ 74.4728173, 31.5798344 ], [ 74.4724957, 31.5798175 ], [ 74.4724599, 31.580352 ], [ 74.4712506, 31.5801249 ], [ 74.4681211, 31.5794775 ] ] ] } },
{ "type": "Feature", "properties": { "element": "way", "id": 1243397611, "addr:city": null, "addr:housenumber": null, "addr:postcode": null, "addr:street": null, "building": null, "building:levels": null, "landuse": "residential", "name": "Al-Hafeez Garden Phase-5", "operator": null, "residential": "gated", "description": null, "source": null, "phone": null, "ele": null, "name:en": null, "name:ur": null, "official_name": null, "official_name:ur": null, "type": null }, "geometry": { "type": "Polygon", "coordinates": [ [ [ 74.471189, 31.5816415 ], [ 74.4711869, 31.5817765 ], [ 74.4717593, 31.5817906 ], [ 74.4717633, 31.5819001 ], [ 74.471908, 31.581901 ], [ 74.4719079, 31.5820588 ], [ 74.4719079, 31.5820862 ], [ 74.4719077, 31.5821438 ], [ 74.4719076, 31.5823933 ], [ 74.4718122, 31.5824017 ], [ 74.4717844, 31.5828829 ], [ 74.4718416, 31.5828968 ], [ 74.4718339, 31.5831258 ], [ 74.4718248, 31.5833475 ], [ 74.4718193, 31.5835408 ], [ 74.4718111, 31.5837799 ], [ 74.471788, 31.5851643 ], [ 74.4717828, 31.5853702 ], [ 74.4714386, 31.5853664 ], [ 74.4714412, 31.58553 ], [ 74.4714455, 31.5858064 ], [ 74.4714463, 31.5858482 ], [ 74.4711221, 31.5858423 ], [ 74.4711229, 31.5859454 ], [ 74.4711248, 31.5861896 ], [ 74.4711256, 31.5862941 ], [ 74.4704531, 31.5862847 ], [ 74.4704546, 31.586376 ], [ 74.4698456, 31.5863644 ], [ 74.4698386, 31.5868354 ], [ 74.4698385, 31.5873741 ], [ 74.4698384, 31.5876551 ], [ 74.4698384, 31.5878283 ], [ 74.4688299, 31.5878402 ], [ 74.4685338, 31.5878421 ], [ 74.4685298, 31.5875505 ], [ 74.468529, 31.5873368 ], [ 74.4681345, 31.5870325 ], [ 74.4680496, 31.5869277 ], [ 74.4680305, 31.5868583 ], [ 74.4680496, 31.5867889 ], [ 74.4681969, 31.5864877 ], [ 74.4682212, 31.5864393 ], [ 74.4682194, 31.5863699 ], [ 74.4683234, 31.5863743 ], [ 74.4683113, 31.585986 ], [ 74.4682801, 31.5854294 ], [ 74.4685609, 31.5854285 ], [ 74.4689308, 31.5854273 ], [ 74.4691935, 31.5854265 ], [ 74.4692091, 31.5848465 ], [ 74.468209, 31.5848214 ], [ 74.4681848, 31.5845379 ], [ 74.4678988, 31.5833971 ], [ 74.4676873, 31.5824779 ], [ 74.4676596, 31.5822786 ], [ 74.4677428, 31.5822343 ], [ 74.4677393, 31.582066 ], [ 74.4676111, 31.5820455 ], [ 74.4675634, 31.5818092 ], [ 74.4679761, 31.5818079 ], [ 74.4679761, 31.5814281 ], [ 74.4687198, 31.5814398 ], [ 74.4689632, 31.582085 ], [ 74.4692842, 31.581862 ], [ 74.4695498, 31.5818659 ], [ 74.4695618, 31.581554 ], [ 74.4697569, 31.581554 ], [ 74.4697434, 31.581871 ], [ 74.4698994, 31.5818787 ], [ 74.4699114, 31.5815016 ], [ 74.4700765, 31.5815092 ], [ 74.470084, 31.5813827 ], [ 74.4705702, 31.5813865 ], [ 74.4705717, 31.5816345 ], [ 74.471189, 31.5816415 ] ] ] } },
{ "type": "Feature", "properties": { "element": "way", "id": 1243455694, "addr:city": null, "addr:housenumber": null, "addr:postcode": null, "addr:street": null, "building": null, "building:levels": null, "landuse": "residential", "name": "Nawabpura", "operator": null, "residential": "rural", "description": null, "source": null, "phone": null, "ele": null, "name:en": null, "name:ur": null, "official_name": null, "official_name:ur": null, "type": null }, "geometry": { "type": "Polygon", "coordinates": [ [ [ 74.4476922, 31.5763581 ], [ 74.442767, 31.5752649 ], [ 74.4424175, 31.5752123 ], [ 74.4424042, 31.5755728 ], [ 74.4424207, 31.5768987 ], [ 74.4425784, 31.5782048 ], [ 74.442889, 31.5781754 ], [ 74.4430128, 31.5789671 ], [ 74.4446327, 31.5789076 ], [ 74.4446502, 31.578995 ], [ 74.4451607, 31.5789783 ], [ 74.4451869, 31.5790749 ], [ 74.4452021, 31.579534 ], [ 74.4457972, 31.5794702 ], [ 74.4475846, 31.579315 ], [ 74.4475609, 31.5791068 ], [ 74.4476176, 31.5790868 ], [ 74.4475901, 31.5788115 ], [ 74.4472307, 31.5788552 ], [ 74.447184, 31.5780967 ], [ 74.4475575, 31.5780956 ], [ 74.4475424, 31.5780358 ], [ 74.4475205, 31.5778898 ], [ 74.447482, 31.5776322 ], [ 74.4474334, 31.5772341 ], [ 74.4474162, 31.5771166 ], [ 74.4473672, 31.5768424 ], [ 74.447364, 31.5768232 ], [ 74.4474184, 31.5768102 ], [ 74.4474092, 31.5767429 ], [ 74.447757, 31.5767161 ], [ 74.4476922, 31.5763581 ] ] ] } },
{ "type": "Feature", "properties": { "element": "way", "id": 1244563224, "addr:city": null, "addr:housenumber": null, "addr:postcode": null, "addr:street": null, "building": null, "building:levels": null, "landuse": "residential", "name": "Al-Kareem Garden", "operator": null, "residential": "gated", "description": null, "source": null, "phone": null, "ele": null, "name:en": null, "name:ur": null, "official_name": null, "official_name:ur": null, "type": null }, "geometry": { "type": "Polygon", "coordinates": [ [ [ 74.4525092, 31.5870404 ], [ 74.453839, 31.5880013 ], [ 74.4540528, 31.5881558 ], [ 74.4548344, 31.5887448 ], [ 74.4550942, 31.5889406 ], [ 74.4550788, 31.5889826 ], [ 74.4519584, 31.5897339 ], [ 74.451957, 31.5896509 ], [ 74.4519091, 31.5896536 ], [ 74.4518169, 31.589659 ], [ 74.4512129, 31.5896239 ], [ 74.4511578, 31.5894713 ], [ 74.4511436, 31.5894322 ], [ 74.4507781, 31.5894149 ], [ 74.4507896, 31.5889764 ], [ 74.4505163, 31.5889805 ], [ 74.450519, 31.5887792 ], [ 74.4505299, 31.5879561 ], [ 74.450232, 31.5879478 ], [ 74.4502353, 31.5878327 ], [ 74.4502427, 31.5875778 ], [ 74.4502464, 31.5874497 ], [ 74.4515355, 31.5874862 ], [ 74.4515339, 31.5875804 ], [ 74.4519619, 31.5875926 ], [ 74.4519586, 31.5879848 ], [ 74.4522687, 31.5879829 ], [ 74.4522893, 31.5870368 ], [ 74.4525092, 31.5870404 ] ] ] } },
{ "type": "Feature", "properties": { "element": "way", "id": 1244563227, "addr:city": null, "addr:housenumber": null, "addr:postcode": null, "addr:street": null, "building": null, "building:levels": null, "landuse": "residential", "name": "Fihries Department", "operator": null, "residential": null, "description": null, "source": null, "phone": null, "ele": null, "name:en": null, "name:ur": null, "official_name": null, "official_name:ur": null, "type": null }, "geometry": { "type": "Polygon", "coordinates": [ [ [ 74.4659622, 31.5872729 ], [ 74.4675513, 31.5872759 ], [ 74.4665639, 31.5882196 ], [ 74.4674452, 31.5887291 ], [ 74.4664188, 31.5896003 ], [ 74.4629504, 31.5892295 ], [ 74.4607985, 31.5889552 ], [ 74.4605758, 31.5889197 ], [ 74.4603101, 31.5888888 ], [ 74.4581466, 31.5886894 ], [ 74.4580537, 31.5880787 ], [ 74.4592094, 31.5880975 ], [ 74.4594987, 31.5884476 ], [ 74.4602683, 31.5882483 ], [ 74.4606223, 31.5881796 ], [ 74.4607035, 31.5881638 ], [ 74.460641, 31.5879443 ], [ 74.4604854, 31.5872986 ], [ 74.4607149, 31.5872593 ], [ 74.4608952, 31.5872462 ], [ 74.4614497, 31.5872383 ], [ 74.461398, 31.5883846 ], [ 74.4632031, 31.588137 ], [ 74.4641056, 31.5880867 ], [ 74.4655163, 31.5878755 ], [ 74.4659051, 31.587864 ], [ 74.4659622, 31.5872729 ] ] ] } },
{ "type": "Feature", "properties": { "element": "way", "id": 1245233162, "addr:city": null, "addr:housenumber": null, "addr:postcode": null, "addr:street": null, "building": null, "building:levels": null, "landuse": "residential", "name": "Al-Hafeez Garden Phase-1", "operator": null, "residential": null, "description": null, "source": null, "phone": null, "ele": null, "name:en": null, "name:ur": null, "official_name": null, "official_name:ur": null, "type": null }, "geometry": { "type": "Polygon", "coordinates": [ [ [ 74.4676927, 31.5932529 ], [ 74.467713, 31.5928027 ], [ 74.4658523, 31.5926194 ], [ 74.4658308, 31.5927107 ], [ 74.4654446, 31.5926628 ], [ 74.465694, 31.5911526 ], [ 74.4659891, 31.5911137 ], [ 74.4656484, 31.5906796 ], [ 74.465981, 31.5904671 ], [ 74.4658845, 31.5902798 ], [ 74.4660132, 31.5901884 ], [ 74.4661178, 31.5898868 ], [ 74.4661554, 31.5898914 ], [ 74.4661593, 31.589744 ], [ 74.4661634, 31.5896926 ], [ 74.4667562, 31.5896972 ], [ 74.4676788, 31.5895373 ], [ 74.4679524, 31.5894299 ], [ 74.4685398, 31.5890552 ], [ 74.4685353, 31.5881405 ], [ 74.4685338, 31.5878421 ], [ 74.4688299, 31.5878402 ], [ 74.4698384, 31.5878283 ], [ 74.4699792, 31.5878241 ], [ 74.4700142, 31.5878231 ], [ 74.4700151, 31.5879082 ], [ 74.4696435, 31.5881287 ], [ 74.4697429, 31.5887745 ], [ 74.4708801, 31.5887995 ], [ 74.4708548, 31.5901462 ], [ 74.470423, 31.5902306 ], [ 74.4699356, 31.5904388 ], [ 74.469202, 31.5907521 ], [ 74.4696231, 31.5929378 ], [ 74.468388, 31.5928413 ], [ 74.4683066, 31.5933176 ], [ 74.4676927, 31.5932529 ] ] ] } },
{ "type": "Feature", "properties": { "element": "way", "id": 1245233165, "addr:city": null, "addr:housenumber": null, "addr:postcode": null, "addr:street": null, "building": null, "building:levels": null, "landuse": "residential", "name": "Al-Hafeez Garden Phase-2", "operator": null, "residential": null, "description": null, "source": null, "phone": null, "ele": null, "name:en": null, "name:ur": null, "official_name": null, "official_name:ur": null, "type": null }, "geometry": { "type": "Polygon", "coordinates": [ [ [ 74.4918621, 31.5852411 ], [ 74.4917763, 31.5872426 ], [ 74.4893462, 31.587238 ], [ 74.4893623, 31.5873706 ], [ 74.4886489, 31.5874802 ], [ 74.4886649, 31.5876767 ], [ 74.4886703, 31.5880423 ], [ 74.4885416, 31.5883713 ], [ 74.4875277, 31.588385 ], [ 74.4875223, 31.5885495 ], [ 74.4865245, 31.5885632 ], [ 74.4865138, 31.5888831 ], [ 74.486825, 31.5888877 ], [ 74.4868196, 31.5890567 ], [ 74.4873453, 31.5890522 ], [ 74.4873507, 31.5895046 ], [ 74.486841, 31.5895091 ], [ 74.4868547, 31.5903762 ], [ 74.4868642, 31.5905176 ], [ 74.486605, 31.5905236 ], [ 74.4865782, 31.5910262 ], [ 74.4864763, 31.5910308 ], [ 74.4864709, 31.5915243 ], [ 74.4859184, 31.5915243 ], [ 74.4859263, 31.591685 ], [ 74.4859345, 31.5918487 ], [ 74.4866104, 31.5918121 ], [ 74.4874419, 31.5916979 ], [ 74.4879193, 31.5916476 ], [ 74.48793, 31.5915563 ], [ 74.4884236, 31.5915425 ], [ 74.4884079, 31.591403 ], [ 74.4883796, 31.5911499 ], [ 74.4883699, 31.5910628 ], [ 74.4886274, 31.5909485 ], [ 74.4887132, 31.5909942 ], [ 74.4888795, 31.5914466 ], [ 74.4893475, 31.5914997 ], [ 74.4894428, 31.5915106 ], [ 74.4894642, 31.5905053 ], [ 74.4906605, 31.5881245 ], [ 74.4929512, 31.5881931 ], [ 74.492935, 31.5886729 ], [ 74.4943244, 31.588714 ], [ 74.4942708, 31.5902037 ], [ 74.4944973, 31.5902057 ], [ 74.4968135, 31.5902265 ], [ 74.496835, 31.589733 ], [ 74.4977952, 31.5897742 ], [ 74.4980259, 31.5892761 ], [ 74.4981439, 31.588874 ], [ 74.4980688, 31.5880423 ], [ 74.4978515, 31.5880407 ], [ 74.4974921, 31.5880381 ], [ 74.4974411, 31.5880377 ], [ 74.4974197, 31.5882525 ], [ 74.4942761, 31.588184 ], [ 74.4943673, 31.5857118 ], [ 74.4918621, 31.5852411 ] ] ] } },
{ "type": "Feature", "properties": { "element": "way", "id": 1245233171, "addr:city": null, "addr:housenumber": null, "addr:postcode": null, "addr:street": null, "building": null, "building:levels": null, "landuse": "residential", "name": "Rizwan Garden", "operator": null, "residential": null, "description": null, "source": null, "phone": null, "ele": null, "name:en": null, "name:ur": null, "official_name": null, "official_name:ur": null, "type": null }, "geometry": { "type": "Polygon", "coordinates": [ [ [ 74.4698384, 31.5878283 ], [ 74.4699792, 31.5878241 ], [ 74.4700142, 31.5878231 ], [ 74.4700678, 31.5878215 ], [ 74.4701653, 31.5879202 ], [ 74.472503, 31.5864224 ], [ 74.475615, 31.5844422 ], [ 74.4757085, 31.5832058 ], [ 74.4750905, 31.5831989 ], [ 74.4751474, 31.5817374 ], [ 74.4724561, 31.5812941 ], [ 74.4724317, 31.5818897 ], [ 74.471908, 31.581901 ], [ 74.4719079, 31.5820588 ], [ 74.4719079, 31.5820862 ], [ 74.4719077, 31.5821438 ], [ 74.4719076, 31.5823933 ], [ 74.4718122, 31.5824017 ], [ 74.4717844, 31.5828829 ], [ 74.4718416, 31.5828968 ], [ 74.4718339, 31.5831258 ], [ 74.4718248, 31.5833475 ], [ 74.4718193, 31.5835408 ], [ 74.4718111, 31.5837799 ], [ 74.471788, 31.5851643 ], [ 74.4717828, 31.5853702 ], [ 74.4714386, 31.5853664 ], [ 74.4714412, 31.58553 ], [ 74.4714455, 31.5858064 ], [ 74.4714463, 31.5858482 ], [ 74.4711221, 31.5858423 ], [ 74.4711229, 31.5859454 ], [ 74.4711248, 31.5861896 ], [ 74.4711256, 31.5862941 ], [ 74.4704531, 31.5862847 ], [ 74.4704546, 31.586376 ], [ 74.4704558, 31.5865638 ], [ 74.4704572, 31.5868404 ], [ 74.4698386, 31.5868354 ], [ 74.4698385, 31.5873741 ], [ 74.4698384, 31.5876551 ], [ 74.4698384, 31.5878283 ] ] ] } },
{ "type": "Feature", "properties": { "element": "way", "id": 1245518611, "addr:city": null, "addr:housenumber": null, "addr:postcode": null, "addr:street": null, "building": null, "building:levels": null, "landuse": "residential", "name": "Punjab Govt Servants Housing Society", "operator": null, "residential": null, "description": null, "source": null, "phone": null, "ele": null, "name:en": null, "name:ur": null, "official_name": null, "official_name:ur": null, "type": null }, "geometry": { "type": "Polygon", "coordinates": [ [ [ 74.1607561, 31.4062663 ], [ 74.1607243, 31.4051033 ], [ 74.1603597, 31.4050912 ], [ 74.1603668, 31.4039645 ], [ 74.1604305, 31.4039615 ], [ 74.1604234, 31.4038467 ], [ 74.1607561, 31.4038467 ], [ 74.1607774, 31.4032516 ], [ 74.1614675, 31.4032546 ], [ 74.1614604, 31.4035537 ], [ 74.1621753, 31.4035597 ], [ 74.1622249, 31.4021128 ], [ 74.1622284, 31.4020191 ], [ 74.1650102, 31.4020342 ], [ 74.1650456, 31.4014361 ], [ 74.1664224, 31.4014663 ], [ 74.1664675, 31.4009814 ], [ 74.1664736, 31.4008999 ], [ 74.1687012, 31.4009367 ], [ 74.1688276, 31.403293 ], [ 74.1683161, 31.4033009 ], [ 74.1683161, 31.4028801 ], [ 74.1666493, 31.4028775 ], [ 74.1666462, 31.4034087 ], [ 74.1666893, 31.4035034 ], [ 74.1667879, 31.4035796 ], [ 74.1668588, 31.4035928 ], [ 74.1676352, 31.4036138 ], [ 74.1676013, 31.404408 ], [ 74.168291, 31.4044259 ], [ 74.168811, 31.4044395 ], [ 74.1691172, 31.4044474 ], [ 74.1691696, 31.4058149 ], [ 74.1680758, 31.4061673 ], [ 74.1676876, 31.4062961 ], [ 74.1671823, 31.406354 ], [ 74.1671915, 31.4064539 ], [ 74.167244, 31.4066032 ], [ 74.16537, 31.4087135 ], [ 74.1632878, 31.4087048 ], [ 74.1633186, 31.4080764 ], [ 74.1628041, 31.4080816 ], [ 74.1628257, 31.4074926 ], [ 74.1621232, 31.4074768 ], [ 74.162077, 31.4068904 ], [ 74.1611527, 31.4068589 ], [ 74.1611866, 31.4062567 ], [ 74.1607561, 31.4062663 ] ] ] } },
{ "type": "Feature", "properties": { "element": "way", "id": 1250052762, "addr:city": null, "addr:housenumber": null, "addr:postcode": null, "addr:street": null, "building": null, "building:levels": null, "landuse": "residential", "name": null, "operator": null, "residential": null, "description": null, "source": null, "phone": null, "ele": null, "name:en": null, "name:ur": null, "official_name": null, "official_name:ur": null, "type": null }, "geometry": { "type": "Polygon", "coordinates": [ [ [ 74.5214586, 31.4948611 ], [ 74.5246814, 31.4950376 ], [ 74.5257902, 31.4950502 ], [ 74.5272833, 31.4950502 ], [ 74.5280225, 31.4934871 ], [ 74.5283182, 31.4934871 ], [ 74.5270024, 31.4924156 ], [ 74.5249623, 31.4901591 ], [ 74.5230552, 31.4905247 ], [ 74.5217986, 31.4910541 ], [ 74.5209116, 31.4913315 ], [ 74.5209412, 31.4924912 ], [ 74.5211334, 31.4931593 ], [ 74.5215917, 31.4941804 ], [ 74.5214586, 31.4948611 ] ] ] } },
{ "type": "Feature", "properties": { "element": "way", "id": 1263438041, "addr:city": null, "addr:housenumber": null, "addr:postcode": null, "addr:street": null, "building": null, "building:levels": null, "landuse": "residential", "name": "Shaheen Block", "operator": null, "residential": null, "description": null, "source": null, "phone": null, "ele": null, "name:en": null, "name:ur": null, "official_name": null, "official_name:ur": null, "type": null }, "geometry": { "type": "Polygon", "coordinates": [ [ [ 74.1859111, 31.3872168 ], [ 74.1911818, 31.3873461 ], [ 74.1913701, 31.383538 ], [ 74.1873554, 31.3835028 ], [ 74.1873539, 31.3839822 ], [ 74.1859918, 31.383972 ], [ 74.1859111, 31.3872168 ] ] ] } },
{ "type": "Feature", "properties": { "element": "way", "id": 1263448697, "addr:city": null, "addr:housenumber": null, "addr:postcode": null, "addr:street": null, "building": null, "building:levels": null, "landuse": "residential", "name": "Ali Block", "operator": null, "residential": null, "description": null, "source": null, "phone": null, "ele": null, "name:en": null, "name:ur": null, "official_name": null, "official_name:ur": null, "type": null }, "geometry": { "type": "Polygon", "coordinates": [ [ [ 74.1913701, 31.383538 ], [ 74.1913745, 31.3833521 ], [ 74.1923438, 31.3833719 ], [ 74.1923902, 31.382041 ], [ 74.1860523, 31.3818977 ], [ 74.1859918, 31.383972 ], [ 74.1873539, 31.3839822 ], [ 74.1873554, 31.3835028 ], [ 74.1913701, 31.383538 ] ] ] } },
{ "type": "Feature", "properties": { "element": "way", "id": 1263518912, "addr:city": null, "addr:housenumber": null, "addr:postcode": null, "addr:street": null, "building": null, "building:levels": null, "landuse": "residential", "name": "Usman Block", "operator": null, "residential": null, "description": null, "source": null, "phone": null, "ele": null, "name:en": null, "name:ur": null, "official_name": null, "official_name:ur": null, "type": null }, "geometry": { "type": "Polygon", "coordinates": [ [ [ 74.1923902, 31.382041 ], [ 74.1923911, 31.3819366 ], [ 74.1924331, 31.3803885 ], [ 74.1912062, 31.3802982 ], [ 74.1911477, 31.3805177 ], [ 74.1899486, 31.3804412 ], [ 74.1870874, 31.3804457 ], [ 74.1870829, 31.3803502 ], [ 74.1861275, 31.3803514 ], [ 74.1860523, 31.3818977 ], [ 74.1923902, 31.382041 ] ] ] } },
{ "type": "Feature", "properties": { "element": "way", "id": 1263518913, "addr:city": null, "addr:housenumber": null, "addr:postcode": null, "addr:street": null, "building": null, "building:levels": null, "landuse": "residential", "name": "Gulbahar Block", "operator": null, "residential": null, "description": null, "source": null, "phone": null, "ele": null, "name:en": null, "name:ur": null, "official_name": null, "official_name:ur": null, "type": null }, "geometry": { "type": "Polygon", "coordinates": [ [ [ 74.1924331, 31.3803885 ], [ 74.193225, 31.3804665 ], [ 74.1932406, 31.3802888 ], [ 74.1940984, 31.3802897 ], [ 74.1940523, 31.3820835 ], [ 74.1956495, 31.3821208 ], [ 74.1956901, 31.3803209 ], [ 74.1979556, 31.3803823 ], [ 74.1979618, 31.3802188 ], [ 74.1986087, 31.3802378 ], [ 74.1986378, 31.3792461 ], [ 74.1983646, 31.3792383 ], [ 74.1983659, 31.3790024 ], [ 74.1977572, 31.3789419 ], [ 74.1977406, 31.3791264 ], [ 74.1971269, 31.3789862 ], [ 74.197129, 31.3786408 ], [ 74.1967209, 31.3785961 ], [ 74.1967191, 31.3782437 ], [ 74.1969456, 31.3782624 ], [ 74.1970147, 31.3773263 ], [ 74.1957101, 31.3773482 ], [ 74.1867106, 31.3773395 ], [ 74.1864189, 31.3773863 ], [ 74.186182, 31.3776418 ], [ 74.1861275, 31.3803514 ], [ 74.1870829, 31.3803502 ], [ 74.1870874, 31.3804457 ], [ 74.1899486, 31.3804412 ], [ 74.1911477, 31.3805177 ], [ 74.1912062, 31.3802982 ], [ 74.1924331, 31.3803885 ] ] ] } },
{ "type": "Feature", "properties": { "element": "way", "id": 1263797978, "addr:city": null, "addr:housenumber": null, "addr:postcode": null, "addr:street": null, "building": null, "building:levels": null, "landuse": "residential", "name": "Safari Villas", "operator": null, "residential": "gated", "description": null, "source": null, "phone": null, "ele": null, "name:en": null, "name:ur": null, "official_name": null, "official_name:ur": null, "type": null }, "geometry": { "type": "Polygon", "coordinates": [ [ [ 74.1913865, 31.3837463 ], [ 74.191295, 31.3879662 ], [ 74.1911957, 31.3881952 ], [ 74.1908846, 31.3885981 ], [ 74.1907934, 31.3888157 ], [ 74.1907771, 31.3891591 ], [ 74.1923649, 31.3892139 ], [ 74.1922874, 31.3908517 ], [ 74.192899, 31.3908728 ], [ 74.1928943, 31.3909727 ], [ 74.1935243, 31.3909945 ], [ 74.1935135, 31.3912213 ], [ 74.1942737, 31.3915257 ], [ 74.1946199, 31.3915221 ], [ 74.1946737, 31.3916138 ], [ 74.1950678, 31.3916192 ], [ 74.1950699, 31.3915051 ], [ 74.1954336, 31.3913855 ], [ 74.1954035, 31.3909667 ], [ 74.1956458, 31.390954 ], [ 74.1957273, 31.3910967 ], [ 74.1960127, 31.390892 ], [ 74.1960563, 31.3894288 ], [ 74.1960992, 31.3894297 ], [ 74.1961106, 31.389025 ], [ 74.1967296, 31.3890377 ], [ 74.1967435, 31.3885447 ], [ 74.1973733, 31.3885577 ], [ 74.1973824, 31.3882361 ], [ 74.1977054, 31.3880979 ], [ 74.1980611, 31.3881012 ], [ 74.1980676, 31.3875868 ], [ 74.1983243, 31.3875892 ], [ 74.1983388, 31.3864393 ], [ 74.1954283, 31.3864124 ], [ 74.1954246, 31.3867033 ], [ 74.1939603, 31.3866897 ], [ 74.1939977, 31.3837525 ], [ 74.1913865, 31.3837463 ] ] ] } },
{ "type": "Feature", "properties": { "element": "way", "id": 1267065407, "addr:city": null, "addr:housenumber": null, "addr:postcode": null, "addr:street": null, "building": null, "building:levels": null, "landuse": "residential", "name": "A Block", "operator": null, "residential": "house", "description": null, "source": null, "phone": null, "ele": null, "name:en": null, "name:ur": null, "official_name": null, "official_name:ur": null, "type": null }, "geometry": { "type": "Polygon", "coordinates": [ [ [ 74.4312063, 31.4678506 ], [ 74.437931, 31.4698731 ], [ 74.4406899, 31.4719918 ], [ 74.4452497, 31.4676476 ], [ 74.4423362, 31.4656054 ], [ 74.4402243, 31.4639875 ], [ 74.4396801, 31.4621705 ], [ 74.4356946, 31.4632677 ], [ 74.4312063, 31.4678506 ] ] ] } },
{ "type": "Feature", "properties": { "element": "way", "id": 1267594352, "addr:city": null, "addr:housenumber": null, "addr:postcode": null, "addr:street": null, "building": null, "building:levels": null, "landuse": "residential", "name": "DHA Phase 5", "operator": null, "residential": "houses", "description": null, "source": null, "phone": null, "ele": null, "name:en": null, "name:ur": null, "official_name": null, "official_name:ur": null, "type": null }, "geometry": { "type": "Polygon", "coordinates": [ [ [ 74.4320708, 31.4665698 ], [ 74.4282866, 31.4637491 ], [ 74.4224913, 31.4594741 ], [ 74.4235311, 31.4585134 ], [ 74.4228321, 31.4566658 ], [ 74.4239191, 31.4562592 ], [ 74.42408, 31.4569181 ], [ 74.4253291, 31.4587665 ], [ 74.4244918, 31.4595325 ], [ 74.4239394, 31.459872 ], [ 74.425748, 31.4611029 ], [ 74.4280272, 31.4604402 ], [ 74.4273952, 31.4590597 ], [ 74.4289402, 31.45884 ], [ 74.4266927, 31.4534843 ], [ 74.4236787, 31.4522084 ], [ 74.4213493, 31.4527421 ], [ 74.4214627, 31.4543623 ], [ 74.4208985, 31.4550357 ], [ 74.4197053, 31.4551533 ], [ 74.4194894, 31.4545419 ], [ 74.42038, 31.4516211 ], [ 74.4203786, 31.4509325 ], [ 74.4193504, 31.450642 ], [ 74.4180289, 31.4507403 ], [ 74.4173852, 31.4510423 ], [ 74.4167737, 31.4513443 ], [ 74.4163874, 31.4517288 ], [ 74.4159046, 31.4523328 ], [ 74.4159046, 31.453184 ], [ 74.4159556, 31.4542479 ], [ 74.4166085, 31.455455 ], [ 74.4142148, 31.4556999 ], [ 74.4140187, 31.4542576 ], [ 74.4129383, 31.4543139 ], [ 74.4132905, 31.4553033 ], [ 74.4136811, 31.4551436 ], [ 74.4137466, 31.4556938 ], [ 74.4134671, 31.4557866 ], [ 74.4134018, 31.4562105 ], [ 74.4135422, 31.4581771 ], [ 74.4131366, 31.4583458 ], [ 74.4129688, 31.4594772 ], [ 74.4125113, 31.4592993 ], [ 74.4120473, 31.4584744 ], [ 74.409618, 31.4584955 ], [ 74.4095501, 31.4582056 ], [ 74.4092175, 31.4580066 ], [ 74.408846, 31.4576556 ], [ 74.4088069, 31.4572962 ], [ 74.4080968, 31.4571672 ], [ 74.4081132, 31.4576249 ], [ 74.4070408, 31.4577361 ], [ 74.4069078, 31.4571971 ], [ 74.4067181, 31.4566049 ], [ 74.4067423, 31.4562469 ], [ 74.4062518, 31.4563021 ], [ 74.4062157, 31.4560022 ], [ 74.4052342, 31.455798 ], [ 74.4051427, 31.4554063 ], [ 74.4038374, 31.4555263 ], [ 74.4026218, 31.4578198 ], [ 74.4030608, 31.4595879 ], [ 74.4024919, 31.4596977 ], [ 74.4024133, 31.4600157 ], [ 74.4010285, 31.4600779 ], [ 74.4010345, 31.4590048 ], [ 74.4001654, 31.4584282 ], [ 74.3994895, 31.4582634 ], [ 74.3982986, 31.4578791 ], [ 74.3968824, 31.4573574 ], [ 74.3956271, 31.4571103 ], [ 74.3946615, 31.456973 ], [ 74.3936637, 31.4565337 ], [ 74.3931035, 31.4605143 ], [ 74.3929756, 31.4631766 ], [ 74.392751, 31.4659598 ], [ 74.3924993, 31.4678284 ], [ 74.3933469, 31.4682905 ], [ 74.3944802, 31.4687828 ], [ 74.3956731, 31.4692263 ], [ 74.3968873, 31.4694748 ], [ 74.3978915, 31.4697676 ], [ 74.399272, 31.4700111 ], [ 74.4003053, 31.470315 ], [ 74.40244, 31.470418 ], [ 74.4037027, 31.4704995 ], [ 74.4053267, 31.4707872 ], [ 74.4062188, 31.4709272 ], [ 74.4056918, 31.4694333 ], [ 74.4065434, 31.4689654 ], [ 74.4072823, 31.4688544 ], [ 74.4088168, 31.4687636 ], [ 74.4105506, 31.4684419 ], [ 74.4121085, 31.4680795 ], [ 74.4144426, 31.4676895 ], [ 74.4148955, 31.4685612 ], [ 74.4149342, 31.4692322 ], [ 74.4152144, 31.4701842 ], [ 74.4146208, 31.4704089 ], [ 74.4154862, 31.4712491 ], [ 74.4165162, 31.4720178 ], [ 74.4168812, 31.4725527 ], [ 74.4173075, 31.4725676 ], [ 74.4171455, 31.4721315 ], [ 74.4182771, 31.4716145 ], [ 74.418087, 31.4711462 ], [ 74.4179009, 31.470571 ], [ 74.4184474, 31.470453 ], [ 74.4183484, 31.4702495 ], [ 74.4178362, 31.4703903 ], [ 74.418608, 31.4697933 ], [ 74.4195886, 31.4695342 ], [ 74.4196936, 31.470111 ], [ 74.4204464, 31.4701851 ], [ 74.4204992, 31.4709634 ], [ 74.4201731, 31.4713075 ], [ 74.4208529, 31.473368 ], [ 74.421065, 31.4737697 ], [ 74.4197554, 31.4741449 ], [ 74.4190533, 31.4743268 ], [ 74.4187692, 31.4735002 ], [ 74.4182427, 31.4737508 ], [ 74.4178358, 31.4739394 ], [ 74.4176185, 31.4746427 ], [ 74.4186717, 31.4759797 ], [ 74.4191839, 31.4758583 ], [ 74.4202831, 31.4758324 ], [ 74.420684, 31.4764321 ], [ 74.4219906, 31.4759718 ], [ 74.4224289, 31.4756543 ], [ 74.4228539, 31.4762881 ], [ 74.4248437, 31.4755718 ], [ 74.4246536, 31.4748744 ], [ 74.4237528, 31.4753502 ], [ 74.423621, 31.474911 ], [ 74.4231863, 31.4750072 ], [ 74.4230802, 31.4746248 ], [ 74.4227386, 31.4735761 ], [ 74.4224137, 31.4726449 ], [ 74.4226152, 31.4723008 ], [ 74.423216, 31.4719485 ], [ 74.4230068, 31.4712004 ], [ 74.4237846, 31.4711867 ], [ 74.4242084, 31.4712588 ], [ 74.425182, 31.4710037 ], [ 74.4274596, 31.4703981 ], [ 74.4281355, 31.4702608 ], [ 74.4281677, 31.4704805 ], [ 74.4320708, 31.4665698 ] ] ] } },
{ "type": "Feature", "properties": { "element": "way", "id": 1267596208, "addr:city": null, "addr:housenumber": null, "addr:postcode": null, "addr:street": null, "building": null, "building:levels": null, "landuse": "residential", "name": "DHA Phase 3", "operator": null, "residential": "society", "description": null, "source": null, "phone": null, "ele": null, "name:en": null, "name:ur": null, "official_name": null, "official_name:ur": null, "type": null }, "geometry": { "type": "Polygon", "coordinates": [ [ [ 74.367312, 31.4634063 ], [ 74.3663204, 31.4634743 ], [ 74.364803, 31.463544 ], [ 74.3646755, 31.4639357 ], [ 74.3640725, 31.463893 ], [ 74.3635586, 31.4639573 ], [ 74.3628742, 31.4641169 ], [ 74.3629782, 31.4646068 ], [ 74.3621635, 31.4648268 ], [ 74.3612623, 31.4655703 ], [ 74.3604033, 31.4659795 ], [ 74.3606608, 31.4670776 ], [ 74.3595059, 31.4674456 ], [ 74.3587173, 31.4680074 ], [ 74.3585417, 31.4688175 ], [ 74.3578706, 31.4688997 ], [ 74.3577134, 31.4693831 ], [ 74.357762, 31.4705419 ], [ 74.3574887, 31.4716192 ], [ 74.3563156, 31.4730347 ], [ 74.3562834, 31.4740779 ], [ 74.3567018, 31.4749014 ], [ 74.355993, 31.4753859 ], [ 74.3565588, 31.476124 ], [ 74.3571138, 31.4767171 ], [ 74.3574973, 31.4769612 ], [ 74.3575191, 31.4764959 ], [ 74.3575411, 31.474953 ], [ 74.3573851, 31.4739193 ], [ 74.3573125, 31.4733963 ], [ 74.357429, 31.4729811 ], [ 74.357446, 31.4725799 ], [ 74.3580211, 31.4725445 ], [ 74.3580366, 31.4719099 ], [ 74.3582468, 31.471706 ], [ 74.3597921, 31.4717042 ], [ 74.3635238, 31.4717141 ], [ 74.3676798, 31.4716539 ], [ 74.3682587, 31.4718287 ], [ 74.3684177, 31.4747093 ], [ 74.3683401, 31.4755876 ], [ 74.3680959, 31.4786896 ], [ 74.3705162, 31.4796782 ], [ 74.3712823, 31.4797876 ], [ 74.3720445, 31.4797356 ], [ 74.3726552, 31.4803027 ], [ 74.3744148, 31.4807486 ], [ 74.375831, 31.4800532 ], [ 74.3774189, 31.4821027 ], [ 74.3781055, 31.4827981 ], [ 74.3791784, 31.4845914 ], [ 74.3816858, 31.483485 ], [ 74.3826771, 31.4816511 ], [ 74.3830363, 31.4807964 ], [ 74.3833412, 31.4805656 ], [ 74.383938, 31.4812106 ], [ 74.3844141, 31.47998 ], [ 74.3856194, 31.4794188 ], [ 74.387485, 31.4776945 ], [ 74.3850578, 31.4770154 ], [ 74.3838991, 31.475954 ], [ 74.3835129, 31.4750024 ], [ 74.3851901, 31.4746862 ], [ 74.385959, 31.474856 ], [ 74.38654, 31.4737075 ], [ 74.3868492, 31.4724929 ], [ 74.3881906, 31.472001 ], [ 74.3885362, 31.4703869 ], [ 74.3878583, 31.4702013 ], [ 74.367312, 31.4634063 ] ] ] } },
{ "type": "Feature", "properties": { "element": "way", "id": 1268210219, "addr:city": null, "addr:housenumber": null, "addr:postcode": null, "addr:street": null, "building": null, "building:levels": null, "landuse": "residential", "name": "DHA Phase 9 Town", "operator": null, "residential": "single_family", "description": null, "source": null, "phone": null, "ele": null, "name:en": null, "name:ur": null, "official_name": null, "official_name:ur": null, "type": null }, "geometry": { "type": "Polygon", "coordinates": [ [ [ 74.4513219, 31.4511052 ], [ 74.4509808, 31.4506442 ], [ 74.4503419, 31.4501886 ], [ 74.4494476, 31.4503991 ], [ 74.4490107, 31.4501833 ], [ 74.4481868, 31.4504383 ], [ 74.4479118, 31.4506762 ], [ 74.4488686, 31.4528745 ], [ 74.4474041, 31.4537622 ], [ 74.4467846, 31.4519135 ], [ 74.447112, 31.4514213 ], [ 74.4460657, 31.4508655 ], [ 74.4459091, 31.4505053 ], [ 74.4424509, 31.4520922 ], [ 74.4423585, 31.4515114 ], [ 74.4420858, 31.4511233 ], [ 74.4415266, 31.4501104 ], [ 74.4411598, 31.4493582 ], [ 74.4399296, 31.4496999 ], [ 74.440205, 31.4504835 ], [ 74.4396281, 31.4508187 ], [ 74.4387906, 31.4502541 ], [ 74.4386421, 31.4491873 ], [ 74.4393548, 31.4489503 ], [ 74.4399959, 31.4481471 ], [ 74.4416667, 31.4477753 ], [ 74.4438778, 31.4472347 ], [ 74.4438703, 31.4469405 ], [ 74.4390866, 31.4476574 ], [ 74.4388201, 31.4452709 ], [ 74.4369442, 31.4434545 ], [ 74.4374523, 31.4451086 ], [ 74.4353047, 31.4457376 ], [ 74.4337457, 31.4419233 ], [ 74.4324848, 31.4386685 ], [ 74.431307, 31.4363705 ], [ 74.4310806, 31.4356272 ], [ 74.4315933, 31.4351868 ], [ 74.4347589, 31.4345952 ], [ 74.4349391, 31.4348767 ], [ 74.4355206, 31.4348595 ], [ 74.4356195, 31.4349371 ], [ 74.4357291, 31.4351731 ], [ 74.4360932, 31.4349947 ], [ 74.4364064, 31.4350526 ], [ 74.437094, 31.4349998 ], [ 74.4365125, 31.4335074 ], [ 74.4389282, 31.4328817 ], [ 74.4389282, 31.4323202 ], [ 74.439386, 31.4323447 ], [ 74.4394957, 31.4328078 ], [ 74.4424415, 31.4325183 ], [ 74.4425924, 31.4326936 ], [ 74.4430037, 31.4327979 ], [ 74.44307, 31.433348 ], [ 74.4438653, 31.433269 ], [ 74.4440306, 31.4329062 ], [ 74.4445585, 31.4325158 ], [ 74.4468533, 31.4320761 ], [ 74.448598, 31.4349536 ], [ 74.4488171, 31.4357586 ], [ 74.4494282, 31.4357134 ], [ 74.4500004, 31.4372269 ], [ 74.4495389, 31.4374702 ], [ 74.4491135, 31.4376175 ], [ 74.4497715, 31.4401561 ], [ 74.4502293, 31.4401561 ], [ 74.4504009, 31.4405467 ], [ 74.4499718, 31.4411569 ], [ 74.4501148, 31.441816 ], [ 74.4508987, 31.4417095 ], [ 74.4508015, 31.4421577 ], [ 74.4513165, 31.4430364 ], [ 74.4524016, 31.4428416 ], [ 74.4531475, 31.44516 ], [ 74.4527649, 31.4454192 ], [ 74.4535049, 31.4474276 ], [ 74.4523464, 31.4476985 ], [ 74.4524036, 31.4481378 ], [ 74.4529186, 31.448089 ], [ 74.4531189, 31.4483575 ], [ 74.4537197, 31.4483819 ], [ 74.4542633, 31.4483331 ], [ 74.4545153, 31.4489489 ], [ 74.450545, 31.4493072 ], [ 74.4517962, 31.4508627 ], [ 74.4513219, 31.4511052 ] ] ] } },
{ "type": "Feature", "properties": { "element": "way", "id": 1297475706, "addr:city": null, "addr:housenumber": null, "addr:postcode": null, "addr:street": null, "building": null, "building:levels": null, "landuse": "residential", "name": "Fazaia Housing Scheme", "operator": null, "residential": "gated", "description": null, "source": null, "phone": null, "ele": null, "name:en": null, "name:ur": null, "official_name": null, "official_name:ur": null, "type": null }, "geometry": { "type": "Polygon", "coordinates": [ [ [ 74.237629, 31.3673603 ], [ 74.2394912, 31.3681553 ], [ 74.2423078, 31.3694529 ], [ 74.2435105, 31.3699941 ], [ 74.2439438, 31.370006 ], [ 74.2447231, 31.3683827 ], [ 74.248517, 31.3682048 ], [ 74.248572, 31.3664509 ], [ 74.2480395, 31.3657771 ], [ 74.2469243, 31.3657731 ], [ 74.2448948, 31.3657659 ], [ 74.2448171, 31.3652228 ], [ 74.2441531, 31.365217 ], [ 74.2442911, 31.363573 ], [ 74.2443137, 31.3633044 ], [ 74.2436916, 31.3632729 ], [ 74.2412818, 31.363151 ], [ 74.2412831, 31.3629269 ], [ 74.2408455, 31.3629483 ], [ 74.240934, 31.3623475 ], [ 74.2412791, 31.3623474 ], [ 74.2413275, 31.359624 ], [ 74.240332, 31.3596093 ], [ 74.2390443, 31.3610427 ], [ 74.2353508, 31.3610853 ], [ 74.2354333, 31.3637207 ], [ 74.237629, 31.3673603 ] ] ] } },
{ "type": "Feature", "properties": { "element": "way", "id": 1302955762, "addr:city": null, "addr:housenumber": null, "addr:postcode": null, "addr:street": null, "building": null, "building:levels": null, "landuse": "residential", "name": null, "operator": null, "residential": null, "description": null, "source": null, "phone": null, "ele": null, "name:en": null, "name:ur": null, "official_name": null, "official_name:ur": null, "type": null }, "geometry": { "type": "Polygon", "coordinates": [ [ [ 74.4182085, 31.2552025 ], [ 74.4160198, 31.2552025 ], [ 74.4152902, 31.2540652 ], [ 74.4151615, 31.2529646 ], [ 74.4151186, 31.2527812 ], [ 74.4146894, 31.2525243 ], [ 74.4136594, 31.2526711 ], [ 74.4131874, 31.2528545 ], [ 74.4123291, 31.2527078 ], [ 74.4123291, 31.2523776 ], [ 74.4112133, 31.2523776 ], [ 74.4112133, 31.2534048 ], [ 74.412887, 31.2533315 ], [ 74.412887, 31.2538818 ], [ 74.4126295, 31.2541753 ], [ 74.4126295, 31.2546889 ], [ 74.4109558, 31.2550191 ], [ 74.4118999, 31.2575504 ], [ 74.4108699, 31.2577339 ], [ 74.4107841, 31.2582842 ], [ 74.4107841, 31.2588344 ], [ 74.4112133, 31.2588344 ], [ 74.4116425, 31.2594516 ], [ 74.4119428, 31.2601918 ], [ 74.4124539, 31.2602533 ], [ 74.4127582, 31.2600451 ], [ 74.4136594, 31.2622094 ], [ 74.413645, 31.2625884 ], [ 74.412197, 31.2626236 ], [ 74.4124693, 31.2635367 ], [ 74.4125873, 31.2637174 ], [ 74.4134884, 31.2637156 ], [ 74.413573, 31.2640376 ], [ 74.4128812, 31.2665548 ], [ 74.4124578, 31.266428 ], [ 74.4123291, 31.2671617 ], [ 74.4126507, 31.2673585 ], [ 74.4126337, 31.2678018 ], [ 74.4145287, 31.2685779 ], [ 74.4148611, 31.2677853 ], [ 74.4155048, 31.2678586 ], [ 74.4158481, 31.2659145 ], [ 74.4153331, 31.2659145 ], [ 74.4153761, 31.265511 ], [ 74.4160627, 31.2653642 ], [ 74.416406, 31.2633833 ], [ 74.4166635, 31.2629798 ], [ 74.4176935, 31.2629431 ], [ 74.4179939, 31.2609255 ], [ 74.416852, 31.260588 ], [ 74.4172523, 31.2592831 ], [ 74.4200109, 31.2601918 ], [ 74.420955, 31.2601918 ], [ 74.4208692, 31.2625029 ], [ 74.42092, 31.2636081 ], [ 74.4210251, 31.2643719 ], [ 74.4228862, 31.2643371 ], [ 74.4234871, 31.2640436 ], [ 74.42353, 31.2625763 ], [ 74.4224571, 31.2625763 ], [ 74.4225, 31.2617692 ], [ 74.4266206, 31.2615007 ], [ 74.4262276, 31.2604367 ], [ 74.4276928, 31.2602652 ], [ 74.4276928, 31.2596782 ], [ 74.4310831, 31.2594948 ], [ 74.4310402, 31.2587611 ], [ 74.4316435, 31.2587841 ], [ 74.432156, 31.2594581 ], [ 74.4326709, 31.2596048 ], [ 74.4348167, 31.2596782 ], [ 74.4361042, 31.2595315 ], [ 74.4360612, 31.2576605 ], [ 74.4308685, 31.2577339 ], [ 74.4308685, 31.2571102 ], [ 74.4297956, 31.2570735 ], [ 74.4297956, 31.2584309 ], [ 74.4292806, 31.2584309 ], [ 74.4287656, 31.2576238 ], [ 74.4282936, 31.2574404 ], [ 74.4276069, 31.2574404 ], [ 74.4274782, 31.2563765 ], [ 74.4284223, 31.2560096 ], [ 74.4286369, 31.2559729 ], [ 74.4306968, 31.2558996 ], [ 74.4306968, 31.2554593 ], [ 74.4295381, 31.2554593 ], [ 74.4294952, 31.2533315 ], [ 74.4310831, 31.2533315 ], [ 74.4318126, 31.2532581 ], [ 74.4321989, 31.2531847 ], [ 74.4324134, 31.2521575 ], [ 74.4332718, 31.251864 ], [ 74.4325851, 31.2500662 ], [ 74.4314693, 31.249626 ], [ 74.4312118, 31.2500662 ], [ 74.4308685, 31.2503597 ], [ 74.4298385, 31.2506166 ], [ 74.4298472, 31.251079 ], [ 74.4283416, 31.2518217 ], [ 74.4277786, 31.2506166 ], [ 74.428594, 31.250213 ], [ 74.4278644, 31.2492958 ], [ 74.4271349, 31.2494792 ], [ 74.4267057, 31.2484152 ], [ 74.4270919, 31.2478282 ], [ 74.4285511, 31.2468742 ], [ 74.43056, 31.2466864 ], [ 74.4306564, 31.244783 ], [ 74.4269672, 31.2451619 ], [ 74.4277952, 31.2432717 ], [ 74.4233655, 31.2417615 ], [ 74.4228133, 31.243366 ], [ 74.4225401, 31.2436776 ], [ 74.421985, 31.2436088 ], [ 74.4216846, 31.2429116 ], [ 74.4199274, 31.2430266 ], [ 74.4192384, 31.2422145 ], [ 74.4178391, 31.2425939 ], [ 74.4169639, 31.2426181 ], [ 74.4164489, 31.2426548 ], [ 74.4164489, 31.2431685 ], [ 74.4165777, 31.2434253 ], [ 74.4174789, 31.2438656 ], [ 74.4178651, 31.2438656 ], [ 74.4178651, 31.2444894 ], [ 74.4164319, 31.244197 ], [ 74.4156268, 31.2442684 ], [ 74.4153761, 31.2445627 ], [ 74.4143461, 31.2448563 ], [ 74.4141585, 31.2456733 ], [ 74.4137453, 31.245957 ], [ 74.4138311, 31.2463973 ], [ 74.4133361, 31.2473841 ], [ 74.4082526, 31.2474731 ], [ 74.4091962, 31.2506532 ], [ 74.4100546, 31.2506899 ], [ 74.4100546, 31.2509468 ], [ 74.4122432, 31.2511302 ], [ 74.4123291, 31.2518273 ], [ 74.4148182, 31.2520107 ], [ 74.4152044, 31.2520107 ], [ 74.4162773, 31.2519006 ], [ 74.4163631, 31.2513503 ], [ 74.4190452, 31.251398 ], [ 74.4191384, 31.2519435 ], [ 74.4194104, 31.2522903 ], [ 74.4182085, 31.2552025 ] ] ] } },
{ "type": "Feature", "properties": { "element": "way", "id": 1302955784, "addr:city": null, "addr:housenumber": null, "addr:postcode": null, "addr:street": null, "building": null, "building:levels": null, "landuse": "residential", "name": null, "operator": null, "residential": null, "description": null, "source": null, "phone": null, "ele": null, "name:en": null, "name:ur": null, "official_name": null, "official_name:ur": null, "type": null }, "geometry": { "type": "Polygon", "coordinates": [ [ [ 74.5229966, 31.3555702 ], [ 74.522927, 31.3544829 ], [ 74.5246361, 31.3547691 ], [ 74.5246361, 31.3545974 ], [ 74.5258425, 31.3545688 ], [ 74.5258425, 31.3531379 ], [ 74.5265798, 31.3531379 ], [ 74.5267138, 31.3533955 ], [ 74.5279538, 31.3534241 ], [ 74.5279203, 31.3523652 ], [ 74.5295959, 31.3522221 ], [ 74.5296056, 31.3524118 ], [ 74.5296294, 31.3528803 ], [ 74.5297634, 31.3531665 ], [ 74.5301656, 31.3534813 ], [ 74.5304672, 31.3539964 ], [ 74.5305007, 31.3547977 ], [ 74.5306012, 31.3550267 ], [ 74.531305, 31.3553129 ], [ 74.5317424, 31.3553135 ], [ 74.5317406, 31.3556563 ], [ 74.5338854, 31.3555418 ], [ 74.5340147, 31.3566933 ], [ 74.5332718, 31.3568099 ], [ 74.5332822, 31.3573733 ], [ 74.5313385, 31.3576022 ], [ 74.5313385, 31.3580315 ], [ 74.5312714, 31.3583463 ], [ 74.5317406, 31.3583463 ], [ 74.5317406, 31.3595482 ], [ 74.5289926, 31.3596913 ], [ 74.5289926, 31.3604067 ], [ 74.5280878, 31.3605497 ], [ 74.5273202, 31.3590273 ], [ 74.5263787, 31.3590045 ], [ 74.5260771, 31.3584894 ], [ 74.5258383, 31.3578632 ], [ 74.5252728, 31.3578598 ], [ 74.5250383, 31.3576881 ], [ 74.5248398, 31.355521 ], [ 74.5229966, 31.3555702 ] ] ] } },
{ "type": "Feature", "properties": { "element": "way", "id": 1302955790, "addr:city": null, "addr:housenumber": null, "addr:postcode": null, "addr:street": null, "building": null, "building:levels": null, "landuse": "residential", "name": null, "operator": null, "residential": null, "description": null, "source": null, "phone": null, "ele": null, "name:en": null, "name:ur": null, "official_name": null, "official_name:ur": null, "type": null }, "geometry": { "type": "Polygon", "coordinates": [ [ [ 74.4317937, 31.2715635 ], [ 74.4305458, 31.2715993 ], [ 74.4306158, 31.2702531 ], [ 74.4315608, 31.2702531 ], [ 74.4316024, 31.269593 ], [ 74.4316006, 31.2693305 ], [ 74.4314208, 31.2692658 ], [ 74.4314558, 31.268458 ], [ 74.4321209, 31.2684823 ], [ 74.4326109, 31.2687273 ], [ 74.4329609, 31.268817 ], [ 74.4332759, 31.2692359 ], [ 74.4337659, 31.2704026 ], [ 74.4327727, 31.2708253 ], [ 74.4325059, 31.2711206 ], [ 74.4323659, 31.2714796 ], [ 74.4323659, 31.2718087 ], [ 74.4322609, 31.2719882 ], [ 74.4318061, 31.2719897 ], [ 74.4317937, 31.2715635 ] ] ] } },
{ "type": "Feature", "properties": { "element": "way", "id": 1303589550, "addr:city": null, "addr:housenumber": null, "addr:postcode": null, "addr:street": null, "building": null, "building:levels": null, "landuse": "residential", "name": null, "operator": null, "residential": null, "description": null, "source": null, "phone": null, "ele": null, "name:en": null, "name:ur": null, "official_name": null, "official_name:ur": null, "type": null }, "geometry": { "type": "Polygon", "coordinates": [ [ [ 74.5272316, 31.6102183 ], [ 74.5290555, 31.6102366 ], [ 74.5290555, 31.6105107 ], [ 74.5297206, 31.610529 ], [ 74.5297636, 31.6098711 ], [ 74.5301498, 31.6098711 ], [ 74.5301498, 31.6092133 ], [ 74.529785, 31.6089757 ], [ 74.5288194, 31.6089209 ], [ 74.5278753, 31.6088843 ], [ 74.5278753, 31.609597 ], [ 74.5271243, 31.6098711 ], [ 74.5272316, 31.6102183 ] ] ] } },
{ "type": "Feature", "properties": { "element": "way", "id": 1303589551, "addr:city": null, "addr:housenumber": null, "addr:postcode": null, "addr:street": null, "building": null, "building:levels": null, "landuse": "residential", "name": null, "operator": null, "residential": null, "description": null, "source": null, "phone": null, "ele": null, "name:en": null, "name:ur": null, "official_name": null, "official_name:ur": null, "type": null }, "geometry": { "type": "Polygon", "coordinates": [ [ [ 74.5291842, 31.6039501 ], [ 74.5289696, 31.6038405 ], [ 74.5288111, 31.6029148 ], [ 74.5288409, 31.602086 ], [ 74.5298494, 31.601885 ], [ 74.530536, 31.6013915 ], [ 74.5306004, 31.6010809 ], [ 74.5304287, 31.6007884 ], [ 74.5301261, 31.6002558 ], [ 74.5320964, 31.6004643 ], [ 74.5324458, 31.5993629 ], [ 74.5326389, 31.599107 ], [ 74.5328535, 31.5990522 ], [ 74.5331539, 31.5983943 ], [ 74.5334716, 31.5979324 ], [ 74.5353426, 31.5981749 ], [ 74.5350851, 31.5993629 ], [ 74.5345272, 31.5993446 ], [ 74.5344677, 31.6004807 ], [ 74.5364791, 31.600693 ], [ 74.5365013, 31.600295 ], [ 74.5415224, 31.6008433 ], [ 74.5414162, 31.6014572 ], [ 74.5397128, 31.6012755 ], [ 74.5395697, 31.6019398 ], [ 74.5382393, 31.6019946 ], [ 74.5372737, 31.6020495 ], [ 74.5368875, 31.602415 ], [ 74.5366944, 31.6027439 ], [ 74.5354069, 31.6027257 ], [ 74.5349778, 31.6037674 ], [ 74.5359648, 31.6042973 ], [ 74.5372127, 31.6049674 ], [ 74.5366944, 31.6053939 ], [ 74.5363081, 31.6052477 ], [ 74.5357288, 31.6049004 ], [ 74.5357717, 31.604736 ], [ 74.5345486, 31.6040963 ], [ 74.5340551, 31.6039501 ], [ 74.5337761, 31.6041694 ], [ 74.5337761, 31.6042425 ], [ 74.534098, 31.6043704 ], [ 74.5339478, 31.6046811 ], [ 74.533583, 31.6049004 ], [ 74.5328105, 31.6049004 ], [ 74.532317, 31.6043704 ], [ 74.5323385, 31.6036943 ], [ 74.5320381, 31.6033836 ], [ 74.5318664, 31.6030546 ], [ 74.531566, 31.6029267 ], [ 74.5311154, 31.6029267 ], [ 74.5307506, 31.6032557 ], [ 74.5303644, 31.6036394 ], [ 74.5300854, 31.6038039 ], [ 74.5299996, 31.6039684 ], [ 74.5291842, 31.6039501 ] ] ] } },
{ "type": "Feature", "properties": { "element": "way", "id": 1303589552, "addr:city": null, "addr:housenumber": null, "addr:postcode": null, "addr:street": null, "building": null, "building:levels": null, "landuse": "residential", "name": null, "operator": null, "residential": null, "description": null, "source": null, "phone": null, "ele": null, "name:en": null, "name:ur": null, "official_name": null, "official_name:ur": null, "type": null }, "geometry": { "type": "Polygon", "coordinates": [ [ [ 74.5380248, 31.60607 ], [ 74.5381535, 31.6053756 ], [ 74.539441, 31.6054852 ], [ 74.5392908, 31.6065269 ], [ 74.5389904, 31.6065269 ], [ 74.5386899, 31.6064173 ], [ 74.5386256, 31.6062162 ], [ 74.5383895, 31.6061797 ], [ 74.5380248, 31.60607 ] ] ] } },
{ "type": "Feature", "properties": { "element": "way", "id": 1303589553, "addr:city": null, "addr:housenumber": null, "addr:postcode": null, "addr:street": null, "building": null, "building:levels": null, "landuse": "residential", "name": null, "operator": null, "residential": null, "description": null, "source": null, "phone": null, "ele": null, "name:en": null, "name:ur": null, "official_name": null, "official_name:ur": null, "type": null }, "geometry": { "type": "Polygon", "coordinates": [ [ [ 74.5477047, 31.6021206 ], [ 74.5476593, 31.6035481 ], [ 74.5486892, 31.6038039 ], [ 74.5488394, 31.6035481 ], [ 74.5491398, 31.6035481 ], [ 74.5492471, 31.6030729 ], [ 74.5490755, 31.6029815 ], [ 74.5493125, 31.6025297 ], [ 74.5492694, 31.6023 ], [ 74.5477047, 31.6021206 ] ] ] } },
{ "type": "Feature", "properties": { "element": "way", "id": 1303589554, "addr:city": null, "addr:housenumber": null, "addr:postcode": null, "addr:street": null, "building": null, "building:levels": null, "landuse": "residential", "name": null, "operator": null, "residential": null, "description": null, "source": null, "phone": null, "ele": null, "name:en": null, "name:ur": null, "official_name": null, "official_name:ur": null, "type": null }, "geometry": { "type": "Polygon", "coordinates": [ [ [ 74.5499528, 31.6020297 ], [ 74.5499552, 31.6013915 ], [ 74.5502771, 31.6013915 ], [ 74.55032, 31.6006057 ], [ 74.5514787, 31.6006057 ], [ 74.5513318, 31.6021737 ], [ 74.5499528, 31.6020297 ] ] ] } },
{ "type": "Feature", "properties": { "element": "way", "id": 1303589555, "addr:city": null, "addr:housenumber": null, "addr:postcode": null, "addr:street": null, "building": null, "building:levels": null, "landuse": "residential", "name": null, "operator": null, "residential": null, "description": null, "source": null, "phone": null, "ele": null, "name:en": null, "name:ur": null, "official_name": null, "official_name:ur": null, "type": null }, "geometry": { "type": "Polygon", "coordinates": [ [ [ 74.5533241, 31.607934 ], [ 74.5528735, 31.6078244 ], [ 74.5528735, 31.6076417 ], [ 74.5531953, 31.6070203 ], [ 74.553131, 31.6067462 ], [ 74.5525516, 31.6065269 ], [ 74.5525516, 31.6063624 ], [ 74.5526589, 31.6060883 ], [ 74.5528949, 31.605869 ], [ 74.5537532, 31.6058507 ], [ 74.5538605, 31.6059604 ], [ 74.5538605, 31.6062162 ], [ 74.5542253, 31.6067096 ], [ 74.5539893, 31.6069472 ], [ 74.5537962, 31.6072579 ], [ 74.5536889, 31.6074406 ], [ 74.5536674, 31.6077696 ], [ 74.5533241, 31.607934 ] ] ] } },
{ "type": "Feature", "properties": { "element": "way", "id": 1303589558, "addr:city": null, "addr:housenumber": null, "addr:postcode": null, "addr:street": null, "building": null, "building:levels": null, "landuse": "residential", "name": null, "operator": null, "residential": null, "description": null, "source": null, "phone": null, "ele": null, "name:en": null, "name:ur": null, "official_name": null, "official_name:ur": null, "type": null }, "geometry": { "type": "Polygon", "coordinates": [ [ [ 74.5975043, 31.5659109 ], [ 74.5976091, 31.5664687 ], [ 74.5976422, 31.5666451 ], [ 74.5979323, 31.5668428 ], [ 74.5979869, 31.5668801 ], [ 74.598504, 31.5670416 ], [ 74.5985651, 31.5674794 ], [ 74.5985901, 31.5676583 ], [ 74.6001757, 31.5678492 ], [ 74.6003653, 31.5677171 ], [ 74.6002964, 31.5673793 ], [ 74.6002438, 31.5673211 ], [ 74.600124, 31.5671884 ], [ 74.6000379, 31.5664836 ], [ 74.5988281, 31.566577 ], [ 74.5985212, 31.5657787 ], [ 74.5983144, 31.56572 ], [ 74.597918, 31.5657346 ], [ 74.5975043, 31.5659109 ] ] ] } },
{ "type": "Feature", "properties": { "element": "way", "id": 1303589561, "addr:city": null, "addr:housenumber": null, "addr:postcode": null, "addr:street": null, "building": null, "building:levels": null, "landuse": "residential", "name": null, "operator": null, "residential": null, "description": null, "source": null, "phone": null, "ele": null, "name:en": null, "name:ur": null, "official_name": null, "official_name:ur": null, "type": null }, "geometry": { "type": "Polygon", "coordinates": [ [ [ 74.5848029, 31.5738994 ], [ 74.5848884, 31.5730474 ], [ 74.5850607, 31.5730327 ], [ 74.5850607, 31.5725628 ], [ 74.5852158, 31.5725482 ], [ 74.5852331, 31.5717259 ], [ 74.5840094, 31.5716671 ], [ 74.5839921, 31.5709329 ], [ 74.5842507, 31.5708008 ], [ 74.5844747, 31.5705511 ], [ 74.5846815, 31.570419 ], [ 74.5849401, 31.5700225 ], [ 74.5852848, 31.5699932 ], [ 74.5856066, 31.5701257 ], [ 74.586112, 31.5704777 ], [ 74.5866291, 31.5704924 ], [ 74.5867497, 31.5707714 ], [ 74.5869221, 31.5709917 ], [ 74.5876115, 31.571021 ], [ 74.587577, 31.5719608 ], [ 74.5873357, 31.5719608 ], [ 74.5873357, 31.5724747 ], [ 74.587284, 31.5727537 ], [ 74.5867494, 31.5734415 ], [ 74.5856243, 31.5734291 ], [ 74.5856227, 31.5739092 ], [ 74.5848029, 31.5738994 ] ] ] } },
{ "type": "Feature", "properties": { "element": "way", "id": 1303589562, "addr:city": null, "addr:housenumber": null, "addr:postcode": null, "addr:street": null, "building": null, "building:levels": null, "landuse": "residential", "name": null, "operator": null, "residential": null, "description": null, "source": null, "phone": null, "ele": null, "name:en": null, "name:ur": null, "official_name": null, "official_name:ur": null, "type": null }, "geometry": { "type": "Polygon", "coordinates": [ [ [ 74.6075943, 31.5542195 ], [ 74.6080004, 31.5542357 ], [ 74.6081727, 31.5544413 ], [ 74.6090173, 31.5543091 ], [ 74.6091724, 31.5541476 ], [ 74.6095688, 31.5541476 ], [ 74.6099033, 31.5543486 ], [ 74.6101203, 31.5543238 ], [ 74.6105684, 31.5527964 ], [ 74.6094137, 31.5525761 ], [ 74.6093447, 31.553002 ], [ 74.6086553, 31.5530754 ], [ 74.6078798, 31.5532664 ], [ 74.6079487, 31.5535601 ], [ 74.6076985, 31.5537361 ], [ 74.6077192, 31.5539086 ], [ 74.6075943, 31.5542195 ] ] ] } },
{ "type": "Feature", "properties": { "element": "way", "id": 1303589563, "addr:city": null, "addr:housenumber": null, "addr:postcode": null, "addr:street": null, "building": null, "building:levels": null, "landuse": "residential", "name": null, "operator": null, "residential": null, "description": null, "source": null, "phone": null, "ele": null, "name:en": null, "name:ur": null, "official_name": null, "official_name:ur": null, "type": null }, "geometry": { "type": "Polygon", "coordinates": [ [ [ 74.6017618, 31.5556034 ], [ 74.6017614, 31.5550581 ], [ 74.6030712, 31.5550581 ], [ 74.603071, 31.5555782 ], [ 74.6017618, 31.5556034 ] ] ] } },
{ "type": "Feature", "properties": { "element": "way", "id": 1303589564, "addr:city": null, "addr:housenumber": null, "addr:postcode": null, "addr:street": null, "building": null, "building:levels": null, "landuse": "residential", "name": null, "operator": null, "residential": null, "description": null, "source": null, "phone": null, "ele": null, "name:en": null, "name:ur": null, "official_name": null, "official_name:ur": null, "type": null }, "geometry": { "type": "Polygon", "coordinates": [ [ [ 74.5998827, 31.5511368 ], [ 74.5999, 31.5506374 ], [ 74.6005721, 31.550608 ], [ 74.6006066, 31.549389 ], [ 74.5998655, 31.5493155 ], [ 74.5999, 31.5489924 ], [ 74.6009685, 31.548963 ], [ 74.6010203, 31.5492862 ], [ 74.6011255, 31.5494208 ], [ 74.601072, 31.551078 ], [ 74.5998827, 31.5511368 ] ] ] } },
{ "type": "Feature", "properties": { "element": "way", "id": 1303589565, "addr:city": null, "addr:housenumber": null, "addr:postcode": null, "addr:street": null, "building": null, "building:levels": null, "landuse": "residential", "name": null, "operator": null, "residential": null, "description": null, "source": null, "phone": null, "ele": null, "name:en": null, "name:ur": null, "official_name": null, "official_name:ur": null, "type": null }, "geometry": { "type": "Polygon", "coordinates": [ [ [ 74.5907655, 31.5571142 ], [ 74.5907655, 31.5566149 ], [ 74.5900588, 31.5565708 ], [ 74.5900588, 31.5562184 ], [ 74.5898693, 31.5562184 ], [ 74.589894, 31.5559714 ], [ 74.5894039, 31.5559687 ], [ 74.5893867, 31.5552931 ], [ 74.5896624, 31.5552638 ], [ 74.5896624, 31.5550728 ], [ 74.5901278, 31.5550728 ], [ 74.5901278, 31.5546322 ], [ 74.5903863, 31.5546322 ], [ 74.5903863, 31.5550581 ], [ 74.5905931, 31.5551022 ], [ 74.5907827, 31.55544 ], [ 74.5909229, 31.5556061 ], [ 74.5915832, 31.5554311 ], [ 74.5918168, 31.5554694 ], [ 74.591903, 31.5557778 ], [ 74.5925751, 31.5556897 ], [ 74.5925924, 31.5562184 ], [ 74.5923374, 31.5563293 ], [ 74.5923157, 31.5564899 ], [ 74.592196, 31.556659 ], [ 74.5921522, 31.5570258 ], [ 74.5907655, 31.5571142 ] ] ] } },
{ "type": "Feature", "properties": { "element": "way", "id": 1303589566, "addr:city": null, "addr:housenumber": null, "addr:postcode": null, "addr:street": null, "building": null, "building:levels": null, "landuse": "residential", "name": null, "operator": null, "residential": null, "description": null, "source": null, "phone": null, "ele": null, "name:en": null, "name:ur": null, "official_name": null, "official_name:ur": null, "type": null }, "geometry": { "type": "Polygon", "coordinates": [ [ [ 74.5763398, 31.5608738 ], [ 74.5763398, 31.5602864 ], [ 74.5754953, 31.5602717 ], [ 74.5755298, 31.5600074 ], [ 74.5758745, 31.5599927 ], [ 74.5758745, 31.5596109 ], [ 74.5756849, 31.559464 ], [ 74.5758056, 31.5592143 ], [ 74.5760813, 31.5590528 ], [ 74.5760813, 31.5588031 ], [ 74.5761158, 31.5583332 ], [ 74.5765811, 31.5583332 ], [ 74.5765811, 31.5587738 ], [ 74.5772705, 31.558715 ], [ 74.577305, 31.5583479 ], [ 74.5779944, 31.5583332 ], [ 74.5780461, 31.5587297 ], [ 74.5784942, 31.5588031 ], [ 74.5784942, 31.5597283 ], [ 74.5772533, 31.559743 ], [ 74.5772533, 31.5593171 ], [ 74.5769948, 31.5593171 ], [ 74.5769948, 31.5603598 ], [ 74.5766803, 31.5604572 ], [ 74.5766363, 31.560889 ], [ 74.5763398, 31.5608738 ] ] ] } },
{ "type": "Feature", "properties": { "element": "way", "id": 1303589567, "addr:city": null, "addr:housenumber": null, "addr:postcode": null, "addr:street": null, "building": null, "building:levels": null, "landuse": "residential", "name": null, "operator": null, "residential": null, "description": null, "source": null, "phone": null, "ele": null, "name:en": null, "name:ur": null, "official_name": null, "official_name:ur": null, "type": null }, "geometry": { "type": "Polygon", "coordinates": [ [ [ 74.5656886, 31.5660724 ], [ 74.5659299, 31.5662927 ], [ 74.5665504, 31.5662046 ], [ 74.5667744, 31.5662046 ], [ 74.5670018, 31.5668654 ], [ 74.5678085, 31.5668654 ], [ 74.5678603, 31.566557 ], [ 74.5683999, 31.5664233 ], [ 74.5689288, 31.5664395 ], [ 74.5690495, 31.5665864 ], [ 74.5708764, 31.5665864 ], [ 74.5708936, 31.5655291 ], [ 74.570704, 31.5651472 ], [ 74.5717898, 31.564927 ], [ 74.5718101, 31.5642566 ], [ 74.5728021, 31.5642075 ], [ 74.5727867, 31.5622886 ], [ 74.572159, 31.5622136 ], [ 74.5721173, 31.5618137 ], [ 74.5692232, 31.5616964 ], [ 74.5692388, 31.561601 ], [ 74.5694853, 31.5613003 ], [ 74.5694631, 31.5608298 ], [ 74.5683084, 31.5607857 ], [ 74.5682911, 31.5615641 ], [ 74.5681188, 31.5616375 ], [ 74.5680498, 31.5617696 ], [ 74.567257, 31.5617696 ], [ 74.567257, 31.5615787 ], [ 74.5665849, 31.5615787 ], [ 74.5663436, 31.5613878 ], [ 74.5657404, 31.5615494 ], [ 74.5656458, 31.5625586 ], [ 74.5654818, 31.5625773 ], [ 74.5654818, 31.562827 ], [ 74.5654646, 31.5632769 ], [ 74.5647063, 31.5632969 ], [ 74.564689, 31.5637375 ], [ 74.5654474, 31.5637467 ], [ 74.5654474, 31.5647838 ], [ 74.5656542, 31.5647875 ], [ 74.5656886, 31.5660724 ] ] ] } },
{ "type": "Feature", "properties": { "element": "way", "id": 1303589568, "addr:city": null, "addr:housenumber": null, "addr:postcode": null, "addr:street": null, "building": null, "building:levels": null, "landuse": "residential", "name": null, "operator": null, "residential": null, "description": null, "source": null, "phone": null, "ele": null, "name:en": null, "name:ur": null, "official_name": null, "official_name:ur": null, "type": null }, "geometry": { "type": "Polygon", "coordinates": [ [ [ 74.5608133, 31.5757363 ], [ 74.5608785, 31.5746673 ], [ 74.5605689, 31.5746673 ], [ 74.5605689, 31.5744035 ], [ 74.5599497, 31.5743896 ], [ 74.5599497, 31.5739176 ], [ 74.5611718, 31.5739176 ], [ 74.5611718, 31.573751 ], [ 74.5625895, 31.573751 ], [ 74.5625895, 31.5747089 ], [ 74.5627851, 31.5747089 ], [ 74.5627851, 31.5754447 ], [ 74.5625895, 31.5754447 ], [ 74.5625895, 31.5752087 ], [ 74.5615303, 31.5752365 ], [ 74.5615303, 31.5757779 ], [ 74.5608133, 31.5757363 ] ] ] } },
{ "type": "Feature", "properties": { "element": "way", "id": 1303589569, "addr:city": null, "addr:housenumber": null, "addr:postcode": null, "addr:street": null, "building": null, "building:levels": null, "landuse": "residential", "name": null, "operator": null, "residential": null, "description": null, "source": null, "phone": null, "ele": null, "name:en": null, "name:ur": null, "official_name": null, "official_name:ur": null, "type": null }, "geometry": { "type": "Polygon", "coordinates": [ [ [ 74.5727579, 31.5595197 ], [ 74.572785, 31.5591311 ], [ 74.5731164, 31.5591448 ], [ 74.573149, 31.5588254 ], [ 74.5734586, 31.5588254 ], [ 74.5734586, 31.5595197 ], [ 74.5727579, 31.5595197 ] ] ] } },
{ "type": "Feature", "properties": { "element": "way", "id": 1303589570, "addr:city": null, "addr:housenumber": null, "addr:postcode": null, "addr:street": null, "building": null, "building:levels": null, "landuse": "residential", "name": null, "operator": null, "residential": null, "description": null, "source": null, "phone": null, "ele": null, "name:en": null, "name:ur": null, "official_name": null, "official_name:ur": null, "type": null }, "geometry": { "type": "Polygon", "coordinates": [ [ [ 74.5691566, 31.5441057 ], [ 74.5690751, 31.5434947 ], [ 74.5681789, 31.5435363 ], [ 74.5681789, 31.5433975 ], [ 74.5687492, 31.5433141 ], [ 74.5687655, 31.5426475 ], [ 74.5690262, 31.542467 ], [ 74.5692381, 31.5425087 ], [ 74.5696129, 31.5425364 ], [ 74.5700692, 31.5425225 ], [ 74.5702484, 31.542342 ], [ 74.5705091, 31.542592 ], [ 74.5707862, 31.542467 ], [ 74.5712587, 31.5426059 ], [ 74.5713239, 31.5429253 ], [ 74.5715194, 31.5431892 ], [ 74.5721061, 31.5432447 ], [ 74.5723994, 31.5428836 ], [ 74.5726275, 31.5428836 ], [ 74.5726764, 31.5446057 ], [ 74.5714217, 31.5446474 ], [ 74.5714217, 31.5441752 ], [ 74.5709654, 31.5440224 ], [ 74.5704928, 31.5440224 ], [ 74.5702484, 31.5440641 ], [ 74.5691566, 31.5441057 ] ] ] } },
{ "type": "Feature", "properties": { "element": "way", "id": 1303589571, "addr:city": null, "addr:housenumber": null, "addr:postcode": null, "addr:street": null, "building": null, "building:levels": null, "landuse": "residential", "name": null, "operator": null, "residential": null, "description": null, "source": null, "phone": null, "ele": null, "name:en": null, "name:ur": null, "official_name": null, "official_name:ur": null, "type": null }, "geometry": { "type": "Polygon", "coordinates": [ [ [ 74.5960115, 31.5387172 ], [ 74.5959137, 31.5382867 ], [ 74.5967611, 31.5380922 ], [ 74.5968263, 31.5365923 ], [ 74.5971522, 31.5365923 ], [ 74.5972173, 31.5356756 ], [ 74.5972336, 31.5353284 ], [ 74.5979506, 31.5351756 ], [ 74.5979506, 31.53562 ], [ 74.5994661, 31.53562 ], [ 74.6002757, 31.5374701 ], [ 74.6002809, 31.5380922 ], [ 74.6002809, 31.5385228 ], [ 74.6002157, 31.5386339 ], [ 74.6002157, 31.5391339 ], [ 74.6004275, 31.5391339 ], [ 74.6004112, 31.5395505 ], [ 74.6000202, 31.5395505 ], [ 74.6000202, 31.5396894 ], [ 74.5991565, 31.5397449 ], [ 74.5990587, 31.5393561 ], [ 74.5984884, 31.53937 ], [ 74.5981136, 31.5384117 ], [ 74.5974944, 31.5384117 ], [ 74.5973966, 31.5386478 ], [ 74.5960115, 31.5387172 ] ] ] } },
{ "type": "Feature", "properties": { "element": "way", "id": 1303589575, "addr:city": null, "addr:housenumber": null, "addr:postcode": null, "addr:street": null, "building": null, "building:levels": null, "landuse": "residential", "name": null, "operator": null, "residential": null, "description": null, "source": null, "phone": null, "ele": null, "name:en": null, "name:ur": null, "official_name": null, "official_name:ur": null, "type": null }, "geometry": { "type": "Polygon", "coordinates": [ [ [ 74.5753163, 31.5078382 ], [ 74.5749904, 31.5074214 ], [ 74.5749904, 31.5070046 ], [ 74.5751533, 31.5068657 ], [ 74.5755444, 31.5068657 ], [ 74.5757563, 31.5068379 ], [ 74.5757563, 31.5061155 ], [ 74.5768601, 31.5060537 ], [ 74.5770925, 31.50631 ], [ 74.5770975, 31.5065378 ], [ 74.5771168, 31.5077146 ], [ 74.5768643, 31.5082528 ], [ 74.5761473, 31.5081578 ], [ 74.5761473, 31.5078799 ], [ 74.5753163, 31.5078382 ] ] ] } },
{ "type": "Feature", "properties": { "element": "way", "id": 1303589576, "addr:city": null, "addr:housenumber": null, "addr:postcode": null, "addr:street": null, "building": null, "building:levels": null, "landuse": "residential", "name": null, "operator": null, "residential": null, "description": null, "source": null, "phone": null, "ele": null, "name:en": null, "name:ur": null, "official_name": null, "official_name:ur": null, "type": null }, "geometry": { "type": "Polygon", "coordinates": [ [ [ 74.5710469, 31.5076854 ], [ 74.5710795, 31.5073103 ], [ 74.5709165, 31.5073103 ], [ 74.5709165, 31.5070463 ], [ 74.5713076, 31.5070463 ], [ 74.5713565, 31.5069213 ], [ 74.5721223, 31.5065495 ], [ 74.5721061, 31.5072269 ], [ 74.5723668, 31.5072686 ], [ 74.5723668, 31.5075326 ], [ 74.5718942, 31.5075743 ], [ 74.5718779, 31.5077271 ], [ 74.5710469, 31.5076854 ] ] ] } },
{ "type": "Feature", "properties": { "element": "way", "id": 1303589577, "addr:city": null, "addr:housenumber": null, "addr:postcode": null, "addr:street": null, "building": null, "building:levels": null, "landuse": "residential", "name": null, "operator": null, "residential": null, "description": null, "source": null, "phone": null, "ele": null, "name:en": null, "name:ur": null, "official_name": null, "official_name:ur": null, "type": null }, "geometry": { "type": "Polygon", "coordinates": [ [ [ 74.5726569, 31.5045327 ], [ 74.5720409, 31.5045455 ], [ 74.5719431, 31.5041148 ], [ 74.5717802, 31.5038647 ], [ 74.5719594, 31.5036563 ], [ 74.5731715, 31.5034919 ], [ 74.5726569, 31.5045327 ] ] ] } },
{ "type": "Feature", "properties": { "element": "way", "id": 1303589578, "addr:city": null, "addr:housenumber": null, "addr:postcode": null, "addr:street": null, "building": null, "building:levels": null, "landuse": "residential", "name": null, "operator": null, "residential": null, "description": null, "source": null, "phone": null, "ele": null, "name:en": null, "name:ur": null, "official_name": null, "official_name:ur": null, "type": null }, "geometry": { "type": "Polygon", "coordinates": [ [ [ 74.5655743, 31.5039061 ], [ 74.5659464, 31.5039064 ], [ 74.5659464, 31.50449 ], [ 74.5655565, 31.5044622 ], [ 74.5655743, 31.5039061 ] ] ] } },
{ "type": "Feature", "properties": { "element": "way", "id": 1303589579, "addr:city": null, "addr:housenumber": null, "addr:postcode": null, "addr:street": null, "building": null, "building:levels": null, "landuse": "residential", "name": null, "operator": null, "residential": null, "description": null, "source": null, "phone": null, "ele": null, "name:en": null, "name:ur": null, "official_name": null, "official_name:ur": null, "type": null }, "geometry": { "type": "Polygon", "coordinates": [ [ [ 74.5604711, 31.5066156 ], [ 74.5601615, 31.5065184 ], [ 74.5599986, 31.5061988 ], [ 74.5598356, 31.5057126 ], [ 74.560243, 31.5055597 ], [ 74.5605526, 31.5056709 ], [ 74.5611718, 31.5054625 ], [ 74.5623391, 31.5053961 ], [ 74.5623288, 31.5046567 ], [ 74.5617422, 31.50449 ], [ 74.5615792, 31.50449 ], [ 74.560683, 31.5034896 ], [ 74.5604874, 31.5035174 ], [ 74.5597125, 31.5036696 ], [ 74.5597757, 31.5030142 ], [ 74.5609926, 31.5024893 ], [ 74.5616444, 31.5016973 ], [ 74.5621333, 31.5023087 ], [ 74.5637465, 31.5022809 ], [ 74.5636976, 31.5034202 ], [ 74.5640561, 31.5034618 ], [ 74.5640561, 31.5028783 ], [ 74.5649524, 31.5029061 ], [ 74.5649524, 31.503573 ], [ 74.5643169, 31.5035869 ], [ 74.5643169, 31.5039342 ], [ 74.5643006, 31.5043649 ], [ 74.563991, 31.5045316 ], [ 74.5639095, 31.5047817 ], [ 74.5638443, 31.5050318 ], [ 74.5634206, 31.504879 ], [ 74.5629806, 31.5049484 ], [ 74.5628666, 31.5066434 ], [ 74.5622636, 31.506574 ], [ 74.5623125, 31.5060321 ], [ 74.5615955, 31.5060321 ], [ 74.5606015, 31.50631 ], [ 74.5607319, 31.5064906 ], [ 74.5604711, 31.5066156 ] ] ] } },
{ "type": "Feature", "properties": { "element": "way", "id": 1303589580, "addr:city": null, "addr:housenumber": null, "addr:postcode": null, "addr:street": null, "building": null, "building:levels": null, "landuse": "residential", "name": null, "operator": null, "residential": null, "description": null, "source": null, "phone": null, "ele": null, "name:en": null, "name:ur": null, "official_name": null, "official_name:ur": null, "type": null }, "geometry": { "type": "Polygon", "coordinates": [ [ [ 74.5599621, 31.5007795 ], [ 74.5610578, 31.5007942 ], [ 74.5610741, 31.4998772 ], [ 74.5603245, 31.4998633 ], [ 74.5602593, 31.500433 ], [ 74.5599735, 31.5004332 ], [ 74.5599621, 31.5007795 ] ] ] } },
{ "type": "Feature", "properties": { "element": "way", "id": 1303589581, "addr:city": null, "addr:housenumber": null, "addr:postcode": null, "addr:street": null, "building": null, "building:levels": null, "landuse": "residential", "name": null, "operator": null, "residential": null, "description": null, "source": null, "phone": null, "ele": null, "name:en": null, "name:ur": null, "official_name": null, "official_name:ur": null, "type": null }, "geometry": { "type": "Polygon", "coordinates": [ [ [ 74.5554196, 31.5039342 ], [ 74.5560877, 31.5037675 ], [ 74.5562836, 31.5033737 ], [ 74.5564462, 31.503045 ], [ 74.5561854, 31.5028088 ], [ 74.556104, 31.502656 ], [ 74.5560877, 31.5024754 ], [ 74.555224, 31.5024476 ], [ 74.555102, 31.5026461 ], [ 74.5550715, 31.5027196 ], [ 74.5549307, 31.5030589 ], [ 74.5546211, 31.5030172 ], [ 74.5546048, 31.5032812 ], [ 74.5549796, 31.5032812 ], [ 74.5551588, 31.5036286 ], [ 74.5552892, 31.5038647 ], [ 74.5554196, 31.5039342 ] ] ] } },
{ "type": "Feature", "properties": { "element": "way", "id": 1303589583, "addr:city": null, "addr:housenumber": null, "addr:postcode": null, "addr:street": null, "building": null, "building:levels": null, "landuse": "residential", "name": null, "operator": null, "residential": null, "description": null, "source": null, "phone": null, "ele": null, "name:en": null, "name:ur": null, "official_name": null, "official_name:ur": null, "type": null }, "geometry": { "type": "Polygon", "coordinates": [ [ [ 74.5804581, 31.4933122 ], [ 74.5804199, 31.4937832 ], [ 74.5809963, 31.4938137 ], [ 74.5809287, 31.4943866 ], [ 74.5815083, 31.494364 ], [ 74.5818734, 31.4939867 ], [ 74.582104, 31.4939849 ], [ 74.5821763, 31.4937805 ], [ 74.5827269, 31.4935441 ], [ 74.5829373, 31.4937507 ], [ 74.5831623, 31.4936711 ], [ 74.5835835, 31.4945721 ], [ 74.5846683, 31.4941455 ], [ 74.5850136, 31.4938262 ], [ 74.5852082, 31.4937433 ], [ 74.5851212, 31.4931991 ], [ 74.5853533, 31.4930012 ], [ 74.5856144, 31.4926919 ], [ 74.5856289, 31.4925435 ], [ 74.58589, 31.4924074 ], [ 74.5860931, 31.4921971 ], [ 74.5859477, 31.4912531 ], [ 74.5849978, 31.4915461 ], [ 74.5849906, 31.4912322 ], [ 74.5841347, 31.4913436 ], [ 74.5841202, 31.4918013 ], [ 74.5835109, 31.4918507 ], [ 74.5828077, 31.4921022 ], [ 74.5809054, 31.4920243 ], [ 74.5807837, 31.4910343 ], [ 74.5788149, 31.4910156 ], [ 74.5787092, 31.4922466 ], [ 74.5789413, 31.4923084 ], [ 74.5792749, 31.4923084 ], [ 74.5795941, 31.4923084 ], [ 74.580222, 31.4923008 ], [ 74.5805231, 31.4922766 ], [ 74.5805515, 31.4925311 ], [ 74.5809074, 31.4925289 ], [ 74.5808997, 31.4928651 ], [ 74.5813796, 31.492854 ], [ 74.5813784, 31.4929888 ], [ 74.5816473, 31.493015 ], [ 74.5816581, 31.4933645 ], [ 74.5809914, 31.4933098 ], [ 74.5804581, 31.4933122 ] ] ] } },
{ "type": "Feature", "properties": { "element": "way", "id": 1303589585, "addr:city": null, "addr:housenumber": null, "addr:postcode": null, "addr:street": null, "building": null, "building:levels": null, "landuse": "residential", "name": null, "operator": null, "residential": null, "description": null, "source": null, "phone": null, "ele": null, "name:en": null, "name:ur": null, "official_name": null, "official_name:ur": null, "type": null }, "geometry": { "type": "Polygon", "coordinates": [ [ [ 74.5985033, 31.4931336 ], [ 74.5984964, 31.4922466 ], [ 74.5990533, 31.4922492 ], [ 74.5988345, 31.4918052 ], [ 74.5989752, 31.4916899 ], [ 74.5988468, 31.4912302 ], [ 74.5991082, 31.4912019 ], [ 74.5992545, 31.4911638 ], [ 74.5992943, 31.4910467 ], [ 74.59929, 31.4908152 ], [ 74.5991888, 31.490725 ], [ 74.5991563, 31.4902777 ], [ 74.601775, 31.4901807 ], [ 74.6017495, 31.4906878 ], [ 74.601891, 31.4906879 ], [ 74.6019178, 31.4911939 ], [ 74.6025137, 31.4911632 ], [ 74.6025148, 31.4916281 ], [ 74.6022664, 31.4915667 ], [ 74.601804, 31.491727 ], [ 74.601891, 31.4918755 ], [ 74.601891, 31.4926795 ], [ 74.5999066, 31.4927285 ], [ 74.5999362, 31.4931494 ], [ 74.5985033, 31.4931336 ] ] ] } },
{ "type": "Feature", "properties": { "element": "way", "id": 1303589589, "addr:city": null, "addr:housenumber": null, "addr:postcode": null, "addr:street": null, "building": null, "building:levels": null, "landuse": "residential", "name": null, "operator": null, "residential": null, "description": null, "source": null, "phone": null, "ele": null, "name:en": null, "name:ur": null, "official_name": null, "official_name:ur": null, "type": null }, "geometry": { "type": "Polygon", "coordinates": [ [ [ 74.5905353, 31.4842871 ], [ 74.5903889, 31.4827352 ], [ 74.5910792, 31.4825568 ], [ 74.5912256, 31.4828601 ], [ 74.5916649, 31.4829492 ], [ 74.5919786, 31.4836092 ], [ 74.5918322, 31.4838233 ], [ 74.591623, 31.4840552 ], [ 74.5914975, 31.4841622 ], [ 74.5905353, 31.4842871 ] ] ] } },
{ "type": "Feature", "properties": { "element": "way", "id": 1303589590, "addr:city": null, "addr:housenumber": null, "addr:postcode": null, "addr:street": null, "building": null, "building:levels": null, "landuse": "residential", "name": null, "operator": null, "residential": null, "description": null, "source": null, "phone": null, "ele": null, "name:en": null, "name:ur": null, "official_name": null, "official_name:ur": null, "type": null }, "geometry": { "type": "Polygon", "coordinates": [ [ [ 74.5763811, 31.4872619 ], [ 74.5764161, 31.4864259 ], [ 74.5770408, 31.4864056 ], [ 74.5770138, 31.4872748 ], [ 74.5763811, 31.4872619 ] ] ] } },
{ "type": "Feature", "properties": { "element": "way", "id": 1303589591, "addr:city": null, "addr:housenumber": null, "addr:postcode": null, "addr:street": null, "building": null, "building:levels": null, "landuse": "residential", "name": null, "operator": null, "residential": null, "description": null, "source": null, "phone": null, "ele": null, "name:en": null, "name:ur": null, "official_name": null, "official_name:ur": null, "type": null }, "geometry": { "type": "Polygon", "coordinates": [ [ [ 74.5711243, 31.4865168 ], [ 74.5711243, 31.4861957 ], [ 74.5715427, 31.4861957 ], [ 74.5715427, 31.4859281 ], [ 74.5719401, 31.4859281 ], [ 74.5719401, 31.4857498 ], [ 74.5724421, 31.4857498 ], [ 74.5724421, 31.4865168 ], [ 74.5711243, 31.4865168 ] ] ] } },
{ "type": "Feature", "properties": { "element": "way", "id": 1303589592, "addr:city": null, "addr:housenumber": null, "addr:postcode": null, "addr:street": null, "building": null, "building:levels": null, "landuse": "residential", "name": null, "operator": null, "residential": null, "description": null, "source": null, "phone": null, "ele": null, "name:en": null, "name:ur": null, "official_name": null, "official_name:ur": null, "type": null }, "geometry": { "type": "Polygon", "coordinates": [ [ [ 74.5643857, 31.4761959 ], [ 74.5631213, 31.4760583 ], [ 74.5631414, 31.4758294 ], [ 74.5631697, 31.4755075 ], [ 74.5638979, 31.4752974 ], [ 74.5638796, 31.474891 ], [ 74.5643493, 31.4744804 ], [ 74.5644532, 31.4744412 ], [ 74.5650375, 31.474351 ], [ 74.5654558, 31.4736017 ], [ 74.5656859, 31.4733698 ], [ 74.5673197, 31.4730798 ], [ 74.567422, 31.4727811 ], [ 74.5678404, 31.4724421 ], [ 74.5688025, 31.4723886 ], [ 74.5688025, 31.4719247 ], [ 74.5688025, 31.4713182 ], [ 74.5697228, 31.4713391 ], [ 74.5693081, 31.4721093 ], [ 74.5692244, 31.4724175 ], [ 74.5693819, 31.4732457 ], [ 74.5692471, 31.4737569 ], [ 74.5687537, 31.4741099 ], [ 74.5665644, 31.4748148 ], [ 74.5662491, 31.4750107 ], [ 74.5651421, 31.475903 ], [ 74.5650245, 31.4760369 ], [ 74.5643857, 31.4761959 ] ] ] } },
{ "type": "Feature", "properties": { "element": "way", "id": 1303589594, "addr:city": null, "addr:housenumber": null, "addr:postcode": null, "addr:street": null, "building": null, "building:levels": null, "landuse": "residential", "name": null, "operator": null, "residential": null, "description": null, "source": null, "phone": null, "ele": null, "name:en": null, "name:ur": null, "official_name": null, "official_name:ur": null, "type": null }, "geometry": { "type": "Polygon", "coordinates": [ [ [ 74.6232287, 31.473905 ], [ 74.6223083, 31.4751716 ], [ 74.620656, 31.4744986 ], [ 74.620865, 31.4741726 ], [ 74.6215971, 31.4734768 ], [ 74.6206977, 31.4721567 ], [ 74.6204258, 31.4706938 ], [ 74.6185642, 31.4707294 ], [ 74.6183346, 31.4704953 ], [ 74.6177066, 31.4699801 ], [ 74.6189616, 31.4698909 ], [ 74.619108, 31.4701764 ], [ 74.6196519, 31.4701764 ], [ 74.6202375, 31.4700158 ], [ 74.6210742, 31.4700337 ], [ 74.621137, 31.4684637 ], [ 74.6220364, 31.468428 ], [ 74.6224399, 31.4680823 ], [ 74.6220502, 31.466813 ], [ 74.6232496, 31.4667688 ], [ 74.6231868, 31.4671792 ], [ 74.6233542, 31.468089 ], [ 74.6237307, 31.4681782 ], [ 74.6241699, 31.4680712 ], [ 74.6245464, 31.4674646 ], [ 74.6246301, 31.4669829 ], [ 74.6255045, 31.4670013 ], [ 74.6260316, 31.4666082 ], [ 74.6266622, 31.4663512 ], [ 74.6265833, 31.4666984 ], [ 74.6271192, 31.4667153 ], [ 74.6270774, 31.4686421 ], [ 74.6255505, 31.468767 ], [ 74.6254877, 31.4696233 ], [ 74.6256341, 31.4699445 ], [ 74.6258851, 31.4708543 ], [ 74.626429, 31.4708008 ], [ 74.6267218, 31.4708722 ], [ 74.6277468, 31.4704797 ], [ 74.6280187, 31.4703548 ], [ 74.6280605, 31.4685529 ], [ 74.6287717, 31.465966 ], [ 74.6295665, 31.4694093 ], [ 74.6290018, 31.4696233 ], [ 74.6290018, 31.4703726 ], [ 74.6290018, 31.4707294 ], [ 74.6297414, 31.4706141 ], [ 74.6296143, 31.4712656 ], [ 74.6293992, 31.4714787 ], [ 74.6287364, 31.4721786 ], [ 74.6277547, 31.4728817 ], [ 74.6272866, 31.4731735 ], [ 74.6265963, 31.4734768 ], [ 74.6247556, 31.4737979 ], [ 74.6244419, 31.4738693 ], [ 74.6240654, 31.4738871 ], [ 74.6238144, 31.4737979 ], [ 74.6232287, 31.473905 ] ] ] } },
{ "type": "Feature", "properties": { "element": "way", "id": 1303589596, "addr:city": null, "addr:housenumber": null, "addr:postcode": null, "addr:street": null, "building": null, "building:levels": null, "landuse": "residential", "name": null, "operator": null, "residential": null, "description": null, "source": null, "phone": null, "ele": null, "name:en": null, "name:ur": null, "official_name": null, "official_name:ur": null, "type": null }, "geometry": { "type": "Polygon", "coordinates": [ [ [ 74.609458, 31.4635654 ], [ 74.6087817, 31.4636777 ], [ 74.607832, 31.4642885 ], [ 74.6071016, 31.4629508 ], [ 74.606495, 31.4629508 ], [ 74.606509, 31.4616654 ], [ 74.6072899, 31.4615591 ], [ 74.6073309, 31.4608395 ], [ 74.6063938, 31.4608775 ], [ 74.6063623, 31.4602023 ], [ 74.6063539, 31.4600995 ], [ 74.6069552, 31.4600603 ], [ 74.6069443, 31.4603429 ], [ 74.6075689, 31.4603384 ], [ 74.6075707, 31.4608324 ], [ 74.608363, 31.4607213 ], [ 74.6088132, 31.460814 ], [ 74.6091724, 31.4608097 ], [ 74.6100509, 31.4618981 ], [ 74.610138, 31.4622551 ], [ 74.6092771, 31.4625772 ], [ 74.6093816, 31.4627854 ], [ 74.6093101, 31.4629394 ], [ 74.6092231, 31.4631866 ], [ 74.6092488, 31.4633002 ], [ 74.6093818, 31.4634469 ], [ 74.6094403, 31.4634728 ], [ 74.609458, 31.4635654 ] ] ] } },
{ "type": "Feature", "properties": { "element": "way", "id": 1303589597, "addr:city": null, "addr:housenumber": null, "addr:postcode": null, "addr:street": null, "building": null, "building:levels": null, "landuse": "residential", "name": null, "operator": null, "residential": null, "description": null, "source": null, "phone": null, "ele": null, "name:en": null, "name:ur": null, "official_name": null, "official_name:ur": null, "type": null }, "geometry": { "type": "Polygon", "coordinates": [ [ [ 74.5980118, 31.4575616 ], [ 74.5979817, 31.4571401 ], [ 74.5975428, 31.4571435 ], [ 74.5975635, 31.4563134 ], [ 74.5978274, 31.456313 ], [ 74.5977936, 31.4567416 ], [ 74.5988185, 31.4567416 ], [ 74.5987587, 31.4574754 ], [ 74.5980118, 31.4575616 ] ] ] } },
{ "type": "Feature", "properties": { "element": "way", "id": 1303589598, "addr:city": null, "addr:housenumber": null, "addr:postcode": null, "addr:street": null, "building": null, "building:levels": null, "landuse": "residential", "name": null, "operator": null, "residential": null, "description": null, "source": null, "phone": null, "ele": null, "name:en": null, "name:ur": null, "official_name": null, "official_name:ur": null, "type": null }, "geometry": { "type": "Polygon", "coordinates": [ [ [ 74.6018933, 31.4549216 ], [ 74.6010357, 31.4549216 ], [ 74.6010357, 31.4539581 ], [ 74.6017469, 31.4539581 ], [ 74.6019979, 31.4541365 ], [ 74.6021234, 31.4543328 ], [ 74.6021234, 31.4546718 ], [ 74.6018933, 31.4549216 ] ] ] } },
{ "type": "Feature", "properties": { "element": "way", "id": 1303589599, "addr:city": null, "addr:housenumber": null, "addr:postcode": null, "addr:street": null, "building": null, "building:levels": null, "landuse": "residential", "name": null, "operator": null, "residential": null, "description": null, "source": null, "phone": null, "ele": null, "name:en": null, "name:ur": null, "official_name": null, "official_name:ur": null, "type": null }, "geometry": { "type": "Polygon", "coordinates": [ [ [ 74.6043615, 31.453619 ], [ 74.6034417, 31.4520224 ], [ 74.6039222, 31.451799 ], [ 74.6039222, 31.4515313 ], [ 74.6043406, 31.4515313 ], [ 74.6043677, 31.4509427 ], [ 74.6046543, 31.4511923 ], [ 74.604989, 31.451335 ], [ 74.6054492, 31.4512637 ], [ 74.6055329, 31.4509068 ], [ 74.6067042, 31.4509068 ], [ 74.6067251, 31.451335 ], [ 74.6061399, 31.4514368 ], [ 74.6061395, 31.4524235 ], [ 74.6052609, 31.4524235 ], [ 74.6049325, 31.4527564 ], [ 74.6049083, 31.4528946 ], [ 74.6049285, 31.4531251 ], [ 74.6049263, 31.4532979 ], [ 74.6043615, 31.453619 ] ] ] } },
{ "type": "Feature", "properties": { "element": "way", "id": 1303589600, "addr:city": null, "addr:housenumber": null, "addr:postcode": null, "addr:street": null, "building": null, "building:levels": null, "landuse": "residential", "name": null, "operator": null, "residential": null, "description": null, "source": null, "phone": null, "ele": null, "name:en": null, "name:ur": null, "official_name": null, "official_name:ur": null, "type": null }, "geometry": { "type": "Polygon", "coordinates": [ [ [ 74.6092602, 31.4481925 ], [ 74.6092561, 31.4486049 ], [ 74.6103396, 31.448676 ], [ 74.6103149, 31.4483685 ], [ 74.6108458, 31.4484264 ], [ 74.6108107, 31.4478993 ], [ 74.6098328, 31.4480842 ], [ 74.6097581, 31.4473557 ], [ 74.6094234, 31.4473736 ], [ 74.6094234, 31.447677 ], [ 74.6092143, 31.4478732 ], [ 74.6092602, 31.4481925 ] ] ] } },
{ "type": "Feature", "properties": { "element": "way", "id": 1303589602, "addr:city": null, "addr:housenumber": null, "addr:postcode": null, "addr:street": null, "building": null, "building:levels": null, "landuse": "residential", "name": null, "operator": null, "residential": null, "description": null, "source": null, "phone": null, "ele": null, "name:en": null, "name:ur": null, "official_name": null, "official_name:ur": null, "type": null }, "geometry": { "type": "Polygon", "coordinates": [ [ [ 74.5816474, 31.4122531 ], [ 74.5815938, 31.4129884 ], [ 74.5808794, 31.4133238 ], [ 74.5811294, 31.4142688 ], [ 74.5819153, 31.4140249 ], [ 74.5824154, 31.4140554 ], [ 74.5824154, 31.4143298 ], [ 74.5842729, 31.4143298 ], [ 74.5842729, 31.413842 ], [ 74.5844515, 31.413842 ], [ 74.5852017, 31.412775 ], [ 74.5852017, 31.4120738 ], [ 74.5848802, 31.4114031 ], [ 74.5848088, 31.4111288 ], [ 74.5839722, 31.4114237 ], [ 74.5836299, 31.4113727 ], [ 74.5833597, 31.4112414 ], [ 74.582933, 31.4113232 ], [ 74.5827619, 31.4117134 ], [ 74.5825042, 31.4121339 ], [ 74.5822991, 31.4120959 ], [ 74.5820419, 31.4120769 ], [ 74.5816474, 31.4122531 ] ] ] } },
{ "type": "Feature", "properties": { "element": "way", "id": 1303589605, "addr:city": null, "addr:housenumber": null, "addr:postcode": null, "addr:street": null, "building": null, "building:levels": null, "landuse": "residential", "name": null, "operator": null, "residential": null, "description": null, "source": null, "phone": null, "ele": null, "name:en": null, "name:ur": null, "official_name": null, "official_name:ur": null, "type": null }, "geometry": { "type": "Polygon", "coordinates": [ [ [ 74.6215626, 31.4371222 ], [ 74.6213667, 31.4368522 ], [ 74.6212613, 31.4360423 ], [ 74.6212613, 31.4355923 ], [ 74.6194833, 31.4356438 ], [ 74.6194381, 31.4350267 ], [ 74.6214572, 31.4350009 ], [ 74.621518, 31.4347797 ], [ 74.6221955, 31.434641 ], [ 74.6224943, 31.4345999 ], [ 74.623296, 31.4344758 ], [ 74.6235064, 31.4344738 ], [ 74.6234695, 31.4351569 ], [ 74.624079, 31.4349881 ], [ 74.6245913, 31.4351038 ], [ 74.6246667, 31.4354306 ], [ 74.6245913, 31.435618 ], [ 74.6246214, 31.4357852 ], [ 74.624968, 31.4359523 ], [ 74.624968, 31.4363123 ], [ 74.624305, 31.4365308 ], [ 74.6243653, 31.4368651 ], [ 74.6244542, 31.4370345 ], [ 74.6243803, 31.4371479 ], [ 74.6239735, 31.4373279 ], [ 74.6237235, 31.4373218 ], [ 74.6237053, 31.4377654 ], [ 74.6234461, 31.437765 ], [ 74.6233858, 31.4374822 ], [ 74.6230242, 31.4374436 ], [ 74.6228283, 31.4373022 ], [ 74.6226174, 31.4371351 ], [ 74.6225119, 31.4370451 ], [ 74.6219996, 31.4369551 ], [ 74.6219544, 31.4371479 ], [ 74.6215626, 31.4371222 ] ] ] } },
{ "type": "Feature", "properties": { "element": "way", "id": 1303589606, "addr:city": null, "addr:housenumber": null, "addr:postcode": null, "addr:street": null, "building": null, "building:levels": null, "landuse": "residential", "name": null, "operator": null, "residential": null, "description": null, "source": null, "phone": null, "ele": null, "name:en": null, "name:ur": null, "official_name": null, "official_name:ur": null, "type": null }, "geometry": { "type": "Polygon", "coordinates": [ [ [ 74.6044455, 31.4351424 ], [ 74.6043852, 31.4342296 ], [ 74.6049856, 31.4340495 ], [ 74.6049856, 31.4338144 ], [ 74.6054103, 31.4337676 ], [ 74.6054222, 31.4336232 ], [ 74.6057564, 31.4335996 ], [ 74.6058619, 31.4336382 ], [ 74.6058468, 31.4339981 ], [ 74.6063742, 31.4345124 ], [ 74.606329, 31.4350395 ], [ 74.6057564, 31.4351424 ], [ 74.605235, 31.4352612 ], [ 74.6051477, 31.435124 ], [ 74.604612, 31.4351931 ], [ 74.6044455, 31.4351424 ] ] ] } },
{ "type": "Feature", "properties": { "element": "way", "id": 1303589607, "addr:city": null, "addr:housenumber": null, "addr:postcode": null, "addr:street": null, "building": null, "building:levels": null, "landuse": "residential", "name": null, "operator": null, "residential": null, "description": null, "source": null, "phone": null, "ele": null, "name:en": null, "name:ur": null, "official_name": null, "official_name:ur": null, "type": null }, "geometry": { "type": "Polygon", "coordinates": [ [ [ 74.600973, 31.4369115 ], [ 74.6009347, 31.4360037 ], [ 74.6011607, 31.4359652 ], [ 74.6011758, 31.4351552 ], [ 74.6009648, 31.4351295 ], [ 74.6009384, 31.4347272 ], [ 74.6004677, 31.4347431 ], [ 74.6004676, 31.4342681 ], [ 74.6002114, 31.4342553 ], [ 74.6000608, 31.4335482 ], [ 74.600332, 31.4334839 ], [ 74.6006032, 31.4334839 ], [ 74.6006032, 31.4329825 ], [ 74.6000758, 31.4329825 ], [ 74.6000758, 31.4328025 ], [ 74.5998498, 31.432751 ], [ 74.599895, 31.4322625 ], [ 74.5988704, 31.4322625 ], [ 74.5988403, 31.4317739 ], [ 74.5992933, 31.4318005 ], [ 74.5992923, 31.4312082 ], [ 74.5995183, 31.4312082 ], [ 74.5995334, 31.4315425 ], [ 74.6000457, 31.4315425 ], [ 74.6000574, 31.4317802 ], [ 74.6007073, 31.4317629 ], [ 74.6007237, 31.4314911 ], [ 74.6011909, 31.4314782 ], [ 74.6011607, 31.4317482 ], [ 74.6008142, 31.4317482 ], [ 74.6007839, 31.4322503 ], [ 74.6013566, 31.4322753 ], [ 74.6014169, 31.4314525 ], [ 74.6019593, 31.4314525 ], [ 74.6023511, 31.4322239 ], [ 74.6021166, 31.4323014 ], [ 74.6022871, 31.4326599 ], [ 74.6026826, 31.4326482 ], [ 74.6028634, 31.4327125 ], [ 74.6029657, 31.4331935 ], [ 74.6029839, 31.4334324 ], [ 74.6032552, 31.4332653 ], [ 74.6034058, 31.4331496 ], [ 74.604114, 31.4334839 ], [ 74.604114, 31.4337796 ], [ 74.6039332, 31.4339081 ], [ 74.6036469, 31.4342038 ], [ 74.6034209, 31.434191 ], [ 74.6034209, 31.4337667 ], [ 74.602547, 31.4337667 ], [ 74.6017182, 31.4341138 ], [ 74.6015979, 31.4341781 ], [ 74.6016049, 31.4356735 ], [ 74.601614, 31.4367282 ], [ 74.600973, 31.4369115 ] ] ] } },
{ "type": "Feature", "properties": { "element": "way", "id": 1303589608, "addr:city": null, "addr:housenumber": null, "addr:postcode": null, "addr:street": null, "building": null, "building:levels": null, "landuse": "residential", "name": null, "operator": null, "residential": null, "description": null, "source": null, "phone": null, "ele": null, "name:en": null, "name:ur": null, "official_name": null, "official_name:ur": null, "type": null }, "geometry": { "type": "Polygon", "coordinates": [ [ [ 74.5968291, 31.4457221 ], [ 74.596763, 31.4444957 ], [ 74.5980517, 31.4443688 ], [ 74.5980517, 31.4452569 ], [ 74.5974893, 31.445271 ], [ 74.5975065, 31.4457784 ], [ 74.5968291, 31.4457221 ] ] ] } },
{ "type": "Feature", "properties": { "element": "way", "id": 1303589609, "addr:city": null, "addr:housenumber": null, "addr:postcode": null, "addr:street": null, "building": null, "building:levels": null, "landuse": "residential", "name": null, "operator": null, "residential": null, "description": null, "source": null, "phone": null, "ele": null, "name:en": null, "name:ur": null, "official_name": null, "official_name:ur": null, "type": null }, "geometry": { "type": "Polygon", "coordinates": [ [ [ 74.60141, 31.4468219 ], [ 74.601438, 31.4475264 ], [ 74.6010424, 31.4474982 ], [ 74.6010258, 31.4466665 ], [ 74.6005136, 31.4466665 ], [ 74.6005136, 31.446159 ], [ 74.6008276, 31.446159 ], [ 74.6007945, 31.4453697 ], [ 74.6012902, 31.4453697 ], [ 74.6012902, 31.4455952 ], [ 74.6019511, 31.4455811 ], [ 74.6019511, 31.4460886 ], [ 74.6013808, 31.4460874 ], [ 74.60141, 31.4468219 ] ] ] } },
{ "type": "Feature", "properties": { "element": "way", "id": 1303589610, "addr:city": null, "addr:housenumber": null, "addr:postcode": null, "addr:street": null, "building": null, "building:levels": null, "landuse": "residential", "name": null, "operator": null, "residential": null, "description": null, "source": null, "phone": null, "ele": null, "name:en": null, "name:ur": null, "official_name": null, "official_name:ur": null, "type": null }, "geometry": { "type": "Polygon", "coordinates": [ [ [ 74.6014598, 31.4480755 ], [ 74.6021163, 31.4480902 ], [ 74.6020998, 31.4490487 ], [ 74.601499, 31.449063 ], [ 74.6014598, 31.4480755 ] ] ] } },
{ "type": "Feature", "properties": { "element": "way", "id": 1303589611, "addr:city": null, "addr:housenumber": null, "addr:postcode": null, "addr:street": null, "building": null, "building:levels": null, "landuse": "residential", "name": null, "operator": null, "residential": null, "description": null, "source": null, "phone": null, "ele": null, "name:en": null, "name:ur": null, "official_name": null, "official_name:ur": null, "type": null }, "geometry": { "type": "Polygon", "coordinates": [ [ [ 74.6078961, 31.447575 ], [ 74.6070566, 31.4475968 ], [ 74.6070566, 31.4469766 ], [ 74.6072714, 31.4468075 ], [ 74.607553, 31.4466663 ], [ 74.6077526, 31.4470605 ], [ 74.6078961, 31.447575 ] ] ] } },
{ "type": "Feature", "properties": { "element": "way", "id": 1303589612, "addr:city": null, "addr:housenumber": null, "addr:postcode": null, "addr:street": null, "building": null, "building:levels": null, "landuse": "residential", "name": null, "operator": null, "residential": null, "description": null, "source": null, "phone": null, "ele": null, "name:en": null, "name:ur": null, "official_name": null, "official_name:ur": null, "type": null }, "geometry": { "type": "Polygon", "coordinates": [ [ [ 74.6083619, 31.4456657 ], [ 74.6083619, 31.4448904 ], [ 74.6092211, 31.4448904 ], [ 74.6091881, 31.4456798 ], [ 74.6083619, 31.4456657 ] ] ] } },
{ "type": "Feature", "properties": { "element": "way", "id": 1303589613, "addr:city": null, "addr:housenumber": null, "addr:postcode": null, "addr:street": null, "building": null, "building:levels": null, "landuse": "residential", "name": null, "operator": null, "residential": null, "description": null, "source": null, "phone": null, "ele": null, "name:en": null, "name:ur": null, "official_name": null, "official_name:ur": null, "type": null }, "geometry": { "type": "Polygon", "coordinates": [ [ [ 74.605173, 31.445271 ], [ 74.605173, 31.4445239 ], [ 74.605173, 31.444397 ], [ 74.6058174, 31.444397 ], [ 74.6057844, 31.4452851 ], [ 74.605173, 31.445271 ] ] ] } },
{ "type": "Feature", "properties": { "element": "way", "id": 1303589615, "addr:city": null, "addr:housenumber": null, "addr:postcode": null, "addr:street": null, "building": null, "building:levels": null, "landuse": "residential", "name": null, "operator": null, "residential": null, "description": null, "source": null, "phone": null, "ele": null, "name:en": null, "name:ur": null, "official_name": null, "official_name:ur": null, "type": null }, "geometry": { "type": "Polygon", "coordinates": [ [ [ 74.6008441, 31.4425927 ], [ 74.6008276, 31.4406473 ], [ 74.6015215, 31.4406332 ], [ 74.6015215, 31.4415636 ], [ 74.6012018, 31.4415788 ], [ 74.6012415, 31.4425785 ], [ 74.6008441, 31.4425927 ] ] ] } },
{ "type": "Feature", "properties": { "element": "way", "id": 1303589620, "addr:city": null, "addr:housenumber": null, "addr:postcode": null, "addr:street": null, "building": null, "building:levels": null, "landuse": "residential", "name": null, "operator": null, "residential": null, "description": null, "source": null, "phone": null, "ele": null, "name:en": null, "name:ur": null, "official_name": null, "official_name:ur": null, "type": null }, "geometry": { "type": "Polygon", "coordinates": [ [ [ 74.5749529, 31.4449186 ], [ 74.5747036, 31.444398 ], [ 74.5742259, 31.4444111 ], [ 74.574259, 31.4431565 ], [ 74.5748544, 31.4431147 ], [ 74.5748584, 31.4433331 ], [ 74.5752173, 31.4433398 ], [ 74.5754156, 31.4445662 ], [ 74.5752504, 31.4447071 ], [ 74.5752504, 31.4448622 ], [ 74.5749529, 31.4449186 ] ] ] } },
{ "type": "Feature", "properties": { "element": "way", "id": 1303589621, "addr:city": null, "addr:housenumber": null, "addr:postcode": null, "addr:street": null, "building": null, "building:levels": null, "landuse": "residential", "name": null, "operator": null, "residential": null, "description": null, "source": null, "phone": null, "ele": null, "name:en": null, "name:ur": null, "official_name": null, "official_name:ur": null, "type": null }, "geometry": { "type": "Polygon", "coordinates": [ [ [ 74.5901214, 31.4677498 ], [ 74.5901049, 31.4683159 ], [ 74.5918563, 31.4683299 ], [ 74.5918729, 31.4686964 ], [ 74.5924346, 31.4687105 ], [ 74.5924346, 31.4691332 ], [ 74.5932277, 31.4691614 ], [ 74.5932277, 31.4687105 ], [ 74.592601, 31.4686827 ], [ 74.5925625, 31.4676532 ], [ 74.5901214, 31.4677498 ] ] ] } },
{ "type": "Feature", "properties": { "element": "way", "id": 1303589622, "addr:city": null, "addr:housenumber": null, "addr:postcode": null, "addr:street": null, "building": null, "building:levels": null, "landuse": "residential", "name": null, "operator": null, "residential": null, "description": null, "source": null, "phone": null, "ele": null, "name:en": null, "name:ur": null, "official_name": null, "official_name:ur": null, "type": null }, "geometry": { "type": "Polygon", "coordinates": [ [ [ 74.5932608, 31.4722195 ], [ 74.5932608, 31.4717826 ], [ 74.5930625, 31.4717826 ], [ 74.5930625, 31.4712471 ], [ 74.592732, 31.4712189 ], [ 74.5926601, 31.4702599 ], [ 74.5954087, 31.4702606 ], [ 74.5953922, 31.4696828 ], [ 74.595954, 31.4696828 ], [ 74.595954, 31.4704579 ], [ 74.5961357, 31.4706129 ], [ 74.5962844, 31.470627 ], [ 74.5964331, 31.470627 ], [ 74.5964382, 31.4711569 ], [ 74.5974187, 31.471145 ], [ 74.5973958, 31.4713222 ], [ 74.5948494, 31.4725028 ], [ 74.594533, 31.4722617 ], [ 74.5941034, 31.4723322 ], [ 74.5939005, 31.4722892 ], [ 74.5938013, 31.4721487 ], [ 74.5932608, 31.4722195 ] ] ] } },
{ "type": "Feature", "properties": { "element": "way", "id": 1303590582, "addr:city": null, "addr:housenumber": null, "addr:postcode": null, "addr:street": null, "building": null, "building:levels": null, "landuse": "residential", "name": null, "operator": null, "residential": null, "description": null, "source": null, "phone": null, "ele": null, "name:en": null, "name:ur": null, "official_name": null, "official_name:ur": null, "type": null }, "geometry": { "type": "Polygon", "coordinates": [ [ [ 74.5553587, 31.489003 ], [ 74.5553617, 31.4882886 ], [ 74.5548038, 31.4882703 ], [ 74.554911, 31.4867516 ], [ 74.5560268, 31.4864405 ], [ 74.5565847, 31.4863673 ], [ 74.5568208, 31.4865503 ], [ 74.5570354, 31.4876665 ], [ 74.5575907, 31.4878323 ], [ 74.5575503, 31.4882886 ], [ 74.557958, 31.4886546 ], [ 74.5583228, 31.4888376 ], [ 74.5583228, 31.4890937 ], [ 74.5553587, 31.489003 ] ] ] } },
{ "type": "Feature", "properties": { "element": "way", "id": 1303590583, "addr:city": null, "addr:housenumber": null, "addr:postcode": null, "addr:street": null, "building": null, "building:levels": null, "landuse": "residential", "name": null, "operator": null, "residential": null, "description": null, "source": null, "phone": null, "ele": null, "name:en": null, "name:ur": null, "official_name": null, "official_name:ur": null, "type": null }, "geometry": { "type": "Polygon", "coordinates": [ [ [ 74.5383672, 31.5050847 ], [ 74.5378951, 31.5042431 ], [ 74.5378951, 31.5011146 ], [ 74.5394186, 31.5010231 ], [ 74.5393542, 31.5017367 ], [ 74.5403413, 31.5018464 ], [ 74.5402125, 31.5027063 ], [ 74.539955, 31.5028344 ], [ 74.5395903, 31.5028344 ], [ 74.5395903, 31.5034015 ], [ 74.540234, 31.5033466 ], [ 74.5408197, 31.5035429 ], [ 74.5403682, 31.5049511 ], [ 74.5400194, 31.5049566 ], [ 74.5397405, 31.5044626 ], [ 74.5390538, 31.5045907 ], [ 74.5390538, 31.5049017 ], [ 74.5383672, 31.5050847 ] ] ] } },
{ "type": "Feature", "properties": { "element": "way", "id": 1303590584, "addr:city": null, "addr:housenumber": null, "addr:postcode": null, "addr:street": null, "building": null, "building:levels": null, "landuse": "residential", "name": null, "operator": null, "residential": null, "description": null, "source": null, "phone": null, "ele": null, "name:en": null, "name:ur": null, "official_name": null, "official_name:ur": null, "type": null }, "geometry": { "type": "Polygon", "coordinates": [ [ [ 74.5404486, 31.5104631 ], [ 74.5404486, 31.5095667 ], [ 74.5411113, 31.5095839 ], [ 74.5410708, 31.5108107 ], [ 74.5404789, 31.5108293 ], [ 74.5404486, 31.5104631 ] ] ] } },
{ "type": "Feature", "properties": { "element": "way", "id": 1303590586, "addr:city": null, "addr:housenumber": null, "addr:postcode": null, "addr:street": null, "building": null, "building:levels": null, "landuse": "residential", "name": null, "operator": null, "residential": null, "description": null, "source": null, "phone": null, "ele": null, "name:en": null, "name:ur": null, "official_name": null, "official_name:ur": null, "type": null }, "geometry": { "type": "Polygon", "coordinates": [ [ [ 74.5211752, 31.5319584 ], [ 74.5208792, 31.5317728 ], [ 74.520729, 31.5313887 ], [ 74.5207719, 31.5303828 ], [ 74.5210938, 31.5303828 ], [ 74.5212277, 31.5306045 ], [ 74.5219266, 31.5306318 ], [ 74.5224025, 31.5306186 ], [ 74.5224724, 31.5299803 ], [ 74.5221452, 31.5299804 ], [ 74.5221237, 31.528883 ], [ 74.5228747, 31.528883 ], [ 74.5228747, 31.5294134 ], [ 74.5233897, 31.5294866 ], [ 74.5232824, 31.531663 ], [ 74.5231108, 31.531663 ], [ 74.5231108, 31.5319191 ], [ 74.5224027, 31.5321203 ], [ 74.5223383, 31.531974 ], [ 74.5221666, 31.531974 ], [ 74.5218661, 31.5319156 ], [ 74.5211752, 31.5319584 ] ] ] } },
{ "type": "Feature", "properties": { "element": "way", "id": 1303590587, "addr:city": null, "addr:housenumber": null, "addr:postcode": null, "addr:street": null, "building": null, "building:levels": null, "landuse": "residential", "name": null, "operator": null, "residential": null, "description": null, "source": null, "phone": null, "ele": null, "name:en": null, "name:ur": null, "official_name": null, "official_name:ur": null, "type": null }, "geometry": { "type": "Polygon", "coordinates": [ [ [ 74.5170597, 31.5486707 ], [ 74.5170581, 31.5485969 ], [ 74.5170383, 31.5476832 ], [ 74.5160083, 31.5476832 ], [ 74.5160083, 31.5460557 ], [ 74.5172957, 31.545946 ], [ 74.5175747, 31.5462569 ], [ 74.5181541, 31.5463118 ], [ 74.5184974, 31.546202 ], [ 74.5191411, 31.5461838 ], [ 74.5191196, 31.5453791 ], [ 74.520965, 31.5453243 ], [ 74.520965, 31.5462752 ], [ 74.5227031, 31.546202 ], [ 74.5227031, 31.5457632 ], [ 74.523497, 31.5457632 ], [ 74.5237116, 31.5462386 ], [ 74.5239691, 31.5464946 ], [ 74.5170597, 31.5486707 ] ] ] } },
{ "type": "Feature", "properties": { "element": "way", "id": 1303590588, "addr:city": null, "addr:housenumber": null, "addr:postcode": null, "addr:street": null, "building": null, "building:levels": null, "landuse": "residential", "name": null, "operator": null, "residential": null, "description": null, "source": null, "phone": null, "ele": null, "name:en": null, "name:ur": null, "official_name": null, "official_name:ur": null, "type": null }, "geometry": { "type": "Polygon", "coordinates": [ [ [ 74.5170581, 31.5485969 ], [ 74.5239691, 31.5464946 ], [ 74.5243768, 31.5468055 ], [ 74.5251063, 31.5467689 ], [ 74.5250849, 31.5460557 ], [ 74.5260559, 31.5459654 ], [ 74.5261148, 31.5451597 ], [ 74.5269732, 31.5451231 ], [ 74.5269732, 31.5454157 ], [ 74.5281673, 31.5453551 ], [ 74.5279602, 31.5456352 ], [ 74.5278958, 31.5470615 ], [ 74.5273594, 31.5470798 ], [ 74.5273594, 31.5476101 ], [ 74.5269732, 31.5476101 ], [ 74.5269732, 31.5484878 ], [ 74.5273594, 31.5484878 ], [ 74.5273379, 31.5491279 ], [ 74.5254497, 31.5490913 ], [ 74.5254497, 31.5503713 ], [ 74.5256076, 31.5506669 ], [ 74.5256213, 31.5511027 ], [ 74.5245484, 31.5513039 ], [ 74.5240978, 31.551377 ], [ 74.5238207, 31.5515199 ], [ 74.5216554, 31.5529711 ], [ 74.5209436, 31.5524193 ], [ 74.5209865, 31.5501153 ], [ 74.5203642, 31.5491644 ], [ 74.5183901, 31.5491827 ], [ 74.5183733, 31.5487133 ], [ 74.5170581, 31.5485969 ] ] ] } },
{ "type": "Feature", "properties": { "element": "way", "id": 1303590589, "addr:city": null, "addr:housenumber": null, "addr:postcode": null, "addr:street": null, "building": null, "building:levels": null, "landuse": "residential", "name": null, "operator": null, "residential": null, "description": null, "source": null, "phone": null, "ele": null, "name:en": null, "name:ur": null, "official_name": null, "official_name:ur": null, "type": null }, "geometry": { "type": "Polygon", "coordinates": [ [ [ 74.5248234, 31.5642072 ], [ 74.5248274, 31.5633168 ], [ 74.5247201, 31.5627683 ], [ 74.5247201, 31.5623112 ], [ 74.5231751, 31.5622929 ], [ 74.5231751, 31.561269 ], [ 74.5256642, 31.561269 ], [ 74.5259217, 31.562622 ], [ 74.5269946, 31.5625489 ], [ 74.52678, 31.561397 ], [ 74.5268659, 31.558691 ], [ 74.5276813, 31.5586727 ], [ 74.5275222, 31.5568257 ], [ 74.5282606, 31.5567163 ], [ 74.5282622, 31.5594421 ], [ 74.5285837, 31.5594322 ], [ 74.5285396, 31.5603548 ], [ 74.5280031, 31.5603548 ], [ 74.5279817, 31.5608668 ], [ 74.5288185, 31.5609033 ], [ 74.52884, 31.5614518 ], [ 74.5297841, 31.5614336 ], [ 74.5302133, 31.5615067 ], [ 74.5304278, 31.561525 ], [ 74.5308307, 31.5616535 ], [ 74.5308405, 31.5619892 ], [ 74.5315869, 31.5618218 ], [ 74.5325854, 31.5614937 ], [ 74.532638, 31.5618358 ], [ 74.5327794, 31.5631333 ], [ 74.5312432, 31.5630974 ], [ 74.5312432, 31.563591 ], [ 74.5301274, 31.563591 ], [ 74.5301489, 31.5647977 ], [ 74.5294193, 31.5647794 ], [ 74.5295266, 31.5639018 ], [ 74.5276604, 31.5640307 ], [ 74.5276967, 31.565164 ], [ 74.52678, 31.5651451 ], [ 74.5268015, 31.5639749 ], [ 74.526308, 31.5641212 ], [ 74.526308, 31.5643772 ], [ 74.5258144, 31.5643772 ], [ 74.5256861, 31.564395 ], [ 74.5257026, 31.5649797 ], [ 74.5253424, 31.5649805 ], [ 74.5252351, 31.5641211 ], [ 74.5248234, 31.5642072 ] ] ] } },
{ "type": "Feature", "properties": { "element": "way", "id": 1303595696, "addr:city": null, "addr:housenumber": null, "addr:postcode": null, "addr:street": null, "building": null, "building:levels": null, "landuse": "residential", "name": null, "operator": null, "residential": null, "description": null, "source": null, "phone": null, "ele": null, "name:en": null, "name:ur": null, "official_name": null, "official_name:ur": null, "type": null }, "geometry": { "type": "Polygon", "coordinates": [ [ [ 74.4996634, 31.6910053 ], [ 74.4996691, 31.6895693 ], [ 74.5005463, 31.6893916 ], [ 74.500964, 31.6893916 ], [ 74.5017577, 31.689747 ], [ 74.50176, 31.6901742 ], [ 74.5014653, 31.690991 ], [ 74.5011311, 31.6910977 ], [ 74.4996634, 31.6910053 ] ] ] } },
{ "type": "Feature", "properties": { "element": "way", "id": 1303595697, "addr:city": null, "addr:housenumber": null, "addr:postcode": null, "addr:street": null, "building": null, "building:levels": null, "landuse": "residential", "name": null, "operator": null, "residential": null, "description": null, "source": null, "phone": null, "ele": null, "name:en": null, "name:ur": null, "official_name": null, "official_name:ur": null, "type": null }, "geometry": { "type": "Polygon", "coordinates": [ [ [ 74.5009337, 31.6819536 ], [ 74.5009337, 31.6804917 ], [ 74.5001975, 31.680432 ], [ 74.5001966, 31.6791986 ], [ 74.5008987, 31.6788209 ], [ 74.5019855, 31.678254 ], [ 74.5022082, 31.6783065 ], [ 74.5025464, 31.6787016 ], [ 74.5032476, 31.6784629 ], [ 74.5037384, 31.6793878 ], [ 74.5042643, 31.6798651 ], [ 74.5044747, 31.6801337 ], [ 74.5044747, 31.6807602 ], [ 74.5044747, 31.6813569 ], [ 74.5043695, 31.6815359 ], [ 74.5042125, 31.6818984 ], [ 74.5039853, 31.6818806 ], [ 74.5009337, 31.6819536 ] ] ] } },
{ "type": "Feature", "properties": { "element": "way", "id": 1303595699, "addr:city": null, "addr:housenumber": null, "addr:postcode": null, "addr:street": null, "building": null, "building:levels": null, "landuse": "residential", "name": null, "operator": null, "residential": null, "description": null, "source": null, "phone": null, "ele": null, "name:en": null, "name:ur": null, "official_name": null, "official_name:ur": null, "type": null }, "geometry": { "type": "Polygon", "coordinates": [ [ [ 74.5222494, 31.6713022 ], [ 74.5215482, 31.6704369 ], [ 74.5212327, 31.6697804 ], [ 74.5203913, 31.6688555 ], [ 74.5210223, 31.6682587 ], [ 74.5208471, 31.6679006 ], [ 74.5207769, 31.6673039 ], [ 74.5211626, 31.6668861 ], [ 74.5236167, 31.6677514 ], [ 74.5236167, 31.6684079 ], [ 74.5236167, 31.6688555 ], [ 74.5233713, 31.6696611 ], [ 74.523278, 31.6702698 ], [ 74.523231, 31.6705562 ], [ 74.5231197, 31.6707218 ], [ 74.5222494, 31.6713022 ] ] ] } },
{ "type": "Feature", "properties": { "element": "way", "id": 1303595700, "addr:city": null, "addr:housenumber": null, "addr:postcode": null, "addr:street": null, "building": null, "building:levels": null, "landuse": "residential", "name": null, "operator": null, "residential": null, "description": null, "source": null, "phone": null, "ele": null, "name:en": null, "name:ur": null, "official_name": null, "official_name:ur": null, "type": null }, "geometry": { "type": "Polygon", "coordinates": [ [ [ 74.526176, 31.6575759 ], [ 74.5243017, 31.6562453 ], [ 74.5247736, 31.6553079 ], [ 74.5248437, 31.6545917 ], [ 74.5262811, 31.6547707 ], [ 74.5267369, 31.6547707 ], [ 74.5271576, 31.6551885 ], [ 74.5271576, 31.6559346 ], [ 74.5271576, 31.6565314 ], [ 74.5270875, 31.6570387 ], [ 74.526772, 31.6573073 ], [ 74.5265967, 31.6574565 ], [ 74.526176, 31.6575759 ] ] ] } },
{ "type": "Feature", "properties": { "element": "way", "id": 1303595703, "addr:city": null, "addr:housenumber": null, "addr:postcode": null, "addr:street": null, "building": null, "building:levels": null, "landuse": "residential", "name": null, "operator": null, "residential": null, "description": null, "source": null, "phone": null, "ele": null, "name:en": null, "name:ur": null, "official_name": null, "official_name:ur": null, "type": null }, "geometry": { "type": "Polygon", "coordinates": [ [ [ 74.5195393, 31.6396213 ], [ 74.5194446, 31.6386263 ], [ 74.5203605, 31.6379541 ], [ 74.5207396, 31.6379003 ], [ 74.5215608, 31.6381423 ], [ 74.5217603, 31.6379828 ], [ 74.5217844, 31.638486 ], [ 74.5225699, 31.6384687 ], [ 74.5225715, 31.638949 ], [ 74.5217877, 31.6390567 ], [ 74.5217901, 31.6394711 ], [ 74.5208551, 31.6394631 ], [ 74.5208343, 31.6398095 ], [ 74.5195393, 31.6396213 ] ] ] } },
{ "type": "Feature", "properties": { "element": "way", "id": 1303595704, "addr:city": null, "addr:housenumber": null, "addr:postcode": null, "addr:street": null, "building": null, "building:levels": null, "landuse": "residential", "name": null, "operator": null, "residential": null, "description": null, "source": null, "phone": null, "ele": null, "name:en": null, "name:ur": null, "official_name": null, "official_name:ur": null, "type": null }, "geometry": { "type": "Polygon", "coordinates": [ [ [ 74.5245613, 31.6364213 ], [ 74.5245613, 31.6356684 ], [ 74.5252783, 31.6353634 ], [ 74.5252587, 31.6352311 ], [ 74.5260457, 31.6351843 ], [ 74.5260142, 31.6340549 ], [ 74.5260142, 31.633544 ], [ 74.5262343, 31.6330062 ], [ 74.5265535, 31.6329922 ], [ 74.5266774, 31.6334633 ], [ 74.5267406, 31.6336784 ], [ 74.526671, 31.6341733 ], [ 74.5267043, 31.6349579 ], [ 74.5269866, 31.6351677 ], [ 74.5273772, 31.6353996 ], [ 74.527284, 31.63594 ], [ 74.5273309, 31.6362765 ], [ 74.5269648, 31.6364707 ], [ 74.5265548, 31.6367411 ], [ 74.5262984, 31.6367709 ], [ 74.5262668, 31.6364482 ], [ 74.5245613, 31.6364213 ] ] ] } },
{ "type": "Feature", "properties": { "element": "way", "id": 1303595705, "addr:city": null, "addr:housenumber": null, "addr:postcode": null, "addr:street": null, "building": null, "building:levels": null, "landuse": "residential", "name": null, "operator": null, "residential": null, "description": null, "source": null, "phone": null, "ele": null, "name:en": null, "name:ur": null, "official_name": null, "official_name:ur": null, "type": null }, "geometry": { "type": "Polygon", "coordinates": [ [ [ 74.5399113, 31.6374969 ], [ 74.5403535, 31.6365289 ], [ 74.5412379, 31.6368247 ], [ 74.5412379, 31.6371743 ], [ 74.5412379, 31.6374163 ], [ 74.5417116, 31.6374163 ], [ 74.5417116, 31.638223 ], [ 74.5414274, 31.6383574 ], [ 74.5409852, 31.6383574 ], [ 74.540922, 31.6377659 ], [ 74.5406378, 31.6377659 ], [ 74.5399113, 31.6374969 ] ] ] } },
{ "type": "Feature", "properties": { "element": "way", "id": 1303880526, "addr:city": null, "addr:housenumber": null, "addr:postcode": null, "addr:street": null, "building": null, "building:levels": null, "landuse": "residential", "name": null, "operator": null, "residential": null, "description": null, "source": null, "phone": null, "ele": null, "name:en": null, "name:ur": null, "official_name": null, "official_name:ur": null, "type": null }, "geometry": { "type": "Polygon", "coordinates": [ [ [ 74.0654764, 31.3661351 ], [ 74.0654568, 31.3666536 ], [ 74.0661619, 31.3666536 ], [ 74.0661619, 31.3670048 ], [ 74.0665145, 31.3670048 ], [ 74.0664753, 31.3691287 ], [ 74.0676505, 31.3691622 ], [ 74.0676505, 31.3688611 ], [ 74.0685711, 31.3688779 ], [ 74.0685711, 31.3680584 ], [ 74.068101, 31.3674731 ], [ 74.0679051, 31.3673727 ], [ 74.0679051, 31.3669713 ], [ 74.0679044, 31.3663262 ], [ 74.0669421, 31.365667 ], [ 74.0661815, 31.3656836 ], [ 74.0661815, 31.3655498 ], [ 74.0658485, 31.3655498 ], [ 74.0658485, 31.3660515 ], [ 74.0654764, 31.3661351 ] ] ] } },
{ "type": "Feature", "properties": { "element": "way", "id": 1303880527, "addr:city": null, "addr:housenumber": null, "addr:postcode": null, "addr:street": null, "building": null, "building:levels": null, "landuse": "residential", "name": null, "operator": null, "residential": null, "description": null, "source": null, "phone": null, "ele": null, "name:en": null, "name:ur": null, "official_name": null, "official_name:ur": null, "type": null }, "geometry": { "type": "Polygon", "coordinates": [ [ [ 74.0610202, 31.3577163 ], [ 74.0612945, 31.358402 ], [ 74.0613924, 31.3591881 ], [ 74.0613924, 31.3597233 ], [ 74.061647, 31.3602251 ], [ 74.0618429, 31.360593 ], [ 74.0627047, 31.3603087 ], [ 74.0632139, 31.3602084 ], [ 74.0637836, 31.3599846 ], [ 74.0639974, 31.360476 ], [ 74.0636057, 31.360961 ], [ 74.0640758, 31.360961 ], [ 74.0640758, 31.361814 ], [ 74.0644087, 31.3619478 ], [ 74.0646749, 31.3620765 ], [ 74.0650551, 31.3620816 ], [ 74.0650551, 31.3607937 ], [ 74.0654076, 31.3607937 ], [ 74.0654468, 31.3605596 ], [ 74.065721, 31.3605596 ], [ 74.0657211, 31.3603905 ], [ 74.0668766, 31.3603919 ], [ 74.0668766, 31.3597735 ], [ 74.0665241, 31.3597735 ], [ 74.0666024, 31.3591547 ], [ 74.064918, 31.3591379 ], [ 74.064918, 31.3588034 ], [ 74.064918, 31.3584355 ], [ 74.0648396, 31.3581511 ], [ 74.064918, 31.3576661 ], [ 74.0648788, 31.3573316 ], [ 74.0637428, 31.3573483 ], [ 74.0637036, 31.3571141 ], [ 74.0632139, 31.3570138 ], [ 74.0627243, 31.3569803 ], [ 74.062313, 31.3561608 ], [ 74.0624305, 31.3559768 ], [ 74.0627634, 31.3557593 ], [ 74.0623521, 31.3552576 ], [ 74.062548, 31.3546052 ], [ 74.0620975, 31.3545049 ], [ 74.0618429, 31.3542874 ], [ 74.061412, 31.3543042 ], [ 74.061412, 31.3541369 ], [ 74.0617645, 31.3536518 ], [ 74.061647, 31.3534177 ], [ 74.0618429, 31.3533173 ], [ 74.0617538, 31.3531109 ], [ 74.0633427, 31.352185 ], [ 74.0636253, 31.3524475 ], [ 74.0640934, 31.3521223 ], [ 74.0645458, 31.3522803 ], [ 74.0651964, 31.3522929 ], [ 74.0648592, 31.3517617 ], [ 74.0645654, 31.3518955 ], [ 74.0642324, 31.3516112 ], [ 74.0638211, 31.3517617 ], [ 74.063351, 31.3514941 ], [ 74.0609419, 31.3529493 ], [ 74.0612956, 31.3533779 ], [ 74.0609933, 31.353554 ], [ 74.0605306, 31.3538358 ], [ 74.0603151, 31.3544212 ], [ 74.0608831, 31.3544547 ], [ 74.0606285, 31.355107 ], [ 74.0607069, 31.3552074 ], [ 74.0610398, 31.3552074 ], [ 74.0612749, 31.3552074 ], [ 74.0613728, 31.3555084 ], [ 74.0613924, 31.3557092 ], [ 74.0613532, 31.3558597 ], [ 74.0603739, 31.3557426 ], [ 74.0602564, 31.3561608 ], [ 74.0612749, 31.357181 ], [ 74.0615491, 31.3569803 ], [ 74.0615491, 31.356696 ], [ 74.0617254, 31.3565789 ], [ 74.0619408, 31.3565789 ], [ 74.0621171, 31.3574152 ], [ 74.0617254, 31.3574821 ], [ 74.0614707, 31.3574821 ], [ 74.0610202, 31.3577163 ] ] ] } },
{ "type": "Feature", "properties": { "element": "way", "id": 1303880529, "addr:city": null, "addr:housenumber": null, "addr:postcode": null, "addr:street": null, "building": null, "building:levels": null, "landuse": "residential", "name": null, "operator": null, "residential": null, "description": null, "source": null, "phone": null, "ele": null, "name:en": null, "name:ur": null, "official_name": null, "official_name:ur": null, "type": null }, "geometry": { "type": "Polygon", "coordinates": [ [ [ 74.0886906, 31.3454774 ], [ 74.0886024, 31.3471962 ], [ 74.0889201, 31.3472112 ], [ 74.0892556, 31.3471208 ], [ 74.0893791, 31.3468494 ], [ 74.0896793, 31.3468796 ], [ 74.089997, 31.3468946 ], [ 74.0910386, 31.3467891 ], [ 74.0910386, 31.3465328 ], [ 74.0913028, 31.3464929 ], [ 74.0913034, 31.3457337 ], [ 74.0907208, 31.345583 ], [ 74.0903501, 31.3453568 ], [ 74.0901382, 31.3450402 ], [ 74.0896023, 31.3450323 ], [ 74.089289, 31.3440506 ], [ 74.0890437, 31.3439999 ], [ 74.0890437, 31.3443165 ], [ 74.0890967, 31.3447839 ], [ 74.0890614, 31.3449949 ], [ 74.0890614, 31.3453568 ], [ 74.0886906, 31.3454774 ] ] ] } },
{ "type": "Feature", "properties": { "element": "way", "id": 1303880530, "addr:city": null, "addr:housenumber": null, "addr:postcode": null, "addr:street": null, "building": null, "building:levels": null, "landuse": "residential", "name": null, "operator": null, "residential": null, "description": null, "source": null, "phone": null, "ele": null, "name:en": null, "name:ur": null, "official_name": null, "official_name:ur": null, "type": null }, "geometry": { "type": "Polygon", "coordinates": [ [ [ 74.079705, 31.3368228 ], [ 74.0799698, 31.3370792 ], [ 74.0802699, 31.3370792 ], [ 74.0811702, 31.3370038 ], [ 74.0816998, 31.3370038 ], [ 74.0821941, 31.3370038 ], [ 74.0823354, 31.3368681 ], [ 74.0826531, 31.3371093 ], [ 74.083324, 31.3368379 ], [ 74.0837123, 31.3367022 ], [ 74.0839948, 31.3369585 ], [ 74.0842243, 31.3369887 ], [ 74.0846303, 31.3367625 ], [ 74.0850717, 31.3367625 ], [ 74.0852129, 31.3369284 ], [ 74.0854777, 31.3370641 ], [ 74.0861309, 31.3368681 ], [ 74.0863373, 31.3364851 ], [ 74.0866075, 31.3358729 ], [ 74.0866056, 31.3354126 ], [ 74.08689, 31.3352547 ], [ 74.0866781, 31.3348476 ], [ 74.086431, 31.3348626 ], [ 74.0863604, 31.3345611 ], [ 74.08689, 31.3340936 ], [ 74.0868194, 31.3340182 ], [ 74.0859897, 31.3343047 ], [ 74.0859543, 31.3336865 ], [ 74.0861838, 31.3335206 ], [ 74.0862191, 31.333219 ], [ 74.0862015, 31.3328873 ], [ 74.0863427, 31.3324199 ], [ 74.0864486, 31.3323897 ], [ 74.0866781, 31.3323746 ], [ 74.088161, 31.3313342 ], [ 74.0877188, 31.3307603 ], [ 74.0883018, 31.3303906 ], [ 74.0871724, 31.3288159 ], [ 74.0877197, 31.3284389 ], [ 74.0888848, 31.3297056 ], [ 74.0899617, 31.3291175 ], [ 74.0889025, 31.3277754 ], [ 74.0907914, 31.3264634 ], [ 74.0900881, 31.325607 ], [ 74.087476, 31.3272863 ], [ 74.0871195, 31.3269008 ], [ 74.0845244, 31.3284992 ], [ 74.0829885, 31.32675 ], [ 74.0824942, 31.3270666 ], [ 74.0840831, 31.3288913 ], [ 74.0826355, 31.3297961 ], [ 74.0837123, 31.3308818 ], [ 74.0832887, 31.3311532 ], [ 74.0835888, 31.3315754 ], [ 74.0829356, 31.3320429 ], [ 74.0837653, 31.3330683 ], [ 74.0823177, 31.3341841 ], [ 74.0825649, 31.3345611 ], [ 74.0824766, 31.334742 ], [ 74.082406, 31.3349833 ], [ 74.0824942, 31.3352245 ], [ 74.0826002, 31.3354205 ], [ 74.082759, 31.3357824 ], [ 74.0829532, 31.3359332 ], [ 74.082812, 31.3362197 ], [ 74.0823707, 31.3362046 ], [ 74.0814174, 31.3360689 ], [ 74.0811879, 31.3360086 ], [ 74.0809054, 31.3359634 ], [ 74.079705, 31.3368228 ] ] ] } },
{ "type": "Feature", "properties": { "element": "way", "id": 1303880531, "addr:city": null, "addr:housenumber": null, "addr:postcode": null, "addr:street": null, "building": null, "building:levels": null, "landuse": "residential", "name": null, "operator": null, "residential": null, "description": null, "source": null, "phone": null, "ele": null, "name:en": null, "name:ur": null, "official_name": null, "official_name:ur": null, "type": null }, "geometry": { "type": "Polygon", "coordinates": [ [ [ 74.0981189, 31.3930038 ], [ 74.0979692, 31.3920839 ], [ 74.0969215, 31.3915218 ], [ 74.0966222, 31.3911385 ], [ 74.0970113, 31.389963 ], [ 74.0975502, 31.3891708 ], [ 74.09761, 31.3878164 ], [ 74.0966222, 31.3868454 ], [ 74.0962642, 31.3865281 ], [ 74.0962629, 31.3861298 ], [ 74.0968018, 31.3858232 ], [ 74.0973406, 31.385951 ], [ 74.0981189, 31.3862321 ], [ 74.0984482, 31.3869476 ], [ 74.0987476, 31.388762 ], [ 74.0992864, 31.3898608 ], [ 74.099466, 31.390423 ], [ 74.1000348, 31.391164 ], [ 74.1000348, 31.391394 ], [ 74.0992265, 31.3920584 ], [ 74.0989571, 31.3925439 ], [ 74.0987476, 31.3927228 ], [ 74.0981189, 31.3930038 ] ] ] } },
{ "type": "Feature", "properties": { "element": "way", "id": 1303880532, "addr:city": null, "addr:housenumber": null, "addr:postcode": null, "addr:street": null, "building": null, "building:levels": null, "landuse": "residential", "name": null, "operator": null, "residential": null, "description": null, "source": null, "phone": null, "ele": null, "name:en": null, "name:ur": null, "official_name": null, "official_name:ur": null, "type": null }, "geometry": { "type": "Polygon", "coordinates": [ [ [ 74.1068899, 31.3924417 ], [ 74.1061415, 31.391854 ], [ 74.1057524, 31.3915984 ], [ 74.1059619, 31.3910873 ], [ 74.1085962, 31.3911129 ], [ 74.1085962, 31.3905763 ], [ 74.1098235, 31.3906529 ], [ 74.1106018, 31.3903974 ], [ 74.1111706, 31.3906018 ], [ 74.1117696, 31.3912093 ], [ 74.11144, 31.391624 ], [ 74.1106916, 31.3917773 ], [ 74.1100889, 31.3917333 ], [ 74.1100929, 31.3919562 ], [ 74.1091649, 31.3921606 ], [ 74.1091649, 31.3924161 ], [ 74.1068899, 31.3924417 ] ] ] } },
{ "type": "Feature", "properties": { "element": "way", "id": 1303880533, "addr:city": null, "addr:housenumber": null, "addr:postcode": null, "addr:street": null, "building": null, "building:levels": null, "landuse": "residential", "name": null, "operator": null, "residential": null, "description": null, "source": null, "phone": null, "ele": null, "name:en": null, "name:ur": null, "official_name": null, "official_name:ur": null, "type": null }, "geometry": { "type": "Polygon", "coordinates": [ [ [ 74.0975172, 31.3290386 ], [ 74.0964126, 31.3277956 ], [ 74.097161, 31.3272841 ], [ 74.0983492, 31.328476 ], [ 74.1003211, 31.3271427 ], [ 74.1005736, 31.327233 ], [ 74.1025687, 31.3255009 ], [ 74.1041905, 31.3267232 ], [ 74.103627, 31.3270796 ], [ 74.1044352, 31.3277956 ], [ 74.1050745, 31.3273758 ], [ 74.1086856, 31.3300085 ], [ 74.1090209, 31.3302967 ], [ 74.1102426, 31.3311453 ], [ 74.1087459, 31.3320658 ], [ 74.1082889, 31.3315896 ], [ 74.1077313, 31.331872 ], [ 74.1103324, 31.3346483 ], [ 74.1107814, 31.3346227 ], [ 74.1112305, 31.334546 ], [ 74.1121585, 31.3353898 ], [ 74.1110209, 31.3359523 ], [ 74.1105719, 31.3362335 ], [ 74.1102127, 31.3361824 ], [ 74.1100031, 31.3360034 ], [ 74.109584, 31.3362847 ], [ 74.1080274, 31.3350062 ], [ 74.1075185, 31.3351341 ], [ 74.1069498, 31.3348017 ], [ 74.1071892, 31.3343926 ], [ 74.1063511, 31.3336255 ], [ 74.1053033, 31.3341369 ], [ 74.103148, 31.332347 ], [ 74.1033538, 31.3318015 ], [ 74.1021601, 31.331401 ], [ 74.1018159, 31.3310872 ], [ 74.1009627, 31.3315032 ], [ 74.1004239, 31.3318357 ], [ 74.0999749, 31.3313754 ], [ 74.0988673, 31.3321681 ], [ 74.098089, 31.3314265 ], [ 74.0981189, 31.3310941 ], [ 74.0985679, 31.330506 ], [ 74.0983584, 31.3300713 ], [ 74.0988127, 31.3297799 ], [ 74.0982985, 31.3296111 ], [ 74.0980893, 31.3295846 ], [ 74.0975172, 31.3290386 ] ] ] } },
{ "type": "Feature", "properties": { "element": "way", "id": 1303880534, "addr:city": null, "addr:housenumber": null, "addr:postcode": null, "addr:street": null, "building": null, "building:levels": null, "landuse": "residential", "name": null, "operator": null, "residential": null, "description": null, "source": null, "phone": null, "ele": null, "name:en": null, "name:ur": null, "official_name": null, "official_name:ur": null, "type": null }, "geometry": { "type": "Polygon", "coordinates": [ [ [ 74.1460749, 31.3241133 ], [ 74.1456585, 31.3237408 ], [ 74.1457156, 31.3230904 ], [ 74.1457156, 31.3224511 ], [ 74.1460749, 31.3219397 ], [ 74.1460449, 31.3211214 ], [ 74.1465837, 31.3206611 ], [ 74.1467933, 31.3200217 ], [ 74.1467334, 31.319408 ], [ 74.1469729, 31.3188198 ], [ 74.1462545, 31.3177202 ], [ 74.1468197, 31.3176046 ], [ 74.1474219, 31.3175667 ], [ 74.1480483, 31.3175128 ], [ 74.1484605, 31.3174237 ], [ 74.1491023, 31.3177993 ], [ 74.1496561, 31.3179739 ], [ 74.1490983, 31.3182572 ], [ 74.1503855, 31.3193313 ], [ 74.1514585, 31.3185789 ], [ 74.1531076, 31.3191896 ], [ 74.1527195, 31.3200529 ], [ 74.1535885, 31.3208401 ], [ 74.1526007, 31.3216584 ], [ 74.1521716, 31.3212715 ], [ 74.1517771, 31.322149 ], [ 74.152451, 31.3225534 ], [ 74.1528102, 31.3226557 ], [ 74.1528102, 31.3230137 ], [ 74.1519122, 31.3242156 ], [ 74.1514632, 31.3243435 ], [ 74.1513434, 31.324369 ], [ 74.1514632, 31.3248037 ], [ 74.1515829, 31.3253152 ], [ 74.1518224, 31.325622 ], [ 74.1504454, 31.326338 ], [ 74.1498467, 31.32598 ], [ 74.1497269, 31.3253663 ], [ 74.1494874, 31.3250339 ], [ 74.1488289, 31.3250083 ], [ 74.1483499, 31.3250083 ], [ 74.1478111, 31.3247015 ], [ 74.1475117, 31.3245225 ], [ 74.1475117, 31.3241645 ], [ 74.1472124, 31.324011 ], [ 74.1464341, 31.3243435 ], [ 74.1460749, 31.3241133 ] ] ] } },
{ "type": "Feature", "properties": { "element": "way", "id": 1303880535, "addr:city": null, "addr:housenumber": null, "addr:postcode": null, "addr:street": null, "building": null, "building:levels": null, "landuse": "residential", "name": null, "operator": null, "residential": null, "description": null, "source": null, "phone": null, "ele": null, "name:en": null, "name:ur": null, "official_name": null, "official_name:ur": null, "type": null }, "geometry": { "type": "Polygon", "coordinates": [ [ [ 74.1386537, 31.3394918 ], [ 74.1386537, 31.3392361 ], [ 74.1386537, 31.3388526 ], [ 74.1390429, 31.3383668 ], [ 74.1396416, 31.3385713 ], [ 74.1401804, 31.3382645 ], [ 74.1409886, 31.3390571 ], [ 74.139881, 31.3403611 ], [ 74.1396715, 31.3403611 ], [ 74.1386537, 31.3394918 ] ] ] } },
{ "type": "Feature", "properties": { "element": "way", "id": 1303880536, "addr:city": null, "addr:housenumber": null, "addr:postcode": null, "addr:street": null, "building": null, "building:levels": null, "landuse": "residential", "name": null, "operator": null, "residential": null, "description": null, "source": null, "phone": null, "ele": null, "name:en": null, "name:ur": null, "official_name": null, "official_name:ur": null, "type": null }, "geometry": { "type": "Polygon", "coordinates": [ [ [ 74.1444012, 31.3507664 ], [ 74.1444312, 31.3499739 ], [ 74.14497, 31.3484144 ], [ 74.1457184, 31.3488235 ], [ 74.1459578, 31.3490535 ], [ 74.1460776, 31.3494114 ], [ 74.1461075, 31.3496671 ], [ 74.1459878, 31.3499227 ], [ 74.1458082, 31.3503062 ], [ 74.145449, 31.3503829 ], [ 74.1444012, 31.3507664 ] ] ] } },
{ "type": "Feature", "properties": { "element": "way", "id": 1303880537, "addr:city": null, "addr:housenumber": null, "addr:postcode": null, "addr:street": null, "building": null, "building:levels": null, "landuse": "residential", "name": null, "operator": null, "residential": null, "description": null, "source": null, "phone": null, "ele": null, "name:en": null, "name:ur": null, "official_name": null, "official_name:ur": null, "type": null }, "geometry": { "type": "Polygon", "coordinates": [ [ [ 74.147275, 31.3395173 ], [ 74.1461375, 31.3377276 ], [ 74.1469457, 31.3373185 ], [ 74.1461075, 31.3359634 ], [ 74.1469158, 31.3356566 ], [ 74.1459578, 31.3343781 ], [ 74.1462376, 31.334147 ], [ 74.1471136, 31.3351401 ], [ 74.148173, 31.334327 ], [ 74.149101, 31.3349662 ], [ 74.150029, 31.3356566 ], [ 74.1504481, 31.3362702 ], [ 74.1504481, 31.3370117 ], [ 74.1505978, 31.3371651 ], [ 74.1507049, 31.3373202 ], [ 74.1526633, 31.3359634 ], [ 74.1535834, 31.3369679 ], [ 74.1545193, 31.3369094 ], [ 74.1544893, 31.3362446 ], [ 74.1550581, 31.3362446 ], [ 74.1552976, 31.337114 ], [ 74.1558065, 31.3374208 ], [ 74.1552821, 31.3379363 ], [ 74.1561358, 31.3387503 ], [ 74.1549384, 31.3394406 ], [ 74.1538607, 31.3384691 ], [ 74.1532021, 31.3377532 ], [ 74.152962, 31.3374392 ], [ 74.1523458, 31.3370697 ], [ 74.1504257, 31.3385726 ], [ 74.1498494, 31.3383157 ], [ 74.1496997, 31.3382134 ], [ 74.1482329, 31.3388014 ], [ 74.1483227, 31.3391338 ], [ 74.147275, 31.3395173 ] ] ] } },
{ "type": "Feature", "properties": { "element": "way", "id": 1303880538, "addr:city": null, "addr:housenumber": null, "addr:postcode": null, "addr:street": null, "building": null, "building:levels": null, "landuse": "residential", "name": null, "operator": null, "residential": null, "description": null, "source": null, "phone": null, "ele": null, "name:en": null, "name:ur": null, "official_name": null, "official_name:ur": null, "type": null }, "geometry": { "type": "Polygon", "coordinates": [ [ [ 74.1723379, 31.335417 ], [ 74.1724263, 31.3366008 ], [ 74.1731046, 31.3367267 ], [ 74.1739302, 31.3367519 ], [ 74.1742546, 31.3367267 ], [ 74.1744021, 31.3357948 ], [ 74.174579, 31.335291 ], [ 74.1751787, 31.335052 ], [ 74.1750258, 31.3342473 ], [ 74.1742803, 31.3347231 ], [ 74.1739302, 31.3345354 ], [ 74.1732301, 31.3347404 ], [ 74.1728961, 31.334753 ], [ 74.1725148, 31.3347117 ], [ 74.1720924, 31.3341003 ], [ 74.1711878, 31.3347369 ], [ 74.1716301, 31.3353162 ], [ 74.1723379, 31.3347117 ], [ 74.1726033, 31.3348628 ], [ 74.1728143, 31.3350276 ], [ 74.1723379, 31.335417 ] ] ] } },
{ "type": "Feature", "properties": { "element": "way", "id": 1303880539, "addr:city": null, "addr:housenumber": null, "addr:postcode": null, "addr:street": null, "building": null, "building:levels": null, "landuse": "residential", "name": null, "operator": null, "residential": null, "description": null, "source": null, "phone": null, "ele": null, "name:en": null, "name:ur": null, "official_name": null, "official_name:ur": null, "type": null }, "geometry": { "type": "Polygon", "coordinates": [ [ [ 74.1860206, 31.3532731 ], [ 74.1860206, 31.3527946 ], [ 74.1855783, 31.3525428 ], [ 74.1855783, 31.3514599 ], [ 74.1855783, 31.3503519 ], [ 74.1858437, 31.3501252 ], [ 74.1861091, 31.349269 ], [ 74.186345, 31.3488661 ], [ 74.1872996, 31.3486801 ], [ 74.1878194, 31.3482868 ], [ 74.1879742, 31.3476176 ], [ 74.1880848, 31.3470276 ], [ 74.1903259, 31.3468765 ], [ 74.19009, 31.3472543 ], [ 74.1898541, 31.3475313 ], [ 74.1893823, 31.347758 ], [ 74.1893823, 31.3481105 ], [ 74.1895592, 31.3484379 ], [ 74.1897657, 31.3490423 ], [ 74.19009, 31.3492942 ], [ 74.1904144, 31.3492942 ], [ 74.1904144, 31.3506037 ], [ 74.1899131, 31.3507296 ], [ 74.18894, 31.3508304 ], [ 74.1885271, 31.351057 ], [ 74.1884976, 31.3514096 ], [ 74.1879963, 31.351611 ], [ 74.1878784, 31.3521651 ], [ 74.1876858, 31.3526062 ], [ 74.1872889, 31.3527001 ], [ 74.1872591, 31.3532479 ], [ 74.1860206, 31.3532731 ] ] ] } },
{ "type": "Feature", "properties": { "element": "way", "id": 1303880540, "addr:city": null, "addr:housenumber": null, "addr:postcode": null, "addr:street": null, "building": null, "building:levels": null, "landuse": "residential", "name": null, "operator": null, "residential": null, "description": null, "source": null, "phone": null, "ele": null, "name:en": null, "name:ur": null, "official_name": null, "official_name:ur": null, "type": null }, "geometry": { "type": "Polygon", "coordinates": [ [ [ 74.2046869, 31.3577051 ], [ 74.2045985, 31.3555143 ], [ 74.2061024, 31.3552877 ], [ 74.2064555, 31.3555757 ], [ 74.2066037, 31.3558417 ], [ 74.2065742, 31.356295 ], [ 74.2063678, 31.3572519 ], [ 74.2062203, 31.3575037 ], [ 74.2058075, 31.3575289 ], [ 74.2055126, 31.35768 ], [ 74.2053946, 31.357831 ], [ 74.2046869, 31.3577051 ] ] ] } },
{ "type": "Feature", "properties": { "element": "way", "id": 1303880541, "addr:city": null, "addr:housenumber": null, "addr:postcode": null, "addr:street": null, "building": null, "building:levels": null, "landuse": "residential", "name": null, "operator": null, "residential": null, "description": null, "source": null, "phone": null, "ele": null, "name:en": null, "name:ur": null, "official_name": null, "official_name:ur": null, "type": null }, "geometry": { "type": "Polygon", "coordinates": [ [ [ 74.2065603, 31.3667284 ], [ 74.2065603, 31.3652836 ], [ 74.2068987, 31.3649421 ], [ 74.2068744, 31.3638659 ], [ 74.2065911, 31.3635497 ], [ 74.2065911, 31.3630769 ], [ 74.2063757, 31.3628142 ], [ 74.2063807, 31.3617221 ], [ 74.206692, 31.3609755 ], [ 74.2066598, 31.3600273 ], [ 74.2077779, 31.3596698 ], [ 74.2081328, 31.3597251 ], [ 74.2085786, 31.3601087 ], [ 74.2086744, 31.360414 ], [ 74.2097907, 31.3604014 ], [ 74.2102057, 31.3605175 ], [ 74.2103137, 31.3613693 ], [ 74.2100983, 31.3618684 ], [ 74.2099753, 31.3626828 ], [ 74.2096984, 31.3630243 ], [ 74.2092677, 31.3642328 ], [ 74.2090831, 31.3649158 ], [ 74.2090831, 31.3654674 ], [ 74.2092369, 31.3659666 ], [ 74.2103572, 31.3658875 ], [ 74.2102653, 31.3668042 ], [ 74.2091754, 31.3670173 ], [ 74.208437, 31.3669123 ], [ 74.2079448, 31.3669123 ], [ 74.2065603, 31.3667284 ] ] ] } },
{ "type": "Feature", "properties": { "element": "way", "id": 1303880542, "addr:city": null, "addr:housenumber": null, "addr:postcode": null, "addr:street": null, "building": null, "building:levels": null, "landuse": "residential", "name": null, "operator": null, "residential": null, "description": null, "source": null, "phone": null, "ele": null, "name:en": null, "name:ur": null, "official_name": null, "official_name:ur": null, "type": null }, "geometry": { "type": "Polygon", "coordinates": [ [ [ 74.2412818, 31.363151 ], [ 74.2412549, 31.3597341 ], [ 74.2416637, 31.3590049 ], [ 74.2416945, 31.3586634 ], [ 74.2419714, 31.3585583 ], [ 74.2424329, 31.3587159 ], [ 74.2428455, 31.3589577 ], [ 74.243563, 31.3590075 ], [ 74.2452018, 31.3590837 ], [ 74.2452325, 31.3600558 ], [ 74.2455465, 31.3601693 ], [ 74.2455402, 31.3614218 ], [ 74.2444942, 31.3617634 ], [ 74.2439404, 31.3620523 ], [ 74.2436327, 31.362315 ], [ 74.2436327, 31.362604 ], [ 74.2436916, 31.3632729 ], [ 74.2412818, 31.363151 ] ] ] } },
{ "type": "Feature", "properties": { "element": "way", "id": 1303880543, "addr:city": null, "addr:housenumber": null, "addr:postcode": null, "addr:street": null, "building": null, "building:levels": null, "landuse": "residential", "name": null, "operator": null, "residential": null, "description": null, "source": null, "phone": null, "ele": null, "name:en": null, "name:ur": null, "official_name": null, "official_name:ur": null, "type": null }, "geometry": { "type": "Polygon", "coordinates": [ [ [ 74.2457556, 31.3658615 ], [ 74.2444326, 31.3648895 ], [ 74.2441693, 31.3645479 ], [ 74.2442911, 31.363573 ], [ 74.2450787, 31.3635235 ], [ 74.2456633, 31.3634447 ], [ 74.2459666, 31.3638478 ], [ 74.2467708, 31.3643904 ], [ 74.2467708, 31.3650734 ], [ 74.2471388, 31.3651291 ], [ 74.2469243, 31.3657731 ], [ 74.2457556, 31.3658615 ] ] ] } },
{ "type": "Feature", "properties": { "element": "way", "id": 1303880544, "addr:city": null, "addr:housenumber": null, "addr:postcode": null, "addr:street": null, "building": null, "building:levels": null, "landuse": "residential", "name": null, "operator": null, "residential": null, "description": null, "source": null, "phone": null, "ele": null, "name:en": null, "name:ur": null, "official_name": null, "official_name:ur": null, "type": null }, "geometry": { "type": "Polygon", "coordinates": [ [ [ 74.2675375, 31.3492052 ], [ 74.2665223, 31.3483381 ], [ 74.2673529, 31.3478389 ], [ 74.2676914, 31.3476287 ], [ 74.267999, 31.3479965 ], [ 74.2683067, 31.3483907 ], [ 74.2683067, 31.3485746 ], [ 74.2683374, 31.3489424 ], [ 74.2675375, 31.3492052 ] ] ] } },
{ "type": "Feature", "properties": { "element": "way", "id": 1303880545, "addr:city": null, "addr:housenumber": null, "addr:postcode": null, "addr:street": null, "building": null, "building:levels": null, "landuse": "residential", "name": null, "operator": null, "residential": null, "description": null, "source": null, "phone": null, "ele": null, "name:en": null, "name:ur": null, "official_name": null, "official_name:ur": null, "type": null }, "geometry": { "type": "Polygon", "coordinates": [ [ [ 74.2691681, 31.3452377 ], [ 74.2682451, 31.3456055 ], [ 74.267999, 31.3453953 ], [ 74.267999, 31.3449749 ], [ 74.2682348, 31.3445957 ], [ 74.2687374, 31.3447122 ], [ 74.2691725, 31.3447688 ], [ 74.2692604, 31.3443706 ], [ 74.2698142, 31.3443706 ], [ 74.2698142, 31.3451589 ], [ 74.2691681, 31.3452377 ] ] ] } },
{ "type": "Feature", "properties": { "element": "way", "id": 1303880546, "addr:city": null, "addr:housenumber": null, "addr:postcode": null, "addr:street": null, "building": null, "building:levels": null, "landuse": "residential", "name": null, "operator": null, "residential": null, "description": null, "source": null, "phone": null, "ele": null, "name:en": null, "name:ur": null, "official_name": null, "official_name:ur": null, "type": null }, "geometry": { "type": "Polygon", "coordinates": [ [ [ 74.2449557, 31.3347533 ], [ 74.2458786, 31.3360146 ], [ 74.2495705, 31.3360935 ], [ 74.2495705, 31.3363825 ], [ 74.250032, 31.3367241 ], [ 74.2504627, 31.3368818 ], [ 74.2509242, 31.3371183 ], [ 74.250678, 31.338038 ], [ 74.2505857, 31.3383533 ], [ 74.2502781, 31.3384584 ], [ 74.2500627, 31.3380643 ], [ 74.2494167, 31.3380643 ], [ 74.249509, 31.3411124 ], [ 74.2491705, 31.341927 ], [ 74.250893, 31.3418379 ], [ 74.2508934, 31.3415854 ], [ 74.2515702, 31.3415854 ], [ 74.2515809, 31.3419259 ], [ 74.2535085, 31.341927 ], [ 74.2539084, 31.341927 ], [ 74.2539084, 31.3404818 ], [ 74.2527258, 31.3404554 ], [ 74.2527243, 31.340035 ], [ 74.2533854, 31.3400351 ], [ 74.2534162, 31.3381168 ], [ 74.2538161, 31.3378015 ], [ 74.2542161, 31.3376701 ], [ 74.2543084, 31.3373285 ], [ 74.2543084, 31.3368818 ], [ 74.2562466, 31.3369081 ], [ 74.2564927, 31.336146 ], [ 74.2564927, 31.3355416 ], [ 74.2566773, 31.3349898 ], [ 74.2565235, 31.3347007 ], [ 74.2563081, 31.3344905 ], [ 74.2556621, 31.3345168 ], [ 74.2555698, 31.3352 ], [ 74.2549237, 31.3355679 ], [ 74.2542468, 31.3354102 ], [ 74.2541238, 31.3354102 ], [ 74.25397, 31.3341489 ], [ 74.2535392, 31.3340438 ], [ 74.2529855, 31.3335182 ], [ 74.2525547, 31.3332817 ], [ 74.2526778, 31.3314947 ], [ 74.252647, 31.331048 ], [ 74.2541238, 31.331048 ], [ 74.254086, 31.3300334 ], [ 74.2518889, 31.3309164 ], [ 74.2519394, 31.3302071 ], [ 74.2499089, 31.3301019 ], [ 74.250032, 31.3318364 ], [ 74.2499089, 31.3322831 ], [ 74.2498474, 31.3325459 ], [ 74.250155, 31.3334394 ], [ 74.2501858, 31.3336496 ], [ 74.2501858, 31.3343328 ], [ 74.2494474, 31.334254 ], [ 74.2493069, 31.3345595 ], [ 74.2467085, 31.3346301 ], [ 74.2467708, 31.3336233 ], [ 74.2467039, 31.3334966 ], [ 74.2449557, 31.3347533 ] ] ] } },
{ "type": "Feature", "properties": { "element": "way", "id": 1303880547, "addr:city": null, "addr:housenumber": null, "addr:postcode": null, "addr:street": null, "building": null, "building:levels": null, "landuse": "residential", "name": null, "operator": null, "residential": null, "description": null, "source": null, "phone": null, "ele": null, "name:en": null, "name:ur": null, "official_name": null, "official_name:ur": null, "type": null }, "geometry": { "type": "Polygon", "coordinates": [ [ [ 74.2783883, 31.3294586 ], [ 74.2783978, 31.3309692 ], [ 74.2817512, 31.3308378 ], [ 74.2817512, 31.3312057 ], [ 74.283128, 31.3310904 ], [ 74.282263, 31.3302046 ], [ 74.2826742, 31.3298917 ], [ 74.283351, 31.329918 ], [ 74.2842124, 31.3298917 ], [ 74.2843047, 31.3294975 ], [ 74.2843047, 31.3293136 ], [ 74.2854738, 31.3292084 ], [ 74.2857507, 31.3293924 ], [ 74.2866429, 31.3293924 ], [ 74.2869506, 31.3293924 ], [ 74.2873505, 31.3296026 ], [ 74.2876274, 31.3297603 ], [ 74.2874428, 31.3300757 ], [ 74.2869813, 31.3300494 ], [ 74.2866737, 31.3300494 ], [ 74.2861814, 31.330575 ], [ 74.2862061, 31.331572 ], [ 74.2870429, 31.3311268 ], [ 74.2877505, 31.3309166 ], [ 74.288335, 31.3308903 ], [ 74.2887755, 31.331231 ], [ 74.2893147, 31.3324471 ], [ 74.2894677, 31.3327015 ], [ 74.2896903, 31.3342273 ], [ 74.2897059, 31.3344898 ], [ 74.2929806, 31.3344642 ], [ 74.2929191, 31.3314422 ], [ 74.297673, 31.3300494 ], [ 74.2975327, 31.3278419 ], [ 74.297516, 31.3274104 ], [ 74.2973801, 31.3269221 ], [ 74.2977185, 31.326633 ], [ 74.2977185, 31.3260023 ], [ 74.2973801, 31.325792 ], [ 74.2973801, 31.3253978 ], [ 74.2969494, 31.3248722 ], [ 74.2965149, 31.3246742 ], [ 74.2964946, 31.3237332 ], [ 74.2973264, 31.3235409 ], [ 74.2969186, 31.3230588 ], [ 74.2968878, 31.3227697 ], [ 74.2964264, 31.3223755 ], [ 74.2964264, 31.321403 ], [ 74.2958726, 31.3213768 ], [ 74.2956101, 31.3220393 ], [ 74.2951034, 31.3222703 ], [ 74.2939442, 31.3223339 ], [ 74.2941889, 31.3245335 ], [ 74.293196, 31.3247933 ], [ 74.2929498, 31.3258709 ], [ 74.2926422, 31.3263439 ], [ 74.2923038, 31.3262125 ], [ 74.2919346, 31.3262125 ], [ 74.2915039, 31.3266855 ], [ 74.2907655, 31.3269221 ], [ 74.2905501, 31.3269221 ], [ 74.2905501, 31.3260548 ], [ 74.2889503, 31.3259497 ], [ 74.2887965, 31.3269484 ], [ 74.2876582, 31.3265016 ], [ 74.2871659, 31.3263702 ], [ 74.286889, 31.3263702 ], [ 74.2863968, 31.3245305 ], [ 74.2856584, 31.3245305 ], [ 74.2859353, 31.3274477 ], [ 74.2850431, 31.3274477 ], [ 74.2850431, 31.3252138 ], [ 74.2839663, 31.3251876 ], [ 74.2834125, 31.3253715 ], [ 74.2832895, 31.3260023 ], [ 74.2831357, 31.327763 ], [ 74.2817858, 31.327755 ], [ 74.2816897, 31.328788 ], [ 74.2808898, 31.328788 ], [ 74.2808898, 31.3283675 ], [ 74.280336, 31.3283675 ], [ 74.2802437, 31.327763 ], [ 74.2799668, 31.3275528 ], [ 74.2797251, 31.326532 ], [ 74.2791977, 31.3265541 ], [ 74.2782747, 31.3269484 ], [ 74.2782896, 31.3275512 ], [ 74.278367, 31.328131 ], [ 74.2781209, 31.3283149 ], [ 74.2781209, 31.3285777 ], [ 74.2783883, 31.3294586 ] ] ] } },
{ "type": "Feature", "properties": { "element": "way", "id": 1303880549, "addr:city": null, "addr:housenumber": null, "addr:postcode": null, "addr:street": null, "building": null, "building:levels": null, "landuse": "residential", "name": null, "operator": null, "residential": null, "description": null, "source": null, "phone": null, "ele": null, "name:en": null, "name:ur": null, "official_name": null, "official_name:ur": null, "type": null }, "geometry": { "type": "Polygon", "coordinates": [ [ [ 74.3160862, 31.3306532 ], [ 74.3160862, 31.331071 ], [ 74.317131, 31.3312419 ], [ 74.317131, 31.3315267 ], [ 74.3173311, 31.3318685 ], [ 74.3171539, 31.3329374 ], [ 74.3181314, 31.3330078 ], [ 74.3181314, 31.3320964 ], [ 74.32011, 31.3319824 ], [ 74.32011, 31.3314697 ], [ 74.3214883, 31.3314507 ], [ 74.3219329, 31.3314507 ], [ 74.3219329, 31.3317166 ], [ 74.3219329, 31.3319824 ], [ 74.3223109, 31.3319824 ], [ 74.3223776, 31.3307671 ], [ 74.3219996, 31.3304253 ], [ 74.3219996, 31.3300455 ], [ 74.322422, 31.3298556 ], [ 74.3229778, 31.3298556 ], [ 74.323289, 31.3299506 ], [ 74.3237781, 31.3301785 ], [ 74.3240893, 31.3303304 ], [ 74.3244247, 31.3301153 ], [ 74.3231907, 31.32926 ], [ 74.3232001, 31.3290011 ], [ 74.3223331, 31.3283555 ], [ 74.3217106, 31.3285264 ], [ 74.3216884, 31.3290011 ], [ 74.3200878, 31.3291151 ], [ 74.3200211, 31.3283935 ], [ 74.3194875, 31.3284884 ], [ 74.3191541, 31.3284694 ], [ 74.3189762, 31.3278048 ], [ 74.3175906, 31.3280299 ], [ 74.3176762, 31.3285942 ], [ 74.3173756, 31.3289062 ], [ 74.3170644, 31.3290011 ], [ 74.3165975, 31.329153 ], [ 74.3165753, 31.3298177 ], [ 74.3165308, 31.3300455 ], [ 74.3164863, 31.3305583 ], [ 74.3160862, 31.3306532 ] ] ] } },
{ "type": "Feature", "properties": { "element": "way", "id": 1303880550, "addr:city": null, "addr:housenumber": null, "addr:postcode": null, "addr:street": null, "building": null, "building:levels": null, "landuse": "residential", "name": null, "operator": null, "residential": null, "description": null, "source": null, "phone": null, "ele": null, "name:en": null, "name:ur": null, "official_name": null, "official_name:ur": null, "type": null }, "geometry": { "type": "Polygon", "coordinates": [ [ [ 74.3303585, 31.356627 ], [ 74.330314, 31.3574433 ], [ 74.3309365, 31.3578419 ], [ 74.331759, 31.3583735 ], [ 74.3317368, 31.3586392 ], [ 74.3312033, 31.3587721 ], [ 74.3312922, 31.3606325 ], [ 74.3331287, 31.3606329 ], [ 74.3331546, 31.3610874 ], [ 74.3342489, 31.3610691 ], [ 74.3342489, 31.3605376 ], [ 74.3350048, 31.3605186 ], [ 74.3356717, 31.3606135 ], [ 74.3357828, 31.3618474 ], [ 74.3370722, 31.3619044 ], [ 74.3369833, 31.3602718 ], [ 74.3362275, 31.3603288 ], [ 74.3362275, 31.3595884 ], [ 74.3368722, 31.3595884 ], [ 74.3368722, 31.3593416 ], [ 74.337339, 31.3592657 ], [ 74.3373168, 31.3580318 ], [ 74.3349158, 31.3579938 ], [ 74.3349158, 31.3574812 ], [ 74.3336709, 31.3575572 ], [ 74.3334264, 31.3575951 ], [ 74.3322926, 31.3572534 ], [ 74.3317368, 31.3572724 ], [ 74.3315812, 31.356532 ], [ 74.3303585, 31.356627 ] ] ] } },
{ "type": "Feature", "properties": { "element": "way", "id": 1303880551, "addr:city": null, "addr:housenumber": null, "addr:postcode": null, "addr:street": null, "building": null, "building:levels": null, "landuse": "residential", "name": null, "operator": null, "residential": null, "description": null, "source": null, "phone": null, "ele": null, "name:en": null, "name:ur": null, "official_name": null, "official_name:ur": null, "type": null }, "geometry": { "type": "Polygon", "coordinates": [ [ [ 74.3334041, 31.3570388 ], [ 74.3334041, 31.3563991 ], [ 74.3342934, 31.3563991 ], [ 74.3348269, 31.356551 ], [ 74.3354049, 31.356551 ], [ 74.335605, 31.3569117 ], [ 74.3334041, 31.3570388 ] ] ] } },
{ "type": "Feature", "properties": { "element": "way", "id": 1345869903, "addr:city": "Lahore", "addr:housenumber": null, "addr:postcode": null, "addr:street": null, "building": null, "building:levels": null, "landuse": "residential", "name": "Lower Mehran Block", "operator": null, "residential": "private_houses", "description": null, "source": null, "phone": null, "ele": null, "name:en": null, "name:ur": null, "official_name": "Mehran Block, Allama Iqbal Town", "official_name:ur": "مہران بلاک ، علامہ اقبال ٹاوّن ، لاھور", "type": null }, "geometry": { "type": "Polygon", "coordinates": [ [ [ 74.2666971, 31.5008052 ], [ 74.2701893, 31.4993939 ], [ 74.2705206, 31.5002675 ], [ 74.2684671, 31.5034077 ], [ 74.2666971, 31.5008052 ] ] ] } },
{ "type": "Feature", "properties": { "element": "way", "id": 1362670209, "addr:city": null, "addr:housenumber": null, "addr:postcode": null, "addr:street": null, "building": null, "building:levels": null, "landuse": "residential", "name": "bahria town", "operator": null, "residential": "bahria_town", "description": null, "source": null, "phone": null, "ele": null, "name:en": null, "name:ur": null, "official_name": null, "official_name:ur": null, "type": null }, "geometry": { "type": "Polygon", "coordinates": [ [ [ 74.1666485, 31.3536259 ], [ 74.1701027, 31.3536017 ], [ 74.1700291, 31.3519527 ], [ 74.1665847, 31.352095 ], [ 74.1666485, 31.3536259 ] ] ] } },
{ "type": "Feature", "properties": { "element": "way", "id": 1370267678, "addr:city": null, "addr:housenumber": null, "addr:postcode": null, "addr:street": null, "building": null, "building:levels": null, "landuse": "residential", "name": null, "operator": null, "residential": null, "description": null, "source": null, "phone": null, "ele": null, "name:en": null, "name:ur": null, "official_name": null, "official_name:ur": null, "type": null }, "geometry": { "type": "Polygon", "coordinates": [ [ [ 74.3701264, 31.4944837 ], [ 74.370074, 31.4944454 ], [ 74.370154, 31.4943748 ], [ 74.3702053, 31.4944179 ], [ 74.3701264, 31.4944837 ] ] ] } },
{ "type": "Feature", "properties": { "element": "way", "id": 1386302926, "addr:city": "White Villas", "addr:housenumber": "B1", "addr:postcode": null, "addr:street": "Main Road Of White Villas", "building": null, "building:levels": null, "landuse": "residential", "name": "B1", "operator": null, "residential": "apartments", "description": null, "source": null, "phone": null, "ele": null, "name:en": null, "name:ur": "بلڈنگ 1", "official_name": null, "official_name:ur": null, "type": null }, "geometry": { "type": "Polygon", "coordinates": [ [ [ 74.1422496, 31.3848509 ], [ 74.1423269, 31.3848813 ], [ 74.1423545, 31.3848263 ], [ 74.1422776, 31.3847962 ], [ 74.1422496, 31.3848509 ] ] ] } },
{ "type": "Feature", "properties": { "element": "way", "id": 1391492008, "addr:city": null, "addr:housenumber": null, "addr:postcode": null, "addr:street": null, "building": null, "building:levels": null, "landuse": "residential", "name": "Kamran Park", "operator": null, "residential": "urban", "description": null, "source": null, "phone": null, "ele": null, "name:en": null, "name:ur": null, "official_name": null, "official_name:ur": null, "type": null }, "geometry": { "type": "Polygon", "coordinates": [ [ [ 74.2925781, 31.6100059 ], [ 74.2924709, 31.6103352 ], [ 74.2927339, 31.6107228 ], [ 74.2929918, 31.6113336 ], [ 74.2926044, 31.6118923 ], [ 74.2920038, 31.6116319 ], [ 74.2893648, 31.6098769 ], [ 74.2893319, 31.6094494 ], [ 74.2892523, 31.6088616 ], [ 74.2897168, 31.6080852 ], [ 74.2924815, 31.6093116 ], [ 74.2921782, 31.6097469 ], [ 74.2925781, 31.6100059 ] ] ] } },
{ "type": "Feature", "properties": { "element": "way", "id": 1414840327, "addr:city": "White Villas", "addr:housenumber": "B1", "addr:postcode": null, "addr:street": "Main Road Of White Villas", "building": null, "building:levels": null, "landuse": "residential", "name": "B 2", "operator": null, "residential": "apartments", "description": null, "source": null, "phone": null, "ele": null, "name:en": null, "name:ur": "بلڈنگ 1", "official_name": null, "official_name:ur": null, "type": null }, "geometry": { "type": "Polygon", "coordinates": [ [ [ 74.142278, 31.3847957 ], [ 74.1423553, 31.3848261 ], [ 74.1423828, 31.3847711 ], [ 74.142306, 31.384741 ], [ 74.142278, 31.3847957 ] ] ] } },
{ "type": "Feature", "properties": { "element": "way", "id": 1414840328, "addr:city": "White Villas", "addr:housenumber": "B1", "addr:postcode": null, "addr:street": "Main Road Of White Villas", "building": null, "building:levels": null, "landuse": "residential", "name": "B 24", "operator": null, "residential": "apartments", "description": null, "source": null, "phone": null, "ele": null, "name:en": null, "name:ur": "بلڈنگ 1", "official_name": null, "official_name:ur": null, "type": null }, "geometry": { "type": "Polygon", "coordinates": [ [ [ 74.1426436, 31.3842749 ], [ 74.1427209, 31.3843053 ], [ 74.1427485, 31.3842503 ], [ 74.1426716, 31.3842202 ], [ 74.1426436, 31.3842749 ] ] ] } },
{ "type": "Feature", "properties": { "element": "way", "id": 1414840329, "addr:city": "White Villas", "addr:housenumber": "B1", "addr:postcode": null, "addr:street": "Main Road Of White Villas", "building": null, "building:levels": null, "landuse": "residential", "name": "B 13", "operator": null, "residential": "apartments", "description": null, "source": null, "phone": null, "ele": null, "name:en": null, "name:ur": "بلڈنگ 1", "official_name": null, "official_name:ur": null, "type": null }, "geometry": { "type": "Polygon", "coordinates": [ [ [ 74.1423336, 31.3848835 ], [ 74.1424109, 31.3849139 ], [ 74.1424384, 31.3848589 ], [ 74.1423616, 31.3848288 ], [ 74.1423336, 31.3848835 ] ] ] } },
{ "type": "Feature", "properties": { "element": "way", "id": 1414840330, "addr:city": "White Villas", "addr:housenumber": "B1", "addr:postcode": null, "addr:street": "Main Road Of White Villas", "building": null, "building:levels": null, "landuse": "residential", "name": "B 3", "operator": null, "residential": "apartments", "description": null, "source": null, "phone": null, "ele": null, "name:en": null, "name:ur": "بلڈنگ 1", "official_name": null, "official_name:ur": null, "type": null }, "geometry": { "type": "Polygon", "coordinates": [ [ [ 74.1423056, 31.3847408 ], [ 74.1423829, 31.3847712 ], [ 74.1424105, 31.3847163 ], [ 74.1423336, 31.3846861 ], [ 74.1423056, 31.3847408 ] ] ] } },
{ "type": "Feature", "properties": { "element": "way", "id": 1414840331, "addr:city": "White Villas", "addr:housenumber": "B1", "addr:postcode": null, "addr:street": "Main Road Of White Villas", "building": null, "building:levels": null, "landuse": "residential", "name": "B 14", "operator": null, "residential": "apartments", "description": null, "source": null, "phone": null, "ele": null, "name:en": null, "name:ur": "بلڈنگ 1", "official_name": null, "official_name:ur": null, "type": null }, "geometry": { "type": "Polygon", "coordinates": [ [ [ 74.142361, 31.3848287 ], [ 74.1424383, 31.3848591 ], [ 74.1424659, 31.3848041 ], [ 74.142389, 31.384774 ], [ 74.142361, 31.3848287 ] ] ] } },
{ "type": "Feature", "properties": { "element": "way", "id": 1414840332, "addr:city": "White Villas", "addr:housenumber": "B1", "addr:postcode": null, "addr:street": "Main Road Of White Villas", "building": null, "building:levels": null, "landuse": "residential", "name": "B 4", "operator": null, "residential": "apartments", "description": null, "source": null, "phone": null, "ele": null, "name:en": null, "name:ur": "بلڈنگ 1", "official_name": null, "official_name:ur": null, "type": null }, "geometry": { "type": "Polygon", "coordinates": [ [ [ 74.1423335, 31.3846858 ], [ 74.1424108, 31.3847162 ], [ 74.1424383, 31.3846612 ], [ 74.1423615, 31.3846311 ], [ 74.1423335, 31.3846858 ] ] ] } },
{ "type": "Feature", "properties": { "element": "way", "id": 1414840333, "addr:city": "White Villas", "addr:housenumber": "B1", "addr:postcode": null, "addr:street": "Main Road Of White Villas", "building": null, "building:levels": null, "landuse": "residential", "name": "B 5", "operator": null, "residential": "apartments", "description": null, "source": null, "phone": null, "ele": null, "name:en": null, "name:ur": "بلڈنگ 1", "official_name": null, "official_name:ur": null, "type": null }, "geometry": { "type": "Polygon", "coordinates": [ [ [ 74.142362, 31.3846308 ], [ 74.1424393, 31.3846612 ], [ 74.1424668, 31.3846062 ], [ 74.14239, 31.3845761 ], [ 74.142362, 31.3846308 ] ] ] } },
{ "type": "Feature", "properties": { "element": "way", "id": 1414840334, "addr:city": "White Villas", "addr:housenumber": "B1", "addr:postcode": null, "addr:street": "Main Road Of White Villas", "building": null, "building:levels": null, "landuse": "residential", "name": "B 6", "operator": null, "residential": "apartments", "description": null, "source": null, "phone": null, "ele": null, "name:en": null, "name:ur": "بلڈنگ 1", "official_name": null, "official_name:ur": null, "type": null }, "geometry": { "type": "Polygon", "coordinates": [ [ [ 74.14239, 31.3845758 ], [ 74.1424673, 31.3846062 ], [ 74.1424949, 31.3845512 ], [ 74.142418, 31.3845211 ], [ 74.14239, 31.3845758 ] ] ] } },
{ "type": "Feature", "properties": { "element": "way", "id": 1414840335, "addr:city": "White Villas", "addr:housenumber": "B1", "addr:postcode": null, "addr:street": "Main Road Of White Villas", "building": null, "building:levels": null, "landuse": "residential", "name": "B 17", "operator": null, "residential": "apartments", "description": null, "source": null, "phone": null, "ele": null, "name:en": null, "name:ur": "بلڈنگ 1", "official_name": null, "official_name:ur": null, "type": null }, "geometry": { "type": "Polygon", "coordinates": [ [ [ 74.1424457, 31.3846644 ], [ 74.142523, 31.3846948 ], [ 74.1425505, 31.3846398 ], [ 74.1424737, 31.3846097 ], [ 74.1424457, 31.3846644 ] ] ] } },
{ "type": "Feature", "properties": { "element": "way", "id": 1414840336, "addr:city": "White Villas", "addr:housenumber": "B1", "addr:postcode": null, "addr:street": "Main Road Of White Villas", "building": null, "building:levels": null, "landuse": "residential", "name": "B 16", "operator": null, "residential": "apartments", "description": null, "source": null, "phone": null, "ele": null, "name:en": null, "name:ur": "بلڈنگ 1", "official_name": null, "official_name:ur": null, "type": null }, "geometry": { "type": "Polygon", "coordinates": [ [ [ 74.1424176, 31.3847194 ], [ 74.1424949, 31.3847498 ], [ 74.1425224, 31.3846948 ], [ 74.1424456, 31.3846647 ], [ 74.1424176, 31.3847194 ] ] ] } },
{ "type": "Feature", "properties": { "element": "way", "id": 1414840337, "addr:city": "White Villas", "addr:housenumber": "B1", "addr:postcode": null, "addr:street": "Main Road Of White Villas", "building": null, "building:levels": null, "landuse": "residential", "name": "B 15", "operator": null, "residential": "apartments", "description": null, "source": null, "phone": null, "ele": null, "name:en": null, "name:ur": "بلڈنگ 1", "official_name": null, "official_name:ur": null, "type": null }, "geometry": { "type": "Polygon", "coordinates": [ [ [ 74.1423891, 31.3847744 ], [ 74.1424664, 31.3848048 ], [ 74.142494, 31.3847498 ], [ 74.1424171, 31.3847197 ], [ 74.1423891, 31.3847744 ] ] ] } },
{ "type": "Feature", "properties": { "element": "way", "id": 1414840338, "addr:city": "White Villas", "addr:housenumber": "B1", "addr:postcode": null, "addr:street": "Main Road Of White Villas", "building": null, "building:levels": null, "landuse": "residential", "name": "B 7", "operator": null, "residential": "apartments", "description": null, "source": null, "phone": null, "ele": null, "name:en": null, "name:ur": "بلڈنگ 1", "official_name": null, "official_name:ur": null, "type": null }, "geometry": { "type": "Polygon", "coordinates": [ [ [ 74.1424204, 31.3845186 ], [ 74.1424977, 31.384549 ], [ 74.1425253, 31.384494 ], [ 74.1424484, 31.3844639 ], [ 74.1424204, 31.3845186 ] ] ] } },
{ "type": "Feature", "properties": { "element": "way", "id": 1414840339, "addr:city": "White Villas", "addr:housenumber": "B1", "addr:postcode": null, "addr:street": "Main Road Of White Villas", "building": null, "building:levels": null, "landuse": "residential", "name": "B 8", "operator": null, "residential": "apartments", "description": null, "source": null, "phone": null, "ele": null, "name:en": null, "name:ur": "بلڈنگ 1", "official_name": null, "official_name:ur": null, "type": null }, "geometry": { "type": "Polygon", "coordinates": [ [ [ 74.1424488, 31.3844634 ], [ 74.1425261, 31.3844938 ], [ 74.1425536, 31.3844388 ], [ 74.1424768, 31.3844087 ], [ 74.1424488, 31.3844634 ] ] ] } },
{ "type": "Feature", "properties": { "element": "way", "id": 1414840340, "addr:city": "White Villas", "addr:housenumber": "B1", "addr:postcode": null, "addr:street": "Main Road Of White Villas", "building": null, "building:levels": null, "landuse": "residential", "name": "B 9", "operator": null, "residential": "apartments", "description": null, "source": null, "phone": null, "ele": null, "name:en": null, "name:ur": "بلڈنگ 1", "official_name": null, "official_name:ur": null, "type": null }, "geometry": { "type": "Polygon", "coordinates": [ [ [ 74.1424764, 31.3844085 ], [ 74.1425537, 31.3844389 ], [ 74.1425813, 31.3843839 ], [ 74.1425044, 31.3843538 ], [ 74.1424764, 31.3844085 ] ] ] } },
{ "type": "Feature", "properties": { "element": "way", "id": 1414840341, "addr:city": "White Villas", "addr:housenumber": "B1", "addr:postcode": null, "addr:street": "Main Road Of White Villas", "building": null, "building:levels": null, "landuse": "residential", "name": "B 10", "operator": null, "residential": "apartments", "description": null, "source": null, "phone": null, "ele": null, "name:en": null, "name:ur": "بلڈنگ 1", "official_name": null, "official_name:ur": null, "type": null }, "geometry": { "type": "Polygon", "coordinates": [ [ [ 74.1425043, 31.3843535 ], [ 74.1425816, 31.3843839 ], [ 74.1426091, 31.3843289 ], [ 74.1425323, 31.3842988 ], [ 74.1425043, 31.3843535 ] ] ] } },
{ "type": "Feature", "properties": { "element": "way", "id": 1414840342, "addr:city": "White Villas", "addr:housenumber": "B1", "addr:postcode": null, "addr:street": "Main Road Of White Villas", "building": null, "building:levels": null, "landuse": "residential", "name": "B 11", "operator": null, "residential": "apartments", "description": null, "source": null, "phone": null, "ele": null, "name:en": null, "name:ur": "بلڈنگ 1", "official_name": null, "official_name:ur": null, "type": null }, "geometry": { "type": "Polygon", "coordinates": [ [ [ 74.1425328, 31.3842985 ], [ 74.1426101, 31.3843289 ], [ 74.1426376, 31.3842739 ], [ 74.1425608, 31.3842438 ], [ 74.1425328, 31.3842985 ] ] ] } },
{ "type": "Feature", "properties": { "element": "way", "id": 1414840343, "addr:city": "White Villas", "addr:housenumber": "B1", "addr:postcode": null, "addr:street": "Main Road Of White Villas", "building": null, "building:levels": null, "landuse": "residential", "name": "B 12", "operator": null, "residential": "apartments", "description": null, "source": null, "phone": null, "ele": null, "name:en": null, "name:ur": "بلڈنگ 1", "official_name": null, "official_name:ur": null, "type": null }, "geometry": { "type": "Polygon", "coordinates": [ [ [ 74.1425608, 31.3842434 ], [ 74.1426381, 31.3842738 ], [ 74.1426657, 31.3842189 ], [ 74.1425888, 31.3841887 ], [ 74.1425608, 31.3842434 ] ] ] } },
{ "type": "Feature", "properties": { "element": "way", "id": 1414840344, "addr:city": "White Villas", "addr:housenumber": "B1", "addr:postcode": null, "addr:street": "Main Road Of White Villas", "building": null, "building:levels": null, "landuse": "residential", "name": "B 18", "operator": null, "residential": "apartments", "description": null, "source": null, "phone": null, "ele": null, "name:en": null, "name:ur": "بلڈنگ 1", "official_name": null, "official_name:ur": null, "type": null }, "geometry": { "type": "Polygon", "coordinates": [ [ [ 74.1424747, 31.3846074 ], [ 74.142552, 31.3846378 ], [ 74.1425796, 31.3845828 ], [ 74.1425027, 31.3845527 ], [ 74.1424747, 31.3846074 ] ] ] } },
{ "type": "Feature", "properties": { "element": "way", "id": 1414840345, "addr:city": "White Villas", "addr:housenumber": "B1", "addr:postcode": null, "addr:street": "Main Road Of White Villas", "building": null, "building:levels": null, "landuse": "residential", "name": "B 19", "operator": null, "residential": "apartments", "description": null, "source": null, "phone": null, "ele": null, "name:en": null, "name:ur": "بلڈنگ 1", "official_name": null, "official_name:ur": null, "type": null }, "geometry": { "type": "Polygon", "coordinates": [ [ [ 74.1425044, 31.3845511 ], [ 74.1425817, 31.3845815 ], [ 74.1426092, 31.3845266 ], [ 74.1425324, 31.3844964 ], [ 74.1425044, 31.3845511 ] ] ] } },
{ "type": "Feature", "properties": { "element": "way", "id": 1414840346, "addr:city": "White Villas", "addr:housenumber": "B1", "addr:postcode": null, "addr:street": "Main Road Of White Villas", "building": null, "building:levels": null, "landuse": "residential", "name": "B 20", "operator": null, "residential": "apartments", "description": null, "source": null, "phone": null, "ele": null, "name:en": null, "name:ur": "بلڈنگ 1", "official_name": null, "official_name:ur": null, "type": null }, "geometry": { "type": "Polygon", "coordinates": [ [ [ 74.1425318, 31.3844964 ], [ 74.1426091, 31.3845268 ], [ 74.1426367, 31.3844718 ], [ 74.1425598, 31.3844417 ], [ 74.1425318, 31.3844964 ] ] ] } },
{ "type": "Feature", "properties": { "element": "way", "id": 1414840347, "addr:city": "White Villas", "addr:housenumber": "B1", "addr:postcode": null, "addr:street": "Main Road Of White Villas", "building": null, "building:levels": null, "landuse": "residential", "name": "B 23", "operator": null, "residential": "apartments", "description": null, "source": null, "phone": null, "ele": null, "name:en": null, "name:ur": "بلڈنگ 1", "official_name": null, "official_name:ur": null, "type": null }, "geometry": { "type": "Polygon", "coordinates": [ [ [ 74.1426165, 31.384332 ], [ 74.1426938, 31.3843624 ], [ 74.1427213, 31.3843075 ], [ 74.1426445, 31.3842773 ], [ 74.1426165, 31.384332 ] ] ] } },
{ "type": "Feature", "properties": { "element": "way", "id": 1414840348, "addr:city": "White Villas", "addr:housenumber": "B1", "addr:postcode": null, "addr:street": "Main Road Of White Villas", "building": null, "building:levels": null, "landuse": "residential", "name": "B 22", "operator": null, "residential": "apartments", "description": null, "source": null, "phone": null, "ele": null, "name:en": null, "name:ur": "بلڈنگ 1", "official_name": null, "official_name:ur": null, "type": null }, "geometry": { "type": "Polygon", "coordinates": [ [ [ 74.1425884, 31.3843871 ], [ 74.1426657, 31.3844175 ], [ 74.1426932, 31.3843625 ], [ 74.1426164, 31.3843324 ], [ 74.1425884, 31.3843871 ] ] ] } },
{ "type": "Feature", "properties": { "element": "way", "id": 1414840349, "addr:city": "White Villas", "addr:housenumber": "B1", "addr:postcode": null, "addr:street": "Main Road Of White Villas", "building": null, "building:levels": null, "landuse": "residential", "name": "B 21", "operator": null, "residential": "apartments", "description": null, "source": null, "phone": null, "ele": null, "name:en": null, "name:ur": "بلڈنگ 1", "official_name": null, "official_name:ur": null, "type": null }, "geometry": { "type": "Polygon", "coordinates": [ [ [ 74.1425599, 31.3844421 ], [ 74.1426372, 31.3844725 ], [ 74.1426648, 31.3844175 ], [ 74.1425879, 31.3843874 ], [ 74.1425599, 31.3844421 ] ] ] } },
{ "type": "Feature", "properties": { "element": "way", "id": 1419056264, "addr:city": null, "addr:housenumber": null, "addr:postcode": null, "addr:street": null, "building": null, "building:levels": null, "landuse": "residential", "name": null, "operator": null, "residential": null, "description": null, "source": null, "phone": null, "ele": null, "name:en": null, "name:ur": null, "official_name": null, "official_name:ur": null, "type": null }, "geometry": { "type": "Polygon", "coordinates": [ [ [ 74.4088464, 31.2849316 ], [ 74.408835, 31.2851936 ], [ 74.4090507, 31.2851936 ], [ 74.4090735, 31.2863871 ], [ 74.4098909, 31.2864065 ], [ 74.4099136, 31.2858728 ], [ 74.4111285, 31.2858631 ], [ 74.4111626, 31.2853683 ], [ 74.4116395, 31.2853877 ], [ 74.4120255, 31.2855235 ], [ 74.4122639, 31.2855235 ], [ 74.412249, 31.284505 ], [ 74.409925, 31.2846405 ], [ 74.4094237, 31.2848529 ], [ 74.4088464, 31.2849316 ] ] ] } },
{ "type": "Feature", "properties": { "element": "way", "id": 1419056265, "addr:city": null, "addr:housenumber": null, "addr:postcode": null, "addr:street": null, "building": null, "building:levels": null, "landuse": "residential", "name": null, "operator": null, "residential": null, "description": null, "source": null, "phone": null, "ele": null, "name:en": null, "name:ur": null, "official_name": null, "official_name:ur": null, "type": null }, "geometry": { "type": "Polygon", "coordinates": [ [ [ 74.3966079, 31.2873201 ], [ 74.3966295, 31.2865423 ], [ 74.3963456, 31.2865811 ], [ 74.3963229, 31.286193 ], [ 74.3962435, 31.2860184 ], [ 74.3959369, 31.286096 ], [ 74.395812, 31.2856982 ], [ 74.3953465, 31.285737 ], [ 74.3953806, 31.2843689 ], [ 74.3953806, 31.2840195 ], [ 74.396164, 31.2839516 ], [ 74.3962208, 31.2841942 ], [ 74.3968679, 31.2840195 ], [ 74.3969247, 31.2838837 ], [ 74.3968566, 31.2832239 ], [ 74.3974875, 31.2832261 ], [ 74.3975375, 31.2836692 ], [ 74.3987413, 31.2836217 ], [ 74.3987186, 31.2843689 ], [ 74.3995248, 31.2843494 ], [ 74.3994362, 31.2847108 ], [ 74.3982414, 31.2846712 ], [ 74.3982191, 31.2856302 ], [ 74.3978784, 31.2856885 ], [ 74.3978898, 31.2862998 ], [ 74.3978671, 31.286552 ], [ 74.3975151, 31.286552 ], [ 74.3975, 31.2874125 ], [ 74.397054, 31.2873663 ], [ 74.3966079, 31.2873201 ] ] ] } },
{ "type": "Feature", "properties": { "element": "way", "id": 1419056267, "addr:city": null, "addr:housenumber": null, "addr:postcode": null, "addr:street": null, "building": null, "building:levels": null, "landuse": "residential", "name": null, "operator": null, "residential": null, "description": null, "source": null, "phone": null, "ele": null, "name:en": null, "name:ur": null, "official_name": null, "official_name:ur": null, "type": null }, "geometry": { "type": "Polygon", "coordinates": [ [ [ 74.4053278, 31.295446 ], [ 74.4055188, 31.2943806 ], [ 74.4054544, 31.2943485 ], [ 74.4057116, 31.2924555 ], [ 74.4054641, 31.2924293 ], [ 74.4055011, 31.2919604 ], [ 74.4084604, 31.2923135 ], [ 74.4082757, 31.2927818 ], [ 74.4090266, 31.29289 ], [ 74.4091663, 31.2931339 ], [ 74.4093826, 31.2931674 ], [ 74.4092868, 31.2938513 ], [ 74.408487, 31.293988 ], [ 74.4083937, 31.2943638 ], [ 74.4080205, 31.2944778 ], [ 74.4079805, 31.2949903 ], [ 74.4073909, 31.2949733 ], [ 74.4072708, 31.2956414 ], [ 74.4053278, 31.295446 ] ] ] } },
{ "type": "Feature", "properties": { "element": "way", "id": 1419056268, "addr:city": null, "addr:housenumber": null, "addr:postcode": null, "addr:street": null, "building": null, "building:levels": null, "landuse": "residential", "name": null, "operator": null, "residential": null, "description": null, "source": null, "phone": null, "ele": null, "name:en": null, "name:ur": null, "official_name": null, "official_name:ur": null, "type": null }, "geometry": { "type": "Polygon", "coordinates": [ [ [ 74.4098867, 31.2961636 ], [ 74.4098467, 31.2953776 ], [ 74.4102333, 31.2950359 ], [ 74.4102466, 31.2947511 ], [ 74.4101266, 31.294717 ], [ 74.410019, 31.2932659 ], [ 74.4103359, 31.2933054 ], [ 74.4104199, 31.2929058 ], [ 74.4096867, 31.2927691 ], [ 74.40998, 31.2922338 ], [ 74.4105439, 31.291351 ], [ 74.4124335, 31.2913299 ], [ 74.4123527, 31.2918009 ], [ 74.4128859, 31.2921085 ], [ 74.4128993, 31.2925299 ], [ 74.4128193, 31.2929058 ], [ 74.4130992, 31.2933387 ], [ 74.4143389, 31.2929286 ], [ 74.4147255, 31.2927236 ], [ 74.414781, 31.2933694 ], [ 74.4145122, 31.2936804 ], [ 74.4141656, 31.2939766 ], [ 74.4141523, 31.2942841 ], [ 74.4144855, 31.2945347 ], [ 74.4147255, 31.2945347 ], [ 74.4154853, 31.2940677 ], [ 74.4152672, 31.2936559 ], [ 74.4155119, 31.2934298 ], [ 74.4160718, 31.2933045 ], [ 74.4166983, 31.2934754 ], [ 74.4165913, 31.2941641 ], [ 74.4173115, 31.2941019 ], [ 74.4172315, 31.2952181 ], [ 74.4179647, 31.295127 ], [ 74.4178847, 31.2954573 ], [ 74.4175648, 31.2955599 ], [ 74.4175114, 31.2965508 ], [ 74.4171915, 31.2965508 ], [ 74.4171782, 31.2961408 ], [ 74.4149521, 31.2960383 ], [ 74.4149521, 31.2955371 ], [ 74.4143256, 31.2955485 ], [ 74.4139523, 31.2957307 ], [ 74.4134991, 31.2960269 ], [ 74.4118329, 31.2959813 ], [ 74.4118329, 31.2957763 ], [ 74.4122061, 31.2955143 ], [ 74.4121794, 31.2949448 ], [ 74.4112997, 31.294922 ], [ 74.4109129, 31.2958607 ], [ 74.4111529, 31.2958617 ], [ 74.411153, 31.2962661 ], [ 74.4098867, 31.2961636 ] ] ] } },
{ "type": "Feature", "properties": { "element": "way", "id": 1419056269, "addr:city": null, "addr:housenumber": null, "addr:postcode": null, "addr:street": null, "building": null, "building:levels": null, "landuse": "residential", "name": null, "operator": null, "residential": null, "description": null, "source": null, "phone": null, "ele": null, "name:en": null, "name:ur": null, "official_name": null, "official_name:ur": null, "type": null }, "geometry": { "type": "Polygon", "coordinates": [ [ [ 74.4351071, 31.2992161 ], [ 74.4350937, 31.298715 ], [ 74.4347472, 31.2986466 ], [ 74.4348005, 31.2972115 ], [ 74.4349604, 31.297052 ], [ 74.4349471, 31.2966875 ], [ 74.4373465, 31.2966989 ], [ 74.4373332, 31.2969381 ], [ 74.4378397, 31.2969495 ], [ 74.4377064, 31.2978038 ], [ 74.4369333, 31.2978493 ], [ 74.43688, 31.2984758 ], [ 74.4367467, 31.2986922 ], [ 74.4364801, 31.29892 ], [ 74.4364001, 31.2993186 ], [ 74.4351071, 31.2992161 ] ] ] } },
{ "type": "Feature", "properties": { "element": "way", "id": 1419056271, "addr:city": null, "addr:housenumber": null, "addr:postcode": null, "addr:street": null, "building": null, "building:levels": null, "landuse": "residential", "name": null, "operator": null, "residential": null, "description": null, "source": null, "phone": null, "ele": null, "name:en": null, "name:ur": null, "official_name": null, "official_name:ur": null, "type": null }, "geometry": { "type": "Polygon", "coordinates": [ [ [ 74.4275859, 31.2939474 ], [ 74.4277208, 31.2933115 ], [ 74.4292427, 31.2934858 ], [ 74.4292898, 31.2938075 ], [ 74.4295408, 31.2938478 ], [ 74.4295095, 31.294545 ], [ 74.4288819, 31.2945584 ], [ 74.4288994, 31.2941209 ], [ 74.4282427, 31.2940342 ], [ 74.4275859, 31.2939474 ] ] ] } },
{ "type": "Feature", "properties": { "element": "way", "id": 1419056272, "addr:city": null, "addr:housenumber": null, "addr:postcode": null, "addr:street": null, "building": null, "building:levels": null, "landuse": "residential", "name": null, "operator": null, "residential": null, "description": null, "source": null, "phone": null, "ele": null, "name:en": null, "name:ur": null, "official_name": null, "official_name:ur": null, "type": null }, "geometry": { "type": "Polygon", "coordinates": [ [ [ 74.4270461, 31.2904288 ], [ 74.4268892, 31.2898657 ], [ 74.4266068, 31.2899059 ], [ 74.4266225, 31.2895573 ], [ 74.4270618, 31.2892355 ], [ 74.4271559, 31.2889271 ], [ 74.4283013, 31.2889673 ], [ 74.4281287, 31.2904958 ], [ 74.4270461, 31.2904288 ] ] ] } },
{ "type": "Feature", "properties": { "element": "way", "id": 1419056273, "addr:city": null, "addr:housenumber": null, "addr:postcode": null, "addr:street": null, "building": null, "building:levels": null, "landuse": "residential", "name": null, "operator": null, "residential": null, "description": null, "source": null, "phone": null, "ele": null, "name:en": null, "name:ur": null, "official_name": null, "official_name:ur": null, "type": null }, "geometry": { "type": "Polygon", "coordinates": [ [ [ 74.4362719, 31.28886 ], [ 74.4363033, 31.2886187 ], [ 74.4365544, 31.2886187 ], [ 74.4364445, 31.2880824 ], [ 74.4370408, 31.2879885 ], [ 74.4371977, 31.2881226 ], [ 74.4374016, 31.2880555 ], [ 74.4377311, 31.2890075 ], [ 74.4362719, 31.28886 ] ] ] } },
{ "type": "Feature", "properties": { "element": "way", "id": 1419056274, "addr:city": null, "addr:housenumber": null, "addr:postcode": null, "addr:street": null, "building": null, "building:levels": null, "landuse": "residential", "name": null, "operator": null, "residential": null, "description": null, "source": null, "phone": null, "ele": null, "name:en": null, "name:ur": null, "official_name": null, "official_name:ur": null, "type": null }, "geometry": { "type": "Polygon", "coordinates": [ [ [ 74.4337615, 31.2872376 ], [ 74.434091, 31.2872376 ], [ 74.4347343, 31.2866208 ], [ 74.4341695, 31.2864599 ], [ 74.4341538, 31.286232 ], [ 74.4335418, 31.2862588 ], [ 74.4335331, 31.2872417 ], [ 74.4337615, 31.2872376 ] ] ] } },
{ "type": "Feature", "properties": { "element": "way", "id": 1419056275, "addr:city": null, "addr:housenumber": null, "addr:postcode": null, "addr:street": null, "building": null, "building:levels": null, "landuse": "residential", "name": null, "operator": null, "residential": null, "description": null, "source": null, "phone": null, "ele": null, "name:en": null, "name:ur": null, "official_name": null, "official_name:ur": null, "type": null }, "geometry": { "type": "Polygon", "coordinates": [ [ [ 74.4338243, 31.2838989 ], [ 74.4337615, 31.2834161 ], [ 74.4357855, 31.283443 ], [ 74.4357699, 31.2848777 ], [ 74.4351422, 31.2848375 ], [ 74.4352207, 31.2843816 ], [ 74.4347343, 31.2843816 ], [ 74.4347343, 31.2839123 ], [ 74.4338243, 31.2838989 ] ] ] } },
{ "type": "Feature", "properties": { "element": "way", "id": 1419056276, "addr:city": null, "addr:housenumber": null, "addr:postcode": null, "addr:street": null, "building": null, "building:levels": null, "landuse": "residential", "name": null, "operator": null, "residential": null, "description": null, "source": null, "phone": null, "ele": null, "name:en": null, "name:ur": null, "official_name": null, "official_name:ur": null, "type": null }, "geometry": { "type": "Polygon", "coordinates": [ [ [ 74.4331967, 31.2821691 ], [ 74.4331967, 31.2815925 ], [ 74.433636, 31.2816327 ], [ 74.4336674, 31.2814584 ], [ 74.434091, 31.2814182 ], [ 74.4342165, 31.2823434 ], [ 74.433887, 31.2824373 ], [ 74.4338713, 31.2822227 ], [ 74.4331967, 31.2821691 ] ] ] } },
{ "type": "Feature", "properties": { "element": "way", "id": 1419056288, "addr:city": null, "addr:housenumber": null, "addr:postcode": null, "addr:street": null, "building": null, "building:levels": null, "landuse": "residential", "name": null, "operator": null, "residential": null, "description": null, "source": null, "phone": null, "ele": null, "name:en": null, "name:ur": null, "official_name": null, "official_name:ur": null, "type": null }, "geometry": { "type": "Polygon", "coordinates": [ [ [ 74.4355877, 31.3195587 ], [ 74.4355389, 31.3190624 ], [ 74.435248, 31.3187685 ], [ 74.4360407, 31.3182686 ], [ 74.4359086, 31.3179623 ], [ 74.4363002, 31.3178216 ], [ 74.4361647, 31.3173088 ], [ 74.4354178, 31.3174462 ], [ 74.4354556, 31.3168657 ], [ 74.4348327, 31.3169302 ], [ 74.4346817, 31.31664 ], [ 74.4348362, 31.3155853 ], [ 74.4344598, 31.3148073 ], [ 74.4351608, 31.314231 ], [ 74.4356443, 31.315753 ], [ 74.4358536, 31.315717 ], [ 74.4368019, 31.3156185 ], [ 74.4366259, 31.315108 ], [ 74.4366259, 31.3145759 ], [ 74.4366259, 31.3143178 ], [ 74.4377018, 31.3140921 ], [ 74.4376822, 31.3134301 ], [ 74.439078, 31.313415 ], [ 74.439089, 31.3140275 ], [ 74.4398159, 31.3141566 ], [ 74.4402689, 31.3140437 ], [ 74.4406464, 31.3140759 ], [ 74.440962, 31.3140903 ], [ 74.4413512, 31.3133906 ], [ 74.4422133, 31.3133719 ], [ 74.4422697, 31.3143017 ], [ 74.4432324, 31.3142372 ], [ 74.4438364, 31.3149468 ], [ 74.4429492, 31.3152693 ], [ 74.4429115, 31.3162368 ], [ 74.4417978, 31.3164465 ], [ 74.4416091, 31.3170431 ], [ 74.4413448, 31.3175914 ], [ 74.440854, 31.318059 ], [ 74.440401, 31.3182525 ], [ 74.4401368, 31.3181396 ], [ 74.4400235, 31.3183976 ], [ 74.440099, 31.3188814 ], [ 74.4400478, 31.3192248 ], [ 74.4404221, 31.3195452 ], [ 74.439042, 31.320252 ], [ 74.4388697, 31.3203545 ], [ 74.4390212, 31.3210083 ], [ 74.4385323, 31.3211389 ], [ 74.4385407, 31.3208407 ], [ 74.4382566, 31.3208947 ], [ 74.4381842, 31.3205574 ], [ 74.437519, 31.3206056 ], [ 74.4375744, 31.3198659 ], [ 74.4387225, 31.3196875 ], [ 74.4386492, 31.3192708 ], [ 74.4379094, 31.3193329 ], [ 74.4374187, 31.319607 ], [ 74.4373054, 31.3196232 ], [ 74.4371649, 31.3194614 ], [ 74.4371167, 31.3193974 ], [ 74.4370149, 31.319297 ], [ 74.4355877, 31.3195587 ] ] ] } },
{ "type": "Feature", "properties": { "element": "way", "id": 1419056290, "addr:city": null, "addr:housenumber": null, "addr:postcode": null, "addr:street": null, "building": null, "building:levels": null, "landuse": "residential", "name": null, "operator": null, "residential": null, "description": null, "source": null, "phone": null, "ele": null, "name:en": null, "name:ur": null, "official_name": null, "official_name:ur": null, "type": null }, "geometry": { "type": "Polygon", "coordinates": [ [ [ 74.4246964, 31.3053997 ], [ 74.4244133, 31.3054158 ], [ 74.4247531, 31.3061254 ], [ 74.4251683, 31.3062545 ], [ 74.4257346, 31.3062383 ], [ 74.4259045, 31.3065931 ], [ 74.4253382, 31.3066576 ], [ 74.4253382, 31.3068512 ], [ 74.4259989, 31.3067383 ], [ 74.4267194, 31.3070336 ], [ 74.4271503, 31.3070124 ], [ 74.4272023, 31.306637 ], [ 74.4271753, 31.3064118 ], [ 74.4274712, 31.3062545 ], [ 74.4273957, 31.3058997 ], [ 74.4271692, 31.3057868 ], [ 74.4264352, 31.3058257 ], [ 74.4259611, 31.3055287 ], [ 74.4252007, 31.3057406 ], [ 74.4248955, 31.3054424 ], [ 74.4246964, 31.3053997 ] ] ] } },
{ "type": "Feature", "properties": { "element": "way", "id": 1419056293, "addr:city": null, "addr:housenumber": null, "addr:postcode": null, "addr:street": null, "building": null, "building:levels": null, "landuse": "residential", "name": null, "operator": null, "residential": null, "description": null, "source": null, "phone": null, "ele": null, "name:en": null, "name:ur": null, "official_name": null, "official_name:ur": null, "type": null }, "geometry": { "type": "Polygon", "coordinates": [ [ [ 74.4115069, 31.3204201 ], [ 74.4098725, 31.3188978 ], [ 74.4096648, 31.3184321 ], [ 74.4095783, 31.3179854 ], [ 74.4095442, 31.3177041 ], [ 74.4100892, 31.317675 ], [ 74.4102141, 31.3181988 ], [ 74.4116674, 31.3181406 ], [ 74.4114176, 31.3176459 ], [ 74.4115652, 31.3174326 ], [ 74.4116447, 31.3172095 ], [ 74.4113041, 31.3168603 ], [ 74.4112132, 31.3164917 ], [ 74.4112019, 31.3162686 ], [ 74.4115198, 31.3162201 ], [ 74.4114403, 31.3153956 ], [ 74.4113608, 31.3148815 ], [ 74.4115539, 31.314736 ], [ 74.4115525, 31.3145622 ], [ 74.4108499, 31.3147166 ], [ 74.4108386, 31.3145129 ], [ 74.4113154, 31.3144159 ], [ 74.4110089, 31.3140376 ], [ 74.4110202, 31.3137175 ], [ 74.4115084, 31.3136108 ], [ 74.411622, 31.3142025 ], [ 74.4120194, 31.3142025 ], [ 74.4124622, 31.3151725 ], [ 74.4119285, 31.315318 ], [ 74.4118945, 31.3155799 ], [ 74.4120026, 31.3160625 ], [ 74.4128709, 31.3157545 ], [ 74.4132797, 31.3163656 ], [ 74.4137452, 31.3162783 ], [ 74.4145286, 31.3160261 ], [ 74.4144945, 31.3157545 ], [ 74.4149487, 31.3156284 ], [ 74.4148579, 31.3152113 ], [ 74.4145967, 31.3152016 ], [ 74.4146876, 31.3147651 ], [ 74.4149033, 31.3146681 ], [ 74.4149373, 31.3145129 ], [ 74.4152098, 31.3145226 ], [ 74.415278, 31.3147942 ], [ 74.4155278, 31.3149397 ], [ 74.4159365, 31.3150464 ], [ 74.4159251, 31.3157642 ], [ 74.4156413, 31.315803 ], [ 74.415278, 31.3157739 ], [ 74.4152098, 31.3160649 ], [ 74.4150849, 31.3169961 ], [ 74.4145503, 31.3171391 ], [ 74.4146787, 31.3175305 ], [ 74.4150849, 31.3173744 ], [ 74.4153347, 31.3178399 ], [ 74.4149146, 31.3180533 ], [ 74.4148878, 31.3184063 ], [ 74.4138019, 31.3188875 ], [ 74.4139155, 31.3191203 ], [ 74.4136316, 31.3192367 ], [ 74.4137452, 31.3198478 ], [ 74.4137221, 31.319909 ], [ 74.4115069, 31.3204201 ] ] ] } },
{ "type": "Feature", "properties": { "element": "way", "id": 1419056294, "addr:city": null, "addr:housenumber": null, "addr:postcode": null, "addr:street": null, "building": null, "building:levels": null, "landuse": "residential", "name": null, "operator": null, "residential": null, "description": null, "source": null, "phone": null, "ele": null, "name:en": null, "name:ur": null, "official_name": null, "official_name:ur": null, "type": null }, "geometry": { "type": "Polygon", "coordinates": [ [ [ 74.4216161, 31.3270791 ], [ 74.423095, 31.3267282 ], [ 74.4238673, 31.3277108 ], [ 74.4245575, 31.3276687 ], [ 74.4247053, 31.3281319 ], [ 74.4252476, 31.3281319 ], [ 74.4252312, 31.3275143 ], [ 74.4260692, 31.3272054 ], [ 74.4265293, 31.3272054 ], [ 74.4265622, 31.3263773 ], [ 74.4271538, 31.3262369 ], [ 74.4281561, 31.3263492 ], [ 74.4280402, 31.3261545 ], [ 74.4276632, 31.3259702 ], [ 74.4276632, 31.3258018 ], [ 74.4268908, 31.3257737 ], [ 74.4266168, 31.3259563 ], [ 74.4257686, 31.3255967 ], [ 74.425557, 31.3256338 ], [ 74.425264, 31.3247911 ], [ 74.424919, 31.3248051 ], [ 74.4247875, 31.3246648 ], [ 74.4241631, 31.3246648 ], [ 74.4238344, 31.3245806 ], [ 74.4236701, 31.3245946 ], [ 74.4236865, 31.325128 ], [ 74.4229471, 31.3252964 ], [ 74.423095, 31.3263773 ], [ 74.4225199, 31.3263773 ], [ 74.4224377, 31.3253807 ], [ 74.4225856, 31.3250297 ], [ 74.4214846, 31.3250017 ], [ 74.4204987, 31.3253807 ], [ 74.4207616, 31.3259562 ], [ 74.4211231, 31.3259 ], [ 74.4216161, 31.3270791 ] ] ] } },
{ "type": "Feature", "properties": { "element": "way", "id": 1419056295, "addr:city": null, "addr:housenumber": null, "addr:postcode": null, "addr:street": null, "building": null, "building:levels": null, "landuse": "residential", "name": null, "operator": null, "residential": null, "description": null, "source": null, "phone": null, "ele": null, "name:en": null, "name:ur": null, "official_name": null, "official_name:ur": null, "type": null }, "geometry": { "type": "Polygon", "coordinates": [ [ [ 74.4307688, 31.3498158 ], [ 74.4307339, 31.3491502 ], [ 74.4305864, 31.3491568 ], [ 74.4304731, 31.3487773 ], [ 74.4309167, 31.3487633 ], [ 74.4308839, 31.3486931 ], [ 74.4340254, 31.3484775 ], [ 74.4340224, 31.3494228 ], [ 74.434735, 31.3493675 ], [ 74.4348528, 31.3504222 ], [ 74.4344004, 31.3505174 ], [ 74.4344497, 31.3509805 ], [ 74.4332008, 31.3509945 ], [ 74.433168, 31.3504753 ], [ 74.4327736, 31.3505174 ], [ 74.4327572, 31.3502788 ], [ 74.4316233, 31.3502929 ], [ 74.4316726, 31.349928 ], [ 74.4320834, 31.349914 ], [ 74.432067, 31.349479 ], [ 74.4318369, 31.349493 ], [ 74.4317219, 31.3491702 ], [ 74.4311422, 31.3491277 ], [ 74.4311797, 31.3497877 ], [ 74.4307688, 31.3498158 ] ] ] } },
{ "type": "Feature", "properties": { "element": "way", "id": 1419056304, "addr:city": null, "addr:housenumber": null, "addr:postcode": null, "addr:street": null, "building": null, "building:levels": null, "landuse": "residential", "name": null, "operator": null, "residential": null, "description": null, "source": null, "phone": null, "ele": null, "name:en": null, "name:ur": null, "official_name": null, "official_name:ur": null, "type": null }, "geometry": { "type": "Polygon", "coordinates": [ [ [ 74.3943666, 31.3587875 ], [ 74.3937073, 31.3587998 ], [ 74.393736, 31.3582245 ], [ 74.393048, 31.358249 ], [ 74.3931053, 31.3595096 ], [ 74.3976343, 31.3592159 ], [ 74.3976773, 31.3588242 ], [ 74.3979496, 31.3588365 ], [ 74.398265, 31.3592893 ], [ 74.3985946, 31.3594851 ], [ 74.3989242, 31.3595341 ], [ 74.3990246, 31.3597299 ], [ 74.3991966, 31.359889 ], [ 74.3996695, 31.3599012 ], [ 74.4004148, 31.3598278 ], [ 74.4002715, 31.3590323 ], [ 74.4001138, 31.3583959 ], [ 74.3996341, 31.3583275 ], [ 74.3995262, 31.3580654 ], [ 74.3994402, 31.3573434 ], [ 74.3988239, 31.3573556 ], [ 74.398351, 31.3571108 ], [ 74.3982793, 31.3568416 ], [ 74.3979844, 31.3567132 ], [ 74.3976487, 31.3565601 ], [ 74.3976343, 31.3561072 ], [ 74.3973803, 31.356113 ], [ 74.397405, 31.3551893 ], [ 74.3969177, 31.3551893 ], [ 74.3968891, 31.3546752 ], [ 74.3972904, 31.354663 ], [ 74.3972044, 31.3528516 ], [ 74.3962154, 31.3529005 ], [ 74.3962011, 31.3527169 ], [ 74.3952113, 31.3528045 ], [ 74.3950734, 31.3510049 ], [ 74.3943809, 31.3510524 ], [ 74.3943763, 31.3523521 ], [ 74.39322, 31.3523498 ], [ 74.3932343, 31.3529373 ], [ 74.3927614, 31.3529373 ], [ 74.392747, 31.3534268 ], [ 74.3931406, 31.353349 ], [ 74.3931198, 31.3538937 ], [ 74.3934941, 31.3539025 ], [ 74.3934789, 31.3555071 ], [ 74.3937516, 31.3554953 ], [ 74.3938363, 31.35574 ], [ 74.393822, 31.3560338 ], [ 74.393607, 31.356095 ], [ 74.393865, 31.3566335 ], [ 74.3938712, 31.3568947 ], [ 74.3941092, 31.3573568 ], [ 74.3943809, 31.3576983 ], [ 74.3945099, 31.3577962 ], [ 74.3946691, 31.357908 ], [ 74.3943666, 31.3587875 ] ] ] } },
{ "type": "Feature", "properties": { "element": "way", "id": 1419056305, "addr:city": null, "addr:housenumber": null, "addr:postcode": null, "addr:street": null, "building": null, "building:levels": null, "landuse": "residential", "name": null, "operator": null, "residential": null, "description": null, "source": null, "phone": null, "ele": null, "name:en": null, "name:ur": null, "official_name": null, "official_name:ur": null, "type": null }, "geometry": { "type": "Polygon", "coordinates": [ [ [ 74.4272591, 31.365543 ], [ 74.4271768, 31.3652454 ], [ 74.4274741, 31.3651392 ], [ 74.4278324, 31.3645028 ], [ 74.4273021, 31.3642336 ], [ 74.4274025, 31.3638297 ], [ 74.4275744, 31.3631199 ], [ 74.4275315, 31.3622632 ], [ 74.4280474, 31.362251 ], [ 74.4278754, 31.3598156 ], [ 74.428463, 31.3597666 ], [ 74.4284774, 31.3601582 ], [ 74.4310715, 31.3600359 ], [ 74.4310135, 31.3590605 ], [ 74.4315894, 31.3590236 ], [ 74.4316991, 31.36039 ], [ 74.4312005, 31.3604887 ], [ 74.4311289, 31.3608069 ], [ 74.4314298, 31.3610027 ], [ 74.4316018, 31.3611496 ], [ 74.4325334, 31.361223 ], [ 74.4325907, 31.3617125 ], [ 74.4337517, 31.3615657 ], [ 74.433809, 31.3623489 ], [ 74.4332563, 31.3624428 ], [ 74.4333504, 31.3636706 ], [ 74.4326958, 31.3637706 ], [ 74.4328057, 31.3641969 ], [ 74.4321464, 31.3642458 ], [ 74.4320175, 31.3633647 ], [ 74.4310142, 31.3634381 ], [ 74.4308422, 31.3636829 ], [ 74.4307562, 31.3641357 ], [ 74.4305556, 31.364307 ], [ 74.4305556, 31.3651025 ], [ 74.4302689, 31.3652126 ], [ 74.4302553, 31.3657065 ], [ 74.4296526, 31.3658 ], [ 74.4294376, 31.3655063 ], [ 74.4289647, 31.3654084 ], [ 74.4287354, 31.3653472 ], [ 74.4283627, 31.3653839 ], [ 74.4272591, 31.365543 ] ] ] } },
{ "type": "Feature", "properties": { "element": "way", "id": 1419056307, "addr:city": null, "addr:housenumber": null, "addr:postcode": null, "addr:street": null, "building": null, "building:levels": null, "landuse": "residential", "name": null, "operator": null, "residential": null, "description": null, "source": null, "phone": null, "ele": null, "name:en": null, "name:ur": null, "official_name": null, "official_name:ur": null, "type": null }, "geometry": { "type": "Polygon", "coordinates": [ [ [ 74.4390087, 31.3620884 ], [ 74.4389721, 31.3614603 ], [ 74.4393526, 31.3614643 ], [ 74.4395397, 31.3614494 ], [ 74.4396656, 31.3608505 ], [ 74.4406139, 31.360987 ], [ 74.4407572, 31.3602772 ], [ 74.4413305, 31.360424 ], [ 74.4418465, 31.3604363 ], [ 74.4418751, 31.3613419 ], [ 74.4421044, 31.361758 ], [ 74.4427351, 31.3624801 ], [ 74.4413018, 31.3626881 ], [ 74.4413592, 31.3628962 ], [ 74.4409881, 31.3629225 ], [ 74.4409005, 31.3626881 ], [ 74.4398113, 31.3625045 ], [ 74.4396872, 31.3623544 ], [ 74.4396376, 31.3620411 ], [ 74.4390087, 31.3620884 ] ] ] } },
{ "type": "Feature", "properties": { "element": "way", "id": 1419056311, "addr:city": null, "addr:housenumber": null, "addr:postcode": null, "addr:street": null, "building": null, "building:levels": null, "landuse": "residential", "name": null, "operator": null, "residential": null, "description": null, "source": null, "phone": null, "ele": null, "name:en": null, "name:ur": null, "official_name": null, "official_name:ur": null, "type": null }, "geometry": { "type": "Polygon", "coordinates": [ [ [ 74.409138, 31.3944648 ], [ 74.4092532, 31.3939361 ], [ 74.4094261, 31.393764 ], [ 74.4096998, 31.3926082 ], [ 74.4093973, 31.3926082 ], [ 74.4088931, 31.3922762 ], [ 74.4089796, 31.3919442 ], [ 74.4088067, 31.3918705 ], [ 74.4091236, 31.3909852 ], [ 74.4081009, 31.390727 ], [ 74.4081585, 31.3901613 ], [ 74.4089788, 31.3903264 ], [ 74.4093109, 31.3909237 ], [ 74.4109961, 31.3911327 ], [ 74.4114715, 31.3911327 ], [ 74.4115435, 31.3908253 ], [ 74.4123069, 31.3912065 ], [ 74.4128975, 31.391354 ], [ 74.4135871, 31.3914586 ], [ 74.4138338, 31.3908007 ], [ 74.4143379, 31.3908745 ], [ 74.4139778, 31.3917721 ], [ 74.4135169, 31.3917229 ], [ 74.4133728, 31.3922025 ], [ 74.4136465, 31.3922393 ], [ 74.4135313, 31.3927066 ], [ 74.4131712, 31.392682 ], [ 74.4129695, 31.3935058 ], [ 74.4126814, 31.3934812 ], [ 74.412451, 31.3938869 ], [ 74.4121485, 31.3938869 ], [ 74.4118748, 31.3938869 ], [ 74.4119036, 31.3935058 ], [ 74.41042, 31.3933091 ], [ 74.4097513, 31.393557 ], [ 74.409671, 31.393973 ], [ 74.409671, 31.3941943 ], [ 74.4095557, 31.3942804 ], [ 74.4094191, 31.3945249 ], [ 74.409138, 31.3944648 ] ] ] } },
{ "type": "Feature", "properties": { "element": "way", "id": 1419056312, "addr:city": null, "addr:housenumber": null, "addr:postcode": null, "addr:street": null, "building": null, "building:levels": null, "landuse": "residential", "name": null, "operator": null, "residential": null, "description": null, "source": null, "phone": null, "ele": null, "name:en": null, "name:ur": null, "official_name": null, "official_name:ur": null, "type": null }, "geometry": { "type": "Polygon", "coordinates": [ [ [ 74.4301824, 31.3983255 ], [ 74.4311331, 31.3949321 ], [ 74.431594, 31.3949689 ], [ 74.4317525, 31.3943419 ], [ 74.4318533, 31.3938869 ], [ 74.4315796, 31.3938501 ], [ 74.4317413, 31.3932973 ], [ 74.4339683, 31.3937146 ], [ 74.4337979, 31.392682 ], [ 74.4342588, 31.392473 ], [ 74.434451, 31.392465 ], [ 74.4344317, 31.3933336 ], [ 74.4347774, 31.393764 ], [ 74.4347053, 31.3938747 ], [ 74.4341868, 31.3939976 ], [ 74.434302, 31.3950673 ], [ 74.4360881, 31.395055 ], [ 74.4360156, 31.395551 ], [ 74.4361452, 31.3955527 ], [ 74.4361602, 31.3960755 ], [ 74.4338267, 31.3960878 ], [ 74.4336538, 31.3960755 ], [ 74.4331209, 31.3971944 ], [ 74.4328472, 31.3971452 ], [ 74.4324583, 31.3980796 ], [ 74.4336971, 31.3983255 ], [ 74.4335454, 31.3987834 ], [ 74.4326888, 31.3991001 ], [ 74.4301674, 31.3986725 ], [ 74.4301824, 31.3983255 ] ] ] } },
{ "type": "Feature", "properties": { "element": "way", "id": 1419056315, "addr:city": null, "addr:housenumber": null, "addr:postcode": null, "addr:street": null, "building": null, "building:levels": null, "landuse": "residential", "name": null, "operator": null, "residential": null, "description": null, "source": null, "phone": null, "ele": null, "name:en": null, "name:ur": null, "official_name": null, "official_name:ur": null, "type": null }, "geometry": { "type": "Polygon", "coordinates": [ [ [ 74.448186, 31.3961181 ], [ 74.4473728, 31.3946509 ], [ 74.447687, 31.3944458 ], [ 74.4476131, 31.3941776 ], [ 74.4473728, 31.3942249 ], [ 74.4473174, 31.3940987 ], [ 74.4476712, 31.3937984 ], [ 74.4475391, 31.3932153 ], [ 74.4491471, 31.3933888 ], [ 74.450256, 31.3936097 ], [ 74.4506995, 31.393941 ], [ 74.450755, 31.3941934 ], [ 74.451217, 31.3941934 ], [ 74.4511076, 31.3944424 ], [ 74.450317, 31.3944316 ], [ 74.450256, 31.3950137 ], [ 74.4499048, 31.3950926 ], [ 74.44972, 31.3952977 ], [ 74.4493113, 31.3953146 ], [ 74.449221, 31.396055 ], [ 74.448186, 31.3961181 ] ] ] } },
{ "type": "Feature", "properties": { "element": "way", "id": 1419056316, "addr:city": null, "addr:housenumber": null, "addr:postcode": null, "addr:street": null, "building": null, "building:levels": null, "landuse": "residential", "name": null, "operator": null, "residential": null, "description": null, "source": null, "phone": null, "ele": null, "name:en": null, "name:ur": null, "official_name": null, "official_name:ur": null, "type": null }, "geometry": { "type": "Polygon", "coordinates": [ [ [ 74.4515312, 31.393373 ], [ 74.4516421, 31.3931364 ], [ 74.4523444, 31.3931206 ], [ 74.4524181, 31.392887 ], [ 74.4525292, 31.3920952 ], [ 74.4523814, 31.3918585 ], [ 74.4525662, 31.3917481 ], [ 74.4532685, 31.3922214 ], [ 74.4535331, 31.3924114 ], [ 74.4540632, 31.3918585 ], [ 74.4541187, 31.391543 ], [ 74.4542518, 31.3915742 ], [ 74.4542128, 31.3919663 ], [ 74.4544698, 31.3919689 ], [ 74.4543959, 31.3925211 ], [ 74.4536381, 31.3925369 ], [ 74.4534848, 31.3929197 ], [ 74.4529219, 31.3929121 ], [ 74.4529543, 31.3934204 ], [ 74.4515312, 31.393373 ] ] ] } },
{ "type": "Feature", "properties": { "element": "way", "id": 1419912320, "addr:city": null, "addr:housenumber": null, "addr:postcode": null, "addr:street": null, "building": null, "building:levels": null, "landuse": "residential", "name": null, "operator": null, "residential": null, "description": null, "source": null, "phone": null, "ele": null, "name:en": null, "name:ur": null, "official_name": null, "official_name:ur": null, "type": null }, "geometry": { "type": "Polygon", "coordinates": [ [ [ 74.5275233, 31.371032 ], [ 74.5274763, 31.3701501 ], [ 74.5281806, 31.37011 ], [ 74.5281962, 31.3699229 ], [ 74.5288343, 31.3699027 ], [ 74.528817, 31.3695897 ], [ 74.5300274, 31.369522 ], [ 74.5300567, 31.3701276 ], [ 74.5291488, 31.3701635 ], [ 74.5291822, 31.3711924 ], [ 74.5284154, 31.3712325 ], [ 74.5284623, 31.3709385 ], [ 74.5275233, 31.371032 ] ] ] } },
{ "type": "Feature", "properties": { "element": "way", "id": 1419912321, "addr:city": null, "addr:housenumber": null, "addr:postcode": null, "addr:street": null, "building": null, "building:levels": null, "landuse": "residential", "name": null, "operator": null, "residential": null, "description": null, "source": null, "phone": null, "ele": null, "name:en": null, "name:ur": null, "official_name": null, "official_name:ur": null, "type": null }, "geometry": { "type": "Polygon", "coordinates": [ [ [ 74.5186909, 31.3711617 ], [ 74.5186629, 31.3706713 ], [ 74.5190551, 31.3706833 ], [ 74.5189851, 31.3686381 ], [ 74.5197555, 31.3686022 ], [ 74.5197275, 31.3680999 ], [ 74.5203999, 31.3680999 ], [ 74.5204559, 31.3693677 ], [ 74.5208061, 31.3695351 ], [ 74.5211983, 31.3697026 ], [ 74.5212823, 31.3698222 ], [ 74.522403, 31.3698102 ], [ 74.5224887, 31.3704661 ], [ 74.5216462, 31.3704976 ], [ 74.5218006, 31.3711139 ], [ 74.520582, 31.3711617 ], [ 74.520596, 31.3715803 ], [ 74.5193213, 31.3716162 ], [ 74.5192792, 31.3711497 ], [ 74.5186909, 31.3711617 ] ] ] } },
{ "type": "Feature", "properties": { "element": "way", "id": 1419912322, "addr:city": null, "addr:housenumber": null, "addr:postcode": null, "addr:street": null, "building": null, "building:levels": null, "landuse": "residential", "name": null, "operator": null, "residential": null, "description": null, "source": null, "phone": null, "ele": null, "name:en": null, "name:ur": null, "official_name": null, "official_name:ur": null, "type": null }, "geometry": { "type": "Polygon", "coordinates": [ [ [ 74.5126395, 31.3673464 ], [ 74.5126395, 31.3664732 ], [ 74.5130037, 31.3664732 ], [ 74.5130598, 31.3662938 ], [ 74.5131858, 31.366234 ], [ 74.5131578, 31.3656479 ], [ 74.5131018, 31.3652532 ], [ 74.5127236, 31.3647987 ], [ 74.5129337, 31.3646432 ], [ 74.5136481, 31.3647748 ], [ 74.5141804, 31.3658393 ], [ 74.5146286, 31.3658872 ], [ 74.5146286, 31.366557 ], [ 74.5148388, 31.366844 ], [ 74.5151609, 31.3668321 ], [ 74.515259, 31.3677052 ], [ 74.5158613, 31.3677171 ], [ 74.5158893, 31.3682793 ], [ 74.5148402, 31.3683375 ], [ 74.5142409, 31.3690191 ], [ 74.5142084, 31.3673583 ], [ 74.5126395, 31.3673464 ] ] ] } },
{ "type": "Feature", "properties": { "element": "way", "id": 1419912323, "addr:city": null, "addr:housenumber": null, "addr:postcode": null, "addr:street": null, "building": null, "building:levels": null, "landuse": "residential", "name": null, "operator": null, "residential": null, "description": null, "source": null, "phone": null, "ele": null, "name:en": null, "name:ur": null, "official_name": null, "official_name:ur": null, "type": null }, "geometry": { "type": "Polygon", "coordinates": [ [ [ 74.4650349, 31.3623472 ], [ 74.4649062, 31.3614679 ], [ 74.4654935, 31.3613167 ], [ 74.4658877, 31.3613854 ], [ 74.4660084, 31.3621823 ], [ 74.4650349, 31.3623472 ] ] ] } },
{ "type": "Feature", "properties": { "element": "way", "id": 1419912324, "addr:city": null, "addr:housenumber": null, "addr:postcode": null, "addr:street": null, "building": null, "building:levels": null, "landuse": "residential", "name": null, "operator": null, "residential": null, "description": null, "source": null, "phone": null, "ele": null, "name:en": null, "name:ur": null, "official_name": null, "official_name:ur": null, "type": null }, "geometry": { "type": "Polygon", "coordinates": [ [ [ 74.4677058, 31.3696067 ], [ 74.4677898, 31.3689847 ], [ 74.4671875, 31.3690206 ], [ 74.4671455, 31.3686835 ], [ 74.4664317, 31.3686639 ], [ 74.466347, 31.3672983 ], [ 74.4670754, 31.3673222 ], [ 74.4671315, 31.3666405 ], [ 74.4677338, 31.3667122 ], [ 74.4677758, 31.3662936 ], [ 74.4683782, 31.3663649 ], [ 74.4683651, 31.367551 ], [ 74.4696949, 31.3675854 ], [ 74.4697046, 31.3667383 ], [ 74.4690765, 31.3667067 ], [ 74.4690365, 31.3662936 ], [ 74.4697369, 31.3662697 ], [ 74.4697229, 31.3660664 ], [ 74.4708435, 31.3661023 ], [ 74.4708295, 31.3663295 ], [ 74.4712218, 31.3662697 ], [ 74.4714599, 31.3660066 ], [ 74.4719081, 31.3654564 ], [ 74.4722217, 31.3654269 ], [ 74.4721183, 31.3659109 ], [ 74.4717961, 31.3662936 ], [ 74.4718521, 31.3666166 ], [ 74.4722303, 31.3667003 ], [ 74.4723564, 31.3662219 ], [ 74.4725945, 31.3658391 ], [ 74.4728607, 31.3658391 ], [ 74.4727206, 31.3663175 ], [ 74.473533, 31.3663056 ], [ 74.473393, 31.3678126 ], [ 74.4723844, 31.3678126 ], [ 74.4725805, 31.3684226 ], [ 74.4710116, 31.3687814 ], [ 74.4709836, 31.3688891 ], [ 74.4710256, 31.3692479 ], [ 74.4710256, 31.3693794 ], [ 74.4714039, 31.3694392 ], [ 74.471403, 31.3697739 ], [ 74.4727171, 31.3698067 ], [ 74.4726877, 31.3702989 ], [ 74.473393, 31.3703602 ], [ 74.4732809, 31.3710658 ], [ 74.4733369, 31.3714844 ], [ 74.473449, 31.371903 ], [ 74.4738552, 31.371915 ], [ 74.4738412, 31.3725728 ], [ 74.473379, 31.3725847 ], [ 74.473407, 31.3730631 ], [ 74.4725805, 31.3730392 ], [ 74.4725665, 31.3735415 ], [ 74.4720062, 31.3735535 ], [ 74.4719502, 31.3744146 ], [ 74.4712077, 31.3743428 ], [ 74.471323, 31.3729313 ], [ 74.4704233, 31.3729555 ], [ 74.4703393, 31.3726924 ], [ 74.4695548, 31.3726565 ], [ 74.46814, 31.3729794 ], [ 74.4678879, 31.3726086 ], [ 74.4672996, 31.3727043 ], [ 74.4668793, 31.372501 ], [ 74.4668373, 31.3721303 ], [ 74.4667393, 31.3718671 ], [ 74.4667948, 31.3715045 ], [ 74.4663134, 31.3715808 ], [ 74.4657956, 31.3718611 ], [ 74.4653639, 31.3720315 ], [ 74.4647649, 31.3719998 ], [ 74.4648342, 31.3715562 ], [ 74.4655346, 31.3715562 ], [ 74.4655626, 31.3711137 ], [ 74.4669774, 31.3711256 ], [ 74.4676358, 31.370707 ], [ 74.4674537, 31.3705754 ], [ 74.4676358, 31.3703123 ], [ 74.4678739, 31.3703123 ], [ 74.468042, 31.3698578 ], [ 74.4674817, 31.3698459 ], [ 74.4674957, 31.3696426 ], [ 74.4677058, 31.3696067 ] ] ] } },
{ "type": "Feature", "properties": { "element": "way", "id": 1419912325, "addr:city": null, "addr:housenumber": null, "addr:postcode": null, "addr:street": null, "building": null, "building:levels": null, "landuse": "residential", "name": null, "operator": null, "residential": null, "description": null, "source": null, "phone": null, "ele": null, "name:en": null, "name:ur": null, "official_name": null, "official_name:ur": null, "type": null }, "geometry": { "type": "Polygon", "coordinates": [ [ [ 74.4607282, 31.3892975 ], [ 74.4617688, 31.3893296 ], [ 74.4617186, 31.3897898 ], [ 74.4639628, 31.3898648 ], [ 74.4639877, 31.3903674 ], [ 74.465279, 31.3904226 ], [ 74.4653859, 31.3894756 ], [ 74.4659465, 31.3894819 ], [ 74.4660165, 31.3879917 ], [ 74.4666709, 31.3879918 ], [ 74.4667329, 31.387023 ], [ 74.4636517, 31.3869234 ], [ 74.4632733, 31.3872533 ], [ 74.4632733, 31.3877992 ], [ 74.4627718, 31.3877992 ], [ 74.4627459, 31.3883202 ], [ 74.4621513, 31.3882932 ], [ 74.4621621, 31.3877883 ], [ 74.4609288, 31.3878527 ], [ 74.4609428, 31.3882565 ], [ 74.4614386, 31.388268 ], [ 74.4613801, 31.3887731 ], [ 74.4607031, 31.3887838 ], [ 74.4607282, 31.3892975 ] ] ] } },
{ "type": "Feature", "properties": { "element": "way", "id": 1419912326, "addr:city": null, "addr:housenumber": null, "addr:postcode": null, "addr:street": null, "building": null, "building:levels": null, "landuse": "residential", "name": null, "operator": null, "residential": null, "description": null, "source": null, "phone": null, "ele": null, "name:en": null, "name:ur": null, "official_name": null, "official_name:ur": null, "type": null }, "geometry": { "type": "Polygon", "coordinates": [ [ [ 74.4760778, 31.3921572 ], [ 74.4750855, 31.3902373 ], [ 74.4758608, 31.390036 ], [ 74.4760614, 31.3897256 ], [ 74.4760864, 31.3895116 ], [ 74.4765252, 31.3893939 ], [ 74.4784936, 31.3884627 ], [ 74.4788019, 31.38899 ], [ 74.4789073, 31.3897256 ], [ 74.4787067, 31.3903678 ], [ 74.4782143, 31.390401 ], [ 74.4781885, 31.3909304 ], [ 74.4786942, 31.3909029 ], [ 74.4786733, 31.3914156 ], [ 74.4782966, 31.3913848 ], [ 74.4782138, 31.3913366 ], [ 74.4760778, 31.3921572 ] ] ] } },
{ "type": "Feature", "properties": { "element": "way", "id": 1419912328, "addr:city": null, "addr:housenumber": null, "addr:postcode": null, "addr:street": null, "building": null, "building:levels": null, "landuse": "residential", "name": null, "operator": null, "residential": null, "description": null, "source": null, "phone": null, "ele": null, "name:en": null, "name:ur": null, "official_name": null, "official_name:ur": null, "type": null }, "geometry": { "type": "Polygon", "coordinates": [ [ [ 74.5193081, 31.4351943 ], [ 74.5190077, 31.4317612 ], [ 74.5198803, 31.4316137 ], [ 74.5197713, 31.4307651 ], [ 74.5201544, 31.4307059 ], [ 74.5200522, 31.4300718 ], [ 74.5219649, 31.4295211 ], [ 74.5220579, 31.4292668 ], [ 74.5221722, 31.4290807 ], [ 74.5221557, 31.4279865 ], [ 74.5231367, 31.4279168 ], [ 74.5230277, 31.4270564 ], [ 74.523559, 31.4270215 ], [ 74.5236806, 31.4284185 ], [ 74.524468, 31.428355 ], [ 74.5245508, 31.4288759 ], [ 74.5250596, 31.4288461 ], [ 74.5251667, 31.4295095 ], [ 74.5239814, 31.4295095 ], [ 74.5239765, 31.4289216 ], [ 74.5232694, 31.4289827 ], [ 74.5232551, 31.4299532 ], [ 74.5235318, 31.4301954 ], [ 74.5238846, 31.4301227 ], [ 74.5248252, 31.4318586 ], [ 74.5245523, 31.4320087 ], [ 74.5248144, 31.432574 ], [ 74.5245884, 31.4327535 ], [ 74.5211352, 31.4343497 ], [ 74.5212087, 31.4351156 ], [ 74.5193081, 31.4351943 ] ] ] } },
{ "type": "Feature", "properties": { "element": "way", "id": 1419912329, "addr:city": null, "addr:housenumber": null, "addr:postcode": null, "addr:street": null, "building": null, "building:levels": null, "landuse": "residential", "name": null, "operator": null, "residential": null, "description": null, "source": null, "phone": null, "ele": null, "name:en": null, "name:ur": null, "official_name": null, "official_name:ur": null, "type": null }, "geometry": { "type": "Polygon", "coordinates": [ [ [ 74.5211352, 31.4343497 ], [ 74.5211883, 31.4346363 ], [ 74.522436, 31.4344865 ], [ 74.5225235, 31.4355082 ], [ 74.522855, 31.4355003 ], [ 74.5228755, 31.4349759 ], [ 74.523295, 31.4349048 ], [ 74.5233274, 31.4344736 ], [ 74.5237636, 31.4344841 ], [ 74.5238055, 31.4353216 ], [ 74.525739, 31.4351827 ], [ 74.5257254, 31.4344038 ], [ 74.5283958, 31.4342062 ], [ 74.5283644, 31.4335831 ], [ 74.5246451, 31.4337998 ], [ 74.524431, 31.4334157 ], [ 74.5235856, 31.4332524 ], [ 74.5211352, 31.4343497 ] ] ] } },
{ "type": "Feature", "properties": { "element": "way", "id": 1419912331, "addr:city": null, "addr:housenumber": null, "addr:postcode": null, "addr:street": null, "building": null, "building:levels": null, "landuse": "residential", "name": null, "operator": null, "residential": null, "description": null, "source": null, "phone": null, "ele": null, "name:en": null, "name:ur": null, "official_name": null, "official_name:ur": null, "type": null }, "geometry": { "type": "Polygon", "coordinates": [ [ [ 74.4452066, 31.3578194 ], [ 74.4449341, 31.3562022 ], [ 74.4452474, 31.3561789 ], [ 74.4452474, 31.3557019 ], [ 74.4452747, 31.3553528 ], [ 74.4455304, 31.3551822 ], [ 74.4458878, 31.3550852 ], [ 74.4458319, 31.3546917 ], [ 74.4460513, 31.354678 ], [ 74.4462829, 31.3540613 ], [ 74.4465963, 31.354073 ], [ 74.4467608, 31.3553176 ], [ 74.4474546, 31.3557949 ], [ 74.447623, 31.3560174 ], [ 74.4475636, 31.3565163 ], [ 74.4476726, 31.3570748 ], [ 74.4463286, 31.3572803 ], [ 74.4464873, 31.3575634 ], [ 74.4452066, 31.3578194 ] ] ] } },
{ "type": "Feature", "properties": { "element": "way", "id": 1419912332, "addr:city": null, "addr:housenumber": null, "addr:postcode": null, "addr:street": null, "building": null, "building:levels": null, "landuse": "residential", "name": null, "operator": null, "residential": null, "description": null, "source": null, "phone": null, "ele": null, "name:en": null, "name:ur": null, "official_name": null, "official_name:ur": null, "type": null }, "geometry": { "type": "Polygon", "coordinates": [ [ [ 74.4484174, 31.3539902 ], [ 74.4499889, 31.3537937 ], [ 74.4498935, 31.3530491 ], [ 74.4489261, 31.3532003 ], [ 74.4489125, 31.353084 ], [ 74.4482396, 31.3531082 ], [ 74.4484174, 31.3539902 ] ] ] } },
{ "type": "Feature", "properties": { "element": "way", "id": 1419912333, "addr:city": null, "addr:housenumber": null, "addr:postcode": null, "addr:street": null, "building": null, "building:levels": null, "landuse": "residential", "name": null, "operator": null, "residential": null, "description": null, "source": null, "phone": null, "ele": null, "name:en": null, "name:ur": null, "official_name": null, "official_name:ur": null, "type": null }, "geometry": { "type": "Polygon", "coordinates": [ [ [ 74.4636637, 31.3580278 ], [ 74.4628939, 31.3572282 ], [ 74.4632184, 31.3571754 ], [ 74.4628612, 31.3562749 ], [ 74.4627082, 31.3562314 ], [ 74.4625721, 31.3552437 ], [ 74.4629463, 31.3552002 ], [ 74.4626742, 31.3544449 ], [ 74.4647662, 31.3540382 ], [ 74.4649873, 31.3543868 ], [ 74.4655826, 31.3543868 ], [ 74.4659397, 31.3549097 ], [ 74.46645, 31.354808 ], [ 74.466467, 31.3542415 ], [ 74.4671303, 31.3542561 ], [ 74.4670623, 31.3547644 ], [ 74.4672494, 31.3547499 ], [ 74.4674657, 31.3549183 ], [ 74.4682529, 31.3544013 ], [ 74.4688992, 31.3550259 ], [ 74.4682856, 31.3550968 ], [ 74.4685878, 31.3559278 ], [ 74.4676746, 31.3564057 ], [ 74.4674194, 31.3566816 ], [ 74.4673684, 31.3567833 ], [ 74.4674705, 31.3572626 ], [ 74.4674705, 31.3575095 ], [ 74.4653615, 31.3582938 ], [ 74.4645621, 31.3576983 ], [ 74.4636637, 31.3580278 ] ] ] } },
{ "type": "Feature", "properties": { "element": "way", "id": 1427942395, "addr:city": null, "addr:housenumber": null, "addr:postcode": null, "addr:street": null, "building": null, "building:levels": null, "landuse": "residential", "name": "imran khan 804", "operator": null, "residential": null, "description": null, "source": null, "phone": null, "ele": null, "name:en": null, "name:ur": null, "official_name": null, "official_name:ur": null, "type": null }, "geometry": { "type": "Polygon", "coordinates": [ [ [ 74.3136317, 31.5656085 ], [ 74.3142034, 31.5656627 ], [ 74.3141969, 31.5654972 ], [ 74.3133608, 31.5653651 ], [ 74.3133627, 31.5655429 ], [ 74.3133961, 31.565588 ], [ 74.3136317, 31.5656085 ] ] ] } }
]
}
