{
"type": "FeatureCollection",
"name": "pcsir",
"crs": { "type": "name", "properties": { "name": "urn:ogc:def:crs:OGC:1.3:CRS84" } },
"features": [
{ "type": "Feature", "properties": { "OBJECTID": 161577, "SHAPE_Leng": 89.283447790300002, "SHAPE_Area": 416.64104409499998, "Town": "Allama Iqbal Town", "UC_N0": "UC_120", "Landuse": "V", "KA": null, "Name": null, "Plot_No": null, "Road_Wdth": "30'", "Plot_Size": "18 M", "__source_file": "PCSIR.shp" }, "geometry": { "type": "Polygon", "coordinates": [ [ [ 74.267930040050089, 31.449168997236772 ], [ 74.267963270565545, 31.4490493057253 ], [ 74.267976766323031, 31.449000909876958 ], [ 74.267654499739749, 31.449081910113499 ], [ 74.267642304865447, 31.449148669143458 ], [ 74.267921247262009, 31.449200643072039 ], [ 74.267930040050089, 31.449168997236772 ] ] ] } },
{ "type": "Feature", "properties": { "OBJECTID": 161826, "SHAPE_Leng": 121.893574708, "SHAPE_Area": 841.375309958, "Town": "Allama Iqbal Town", "UC_N0": "UC_120", "Landuse": "V", "KA": null, "Name": null, "Plot_No": null, "Road_Wdth": "30'", "Plot_Size": "9 M", "__source_file": "PCSIR.shp" }, "geometry": { "type": "Polygon", "coordinates": [ [ [ 74.260522047063603, 31.451669392839563 ], [ 74.260439813252759, 31.451492081740337 ], [ 74.260293787311397, 31.451545705235045 ], [ 74.260382569359223, 31.451720775835049 ], [ 74.260522047063603, 31.451669392839563 ] ] ] } },
{ "type": "Feature", "properties": { "OBJECTID": 161827, "SHAPE_Leng": 64.760709461000005, "SHAPE_Area": 237.360066362, "Town": "Allama Iqbal Town", "UC_N0": "UC_120", "Landuse": "R", "KA": null, "Name": null, "Plot_No": null, "Road_Wdth": "30'", "Plot_Size": "9 M", "__source_file": "PCSIR.shp" }, "geometry": { "type": "Polygon", "coordinates": [ [ [ 74.260382569359209, 31.451720775835049 ], [ 74.260293787311397, 31.451545705235024 ], [ 74.260186549455412, 31.451585085102323 ], [ 74.260272882635562, 31.45176118370048 ], [ 74.260382569359209, 31.451720775835049 ] ] ] } },
{ "type": "Feature", "properties": { "OBJECTID": 161828, "SHAPE_Leng": 94.888745706799995, "SHAPE_Area": 556.30913529700001, "Town": "Allama Iqbal Town", "UC_N0": "UC_120", "Landuse": "V", "KA": null, "Name": null, "Plot_No": null, "Road_Wdth": "30'", "Plot_Size": "9 M", "__source_file": "PCSIR.shp" }, "geometry": { "type": "Polygon", "coordinates": [ [ [ 74.260160227044921, 31.451802685319826 ], [ 74.26008453975092, 31.451622544582165 ], [ 74.259931939419204, 31.451678581483126 ], [ 74.260019597659721, 31.451854492119153 ], [ 74.260160227044921, 31.451802685319826 ] ] ] } },
{ "type": "Feature", "properties": { "OBJECTID": 161829, "SHAPE_Leng": 63.336897514500002, "SHAPE_Area": 221.74772028300001, "Town": "Allama Iqbal Town", "UC_N0": "UC_120", "Landuse": "R", "KA": null, "Name": null, "Plot_No": null, "Road_Wdth": "30'", "Plot_Size": "9 M", "__source_file": "PCSIR.shp" }, "geometry": { "type": "Polygon", "coordinates": [ [ [ 74.260019597659721, 31.451854492119153 ], [ 74.259931939419204, 31.451678581483112 ], [ 74.259827689374092, 31.451716863160094 ], [ 74.259921599300881, 31.4518905932221 ], [ 74.260019597659721, 31.451854492119153 ] ] ] } },
{ "type": "Feature", "properties": { "OBJECTID": 161830, "SHAPE_Leng": 174.43366964699999, "SHAPE_Area": 1401.81107146, "Town": "Allama Iqbal Town", "UC_N0": "UC_120", "Landuse": "V", "KA": null, "Name": null, "Plot_No": null, "Road_Wdth": "30'", "Plot_Size": "9 M", "__source_file": "PCSIR.shp" }, "geometry": { "type": "Polygon", "coordinates": [ [ [ 74.259356107242752, 31.45189003388759 ], [ 74.259452027709699, 31.45206357702769 ], [ 74.259537607384644, 31.452032050813326 ], [ 74.259450851058844, 31.451855242991499 ], [ 74.259356107242752, 31.45189003388759 ] ] ] } },
{ "type": "Feature", "properties": { "OBJECTID": 161831, "SHAPE_Leng": 63.215904988399998, "SHAPE_Area": 219.58525320699999, "Town": "Allama Iqbal Town", "UC_N0": "UC_120", "Landuse": "R", "KA": null, "Name": null, "Plot_No": null, "Road_Wdth": "30'", "Plot_Size": "9 M", "__source_file": "PCSIR.shp" }, "geometry": { "type": "Polygon", "coordinates": [ [ [ 74.259281817901396, 31.452126279425354 ], [ 74.259191596449398, 31.45195044370006 ], [ 74.25909294418139, 31.451986669400302 ], [ 74.259181026097778, 31.452163409477873 ], [ 74.259281817901396, 31.452126279425354 ] ] ] } },
{ "type": "Feature", "properties": { "OBJECTID": 161832, "SHAPE_Leng": 96.135912232799996, "SHAPE_Area": 530.25718957599997, "Town": "Allama Iqbal Town", "UC_N0": "UC_120", "Landuse": "V", "KA": null, "Name": null, "Plot_No": null, "Road_Wdth": "120'", "Plot_Size": "9 M", "__source_file": "PCSIR.shp" }, "geometry": { "type": "Polygon", "coordinates": [ [ [ 74.257981159411244, 31.452605410838714 ], [ 74.257871916767598, 31.452435028518291 ], [ 74.257693594921008, 31.452500506588027 ], [ 74.257911004268607, 31.452631253627768 ], [ 74.257981159411244, 31.452605410838714 ] ] ] } },
{ "type": "Feature", "properties": { "OBJECTID": 161833, "SHAPE_Leng": 65.872512758499994, "SHAPE_Area": 246.22243449600001, "Town": "Allama Iqbal Town", "UC_N0": "UC_120", "Landuse": "R", "KA": null, "Name": null, "Plot_No": null, "Road_Wdth": "30'", "Plot_Size": "9 M", "__source_file": "PCSIR.shp" }, "geometry": { "type": "Polygon", "coordinates": [ [ [ 74.258200926213689, 31.452524455031384 ], [ 74.25810422300421, 31.45234972685196 ], [ 74.257992443602433, 31.452390772027986 ], [ 74.258090429115597, 31.452565159458238 ], [ 74.258200926213689, 31.452524455031384 ] ] ] } },
{ "type": "Feature", "properties": { "OBJECTID": 165386, "SHAPE_Leng": 155.84605394, "SHAPE_Area": 1124.5548972199999, "Town": "Allama Iqbal Town", "UC_N0": "UC_120", "Landuse": "V", "KA": null, "Name": null, "Plot_No": null, "Road_Wdth": "30", "Plot_Size": "9 M", "__source_file": "PCSIR.shp" }, "geometry": { "type": "Polygon", "coordinates": [ [ [ 74.257266123473443, 31.454153785139603 ], [ 74.257021339662614, 31.454374599666011 ], [ 74.257628115743856, 31.454374210713507 ], [ 74.257266123473443, 31.454153785139603 ] ] ] } },
{ "type": "Feature", "properties": { "OBJECTID": 165387, "SHAPE_Leng": 58.2937726607, "SHAPE_Area": 180.81604460899999, "Town": "Allama Iqbal Town", "UC_N0": "UC_120", "Landuse": "R", "KA": null, "Name": null, "Plot_No": "310", "Road_Wdth": "30", "Plot_Size": "9 M", "__source_file": "PCSIR.shp" }, "geometry": { "type": "Polygon", "coordinates": [ [ [ 74.256967731748446, 31.453972086400427 ], [ 74.256888492209811, 31.453923834975061 ], [ 74.256756718151721, 31.454065178747335 ], [ 74.256830547803602, 31.45411212582534 ], [ 74.256967731748446, 31.453972086400427 ] ] ] } },
{ "type": "Feature", "properties": { "OBJECTID": 165388, "SHAPE_Leng": 63.355057081799998, "SHAPE_Area": 223.94304728200001, "Town": "Allama Iqbal Town", "UC_N0": "UC_120", "Landuse": "R", "KA": null, "Name": null, "Plot_No": null, "Road_Wdth": "30", "Plot_Size": "9 M", "__source_file": "PCSIR.shp" }, "geometry": { "type": "Polygon", "coordinates": [ [ [ 74.257063061049877, 31.454030135429459 ], [ 74.256967731748446, 31.453972086400427 ], [ 74.256830547803602, 31.45411212582534 ], [ 74.25690780087632, 31.454161249940721 ], [ 74.2569100213246, 31.454163817019285 ], [ 74.256918742571571, 31.454174291011014 ], [ 74.257063061049877, 31.454030135429459 ] ] ] } },
{ "type": "Feature", "properties": { "OBJECTID": 165389, "SHAPE_Leng": 64.024864482500007, "SHAPE_Area": 198.95307791499999, "Town": "Allama Iqbal Town", "UC_N0": "UC_120", "Landuse": "R", "KA": null, "Name": null, "Plot_No": null, "Road_Wdth": "30", "Plot_Size": "9 M", "__source_file": "PCSIR.shp" }, "geometry": { "type": "Polygon", "coordinates": [ [ [ 74.257138105783042, 31.454075831679653 ], [ 74.257063061049877, 31.454030135429459 ], [ 74.256918742571571, 31.454174291011014 ], [ 74.256945982699065, 31.454211884123325 ], [ 74.256966223808305, 31.454246688451974 ], [ 74.257138105783042, 31.454075831679653 ] ] ] } },
{ "type": "Feature", "properties": { "OBJECTID": 165390, "SHAPE_Leng": 256.68819670200003, "SHAPE_Area": 4036.4077464400002, "Town": "Allama Iqbal Town", "UC_N0": "UC_120", "Landuse": "V", "KA": null, "Name": null, "Plot_No": null, "Road_Wdth": "30", "Plot_Size": "18 M", "__source_file": "PCSIR.shp" }, "geometry": { "type": "Polygon", "coordinates": [ [ [ 74.256815967499477, 31.453477952240728 ], [ 74.256644003112115, 31.453374473477595 ], [ 74.256424628444222, 31.453547910225197 ], [ 74.256616012508431, 31.453666480007552 ], [ 74.256815967499477, 31.453477952240728 ] ] ] } },
{ "type": "Feature", "properties": { "OBJECTID": 165396, "SHAPE_Leng": 95.439019294900007, "SHAPE_Area": 520.43647022899995, "Town": "Allama Iqbal Town", "UC_N0": "UC_120", "Landuse": "R", "KA": null, "Name": null, "Plot_No": "331", "Road_Wdth": "50", "Plot_Size": "18 M", "__source_file": "PCSIR.shp" }, "geometry": { "type": "Polygon", "coordinates": [ [ [ 74.258152748179413, 31.45361435474365 ], [ 74.258016681034263, 31.453525336983684 ], [ 74.257856187727242, 31.453725012405741 ], [ 74.257990089727755, 31.453810408115658 ], [ 74.258152748179413, 31.45361435474365 ] ] ] } },
{ "type": "Feature", "properties": { "OBJECTID": 165398, "SHAPE_Leng": 246.302838315, "SHAPE_Area": 2174.2428114499999, "Town": "Allama Iqbal Town", "UC_N0": "UC_120", "Landuse": "V", "KA": null, "Name": null, "Plot_No": null, "Road_Wdth": "30'", "Plot_Size": "9 M", "__source_file": "PCSIR.shp" }, "geometry": { "type": "Polygon", "coordinates": [ [ [ 74.258586043198022, 31.452172804261632 ], [ 74.258674663393336, 31.45234994278302 ], [ 74.258766957760173, 31.452315943697364 ], [ 74.258673466167068, 31.452140702603312 ], [ 74.258586043198022, 31.452172804261632 ] ] ] } },
{ "type": "Feature", "properties": { "OBJECTID": 165403, "SHAPE_Leng": 61.930937022000002, "SHAPE_Area": 208.11858450599999, "Town": "Allama Iqbal Town", "UC_N0": "UC_120", "Landuse": "R", "KA": null, "Name": null, "Plot_No": null, "Road_Wdth": "30'", "Plot_Size": "9 M", "__source_file": "PCSIR.shp" }, "geometry": { "type": "Polygon", "coordinates": [ [ [ 74.261613102602396, 31.451268201105929 ], [ 74.261521250205391, 31.451094950556293 ], [ 74.261424944981727, 31.451130316449088 ], [ 74.261518498385257, 31.451302978697722 ], [ 74.261613102602396, 31.451268201105929 ] ] ] } },
{ "type": "Feature", "properties": { "OBJECTID": 165404, "SHAPE_Leng": 60.696231214599997, "SHAPE_Area": 195.02562660300001, "Town": "Allama Iqbal Town", "UC_N0": "UC_120", "Landuse": "R", "KA": null, "Name": null, "Plot_No": null, "Road_Wdth": "30'", "Plot_Size": "9 M", "__source_file": "PCSIR.shp" }, "geometry": { "type": "Polygon", "coordinates": [ [ [ 74.261518498385257, 31.451302978697722 ], [ 74.261424944981727, 31.451130316449088 ], [ 74.261335788462432, 31.451163057420892 ], [ 74.261428787328057, 31.451335958331153 ], [ 74.261518498385257, 31.451302978697722 ] ] ] } },
{ "type": "Feature", "properties": { "OBJECTID": 165405, "SHAPE_Leng": 168.434278452, "SHAPE_Area": 1332.0074575000001, "Town": "Allama Iqbal Town", "UC_N0": "UC_120", "Landuse": "V", "KA": null, "Name": null, "Plot_No": null, "Road_Wdth": "30'", "Plot_Size": "9 M", "__source_file": "PCSIR.shp" }, "geometry": { "type": "Polygon", "coordinates": [ [ [ 74.261210799862354, 31.451208956778238 ], [ 74.261312697996118, 31.451378634253551 ], [ 74.261384188013025, 31.451352353626664 ], [ 74.26128161080301, 31.451182953014019 ], [ 74.261210799862354, 31.451208956778238 ] ] ] } },
{ "type": "Feature", "properties": { "OBJECTID": 165915, "SHAPE_Leng": 66.853946273600002, "SHAPE_Area": 267.21962008399998, "Town": "Allama Iqbal Town", "UC_N0": "UC_120", "Landuse": "R", "KA": null, "Name": null, "Plot_No": null, "Road_Wdth": "60'", "Plot_Size": "15 M", "__source_file": "PCSIR.shp" }, "geometry": { "type": "Polygon", "coordinates": [ [ [ 74.26279857026806, 31.446020450908343 ], [ 74.262597489108686, 31.446091832463114 ], [ 74.262658501004992, 31.446213718865561 ], [ 74.262830460702546, 31.446133076102758 ], [ 74.26280566376515, 31.446047410534106 ], [ 74.26279857026806, 31.446020450908343 ] ] ] } },
{ "type": "Feature", "properties": { "OBJECTID": 165917, "SHAPE_Leng": 42.024828159199998, "SHAPE_Area": 104.404343324, "Town": "Allama Iqbal Town", "UC_N0": "UC_120", "Landuse": "R", "KA": null, "Name": null, "Plot_No": null, "Road_Wdth": null, "Plot_Size": "5 M", "__source_file": "PCSIR.shp" }, "geometry": { "type": "Polygon", "coordinates": [ [ [ 74.262261359156781, 31.446399962554953 ], [ 74.262233399886753, 31.446288569647923 ], [ 74.262191471044417, 31.446298781088675 ], [ 74.262222187875579, 31.44641833236453 ], [ 74.262261359156781, 31.446399962554953 ] ] ] } },
{ "type": "Feature", "properties": { "OBJECTID": 169542, "SHAPE_Leng": 130.60952639600001, "SHAPE_Area": 1032.9805961100001, "Town": "Allama Iqbal Town", "UC_N0": "UC_120", "Landuse": "V", "KA": null, "Name": null, "Plot_No": null, "Road_Wdth": "30'", "Plot_Size": "18 M", "__source_file": "PCSIR.shp" }, "geometry": { "type": "Polygon", "coordinates": [ [ [ 74.262656015133857, 31.446639427236985 ], [ 74.262802332532061, 31.446889634735179 ], [ 74.262951098006297, 31.446817307931152 ], [ 74.262803411429189, 31.446567642534841 ], [ 74.262656015133857, 31.446639427236985 ] ] ] } },
{ "type": "Feature", "properties": { "OBJECTID": 169548, "SHAPE_Leng": 90.834552838299999, "SHAPE_Area": 421.02233372900002, "Town": "Allama Iqbal Town", "UC_N0": "UC_120", "Landuse": "R", "KA": null, "Name": null, "Plot_No": null, "Road_Wdth": "30'", "Plot_Size": "5 M", "__source_file": "PCSIR.shp" }, "geometry": { "type": "Polygon", "coordinates": [ [ [ 74.262567120603748, 31.446458442101171 ], [ 74.262520775638748, 31.446336715014752 ], [ 74.262467688384476, 31.446361019340213 ], [ 74.262413312150684, 31.446385913611369 ], [ 74.262455983041121, 31.446514784452788 ], [ 74.262465581121006, 31.44650991862509 ], [ 74.262538517114535, 31.446472943101952 ], [ 74.262567120603748, 31.446458442101171 ] ] ] } },
{ "type": "Feature", "properties": { "OBJECTID": 169553, "SHAPE_Leng": 202.532131881, "SHAPE_Area": 2163.2267112099998, "Town": "Allama Iqbal Town", "UC_N0": "UC_120", "Landuse": "V", "KA": null, "Name": null, "Plot_No": null, "Road_Wdth": "30'", "Plot_Size": "18 M", "__source_file": "PCSIR.shp" }, "geometry": { "type": "Polygon", "coordinates": [ [ [ 74.262993195753808, 31.447213003283199 ], [ 74.263141161889322, 31.447468469536716 ], [ 74.263150188560971, 31.44746402467818 ], [ 74.263262855816265, 31.447408545291985 ], [ 74.263308897127743, 31.447385873811438 ], [ 74.263141457482021, 31.447139110044997 ], [ 74.262993195753808, 31.447213003283199 ] ] ] } },
{ "type": "Feature", "properties": { "OBJECTID": 169558, "SHAPE_Leng": 206.37713471800001, "SHAPE_Area": 1395.9506728399999, "Town": "Allama Iqbal Town", "UC_N0": "UC_120", "Landuse": "R", "KA": null, "Name": null, "Plot_No": null, "Road_Wdth": "30'", "Plot_Size": "18 M", "__source_file": "PCSIR.shp" }, "geometry": { "type": "Polygon", "coordinates": [ [ [ 74.263591459550469, 31.448292427062 ], [ 74.263407330307828, 31.448050909357683 ], [ 74.26327195867438, 31.448121450482986 ], [ 74.263415759118928, 31.448381238444746 ], [ 74.263591459550469, 31.448292427062 ] ] ] } },
{ "type": "Feature", "properties": { "OBJECTID": 169560, "SHAPE_Leng": 80.391324859299999, "SHAPE_Area": 389.70126239199999, "Town": "Allama Iqbal Town", "UC_N0": "UC_120", "Landuse": "R", "KA": null, "Name": null, "Plot_No": "454", "Road_Wdth": "30'", "Plot_Size": "18 M", "__source_file": "PCSIR.shp" }, "geometry": { "type": "Polygon", "coordinates": [ [ [ 74.263369276030502, 31.449131666090331 ], [ 74.263299409924144, 31.449018335456486 ], [ 74.263074429867146, 31.449109318194736 ], [ 74.263093422683767, 31.449218508291786 ], [ 74.263133623283011, 31.449243476770839 ], [ 74.263369276030502, 31.449131666090331 ] ] ] } },
{ "type": "Feature", "properties": { "OBJECTID": 169561, "SHAPE_Leng": 139.60657057899999, "SHAPE_Area": 1158.55905291, "Town": "Allama Iqbal Town", "UC_N0": "UC_120", "Landuse": "V", "KA": null, "Name": null, "Plot_No": null, "Road_Wdth": "30'", "Plot_Size": "18 M", "__source_file": "PCSIR.shp" }, "geometry": { "type": "Polygon", "coordinates": [ [ [ 74.263398653556479, 31.44866540619276 ], [ 74.26302381975286, 31.4488183709182 ], [ 74.263047094290854, 31.448952171936156 ], [ 74.263211821102942, 31.448876255387344 ], [ 74.263335923200003, 31.448819060745766 ], [ 74.263457481760994, 31.448763038684739 ], [ 74.263398653556479, 31.44866540619276 ] ] ] } },
{ "type": "Feature", "properties": { "OBJECTID": 169562, "SHAPE_Leng": 89.439450488099993, "SHAPE_Area": 411.168035315, "Town": "Allama Iqbal Town", "UC_N0": "UC_120", "Landuse": "R", "KA": null, "Name": null, "Plot_No": null, "Road_Wdth": "30'", "Plot_Size": "18 M", "__source_file": "PCSIR.shp" }, "geometry": { "type": "Polygon", "coordinates": [ [ [ 74.263610603923922, 31.449017161972733 ], [ 74.26345748176098, 31.448763038684728 ], [ 74.263335923200003, 31.448819060745752 ], [ 74.263493046214023, 31.449072940120473 ], [ 74.263610603923922, 31.449017161972733 ] ] ] } },
{ "type": "Feature", "properties": { "OBJECTID": 169563, "SHAPE_Leng": 90.705700963200002, "SHAPE_Area": 428.408648744, "Town": "Allama Iqbal Town", "UC_N0": "UC_120", "Landuse": "V", "KA": null, "Name": null, "Plot_No": null, "Road_Wdth": "30'", "Plot_Size": "18 M", "__source_file": "PCSIR.shp" }, "geometry": { "type": "Polygon", "coordinates": [ [ [ 74.263493046214023, 31.449072940120473 ], [ 74.263335923200003, 31.448819060745752 ], [ 74.263211821102942, 31.448876255387344 ], [ 74.263299409924144, 31.449018335456486 ], [ 74.263369276030502, 31.449131666090331 ], [ 74.263493046214023, 31.449072940120473 ] ] ] } },
{ "type": "Feature", "properties": { "OBJECTID": 169564, "SHAPE_Leng": 76.830902138200003, "SHAPE_Area": 357.54381055599998, "Town": "Allama Iqbal Town", "UC_N0": "UC_120", "Landuse": "V", "KA": null, "Name": null, "Plot_No": null, "Road_Wdth": "30'", "Plot_Size": "18 M", "__source_file": "PCSIR.shp" }, "geometry": { "type": "Polygon", "coordinates": [ [ [ 74.263299409924144, 31.449018335456486 ], [ 74.263211821102942, 31.448876255387344 ], [ 74.263047094290854, 31.448952171936131 ], [ 74.263074429867146, 31.449109318194736 ], [ 74.263299409924144, 31.449018335456486 ] ] ] } },
{ "type": "Feature", "properties": { "OBJECTID": 169565, "SHAPE_Leng": 85.241915159900003, "SHAPE_Area": 417.345795743, "Town": "Allama Iqbal Town", "UC_N0": "UC_120", "Landuse": "R", "KA": null, "Name": null, "Plot_No": null, "Road_Wdth": "60'", "Plot_Size": "18 M", "__source_file": "PCSIR.shp" }, "geometry": { "type": "Polygon", "coordinates": [ [ [ 74.264632973830913, 31.448908994184073 ], [ 74.264551326283538, 31.448792346762993 ], [ 74.264302673725979, 31.448910955427671 ], [ 74.264380138428052, 31.449033301796533 ], [ 74.264632973830913, 31.448908994184073 ] ] ] } },
{ "type": "Feature", "properties": { "OBJECTID": 169566, "SHAPE_Leng": 84.567923691800004, "SHAPE_Area": 411.17188308499999, "Town": "Allama Iqbal Town", "UC_N0": "UC_120", "Landuse": "R", "KA": null, "Name": null, "Plot_No": "480", "Road_Wdth": "30'", "Plot_Size": "18 M", "__source_file": "PCSIR.shp" }, "geometry": { "type": "Polygon", "coordinates": [ [ [ 74.263399216861231, 31.449383778344885 ], [ 74.263306435945864, 31.449249905801711 ], [ 74.263156086451502, 31.449322762719053 ], [ 74.26311402258311, 31.449325413271421 ], [ 74.263113357201206, 31.449325445532544 ], [ 74.263146743331603, 31.449499939375272 ], [ 74.263399216861231, 31.449383778344885 ] ] ] } },
{ "type": "Feature", "properties": { "OBJECTID": 169567, "SHAPE_Leng": 82.852482882999993, "SHAPE_Area": 411.95294295999997, "Town": "Allama Iqbal Town", "UC_N0": "UC_120", "Landuse": "V", "KA": null, "Name": null, "Plot_No": null, "Road_Wdth": "30'", "Plot_Size": "18 M", "__source_file": "PCSIR.shp" }, "geometry": { "type": "Polygon", "coordinates": [ [ [ 74.263444051459658, 31.449684079265452 ], [ 74.263347674230928, 31.449540905786819 ], [ 74.263171182663442, 31.449627675349557 ], [ 74.263203740929967, 31.449797841848618 ], [ 74.263444051459658, 31.449684079265452 ] ] ] } },
{ "type": "Feature", "properties": { "OBJECTID": 169568, "SHAPE_Leng": 91.645545839299999, "SHAPE_Area": 432.78846372100003, "Town": "Allama Iqbal Town", "UC_N0": "UC_120", "Landuse": "R", "KA": null, "Name": null, "Plot_No": null, "Road_Wdth": "30'", "Plot_Size": "18 M", "__source_file": "PCSIR.shp" }, "geometry": { "type": "Polygon", "coordinates": [ [ [ 74.263642552718281, 31.449734882643472 ], [ 74.263467341360467, 31.449482073249126 ], [ 74.263347674230928, 31.449540905786819 ], [ 74.263444051459658, 31.449684079265452 ], [ 74.263518208485849, 31.449794241512357 ], [ 74.263642552718281, 31.449734882643472 ] ] ] } },
{ "type": "Feature", "properties": { "OBJECTID": 169569, "SHAPE_Leng": 86.669752884000005, "SHAPE_Area": 406.64917038800002, "Town": "Allama Iqbal Town", "UC_N0": "UC_120", "Landuse": "R", "KA": null, "Name": null, "Plot_No": null, "Road_Wdth": "30'", "Plot_Size": "18 M", "__source_file": "PCSIR.shp" }, "geometry": { "type": "Polygon", "coordinates": [ [ [ 74.263518208485849, 31.449794241512357 ], [ 74.263444051459658, 31.449684079265452 ], [ 74.263203740929967, 31.449797841848618 ], [ 74.263229428070247, 31.449932098148075 ], [ 74.263518208485849, 31.449794241512357 ] ] ] } },
{ "type": "Feature", "properties": { "OBJECTID": 169570, "SHAPE_Leng": 86.687740689400002, "SHAPE_Area": 390.31297431899998, "Town": "Allama Iqbal Town", "UC_N0": "UC_120", "Landuse": "V", "KA": null, "Name": null, "Plot_No": null, "Road_Wdth": "30'", "Plot_Size": "18 M", "__source_file": "PCSIR.shp" }, "geometry": { "type": "Polygon", "coordinates": [ [ [ 74.263347674230928, 31.449540905786819 ], [ 74.263467341360467, 31.449482073249126 ], [ 74.263399216861231, 31.449383778344885 ], [ 74.263146743331603, 31.449499939375272 ], [ 74.263171182663442, 31.449627675349557 ], [ 74.263347674230928, 31.449540905786819 ] ] ] } },
{ "type": "Feature", "properties": { "OBJECTID": 169571, "SHAPE_Leng": 108.390715324, "SHAPE_Area": 726.86911776, "Town": "Allama Iqbal Town", "UC_N0": "UC_120", "Landuse": "V", "KA": null, "Name": null, "Plot_No": null, "Road_Wdth": "30'", "Plot_Size": "18 M", "__source_file": "PCSIR.shp" }, "geometry": { "type": "Polygon", "coordinates": [ [ [ 74.26380636380442, 31.449315395430581 ], [ 74.263648814299799, 31.44908399473243 ], [ 74.263422161976123, 31.44919382678048 ], [ 74.263586438903573, 31.449423519719446 ], [ 74.26380636380442, 31.449315395430581 ] ] ] } },
{ "type": "Feature", "properties": { "OBJECTID": 169572, "SHAPE_Leng": 139.675325636, "SHAPE_Area": 1214.7166540200001, "Town": "Allama Iqbal Town", "UC_N0": "UC_120", "Landuse": "V", "KA": null, "Name": null, "Plot_No": null, "Road_Wdth": "30'", "Plot_Size": "18 M", "__source_file": "PCSIR.shp" }, "geometry": { "type": "Polygon", "coordinates": [ [ [ 74.263668074394772, 31.449383384368041 ], [ 74.26385333643853, 31.449634259055053 ], [ 74.263981732203021, 31.449572965415992 ], [ 74.26380636380442, 31.449315395430606 ], [ 74.263668074394772, 31.449383384368041 ] ] ] } },
{ "type": "Feature", "properties": { "OBJECTID": 169573, "SHAPE_Leng": 85.473611899299996, "SHAPE_Area": 383.71736824499999, "Town": "Allama Iqbal Town", "UC_N0": "UC_120", "Landuse": "R", "KA": null, "Name": null, "Plot_No": null, "Road_Wdth": "30'", "Plot_Size": "18 M", "__source_file": "PCSIR.shp" }, "geometry": { "type": "Polygon", "coordinates": [ [ [ 74.263586438903573, 31.449423519719446 ], [ 74.263422161976123, 31.44919382678048 ], [ 74.263306435945864, 31.449249905801711 ], [ 74.263399216861231, 31.449383778344885 ], [ 74.263467341360467, 31.449482073249126 ], [ 74.263586438903573, 31.449423519719446 ] ] ] } },
{ "type": "Feature", "properties": { "OBJECTID": 169574, "SHAPE_Leng": 88.891163866699998, "SHAPE_Area": 374.929938773, "Town": "Allama Iqbal Town", "UC_N0": "UC_120", "Landuse": "R", "KA": null, "Name": null, "Plot_No": null, "Road_Wdth": "30'", "Plot_Size": "18 M", "__source_file": "PCSIR.shp" }, "geometry": { "type": "Polygon", "coordinates": [ [ [ 74.264082537948113, 31.449524842501731 ], [ 74.263912942686289, 31.449262996799117 ], [ 74.26380636380442, 31.449315395430581 ], [ 74.263981732203021, 31.449572965415992 ], [ 74.264082537948113, 31.449524842501731 ] ] ] } },
{ "type": "Feature", "properties": { "OBJECTID": 169575, "SHAPE_Leng": 83.306673413400006, "SHAPE_Area": 355.69167965000003, "Town": "Allama Iqbal Town", "UC_N0": "UC_120", "Landuse": "R", "KA": null, "Name": null, "Plot_No": null, "Road_Wdth": "30'", "Plot_Size": "18 M", "__source_file": "PCSIR.shp" }, "geometry": { "type": "Polygon", "coordinates": [ [ [ 74.264024746800246, 31.449208028789435 ], [ 74.263872772239068, 31.448975466747509 ], [ 74.263761605190695, 31.449029337575173 ], [ 74.263648814299813, 31.449083994732455 ], [ 74.26380636380442, 31.449315395430606 ], [ 74.263912942686304, 31.449262996799092 ], [ 74.264024746800246, 31.449208028789435 ] ] ] } },
{ "type": "Feature", "properties": { "OBJECTID": 169577, "SHAPE_Leng": 85.139282199099995, "SHAPE_Area": 385.41864609100003, "Town": "Allama Iqbal Town", "UC_N0": "UC_120", "Landuse": "V", "KA": null, "Name": null, "Plot_No": null, "Road_Wdth": "30'", "Plot_Size": "18 M", "__source_file": "PCSIR.shp" }, "geometry": { "type": "Polygon", "coordinates": [ [ [ 74.264143154831672, 31.449149813616653 ], [ 74.26399329585351, 31.448917061768881 ], [ 74.26387277223904, 31.448975466747495 ], [ 74.264024746800246, 31.449208028789435 ], [ 74.264143154831672, 31.449149813616653 ] ] ] } },
{ "type": "Feature", "properties": { "OBJECTID": 169578, "SHAPE_Leng": 84.318290087299999, "SHAPE_Area": 374.65720166099999, "Town": "Allama Iqbal Town", "UC_N0": "UC_120", "Landuse": "R", "KA": null, "Name": null, "Plot_No": null, "Road_Wdth": "30'", "Plot_Size": "18 M", "__source_file": "PCSIR.shp" }, "geometry": { "type": "Polygon", "coordinates": [ [ [ 74.264260592863053, 31.449092076353676 ], [ 74.264108744289047, 31.448861116757396 ], [ 74.26399329585351, 31.448917061768881 ], [ 74.264143154831672, 31.449149813616653 ], [ 74.264260592863053, 31.449092076353676 ] ] ] } },
{ "type": "Feature", "properties": { "OBJECTID": 169579, "SHAPE_Leng": 143.247246988, "SHAPE_Area": 1276.80363429, "Town": "Allama Iqbal Town", "UC_N0": "UC_120", "Landuse": "V", "KA": null, "Name": null, "Plot_No": null, "Road_Wdth": "30'", "Plot_Size": "18 M", "__source_file": "PCSIR.shp" }, "geometry": { "type": "Polygon", "coordinates": [ [ [ 74.264310192197343, 31.449416163688173 ], [ 74.264142783936478, 31.449149995967158 ], [ 74.264024746800246, 31.449208028789435 ], [ 74.264023186740445, 31.449208795787232 ], [ 74.26418299048926, 31.44947688800745 ], [ 74.264310192197343, 31.449416163688173 ] ] ] } },
{ "type": "Feature", "properties": { "OBJECTID": 169580, "SHAPE_Leng": 85.351677560799999, "SHAPE_Area": 391.112660307, "Town": "Allama Iqbal Town", "UC_N0": "UC_120", "Landuse": "R", "KA": null, "Name": null, "Plot_No": "472", "Road_Wdth": "30'", "Plot_Size": "18 M", "__source_file": "PCSIR.shp" }, "geometry": { "type": "Polygon", "coordinates": [ [ [ 74.264380138428052, 31.449033301796533 ], [ 74.264302673725979, 31.448910955427671 ], [ 74.264232995702343, 31.448800905057169 ], [ 74.264108744289047, 31.448861116757396 ], [ 74.264260592863053, 31.449092076353676 ], [ 74.264380138428052, 31.449033301796533 ] ] ] } },
{ "type": "Feature", "properties": { "OBJECTID": 169581, "SHAPE_Leng": 93.170435338800004, "SHAPE_Area": 432.926609493, "Town": "Allama Iqbal Town", "UC_N0": "UC_120", "Landuse": "R", "KA": null, "Name": null, "Plot_No": null, "Road_Wdth": "30'", "Plot_Size": "18 M", "__source_file": "PCSIR.shp" }, "geometry": { "type": "Polygon", "coordinates": [ [ [ 74.264550049974503, 31.449301658269849 ], [ 74.264460894652629, 31.44916084849929 ], [ 74.264380138428052, 31.449033301796533 ], [ 74.264260592863053, 31.449092076353676 ], [ 74.264434617274375, 31.449356764693519 ], [ 74.264550049974503, 31.449301658269849 ] ] ] } },
{ "type": "Feature", "properties": { "OBJECTID": 169582, "SHAPE_Leng": 81.415492271900007, "SHAPE_Area": 373.44344116100001, "Town": "Allama Iqbal Town", "UC_N0": "UC_120", "Landuse": "R", "KA": null, "Name": null, "Plot_No": null, "Road_Wdth": "60'", "Plot_Size": "18 M", "__source_file": "PCSIR.shp" }, "geometry": { "type": "Polygon", "coordinates": [ [ [ 74.264551326283538, 31.448792346762993 ], [ 74.264475172258216, 31.448683546813179 ], [ 74.264232995702343, 31.448800905057169 ], [ 74.264302673725979, 31.448910955427671 ], [ 74.264551326283538, 31.448792346762993 ] ] ] } },
{ "type": "Feature", "properties": { "OBJECTID": 169583, "SHAPE_Leng": 87.973711944300007, "SHAPE_Area": 447.024294763, "Town": "Allama Iqbal Town", "UC_N0": "UC_120", "Landuse": "R", "KA": null, "Name": null, "Plot_No": null, "Road_Wdth": "60'", "Plot_Size": "18 M", "__source_file": "PCSIR.shp" }, "geometry": { "type": "Polygon", "coordinates": [ [ [ 74.264718569344367, 31.449031281470713 ], [ 74.264632973830913, 31.448908994184073 ], [ 74.264380138428052, 31.449033301796533 ], [ 74.264460894652629, 31.44916084849929 ], [ 74.264718569344367, 31.449031281470713 ] ] ] } },
{ "type": "Feature", "properties": { "OBJECTID": 169584, "SHAPE_Leng": 165.13631400200001, "SHAPE_Area": 1546.0762799, "Town": "Allama Iqbal Town", "UC_N0": "UC_120", "Landuse": "V", "KA": null, "Name": null, "Plot_No": null, "Road_Wdth": "30'", "Plot_Size": "18 M", "__source_file": "PCSIR.shp" }, "geometry": { "type": "Polygon", "coordinates": [ [ [ 74.264307009357381, 31.450627561507204 ], [ 74.264201997322061, 31.450389580653884 ], [ 74.264125794246567, 31.450423548495099 ], [ 74.264032949110373, 31.450457642209081 ], [ 74.264164138765665, 31.450692698839482 ], [ 74.264223049212006, 31.450667700756398 ], [ 74.264307009357381, 31.450627561507204 ] ] ] } },
{ "type": "Feature", "properties": { "OBJECTID": 169585, "SHAPE_Leng": 84.374037517199994, "SHAPE_Area": 382.90737126, "Town": "Allama Iqbal Town", "UC_N0": "UC_120", "Landuse": "R", "KA": null, "Name": null, "Plot_No": null, "Road_Wdth": "30'", "Plot_Size": "18 M", "__source_file": "PCSIR.shp" }, "geometry": { "type": "Polygon", "coordinates": [ [ [ 74.263234511587939, 31.451320145511726 ], [ 74.263114324118092, 31.451080120016346 ], [ 74.262988539631337, 31.451125563157667 ], [ 74.263104033003017, 31.451367597180329 ], [ 74.263234511587939, 31.451320145511726 ] ] ] } },
{ "type": "Feature", "properties": { "OBJECTID": 169586, "SHAPE_Leng": 87.947312530100007, "SHAPE_Area": 435.14724342400001, "Town": "Allama Iqbal Town", "UC_N0": "UC_120", "Landuse": "R", "KA": null, "Name": null, "Plot_No": null, "Road_Wdth": "30'", "Plot_Size": "18 M", "__source_file": "PCSIR.shp" }, "geometry": { "type": "Polygon", "coordinates": [ [ [ 74.263378471254626, 31.451267790055361 ], [ 74.263261931468477, 31.451026793223996 ], [ 74.263114324118092, 31.451080120016346 ], [ 74.263234511587939, 31.451320145511726 ], [ 74.263378471254626, 31.451267790055361 ] ] ] } },
{ "type": "Feature", "properties": { "OBJECTID": 169587, "SHAPE_Leng": 222.39634848200001, "SHAPE_Area": 2392.3024506699999, "Town": "Allama Iqbal Town", "UC_N0": "UC_120", "Landuse": "V", "KA": null, "Name": null, "Plot_No": null, "Road_Wdth": "30'", "Plot_Size": "18 M", "__source_file": "PCSIR.shp" }, "geometry": { "type": "Polygon", "coordinates": [ [ [ 74.263674908799103, 31.450877592070562 ], [ 74.263540857917846, 31.450638277034709 ], [ 74.263397832210046, 31.450691340212693 ], [ 74.263533102851113, 31.450928824170166 ], [ 74.263674908799103, 31.450877592070562 ] ] ] } },
{ "type": "Feature", "properties": { "OBJECTID": 169588, "SHAPE_Leng": 166.260358118, "SHAPE_Area": 1565.98993434, "Town": "Allama Iqbal Town", "UC_N0": "UC_120", "Landuse": "V", "KA": null, "Name": null, "Plot_No": null, "Road_Wdth": "30'", "Plot_Size": "18 M", "__source_file": "PCSIR.shp" }, "geometry": { "type": "Polygon", "coordinates": [ [ [ 74.263653874707416, 31.451167631271371 ], [ 74.263543936983197, 31.450924909988345 ], [ 74.263391605392854, 31.450979944603748 ], [ 74.263513993550632, 31.451218503380581 ], [ 74.263653874707416, 31.451167631271371 ] ] ] } },
{ "type": "Feature", "properties": { "OBJECTID": 169589, "SHAPE_Leng": 88.773141520400003, "SHAPE_Area": 437.890899854, "Town": "Allama Iqbal Town", "UC_N0": "UC_120", "Landuse": "R", "KA": null, "Name": null, "Plot_No": null, "Road_Wdth": "30'", "Plot_Size": "18 M", "__source_file": "PCSIR.shp" }, "geometry": { "type": "Polygon", "coordinates": [ [ [ 74.263930842254268, 31.45078512731666 ], [ 74.263805153917446, 31.450540221368051 ], [ 74.263663185389191, 31.450592892819358 ], [ 74.263786292139301, 31.450837350996039 ], [ 74.263930842254268, 31.45078512731666 ] ] ] } },
{ "type": "Feature", "properties": { "OBJECTID": 169590, "SHAPE_Leng": 87.550848797300006, "SHAPE_Area": 431.66567089099999, "Town": "Allama Iqbal Town", "UC_N0": "UC_120", "Landuse": "R", "KA": null, "Name": null, "Plot_No": null, "Road_Wdth": "30'", "Plot_Size": "18 M", "__source_file": "PCSIR.shp" }, "geometry": { "type": "Polygon", "coordinates": [ [ [ 74.264052708091995, 31.451022582255263 ], [ 74.263930842254268, 31.45078512731666 ], [ 74.263786292139301, 31.450837350996039 ], [ 74.263906373370006, 31.451075801792364 ], [ 74.264052708091995, 31.451022582255263 ] ] ] } },
{ "type": "Feature", "properties": { "OBJECTID": 169591, "SHAPE_Leng": 80.441515991900005, "SHAPE_Area": 352.570383698, "Town": "Allama Iqbal Town", "UC_N0": "UC_120", "Landuse": "V", "KA": null, "Name": null, "Plot_No": "533", "Road_Wdth": "30'", "Plot_Size": "18 M", "__source_file": "PCSIR.shp" }, "geometry": { "type": "Polygon", "coordinates": [ [ [ 74.264652274280138, 31.450154805627193 ], [ 74.264644892479723, 31.450154544007678 ], [ 74.26461157020546, 31.450156463004436 ], [ 74.264572234926945, 31.450165582412303 ], [ 74.264536106142558, 31.450181738628935 ], [ 74.264511176503731, 31.450198805429125 ], [ 74.264696740294013, 31.450410688357415 ], [ 74.264724751740999, 31.450392779392196 ], [ 74.264736090441318, 31.45038552923884 ], [ 74.264782943729116, 31.45035425819562 ], [ 74.264747442030256, 31.450301442053409 ], [ 74.264699084956192, 31.450217499317876 ], [ 74.264669575348151, 31.450156399035617 ], [ 74.264652274280138, 31.450154805627193 ] ] ] } },
{ "type": "Feature", "properties": { "OBJECTID": 169592, "SHAPE_Leng": 83.390924224700001, "SHAPE_Area": 370.60944734899999, "Town": "Allama Iqbal Town", "UC_N0": "UC_120", "Landuse": "V", "KA": null, "Name": null, "Plot_No": null, "Road_Wdth": "30'", "Plot_Size": "18 M", "__source_file": "PCSIR.shp" }, "geometry": { "type": "Polygon", "coordinates": [ [ [ 74.264696740294013, 31.450410688357415 ], [ 74.264511176503731, 31.450198805429125 ], [ 74.264498655968822, 31.45020874462536 ], [ 74.264413603918271, 31.45027068929349 ], [ 74.264581269756732, 31.450481653987929 ], [ 74.264617293156832, 31.450460410409892 ], [ 74.264625092887272, 31.450455810534852 ], [ 74.264636309361478, 31.450448850205344 ], [ 74.264666160226767, 31.450430704603857 ], [ 74.264666331587051, 31.450430593711673 ], [ 74.264696740294013, 31.450410688357415 ] ] ] } },
{ "type": "Feature", "properties": { "OBJECTID": 169593, "SHAPE_Leng": 84.279145764700004, "SHAPE_Area": 395.52195716900002, "Town": "Allama Iqbal Town", "UC_N0": "UC_120", "Landuse": "R", "KA": null, "Name": null, "Plot_No": null, "Road_Wdth": "30'", "Plot_Size": "18 M", "__source_file": "PCSIR.shp" }, "geometry": { "type": "Polygon", "coordinates": [ [ [ 74.264522990906684, 31.450515916089152 ], [ 74.264523024731076, 31.450515897336643 ], [ 74.264523059614888, 31.450515877687991 ], [ 74.264547646870028, 31.450501694237207 ], [ 74.264581269756732, 31.450481653987929 ], [ 74.264413603918271, 31.45027068929349 ], [ 74.264412733175021, 31.450271277054881 ], [ 74.264321648493706, 31.450328102074753 ], [ 74.264303714489728, 31.450338275412896 ], [ 74.264445781651006, 31.450557212371024 ], [ 74.264473441718479, 31.450542934704796 ], [ 74.264522990906684, 31.450515916089152 ] ] ] } },
{ "type": "Feature", "properties": { "OBJECTID": 169594, "SHAPE_Leng": 192.76610406200001, "SHAPE_Area": 1938.4914565199999, "Town": "Allama Iqbal Town", "UC_N0": "UC_120", "Landuse": "V", "KA": null, "Name": null, "Plot_No": null, "Road_Wdth": "30'", "Plot_Size": "18 M", "__source_file": "PCSIR.shp" }, "geometry": { "type": "Polygon", "coordinates": [ [ [ 74.261926776020189, 31.451795728571685 ], [ 74.261814392425975, 31.451556646660769 ], [ 74.261680798774066, 31.451606066702656 ], [ 74.261677996986847, 31.45160710316523 ], [ 74.261776162511538, 31.451850500864118 ], [ 74.261926776020189, 31.451795728571685 ] ] ] } },
{ "type": "Feature", "properties": { "OBJECTID": 169595, "SHAPE_Leng": 121.71234930200001, "SHAPE_Area": 924.22483058399996, "Town": "Allama Iqbal Town", "UC_N0": "UC_120", "Landuse": "R", "KA": null, "Name": null, "Plot_No": null, "Road_Wdth": "30'", "Plot_Size": "18 M", "__source_file": "PCSIR.shp" }, "geometry": { "type": "Polygon", "coordinates": [ [ [ 74.262749525267807, 31.451210710010962 ], [ 74.262877910368317, 31.451449832235046 ], [ 74.263026768939085, 31.451395696332217 ], [ 74.262909387194185, 31.45115157084496 ], [ 74.262749525267807, 31.451210710010962 ] ] ] } },
{ "type": "Feature", "properties": { "OBJECTID": 172570, "SHAPE_Leng": 91.518469347000007, "SHAPE_Area": 490.19213101399998, "Town": "Allama Iqbal Town", "UC_N0": "UC_120", "Landuse": "V", "KA": null, "Name": null, "Plot_No": "135", "Road_Wdth": "30'", "Plot_Size": "18 M", "__source_file": "PCSIR.shp" }, "geometry": { "type": "Polygon", "coordinates": [ [ [ 74.262909387194185, 31.451151570844935 ], [ 74.262794628100821, 31.450912899855641 ], [ 74.262623448281147, 31.450975750529715 ], [ 74.262749520338133, 31.451210711874801 ], [ 74.262909387194185, 31.451151570844935 ] ] ] } },
{ "type": "Feature", "properties": { "OBJECTID": 172571, "SHAPE_Leng": 86.869178660800003, "SHAPE_Area": 423.05614266399999, "Town": "Allama Iqbal Town", "UC_N0": "UC_120", "Landuse": "R", "KA": null, "Name": null, "Plot_No": null, "Road_Wdth": "30'", "Plot_Size": "18 M", "__source_file": "PCSIR.shp" }, "geometry": { "type": "Polygon", "coordinates": [ [ [ 74.262749520338133, 31.451210711874801 ], [ 74.262623448281147, 31.450975750529715 ], [ 74.262485417542109, 31.451026430464701 ], [ 74.262602288683411, 31.451265177937859 ], [ 74.262749520338133, 31.451210711874801 ] ] ] } },
{ "type": "Feature", "properties": { "OBJECTID": 172572, "SHAPE_Leng": 85.885947710899998, "SHAPE_Area": 403.93642204999998, "Town": "Allama Iqbal Town", "UC_N0": "UC_120", "Landuse": "R", "KA": null, "Name": null, "Plot_No": null, "Road_Wdth": "30'", "Plot_Size": "18 M", "__source_file": "PCSIR.shp" }, "geometry": { "type": "Polygon", "coordinates": [ [ [ 74.262720672774634, 31.451507015107946 ], [ 74.262602288683411, 31.451265177937859 ], [ 74.262467497000515, 31.451315041936546 ], [ 74.26258616396612, 31.451555931714715 ], [ 74.262720672774634, 31.451507015107946 ] ] ] } },
{ "type": "Feature", "properties": { "OBJECTID": 172573, "SHAPE_Leng": 85.397743913699998, "SHAPE_Area": 401.502527095, "Town": "Allama Iqbal Town", "UC_N0": "UC_120", "Landuse": "V", "KA": null, "Name": null, "Plot_No": null, "Road_Wdth": "30'", "Plot_Size": "18 M", "__source_file": "PCSIR.shp" }, "geometry": { "type": "Polygon", "coordinates": [ [ [ 74.262602288683411, 31.451265177937859 ], [ 74.262485417542109, 31.451026430464701 ], [ 74.262349843808224, 31.45107620773863 ], [ 74.262467497000515, 31.451315041936546 ], [ 74.262602288683411, 31.451265177937859 ] ] ] } },
{ "type": "Feature", "properties": { "OBJECTID": 172574, "SHAPE_Leng": 84.796906456399995, "SHAPE_Area": 389.45509551700002, "Town": "Allama Iqbal Town", "UC_N0": "UC_120", "Landuse": "R", "KA": null, "Name": null, "Plot_No": null, "Road_Wdth": "30'", "Plot_Size": "18 M", "__source_file": "PCSIR.shp" }, "geometry": { "type": "Polygon", "coordinates": [ [ [ 74.26258616396612, 31.451555931714715 ], [ 74.262467497000515, 31.451315041936546 ], [ 74.262336322382737, 31.451363567872349 ], [ 74.262456936501977, 31.451602927979863 ], [ 74.26258616396612, 31.451555931714715 ] ] ] } },
{ "type": "Feature", "properties": { "OBJECTID": 172575, "SHAPE_Leng": 84.894374781099998, "SHAPE_Area": 393.72223416000003, "Town": "Allama Iqbal Town", "UC_N0": "UC_120", "Landuse": "R", "KA": null, "Name": null, "Plot_No": null, "Road_Wdth": "30'", "Plot_Size": "18 M", "__source_file": "PCSIR.shp" }, "geometry": { "type": "Polygon", "coordinates": [ [ [ 74.262467497000515, 31.451315041936546 ], [ 74.262349843808224, 31.45107620773863 ], [ 74.262216239453565, 31.451125261800009 ], [ 74.262336322382737, 31.451363567872349 ], [ 74.262467497000515, 31.451315041936546 ] ] ] } },
{ "type": "Feature", "properties": { "OBJECTID": 172576, "SHAPE_Leng": 86.369981876500006, "SHAPE_Area": 413.30333527800002, "Town": "Allama Iqbal Town", "UC_N0": "UC_120", "Landuse": "R", "KA": null, "Name": null, "Plot_No": null, "Road_Wdth": "30'", "Plot_Size": "18 M", "__source_file": "PCSIR.shp" }, "geometry": { "type": "Polygon", "coordinates": [ [ [ 74.262456936501977, 31.451602927979863 ], [ 74.262336322382737, 31.451363567872349 ], [ 74.262194368824581, 31.451416081669983 ], [ 74.26232172660248, 31.451652099206935 ], [ 74.262456936501977, 31.451602927979863 ] ] ] } },
{ "type": "Feature", "properties": { "OBJECTID": 172577, "SHAPE_Leng": 138.32723595, "SHAPE_Area": 1154.7942233199999, "Town": "Allama Iqbal Town", "UC_N0": "UC_120", "Landuse": "V", "KA": null, "Name": null, "Plot_No": null, "Road_Wdth": "30'", "Plot_Size": "18 M", "__source_file": "PCSIR.shp" }, "geometry": { "type": "Polygon", "coordinates": [ [ [ 74.261390897659723, 31.451990606316858 ], [ 74.261283325754917, 31.451753101994264 ], [ 74.261108416157015, 31.451817804968265 ], [ 74.261233762653589, 31.452047749528102 ], [ 74.261390897659723, 31.451990606316858 ] ] ] } },
{ "type": "Feature", "properties": { "OBJECTID": 172578, "SHAPE_Leng": 86.705766180099999, "SHAPE_Area": 425.35069871500002, "Town": "Allama Iqbal Town", "UC_N0": "UC_120", "Landuse": "R", "KA": null, "Name": null, "Plot_No": null, "Road_Wdth": "30'", "Plot_Size": "18 M", "__source_file": "PCSIR.shp" }, "geometry": { "type": "Polygon", "coordinates": [ [ [ 74.261661182879038, 31.45189231433412 ], [ 74.261543358910089, 31.451656909605418 ], [ 74.261396871071284, 31.451711098864074 ], [ 74.261517294163269, 31.45194464117878 ], [ 74.261661182879038, 31.45189231433412 ] ] ] } },
{ "type": "Feature", "properties": { "OBJECTID": 172579, "SHAPE_Leng": 169.790976814, "SHAPE_Area": 1622.9308558800001, "Town": "Allama Iqbal Town", "UC_N0": "UC_120", "Landuse": "V", "KA": null, "Name": null, "Plot_No": null, "Road_Wdth": "30'", "Plot_Size": "18 M", "__source_file": "PCSIR.shp" }, "geometry": { "type": "Polygon", "coordinates": [ [ [ 74.261281485547556, 31.451753782729863 ], [ 74.261153600408107, 31.451515410403992 ], [ 74.260978307272808, 31.451579768134362 ], [ 74.26110836026767, 31.451817825642923 ], [ 74.261281485547556, 31.451753782729863 ] ] ] } },
{ "type": "Feature", "properties": { "OBJECTID": 172580, "SHAPE_Leng": 85.817044250500004, "SHAPE_Area": 403.59389318000001, "Town": "Allama Iqbal Town", "UC_N0": "UC_120", "Landuse": "R", "KA": null, "Name": null, "Plot_No": null, "Road_Wdth": "30'", "Plot_Size": "18 M", "__source_file": "PCSIR.shp" }, "geometry": { "type": "Polygon", "coordinates": [ [ [ 74.261680798774051, 31.451606066702656 ], [ 74.261554902118874, 31.451368073876612 ], [ 74.261423025835015, 31.45141649197231 ], [ 74.261543358910089, 31.451656909605418 ], [ 74.261680798774051, 31.451606066702656 ] ] ] } },
{ "type": "Feature", "properties": { "OBJECTID": 172581, "SHAPE_Leng": 110.533405821, "SHAPE_Area": 763.31384898500005, "Town": "Allama Iqbal Town", "UC_N0": "UC_120", "Landuse": "V", "KA": null, "Name": null, "Plot_No": null, "Road_Wdth": "50'", "Plot_Size": "18 M", "__source_file": "PCSIR.shp" }, "geometry": { "type": "Polygon", "coordinates": [ [ [ 74.263796293904704, 31.451464025659611 ], [ 74.263894594519016, 31.451704339636599 ], [ 74.264037783164866, 31.451652187277919 ], [ 74.263921875676516, 31.451418211276962 ], [ 74.263802213484581, 31.451461866099109 ], [ 74.263796293904704, 31.451464025659611 ] ] ] } },
{ "type": "Feature", "properties": { "OBJECTID": 172582, "SHAPE_Leng": 86.909509635000006, "SHAPE_Area": 410.01091577400001, "Town": "Allama Iqbal Town", "UC_N0": "UC_120", "Landuse": "R", "KA": null, "Name": null, "Plot_No": null, "Road_Wdth": "30'", "Plot_Size": "18 M", "__source_file": "PCSIR.shp" }, "geometry": { "type": "Polygon", "coordinates": [ [ [ 74.26510242730096, 31.450861123888494 ], [ 74.264901745068173, 31.450655373818488 ], [ 74.264845774015981, 31.450696938387253 ], [ 74.264794102219795, 31.450733234253381 ], [ 74.264986932712276, 31.450942684569007 ], [ 74.265025115282413, 31.450917329197761 ], [ 74.265035748467426, 31.450910268046705 ], [ 74.265051381849176, 31.450899289252813 ], [ 74.265051428422041, 31.450899255235509 ], [ 74.265051494043576, 31.450899207794105 ], [ 74.265095838695899, 31.450866291022933 ], [ 74.26510242730096, 31.450861123888494 ] ] ] } },
{ "type": "Feature", "properties": { "OBJECTID": 172587, "SHAPE_Leng": 144.71566411500001, "SHAPE_Area": 1254.4948310100001, "Town": "Allama Iqbal Town", "UC_N0": "UC_120", "Landuse": "R", "KA": null, "Name": null, "Plot_No": null, "Road_Wdth": "30'", "Plot_Size": "18 M", "__source_file": "PCSIR.shp" }, "geometry": { "type": "Polygon", "coordinates": [ [ [ 74.264859412178609, 31.451022854942433 ], [ 74.264705411215473, 31.450790519592854 ], [ 74.264608485106351, 31.450848963537837 ], [ 74.264544882407634, 31.45088328860291 ], [ 74.264690911839082, 31.45111621314215 ], [ 74.264801982819364, 31.451056911241434 ], [ 74.26480204201404, 31.451056878198855 ], [ 74.264806584345209, 31.451054317591893 ], [ 74.264859412178609, 31.451022854942433 ] ] ] } },
{ "type": "Feature", "properties": { "OBJECTID": 172588, "SHAPE_Leng": 82.166183499, "SHAPE_Area": 353.61968467399998, "Town": "Allama Iqbal Town", "UC_N0": "UC_120", "Landuse": "R", "KA": null, "Name": null, "Plot_No": null, "Road_Wdth": "50'", "Plot_Size": "18 M", "__source_file": "PCSIR.shp" }, "geometry": { "type": "Polygon", "coordinates": [ [ [ 74.264840410798726, 31.451342832201806 ], [ 74.264688295658019, 31.451117609945122 ], [ 74.264670239705126, 31.451126673797592 ], [ 74.264670068547943, 31.451126758526378 ], [ 74.264584423140022, 31.451167701500133 ], [ 74.264718078479376, 31.451400305473928 ], [ 74.264830516948976, 31.451347797199205 ], [ 74.264840410798726, 31.451342832201806 ] ] ] } },
{ "type": "Feature", "properties": { "OBJECTID": 172589, "SHAPE_Leng": 84.560345342199994, "SHAPE_Area": 393.265949638, "Town": "Allama Iqbal Town", "UC_N0": "UC_120", "Landuse": "R", "KA": null, "Name": null, "Plot_No": null, "Road_Wdth": "50'", "Plot_Size": "18 M", "__source_file": "PCSIR.shp" }, "geometry": { "type": "Polygon", "coordinates": [ [ [ 74.265096504294959, 31.45119245914524 ], [ 74.264921232504548, 31.450986036583092 ], [ 74.264806584345209, 31.451054317591893 ], [ 74.264975511407172, 31.4512690233156 ], [ 74.265060689264544, 31.451216242911013 ], [ 74.265096504294959, 31.45119245914524 ] ] ] } },
{ "type": "Feature", "properties": { "OBJECTID": 172590, "SHAPE_Leng": 86.024612648100003, "SHAPE_Area": 409.98821976400001, "Town": "Allama Iqbal Town", "UC_N0": "UC_120", "Landuse": "R", "KA": null, "Name": null, "Plot_No": null, "Road_Wdth": "50'", "Plot_Size": "18 M", "__source_file": "PCSIR.shp" }, "geometry": { "type": "Polygon", "coordinates": [ [ [ 74.264975511407172, 31.4512690233156 ], [ 74.264806584345209, 31.451054317591893 ], [ 74.26480204201404, 31.451056878198855 ], [ 74.264801982819364, 31.451056911241427 ], [ 74.264688295658019, 31.451117609945122 ], [ 74.264840410798726, 31.451342832201806 ], [ 74.264948009521859, 31.451284994569363 ], [ 74.264975511407172, 31.4512690233156 ] ] ] } },
{ "type": "Feature", "properties": { "OBJECTID": 172591, "SHAPE_Leng": 82.843462569899998, "SHAPE_Area": 374.503964489, "Town": "Allama Iqbal Town", "UC_N0": "UC_120", "Landuse": "R", "KA": null, "Name": null, "Plot_No": null, "Road_Wdth": "50'", "Plot_Size": "18 M", "__source_file": "PCSIR.shp" }, "geometry": { "type": "Polygon", "coordinates": [ [ [ 74.264445708242349, 31.45150361174662 ], [ 74.264327668560625, 31.451271675514679 ], [ 74.264263166964142, 31.451293700055817 ], [ 74.264199634035577, 31.451316878661128 ], [ 74.264315476409095, 31.451551045317512 ], [ 74.264445708242349, 31.45150361174662 ] ] ] } },
{ "type": "Feature", "properties": { "OBJECTID": 172592, "SHAPE_Leng": 83.587764835800002, "SHAPE_Area": 383.48915331799998, "Town": "Allama Iqbal Town", "UC_N0": "UC_120", "Landuse": "R", "KA": null, "Name": null, "Plot_No": null, "Road_Wdth": "50'", "Plot_Size": "18 M", "__source_file": "PCSIR.shp" }, "geometry": { "type": "Polygon", "coordinates": [ [ [ 74.264579383869489, 31.451454923873079 ], [ 74.264457515014925, 31.451222464133611 ], [ 74.264394158589738, 31.451247310259824 ], [ 74.264327668560625, 31.451271675514679 ], [ 74.264445708242349, 31.45150361174662 ], [ 74.264579383869489, 31.451454923873079 ] ] ] } },
{ "type": "Feature", "properties": { "OBJECTID": 172593, "SHAPE_Leng": 84.996709213800003, "SHAPE_Area": 399.69241755799999, "Town": "Allama Iqbal Town", "UC_N0": "UC_120", "Landuse": "R", "KA": null, "Name": null, "Plot_No": null, "Road_Wdth": "50'", "Plot_Size": "18 M", "__source_file": "PCSIR.shp" }, "geometry": { "type": "Polygon", "coordinates": [ [ [ 74.264718078479376, 31.451400305473928 ], [ 74.264584423140022, 31.451167701500133 ], [ 74.264534098269621, 31.451190237034641 ], [ 74.264457515014925, 31.451222464133611 ], [ 74.264579383869489, 31.451454923873079 ], [ 74.264637145320236, 31.451433885404818 ], [ 74.264687050826254, 31.451413582235578 ], [ 74.264718078479376, 31.451400305473928 ] ] ] } },
{ "type": "Feature", "properties": { "OBJECTID": 172594, "SHAPE_Leng": 85.313015238999995, "SHAPE_Area": 407.80667814100002, "Town": "Allama Iqbal Town", "UC_N0": "UC_120", "Landuse": "V", "KA": null, "Name": null, "Plot_No": null, "Road_Wdth": "50'", "Plot_Size": "18 M", "__source_file": "PCSIR.shp" }, "geometry": { "type": "Polygon", "coordinates": [ [ [ 74.264315476409095, 31.451551045317512 ], [ 74.264199634035577, 31.451316878661128 ], [ 74.264057768525134, 31.451368634465595 ], [ 74.264177111146708, 31.451601440949783 ], [ 74.264315476409095, 31.451551045317512 ] ] ] } },
{ "type": "Feature", "properties": { "OBJECTID": 172595, "SHAPE_Leng": 86.431432561899996, "SHAPE_Area": 392.549620146, "Town": "Allama Iqbal Town", "UC_N0": "UC_120", "Landuse": "R", "KA": null, "Name": null, "Plot_No": null, "Road_Wdth": "30'", "Plot_Size": "18 M", "__source_file": "PCSIR.shp" }, "geometry": { "type": "Polygon", "coordinates": [ [ [ 74.264584423140022, 31.451167701500133 ], [ 74.264445465756992, 31.450925869654903 ], [ 74.26432542731132, 31.450970511655623 ], [ 74.264457515014925, 31.451222464133611 ], [ 74.264534098269621, 31.451190237034641 ], [ 74.264584423140022, 31.451167701500133 ] ] ] } },
{ "type": "Feature", "properties": { "OBJECTID": 172596, "SHAPE_Leng": 87.170828142299996, "SHAPE_Area": 397.050271474, "Town": "Allama Iqbal Town", "UC_N0": "UC_120", "Landuse": "V", "KA": null, "Name": null, "Plot_No": null, "Road_Wdth": "30'", "Plot_Size": "18 M", "__source_file": "PCSIR.shp" }, "geometry": { "type": "Polygon", "coordinates": [ [ [ 74.264327668560625, 31.451271675514679 ], [ 74.264198434016549, 31.451017739966961 ], [ 74.264074459346389, 31.451063845984283 ], [ 74.264199634035577, 31.451316878661128 ], [ 74.264263166964142, 31.451293700055817 ], [ 74.264327668560625, 31.451271675514679 ] ] ] } },
{ "type": "Feature", "properties": { "OBJECTID": 172597, "SHAPE_Leng": 87.9696140259, "SHAPE_Area": 409.03481436599998, "Town": "Allama Iqbal Town", "UC_N0": "UC_120", "Landuse": "R", "KA": null, "Name": null, "Plot_No": null, "Road_Wdth": "30'", "Plot_Size": "18 M", "__source_file": "PCSIR.shp" }, "geometry": { "type": "Polygon", "coordinates": [ [ [ 74.264457515014925, 31.451222464133611 ], [ 74.26432542731132, 31.450970511655623 ], [ 74.264198434016549, 31.451017739966961 ], [ 74.264327668560625, 31.451271675514679 ], [ 74.264394158589738, 31.451247310259824 ], [ 74.264457515014925, 31.451222464133611 ] ] ] } },
{ "type": "Feature", "properties": { "OBJECTID": 172598, "SHAPE_Leng": 83.326378578299995, "SHAPE_Area": 380.30568314200002, "Town": "Allama Iqbal Town", "UC_N0": "UC_120", "Landuse": "R", "KA": null, "Name": null, "Plot_No": null, "Road_Wdth": "50'", "Plot_Size": "18 M", "__source_file": "PCSIR.shp" }, "geometry": { "type": "Polygon", "coordinates": [ [ [ 74.263774837186233, 31.451747957642549 ], [ 74.263659910588999, 31.451513780441701 ], [ 74.263527782150533, 31.451561982728727 ], [ 74.263645327678816, 31.451795126714718 ], [ 74.263774837186233, 31.451747957642549 ] ] ] } },
{ "type": "Feature", "properties": { "OBJECTID": 172599, "SHAPE_Leng": 115.066093483, "SHAPE_Area": 827.07947854600002, "Town": "Allama Iqbal Town", "UC_N0": "UC_120", "Landuse": "V", "KA": null, "Name": null, "Plot_No": null, "Road_Wdth": "50'", "Plot_Size": "18 M", "__source_file": "PCSIR.shp" }, "geometry": { "type": "Polygon", "coordinates": [ [ [ 74.26336737205942, 31.451620502898393 ], [ 74.263502293686656, 31.451847222122609 ], [ 74.263645327678816, 31.451795126714739 ], [ 74.263527782150533, 31.451561982728705 ], [ 74.263396811413273, 31.45160976297878 ], [ 74.26336737205942, 31.451620502898393 ] ] ] } },
{ "type": "Feature", "properties": { "OBJECTID": 172600, "SHAPE_Leng": 87.636851194499997, "SHAPE_Area": 414.08975078600002, "Town": "Allama Iqbal Town", "UC_N0": "UC_120", "Landuse": "R", "KA": null, "Name": null, "Plot_No": null, "Road_Wdth": "30'", "Plot_Size": "18 M", "__source_file": "PCSIR.shp" }, "geometry": { "type": "Polygon", "coordinates": [ [ [ 74.263659910588999, 31.451513780441701 ], [ 74.26353716227284, 31.451263663665223 ], [ 74.263402606500051, 31.451313703236622 ], [ 74.263527782150533, 31.451561982728727 ], [ 74.263659910588999, 31.451513780441701 ] ] ] } },
{ "type": "Feature", "properties": { "OBJECTID": 172601, "SHAPE_Leng": 89.003937605299996, "SHAPE_Area": 433.03768030100002, "Town": "Allama Iqbal Town", "UC_N0": "UC_120", "Landuse": "R", "KA": null, "Name": null, "Plot_No": null, "Road_Wdth": "30'", "Plot_Size": "18 M", "__source_file": "PCSIR.shp" }, "geometry": { "type": "Polygon", "coordinates": [ [ [ 74.263802213484581, 31.451461866099088 ], [ 74.263672851528, 31.451213201909891 ], [ 74.26353716227284, 31.451263663665223 ], [ 74.263659910588999, 31.451513780441701 ], [ 74.263802213484581, 31.451461866099088 ] ] ] } },
{ "type": "Feature", "properties": { "OBJECTID": 172602, "SHAPE_Leng": 90.346403472399999, "SHAPE_Area": 457.58461797699999, "Town": "Allama Iqbal Town", "UC_N0": "UC_120", "Landuse": "V", "KA": null, "Name": null, "Plot_No": "548", "Road_Wdth": "30'", "Plot_Size": "18 M", "__source_file": "PCSIR.shp" }, "geometry": { "type": "Polygon", "coordinates": [ [ [ 74.263396811413273, 31.45160976297878 ], [ 74.263272881677437, 31.451361946153106 ], [ 74.263127189927246, 31.45141612755101 ], [ 74.263245865970205, 31.451664830051204 ], [ 74.263396811413273, 31.45160976297878 ] ] ] } },
{ "type": "Feature", "properties": { "OBJECTID": 172603, "SHAPE_Leng": 84.778585152700003, "SHAPE_Area": 400.39352081300001, "Town": "Allama Iqbal Town", "UC_N0": "UC_120", "Landuse": "R", "KA": null, "Name": null, "Plot_No": null, "Road_Wdth": "50'", "Plot_Size": "18 M", "__source_file": "PCSIR.shp" }, "geometry": { "type": "Polygon", "coordinates": [ [ [ 74.264177111146708, 31.451601440949783 ], [ 74.264057768525134, 31.451368634465595 ], [ 74.263921875676488, 31.45141821127693 ], [ 74.264037783164866, 31.451652187277901 ], [ 74.264177111146708, 31.451601440949783 ] ] ] } },
{ "type": "Feature", "properties": { "OBJECTID": 172604, "SHAPE_Leng": 86.826172764500001, "SHAPE_Area": 403.50256307400002, "Town": "Allama Iqbal Town", "UC_N0": "UC_120", "Landuse": "R", "KA": null, "Name": null, "Plot_No": null, "Road_Wdth": "30'", "Plot_Size": "18 M", "__source_file": "PCSIR.shp" }, "geometry": { "type": "Polygon", "coordinates": [ [ [ 74.263527782150533, 31.451561982728727 ], [ 74.263402606500051, 31.451313703236622 ], [ 74.263272881677437, 31.451361946153106 ], [ 74.263396811413273, 31.45160976297878 ], [ 74.263527782150533, 31.451561982728727 ] ] ] } },
{ "type": "Feature", "properties": { "OBJECTID": 172605, "SHAPE_Leng": 172.13176970200001, "SHAPE_Area": 1643.45382311, "Town": "Allama Iqbal Town", "UC_N0": "UC_120", "Landuse": "V", "KA": null, "Name": null, "Plot_No": null, "Road_Wdth": "30'", "Plot_Size": "18 M", "__source_file": "PCSIR.shp" }, "geometry": { "type": "Polygon", "coordinates": [ [ [ 74.2620743534832, 31.453058419677742 ], [ 74.261958176229399, 31.45281924406093 ], [ 74.261800589317986, 31.452878024714451 ], [ 74.261913840930845, 31.453116818189738 ], [ 74.2620743534832, 31.453058419677742 ] ] ] } },
{ "type": "Feature", "properties": { "OBJECTID": 172606, "SHAPE_Leng": 90.117575208700003, "SHAPE_Area": 465.52415626300001, "Town": "Allama Iqbal Town", "UC_N0": "UC_120", "Landuse": "R", "KA": null, "Name": null, "Plot_No": null, "Road_Wdth": "50'", "Plot_Size": "18 M", "__source_file": "PCSIR.shp" }, "geometry": { "type": "Polygon", "coordinates": [ [ [ 74.263458597090334, 31.452259568596379 ], [ 74.263337108264338, 31.452020062743475 ], [ 74.263186229902601, 31.452075344850726 ], [ 74.263299228293519, 31.452319016299104 ], [ 74.263458597090334, 31.452259568596379 ] ] ] } },
{ "type": "Feature", "properties": { "OBJECTID": 172607, "SHAPE_Leng": 94.084729971000002, "SHAPE_Area": 510.50345963699999, "Town": "Allama Iqbal Town", "UC_N0": "UC_120", "Landuse": "R", "KA": null, "Name": null, "Plot_No": null, "Road_Wdth": "30'", "Plot_Size": "18 M", "__source_file": "PCSIR.shp" }, "geometry": { "type": "Polygon", "coordinates": [ [ [ 74.263458597090334, 31.452259568596379 ], [ 74.263299228293519, 31.452319016299104 ], [ 74.26341578659482, 31.452570362591629 ], [ 74.263585015991183, 31.452508789864243 ], [ 74.263458597090334, 31.452259568596379 ] ] ] } },
{ "type": "Feature", "properties": { "OBJECTID": 172608, "SHAPE_Leng": 87.720741302099995, "SHAPE_Area": 429.26414042900001, "Town": "Allama Iqbal Town", "UC_N0": "UC_120", "Landuse": "R", "KA": null, "Name": null, "Plot_No": null, "Road_Wdth": "50'", "Plot_Size": "18 M", "__source_file": "PCSIR.shp" }, "geometry": { "type": "Polygon", "coordinates": [ [ [ 74.263299228293519, 31.452319016299104 ], [ 74.263186229902601, 31.452075344850726 ], [ 74.263042180317314, 31.452128124501968 ], [ 74.263158166521308, 31.452371634620423 ], [ 74.263299228293519, 31.452319016299104 ] ] ] } },
{ "type": "Feature", "properties": { "OBJECTID": 172609, "SHAPE_Leng": 88.776649553499993, "SHAPE_Area": 432.90473178100001, "Town": "Allama Iqbal Town", "UC_N0": "UC_120", "Landuse": "R", "KA": null, "Name": null, "Plot_No": null, "Road_Wdth": "30'", "Plot_Size": "18 M", "__source_file": "PCSIR.shp" }, "geometry": { "type": "Polygon", "coordinates": [ [ [ 74.26341578659482, 31.452570362591629 ], [ 74.263299228293519, 31.452319016299104 ], [ 74.263158166521308, 31.452371634620423 ], [ 74.2632768930862, 31.452620897640035 ], [ 74.26341578659482, 31.452570362591629 ] ] ] } },
{ "type": "Feature", "properties": { "OBJECTID": 172610, "SHAPE_Leng": 83.946706363600001, "SHAPE_Area": 377.44148087500002, "Town": "Allama Iqbal Town", "UC_N0": "UC_120", "Landuse": "R", "KA": null, "Name": null, "Plot_No": null, "Road_Wdth": "30'", "Plot_Size": "18 M", "__source_file": "PCSIR.shp" }, "geometry": { "type": "Polygon", "coordinates": [ [ [ 74.26235940066168, 31.452954711793147 ], [ 74.262232943522406, 31.452716754314391 ], [ 74.262109819562454, 31.452762680135272 ], [ 74.262230099214989, 31.453001755191348 ], [ 74.26235940066168, 31.452954711793147 ] ] ] } },
{ "type": "Feature", "properties": { "OBJECTID": 172611, "SHAPE_Leng": 84.894427189300004, "SHAPE_Area": 383.14049083999998, "Town": "Allama Iqbal Town", "UC_N0": "UC_120", "Landuse": "R", "KA": null, "Name": null, "Plot_No": null, "Road_Wdth": "30'", "Plot_Size": "18 M", "__source_file": "PCSIR.shp" }, "geometry": { "type": "Polygon", "coordinates": [ [ [ 74.262893699495081, 31.452760317872436 ], [ 74.262776210692707, 31.452514110252682 ], [ 74.262649660973025, 31.452561314280064 ], [ 74.262768415681876, 31.452805899880257 ], [ 74.262893699495081, 31.452760317872436 ] ] ] } },
{ "type": "Feature", "properties": { "OBJECTID": 172612, "SHAPE_Leng": 86.4594260115, "SHAPE_Area": 400.49460140999997, "Town": "Allama Iqbal Town", "UC_N0": "UC_120", "Landuse": "R", "KA": null, "Name": null, "Plot_No": null, "Road_Wdth": "30'", "Plot_Size": "18 M", "__source_file": "PCSIR.shp" }, "geometry": { "type": "Polygon", "coordinates": [ [ [ 74.2632768930862, 31.452620897640035 ], [ 74.263158166521308, 31.452371634620423 ], [ 74.263026711039089, 31.452420669385884 ], [ 74.263148256427556, 31.452667700395349 ], [ 74.2632768930862, 31.452620897640035 ] ] ] } },
{ "type": "Feature", "properties": { "OBJECTID": 172613, "SHAPE_Leng": 86.181242531400002, "SHAPE_Area": 405.99178386300002, "Town": "Allama Iqbal Town", "UC_N0": "UC_120", "Landuse": "R", "KA": null, "Name": null, "Plot_No": null, "Road_Wdth": "30'", "Plot_Size": "18 M", "__source_file": "PCSIR.shp" }, "geometry": { "type": "Polygon", "coordinates": [ [ [ 74.262632500018896, 31.45285535064739 ], [ 74.262507579886517, 31.452614312159852 ], [ 74.262376988220623, 31.452663024618452 ], [ 74.262493918102663, 31.452905771145254 ], [ 74.262632500018896, 31.45285535064739 ] ] ] } },
{ "type": "Feature", "properties": { "OBJECTID": 172614, "SHAPE_Leng": 86.904135711799995, "SHAPE_Area": 418.35879201799997, "Town": "Allama Iqbal Town", "UC_N0": "UC_120", "Landuse": "R", "KA": null, "Name": null, "Plot_No": null, "Road_Wdth": "30'", "Plot_Size": "18 M", "__source_file": "PCSIR.shp" }, "geometry": { "type": "Polygon", "coordinates": [ [ [ 74.262493918102663, 31.452905771145254 ], [ 74.262376988220623, 31.452663024618452 ], [ 74.262232943522406, 31.452716754314391 ], [ 74.26235940066168, 31.452954711793147 ], [ 74.262493918102663, 31.452905771145254 ] ] ] } },
{ "type": "Feature", "properties": { "OBJECTID": 172615, "SHAPE_Leng": 87.35132276, "SHAPE_Area": 421.18041065699998, "Town": "Allama Iqbal Town", "UC_N0": "UC_120", "Landuse": "V", "KA": null, "Name": null, "Plot_No": null, "Road_Wdth": "30'", "Plot_Size": "18 M", "__source_file": "PCSIR.shp" }, "geometry": { "type": "Polygon", "coordinates": [ [ [ 74.262768415681876, 31.452805899880257 ], [ 74.262649660973025, 31.452561314280064 ], [ 74.262507579886517, 31.452614312159852 ], [ 74.262632500018896, 31.45285535064739 ], [ 74.262768415681876, 31.452805899880257 ] ] ] } },
{ "type": "Feature", "properties": { "OBJECTID": 172616, "SHAPE_Leng": 111.435000265, "SHAPE_Area": 772.99939869499997, "Town": "Allama Iqbal Town", "UC_N0": "UC_120", "Landuse": "V", "KA": null, "Name": null, "Plot_No": null, "Road_Wdth": "30'", "Plot_Size": "18 M", "__source_file": "PCSIR.shp" }, "geometry": { "type": "Polygon", "coordinates": [ [ [ 74.262895166887603, 31.452469737664636 ], [ 74.263004090929471, 31.452720153362506 ], [ 74.263148256427556, 31.452667700395356 ], [ 74.263026711039089, 31.452420669385884 ], [ 74.262895166887603, 31.452469737664636 ] ] ] } },
{ "type": "Feature", "properties": { "OBJECTID": 172617, "SHAPE_Leng": 173.436975832, "SHAPE_Area": 1504.68484874, "Town": "Allama Iqbal Town", "UC_N0": "UC_120", "Landuse": "V", "KA": null, "Name": null, "Plot_No": "597", "Road_Wdth": "30'", "Plot_Size": "18 M", "__source_file": "PCSIR.shp" }, "geometry": { "type": "Polygon", "coordinates": [ [ [ 74.265823434085362, 31.451110677461688 ], [ 74.265642750102145, 31.451276182360409 ], [ 74.265643558201802, 31.451276731149331 ], [ 74.265886659270237, 31.451441824427018 ], [ 74.265945179758148, 31.451386035101542 ], [ 74.26604373684232, 31.451283589237505 ], [ 74.266104151652868, 31.45121469053241 ], [ 74.266045061711594, 31.451195198611227 ], [ 74.265891722941021, 31.451139220968599 ], [ 74.265823434085362, 31.451110677461688 ] ] ] } },
{ "type": "Feature", "properties": { "OBJECTID": 172618, "SHAPE_Leng": 250.802325529, "SHAPE_Area": 2805.93374167, "Town": "Allama Iqbal Town", "UC_N0": "UC_120", "Landuse": "R", "KA": null, "Name": null, "Plot_No": null, "Road_Wdth": "50'", "Plot_Size": "18 M", "__source_file": "PCSIR.shp" }, "geometry": { "type": "Polygon", "coordinates": [ [ [ 74.264389268837661, 31.451634543131455 ], [ 74.264530577431501, 31.451869672138201 ], [ 74.264750711171232, 31.451789754169084 ], [ 74.264622503608734, 31.451549082240927 ], [ 74.264389268837661, 31.451634543131455 ] ] ] } },
{ "type": "Feature", "properties": { "OBJECTID": 172625, "SHAPE_Leng": 141.77379324699999, "SHAPE_Area": 1230.09110123, "Town": "Allama Iqbal Town", "UC_N0": "UC_120", "Landuse": "R", "KA": null, "Name": null, "Plot_No": null, "Road_Wdth": "50'", "Plot_Size": "18 M", "__source_file": "PCSIR.shp" }, "geometry": { "type": "Polygon", "coordinates": [ [ [ 74.265124679021341, 31.451626972060545 ], [ 74.264975320804169, 31.451384043036555 ], [ 74.264967489528587, 31.451388594280022 ], [ 74.264835113306802, 31.451457309491438 ], [ 74.264831067987117, 31.451459199256544 ], [ 74.264982873005792, 31.451696405137394 ], [ 74.264983996897584, 31.451695922796748 ], [ 74.265012787811955, 31.45168268996936 ], [ 74.26501283428658, 31.451682668582624 ], [ 74.265012872320881, 31.451682649854138 ], [ 74.265124679021341, 31.451626972060545 ] ] ] } },
{ "type": "Feature", "properties": { "OBJECTID": 172626, "SHAPE_Leng": 85.304554424800003, "SHAPE_Area": 374.416845008, "Town": "Allama Iqbal Town", "UC_N0": "UC_120", "Landuse": "V", "KA": null, "Name": null, "Plot_No": null, "Road_Wdth": "30'", "Plot_Size": "18 M", "__source_file": "PCSIR.shp" }, "geometry": { "type": "Polygon", "coordinates": [ [ [ 74.26513462886922, 31.451937024370697 ], [ 74.264983996897584, 31.451695922796748 ], [ 74.264877078323934, 31.451741808971676 ], [ 74.264876646504334, 31.451741984231631 ], [ 74.265009520407162, 31.451990483321353 ], [ 74.265095140452388, 31.451954614943958 ], [ 74.26513462886922, 31.451937024370697 ] ] ] } },
{ "type": "Feature", "properties": { "OBJECTID": 172627, "SHAPE_Leng": 91.636343228699999, "SHAPE_Area": 470.29792048100001, "Town": "Allama Iqbal Town", "UC_N0": "UC_120", "Landuse": "R", "KA": null, "Name": null, "Plot_No": null, "Road_Wdth": "30'", "Plot_Size": "18 M", "__source_file": "PCSIR.shp" }, "geometry": { "type": "Polygon", "coordinates": [ [ [ 74.265286901095209, 31.451862639725313 ], [ 74.265115784512389, 31.451632127501057 ], [ 74.265012872320881, 31.451682649854138 ], [ 74.26501283428658, 31.451682668582624 ], [ 74.265012787811941, 31.451682689969342 ], [ 74.264983996897584, 31.451695922796748 ], [ 74.26513462886922, 31.451937024370697 ], [ 74.265231254075204, 31.451891069912133 ], [ 74.265286901095209, 31.451862639725313 ] ] ] } },
{ "type": "Feature", "properties": { "OBJECTID": 172628, "SHAPE_Leng": 89.452391072699996, "SHAPE_Area": 445.91577109000002, "Town": "Allama Iqbal Town", "UC_N0": "UC_120", "Landuse": "R", "KA": null, "Name": null, "Plot_No": null, "Road_Wdth": "30'", "Plot_Size": "18 M", "__source_file": "PCSIR.shp" }, "geometry": { "type": "Polygon", "coordinates": [ [ [ 74.265886659270222, 31.451441824427018 ], [ 74.265643558201802, 31.451276731149356 ], [ 74.265622322408106, 31.451294893890218 ], [ 74.265535899320696, 31.451364859429223 ], [ 74.265767944643429, 31.451545179542954 ], [ 74.265840241818125, 31.451483715750495 ], [ 74.265886659270222, 31.451441824427018 ] ] ] } },
{ "type": "Feature", "properties": { "OBJECTID": 172629, "SHAPE_Leng": 88.051084151699996, "SHAPE_Area": 402.70590581699997, "Town": "Allama Iqbal Town", "UC_N0": "UC_120", "Landuse": "R", "KA": null, "Name": null, "Plot_No": null, "Road_Wdth": "50'", "Plot_Size": "18 M", "__source_file": "PCSIR.shp" }, "geometry": { "type": "Polygon", "coordinates": [ [ [ 74.265643558201802, 31.451276731149356 ], [ 74.265388873075821, 31.451103771240472 ], [ 74.26533554694268, 31.451146389650429 ], [ 74.265294800936687, 31.451177501943359 ], [ 74.265535899320696, 31.451364859429223 ], [ 74.265622322408106, 31.451294893890218 ], [ 74.265643558201802, 31.451276731149356 ] ] ] } },
{ "type": "Feature", "properties": { "OBJECTID": 172630, "SHAPE_Leng": 91.936186516600003, "SHAPE_Area": 465.15531701899999, "Town": "Allama Iqbal Town", "UC_N0": "UC_120", "Landuse": "R", "KA": null, "Name": null, "Plot_No": null, "Road_Wdth": "50'", "Plot_Size": "18 M", "__source_file": "PCSIR.shp" }, "geometry": { "type": "Polygon", "coordinates": [ [ [ 74.265535899320696, 31.451364859429223 ], [ 74.265294800936687, 31.451177501943359 ], [ 74.265218213492787, 31.451232815611718 ], [ 74.265186544278365, 31.45125454717579 ], [ 74.265400119997821, 31.451463100880023 ], [ 74.265412829028946, 31.45145423632718 ], [ 74.265465804803938, 31.45141728726615 ], [ 74.265510901881228, 31.451383988517438 ], [ 74.265535899320696, 31.451364859429223 ] ] ] } },
{ "type": "Feature", "properties": { "OBJECTID": 172631, "SHAPE_Leng": 88.522745984500006, "SHAPE_Area": 415.991616099, "Town": "Allama Iqbal Town", "UC_N0": "UC_120", "Landuse": "R", "KA": null, "Name": null, "Plot_No": null, "Road_Wdth": "50'", "Plot_Size": "18 M", "__source_file": "PCSIR.shp" }, "geometry": { "type": "Polygon", "coordinates": [ [ [ 74.265400119997821, 31.451463100880023 ], [ 74.265186544278365, 31.45125454717579 ], [ 74.265095364380244, 31.451313662935924 ], [ 74.265077831582673, 31.45132446753275 ], [ 74.265280484401472, 31.451539697478854 ], [ 74.265292959920828, 31.4515320324603 ], [ 74.265327268902396, 31.451510953885904 ], [ 74.265393922351876, 31.451467525935634 ], [ 74.265400119997821, 31.451463100880023 ] ] ] } },
{ "type": "Feature", "properties": { "OBJECTID": 172632, "SHAPE_Leng": 89.293172901999995, "SHAPE_Area": 436.44175567399998, "Town": "Allama Iqbal Town", "UC_N0": "UC_120", "Landuse": "R", "KA": null, "Name": null, "Plot_No": "615", "Road_Wdth": "30'", "Plot_Size": "18 M", "__source_file": "PCSIR.shp" }, "geometry": { "type": "Polygon", "coordinates": [ [ [ 74.263813086980164, 31.452425807001514 ], [ 74.263682469040916, 31.452177566890214 ], [ 74.263545107541859, 31.452227433475848 ], [ 74.263670227473526, 31.452477785801445 ], [ 74.263813086980164, 31.452425807001514 ] ] ] } },
{ "type": "Feature", "properties": { "OBJECTID": 172633, "SHAPE_Leng": 85.657201753799995, "SHAPE_Area": 402.05015168699998, "Town": "Allama Iqbal Town", "UC_N0": "UC_120", "Landuse": "R", "KA": null, "Name": null, "Plot_No": null, "Road_Wdth": "50'", "Plot_Size": "18 M", "__source_file": "PCSIR.shp" }, "geometry": { "type": "Polygon", "coordinates": [ [ [ 74.263682469040916, 31.452177566890214 ], [ 74.26355716862102, 31.451939432361911 ], [ 74.263425316524163, 31.45198774348739 ], [ 74.263545107541859, 31.452227433475848 ], [ 74.263682469040916, 31.452177566890214 ] ] ] } },
{ "type": "Feature", "properties": { "OBJECTID": 172634, "SHAPE_Leng": 87.40734037, "SHAPE_Area": 408.15216845200001, "Town": "Allama Iqbal Town", "UC_N0": "UC_120", "Landuse": "V", "KA": null, "Name": null, "Plot_No": null, "Road_Wdth": "30'", "Plot_Size": "18 M", "__source_file": "PCSIR.shp" }, "geometry": { "type": "Polygon", "coordinates": [ [ [ 74.26394221483578, 31.452378824143572 ], [ 74.263815497782318, 31.452129273092346 ], [ 74.263682469040916, 31.452177566890214 ], [ 74.263813086980164, 31.452425807001514 ], [ 74.26394221483578, 31.452378824143572 ] ] ] } },
{ "type": "Feature", "properties": { "OBJECTID": 172635, "SHAPE_Leng": 85.787008342600004, "SHAPE_Area": 403.21969498800001, "Town": "Allama Iqbal Town", "UC_N0": "UC_120", "Landuse": "R", "KA": null, "Name": null, "Plot_No": null, "Road_Wdth": "50'", "Plot_Size": "18 M", "__source_file": "PCSIR.shp" }, "geometry": { "type": "Polygon", "coordinates": [ [ [ 74.263815497782318, 31.452129273092346 ], [ 74.263693698440747, 31.451889407597754 ], [ 74.26355716862102, 31.451939432361911 ], [ 74.263682469040916, 31.452177566890214 ], [ 74.263815497782318, 31.452129273092346 ] ] ] } },
{ "type": "Feature", "properties": { "OBJECTID": 172636, "SHAPE_Leng": 87.080033978200007, "SHAPE_Area": 403.44277101300003, "Town": "Allama Iqbal Town", "UC_N0": "UC_120", "Landuse": "R", "KA": null, "Name": null, "Plot_No": null, "Road_Wdth": "30'", "Plot_Size": "18 M", "__source_file": "PCSIR.shp" }, "geometry": { "type": "Polygon", "coordinates": [ [ [ 74.264072982737162, 31.452331245184212 ], [ 74.263943953139758, 31.452082639131177 ], [ 74.263815497782318, 31.452129273092346 ], [ 74.26394221483578, 31.452378824143572 ], [ 74.264072982737162, 31.452331245184212 ] ] ] } },
{ "type": "Feature", "properties": { "OBJECTID": 172637, "SHAPE_Leng": 88.055496011100004, "SHAPE_Area": 418.11581662700002, "Town": "Allama Iqbal Town", "UC_N0": "UC_120", "Landuse": "V", "KA": null, "Name": null, "Plot_No": null, "Road_Wdth": "30'", "Plot_Size": "18 M", "__source_file": "PCSIR.shp" }, "geometry": { "type": "Polygon", "coordinates": [ [ [ 74.264209453131528, 31.452281591251264 ], [ 74.264076230141114, 31.452034617722195 ], [ 74.263943953139758, 31.452082639131177 ], [ 74.264072982737162, 31.452331245184212 ], [ 74.264209453131528, 31.452281591251264 ] ] ] } },
{ "type": "Feature", "properties": { "OBJECTID": 172638, "SHAPE_Leng": 89.150400942100006, "SHAPE_Area": 434.86976967200002, "Town": "Allama Iqbal Town", "UC_N0": "UC_120", "Landuse": "R", "KA": null, "Name": null, "Plot_No": null, "Road_Wdth": "30'", "Plot_Size": "18 M", "__source_file": "PCSIR.shp" }, "geometry": { "type": "Polygon", "coordinates": [ [ [ 74.264344272663109, 31.452232536691046 ], [ 74.264221034082141, 31.451982048745172 ], [ 74.264076230141114, 31.452034617722195 ], [ 74.264209453131528, 31.452281591251264 ], [ 74.264344272663109, 31.452232536691046 ] ] ] } },
{ "type": "Feature", "properties": { "OBJECTID": 172639, "SHAPE_Leng": 85.126970287199995, "SHAPE_Area": 383.96750926599998, "Town": "Allama Iqbal Town", "UC_N0": "UC_120", "Landuse": "R", "KA": null, "Name": null, "Plot_No": null, "Road_Wdth": "50'", "Plot_Size": "18 M", "__source_file": "PCSIR.shp" }, "geometry": { "type": "Polygon", "coordinates": [ [ [ 74.264876646504334, 31.451741984231631 ], [ 74.264746552207427, 31.451498680631122 ], [ 74.26469844916177, 31.451519701514844 ], [ 74.264669765268906, 31.451531764700533 ], [ 74.264622503608734, 31.451549082240916 ], [ 74.264750711171232, 31.451789754169063 ], [ 74.264876646504334, 31.451741984231631 ] ] ] } },
{ "type": "Feature", "properties": { "OBJECTID": 172640, "SHAPE_Leng": 123.780623574, "SHAPE_Area": 724.02254516300002, "Town": "Allama Iqbal Town", "UC_N0": "UC_120", "Landuse": "V", "KA": null, "Name": null, "Plot_No": "625", "Road_Wdth": "30'", "Plot_Size": "18 M", "__source_file": "PCSIR.shp" }, "geometry": { "type": "Polygon", "coordinates": [ [ [ 74.265158829813288, 31.452255275181241 ], [ 74.26505823594475, 31.45203971668392 ], [ 74.265040442972676, 31.452046891933598 ], [ 74.264988723928369, 31.452067047690878 ], [ 74.264909759786363, 31.452095324980341 ], [ 74.265007909078705, 31.452314406374619 ], [ 74.265158829813288, 31.452255275181241 ] ] ] } },
{ "type": "Feature", "properties": { "OBJECTID": 172641, "SHAPE_Leng": 126.91549532499999, "SHAPE_Area": 883.64995625899996, "Town": "Allama Iqbal Town", "UC_N0": "UC_120", "Landuse": "V", "KA": null, "Name": null, "Plot_No": null, "Road_Wdth": "30'", "Plot_Size": "9 M", "__source_file": "PCSIR.shp" }, "geometry": { "type": "Polygon", "coordinates": [ [ [ 74.264622504355629, 31.452657662611585 ], [ 74.264556691727677, 31.452480437013651 ], [ 74.264451896963394, 31.452518766576414 ], [ 74.264539700342482, 31.452688751775455 ], [ 74.264622504355629, 31.452657662611585 ] ] ] } },
{ "type": "Feature", "properties": { "OBJECTID": 172642, "SHAPE_Leng": 98.495050501999998, "SHAPE_Area": 593.91546210499996, "Town": "Allama Iqbal Town", "UC_N0": "UC_120", "Landuse": "V", "KA": null, "Name": null, "Plot_No": "639", "Road_Wdth": "30'", "Plot_Size": "9 M", "__source_file": "PCSIR.shp" }, "geometry": { "type": "Polygon", "coordinates": [ [ [ 74.264001927477167, 31.452890660072708 ], [ 74.263910364496809, 31.452716833496812 ], [ 74.263808346672533, 31.452754146268013 ], [ 74.26389637865212, 31.452930288321255 ], [ 74.264001927477167, 31.452890660072708 ] ] ] } },
{ "type": "Feature", "properties": { "OBJECTID": 172643, "SHAPE_Leng": 110.77432666, "SHAPE_Area": 766.33789511199996, "Town": "Allama Iqbal Town", "UC_N0": "UC_120", "Landuse": "R", "KA": null, "Name": null, "Plot_No": null, "Road_Wdth": "30'", "Plot_Size": "18 M", "__source_file": "PCSIR.shp" }, "geometry": { "type": "Polygon", "coordinates": [ [ [ 74.263833259662263, 31.452480818823219 ], [ 74.263918689337217, 31.452713788701775 ], [ 74.26408206551416, 31.452654034014756 ], [ 74.263974257152157, 31.452430328630214 ], [ 74.263833259662263, 31.452480818823219 ] ] ] } },
{ "type": "Feature", "properties": { "OBJECTID": 172644, "SHAPE_Leng": 69.042951168800002, "SHAPE_Area": 284.60598130300002, "Town": "Allama Iqbal Town", "UC_N0": "UC_120", "Landuse": "R", "KA": null, "Name": null, "Plot_No": null, "Road_Wdth": "30'", "Plot_Size": "9 M", "__source_file": "PCSIR.shp" }, "geometry": { "type": "Polygon", "coordinates": [ [ [ 74.2642997295073, 31.452778849554274 ], [ 74.26421169366499, 31.452606622499513 ], [ 74.264082065514145, 31.452654034014717 ], [ 74.264166350401609, 31.452828927333822 ], [ 74.2642997295073, 31.452778849554274 ] ] ] } },
{ "type": "Feature", "properties": { "OBJECTID": 172645, "SHAPE_Leng": 79.773059528199994, "SHAPE_Area": 350.97937324600002, "Town": "Allama Iqbal Town", "UC_N0": "UC_120", "Landuse": "R", "KA": null, "Name": null, "Plot_No": null, "Road_Wdth": "30'", "Plot_Size": "18 M", "__source_file": "PCSIR.shp" }, "geometry": { "type": "Polygon", "coordinates": [ [ [ 74.26421169366499, 31.452606622499513 ], [ 74.264098785973019, 31.452385735343473 ], [ 74.263974257152157, 31.452430328630196 ], [ 74.264082065514145, 31.452654034014717 ], [ 74.26421169366499, 31.452606622499513 ] ] ] } },
{ "type": "Feature", "properties": { "OBJECTID": 172646, "SHAPE_Leng": 59.155446525899997, "SHAPE_Area": 188.314445522, "Town": "Allama Iqbal Town", "UC_N0": "UC_120", "Landuse": "R", "KA": null, "Name": null, "Plot_No": null, "Road_Wdth": "30'", "Plot_Size": "9 M", "__source_file": "PCSIR.shp" }, "geometry": { "type": "Polygon", "coordinates": [ [ [ 74.26490177093396, 31.452552809115172 ], [ 74.26482143876261, 31.452383603117884 ], [ 74.264732610419486, 31.45241609300227 ], [ 74.264811270043026, 31.452586788950551 ], [ 74.26490177093396, 31.452552809115172 ] ] ] } },
{ "type": "Feature", "properties": { "OBJECTID": 172647, "SHAPE_Leng": 81.892990277799996, "SHAPE_Area": 385.44316250899999, "Town": "Allama Iqbal Town", "UC_N0": "UC_120", "Landuse": "R", "KA": null, "Name": null, "Plot_No": null, "Road_Wdth": "30'", "Plot_Size": "18 M", "__source_file": "PCSIR.shp" }, "geometry": { "type": "Polygon", "coordinates": [ [ [ 74.26482143876261, 31.452383603117884 ], [ 74.264874298770593, 31.452364269591008 ], [ 74.26477375631481, 31.45214402869566 ], [ 74.264630826085778, 31.452195212410412 ], [ 74.264732610419486, 31.45241609300227 ], [ 74.26482143876261, 31.452383603117884 ] ] ] } },
{ "type": "Feature", "properties": { "OBJECTID": 172648, "SHAPE_Leng": 80.174954461300004, "SHAPE_Area": 364.13107041900003, "Town": "Allama Iqbal Town", "UC_N0": "UC_120", "Landuse": "R", "KA": null, "Name": null, "Plot_No": null, "Road_Wdth": "30'", "Plot_Size": "18 M", "__source_file": "PCSIR.shp" }, "geometry": { "type": "Polygon", "coordinates": [ [ [ 74.264912251326393, 31.45235038744114 ], [ 74.265008291556185, 31.452315260109671 ], [ 74.264909759786363, 31.452095324980309 ], [ 74.26477375631481, 31.45214402869566 ], [ 74.264874298770593, 31.452364269591008 ], [ 74.264912251326393, 31.45235038744114 ] ] ] } },
{ "type": "Feature", "properties": { "OBJECTID": 172649, "SHAPE_Leng": 60.177647406600002, "SHAPE_Area": 200.30100869200001, "Town": "Allama Iqbal Town", "UC_N0": "UC_120", "Landuse": "R", "KA": null, "Name": null, "Plot_No": null, "Road_Wdth": "30'", "Plot_Size": "9 M", "__source_file": "PCSIR.shp" }, "geometry": { "type": "Polygon", "coordinates": [ [ [ 74.265084052891027, 31.45248437029635 ], [ 74.265008291556185, 31.452315260109671 ], [ 74.264912251326393, 31.45235038744114 ], [ 74.2649876494974, 31.452520565636988 ], [ 74.265084052891027, 31.45248437029635 ] ] ] } },
{ "type": "Feature", "properties": { "OBJECTID": 172650, "SHAPE_Leng": 58.715450316400002, "SHAPE_Area": 184.72726118, "Town": "Allama Iqbal Town", "UC_N0": "UC_120", "Landuse": "R", "KA": null, "Name": null, "Plot_No": null, "Road_Wdth": "30'", "Plot_Size": "9 M", "__source_file": "PCSIR.shp" }, "geometry": { "type": "Polygon", "coordinates": [ [ [ 74.2649876494974, 31.452520565636988 ], [ 74.264912251326393, 31.45235038744114 ], [ 74.264874298770593, 31.452364269591008 ], [ 74.26482143876261, 31.452383603117884 ], [ 74.26490177093396, 31.452552809115172 ], [ 74.2649876494974, 31.452520565636988 ] ] ] } },
{ "type": "Feature", "properties": { "OBJECTID": 172651, "SHAPE_Leng": 62.020857755000002, "SHAPE_Area": 216.469401715, "Town": "Allama Iqbal Town", "UC_N0": "UC_120", "Landuse": "R", "KA": null, "Name": null, "Plot_No": null, "Road_Wdth": "30'", "Plot_Size": "9 M", "__source_file": "PCSIR.shp" }, "geometry": { "type": "Polygon", "coordinates": [ [ [ 74.264811270043026, 31.452586788950551 ], [ 74.264732610419486, 31.45241609300227 ], [ 74.264628674003475, 31.452454108825012 ], [ 74.264710016172714, 31.452624805798887 ], [ 74.264811270043026, 31.452586788950551 ] ] ] } },
{ "type": "Feature", "properties": { "OBJECTID": 172652, "SHAPE_Leng": 154.69211012299999, "SHAPE_Area": 1208.38864395, "Town": "Allama Iqbal Town", "UC_N0": "UC_120", "Landuse": "V", "KA": null, "Name": null, "Plot_No": null, "Road_Wdth": "30'", "Plot_Size": "9 M", "__source_file": "PCSIR.shp" }, "geometry": { "type": "Polygon", "coordinates": [ [ [ 74.263324840181554, 31.453144869730348 ], [ 74.263242492558007, 31.452961922017995 ], [ 74.263141258951578, 31.452998382325426 ], [ 74.263132076265762, 31.453001689572439 ], [ 74.263203761767031, 31.453190327501719 ], [ 74.263324840181554, 31.453144869730348 ] ] ] } },
{ "type": "Feature", "properties": { "OBJECTID": 172653, "SHAPE_Leng": 87.916433835199996, "SHAPE_Area": 454.29654575699999, "Town": "Allama Iqbal Town", "UC_N0": "UC_120", "Landuse": "R", "KA": null, "Name": null, "Plot_No": null, "Road_Wdth": "30'", "Plot_Size": "18 M", "__source_file": "PCSIR.shp" }, "geometry": { "type": "Polygon", "coordinates": [ [ [ 74.263604137891079, 31.452831670708509 ], [ 74.263726453031992, 31.452787617227624 ], [ 74.263611483300394, 31.452560966120643 ], [ 74.263453685146359, 31.45261883241675 ], [ 74.263562222411082, 31.45284676753252 ], [ 74.263604137891079, 31.452831670708509 ] ] ] } },
{ "type": "Feature", "properties": { "OBJECTID": 172654, "SHAPE_Leng": 83.0040587262, "SHAPE_Area": 388.46850959699998, "Town": "Allama Iqbal Town", "UC_N0": "UC_120", "Landuse": "R", "KA": null, "Name": null, "Plot_No": null, "Road_Wdth": "30'", "Plot_Size": "18 M", "__source_file": "PCSIR.shp" }, "geometry": { "type": "Polygon", "coordinates": [ [ [ 74.263502574578638, 31.452868250277042 ], [ 74.263562222411082, 31.45284676753252 ], [ 74.263453685146359, 31.45261883241675 ], [ 74.263313813191786, 31.45267012425758 ], [ 74.263425729467926, 31.452895927113573 ], [ 74.263502574578638, 31.452868250277042 ] ] ] } },
{ "type": "Feature", "properties": { "OBJECTID": 172655, "SHAPE_Leng": 113.060672582, "SHAPE_Area": 797.53800881899997, "Town": "Allama Iqbal Town", "UC_N0": "UC_120", "Landuse": "V", "KA": null, "Name": null, "Plot_No": null, "Road_Wdth": "30'", "Plot_Size": "18 M", "__source_file": "PCSIR.shp" }, "geometry": { "type": "Polygon", "coordinates": [ [ [ 74.263348272280254, 31.452923824264328 ], [ 74.263247021956204, 31.452694617080699 ], [ 74.263133406746135, 31.452736280479428 ], [ 74.263242492558007, 31.452961922017995 ], [ 74.263348272280254, 31.452923824264328 ] ] ] } },
{ "type": "Feature", "properties": { "OBJECTID": 172656, "SHAPE_Leng": 77.798749168599997, "SHAPE_Area": 321.750665771, "Town": "Allama Iqbal Town", "UC_N0": "UC_120", "Landuse": "R", "KA": null, "Name": null, "Plot_No": null, "Road_Wdth": "30'", "Plot_Size": "18 M", "__source_file": "PCSIR.shp" }, "geometry": { "type": "Polygon", "coordinates": [ [ [ 74.263141258951578, 31.452998382325415 ], [ 74.263027930104016, 31.452774959290721 ], [ 74.262911429405392, 31.452817680496757 ], [ 74.263026521312526, 31.453039706305013 ], [ 74.263141258951578, 31.452998382325415 ] ] ] } },
{ "type": "Feature", "properties": { "OBJECTID": 172657, "SHAPE_Leng": 69.271024853699998, "SHAPE_Area": 276.94102539099998, "Town": "Allama Iqbal Town", "UC_N0": "UC_120", "Landuse": "R", "KA": null, "Name": null, "Plot_No": null, "Road_Wdth": "30'", "Plot_Size": "9 M", "__source_file": "PCSIR.shp" }, "geometry": { "type": "Polygon", "coordinates": [ [ [ 74.262017566882591, 31.453635666175135 ], [ 74.26192169931754, 31.453437611411275 ], [ 74.261806016001842, 31.453479274386542 ], [ 74.261891177752943, 31.453653561590496 ], [ 74.261896438412975, 31.453655386431354 ], [ 74.261912977874786, 31.453659288229389 ], [ 74.261930058080907, 31.453660668717344 ], [ 74.2619471573406, 31.453659485190926 ], [ 74.261963757550276, 31.453655774362488 ], [ 74.261965251513075, 31.453655306596637 ], [ 74.262017566882591, 31.453635666175135 ] ] ] } },
{ "type": "Feature", "properties": { "OBJECTID": 172658, "SHAPE_Leng": 72.085878922199996, "SHAPE_Area": 292.73084059799999, "Town": "Allama Iqbal Town", "UC_N0": "UC_120", "Landuse": "R", "KA": null, "Name": null, "Plot_No": null, "Road_Wdth": "30'", "Plot_Size": "9 M", "__source_file": "PCSIR.shp" }, "geometry": { "type": "Polygon", "coordinates": [ [ [ 74.262135409125122, 31.453591425161711 ], [ 74.262043070330193, 31.453393899669003 ], [ 74.26192169931754, 31.453437611411275 ], [ 74.262017566882591, 31.453635666175135 ], [ 74.262135409125122, 31.453591425161711 ] ] ] } },
{ "type": "Feature", "properties": { "OBJECTID": 172659, "SHAPE_Leng": 159.46294649399999, "SHAPE_Area": 1309.76083318, "Town": "Allama Iqbal Town", "UC_N0": "UC_120", "Landuse": "V", "KA": null, "Name": null, "Plot_No": null, "Road_Wdth": "30'", "Plot_Size": "9 M", "__source_file": "PCSIR.shp" }, "geometry": { "type": "Polygon", "coordinates": [ [ [ 74.262347773257673, 31.45351169709517 ], [ 74.262232520094798, 31.453325669375623 ], [ 74.262119644139958, 31.453366321673379 ], [ 74.262216171098615, 31.453561104675781 ], [ 74.262347773257673, 31.45351169709517 ] ] ] } },
{ "type": "Feature", "properties": { "OBJECTID": 172732, "SHAPE_Leng": 62.596196498300003, "SHAPE_Area": 195.36267900199999, "Town": "Allama Iqbal Town", "UC_N0": "UC_120", "Landuse": "R", "KA": null, "Name": null, "Plot_No": null, "Road_Wdth": "30'", "Plot_Size": "9 M", "__source_file": "PCSIR.shp" }, "geometry": { "type": "Polygon", "coordinates": [ [ [ 74.262761997479615, 31.453356182960185 ], [ 74.262677494999565, 31.453165410150678 ], [ 74.262592300872186, 31.453196093350609 ], [ 74.262680431524814, 31.453386805900116 ], [ 74.262761997479615, 31.453356182960185 ] ] ] } },
{ "type": "Feature", "properties": { "OBJECTID": 172733, "SHAPE_Leng": 64.5877827825, "SHAPE_Area": 219.665618658, "Town": "Allama Iqbal Town", "UC_N0": "UC_120", "Landuse": "R", "KA": null, "Name": null, "Plot_No": null, "Road_Wdth": "30'", "Plot_Size": "9 M", "__source_file": "PCSIR.shp" }, "geometry": { "type": "Polygon", "coordinates": [ [ [ 74.26285691632323, 31.453320546467062 ], [ 74.262771217020983, 31.453131656087063 ], [ 74.262677494999565, 31.453165410150678 ], [ 74.262761997479615, 31.453356182960185 ], [ 74.26285691632323, 31.453320546467062 ] ] ] } },
{ "type": "Feature", "properties": { "OBJECTID": 172734, "SHAPE_Leng": 63.690135487399999, "SHAPE_Area": 211.65249562599999, "Town": "Allama Iqbal Town", "UC_N0": "UC_120", "Landuse": "R", "KA": null, "Name": null, "Plot_No": null, "Road_Wdth": "30'", "Plot_Size": "9 M", "__source_file": "PCSIR.shp" }, "geometry": { "type": "Polygon", "coordinates": [ [ [ 74.26295038368545, 31.453285455515953 ], [ 74.262860675005143, 31.453099437359899 ], [ 74.262771217020983, 31.453131656087063 ], [ 74.26285691632323, 31.453320546467062 ], [ 74.26295038368545, 31.453285455515953 ] ] ] } },
{ "type": "Feature", "properties": { "OBJECTID": 172735, "SHAPE_Leng": 65.945987665100006, "SHAPE_Area": 238.75348193599999, "Town": "Allama Iqbal Town", "UC_N0": "UC_120", "Landuse": "R", "KA": null, "Name": null, "Plot_No": null, "Road_Wdth": "30'", "Plot_Size": "9 M", "__source_file": "PCSIR.shp" }, "geometry": { "type": "Polygon", "coordinates": [ [ [ 74.26305301013231, 31.453246925585994 ], [ 74.262965829406852, 31.453061565332224 ], [ 74.262860675005143, 31.453099437359899 ], [ 74.26295038368545, 31.453285455515953 ], [ 74.26305301013231, 31.453246925585994 ] ] ] } },
{ "type": "Feature", "properties": { "OBJECTID": 172736, "SHAPE_Leng": 67.292581984999998, "SHAPE_Area": 265.07589649800002, "Town": "Allama Iqbal Town", "UC_N0": "UC_120", "Landuse": "V", "KA": null, "Name": null, "Plot_No": null, "Road_Wdth": "30'", "Plot_Size": "9 M", "__source_file": "PCSIR.shp" }, "geometry": { "type": "Polygon", "coordinates": [ [ [ 74.263726453031992, 31.452787617227624 ], [ 74.263604137891079, 31.452831670708509 ], [ 74.26369324026858, 31.4530065559359 ], [ 74.263814431313534, 31.452961055058971 ], [ 74.263726453031992, 31.452787617227624 ] ] ] } },
{ "type": "Feature", "properties": { "OBJECTID": 172737, "SHAPE_Leng": 63.430274216400001, "SHAPE_Area": 222.57560403400001, "Town": "Allama Iqbal Town", "UC_N0": "UC_120", "Landuse": "R", "KA": null, "Name": null, "Plot_No": null, "Road_Wdth": "30'", "Plot_Size": "9 M", "__source_file": "PCSIR.shp" }, "geometry": { "type": "Polygon", "coordinates": [ [ [ 74.26369324026858, 31.4530065559359 ], [ 74.263604137891079, 31.452831670708509 ], [ 74.263562222411082, 31.45284676753252 ], [ 74.263502574578638, 31.452868250277042 ], [ 74.263592014009959, 31.453044561221109 ], [ 74.26369324026858, 31.4530065559359 ] ] ] } },
{ "type": "Feature", "properties": { "OBJECTID": 172738, "SHAPE_Leng": 72.829625512800007, "SHAPE_Area": 309.49480197299999, "Town": "Allama Iqbal Town", "UC_N0": "UC_120", "Landuse": "R", "KA": null, "Name": null, "Plot_No": null, "Road_Wdth": "30'", "Plot_Size": "10 M", "__source_file": "PCSIR.shp" }, "geometry": { "type": "Polygon", "coordinates": [ [ [ 74.26402743163338, 31.453346157918002 ], [ 74.263985737873554, 31.453263799462626 ], [ 74.2637669521568, 31.453341372105267 ], [ 74.263799295919867, 31.453407575953111 ], [ 74.26402743163338, 31.453346157918002 ] ] ] } },
{ "type": "Feature", "properties": { "OBJECTID": 172739, "SHAPE_Leng": 64.276078394099997, "SHAPE_Area": 219.20003731599999, "Town": "Allama Iqbal Town", "UC_N0": "UC_120", "Landuse": "V", "KA": null, "Name": null, "Plot_No": null, "Road_Wdth": "30'", "Plot_Size": "10 M", "__source_file": "PCSIR.shp" }, "geometry": { "type": "Polygon", "coordinates": [ [ [ 74.263946409645882, 31.453186112053675 ], [ 74.263904259224987, 31.45310284980653 ], [ 74.263690170782837, 31.453184212497664 ], [ 74.263729153963979, 31.453264004694386 ], [ 74.263946409645882, 31.453186112053675 ] ] ] } },
{ "type": "Feature", "properties": { "OBJECTID": 172740, "SHAPE_Leng": 63.5559209794, "SHAPE_Area": 209.58249888700001, "Town": "Allama Iqbal Town", "UC_N0": "UC_120", "Landuse": "V", "KA": null, "Name": null, "Plot_No": null, "Road_Wdth": "30'", "Plot_Size": "10 M", "__source_file": "PCSIR.shp" }, "geometry": { "type": "Polygon", "coordinates": [ [ [ 74.26398573787354, 31.453263799462626 ], [ 74.263946409645882, 31.453186112053675 ], [ 74.263729153963979, 31.453264004694386 ], [ 74.2637669521568, 31.453341372105243 ], [ 74.26398573787354, 31.453263799462626 ] ] ] } },
{ "type": "Feature", "properties": { "OBJECTID": 172741, "SHAPE_Leng": 65.684232494900002, "SHAPE_Area": 234.52032320399999, "Town": "Allama Iqbal Town", "UC_N0": "UC_120", "Landuse": "V", "KA": null, "Name": null, "Plot_No": null, "Road_Wdth": "30'", "Plot_Size": "10 M", "__source_file": "PCSIR.shp" }, "geometry": { "type": "Polygon", "coordinates": [ [ [ 74.26379737492087, 31.453403643898689 ], [ 74.2637669521568, 31.453341372105267 ], [ 74.263550008796699, 31.453418291827916 ], [ 74.263568258060872, 31.4534513492742 ], [ 74.26379737492087, 31.453403643898689 ] ] ] } },
{ "type": "Feature", "properties": { "OBJECTID": 175095, "SHAPE_Leng": 115.402554585, "SHAPE_Area": 551.75932134499999, "Town": "Allama Iqbal Town", "UC_N0": "UC_120", "Landuse": "V", "KA": null, "Name": null, "Plot_No": null, "Road_Wdth": "30'", "Plot_Size": "10 M", "__source_file": "PCSIR.shp" }, "geometry": { "type": "Polygon", "coordinates": [ [ [ 74.263688803385804, 31.453184732160739 ], [ 74.263634531052105, 31.453085941810123 ], [ 74.26341151216117, 31.453167411371631 ], [ 74.263467502039219, 31.453268834845389 ], [ 74.263688803385804, 31.453184732160739 ] ] ] } },
{ "type": "Feature", "properties": { "OBJECTID": 175124, "SHAPE_Leng": 250.931756909, "SHAPE_Area": 2185.39318529, "Town": "Allama Iqbal Town", "UC_N0": "UC_120", "Landuse": "V", "KA": null, "Name": null, "Plot_No": null, "Road_Wdth": "30'", "Plot_Size": "10 M", "__source_file": "PCSIR.shp" }, "geometry": { "type": "Polygon", "coordinates": [ [ [ 74.266262944708814, 31.451876863179066 ], [ 74.266262855387851, 31.45187575971061 ], [ 74.266252924264009, 31.451766509284539 ], [ 74.266030414969194, 31.45177180591703 ], [ 74.266039375293161, 31.451891488991244 ], [ 74.266262944708814, 31.451876863179066 ] ] ] } },
{ "type": "Feature", "properties": { "OBJECTID": 175125, "SHAPE_Leng": 300.952970128, "SHAPE_Area": 334.60246472599999, "Town": "Allama Iqbal Town", "UC_N0": "UC_120", "Landuse": "R", "KA": null, "Name": null, "Plot_No": null, "Road_Wdth": null, "Plot_Size": null, "__source_file": "PCSIR.shp" }, "geometry": { "type": "Polygon", "coordinates": [ [ [ 74.266182293394067, 31.450518191798892 ], [ 74.26611117558322, 31.450486958912961 ], [ 74.266109736048023, 31.450487879054808 ], [ 74.266107533514159, 31.450489742161505 ], [ 74.266105742253913, 31.450491904456712 ], [ 74.266104415393045, 31.450494301284643 ], [ 74.26610359455141, 31.45049685890131 ], [ 74.266103304538817, 31.450499499857479 ], [ 74.266103553348032, 31.45050214390093 ], [ 74.266104138174583, 31.450504210640997 ], [ 74.266137295055984, 31.450521629508195 ], [ 74.26615526124327, 31.45053025756906 ], [ 74.266242968004576, 31.450567375042592 ], [ 74.266334073025675, 31.450597891392157 ], [ 74.266427900289813, 31.450621579889177 ], [ 74.266523755472022, 31.45063826693325 ], [ 74.266566754849933, 31.450643394196213 ], [ 74.266862866754153, 31.450674899834695 ], [ 74.267120340173065, 31.450698509387863 ], [ 74.267616259005663, 31.45074834557375 ], [ 74.267616674684959, 31.450748485088813 ], [ 74.267618911221149, 31.45074901214549 ], [ 74.267621220920731, 31.450749198579267 ], [ 74.267623532263315, 31.450749038567839 ], [ 74.267625776801438, 31.450748537133205 ], [ 74.267627884965052, 31.450747708313184 ], [ 74.267629794452603, 31.450746578818315 ], [ 74.267631445011133, 31.450745182588658 ], [ 74.267632787900865, 31.450743561750137 ], [ 74.267633782751957, 31.450741764792109 ], [ 74.267634397557558, 31.450739847469556 ], [ 74.267634615023212, 31.450737868328243 ], [ 74.267634428371366, 31.45073588687627 ], [ 74.267633843453112, 31.450733962693999 ], [ 74.267632876650438, 31.450732154519759 ], [ 74.267631559099883, 31.450730518469499 ], [ 74.267629930413221, 31.450729103489902 ], [ 74.267629591285129, 31.450728864265578 ], [ 74.2676294038761, 31.450728738686923 ], [ 74.267614344475845, 31.450728074253387 ], [ 74.267602750614074, 31.450727562261129 ], [ 74.267287570882289, 31.450696245184819 ], [ 74.267108973004653, 31.450676181034677 ], [ 74.266731359893583, 31.450640421872663 ], [ 74.266575545653211, 31.450626128122263 ], [ 74.26650997857331, 31.450616588766866 ], [ 74.266409933541269, 31.450595867324864 ], [ 74.266312262437083, 31.450568041747708 ], [ 74.266217649952722, 31.45053330633294 ], [ 74.266182293394067, 31.450518191798892 ] ] ] } },
{ "type": "Feature", "properties": { "OBJECTID": 175126, "SHAPE_Leng": 270.73697558800001, "SHAPE_Area": 867.52057536400002, "Town": "Allama Iqbal Town", "UC_N0": "UC_120", "Landuse": "R", "KA": null, "Name": null, "Plot_No": null, "Road_Wdth": null, "Plot_Size": null, "__source_file": "PCSIR.shp" }, "geometry": { "type": "Polygon", "coordinates": [ [ [ 74.264969990845131, 31.449322131293318 ], [ 74.26496906378209, 31.449322116048982 ], [ 74.264962809031132, 31.449322548411519 ], [ 74.264956737546186, 31.44932390570419 ], [ 74.264951032771052, 31.449326146575103 ], [ 74.264945868889569, 31.449329202552519 ], [ 74.264941402385489, 31.449332980703073 ], [ 74.264937768864243, 31.449337366320179 ], [ 74.264935079867641, 31.449342226514656 ], [ 74.264933414433756, 31.449347412872978 ], [ 74.264932826407176, 31.449352768716942 ], [ 74.26493333075102, 31.449358129927461 ], [ 74.26493346775635, 31.449358779413711 ], [ 74.264933453272661, 31.449360634305862 ], [ 74.265299224941472, 31.449910030832999 ], [ 74.265314053533956, 31.449930810228601 ], [ 74.265396911317367, 31.450038673721672 ], [ 74.265486695098375, 31.450142385139447 ], [ 74.265583120128895, 31.450241617131717 ], [ 74.265655353507043, 31.450309095484435 ], [ 74.265658674751123, 31.450311823005805 ], [ 74.265664213704213, 31.450315194799071 ], [ 74.265670349900049, 31.450317691248692 ], [ 74.26567689976244, 31.450319235515245 ], [ 74.265683662630678, 31.450319782239209 ], [ 74.265690433423359, 31.450319313102632 ], [ 74.265697006791612, 31.45031784407049 ], [ 74.265703182437406, 31.450315418203655 ], [ 74.26570877244508, 31.450312110211783 ], [ 74.265713607644884, 31.450308020174411 ], [ 74.265717540777217, 31.45030327265675 ], [ 74.265720452849152, 31.450298011332752 ], [ 74.26572225420793, 31.45029239628467 ], [ 74.265722891949821, 31.450286598632076 ], [ 74.26572234470747, 31.45028079418644 ], [ 74.265720631104159, 31.450275158988401 ], [ 74.265717801362698, 31.450269865650871 ], [ 74.265713942651956, 31.450265072562907 ], [ 74.265709171691924, 31.450260927456284 ], [ 74.265703633792711, 31.450257555670987 ], [ 74.265703367507726, 31.45025742332178 ], [ 74.265672892978941, 31.450228866412257 ], [ 74.265564801746692, 31.450120723982902 ], [ 74.265463292676827, 31.450007991695728 ], [ 74.265368631842534, 31.449890962510807 ], [ 74.265366483662149, 31.44988815329182 ], [ 74.265303023871439, 31.449800307742514 ], [ 74.265164157496429, 31.449598195815319 ], [ 74.265032617066993, 31.44939251416481 ], [ 74.264996426715911, 31.449333167436432 ], [ 74.264992145938706, 31.449329468108665 ], [ 74.264987030239794, 31.449326353142904 ], [ 74.264981360967596, 31.449324047003174 ], [ 74.264975311221164, 31.449322620154057 ], [ 74.264969990845131, 31.449322131293318 ] ] ] } },
{ "type": "Feature", "properties": { "OBJECTID": 175127, "SHAPE_Leng": 275.80084770600001, "SHAPE_Area": 4060.8046265100002, "Town": "Allama Iqbal Town", "UC_N0": "UC_120", "Landuse": "P", "KA": null, "Name": "Park", "Plot_No": null, "Road_Wdth": "30'", "Plot_Size": "9.7 K", "__source_file": "PCSIR.shp" }, "geometry": { "type": "Polygon", "coordinates": [ [ [ 74.265970056119286, 31.452151705732053 ], [ 74.265916009498795, 31.451510287476317 ], [ 74.265819329002809, 31.451592569335968 ], [ 74.265702014559636, 31.451682883530342 ], [ 74.265579213468939, 31.451767668896899 ], [ 74.265451280214577, 31.451846681145586 ], [ 74.265318584937063, 31.451919693219299 ], [ 74.265181508185464, 31.451986493459451 ], [ 74.265145829038929, 31.452002541443761 ], [ 74.265331316236313, 31.452391532468834 ], [ 74.265970056119286, 31.452151705732053 ] ] ] } },
{ "type": "Feature", "properties": { "OBJECTID": 175147, "SHAPE_Leng": 271.46071308500001, "SHAPE_Area": 3004.5717252, "Town": "Allama Iqbal Town", "UC_N0": "UC_120", "Landuse": "R", "KA": null, "Name": null, "Plot_No": null, "Road_Wdth": "30'", "Plot_Size": "18 M", "__source_file": "PCSIR.shp" }, "geometry": { "type": "Polygon", "coordinates": [ [ [ 74.262517504547148, 31.447450084757815 ], [ 74.262556325856423, 31.44764894814876 ], [ 74.262712922761608, 31.44762660855779 ], [ 74.262669531188109, 31.447374315888837 ], [ 74.262517504547148, 31.447450084757815 ] ] ] } },
{ "type": "Feature", "properties": { "OBJECTID": 175151, "SHAPE_Leng": 138.93165329499999, "SHAPE_Area": 1158.32169034, "Town": "Allama Iqbal Town", "UC_N0": "UC_120", "Landuse": "R", "KA": null, "Name": null, "Plot_No": null, "Road_Wdth": "30'", "Plot_Size": "18 M", "__source_file": "PCSIR.shp" }, "geometry": { "type": "Polygon", "coordinates": [ [ [ 74.263095711554797, 31.449717305551566 ], [ 74.263068298861626, 31.449568907352667 ], [ 74.262775774900305, 31.449584737325459 ], [ 74.262803122407362, 31.4497418110324 ], [ 74.263095711554797, 31.449717305551566 ] ] ] } },
{ "type": "Feature", "properties": { "OBJECTID": 177170, "SHAPE_Leng": 64.565030741499996, "SHAPE_Area": 214.31467662399999, "Town": "Allama Iqbal Town", "UC_N0": "UC_120", "Landuse": "R", "KA": null, "Name": null, "Plot_No": null, "Road_Wdth": "30'", "Plot_Size": "10 M", "__source_file": "PCSIR.shp" }, "geometry": { "type": "Polygon", "coordinates": [ [ [ 74.263729153963979, 31.453264004694386 ], [ 74.263690170782837, 31.453184212497664 ], [ 74.263467502039205, 31.453268834845389 ], [ 74.263508506847245, 31.453343112606191 ], [ 74.263729153963979, 31.453264004694386 ] ] ] } },
{ "type": "Feature", "properties": { "OBJECTID": 177171, "SHAPE_Leng": 63.547813320800003, "SHAPE_Area": 208.33213816599999, "Town": "Allama Iqbal Town", "UC_N0": "UC_120", "Landuse": "R", "KA": null, "Name": null, "Plot_No": null, "Road_Wdth": "30'", "Plot_Size": "10 M", "__source_file": "PCSIR.shp" }, "geometry": { "type": "Polygon", "coordinates": [ [ [ 74.2637669521568, 31.453341372105243 ], [ 74.263729153963979, 31.453264004694386 ], [ 74.263508506847245, 31.453343112606191 ], [ 74.263550008796699, 31.453418291827916 ], [ 74.2637669521568, 31.453341372105243 ] ] ] } },
{ "type": "Feature", "properties": { "OBJECTID": 177172, "SHAPE_Leng": 149.45708429000001, "SHAPE_Area": 509.477489601, "Town": "Allama Iqbal Town", "UC_N0": "UC_120", "Landuse": "V", "KA": null, "Name": null, "Plot_No": null, "Road_Wdth": "30'", "Plot_Size": "7 M", "__source_file": "PCSIR.shp" }, "geometry": { "type": "Polygon", "coordinates": [ [ [ 74.262957541173066, 31.453500820202159 ], [ 74.262951362945657, 31.453487403374147 ], [ 74.262922165140395, 31.453423994740572 ], [ 74.262749560646256, 31.453482611418202 ], [ 74.262780969068899, 31.453553578921458 ], [ 74.262957541173066, 31.453500820202159 ] ] ] } },
{ "type": "Feature", "properties": { "OBJECTID": 177178, "SHAPE_Leng": 197.06662306199999, "SHAPE_Area": 1303.68098265, "Town": "Allama Iqbal Town", "UC_N0": "UC_120", "Landuse": "R", "KA": null, "Name": null, "Plot_No": null, "Road_Wdth": "30'", "Plot_Size": "9 M", "__source_file": "PCSIR.shp" }, "geometry": { "type": "Polygon", "coordinates": [ [ [ 74.263441113725861, 31.453353484380042 ], [ 74.263404870708115, 31.453291863938816 ], [ 74.263392199450806, 31.453270320132091 ], [ 74.26317575570468, 31.453330153866702 ], [ 74.263222592310427, 31.453421289032352 ], [ 74.263441113725861, 31.453353484380042 ] ] ] } },
{ "type": "Feature", "properties": { "OBJECTID": 177180, "SHAPE_Leng": 45.291177732800001, "SHAPE_Area": 127.566768525, "Town": "Allama Iqbal Town", "UC_N0": "UC_120", "Landuse": "R", "KA": null, "Name": null, "Plot_No": null, "Road_Wdth": "30'", "Plot_Size": "5 M", "__source_file": "PCSIR.shp" }, "geometry": { "type": "Polygon", "coordinates": [ [ [ 74.262193709161878, 31.453666928589211 ], [ 74.262168861959054, 31.453621345272296 ], [ 74.262054718028168, 31.453663040795732 ], [ 74.262077241191037, 31.453711289242225 ], [ 74.262193709161878, 31.453666928589211 ] ] ] } },
{ "type": "Feature", "properties": { "OBJECTID": 177181, "SHAPE_Leng": 47.149742127400003, "SHAPE_Area": 117.149110431, "Town": "Allama Iqbal Town", "UC_N0": "UC_120", "Landuse": "R", "KA": null, "Name": null, "Plot_No": null, "Road_Wdth": "30'", "Plot_Size": "5 M", "__source_file": "PCSIR.shp" }, "geometry": { "type": "Polygon", "coordinates": [ [ [ 74.261780223370678, 31.453873366229725 ], [ 74.261707341234526, 31.453732297467486 ], [ 74.261653348075853, 31.453753284132095 ], [ 74.261639457599884, 31.453758648980727 ], [ 74.261703979044484, 31.453887614064016 ], [ 74.261780223370678, 31.453873366229725 ] ] ] } },
{ "type": "Feature", "properties": { "OBJECTID": 177182, "SHAPE_Leng": 58.103569446400002, "SHAPE_Area": 200.69670895300001, "Town": "Allama Iqbal Town", "UC_N0": "UC_120", "Landuse": "V", "KA": null, "Name": null, "Plot_No": null, "Road_Wdth": "30'", "Plot_Size": "5 M", "__source_file": "PCSIR.shp" }, "geometry": { "type": "Polygon", "coordinates": [ [ [ 74.261844831042495, 31.45386267371634 ], [ 74.26184486265764, 31.453862668485197 ], [ 74.261844953279208, 31.453862654571875 ], [ 74.26186238627794, 31.453859986114754 ], [ 74.261865077236664, 31.453859610057645 ], [ 74.261865477631403, 31.453859551916128 ], [ 74.261891346493229, 31.453855635574939 ], [ 74.261895322661601, 31.453854972798535 ], [ 74.261820716443083, 31.453701018518302 ], [ 74.261793334040576, 31.453704012168831 ], [ 74.261756836503238, 31.453712871867147 ], [ 74.261707341234526, 31.453732297467486 ], [ 74.261780223370678, 31.453873366229725 ], [ 74.261844831042495, 31.45386267371634 ] ] ] } },
{ "type": "Feature", "properties": { "OBJECTID": 177183, "SHAPE_Leng": 50.425848634099999, "SHAPE_Area": 125.76114400199999, "Town": "Allama Iqbal Town", "UC_N0": "UC_120", "Landuse": "R", "KA": null, "Name": null, "Plot_No": null, "Road_Wdth": "30'", "Plot_Size": "5 M", "__source_file": "PCSIR.shp" }, "geometry": { "type": "Polygon", "coordinates": [ [ [ 74.261969549023931, 31.453843585002026 ], [ 74.261914367014214, 31.453712451690294 ], [ 74.261912807485217, 31.453712690814918 ], [ 74.261897528927236, 31.453713747690937 ], [ 74.261882268325436, 31.453712514822975 ], [ 74.261867490589253, 31.453709028272637 ], [ 74.261853642177968, 31.453703395271209 ], [ 74.261849249784945, 31.45370103590238 ], [ 74.261836304416477, 31.453700633787449 ], [ 74.261820716443083, 31.453701018518302 ], [ 74.261895322661601, 31.453854972798535 ], [ 74.261895498736422, 31.453855335605226 ], [ 74.261969902373451, 31.453844426106855 ], [ 74.261969549023931, 31.453843585002026 ] ] ] } },
{ "type": "Feature", "properties": { "OBJECTID": 177184, "SHAPE_Leng": 43.215970181899998, "SHAPE_Area": 88.538183360199994, "Town": "Allama Iqbal Town", "UC_N0": "UC_120", "Landuse": "V", "KA": null, "Name": null, "Plot_No": null, "Road_Wdth": "30'", "Plot_Size": "5 M", "__source_file": "PCSIR.shp" }, "geometry": { "type": "Polygon", "coordinates": [ [ [ 74.262029816504324, 31.453834338913456 ], [ 74.261967277942702, 31.45369498186507 ], [ 74.261935793673857, 31.453706482442151 ], [ 74.261924736641674, 31.453710214383459 ], [ 74.261914367014214, 31.453712451690294 ], [ 74.261969549023931, 31.453843585002026 ], [ 74.261973337370279, 31.453843117825851 ], [ 74.262029816504324, 31.453834338913456 ] ] ] } },
{ "type": "Feature", "properties": { "OBJECTID": 177185, "SHAPE_Leng": 53.656578207899997, "SHAPE_Area": 161.098673378, "Town": "Allama Iqbal Town", "UC_N0": "UC_120", "Landuse": "R", "KA": null, "Name": null, "Plot_No": "263", "Road_Wdth": "30'", "Plot_Size": "5 M", "__source_file": "PCSIR.shp" }, "geometry": { "type": "Polygon", "coordinates": [ [ [ 74.262110498032158, 31.453821960594507 ], [ 74.262127580808823, 31.453819124074109 ], [ 74.262096342927023, 31.453752208369139 ], [ 74.262054718028153, 31.453663040795703 ], [ 74.261967277942702, 31.45369498186507 ], [ 74.262029816504324, 31.453834338913456 ], [ 74.262064378771896, 31.453829346650508 ], [ 74.262110498032158, 31.453821960594507 ] ] ] } },
{ "type": "Feature", "properties": { "OBJECTID": 177186, "SHAPE_Leng": 43.602500286500003, "SHAPE_Area": 115.073756792, "Town": "Allama Iqbal Town", "UC_N0": "UC_120", "Landuse": "V", "KA": null, "Name": null, "Plot_No": null, "Road_Wdth": "30'", "Plot_Size": "5 M", "__source_file": "PCSIR.shp" }, "geometry": { "type": "Polygon", "coordinates": [ [ [ 74.262260798106738, 31.453790005289989 ], [ 74.262215515290237, 31.45370693287779 ], [ 74.262096342927023, 31.453752208369139 ], [ 74.262127580808823, 31.453819124074109 ], [ 74.262139740400428, 31.453817058560201 ], [ 74.262260798106738, 31.453790005289989 ] ] ] } },
{ "type": "Feature", "properties": { "OBJECTID": 177187, "SHAPE_Leng": 116.878936686, "SHAPE_Area": 751.43381837000004, "Town": "Allama Iqbal Town", "UC_N0": "UC_120", "Landuse": "V", "KA": null, "Name": null, "Plot_No": null, "Road_Wdth": "30'", "Plot_Size": "9 M", "__source_file": "PCSIR.shp" }, "geometry": { "type": "Polygon", "coordinates": [ [ [ 74.261234451849717, 31.453831970706158 ], [ 74.261153234468139, 31.453652643607729 ], [ 74.26105013767247, 31.453689830143528 ], [ 74.261136284910123, 31.453866190449862 ], [ 74.261234451849717, 31.453831970706158 ] ] ] } },
{ "type": "Feature", "properties": { "OBJECTID": 177193, "SHAPE_Leng": 249.75556417300001, "SHAPE_Area": 2771.4069673499998, "Town": "Allama Iqbal Town", "UC_N0": "UC_120", "Landuse": "V", "KA": null, "Name": null, "Plot_No": null, "Road_Wdth": "50'", "Plot_Size": "18 M", "__source_file": "PCSIR.shp" }, "geometry": { "type": "Polygon", "coordinates": [ [ [ 74.260818012147752, 31.453226496652537 ], [ 74.260696426740637, 31.452987577245644 ], [ 74.260549099469159, 31.453041553957569 ], [ 74.260670966387892, 31.453281507837048 ], [ 74.260818012147752, 31.453226496652537 ] ] ] } },
{ "type": "Feature", "properties": { "OBJECTID": 177195, "SHAPE_Leng": 115.87792132200001, "SHAPE_Area": 837.92235373200003, "Town": "Allama Iqbal Town", "UC_N0": "UC_120", "Landuse": "R", "KA": null, "Name": null, "Plot_No": null, "Road_Wdth": "30'", "Plot_Size": "18 M", "__source_file": "PCSIR.shp" }, "geometry": { "type": "Polygon", "coordinates": [ [ [ 74.261496922648533, 31.453268502818773 ], [ 74.261369097617234, 31.453020328277788 ], [ 74.261306884714585, 31.453043603199937 ], [ 74.261224253612497, 31.45307451641543 ], [ 74.261345568213429, 31.453323568736643 ], [ 74.261496922648533, 31.453268502818773 ] ] ] } },
{ "type": "Feature", "properties": { "OBJECTID": 177198, "SHAPE_Leng": 247.513242561, "SHAPE_Area": 2672.3130035300001, "Town": "Allama Iqbal Town", "UC_N0": "UC_120", "Landuse": "V", "KA": null, "Name": null, "Plot_No": null, "Road_Wdth": "30'", "Plot_Size": "18 M", "__source_file": "PCSIR.shp" }, "geometry": { "type": "Polygon", "coordinates": [ [ [ 74.260394172705531, 31.452353066904514 ], [ 74.260252870240024, 31.452130623316037 ], [ 74.260097609153675, 31.452186516510181 ], [ 74.260246433414224, 31.452406791635621 ], [ 74.260394172705531, 31.452353066904514 ] ] ] } },
{ "type": "Feature", "properties": { "OBJECTID": 177200, "SHAPE_Leng": 218.70099709300001, "SHAPE_Area": 2257.0753890300002, "Town": "Allama Iqbal Town", "UC_N0": "UC_120", "Landuse": "V", "KA": null, "Name": null, "Plot_No": null, "Road_Wdth": "50'", "Plot_Size": "18 M", "__source_file": "PCSIR.shp" }, "geometry": { "type": "Polygon", "coordinates": [ [ [ 74.260666314717298, 31.452880086128001 ], [ 74.260551068908953, 31.452651015845991 ], [ 74.260397833940587, 31.452708077838309 ], [ 74.260500190690593, 31.452940585792703 ], [ 74.260666314717298, 31.452880086128001 ] ] ] } },
{ "type": "Feature", "properties": { "OBJECTID": 177202, "SHAPE_Leng": 194.62517989200001, "SHAPE_Area": 2284.9241587500001, "Town": "Allama Iqbal Town", "UC_N0": "UC_120", "Landuse": "P", "KA": null, "Name": "Park", "Plot_No": null, "Road_Wdth": "50'", "Plot_Size": "4.2 K", "__source_file": "PCSIR.shp" }, "geometry": { "type": "Polygon", "coordinates": [ [ [ 74.262670684744137, 31.451585894879376 ], [ 74.262791800933385, 31.451844877344811 ], [ 74.262896141595292, 31.452067989940122 ], [ 74.263282387949232, 31.451927315080233 ], [ 74.263050335663849, 31.451444709057778 ], [ 74.262670684744137, 31.451585894879376 ] ] ] } },
{ "type": "Feature", "properties": { "OBJECTID": 177203, "SHAPE_Leng": 280.45720880699997, "SHAPE_Area": 3034.6649756299998, "Town": "Allama Iqbal Town", "UC_N0": "UC_120", "Landuse": "V", "KA": null, "Name": null, "Plot_No": null, "Road_Wdth": "50'", "Plot_Size": "18 M", "__source_file": "PCSIR.shp" }, "geometry": { "type": "Polygon", "coordinates": [ [ [ 74.26261689894956, 31.451908258230883 ], [ 74.26272384455909, 31.452130741975459 ], [ 74.262896141595306, 31.452067989940122 ], [ 74.2627918009334, 31.451844877344826 ], [ 74.262617980884883, 31.451907866168025 ], [ 74.26261689894956, 31.451908258230883 ] ] ] } },
{ "type": "Feature", "properties": { "OBJECTID": 177204, "SHAPE_Leng": 98.165519737500006, "SHAPE_Area": 562.560476333, "Town": "Allama Iqbal Town", "UC_N0": "UC_120", "Landuse": "V", "KA": null, "Name": null, "Plot_No": null, "Road_Wdth": "30'", "Plot_Size": "18 M", "__source_file": "PCSIR.shp" }, "geometry": { "type": "Polygon", "coordinates": [ [ [ 74.262791800933385, 31.451844877344811 ], [ 74.262670684744137, 31.451585894879376 ], [ 74.262491484800378, 31.4516525354489 ], [ 74.262617980884869, 31.451907866168014 ], [ 74.262791800933385, 31.451844877344811 ] ] ] } },
{ "type": "Feature", "properties": { "OBJECTID": 177205, "SHAPE_Leng": 89.346070699400002, "SHAPE_Area": 429.236584091, "Town": "Allama Iqbal Town", "UC_N0": "UC_120", "Landuse": "R", "KA": null, "Name": null, "Plot_No": null, "Road_Wdth": "30'", "Plot_Size": "18 M", "__source_file": "PCSIR.shp" }, "geometry": { "type": "Polygon", "coordinates": [ [ [ 74.262617980884869, 31.451907866168014 ], [ 74.262491484800378, 31.4516525354489 ], [ 74.262357775513578, 31.451702259395198 ], [ 74.262480993574016, 31.451957506406249 ], [ 74.262617980884869, 31.451907866168014 ] ] ] } },
{ "type": "Feature", "properties": { "OBJECTID": 177206, "SHAPE_Leng": 81.340633812299998, "SHAPE_Area": 370.28775746399998, "Town": "Allama Iqbal Town", "UC_N0": "UC_120", "Landuse": "R", "KA": null, "Name": null, "Plot_No": null, "Road_Wdth": "50'", "Plot_Size": "18 M", "__source_file": "PCSIR.shp" }, "geometry": { "type": "Polygon", "coordinates": [ [ [ 74.261511673752608, 31.452572215159584 ], [ 74.261402901796004, 31.452348172799923 ], [ 74.261268873772124, 31.452396739805511 ], [ 74.261379019869452, 31.452620526749595 ], [ 74.261511673752608, 31.452572215159584 ] ] ] } },
{ "type": "Feature", "properties": { "OBJECTID": 177207, "SHAPE_Leng": 83.110890784000006, "SHAPE_Area": 394.02524667300003, "Town": "Allama Iqbal Town", "UC_N0": "UC_120", "Landuse": "R", "KA": null, "Name": null, "Plot_No": null, "Road_Wdth": "50'", "Plot_Size": "18 M", "__source_file": "PCSIR.shp" }, "geometry": { "type": "Polygon", "coordinates": [ [ [ 74.261648383674483, 31.452522426412717 ], [ 74.261550244224466, 31.452294781531769 ], [ 74.261402901796004, 31.452348172799923 ], [ 74.261511673752608, 31.452572215159584 ], [ 74.261648383674483, 31.452522426412717 ] ] ] } },
{ "type": "Feature", "properties": { "OBJECTID": 177208, "SHAPE_Leng": 83.668719646100001, "SHAPE_Area": 401.83410375599999, "Town": "Allama Iqbal Town", "UC_N0": "UC_120", "Landuse": "R", "KA": null, "Name": null, "Plot_No": null, "Road_Wdth": "50'", "Plot_Size": "18 M", "__source_file": "PCSIR.shp" }, "geometry": { "type": "Polygon", "coordinates": [ [ [ 74.261798201332056, 31.452467863607673 ], [ 74.261690389364162, 31.452243997536439 ], [ 74.261550244224466, 31.452294781531769 ], [ 74.261648383674483, 31.452522426412717 ], [ 74.261798201332056, 31.452467863607673 ] ] ] } },
{ "type": "Feature", "properties": { "OBJECTID": 177209, "SHAPE_Leng": 320.51591583200002, "SHAPE_Area": 2930.3367071799998, "Town": "Allama Iqbal Town", "UC_N0": "UC_120", "Landuse": "V", "KA": null, "Name": null, "Plot_No": null, "Road_Wdth": "30'", "Plot_Size": "9 M", "__source_file": "PCSIR.shp" }, "geometry": { "type": "Polygon", "coordinates": [ [ [ 74.265572821697361, 31.452580799381792 ], [ 74.265506578312937, 31.452402055785846 ], [ 74.265384904268714, 31.452446506159227 ], [ 74.265482390645616, 31.452614626520401 ], [ 74.265572821697361, 31.452580799381792 ] ] ] } },
{ "type": "Feature", "properties": { "OBJECTID": 177210, "SHAPE_Leng": 61.197750750499999, "SHAPE_Area": 207.869510741, "Town": "Allama Iqbal Town", "UC_N0": "UC_120", "Landuse": "R", "KA": null, "Name": null, "Plot_No": null, "Road_Wdth": "30'", "Plot_Size": "9 M", "__source_file": "PCSIR.shp" }, "geometry": { "type": "Polygon", "coordinates": [ [ [ 74.265939166548236, 31.452443761191592 ], [ 74.265860206584009, 31.452272866604989 ], [ 74.265759493451256, 31.452309659463484 ], [ 74.265843006279653, 31.452479732114888 ], [ 74.265939166548236, 31.452443761191592 ] ] ] } },
{ "type": "Feature", "properties": { "OBJECTID": 177212, "SHAPE_Leng": 56.14167538, "SHAPE_Area": 184.84064002100001, "Town": "Allama Iqbal Town", "UC_N0": "UC_120", "Landuse": "R", "KA": null, "Name": null, "Plot_No": null, "Road_Wdth": "30'", "Plot_Size": "9 M", "__source_file": "PCSIR.shp" }, "geometry": { "type": "Polygon", "coordinates": [ [ [ 74.266047062046439, 31.452508155089124 ], [ 74.2660212967657, 31.452429212525409 ], [ 74.266019054349499, 31.452421607451793 ], [ 74.266017857188871, 31.452417490054323 ], [ 74.266017034343264, 31.452414633405748 ], [ 74.265939166548236, 31.452443761191592 ], [ 74.265843006279653, 31.452479732114888 ], [ 74.265886688208795, 31.45256869014997 ], [ 74.266047062046439, 31.452508155089124 ] ] ] } },
{ "type": "Feature", "properties": { "OBJECTID": 177213, "SHAPE_Leng": 61.1869223056, "SHAPE_Area": 200.753481325, "Town": "Allama Iqbal Town", "UC_N0": "UC_120", "Landuse": "V", "KA": null, "Name": null, "Plot_No": "661", "Road_Wdth": "30'", "Plot_Size": "9 M", "__source_file": "PCSIR.shp" }, "geometry": { "type": "Polygon", "coordinates": [ [ [ 74.266017034343264, 31.452414633405748 ], [ 74.265992507449241, 31.452317657040741 ], [ 74.265976017992799, 31.452230557375461 ], [ 74.265860206584009, 31.452272866604989 ], [ 74.265939166548236, 31.452443761191592 ], [ 74.266017034343264, 31.452414633405748 ] ] ] } },
{ "type": "Feature", "properties": { "OBJECTID": 177214, "SHAPE_Leng": 95.228462092399994, "SHAPE_Area": 576.53331377400002, "Town": "Allama Iqbal Town", "UC_N0": "UC_120", "Landuse": "V", "KA": null, "Name": null, "Plot_No": null, "Road_Wdth": "30'", "Plot_Size": "9 M", "__source_file": "PCSIR.shp" }, "geometry": { "type": "Polygon", "coordinates": [ [ [ 74.264307708237013, 31.453260162104346 ], [ 74.264213195619718, 31.453089377805341 ], [ 74.264209139423514, 31.453090895021383 ], [ 74.264118311484225, 31.45312486908513 ], [ 74.26420537968896, 31.453295784330805 ], [ 74.264307708237013, 31.453260162104346 ] ] ] } },
{ "type": "Feature", "properties": { "OBJECTID": 177215, "SHAPE_Leng": 64.322931628399999, "SHAPE_Area": 223.08486293499999, "Town": "Allama Iqbal Town", "UC_N0": "UC_120", "Landuse": "R", "KA": null, "Name": null, "Plot_No": "640", "Road_Wdth": "30'", "Plot_Size": "9 M", "__source_file": "PCSIR.shp" }, "geometry": { "type": "Polygon", "coordinates": [ [ [ 74.264116250061505, 31.453125640156365 ], [ 74.264028904374214, 31.452941873887013 ], [ 74.263927430940839, 31.452978943314591 ], [ 74.26402201691424, 31.453160888160696 ], [ 74.264116250061505, 31.453125640156365 ] ] ] } },
{ "type": "Feature", "properties": { "OBJECTID": 177217, "SHAPE_Leng": 67.119868204699998, "SHAPE_Area": 257.33958526700002, "Town": "Allama Iqbal Town", "UC_N0": "UC_120", "Landuse": "R", "KA": null, "Name": null, "Plot_No": null, "Road_Wdth": "30'", "Plot_Size": "9 M", "__source_file": "PCSIR.shp" }, "geometry": { "type": "Polygon", "coordinates": [ [ [ 74.264502404255182, 31.452981198857074 ], [ 74.264409526141378, 31.452802828852196 ], [ 74.264296205321543, 31.452844226173276 ], [ 74.264386517901912, 31.453024546568425 ], [ 74.264502404255182, 31.452981198857074 ] ] ] } },
{ "type": "Feature", "properties": { "OBJECTID": 177223, "SHAPE_Leng": 61.309918327399998, "SHAPE_Area": 199.84202794300001, "Town": "Allama Iqbal Town", "UC_N0": "UC_120", "Landuse": "R", "KA": null, "Name": null, "Plot_No": null, "Road_Wdth": "30'", "Plot_Size": "9 M", "__source_file": "PCSIR.shp" }, "geometry": { "type": "Polygon", "coordinates": [ [ [ 74.264475219392267, 31.45320164843287 ], [ 74.264386517901912, 31.453024546568425 ], [ 74.264296500814098, 31.453058217542441 ], [ 74.264382858442559, 31.453233958081555 ], [ 74.264475219392267, 31.45320164843287 ] ] ] } },
{ "type": "Feature", "properties": { "OBJECTID": 177224, "SHAPE_Leng": 62.096452219200003, "SHAPE_Area": 201.716877348, "Town": "Allama Iqbal Town", "UC_N0": "UC_120", "Landuse": "R", "KA": null, "Name": null, "Plot_No": null, "Road_Wdth": "30'", "Plot_Size": "9 M", "__source_file": "PCSIR.shp" }, "geometry": { "type": "Polygon", "coordinates": [ [ [ 74.264386517901912, 31.453024546568425 ], [ 74.264296205321543, 31.452844226173276 ], [ 74.264207303848991, 31.452876702633816 ], [ 74.264296500814098, 31.453058217542441 ], [ 74.264386517901912, 31.453024546568425 ] ] ] } },
{ "type": "Feature", "properties": { "OBJECTID": 177225, "SHAPE_Leng": 62.008021097399997, "SHAPE_Area": 199.75301710400001, "Town": "Allama Iqbal Town", "UC_N0": "UC_120", "Landuse": "V", "KA": null, "Name": null, "Plot_No": null, "Road_Wdth": "30'", "Plot_Size": "9 M", "__source_file": "PCSIR.shp" }, "geometry": { "type": "Polygon", "coordinates": [ [ [ 74.264296500814098, 31.453058217542441 ], [ 74.264207303848991, 31.452876702633816 ], [ 74.264118123668013, 31.452909281186439 ], [ 74.264209139423514, 31.453090895021365 ], [ 74.264296500814098, 31.453058217542441 ] ] ] } },
{ "type": "Feature", "properties": { "OBJECTID": 177226, "SHAPE_Leng": 62.748326456500003, "SHAPE_Area": 206.814634103, "Town": "Allama Iqbal Town", "UC_N0": "UC_120", "Landuse": "V", "KA": null, "Name": null, "Plot_No": null, "Road_Wdth": "30'", "Plot_Size": "9 M", "__source_file": "PCSIR.shp" }, "geometry": { "type": "Polygon", "coordinates": [ [ [ 74.264209139423514, 31.453090895021365 ], [ 74.264118123668013, 31.452909281186439 ], [ 74.264028904374214, 31.452941873887013 ], [ 74.264116250061505, 31.453125640156365 ], [ 74.264209139423514, 31.453090895021365 ] ] ] } },
{ "type": "Feature", "properties": { "OBJECTID": 177236, "SHAPE_Leng": 64.687327559300002, "SHAPE_Area": 253.04426734200001, "Town": "Allama Iqbal Town", "UC_N0": "UC_120", "Landuse": "R", "KA": null, "Name": null, "Plot_No": "726", "Road_Wdth": "30'", "Plot_Size": "10 M", "__source_file": "PCSIR.shp" }, "geometry": { "type": "Polygon", "coordinates": [ [ [ 74.26627998188998, 31.45123792509094 ], [ 74.266279175833063, 31.451237910549089 ], [ 74.266252785295734, 31.451238657988064 ], [ 74.26623921429757, 31.451239977791779 ], [ 74.266239099034607, 31.451245178459711 ], [ 74.266237983416772, 31.451320924699672 ], [ 74.266237982347818, 31.451321061831774 ], [ 74.266237982031356, 31.451321102430093 ], [ 74.266238457691642, 31.451361071925898 ], [ 74.266446124612884, 31.451365673633358 ], [ 74.266452523006564, 31.451267279312354 ], [ 74.266442153946912, 31.451265575171639 ], [ 74.266283418483397, 31.451238012443806 ], [ 74.26627998188998, 31.45123792509094 ] ] ] } },
{ "type": "Feature", "properties": { "OBJECTID": 177237, "SHAPE_Leng": 151.31903954800001, "SHAPE_Area": 1076.66666403, "Town": "Allama Iqbal Town", "UC_N0": "UC_120", "Landuse": "V", "KA": null, "Name": null, "Plot_No": null, "Road_Wdth": "30'", "Plot_Size": "10 M", "__source_file": "PCSIR.shp" }, "geometry": { "type": "Polygon", "coordinates": [ [ [ 74.266448345699686, 31.451704620869023 ], [ 74.266249692444021, 31.451714726066651 ], [ 74.266251607324662, 31.451752021865406 ], [ 74.266253096690619, 31.451768406119253 ], [ 74.266452714762053, 31.451772786819859 ], [ 74.26645005000637, 31.451743169981931 ], [ 74.266448345699686, 31.451704620869023 ] ] ] } },
{ "type": "Feature", "properties": { "OBJECTID": 177238, "SHAPE_Leng": 55.945664500900001, "SHAPE_Area": 170.61336122099999, "Town": "Allama Iqbal Town", "UC_N0": "UC_120", "Landuse": "R", "KA": null, "Name": null, "Plot_No": null, "Road_Wdth": "30'", "Plot_Size": "10 M", "__source_file": "PCSIR.shp" }, "geometry": { "type": "Polygon", "coordinates": [ [ [ 74.266470863150076, 31.451945892853711 ], [ 74.266465808448828, 31.451906700117764 ], [ 74.266461694000611, 31.451871506014662 ], [ 74.266461169055518, 31.451866750086356 ], [ 74.266262855387851, 31.451875759710607 ], [ 74.266266543713897, 31.451921325162498 ], [ 74.266270339562894, 31.451958092730823 ], [ 74.266470863150076, 31.451945892853711 ] ] ] } },
{ "type": "Feature", "properties": { "OBJECTID": 177239, "SHAPE_Leng": 59.182363537500002, "SHAPE_Area": 199.380227593, "Town": "Allama Iqbal Town", "UC_N0": "UC_120", "Landuse": "V", "KA": null, "Name": null, "Plot_No": null, "Road_Wdth": "30'", "Plot_Size": "10 M", "__source_file": "PCSIR.shp" }, "geometry": { "type": "Polygon", "coordinates": [ [ [ 74.266484822971222, 31.452038794621483 ], [ 74.266471676441725, 31.451951867534952 ], [ 74.266470863150076, 31.451945892853711 ], [ 74.266270339562894, 31.451958092730823 ], [ 74.266271144047252, 31.451966950874166 ], [ 74.266271153882101, 31.451967039348563 ], [ 74.26627118657899, 31.451967300278923 ], [ 74.26628183342568, 31.452049087524138 ], [ 74.266282166632621, 31.45205130168878 ], [ 74.266484822971222, 31.452038794621483 ] ] ] } },
{ "type": "Feature", "properties": { "OBJECTID": 177240, "SHAPE_Leng": 56.3131738652, "SHAPE_Area": 168.93768884400001, "Town": "Allama Iqbal Town", "UC_N0": "UC_120", "Landuse": "R", "KA": null, "Name": null, "Plot_No": null, "Road_Wdth": "30'", "Plot_Size": "10 M", "__source_file": "PCSIR.shp" }, "geometry": { "type": "Polygon", "coordinates": [ [ [ 74.266498295131655, 31.452114595526229 ], [ 74.266490102617766, 31.452069786515846 ], [ 74.266485596020559, 31.452043450921234 ], [ 74.266484822971222, 31.452038794621483 ], [ 74.266282166632621, 31.45205130168878 ], [ 74.266283569386729, 31.452064554388546 ], [ 74.266292566467015, 31.452130890599193 ], [ 74.266498295131655, 31.452114595526229 ] ] ] } },
{ "type": "Feature", "properties": { "OBJECTID": 177241, "SHAPE_Leng": 57.2467283788, "SHAPE_Area": 173.943678447, "Town": "Allama Iqbal Town", "UC_N0": "UC_120", "Landuse": "V", "KA": null, "Name": null, "Plot_No": null, "Road_Wdth": "30'", "Plot_Size": "10 M", "__source_file": "PCSIR.shp" }, "geometry": { "type": "Polygon", "coordinates": [ [ [ 74.266513838250646, 31.452191243748942 ], [ 74.266499962795223, 31.452123299819721 ], [ 74.266498295131655, 31.452114595526229 ], [ 74.266292566467015, 31.452130890599193 ], [ 74.266299123539113, 31.452181080145177 ], [ 74.266299139463385, 31.452181197525647 ], [ 74.266299143426878, 31.452181229126218 ], [ 74.266303661540277, 31.452210672055511 ], [ 74.266513838250646, 31.452191243748942 ] ] ] } },
{ "type": "Feature", "properties": { "OBJECTID": 177242, "SHAPE_Leng": 57.9810680752, "SHAPE_Area": 175.941633983, "Town": "Allama Iqbal Town", "UC_N0": "UC_120", "Landuse": "R", "KA": null, "Name": null, "Plot_No": null, "Road_Wdth": "30'", "Plot_Size": "10 M", "__source_file": "PCSIR.shp" }, "geometry": { "type": "Polygon", "coordinates": [ [ [ 74.266406621875475, 31.452280088038044 ], [ 74.266530951637137, 31.452266273347199 ], [ 74.266522780990599, 31.452231485478908 ], [ 74.266513884959977, 31.452191462354889 ], [ 74.266513838250646, 31.452191243748942 ], [ 74.266303661540277, 31.452210672055511 ], [ 74.266316653915979, 31.452290085443618 ], [ 74.266406621875475, 31.452280088038044 ] ] ] } },
{ "type": "Feature", "properties": { "OBJECTID": 177245, "SHAPE_Leng": 61.289260646700001, "SHAPE_Area": 190.564965548, "Town": "Allama Iqbal Town", "UC_N0": "UC_120", "Landuse": "R", "KA": null, "Name": null, "Plot_No": null, "Road_Wdth": "30'", "Plot_Size": "10 M", "__source_file": "PCSIR.shp" }, "geometry": { "type": "Polygon", "coordinates": [ [ [ 74.266329873920256, 31.452364332188509 ], [ 74.266316653915979, 31.452290085443618 ], [ 74.266084956927784, 31.452321456472134 ], [ 74.266086716555421, 31.45232889006229 ], [ 74.266106156823369, 31.452400921418569 ], [ 74.266329873920256, 31.452364332188509 ] ] ] } },
{ "type": "Feature", "properties": { "OBJECTID": 177246, "SHAPE_Leng": 63.223924137899999, "SHAPE_Area": 205.90289493099999, "Town": "Allama Iqbal Town", "UC_N0": "UC_120", "Landuse": "R", "KA": null, "Name": null, "Plot_No": null, "Road_Wdth": "30'", "Plot_Size": "10 M", "__source_file": "PCSIR.shp" }, "geometry": { "type": "Polygon", "coordinates": [ [ [ 74.266316653915979, 31.452290085443618 ], [ 74.266303661540277, 31.452210672055511 ], [ 74.266068141186494, 31.452237183423815 ], [ 74.266084956927784, 31.452321456472134 ], [ 74.266316653915979, 31.452290085443618 ] ] ] } },
{ "type": "Feature", "properties": { "OBJECTID": 177248, "SHAPE_Leng": 140.386847727, "SHAPE_Area": 1181.05519669, "Town": "Allama Iqbal Town", "UC_N0": "UC_120", "Landuse": "V", "KA": null, "Name": null, "Plot_No": null, "Road_Wdth": "30'", "Plot_Size": "18 M", "__source_file": "PCSIR.shp" }, "geometry": { "type": "Polygon", "coordinates": [ [ [ 74.266829491427274, 31.451568298931626 ], [ 74.266528849934389, 31.451570852634337 ], [ 74.266530616297842, 31.45168260936801 ], [ 74.266835827831272, 31.451678837869927 ], [ 74.266833079068093, 31.451636380560725 ], [ 74.266830979444208, 31.451603950688892 ], [ 74.266830976757831, 31.451603890224405 ], [ 74.266829491427274, 31.451568298931626 ] ] ] } },
{ "type": "Feature", "properties": { "OBJECTID": 177249, "SHAPE_Leng": 87.801922901699996, "SHAPE_Area": 429.54786265600001, "Town": "Allama Iqbal Town", "UC_N0": "UC_120", "Landuse": "R", "KA": null, "Name": null, "Plot_No": null, "Road_Wdth": "30'", "Plot_Size": "18 M", "__source_file": "PCSIR.shp" }, "geometry": { "type": "Polygon", "coordinates": [ [ [ 74.266836716500052, 31.451690811876009 ], [ 74.266835827831272, 31.45167883786992 ], [ 74.266530616297828, 31.45168260936801 ], [ 74.266531370165907, 31.451700397445027 ], [ 74.266539379792704, 31.451822297839747 ], [ 74.266846745909675, 31.451804773408661 ], [ 74.266846324985991, 31.451800577456719 ], [ 74.266846312316659, 31.451800447463775 ], [ 74.266846307448176, 31.451800396911281 ], [ 74.26684197685907, 31.451752533437642 ], [ 74.266838809124735, 31.451717519795206 ], [ 74.266839054355032, 31.451717518492249 ], [ 74.266838450873621, 31.451711763352371 ], [ 74.26683789947856, 31.451704320447313 ], [ 74.266836716500052, 31.451690811876009 ] ] ] } },
{ "type": "Feature", "properties": { "OBJECTID": 177250, "SHAPE_Leng": 114.039164074, "SHAPE_Area": 812.69329091899999, "Town": "Allama Iqbal Town", "UC_N0": "UC_120", "Landuse": "V", "KA": null, "Name": null, "Plot_No": null, "Road_Wdth": "30'", "Plot_Size": "18 M", "__source_file": "PCSIR.shp" }, "geometry": { "type": "Polygon", "coordinates": [ [ [ 74.266860729541378, 31.451924027486001 ], [ 74.266857811886823, 31.451900643137588 ], [ 74.266851684993981, 31.451851533334537 ], [ 74.2668484535792, 31.451820911360457 ], [ 74.266848270034572, 31.451819073379387 ], [ 74.26684786620477, 31.451815790577186 ], [ 74.266846745909689, 31.451804773408675 ], [ 74.266539379792704, 31.451822297839747 ], [ 74.266542849509392, 31.451859872829964 ], [ 74.266555404751472, 31.451959935990097 ], [ 74.266860729541378, 31.451924027486001 ] ] ] } },
{ "type": "Feature", "properties": { "OBJECTID": 177251, "SHAPE_Leng": 84.9813580796, "SHAPE_Area": 390.57661801, "Town": "Allama Iqbal Town", "UC_N0": "UC_120", "Landuse": "R", "KA": null, "Name": null, "Plot_No": "738", "Road_Wdth": "30'", "Plot_Size": "18 M", "__source_file": "PCSIR.shp" }, "geometry": { "type": "Polygon", "coordinates": [ [ [ 74.266879313775206, 31.452058292917069 ], [ 74.26687770519996, 31.452047943307655 ], [ 74.26657226815513, 31.452077126577109 ], [ 74.266591117316011, 31.452176572199281 ], [ 74.266596252074862, 31.452200905740487 ], [ 74.266897113797199, 31.452163975890425 ], [ 74.266892249076477, 31.452135094886941 ], [ 74.266885706514984, 31.452096244616488 ], [ 74.266882354736339, 31.452076344900995 ], [ 74.266879313775206, 31.452058292917069 ] ] ] } },
{ "type": "Feature", "properties": { "OBJECTID": 177252, "SHAPE_Leng": 86.867565550099997, "SHAPE_Area": 415.04526106600002, "Town": "Allama Iqbal Town", "UC_N0": "UC_120", "Landuse": "R", "KA": null, "Name": null, "Plot_No": "745", "Road_Wdth": "30'", "Plot_Size": "18.5 M", "__source_file": "PCSIR.shp" }, "geometry": { "type": "Polygon", "coordinates": [ [ [ 74.266964510874061, 31.451337002185134 ], [ 74.26682369214879, 31.451320623791553 ], [ 74.266824061059651, 31.451406759541324 ], [ 74.266825301458056, 31.451467889693369 ], [ 74.266826205530592, 31.451467886748361 ], [ 74.267132175910078, 31.451466859841016 ], [ 74.267123760935547, 31.451352994172897 ], [ 74.266964510874061, 31.451337002185134 ] ] ] } },
{ "type": "Feature", "properties": { "OBJECTID": 177253, "SHAPE_Leng": 82.279590397199996, "SHAPE_Area": 364.860473641, "Town": "Allama Iqbal Town", "UC_N0": "UC_120", "Landuse": "R", "KA": null, "Name": null, "Plot_No": null, "Road_Wdth": "30'", "Plot_Size": "18.5 M", "__source_file": "PCSIR.shp" }, "geometry": { "type": "Polygon", "coordinates": [ [ [ 74.26717713103848, 31.452075193383877 ], [ 74.267168718839727, 31.451961364735428 ], [ 74.26686781981337, 31.451978181713319 ], [ 74.266869194313657, 31.451990072788135 ], [ 74.266870110062783, 31.451996814042666 ], [ 74.266870124956426, 31.451996928710511 ], [ 74.266870148907117, 31.451997096661483 ], [ 74.26687770519996, 31.452047943307655 ], [ 74.266879313775206, 31.452058292917069 ], [ 74.266882354736339, 31.452076344900995 ], [ 74.266885706514984, 31.452096244616488 ], [ 74.26717713103848, 31.452075193383877 ] ] ] } },
{ "type": "Feature", "properties": { "OBJECTID": 177257, "SHAPE_Leng": 422.84259946899999, "SHAPE_Area": 6181.7860888100004, "Town": "Allama Iqbal Town", "UC_N0": "UC_120", "Landuse": "V", "KA": null, "Name": null, "Plot_No": null, "Road_Wdth": "30'", "Plot_Size": "18 M", "__source_file": "PCSIR.shp" }, "geometry": { "type": "Polygon", "coordinates": [ [ [ 74.265171904577542, 31.446147013248229 ], [ 74.265137006251621, 31.446095568847614 ], [ 74.265067228447904, 31.445992708463429 ], [ 74.264817224327786, 31.446136666965909 ], [ 74.264916358022717, 31.446279347882225 ], [ 74.265171904577542, 31.446147013248229 ] ] ] } },
{ "type": "Feature", "properties": { "OBJECTID": 177258, "SHAPE_Leng": 147.156250126, "SHAPE_Area": 1264.0725222399999, "Town": "Allama Iqbal Town", "UC_N0": "UC_120", "Landuse": "R", "KA": null, "Name": null, "Plot_No": null, "Road_Wdth": "30'", "Plot_Size": "18 M", "__source_file": "PCSIR.shp" }, "geometry": { "type": "Polygon", "coordinates": [ [ [ 74.264168051868467, 31.446962883629901 ], [ 74.264093030915987, 31.446852229612084 ], [ 74.264074076393072, 31.446824272295679 ], [ 74.263799402857913, 31.446955987831455 ], [ 74.263893723405843, 31.447102599623733 ], [ 74.264168051868467, 31.446962883629901 ] ] ] } },
{ "type": "Feature", "properties": { "OBJECTID": 177259, "SHAPE_Leng": 170.279626675, "SHAPE_Area": 1634.6835211600001, "Town": "Allama Iqbal Town", "UC_N0": "UC_120", "Landuse": "V", "KA": null, "Name": null, "Plot_No": null, "Road_Wdth": "60'", "Plot_Size": "18 M", "__source_file": "PCSIR.shp" }, "geometry": { "type": "Polygon", "coordinates": [ [ [ 74.264837749558524, 31.448458219664328 ], [ 74.264740494167015, 31.448317244417627 ], [ 74.264484750113937, 31.448462615429676 ], [ 74.264574904309811, 31.44859626069718 ], [ 74.264837749558524, 31.448458219664328 ] ] ] } },
{ "type": "Feature", "properties": { "OBJECTID": 178282, "SHAPE_Leng": 282.46646144300001, "SHAPE_Area": 4860.6291142, "Town": "Allama Iqbal Town", "UC_N0": "UC_120", "Landuse": "V", "KA": null, "Name": null, "Plot_No": null, "Road_Wdth": "200'", "Plot_Size": "18 M", "__source_file": "PCSIR.shp" }, "geometry": { "type": "Polygon", "coordinates": [ [ [ 74.268716919814949, 31.451017625355053 ], [ 74.26845293028515, 31.451022112073712 ], [ 74.268442071731826, 31.451145449863475 ], [ 74.26844015966347, 31.451174808184156 ], [ 74.268728487305694, 31.451140226060133 ], [ 74.268716919814949, 31.451017625355053 ] ] ] } },
{ "type": "Feature", "properties": { "OBJECTID": 178290, "SHAPE_Leng": 155.095260131, "SHAPE_Area": 1382.7695853299999, "Town": "Allama Iqbal Town", "UC_N0": "UC_120", "Landuse": "V", "KA": null, "Name": null, "Plot_No": null, "Road_Wdth": "30'", "Plot_Size": "12 M", "__source_file": "PCSIR.shp" }, "geometry": { "type": "Polygon", "coordinates": [ [ [ 74.268773882450418, 31.451449001188013 ], [ 74.268726394909407, 31.451199387909288 ], [ 74.268605989506824, 31.451214951425975 ], [ 74.268633048802599, 31.451494619951053 ], [ 74.268773882450418, 31.451449001188013 ] ] ] } },
{ "type": "Feature", "properties": { "OBJECTID": 178292, "SHAPE_Leng": 130.767193217, "SHAPE_Area": 714.23945388300001, "Town": "Allama Iqbal Town", "UC_N0": "UC_120", "Landuse": "V", "KA": null, "Name": null, "Plot_No": null, "Road_Wdth": "30'", "Plot_Size": "9 M", "__source_file": "PCSIR.shp" }, "geometry": { "type": "Polygon", "coordinates": [ [ [ 74.269306002754305, 31.451251283376457 ], [ 74.269280140123101, 31.451127810254594 ], [ 74.269084756502579, 31.451153066000746 ], [ 74.269116785558026, 31.451337927895565 ], [ 74.269243953852651, 31.451296735452413 ], [ 74.269306002754305, 31.451251283376457 ] ] ] } },
{ "type": "Feature", "properties": { "OBJECTID": 178293, "SHAPE_Leng": 66.339500959899993, "SHAPE_Area": 219.96789770500001, "Town": "Allama Iqbal Town", "UC_N0": "UC_120", "Landuse": "V", "KA": null, "Name": null, "Plot_No": null, "Road_Wdth": "30'", "Plot_Size": "9 M", "__source_file": "PCSIR.shp" }, "geometry": { "type": "Polygon", "coordinates": [ [ [ 74.269019138091892, 31.451369557820193 ], [ 74.268984404055658, 31.451166037672465 ], [ 74.268889941037529, 31.451178247862966 ], [ 74.268924256317518, 31.451400291940601 ], [ 74.269019138091892, 31.451369557820193 ] ] ] } },
{ "type": "Feature", "properties": { "OBJECTID": 191451, "SHAPE_Leng": 87.599795259399997, "SHAPE_Area": 416.67919139899999, "Town": "Allama Iqbal Town", "UC_N0": "UC_120", "Landuse": "R", "KA": null, "Name": null, "Plot_No": null, "Road_Wdth": "30'", "Plot_Size": "18 M", "__source_file": "PCSIR.shp" }, "geometry": { "type": "Polygon", "coordinates": [ [ [ 74.266610109889186, 31.447414328248236 ], [ 74.266669575811846, 31.447386345126649 ], [ 74.266734882866132, 31.447355613852075 ], [ 74.266572261622045, 31.447124397828652 ], [ 74.266442323216282, 31.447188171043166 ], [ 74.26660801424994, 31.447415314111552 ], [ 74.266610109889186, 31.447414328248236 ] ] ] } },
{ "type": "Feature", "properties": { "OBJECTID": 191471, "SHAPE_Leng": 90.548246672999994, "SHAPE_Area": 472.24323059599999, "Town": "Allama Iqbal Town", "UC_N0": "UC_120", "Landuse": "R", "KA": null, "Name": null, "Plot_No": null, "Road_Wdth": "30'", "Plot_Size": "18 M", "__source_file": "PCSIR.shp" }, "geometry": { "type": "Polygon", "coordinates": [ [ [ 74.264645578234308, 31.44766721365821 ], [ 74.26456003227824, 31.447541038904724 ], [ 74.264296588467531, 31.447673780860615 ], [ 74.264384556853429, 31.447801297772745 ], [ 74.264645578234308, 31.44766721365821 ] ] ] } },
{ "type": "Feature", "properties": { "OBJECTID": 191472, "SHAPE_Leng": 84.938737535399994, "SHAPE_Area": 403.23993050199999, "Town": "Allama Iqbal Town", "UC_N0": "UC_120", "Landuse": "R", "KA": null, "Name": null, "Plot_No": null, "Road_Wdth": "30'", "Plot_Size": "18 M", "__source_file": "PCSIR.shp" }, "geometry": { "type": "Polygon", "coordinates": [ [ [ 74.265152220718051, 31.448414478885208 ], [ 74.264899713945098, 31.448548039052913 ], [ 74.264974811299098, 31.448656894946321 ], [ 74.265229700717754, 31.448528754437167 ], [ 74.265152220718051, 31.448414478885208 ] ] ] } },
{ "type": "Feature", "properties": { "OBJECTID": 191473, "SHAPE_Leng": 166.806727322, "SHAPE_Area": 1561.7671245700001, "Town": "Allama Iqbal Town", "UC_N0": "UC_120", "Landuse": "V", "KA": null, "Name": null, "Plot_No": null, "Road_Wdth": "30'", "Plot_Size": "18 M", "__source_file": "PCSIR.shp" }, "geometry": { "type": "Polygon", "coordinates": [ [ [ 74.265089315281543, 31.448321698250641 ], [ 74.26499915051096, 31.448188711846186 ], [ 74.264742543490343, 31.448320214991753 ], [ 74.264834191291754, 31.44845306183511 ], [ 74.265089315281543, 31.448321698250641 ] ] ] } },
{ "type": "Feature", "properties": { "OBJECTID": 191474, "SHAPE_Leng": 172.68008807300001, "SHAPE_Area": 1650.5848948600001, "Town": "Allama Iqbal Town", "UC_N0": "UC_120", "Landuse": "V", "KA": null, "Name": null, "Plot_No": "332", "Road_Wdth": "60'", "Plot_Size": "18 M", "__source_file": "PCSIR.shp" }, "geometry": { "type": "Polygon", "coordinates": [ [ [ 74.264382072184929, 31.44779769606097 ], [ 74.264296588467531, 31.447673780860615 ], [ 74.264039878465326, 31.447803128888282 ], [ 74.26412412200979, 31.447928013856846 ], [ 74.264382072184929, 31.44779769606097 ] ] ] } },
{ "type": "Feature", "properties": { "OBJECTID": 191475, "SHAPE_Leng": 84.212834018400002, "SHAPE_Area": 385.33239058599997, "Town": "Allama Iqbal Town", "UC_N0": "UC_120", "Landuse": "R", "KA": null, "Name": null, "Plot_No": null, "Road_Wdth": "30'", "Plot_Size": "18 M", "__source_file": "PCSIR.shp" }, "geometry": { "type": "Polygon", "coordinates": [ [ [ 74.264861660705719, 31.447985923660891 ], [ 74.264790510478448, 31.447880980747971 ], [ 74.264532707687422, 31.448016049011127 ], [ 74.264604719793681, 31.448120434022758 ], [ 74.264861660705719, 31.447985923660891 ] ] ] } },
{ "type": "Feature", "properties": { "OBJECTID": 185596, "SHAPE_Leng": 63.925980637800002, "SHAPE_Area": 230.78602700600001, "Town": "Allama Iqbal Town", "UC_N0": "UC_120", "Landuse": "V", "KA": null, "Name": null, "Plot_No": null, "Road_Wdth": "120'", "Plot_Size": "18 M", "__source_file": "PCSIR.shp" }, "geometry": { "type": "Polygon", "coordinates": [ [ [ 74.258324147006405, 31.452582023209306 ], [ 74.258113510682421, 31.452751883046425 ], [ 74.258213003879405, 31.452810800760837 ], [ 74.258412524532602, 31.452634269406637 ], [ 74.258324147006405, 31.452582023209306 ] ] ] } },
{ "type": "Feature", "properties": { "OBJECTID": 186357, "SHAPE_Leng": 302.47771608099998, "SHAPE_Area": 2737.7523024699999, "Town": "Allama Iqbal Town", "UC_N0": "UC_120", "Landuse": "V", "KA": null, "Name": null, "Plot_No": null, "Road_Wdth": "30", "Plot_Size": "9 M", "__source_file": "PCSIR.shp" }, "geometry": { "type": "Polygon", "coordinates": [ [ [ 74.256057519254938, 31.453312619380025 ], [ 74.256016575040263, 31.453225095203091 ], [ 74.255750728642724, 31.453320510760964 ], [ 74.25579271825174, 31.45339266615677 ], [ 74.255799662022866, 31.453402731647948 ], [ 74.256057519254938, 31.453312619380025 ] ] ] } },
{ "type": "Feature", "properties": { "OBJECTID": 191314, "SHAPE_Leng": 255.425514451, "SHAPE_Area": 2992.2540589800001, "Town": "Allama Iqbal Town", "UC_N0": "UC_120", "Landuse": "R", "KA": null, "Name": null, "Plot_No": null, "Road_Wdth": "30'", "Plot_Size": "18 M", "__source_file": "PCSIR.shp" }, "geometry": { "type": "Polygon", "coordinates": [ [ [ 74.262950065733961, 31.44714226180519 ], [ 74.262802332532061, 31.446889634735179 ], [ 74.262776376414152, 31.446902254052155 ], [ 74.262657562450585, 31.446960019062349 ], [ 74.262650122771888, 31.446963636051382 ], [ 74.262776567902378, 31.447228926296429 ], [ 74.262950065733961, 31.44714226180519 ] ] ] } },
{ "type": "Feature", "properties": { "OBJECTID": 191378, "SHAPE_Leng": 197.93078679300001, "SHAPE_Area": 2075.2092700500002, "Town": "Allama Iqbal Town", "UC_N0": "UC_120", "Landuse": "R", "KA": null, "Name": null, "Plot_No": null, "Road_Wdth": "60'", "Plot_Size": "18 M", "__source_file": "PCSIR.shp" }, "geometry": { "type": "Polygon", "coordinates": [ [ [ 74.266980948499352, 31.450349661796146 ], [ 74.266924300474983, 31.450614460445294 ], [ 74.267026189391117, 31.45062523775082 ], [ 74.267038867630262, 31.450626511162984 ], [ 74.267099398894487, 31.450358127898671 ], [ 74.267050225217375, 31.450355675769579 ], [ 74.266980948499352, 31.450349661796146 ] ] ] } },
{ "type": "Feature", "properties": { "OBJECTID": 191379, "SHAPE_Leng": 225.41574377399999, "SHAPE_Area": 3138.0893632500001, "Town": "Allama Iqbal Town", "UC_N0": "UC_120", "Landuse": "Rg", "KA": null, "Name": "Mosque", "Plot_No": null, "Road_Wdth": "60'", "Plot_Size": "7.14 K", "__source_file": "PCSIR.shp" }, "geometry": { "type": "Polygon", "coordinates": [ [ [ 74.265951575487165, 31.449593443977861 ], [ 74.265424779368516, 31.449858789976798 ], [ 74.265438815406895, 31.449877963363175 ], [ 74.265509432023151, 31.449966195437341 ], [ 74.265586836717389, 31.450050138418565 ], [ 74.26567067465767, 31.450129409521399 ], [ 74.265760564522182, 31.450203648364155 ], [ 74.265856095356, 31.45027251514659 ], [ 74.265906278918308, 31.450305109650547 ], [ 74.266242491787139, 31.449875203083707 ], [ 74.266170464878996, 31.449827263028112 ], [ 74.266095530350498, 31.449768638359814 ], [ 74.266028233357716, 31.449706504449086 ], [ 74.265951575487165, 31.449593443977861 ] ] ] } },
{ "type": "Feature", "properties": { "OBJECTID": 191380, "SHAPE_Leng": 429.85043787900003, "SHAPE_Area": 6992.9400664100003, "Town": "Allama Iqbal Town", "UC_N0": "UC_120", "Landuse": "V", "KA": null, "Name": null, "Plot_No": "275", "Road_Wdth": "30'", "Plot_Size": "18 M", "__source_file": "PCSIR.shp" }, "geometry": { "type": "Polygon", "coordinates": [ [ [ 74.265623017028602, 31.449108857931552 ], [ 74.265351686985014, 31.44924409075605 ], [ 74.265444408218258, 31.449382940666013 ], [ 74.265720667533827, 31.449252881830049 ], [ 74.265623017028602, 31.449108857931552 ] ] ] } },
{ "type": "Feature", "properties": { "OBJECTID": 191381, "SHAPE_Leng": 191.233777145, "SHAPE_Area": 2196.0685832200002, "Town": "Allama Iqbal Town", "UC_N0": "UC_120", "Landuse": "P", "KA": null, "Name": "Park", "Plot_No": null, "Road_Wdth": "60'", "Plot_Size": "5.6 K", "__source_file": "PCSIR.shp" }, "geometry": { "type": "Polygon", "coordinates": [ [ [ 74.264331171994641, 31.44720347951176 ], [ 74.263805580947903, 31.447455797939249 ], [ 74.263993586184455, 31.447734504893194 ], [ 74.264516912408013, 31.447477439757257 ], [ 74.264331171994641, 31.44720347951176 ] ] ] } },
{ "type": "Feature", "properties": { "OBJECTID": 191396, "SHAPE_Leng": 140.835005744, "SHAPE_Area": 1196.85635241, "Town": "Allama Iqbal Town", "UC_N0": "UC_120", "Landuse": "R", "KA": null, "Name": null, "Plot_No": null, "Road_Wdth": "30'", "Plot_Size": "18.5 M", "__source_file": "PCSIR.shp" }, "geometry": { "type": "Polygon", "coordinates": [ [ [ 74.265435344905299, 31.448135823228178 ], [ 74.26527360358692, 31.447917710034218 ], [ 74.26513347791537, 31.447987013299052 ], [ 74.265284356546971, 31.448208364674574 ], [ 74.265435344905299, 31.448135823228178 ] ] ] } },
{ "type": "Feature", "properties": { "OBJECTID": 191397, "SHAPE_Leng": 439.37056581000002, "SHAPE_Area": 5534.9153243800001, "Town": "Allama Iqbal Town", "UC_N0": "UC_120", "Landuse": "V", "KA": null, "Name": null, "Plot_No": null, "Road_Wdth": "200'", "Plot_Size": "18 M", "__source_file": "PCSIR.shp" }, "geometry": { "type": "Polygon", "coordinates": [ [ [ 74.268132162894162, 31.449623992097212 ], [ 74.267824312035316, 31.44956383732524 ], [ 74.267808243352917, 31.449625976663665 ], [ 74.267786106341489, 31.449715192920031 ], [ 74.268085008836223, 31.449774771272597 ], [ 74.268103489878399, 31.449711312069663 ], [ 74.268132162894162, 31.449623992097212 ] ] ] } },
{ "type": "Feature", "properties": { "OBJECTID": 191398, "SHAPE_Leng": 276.17641027399998, "SHAPE_Area": 3782.7673468799999, "Town": "Allama Iqbal Town", "UC_N0": "UC_120", "Landuse": "P", "KA": null, "Name": null, "Plot_No": null, "Road_Wdth": "30'", "Plot_Size": "8.3 K", "__source_file": "PCSIR.shp" }, "geometry": { "type": "Polygon", "coordinates": [ [ [ 74.266936622609776, 31.449112985090476 ], [ 74.266933365320611, 31.449112721945824 ], [ 74.266930104223704, 31.449112947785498 ], [ 74.266928422124451, 31.449113261155478 ], [ 74.266025887893989, 31.449557975686993 ], [ 74.266042372133725, 31.449582389629207 ], [ 74.266060585514126, 31.44960572358881 ], [ 74.266120150729051, 31.449673202176761 ], [ 74.266186350384729, 31.44973597213777 ], [ 74.266258679870901, 31.449793557805037 ], [ 74.266336587979623, 31.449845520236245 ], [ 74.266419483170338, 31.449891463565422 ], [ 74.266506733549079, 31.44993103770987 ], [ 74.266597675252584, 31.449963942929621 ], [ 74.266631329208195, 31.449974147614533 ], [ 74.266914681281392, 31.449186571344999 ], [ 74.266939307278463, 31.449150968812592 ], [ 74.266947979424074, 31.449138777046738 ], [ 74.266949432290886, 31.449136952039073 ], [ 74.266950834903781, 31.449134417594504 ], [ 74.266951703159293, 31.449131713180115 ], [ 74.266952010108923, 31.449128920744222 ], [ 74.266951746673314, 31.449126125044092 ], [ 74.266950920611194, 31.449123410933282 ], [ 74.266949557592568, 31.44912086066125 ], [ 74.266947699101109, 31.449118552959014 ], [ 74.26694540143798, 31.449116555815621 ], [ 74.26694273357495, 31.449114931879418 ], [ 74.266939778276964, 31.449113729441947 ], [ 74.266936622609776, 31.449112985090476 ] ] ] } },
{ "type": "Feature", "properties": { "OBJECTID": 191399, "SHAPE_Leng": 329.53191113700001, "SHAPE_Area": 4510.9754057199998, "Town": "Allama Iqbal Town", "UC_N0": "UC_120", "Landuse": "V", "KA": null, "Name": null, "Plot_No": null, "Road_Wdth": "30'", "Plot_Size": "18 M", "__source_file": "PCSIR.shp" }, "geometry": { "type": "Polygon", "coordinates": [ [ [ 74.267134875437151, 31.449649623511004 ], [ 74.267422173664457, 31.449686507300065 ], [ 74.267439215676532, 31.449624190365274 ], [ 74.2671546073299, 31.449586693768477 ], [ 74.267134875437151, 31.449649623511004 ] ] ] } },
{ "type": "Feature", "properties": { "OBJECTID": 191400, "SHAPE_Leng": 251.89120159699999, "SHAPE_Area": 2739.0092115900002, "Town": "Allama Iqbal Town", "UC_N0": "UC_120", "Landuse": "V", "KA": null, "Name": null, "Plot_No": null, "Road_Wdth": "30'", "Plot_Size": "18.5 M", "__source_file": "PCSIR.shp" }, "geometry": { "type": "Polygon", "coordinates": [ [ [ 74.266659786342927, 31.448868147650668 ], [ 74.266510593916465, 31.44865645328986 ], [ 74.266350249894288, 31.448731789765361 ], [ 74.266493999041785, 31.448950025956997 ], [ 74.266659786342927, 31.448868147650668 ] ] ] } },
{ "type": "Feature", "properties": { "OBJECTID": 191401, "SHAPE_Leng": 199.02097975800001, "SHAPE_Area": 1998.2174436099999, "Town": "Allama Iqbal Town", "UC_N0": "UC_120", "Landuse": "R", "KA": null, "Name": null, "Plot_No": null, "Road_Wdth": "30'", "Plot_Size": "18.5 M", "__source_file": "PCSIR.shp" }, "geometry": { "type": "Polygon", "coordinates": [ [ [ 74.265918469473704, 31.448846891448692 ], [ 74.265797966776233, 31.448620682674161 ], [ 74.265747319356734, 31.448645652026375 ], [ 74.265617797556004, 31.448709507049923 ], [ 74.265763403988089, 31.448918953442146 ], [ 74.265918469473704, 31.448846891448692 ] ] ] } },
{ "type": "Feature", "properties": { "OBJECTID": 191402, "SHAPE_Leng": 114.245790089, "SHAPE_Area": 815.479034039, "Town": "Allama Iqbal Town", "UC_N0": "UC_120", "Landuse": "R", "KA": null, "Name": null, "Plot_No": null, "Road_Wdth": "30'", "Plot_Size": "18 M", "__source_file": "PCSIR.shp" }, "geometry": { "type": "Polygon", "coordinates": [ [ [ 74.264383566839939, 31.446619756104891 ], [ 74.264301884378199, 31.446503568752647 ], [ 74.26404288047776, 31.446629790085286 ], [ 74.264131314768505, 31.44675996451495 ], [ 74.264383566839939, 31.446619756104891 ] ] ] } },
{ "type": "Feature", "properties": { "OBJECTID": 191403, "SHAPE_Leng": 276.04991339700001, "SHAPE_Area": 3142.93229354, "Town": "Allama Iqbal Town", "UC_N0": "UC_120", "Landuse": "V", "KA": null, "Name": null, "Plot_No": null, "Road_Wdth": "30'", "Plot_Size": "18 M", "__source_file": "PCSIR.shp" }, "geometry": { "type": "Polygon", "coordinates": [ [ [ 74.265624148819171, 31.446814174061142 ], [ 74.265537575463057, 31.446686309972659 ], [ 74.265269135066205, 31.446801892336179 ], [ 74.265357795662894, 31.44693137532472 ], [ 74.265624148819171, 31.446814174061142 ] ] ] } },
{ "type": "Feature", "properties": { "OBJECTID": 191404, "SHAPE_Leng": 332.72063422100001, "SHAPE_Area": 6134.7245700499998, "Town": "Allama Iqbal Town", "UC_N0": "UC_120", "Landuse": "V", "KA": null, "Name": null, "Plot_No": null, "Road_Wdth": "30'", "Plot_Size": "18 M", "__source_file": "PCSIR.shp" }, "geometry": { "type": "Polygon", "coordinates": [ [ [ 74.265163079011444, 31.447289198324444 ], [ 74.265074103234738, 31.447156239730059 ], [ 74.264811093215172, 31.447284242961071 ], [ 74.264904485791021, 31.447420204408356 ], [ 74.265163079011444, 31.447289198324444 ] ] ] } },
{ "type": "Feature", "properties": { "OBJECTID": 191423, "SHAPE_Leng": 60.301561009899999, "SHAPE_Area": 201.97385352000001, "Town": "Allama Iqbal Town", "UC_N0": "UC_120", "Landuse": "R", "KA": null, "Name": null, "Plot_No": null, "Road_Wdth": "30'", "Plot_Size": "9 M", "__source_file": "PCSIR.shp" }, "geometry": { "type": "Polygon", "coordinates": [ [ [ 74.263146459326961, 31.446005162287843 ], [ 74.2630759478334, 31.445833834530397 ], [ 74.262975810476348, 31.445865582456729 ], [ 74.263048029480373, 31.446035744490359 ], [ 74.263146459326961, 31.446005162287843 ] ] ] } },
{ "type": "Feature", "properties": { "OBJECTID": 191424, "SHAPE_Leng": 57.537037272399999, "SHAPE_Area": 174.376805523, "Town": "Allama Iqbal Town", "UC_N0": "UC_120", "Landuse": "R", "KA": null, "Name": null, "Plot_No": null, "Road_Wdth": "60'", "Plot_Size": "9 M", "__source_file": "PCSIR.shp" }, "geometry": { "type": "Polygon", "coordinates": [ [ [ 74.263048029480373, 31.446035744490359 ], [ 74.262975810476348, 31.445865582456729 ], [ 74.262882610733413, 31.445895130901523 ], [ 74.262969287039795, 31.446060209122969 ], [ 74.263048029480373, 31.446035744490359 ] ] ] } },
{ "type": "Feature", "properties": { "OBJECTID": 192597, "SHAPE_Leng": 88.849335781999997, "SHAPE_Area": 445.05762451499999, "Town": "Allama Iqbal Town", "UC_N0": "UC_120", "Landuse": "R", "KA": null, "Name": null, "Plot_No": "100", "Road_Wdth": "30'", "Plot_Size": "18.5 M", "__source_file": "PCSIR.shp" }, "geometry": { "type": "Polygon", "coordinates": [ [ [ 74.265971718865259, 31.449207965410128 ], [ 74.265823995454639, 31.448979044313631 ], [ 74.265680511481179, 31.449046458040918 ], [ 74.265835112857431, 31.449275430449266 ], [ 74.265971718865259, 31.449207965410128 ] ] ] } },
{ "type": "Feature", "properties": { "OBJECTID": 192598, "SHAPE_Leng": 84.006668796900001, "SHAPE_Area": 398.612485472, "Town": "Allama Iqbal Town", "UC_N0": "UC_120", "Landuse": "R", "KA": null, "Name": null, "Plot_No": null, "Road_Wdth": "30'", "Plot_Size": "18.5 M", "__source_file": "PCSIR.shp" }, "geometry": { "type": "Polygon", "coordinates": [ [ [ 74.266244694377505, 31.449359170731807 ], [ 74.266102966185059, 31.449143146423015 ], [ 74.265971718865259, 31.449207965410128 ], [ 74.266112093261768, 31.449425496939998 ], [ 74.266244694377505, 31.449359170731807 ] ] ] } },
{ "type": "Feature", "properties": { "OBJECTID": 192599, "SHAPE_Leng": 197.67943160199999, "SHAPE_Area": 1975.7878221399999, "Town": "Allama Iqbal Town", "UC_N0": "UC_120", "Landuse": "V", "KA": null, "Name": null, "Plot_No": null, "Road_Wdth": "30'", "Plot_Size": "18.5 M", "__source_file": "PCSIR.shp" }, "geometry": { "type": "Polygon", "coordinates": [ [ [ 74.265906491291986, 31.448567179600843 ], [ 74.265757327844966, 31.448350785134522 ], [ 74.265597348247056, 31.448429290290797 ], [ 74.265747319356734, 31.448645652026375 ], [ 74.265906491291986, 31.448567179600843 ] ] ] } },
{ "type": "Feature", "properties": { "OBJECTID": 192600, "SHAPE_Leng": 82.622202000900003, "SHAPE_Area": 373.60913907100002, "Town": "Allama Iqbal Town", "UC_N0": "UC_120", "Landuse": "R", "KA": null, "Name": null, "Plot_No": "116", "Road_Wdth": "30'", "Plot_Size": "18.5 M", "__source_file": "PCSIR.shp" }, "geometry": { "type": "Polygon", "coordinates": [ [ [ 74.265617797556004, 31.44870950704988 ], [ 74.265467342997638, 31.448493086456356 ], [ 74.265346813998519, 31.448552231731885 ], [ 74.265494160162973, 31.448770460743376 ], [ 74.265617797556004, 31.44870950704988 ] ] ] } },
{ "type": "Feature", "properties": { "OBJECTID": 192601, "SHAPE_Leng": 81.152311233700004, "SHAPE_Area": 368.43697955900001, "Town": "Allama Iqbal Town", "UC_N0": "UC_120", "Landuse": "R", "KA": null, "Name": null, "Plot_No": null, "Road_Wdth": "30'", "Plot_Size": "18.5 M", "__source_file": "PCSIR.shp" }, "geometry": { "type": "Polygon", "coordinates": [ [ [ 74.265763403988075, 31.448918953442135 ], [ 74.265617797556004, 31.44870950704988 ], [ 74.265494160162973, 31.448770460743376 ], [ 74.265634779791938, 31.448978727442761 ], [ 74.265763403988075, 31.448918953442135 ] ] ] } },
{ "type": "Feature", "properties": { "OBJECTID": 192602, "SHAPE_Leng": 85.357242187799997, "SHAPE_Area": 414.45236379099998, "Town": "Allama Iqbal Town", "UC_N0": "UC_120", "Landuse": "R", "KA": null, "Name": null, "Plot_No": null, "Road_Wdth": "30'", "Plot_Size": "18.5 M", "__source_file": "PCSIR.shp" }, "geometry": { "type": "Polygon", "coordinates": [ [ [ 74.266529459413832, 31.44826005131101 ], [ 74.266384513420405, 31.448043009195494 ], [ 74.266247481739114, 31.448110254831466 ], [ 74.266393686494638, 31.448326988527953 ], [ 74.266529459413832, 31.44826005131101 ] ] ] } },
{ "type": "Feature", "properties": { "OBJECTID": 192603, "SHAPE_Leng": 88.318034403799999, "SHAPE_Area": 434.751180057, "Town": "Allama Iqbal Town", "UC_N0": "UC_120", "Landuse": "R", "KA": null, "Name": null, "Plot_No": null, "Road_Wdth": "30'", "Plot_Size": "18.5 M", "__source_file": "PCSIR.shp" }, "geometry": { "type": "Polygon", "coordinates": [ [ [ 74.266529459413832, 31.44826005131101 ], [ 74.266393686494638, 31.448326988527953 ], [ 74.266547276641703, 31.448554669546503 ], [ 74.266683833072037, 31.448491207518654 ], [ 74.266529459413832, 31.44826005131101 ] ] ] } },
{ "type": "Feature", "properties": { "OBJECTID": 192604, "SHAPE_Leng": 84.565780195000002, "SHAPE_Area": 385.36215770400003, "Town": "Allama Iqbal Town", "UC_N0": "UC_120", "Landuse": "R", "KA": null, "Name": null, "Plot_No": null, "Road_Wdth": "30'", "Plot_Size": "18.5 M", "__source_file": "PCSIR.shp" }, "geometry": { "type": "Polygon", "coordinates": [ [ [ 74.266547276641703, 31.448554669546503 ], [ 74.266393686494638, 31.448326988527953 ], [ 74.266272355316602, 31.448386805856479 ], [ 74.266424264164101, 31.448611836573569 ], [ 74.266547276641703, 31.448554669546503 ] ] ] } },
{ "type": "Feature", "properties": { "OBJECTID": 192612, "SHAPE_Leng": 84.252483937299999, "SHAPE_Area": 396.71706946099999, "Town": "Allama Iqbal Town", "UC_N0": "UC_120", "Landuse": "R", "KA": null, "Name": null, "Plot_No": null, "Road_Wdth": "30'", "Plot_Size": "18.5 M", "__source_file": "PCSIR.shp" }, "geometry": { "type": "Polygon", "coordinates": [ [ [ 74.265747319356734, 31.448645652026375 ], [ 74.265597348247042, 31.448429290290797 ], [ 74.265467342997638, 31.448493086456356 ], [ 74.265617797556004, 31.44870950704988 ], [ 74.265747319356734, 31.448645652026375 ] ] ] } },
{ "type": "Feature", "properties": { "OBJECTID": 192613, "SHAPE_Leng": 166.15736279699999, "SHAPE_Area": 1544.6708330399999, "Town": "Allama Iqbal Town", "UC_N0": "UC_120", "Landuse": "R", "KA": null, "Name": null, "Plot_No": null, "Road_Wdth": "30'", "Plot_Size": "18.5 M", "__source_file": "PCSIR.shp" }, "geometry": { "type": "Polygon", "coordinates": [ [ [ 74.265558358313228, 31.448367244519048 ], [ 74.265429154916276, 31.448138797176835 ], [ 74.265284356546971, 31.448208364674574 ], [ 74.265276673653943, 31.448212055861692 ], [ 74.26542724097996, 31.448431678841263 ], [ 74.265558358313228, 31.448367244519048 ] ] ] } },
{ "type": "Feature", "properties": { "OBJECTID": 192614, "SHAPE_Leng": 142.531487693, "SHAPE_Area": 1203.0512896, "Town": "Allama Iqbal Town", "UC_N0": "UC_120", "Landuse": "R", "KA": null, "Name": null, "Plot_No": null, "Road_Wdth": "30'", "Plot_Size": "18.5 M", "__source_file": "PCSIR.shp" }, "geometry": { "type": "Polygon", "coordinates": [ [ [ 74.266097676910391, 31.44810220838896 ], [ 74.265965470803366, 31.447881124837377 ], [ 74.265800297199377, 31.447960482612359 ], [ 74.265942082912758, 31.448178672040299 ], [ 74.266097676910391, 31.44810220838896 ] ] ] } },
{ "type": "Feature", "properties": { "OBJECTID": 193070, "SHAPE_Leng": 301.31921746699999, "SHAPE_Area": 5522.1860933899998, "Town": "Allama Iqbal Town", "UC_N0": "UC_120", "Landuse": "V", "KA": null, "Name": null, "Plot_No": null, "Road_Wdth": "60'", "Plot_Size": "18 M", "__source_file": "PCSIR.shp" }, "geometry": { "type": "Polygon", "coordinates": [ [ [ 74.264354746530572, 31.448511496638936 ], [ 74.264262087080795, 31.448379115519 ], [ 74.264050820168492, 31.448479767224171 ], [ 74.264127850884236, 31.448615556758135 ], [ 74.264354746530572, 31.448511496638936 ] ] ] } },
{ "type": "Feature", "properties": { "OBJECTID": 193072, "SHAPE_Leng": 195.18128611500001, "SHAPE_Area": 2038.1414233099999, "Town": "Allama Iqbal Town", "UC_N0": "UC_120", "Landuse": "V", "KA": null, "Name": null, "Plot_No": null, "Road_Wdth": "30'", "Plot_Size": "18 M", "__source_file": "PCSIR.shp" }, "geometry": { "type": "Polygon", "coordinates": [ [ [ 74.264428282300841, 31.450885990267739 ], [ 74.264298931740271, 31.45063142321818 ], [ 74.264223049212006, 31.450667700756398 ], [ 74.264161632542482, 31.450693762330342 ], [ 74.264302481715944, 31.450931742650933 ], [ 74.264428282300841, 31.450885990267739 ] ] ] } },
{ "type": "Feature", "properties": { "OBJECTID": 193073, "SHAPE_Leng": 369.28651718999998, "SHAPE_Area": 8379.1780103000001, "Town": "Allama Iqbal Town", "UC_N0": "UC_120", "Landuse": "P", "KA": null, "Name": null, "Plot_No": null, "Road_Wdth": "30'", "Plot_Size": "18.2 K", "__source_file": "PCSIR.shp" }, "geometry": { "type": "Polygon", "coordinates": [ [ [ 74.264195816487728, 31.449554596354844 ], [ 74.26419289215535, 31.44955455158712 ], [ 74.264159209608735, 31.449558156462164 ], [ 74.264129450921175, 31.44956830335035 ], [ 74.263243093683542, 31.45000352020152 ], [ 74.26335974670468, 31.450624476266864 ], [ 74.263990362618429, 31.450381338375092 ], [ 74.264056789086581, 31.450355475227884 ], [ 74.264165445207922, 31.450306745058189 ], [ 74.264269870837339, 31.450251636123465 ], [ 74.264369558694895, 31.45019041709017 ], [ 74.264464021281597, 31.450123384708412 ], [ 74.264500446733507, 31.450094849881321 ], [ 74.264517267242198, 31.450069315150365 ], [ 74.264530028344737, 31.450036394950747 ], [ 74.264534528446916, 31.450001920600286 ], [ 74.264530567410304, 31.449967397666825 ], [ 74.264527497529812, 31.449956480257121 ], [ 74.264333903316498, 31.449684749667032 ], [ 74.26425065444738, 31.449566525702991 ], [ 74.264226514274227, 31.449558543092596 ], [ 74.264195816487728, 31.449554596354844 ] ] ] } },
{ "type": "Feature", "properties": { "OBJECTID": 193074, "SHAPE_Leng": 136.10289548899999, "SHAPE_Area": 1107.5831407400001, "Town": "Allama Iqbal Town", "UC_N0": "UC_120", "Landuse": "V", "KA": null, "Name": null, "Plot_No": null, "Road_Wdth": "30'", "Plot_Size": "18 M", "__source_file": "PCSIR.shp" }, "geometry": { "type": "Polygon", "coordinates": [ [ [ 74.267252870497998, 31.451056875527417 ], [ 74.267245948074503, 31.451056288209351 ], [ 74.267081971671615, 31.451038267795376 ], [ 74.267049958464639, 31.451284369102421 ], [ 74.267220989268637, 31.4512984487985 ], [ 74.267252870497998, 31.451056875527417 ] ] ] } },
{ "type": "Feature", "properties": { "OBJECTID": 193075, "SHAPE_Leng": 196.842111937, "SHAPE_Area": 2054.74964211, "Town": "Allama Iqbal Town", "UC_N0": "UC_120", "Landuse": "V", "KA": null, "Name": null, "Plot_No": null, "Road_Wdth": "30'", "Plot_Size": "18 M", "__source_file": "PCSIR.shp" }, "geometry": { "type": "Polygon", "coordinates": [ [ [ 74.264800993766016, 31.452066357183345 ], [ 74.264677030897502, 31.451816503319652 ], [ 74.26455174543301, 31.451861987270217 ], [ 74.264650059153894, 31.45212127549626 ], [ 74.264800993766016, 31.452066357183345 ] ] ] } },
{ "type": "Feature", "properties": { "OBJECTID": 193080, "SHAPE_Leng": 371.76024753399997, "SHAPE_Area": 6660.4973189100001, "Town": "Allama Iqbal Town", "UC_N0": "UC_120", "Landuse": "P", "KA": null, "Name": null, "Plot_No": "702, 703, 704, 705", "Road_Wdth": "30'", "Plot_Size": "16.98 K", "__source_file": "PCSIR.shp" }, "geometry": { "type": "Polygon", "coordinates": [ [ [ 74.259799180598037, 31.452425925468184 ], [ 74.259617031169284, 31.452079541643791 ], [ 74.259040138481794, 31.45229133362696 ], [ 74.25916629753192, 31.452457848132116 ], [ 74.258967729237156, 31.452538812690264 ], [ 74.259189672688862, 31.452676335944911 ], [ 74.259754283776147, 31.453026183492163 ], [ 74.259943394671936, 31.453143360334632 ], [ 74.260138995852827, 31.453072126567172 ], [ 74.260045689957934, 31.452894694726741 ], [ 74.259799180598037, 31.452425925468184 ] ] ] } },
{ "type": "Feature", "properties": { "OBJECTID": 193081, "SHAPE_Leng": 143.278886336, "SHAPE_Area": 1252.7465869800001, "Town": "Allama Iqbal Town", "UC_N0": "UC_120", "Landuse": "V", "KA": null, "Name": null, "Plot_No": null, "Road_Wdth": "30'", "Plot_Size": "18 M", "__source_file": "PCSIR.shp" }, "geometry": { "type": "Polygon", "coordinates": [ [ [ 74.263928240592591, 31.451118224205068 ], [ 74.26405738971485, 31.451368772664519 ], [ 74.264057768525149, 31.451368634465595 ], [ 74.264199634035577, 31.451316878661164 ], [ 74.264074459346375, 31.451063845984283 ], [ 74.263928240592591, 31.451118224205068 ] ] ] } },
{ "type": "Feature", "properties": { "OBJECTID": 193082, "SHAPE_Leng": 278.71603726199999, "SHAPE_Area": 3206.3362541199999, "Town": "Allama Iqbal Town", "UC_N0": "UC_120", "Landuse": "V", "KA": null, "Name": null, "Plot_No": null, "Road_Wdth": "30'", "Plot_Size": "18 M", "__source_file": "PCSIR.shp" }, "geometry": { "type": "Polygon", "coordinates": [ [ [ 74.260252870240024, 31.452130623316084 ], [ 74.260106315409899, 31.451899910000559 ], [ 74.259944185870225, 31.451959433114737 ], [ 74.260097609153689, 31.452186516510181 ], [ 74.260252870240024, 31.452130623316084 ] ] ] } },
{ "type": "Feature", "properties": { "OBJECTID": 193083, "SHAPE_Leng": 275.66199575500002, "SHAPE_Area": 3087.6558299899998, "Town": "Allama Iqbal Town", "UC_N0": "UC_120", "Landuse": "V", "KA": null, "Name": null, "Plot_No": null, "Road_Wdth": "30'", "Plot_Size": "18 M", "__source_file": "PCSIR.shp" }, "geometry": { "type": "Polygon", "coordinates": [ [ [ 74.260397833940559, 31.452708077838309 ], [ 74.260293052623211, 31.452470061119477 ], [ 74.260128113927308, 31.452531394368048 ], [ 74.260244351198978, 31.452765231841635 ], [ 74.260397833940559, 31.452708077838309 ] ] ] } },
{ "type": "Feature", "properties": { "OBJECTID": 193084, "SHAPE_Leng": 193.93737557, "SHAPE_Area": 1965.7684236600001, "Town": "Allama Iqbal Town", "UC_N0": "UC_120", "Landuse": "V", "KA": null, "Name": null, "Plot_No": null, "Road_Wdth": "30'", "Plot_Size": "18 M", "__source_file": "PCSIR.shp" }, "geometry": { "type": "Polygon", "coordinates": [ [ [ 74.262077916926359, 31.451176047739111 ], [ 74.262197656609345, 31.451414865400981 ], [ 74.262336322382737, 31.451363567872349 ], [ 74.262216239453565, 31.451125261800048 ], [ 74.262077916926359, 31.451176047739111 ] ] ] } },
{ "type": "Feature", "properties": { "OBJECTID": 193085, "SHAPE_Leng": 310.361339112, "SHAPE_Area": 3758.1816370199999, "Town": "Allama Iqbal Town", "UC_N0": "UC_120", "Landuse": "V", "KA": null, "Name": null, "Plot_No": null, "Road_Wdth": "30'", "Plot_Size": "18 M", "__source_file": "PCSIR.shp" }, "geometry": { "type": "Polygon", "coordinates": [ [ [ 74.262063873197434, 31.452108659087841 ], [ 74.261954922182483, 31.451852070817104 ], [ 74.261800027127563, 31.451909672077889 ], [ 74.261912653924199, 31.452163456235958 ], [ 74.262063873197434, 31.452108659087841 ] ] ] } },
{ "type": "Feature", "properties": { "OBJECTID": 193086, "SHAPE_Leng": 91.866148367600005, "SHAPE_Area": 514.17005103999998, "Town": "Allama Iqbal Town", "UC_N0": "UC_120", "Landuse": "R", "KA": null, "Name": null, "Plot_No": null, "Road_Wdth": "60'", "Plot_Size": "18 M", "__source_file": "PCSIR.shp" }, "geometry": { "type": "Polygon", "coordinates": [ [ [ 74.264718569344367, 31.449031281470713 ], [ 74.264460894652629, 31.44916084849929 ], [ 74.264550049974503, 31.449301658269849 ], [ 74.264797794496673, 31.449183387674953 ], [ 74.264789232643196, 31.449132235586216 ], [ 74.264718569344367, 31.449031281470713 ] ] ] } },
{ "type": "Feature", "properties": { "OBJECTID": 193087, "SHAPE_Leng": 380.67971636099998, "SHAPE_Area": 6363.6102066800004, "Town": "Allama Iqbal Town", "UC_N0": "UC_120", "Landuse": "C", "KA": null, "Name": "Under construction", "Plot_No": null, "Road_Wdth": "30'", "Plot_Size": "11 M", "__source_file": "PCSIR.shp" }, "geometry": { "type": "Polygon", "coordinates": [ [ [ 74.265282804515238, 31.450351215107627 ], [ 74.265208073838039, 31.450271536454068 ], [ 74.265046872875189, 31.450420150670283 ], [ 74.265049380035308, 31.450423195202397 ], [ 74.265127616276615, 31.450505498469713 ], [ 74.265130021093555, 31.450507698973784 ], [ 74.265282804515238, 31.450351215107627 ] ] ] } },
{ "type": "Feature", "properties": { "OBJECTID": 193088, "SHAPE_Leng": 101.29763311400001, "SHAPE_Area": 254.3123924, "Town": "Allama Iqbal Town", "UC_N0": "UC_120", "Landuse": "R", "KA": null, "Name": null, "Plot_No": null, "Road_Wdth": null, "Plot_Size": "0.78 K", "__source_file": "PCSIR.shp" }, "geometry": { "type": "Polygon", "coordinates": [ [ [ 74.26578176708918, 31.450477252426975 ], [ 74.265776789059501, 31.450476850370702 ], [ 74.265771805203357, 31.450477195323366 ], [ 74.265766966096237, 31.450478277321377 ], [ 74.265762420391866, 31.450480062932332 ], [ 74.265758305329641, 31.450482497907224 ], [ 74.26575474566809, 31.450485508978776 ], [ 74.265753392313968, 31.450486983576916 ], [ 74.265518741069371, 31.450821051296067 ], [ 74.265518730496197, 31.45082159708166 ], [ 74.265519207742699, 31.450826659497142 ], [ 74.265520702801638, 31.450831573468488 ], [ 74.265523170522442, 31.450836190771845 ], [ 74.265526536231278, 31.450840370231862 ], [ 74.265530696720106, 31.450843985847296 ], [ 74.26553552656793, 31.450846925925237 ], [ 74.265540879115846, 31.450849103011038 ], [ 74.265546590704815, 31.450850450303765 ], [ 74.265552489052382, 31.450850927117568 ], [ 74.26555839431235, 31.450850517985618 ], [ 74.265564126413196, 31.450849236310983 ], [ 74.265568232268365, 31.450847714341766 ], [ 74.265801130006921, 31.450514192251905 ], [ 74.265801159811488, 31.450514149115911 ], [ 74.265801346076017, 31.450513881320472 ], [ 74.265803488515033, 31.450510008619009 ], [ 74.265804815241054, 31.450505875912128 ], [ 74.265805284233011, 31.450501608368249 ], [ 74.265804881849121, 31.450497335829688 ], [ 74.265803619711917, 31.450493187381188 ], [ 74.265801537865357, 31.450489291368307 ], [ 74.265798696447249, 31.450485763620531 ], [ 74.265796839888608, 31.450484017999486 ], [ 74.26578418504765, 31.450477725519743 ], [ 74.26578176708918, 31.450477252426975 ] ] ] } },
{ "type": "Feature", "properties": { "OBJECTID": 193089, "SHAPE_Leng": 137.80909761300001, "SHAPE_Area": 275.124391355, "Town": "Allama Iqbal Town", "UC_N0": "UC_120", "Landuse": "R", "KA": null, "Name": null, "Plot_No": null, "Road_Wdth": null, "Plot_Size": null, "__source_file": "PCSIR.shp" }, "geometry": { "type": "Polygon", "coordinates": [ [ [ 74.264740811215674, 31.450093867835484 ], [ 74.264395404638663, 31.449598852852098 ], [ 74.264359634772461, 31.449616644111106 ], [ 74.26469930563492, 31.450113526348478 ], [ 74.264701145231257, 31.450115014753717 ], [ 74.264704630085646, 31.450117136943447 ], [ 74.264708491810168, 31.450118707330226 ], [ 74.264712612897398, 31.45011967922601 ], [ 74.264716868339349, 31.450120023041944 ], [ 74.264721128770503, 31.450119728110945 ], [ 74.264725264670304, 31.45011880361395 ], [ 74.264729150579726, 31.450117277702056 ], [ 74.264732668272615, 31.450115195710058 ], [ 74.264735710950987, 31.45011262198517 ], [ 74.264738186444561, 31.450109634491966 ], [ 74.264740018270203, 31.450106323916145 ], [ 74.264741151967257, 31.45010279099435 ], [ 74.264741553021025, 31.450099142893301 ], [ 74.264741208988681, 31.450095490515281 ], [ 74.264740811215674, 31.450093867835484 ] ] ] } },
{ "type": "Feature", "properties": { "OBJECTID": 193090, "SHAPE_Leng": 73.585042207800001, "SHAPE_Area": 164.48323421699999, "Town": "Allama Iqbal Town", "UC_N0": "UC_120", "Landuse": "R", "KA": null, "Name": null, "Plot_No": null, "Road_Wdth": null, "Plot_Size": null, "__source_file": "PCSIR.shp" }, "geometry": { "type": "Polygon", "coordinates": [ [ [ 74.265128985050808, 31.450579027750862 ], [ 74.265124368828907, 31.450578654811768 ], [ 74.2651197471979, 31.450578974750417 ], [ 74.265115260209683, 31.450579977543622 ], [ 74.265111044913951, 31.450581633302072 ], [ 74.265107229043863, 31.450583892234018 ], [ 74.265103927866008, 31.45058668372506 ], [ 74.265101243064549, 31.450589924451737 ], [ 74.265099255395697, 31.450593515632601 ], [ 74.265098025697824, 31.450597348447531 ], [ 74.265097590667821, 31.450601305817827 ], [ 74.265097963864164, 31.450605268727568 ], [ 74.265098950879391, 31.450608660441659 ], [ 74.265171101330694, 31.450672326685954 ], [ 74.265272242318034, 31.450752438036695 ], [ 74.26533463913384, 31.450797209779125 ], [ 74.265339374015099, 31.450798292540323 ], [ 74.265344727537268, 31.450798725638606 ], [ 74.265350086287654, 31.450798353981796 ], [ 74.26535528808553, 31.450797191075306 ], [ 74.265360175850091, 31.450795271204992 ], [ 74.265364600729669, 31.450792653064024 ], [ 74.265368427391721, 31.450789416174306 ], [ 74.265371540358345, 31.450785658216112 ], [ 74.26537384506571, 31.450781494131967 ], [ 74.265375271063434, 31.450777050731592 ], [ 74.265375776259404, 31.450772462205162 ], [ 74.265375342731232, 31.450767867392575 ], [ 74.265373986211884, 31.450763408033403 ], [ 74.26537243901106, 31.450760321669524 ], [ 74.265309365242217, 31.450718008234894 ], [ 74.265212545806435, 31.450645550018191 ], [ 74.265136401445659, 31.450581198649758 ], [ 74.265135402805967, 31.450580778798972 ], [ 74.265128985050808, 31.450579027750862 ] ] ] } },
{ "type": "Feature", "properties": { "OBJECTID": 193091, "SHAPE_Leng": 97.063756442900001, "SHAPE_Area": 203.829823436, "Town": "Allama Iqbal Town", "UC_N0": "UC_120", "Landuse": "R", "KA": null, "Name": null, "Plot_No": null, "Road_Wdth": null, "Plot_Size": null, "__source_file": "PCSIR.shp" }, "geometry": { "type": "Polygon", "coordinates": [ [ [ 74.26479431151057, 31.450184141218852 ], [ 74.26479006973932, 31.450183798386163 ], [ 74.264785821941061, 31.450184092489721 ], [ 74.264781698688665, 31.450185014354538 ], [ 74.264777824381625, 31.450186536725695 ], [ 74.264774317267225, 31.450188611561821 ], [ 74.264771284122247, 31.450191177222258 ], [ 74.26476881711703, 31.450194155742551 ], [ 74.264766990637085, 31.450197455522691 ], [ 74.26476586017445, 31.450200978538746 ], [ 74.264765460265096, 31.450204614917453 ], [ 74.26476580333086, 31.450208256463135 ], [ 74.26476687866942, 31.450211791238406 ], [ 74.264767852280286, 31.45021379796248 ], [ 74.264769956254668, 31.450216875800621 ], [ 74.264807808068284, 31.45027224519011 ], [ 74.264829462124354, 31.450303336552498 ], [ 74.264904747435523, 31.450402168022954 ], [ 74.26498698619308, 31.450496838590428 ], [ 74.265017501341106, 31.450529073363718 ], [ 74.265020259806462, 31.45053068613073 ], [ 74.265024115253027, 31.450532254667639 ], [ 74.265028230061532, 31.450533224712931 ], [ 74.265032478156812, 31.450533568476381 ], [ 74.26503673229162, 31.450533273498941 ], [ 74.265040860826005, 31.450532350754155 ], [ 74.265044740419327, 31.450530826601099 ], [ 74.265048252830937, 31.450528748179241 ], [ 74.265051290217286, 31.450526178927845 ], [ 74.265053761460322, 31.450523196817688 ], [ 74.265055591136289, 31.450519891638557 ], [ 74.265056722679816, 31.450516364115124 ], [ 74.265057122628832, 31.450512721420232 ], [ 74.265056779586118, 31.450509075364405 ], [ 74.265055703223354, 31.450505535172365 ], [ 74.265054726481466, 31.450503523921387 ], [ 74.265036643497922, 31.450484931764226 ], [ 74.264958411107486, 31.450397565176324 ], [ 74.264914025225565, 31.450342116830317 ], [ 74.264812281479394, 31.45019630350459 ], [ 74.264809231034519, 31.450191921030342 ], [ 74.264808737365399, 31.450191392199518 ], [ 74.264805744566942, 31.450188791950847 ], [ 74.264802270175053, 31.4501866770417 ], [ 74.26479841999415, 31.450185110332871 ], [ 74.26479431151057, 31.450184141218852 ] ] ] } },
{ "type": "Feature", "properties": { "OBJECTID": 193092, "SHAPE_Leng": 84.783054746600001, "SHAPE_Area": 197.316535289, "Town": "Allama Iqbal Town", "UC_N0": "UC_120", "Landuse": "R", "KA": null, "Name": null, "Plot_No": null, "Road_Wdth": null, "Plot_Size": null, "__source_file": "PCSIR.shp" }, "geometry": { "type": "Polygon", "coordinates": [ [ [ 74.264739095043964, 31.449248169758711 ], [ 74.264735170403156, 31.449247787242559 ], [ 74.264732400383878, 31.449247793897644 ], [ 74.264402236159484, 31.449413767189977 ], [ 74.264400296835717, 31.449417366758297 ], [ 74.264398905321968, 31.449421703883942 ], [ 74.264398412530312, 31.449426181504617 ], [ 74.26439883529693, 31.449430665285426 ], [ 74.26440015890789, 31.449435018003651 ], [ 74.264402344402313, 31.449439107710603 ], [ 74.26440532540127, 31.449442809517951 ], [ 74.264409010169999, 31.449446011022925 ], [ 74.264413287904148, 31.449448615953202 ], [ 74.264418028729622, 31.449450544167153 ], [ 74.264423087869886, 31.449451737090826 ], [ 74.26442831089372, 31.449452159552838 ], [ 74.264433541102974, 31.449451797119902 ], [ 74.264438618430873, 31.449450662406246 ], [ 74.264438663795744, 31.449450648231132 ], [ 74.264756430820796, 31.449288282961355 ], [ 74.264758898429193, 31.449285224146088 ], [ 74.264761067550367, 31.449281305601144 ], [ 74.264762409410139, 31.449277125173477 ], [ 74.264762884098445, 31.449272807141096 ], [ 74.26476247689169, 31.44926848494887 ], [ 74.264761200456221, 31.449264288589919 ], [ 74.264759092736384, 31.449260345495802 ], [ 74.264756219087516, 31.449256776939823 ], [ 74.264752667077431, 31.449253689887158 ], [ 74.264748542262964, 31.449251178775079 ], [ 74.264743972441522, 31.449249320124075 ], [ 74.264739095043964, 31.449248169758711 ] ] ] } },
{ "type": "Feature", "properties": { "OBJECTID": 193093, "SHAPE_Leng": 161.654068018, "SHAPE_Area": 1440.1440906299999, "Town": "Allama Iqbal Town", "UC_N0": "UC_120", "Landuse": "V", "KA": null, "Name": null, "Plot_No": null, "Road_Wdth": "30'", "Plot_Size": "18 M", "__source_file": "PCSIR.shp" }, "geometry": { "type": "Polygon", "coordinates": [ [ [ 74.264509598093127, 31.452497661919534 ], [ 74.264406492634038, 31.452275546319939 ], [ 74.26427151753056, 31.452323880707318 ], [ 74.264368113660851, 31.452549410936214 ], [ 74.264509598093127, 31.452497661919534 ] ] ] } },
{ "type": "Feature", "properties": { "OBJECTID": 193097, "SHAPE_Leng": 391.53741844299998, "SHAPE_Area": 4930.5884345200002, "Town": "Allama Iqbal Town", "UC_N0": "UC_120", "Landuse": "R", "KA": null, "Name": null, "Plot_No": null, "Road_Wdth": "50'", "Plot_Size": "18 M", "__source_file": "PCSIR.shp" }, "geometry": { "type": "Polygon", "coordinates": [ [ [ 74.261959726504273, 31.452818665799875 ], [ 74.261843920899139, 31.452567158160441 ], [ 74.261704681846396, 31.452618173349673 ], [ 74.261800589318014, 31.452878024714504 ], [ 74.261959726504273, 31.452818665799875 ] ] ] } },
{ "type": "Feature", "properties": { "OBJECTID": 193098, "SHAPE_Leng": 304.04453864099997, "SHAPE_Area": 3328.2142209399999, "Town": "Allama Iqbal Town", "UC_N0": "UC_120", "Landuse": "V", "KA": null, "Name": "Excluded land", "Plot_No": null, "Road_Wdth": "30'", "Plot_Size": "3.86 K", "__source_file": "PCSIR.shp" }, "geometry": { "type": "Polygon", "coordinates": [ [ [ 74.26267549033075, 31.45316613214565 ], [ 74.262558220747721, 31.452947202164424 ], [ 74.261815029164325, 31.453219726246509 ], [ 74.261921498579355, 31.453437683706607 ], [ 74.26192169931754, 31.45343761141125 ], [ 74.262043070330193, 31.453393899669017 ], [ 74.2625923008722, 31.453196093350609 ], [ 74.26267549033075, 31.45316613214565 ] ] ] } },
{ "type": "Feature", "properties": { "OBJECTID": 193106, "SHAPE_Leng": 84.605600623900003, "SHAPE_Area": 389.478872454, "Town": "Allama Iqbal Town", "UC_N0": "UC_120", "Landuse": "R", "KA": null, "Name": null, "Plot_No": null, "Road_Wdth": "30'", "Plot_Size": "18 M", "__source_file": "PCSIR.shp" }, "geometry": { "type": "Polygon", "coordinates": [ [ [ 74.264790510478448, 31.447880980747971 ], [ 74.264720103257119, 31.447777134655478 ], [ 74.264458910032914, 31.447909076047633 ], [ 74.264532707687422, 31.448016049011127 ], [ 74.264790510478448, 31.447880980747971 ] ] ] } },
{ "type": "Feature", "properties": { "OBJECTID": 193107, "SHAPE_Leng": 85.693318546599997, "SHAPE_Area": 403.62625987199999, "Town": "Allama Iqbal Town", "UC_N0": "UC_120", "Landuse": "R", "KA": null, "Name": null, "Plot_No": null, "Road_Wdth": "30'", "Plot_Size": "18 M", "__source_file": "PCSIR.shp" }, "geometry": { "type": "Polygon", "coordinates": [ [ [ 74.264720103257119, 31.447777134655478 ], [ 74.264645578234308, 31.44766721365821 ], [ 74.264384556853429, 31.447801297772745 ], [ 74.264458910032914, 31.447909076047633 ], [ 74.264720103257119, 31.447777134655478 ] ] ] } },
{ "type": "Feature", "properties": { "OBJECTID": 193108, "SHAPE_Leng": 83.776153861899999, "SHAPE_Area": 374.63358761699999, "Town": "Allama Iqbal Town", "UC_N0": "UC_120", "Landuse": "R", "KA": null, "Name": null, "Plot_No": null, "Road_Wdth": "60'", "Plot_Size": "18 M", "__source_file": "PCSIR.shp" }, "geometry": { "type": "Polygon", "coordinates": [ [ [ 74.264672692351837, 31.448218962916769 ], [ 74.264604719793681, 31.448120434022758 ], [ 74.264345473430765, 31.448256149525243 ], [ 74.26441511705228, 31.448359390548347 ], [ 74.264672692351837, 31.448218962916769 ] ] ] } },
{ "type": "Feature", "properties": { "OBJECTID": 193110, "SHAPE_Leng": 197.19608086599999, "SHAPE_Area": 1942.10390691, "Town": "Allama Iqbal Town", "UC_N0": "UC_120", "Landuse": "R", "KA": null, "Name": null, "Plot_No": null, "Road_Wdth": "30'", "Plot_Size": "18.5 M", "__source_file": "PCSIR.shp" }, "geometry": { "type": "Polygon", "coordinates": [ [ [ 74.266807058375534, 31.449077880618749 ], [ 74.266667720169607, 31.448864229318009 ], [ 74.26649247570478, 31.448950778294357 ], [ 74.266626344165701, 31.44916827308742 ], [ 74.266807058375534, 31.449077880618749 ] ] ] } },
{ "type": "Feature", "properties": { "OBJECTID": 193111, "SHAPE_Leng": 84.610843509800006, "SHAPE_Area": 405.92419992200001, "Town": "Allama Iqbal Town", "UC_N0": "UC_120", "Landuse": "R", "KA": null, "Name": null, "Plot_No": null, "Road_Wdth": "30'", "Plot_Size": "18.5 M", "__source_file": "PCSIR.shp" }, "geometry": { "type": "Polygon", "coordinates": [ [ [ 74.266112093261768, 31.449425496939998 ], [ 74.265971718865259, 31.449207965410128 ], [ 74.265835112857431, 31.449275430449266 ], [ 74.265980784122831, 31.449491175396478 ], [ 74.266112093261768, 31.449425496939998 ] ] ] } },
{ "type": "Feature", "properties": { "OBJECTID": 193112, "SHAPE_Leng": 79.9087374418, "SHAPE_Area": 343.38893837400002, "Town": "Allama Iqbal Town", "UC_N0": "UC_120", "Landuse": "R", "KA": null, "Name": null, "Plot_No": null, "Road_Wdth": "30'", "Plot_Size": "18.5 M", "__source_file": "PCSIR.shp" }, "geometry": { "type": "Polygon", "coordinates": [ [ [ 74.266358030378782, 31.449302481687397 ], [ 74.266217546229271, 31.449086558458568 ], [ 74.266102966185059, 31.449143146423015 ], [ 74.266244694377505, 31.449359170731807 ], [ 74.266358030378782, 31.449302481687397 ] ] ] } },
{ "type": "Feature", "properties": { "OBJECTID": 194054, "SHAPE_Leng": 145.99621716, "SHAPE_Area": 1277.180575, "Town": "Allama Iqbal Town", "UC_N0": "UC_120", "Landuse": "R", "KA": null, "Name": null, "Plot_No": null, "Road_Wdth": "30'", "Plot_Size": "18.5 M", "__source_file": "PCSIR.shp" }, "geometry": { "type": "Polygon", "coordinates": [ [ [ 74.265955758836043, 31.447885790968623 ], [ 74.265816612719178, 31.447649145616538 ], [ 74.265651159921021, 31.447730976669444 ], [ 74.265800297199377, 31.447960482612359 ], [ 74.265955758836043, 31.447885790968623 ] ] ] } },
{ "type": "Feature", "properties": { "OBJECTID": 194055, "SHAPE_Leng": 85.404748083399994, "SHAPE_Area": 414.806993498, "Town": "Allama Iqbal Town", "UC_N0": "UC_120", "Landuse": "R", "KA": null, "Name": null, "Plot_No": null, "Road_Wdth": "30'", "Plot_Size": "18.5 M", "__source_file": "PCSIR.shp" }, "geometry": { "type": "Polygon", "coordinates": [ [ [ 74.265942082912773, 31.448178672040275 ], [ 74.265800297199362, 31.447960482612327 ], [ 74.265663956557106, 31.448025987580756 ], [ 74.265804770013773, 31.448246151065483 ], [ 74.265942082912773, 31.448178672040275 ] ] ] } },
{ "type": "Feature", "properties": { "OBJECTID": 194056, "SHAPE_Leng": 87.566874148500006, "SHAPE_Area": 428.27008614300001, "Town": "Allama Iqbal Town", "UC_N0": "UC_120", "Landuse": "R", "KA": null, "Name": null, "Plot_No": null, "Road_Wdth": "30'", "Plot_Size": "18.5 M", "__source_file": "PCSIR.shp" }, "geometry": { "type": "Polygon", "coordinates": [ [ [ 74.265800297199362, 31.447960482612327 ], [ 74.265651159921021, 31.447730976669444 ], [ 74.265517539643426, 31.447797063679761 ], [ 74.265663956557106, 31.448025987580756 ], [ 74.265800297199362, 31.447960482612327 ] ] ] } },
{ "type": "Feature", "properties": { "OBJECTID": 194057, "SHAPE_Leng": 84.456927216500006, "SHAPE_Area": 393.72888560299998, "Town": "Allama Iqbal Town", "UC_N0": "UC_120", "Landuse": "R", "KA": null, "Name": null, "Plot_No": "134", "Road_Wdth": "30'", "Plot_Size": "18.5 M", "__source_file": "PCSIR.shp" }, "geometry": { "type": "Polygon", "coordinates": [ [ [ 74.265284356546971, 31.448208364674574 ], [ 74.26513347791537, 31.447987013299034 ], [ 74.265007316762436, 31.448049410053081 ], [ 74.265156209458723, 31.448269931861763 ], [ 74.265284356546971, 31.448208364674574 ] ] ] } },
{ "type": "Feature", "properties": { "OBJECTID": 194058, "SHAPE_Leng": 165.02533460500001, "SHAPE_Area": 1497.77839034, "Town": "Allama Iqbal Town", "UC_N0": "UC_120", "Landuse": "V", "KA": null, "Name": null, "Plot_No": null, "Road_Wdth": "30'", "Plot_Size": "18 M", "__source_file": "PCSIR.shp" }, "geometry": { "type": "Polygon", "coordinates": [ [ [ 74.265358349246924, 31.446932183796566 ], [ 74.265265982129918, 31.44679728767181 ], [ 74.265016868184475, 31.44691138083261 ], [ 74.265100028260306, 31.447035121175237 ], [ 74.265358349246924, 31.446932183796566 ] ] ] } },
{ "type": "Feature", "properties": { "OBJECTID": 194059, "SHAPE_Leng": 85.295853089600001, "SHAPE_Area": 415.502302009, "Town": "Allama Iqbal Town", "UC_N0": "UC_120", "Landuse": "R", "KA": null, "Name": null, "Plot_No": null, "Road_Wdth": "30'", "Plot_Size": "18 M", "__source_file": "PCSIR.shp" }, "geometry": { "type": "Polygon", "coordinates": [ [ [ 74.265805283696238, 31.447584898423042 ], [ 74.265724992894391, 31.447467640573148 ], [ 74.265473666095289, 31.447591081205662 ], [ 74.265552766149554, 31.447708778081005 ], [ 74.265805283696238, 31.447584898423042 ] ] ] } },
{ "type": "Feature", "properties": { "OBJECTID": 194060, "SHAPE_Leng": 85.800792325499998, "SHAPE_Area": 423.97829986699998, "Town": "Allama Iqbal Town", "UC_N0": "UC_120", "Landuse": "R", "KA": null, "Name": null, "Plot_No": null, "Road_Wdth": "30'", "Plot_Size": "18 M", "__source_file": "PCSIR.shp" }, "geometry": { "type": "Polygon", "coordinates": [ [ [ 74.265724992894391, 31.447467640573148 ], [ 74.265642398528783, 31.447347017698153 ], [ 74.265392881964175, 31.44747087726271 ], [ 74.265473666095289, 31.447591081205662 ], [ 74.265724992894391, 31.447467640573148 ] ] ] } },
{ "type": "Feature", "properties": { "OBJECTID": 194061, "SHAPE_Leng": 78.575054331299995, "SHAPE_Area": 326.45417420699999, "Town": "Allama Iqbal Town", "UC_N0": "UC_120", "Landuse": "R", "KA": null, "Name": null, "Plot_No": null, "Road_Wdth": "30'", "Plot_Size": "18 M", "__source_file": "PCSIR.shp" }, "geometry": { "type": "Polygon", "coordinates": [ [ [ 74.265642398528783, 31.447347017698153 ], [ 74.265579819200113, 31.447255625250882 ], [ 74.265329169651139, 31.44737607680802 ], [ 74.265392881964175, 31.44747087726271 ], [ 74.265642398528783, 31.447347017698153 ] ] ] } },
{ "type": "Feature", "properties": { "OBJECTID": 194062, "SHAPE_Leng": 82.049199633699999, "SHAPE_Area": 375.37273572200002, "Town": "Allama Iqbal Town", "UC_N0": "UC_120", "Landuse": "R", "KA": null, "Name": null, "Plot_No": null, "Road_Wdth": "30'", "Plot_Size": "18 M", "__source_file": "PCSIR.shp" }, "geometry": { "type": "Polygon", "coordinates": [ [ [ 74.265579819200113, 31.447255625250882 ], [ 74.265504905429779, 31.447146218583381 ], [ 74.265258275129412, 31.447270587960155 ], [ 74.265329169651139, 31.44737607680802 ], [ 74.265579819200113, 31.447255625250882 ] ] ] } },
{ "type": "Feature", "properties": { "OBJECTID": 194063, "SHAPE_Leng": 194.527336058, "SHAPE_Area": 1905.72006592, "Town": "Allama Iqbal Town", "UC_N0": "UC_120", "Landuse": "R", "KA": null, "Name": null, "Plot_No": null, "Road_Wdth": "30'", "Plot_Size": "18 M", "__source_file": "PCSIR.shp" }, "geometry": { "type": "Polygon", "coordinates": [ [ [ 74.26449090988713, 31.446284748152596 ], [ 74.264478921774526, 31.446266833602387 ], [ 74.264407931600104, 31.446160748264926 ], [ 74.264403157591786, 31.446153614160039 ], [ 74.264141049097873, 31.446274792425019 ], [ 74.264154875171073, 31.446294459085085 ], [ 74.264223796972985, 31.446392495651978 ], [ 74.264234152987413, 31.44640722627344 ], [ 74.26449090988713, 31.446284748152596 ] ] ] } },
{ "type": "Feature", "properties": { "OBJECTID": 194064, "SHAPE_Leng": 196.52290603500001, "SHAPE_Area": 1943.0364453699999, "Town": "Allama Iqbal Town", "UC_N0": "UC_120", "Landuse": "R", "KA": null, "Name": null, "Plot_No": null, "Road_Wdth": "30'", "Plot_Size": "18 M", "__source_file": "PCSIR.shp" }, "geometry": { "type": "Polygon", "coordinates": [ [ [ 74.264145840943044, 31.446281608503881 ], [ 74.264047890200885, 31.446142279903597 ], [ 74.263805219680251, 31.446279953318442 ], [ 74.263896836406886, 31.446414813324633 ], [ 74.264145840943044, 31.446281608503881 ] ] ] } },
{ "type": "Feature", "properties": { "OBJECTID": 194067, "SHAPE_Leng": 85.638328599700003, "SHAPE_Area": 399.90120997999998, "Town": "Allama Iqbal Town", "UC_N0": "UC_120", "Landuse": "R", "KA": null, "Name": null, "Plot_No": null, "Road_Wdth": "30'", "Plot_Size": "18 M", "__source_file": "PCSIR.shp" }, "geometry": { "type": "Polygon", "coordinates": [ [ [ 74.264605059845437, 31.446934812351397 ], [ 74.264532223748148, 31.446831209339489 ], [ 74.264265603571857, 31.446957635492922 ], [ 74.264340448734032, 31.447067806664176 ], [ 74.264605059845437, 31.446934812351397 ] ] ] } },
{ "type": "Feature", "properties": { "OBJECTID": 194068, "SHAPE_Leng": 84.966166088099996, "SHAPE_Area": 393.12525527700001, "Town": "Allama Iqbal Town", "UC_N0": "UC_120", "Landuse": "R", "KA": null, "Name": null, "Plot_No": null, "Road_Wdth": "30'", "Plot_Size": "18 M", "__source_file": "PCSIR.shp" }, "geometry": { "type": "Polygon", "coordinates": [ [ [ 74.264532223748148, 31.446831209339489 ], [ 74.264458184621759, 31.446725894171649 ], [ 74.264193379403011, 31.44685132281441 ], [ 74.264265603571857, 31.446957635492922 ], [ 74.264532223748148, 31.446831209339489 ] ] ] } },
{ "type": "Feature", "properties": { "OBJECTID": 194069, "SHAPE_Leng": 85.019440834899996, "SHAPE_Area": 403.45007023800002, "Town": "Allama Iqbal Town", "UC_N0": "UC_120", "Landuse": "R", "KA": null, "Name": null, "Plot_No": null, "Road_Wdth": "30'", "Plot_Size": "18 M", "__source_file": "PCSIR.shp" }, "geometry": { "type": "Polygon", "coordinates": [ [ [ 74.264301884378185, 31.446503568752618 ], [ 74.264223796972985, 31.446392495651978 ], [ 74.263967451289531, 31.446518758269317 ], [ 74.26404288047776, 31.446629790085264 ], [ 74.264301884378185, 31.446503568752618 ] ] ] } },
{ "type": "Feature", "properties": { "OBJECTID": 194072, "SHAPE_Leng": 234.92731236399999, "SHAPE_Area": 2525.9283578, "Town": "Allama Iqbal Town", "UC_N0": "UC_120", "Landuse": "V", "KA": null, "Name": null, "Plot_No": null, "Road_Wdth": "30'", "Plot_Size": "18 M", "__source_file": "PCSIR.shp" }, "geometry": { "type": "Polygon", "coordinates": [ [ [ 74.266999457378276, 31.450081501756788 ], [ 74.266828145171203, 31.450064221819709 ], [ 74.266730088989476, 31.450314839853124 ], [ 74.266781600287345, 31.450325020828902 ], [ 74.266915350438424, 31.450343967134966 ], [ 74.266999457378276, 31.450081501756788 ] ] ] } },
{ "type": "Feature", "properties": { "OBJECTID": 194073, "SHAPE_Leng": 221.90206856699999, "SHAPE_Area": 2344.0954102400001, "Town": "Allama Iqbal Town", "UC_N0": "UC_120", "Landuse": "V", "KA": null, "Name": null, "Plot_No": null, "Road_Wdth": "30'", "Plot_Size": "18 M", "__source_file": "PCSIR.shp" }, "geometry": { "type": "Polygon", "coordinates": [ [ [ 74.267787760892716, 31.449708524778366 ], [ 74.267504835993407, 31.449632835620818 ], [ 74.267471047299296, 31.449757264768717 ], [ 74.267753155540561, 31.44984799041454 ], [ 74.267787760892716, 31.449708524778366 ] ] ] } },
{ "type": "Feature", "properties": { "OBJECTID": 194074, "SHAPE_Leng": 92.776802367800002, "SHAPE_Area": 498.40352070699998, "Town": "Allama Iqbal Town", "UC_N0": "UC_120", "Landuse": "R", "KA": null, "Name": null, "Plot_No": "56", "Road_Wdth": "60'", "Plot_Size": "18 M", "__source_file": "PCSIR.shp" }, "geometry": { "type": "Polygon", "coordinates": [ [ [ 74.267593309656093, 31.450522036366831 ], [ 74.267286250987823, 31.450496018485371 ], [ 74.267251784520582, 31.450646811441537 ], [ 74.267426810816033, 31.45066195497925 ], [ 74.267560244427116, 31.450672563145897 ], [ 74.267593309656093, 31.450522036366831 ] ] ] } },
{ "type": "Feature", "properties": { "OBJECTID": 194075, "SHAPE_Leng": 93.758865713600002, "SHAPE_Area": 502.76462389699998, "Town": "Allama Iqbal Town", "UC_N0": "UC_120", "Landuse": "V", "KA": null, "Name": null, "Plot_No": null, "Road_Wdth": "200'", "Plot_Size": "18 M", "__source_file": "PCSIR.shp" }, "geometry": { "type": "Polygon", "coordinates": [ [ [ 74.267904634353997, 31.450548417133373 ], [ 74.267593309656093, 31.450522036366831 ], [ 74.267560244427116, 31.450672563145897 ], [ 74.267827535513504, 31.450691390588464 ], [ 74.267882134315997, 31.450694838811039 ], [ 74.267904634353997, 31.450548417133373 ] ] ] } },
{ "type": "Feature", "properties": { "OBJECTID": 194076, "SHAPE_Leng": 85.953251716400004, "SHAPE_Area": 399.214197399, "Town": "Allama Iqbal Town", "UC_N0": "UC_120", "Landuse": "R", "KA": null, "Name": null, "Plot_No": null, "Road_Wdth": "30'", "Plot_Size": "18 M", "__source_file": "PCSIR.shp" }, "geometry": { "type": "Polygon", "coordinates": [ [ [ 74.267620782417097, 31.450399882361715 ], [ 74.267314563677161, 31.450375525839799 ], [ 74.267286250987823, 31.450496018485371 ], [ 74.267593309656093, 31.450522036366831 ], [ 74.267620782417097, 31.450399882361715 ] ] ] } },
{ "type": "Feature", "properties": { "OBJECTID": 194077, "SHAPE_Leng": 85.557536334299996, "SHAPE_Area": 396.18168450299999, "Town": "Allama Iqbal Town", "UC_N0": "UC_120", "Landuse": "R", "KA": null, "Name": null, "Plot_No": null, "Road_Wdth": "30'", "Plot_Size": "18 M", "__source_file": "PCSIR.shp" }, "geometry": { "type": "Polygon", "coordinates": [ [ [ 74.26764751311913, 31.450283412636409 ], [ 74.267344718126807, 31.450250289893997 ], [ 74.267314563677161, 31.450375525839799 ], [ 74.267620782417097, 31.450399882361715 ], [ 74.26763516853164, 31.450337196793921 ], [ 74.267639596668076, 31.450317645624761 ], [ 74.267642296192278, 31.450306142347351 ], [ 74.26764751311913, 31.450283412636409 ] ] ] } },
{ "type": "Feature", "properties": { "OBJECTID": 194078, "SHAPE_Leng": 80.495124293999993, "SHAPE_Area": 354.29373057499998, "Town": "Allama Iqbal Town", "UC_N0": "UC_120", "Landuse": "R", "KA": null, "Name": null, "Plot_No": null, "Road_Wdth": "30'", "Plot_Size": "18 M", "__source_file": "PCSIR.shp" }, "geometry": { "type": "Polygon", "coordinates": [ [ [ 74.267921247262009, 31.449200643072039 ], [ 74.267642304865447, 31.449148669143458 ], [ 74.267636143241702, 31.449169465401273 ], [ 74.267609332668329, 31.449260802294319 ], [ 74.267889724015546, 31.449316635277373 ], [ 74.267890348228477, 31.449314318320866 ], [ 74.267891932558385, 31.449308443060779 ], [ 74.267921247262009, 31.449200643072039 ] ] ] } },
{ "type": "Feature", "properties": { "OBJECTID": 194079, "SHAPE_Leng": 81.9204215181, "SHAPE_Area": 366.31647580499998, "Town": "Allama Iqbal Town", "UC_N0": "UC_120", "Landuse": "R", "KA": null, "Name": null, "Plot_No": null, "Road_Wdth": "30'", "Plot_Size": "18 M", "__source_file": "PCSIR.shp" }, "geometry": { "type": "Polygon", "coordinates": [ [ [ 74.267854602065171, 31.449448239765221 ], [ 74.267569714289053, 31.449398373574112 ], [ 74.267536291481676, 31.449516998343071 ], [ 74.267824838251812, 31.449561802387361 ], [ 74.2678282189556, 31.449548906352767 ], [ 74.267832452570971, 31.449532569593902 ], [ 74.267834468475556, 31.449525061066723 ], [ 74.267854602065171, 31.449448239765221 ] ] ] } },
{ "type": "Feature", "properties": { "OBJECTID": 194080, "SHAPE_Leng": 85.651286609500005, "SHAPE_Area": 421.402125383, "Town": "Allama Iqbal Town", "UC_N0": "UC_120", "Landuse": "V", "KA": null, "Name": null, "Plot_No": null, "Road_Wdth": "30'", "Plot_Size": "18 M", "__source_file": "PCSIR.shp" }, "geometry": { "type": "Polygon", "coordinates": [ [ [ 74.267889724015546, 31.449316635277373 ], [ 74.267609332668329, 31.449260802294319 ], [ 74.267569714289053, 31.449398373574112 ], [ 74.267854602065171, 31.449448239765221 ], [ 74.267882656842716, 31.449342910098409 ], [ 74.267889724015546, 31.449316635277373 ] ] ] } },
{ "type": "Feature", "properties": { "OBJECTID": 194081, "SHAPE_Leng": 93.221136671599993, "SHAPE_Area": 498.60207125900001, "Town": "Allama Iqbal Town", "UC_N0": "UC_120", "Landuse": "R", "KA": null, "Name": null, "Plot_No": null, "Road_Wdth": "60'", "Plot_Size": "18 M", "__source_file": "PCSIR.shp" }, "geometry": { "type": "Polygon", "coordinates": [ [ [ 74.26629519875712, 31.45018963281025 ], [ 74.266268279057158, 31.450178779117518 ], [ 74.266156987663635, 31.450129651453626 ], [ 74.265991800332998, 31.450355613717562 ], [ 74.266062320352319, 31.450392904393262 ], [ 74.266160418253847, 31.450438850190704 ], [ 74.26629519875712, 31.45018963281025 ] ] ] } },
{ "type": "Feature", "properties": { "OBJECTID": 194082, "SHAPE_Leng": 90.255057808000004, "SHAPE_Area": 443.74325851200001, "Town": "Allama Iqbal Town", "UC_N0": "UC_120", "Landuse": "R", "KA": null, "Name": null, "Plot_No": null, "Road_Wdth": "60'", "Plot_Size": "18 M", "__source_file": "PCSIR.shp" }, "geometry": { "type": "Polygon", "coordinates": [ [ [ 74.266429788679929, 31.450238261329787 ], [ 74.266392332060136, 31.450225646621909 ], [ 74.26629519875712, 31.45018963281025 ], [ 74.266160418253847, 31.450438850190704 ], [ 74.266172070538573, 31.450443877383222 ], [ 74.266285581094678, 31.450488381211404 ], [ 74.266304834124298, 31.450495156234176 ], [ 74.266429788679929, 31.450238261329787 ] ] ] } },
{ "type": "Feature", "properties": { "OBJECTID": 194083, "SHAPE_Leng": 86.427372795899998, "SHAPE_Area": 411.21756859700002, "Town": "Allama Iqbal Town", "UC_N0": "UC_120", "Landuse": "V", "KA": null, "Name": null, "Plot_No": null, "Road_Wdth": "30'", "Plot_Size": "18 M", "__source_file": "PCSIR.shp" }, "geometry": { "type": "Polygon", "coordinates": [ [ [ 74.2672508531505, 31.450359635892774 ], [ 74.267308831603515, 31.450110032165522 ], [ 74.267158221697258, 31.450097316216898 ], [ 74.267099398894473, 31.450358127898628 ], [ 74.267185768153524, 31.450360106223894 ], [ 74.2672508531505, 31.450359635892774 ] ] ] } },
{ "type": "Feature", "properties": { "OBJECTID": 194084, "SHAPE_Leng": 90.487157403699996, "SHAPE_Area": 435.65800524600002, "Town": "Allama Iqbal Town", "UC_N0": "UC_120", "Landuse": "R", "KA": null, "Name": null, "Plot_No": "354", "Road_Wdth": "60'", "Plot_Size": "18 M", "__source_file": "PCSIR.shp" }, "geometry": { "type": "Polygon", "coordinates": [ [ [ 74.2672508531505, 31.450359635892774 ], [ 74.267185768153524, 31.450360106223894 ], [ 74.267099398894473, 31.450358127898628 ], [ 74.267038867630262, 31.450626511162952 ], [ 74.267185561158072, 31.450640719688867 ], [ 74.2672508531505, 31.450359635892774 ] ] ] } },
{ "type": "Feature", "properties": { "OBJECTID": 194104, "SHAPE_Leng": 83.760556638599994, "SHAPE_Area": 394.74277920700001, "Town": "Allama Iqbal Town", "UC_N0": "UC_120", "Landuse": "R", "KA": null, "Name": null, "Plot_No": null, "Road_Wdth": "30'", "Plot_Size": "15 M", "__source_file": "PCSIR.shp" }, "geometry": { "type": "Polygon", "coordinates": [ [ [ 74.266002011896788, 31.445962109660218 ], [ 74.265858203930378, 31.445750605888495 ], [ 74.265720298236616, 31.445809399364823 ], [ 74.265872462961568, 31.446024411216531 ], [ 74.266002011896788, 31.445962109660218 ] ] ] } },
{ "type": "Feature", "properties": { "OBJECTID": 194107, "SHAPE_Leng": 56.5678394165, "SHAPE_Area": 178.21275991799999, "Town": "Allama Iqbal Town", "UC_N0": "UC_120", "Landuse": "R", "KA": null, "Name": null, "Plot_No": null, "Road_Wdth": "30'", "Plot_Size": "9 M", "__source_file": "PCSIR.shp" }, "geometry": { "type": "Polygon", "coordinates": [ [ [ 74.265362116007779, 31.445962101794997 ], [ 74.265314296159985, 31.445884636705706 ], [ 74.265137776036354, 31.445964584511422 ], [ 74.265186678925005, 31.446036894243505 ], [ 74.265362116007779, 31.445962101794997 ] ] ] } },
{ "type": "Feature", "properties": { "OBJECTID": 194115, "SHAPE_Leng": 420.07361596700002, "SHAPE_Area": 6730.6310486100001, "Town": "Allama Iqbal Town", "UC_N0": "UC_120", "Landuse": "R", "KA": null, "Name": null, "Plot_No": null, "Road_Wdth": "30'", "Plot_Size": "18 M", "__source_file": "PCSIR.shp" }, "geometry": { "type": "Polygon", "coordinates": [ [ [ 74.266246687623536, 31.446578287802282 ], [ 74.266213721667825, 31.446527761407296 ], [ 74.266202956978859, 31.446511262992061 ], [ 74.266162182891179, 31.446448768820499 ], [ 74.265887708480562, 31.446597512129177 ], [ 74.265975240085041, 31.446729821639494 ], [ 74.266246687623536, 31.446578287802282 ] ] ] } },
{ "type": "Feature", "properties": { "OBJECTID": 202787, "SHAPE_Leng": 87.2005549995, "SHAPE_Area": 416.45906879099999, "Town": "Allama Iqbal Town", "UC_N0": "UC_120", "Landuse": "R", "KA": null, "Name": null, "Plot_No": null, "Road_Wdth": "30'", "Plot_Size": "18.5 M", "__source_file": "PCSIR.shp" }, "geometry": { "type": "Polygon", "coordinates": [ [ [ 74.26715943931616, 31.451835791367976 ], [ 74.267150535868481, 31.451715312308501 ], [ 74.266839054355032, 31.451717518492249 ], [ 74.266838809124735, 31.451717519795206 ], [ 74.26684197685907, 31.451752533437642 ], [ 74.266846307448176, 31.451800396911281 ], [ 74.266846312316659, 31.451800447463775 ], [ 74.266846324985991, 31.451800577456719 ], [ 74.266846745909675, 31.451804773408661 ], [ 74.266847866204756, 31.451815790577168 ], [ 74.266848270034572, 31.451819073379387 ], [ 74.2668484535792, 31.451820911360436 ], [ 74.266851684993981, 31.451851533334537 ], [ 74.266852254596216, 31.451851504114813 ], [ 74.26715943931616, 31.451835791367976 ] ] ] } },
{ "type": "Feature", "properties": { "OBJECTID": 202788, "SHAPE_Leng": 86.043874080899997, "SHAPE_Area": 406.60110382300002, "Town": "Allama Iqbal Town", "UC_N0": "UC_120", "Landuse": "V", "KA": null, "Name": null, "Plot_No": null, "Road_Wdth": "30'", "Plot_Size": "18.5 M", "__source_file": "PCSIR.shp" }, "geometry": { "type": "Polygon", "coordinates": [ [ [ 74.26686781981337, 31.451978181713319 ], [ 74.267168718839727, 31.451961364735428 ], [ 74.26715943931616, 31.451835791367976 ], [ 74.266852254596216, 31.451851504114813 ], [ 74.266851684993981, 31.451851533334537 ], [ 74.266857811886823, 31.451900643137588 ], [ 74.266863116608121, 31.451943159283768 ], [ 74.266867488144797, 31.451978200566078 ], [ 74.26686781981337, 31.451978181713319 ] ] ] } },
{ "type": "Feature", "properties": { "OBJECTID": 202789, "SHAPE_Leng": 114.052591831, "SHAPE_Area": 813.90797419600005, "Town": "Allama Iqbal Town", "UC_N0": "UC_120", "Landuse": "V", "KA": null, "Name": null, "Plot_No": null, "Road_Wdth": "30'", "Plot_Size": "18.5 M", "__source_file": "PCSIR.shp" }, "geometry": { "type": "Polygon", "coordinates": [ [ [ 74.267140824014533, 31.451583888727544 ], [ 74.266829592633002, 31.451570724010057 ], [ 74.266830976757831, 31.451603890224405 ], [ 74.266830979444208, 31.451603950688892 ], [ 74.266833079068093, 31.451636380560725 ], [ 74.266835827831272, 31.451678837869927 ], [ 74.266836716500066, 31.451690811876009 ], [ 74.266837899478574, 31.451704320447313 ], [ 74.266838450873621, 31.451711763352353 ], [ 74.266839054355032, 31.451717518492281 ], [ 74.267150535868495, 31.451715312308501 ], [ 74.267140824014533, 31.451583888727544 ] ] ] } },
{ "type": "Feature", "properties": { "OBJECTID": 202821, "SHAPE_Leng": 85.909004055300002, "SHAPE_Area": 419.94972395299999, "Town": "Allama Iqbal Town", "UC_N0": "UC_120", "Landuse": "V", "KA": null, "Name": null, "Plot_No": "355", "Road_Wdth": "50'", "Plot_Size": "18 M", "__source_file": "PCSIR.shp" }, "geometry": { "type": "Polygon", "coordinates": [ [ [ 74.265907379232701, 31.450798034094085 ], [ 74.266029247767435, 31.450572412896911 ], [ 74.26588630652131, 31.450528777726888 ], [ 74.265746889461781, 31.45074831734064 ], [ 74.265793601582061, 31.45076278793729 ], [ 74.265894718675028, 31.450794222711689 ], [ 74.265907321573437, 31.450798140226212 ], [ 74.265907379232701, 31.450798034094085 ] ] ] } },
{ "type": "Feature", "properties": { "OBJECTID": 202822, "SHAPE_Leng": 92.137429218999998, "SHAPE_Area": 396.53123362000002, "Town": "Allama Iqbal Town", "UC_N0": "UC_120", "Landuse": "R", "KA": null, "Name": null, "Plot_No": null, "Road_Wdth": "30'", "Plot_Size": "18 M", "__source_file": "PCSIR.shp" }, "geometry": { "type": "Polygon", "coordinates": [ [ [ 74.264828584778954, 31.450645571687151 ], [ 74.264653600299823, 31.45043854411065 ], [ 74.264666160226767, 31.450430704603857 ], [ 74.264636309361478, 31.450448850205344 ], [ 74.264625092887272, 31.450455810534852 ], [ 74.264617293156832, 31.450460410409892 ], [ 74.264581269756732, 31.450481653987929 ], [ 74.264547646870028, 31.450501694237207 ], [ 74.264523059614888, 31.450515877687991 ], [ 74.264539882701712, 31.450506321378352 ], [ 74.264712842739243, 31.450727961652511 ], [ 74.264828584778954, 31.450645571687151 ] ] ] } },
{ "type": "Feature", "properties": { "OBJECTID": 203166, "SHAPE_Leng": 84.432507961400006, "SHAPE_Area": 390.48753946599999, "Town": "Allama Iqbal Town", "UC_N0": "UC_120", "Landuse": "R", "KA": null, "Name": null, "Plot_No": "534", "Road_Wdth": "30'", "Plot_Size": "18 M", "__source_file": "PCSIR.shp" }, "geometry": { "type": "Polygon", "coordinates": [ [ [ 74.264930149752075, 31.450576868211204 ], [ 74.264782943729116, 31.45035425819562 ], [ 74.264736090441318, 31.45038552923884 ], [ 74.264724751740999, 31.450392779392196 ], [ 74.264696740294013, 31.450410688357415 ], [ 74.264666331587051, 31.450430593711673 ], [ 74.264666160226767, 31.450430704603857 ], [ 74.264653600299823, 31.45043854411065 ], [ 74.264828584778954, 31.450645571687151 ], [ 74.264930149752075, 31.450576868211204 ] ] ] } },
{ "type": "Feature", "properties": { "OBJECTID": 203167, "SHAPE_Leng": 89.768704511600006, "SHAPE_Area": 444.32246154199999, "Town": "Allama Iqbal Town", "UC_N0": "UC_120", "Landuse": "R", "KA": null, "Name": null, "Plot_No": "562", "Road_Wdth": "30'", "Plot_Size": "18 M", "__source_file": "PCSIR.shp" }, "geometry": { "type": "Polygon", "coordinates": [ [ [ 74.265168147267701, 31.450811983215758 ], [ 74.265168177970111, 31.45081195993404 ], [ 74.265226616928828, 31.450764461011161 ], [ 74.265230132346886, 31.450767256422019 ], [ 74.265018397005335, 31.450574223144176 ], [ 74.264901745068173, 31.450655373818488 ], [ 74.26510242730096, 31.450861123888494 ], [ 74.265168147267701, 31.450811983215758 ] ] ] } },
{ "type": "Feature", "properties": { "OBJECTID": 226379, "SHAPE_Leng": 196.60823608699999, "SHAPE_Area": 2036.0137988700001, "Town": "Allama Iqbal Town", "UC_N0": "UC_120", "Landuse": "V", "KA": null, "Name": null, "Plot_No": null, "Road_Wdth": "60'", "Plot_Size": "18 M", "__source_file": "PCSIR.shp" }, "geometry": { "type": "Polygon", "coordinates": [ [ [ 74.267410304957295, 31.450784196626337 ], [ 74.267312858523923, 31.45078133074739 ], [ 74.267224128043637, 31.450782755500917 ], [ 74.267246247590847, 31.451056313621187 ], [ 74.267370970077224, 31.451066895372097 ], [ 74.267372122262117, 31.451066974619089 ], [ 74.267410304957295, 31.450784196626337 ] ] ] } },
{ "type": "Feature", "properties": { "OBJECTID": 226380, "SHAPE_Leng": 107.880399994, "SHAPE_Area": 730.66980724500002, "Town": "Allama Iqbal Town", "UC_N0": "UC_120", "Landuse": "V", "KA": null, "Name": null, "Plot_No": null, "Road_Wdth": "60'", "Plot_Size": "18 M", "__source_file": "PCSIR.shp" }, "geometry": { "type": "Polygon", "coordinates": [ [ [ 74.266147364629845, 31.450608252513792 ], [ 74.266092035272081, 31.450588433495639 ], [ 74.266029247767449, 31.450572412896932 ], [ 74.265907379232701, 31.450798034094099 ], [ 74.265916653011047, 31.450800905795422 ], [ 74.266057472872276, 31.450840029557231 ], [ 74.266147364629845, 31.450608252513792 ] ] ] } },
{ "type": "Feature", "properties": { "OBJECTID": 226381, "SHAPE_Leng": 86.626765477000006, "SHAPE_Area": 434.60705104300001, "Town": "Allama Iqbal Town", "UC_N0": "UC_120", "Landuse": "V", "KA": null, "Name": null, "Plot_No": "369", "Road_Wdth": "200'", "Plot_Size": "18 M", "__source_file": "PCSIR.shp" }, "geometry": { "type": "Polygon", "coordinates": [ [ [ 74.267833626564141, 31.451086956504763 ], [ 74.267699975072048, 31.451084253572745 ], [ 74.267667413298568, 31.451083213899494 ], [ 74.267645556580234, 31.451328012432036 ], [ 74.267812356094865, 31.451336541117374 ], [ 74.267833626564141, 31.451086956504763 ] ] ] } },
{ "type": "Feature", "properties": { "OBJECTID": 226382, "SHAPE_Leng": 88.799524549400005, "SHAPE_Area": 450.49571083799998, "Town": "Allama Iqbal Town", "UC_N0": "UC_120", "Landuse": "R", "KA": null, "Name": null, "Plot_No": null, "Road_Wdth": "200'", "Plot_Size": "18 M", "__source_file": "PCSIR.shp" }, "geometry": { "type": "Polygon", "coordinates": [ [ [ 74.26769160444195, 31.450812274087909 ], [ 74.267667413298568, 31.451083213899494 ], [ 74.267699975072048, 31.451084253572745 ], [ 74.267833626564141, 31.451086956504763 ], [ 74.267854352490616, 31.450843770956759 ], [ 74.267848586914283, 31.450842459547065 ], [ 74.267716712988189, 31.450816396452272 ], [ 74.26769160444195, 31.450812274087909 ] ] ] } },
{ "type": "Feature", "properties": { "OBJECTID": 226383, "SHAPE_Leng": 81.64438225000001, "SHAPE_Area": 371.92208356499998, "Town": "Allama Iqbal Town", "UC_N0": "UC_120", "Landuse": "V", "KA": null, "Name": null, "Plot_No": null, "Road_Wdth": "30'", "Plot_Size": "18 M", "__source_file": "PCSIR.shp" }, "geometry": { "type": "Polygon", "coordinates": [ [ [ 74.267667413298568, 31.451083213899494 ], [ 74.26752478308525, 31.451076906485145 ], [ 74.267499698249395, 31.451319258640698 ], [ 74.267635645846696, 31.451327455932198 ], [ 74.267645556580234, 31.451328012432036 ], [ 74.267667413298568, 31.451083213899494 ] ] ] } },
{ "type": "Feature", "properties": { "OBJECTID": 226384, "SHAPE_Leng": 88.358023146999997, "SHAPE_Area": 412.25599111700001, "Town": "Allama Iqbal Town", "UC_N0": "UC_120", "Landuse": "R", "KA": null, "Name": null, "Plot_No": null, "Road_Wdth": "60'", "Plot_Size": "18 M", "__source_file": "PCSIR.shp" }, "geometry": { "type": "Polygon", "coordinates": [ [ [ 74.26769160444195, 31.450812274087909 ], [ 74.267582999846965, 31.450797454797016 ], [ 74.267554031709722, 31.450794319926231 ], [ 74.26752478308525, 31.451076906485145 ], [ 74.267667413298568, 31.451083213899494 ], [ 74.26769160444195, 31.450812274087909 ] ] ] } },
{ "type": "Feature", "properties": { "OBJECTID": 226385, "SHAPE_Leng": 84.630335834299999, "SHAPE_Area": 383.65409830200002, "Town": "Allama Iqbal Town", "UC_N0": "UC_120", "Landuse": "R", "KA": null, "Name": null, "Plot_No": null, "Road_Wdth": "30'", "Plot_Size": "18 M", "__source_file": "PCSIR.shp" }, "geometry": { "type": "Polygon", "coordinates": [ [ [ 74.266798458262599, 31.450999923225652 ], [ 74.266795825161594, 31.45099950485832 ], [ 74.2666709673816, 31.45097851075619 ], [ 74.266661203776835, 31.450976771304124 ], [ 74.266629721158509, 31.451241940909178 ], [ 74.266766920081395, 31.451257006806532 ], [ 74.266798458262599, 31.450999923225652 ] ] ] } },
{ "type": "Feature", "properties": { "OBJECTID": 226386, "SHAPE_Leng": 78.936715078700004, "SHAPE_Area": 346.81186069699999, "Town": "Allama Iqbal Town", "UC_N0": "UC_120", "Landuse": "R", "KA": null, "Name": null, "Plot_No": null, "Road_Wdth": "60'", "Plot_Size": "18 M", "__source_file": "PCSIR.shp" }, "geometry": { "type": "Polygon", "coordinates": [ [ [ 74.266749152483527, 31.450753222498328 ], [ 74.26668880476646, 31.450744302265637 ], [ 74.266661203776835, 31.450976771304124 ], [ 74.2666709673816, 31.45097851075619 ], [ 74.266795825161594, 31.45099950485832 ], [ 74.266798458262599, 31.450999923225652 ], [ 74.266827519327009, 31.450763043413176 ], [ 74.266749152483527, 31.450753222498328 ] ] ] } },
{ "type": "Feature", "properties": { "OBJECTID": 226387, "SHAPE_Leng": 83.2701521945, "SHAPE_Area": 395.559810519, "Town": "Allama Iqbal Town", "UC_N0": "UC_120", "Landuse": "R", "KA": null, "Name": null, "Plot_No": null, "Road_Wdth": "30'", "Plot_Size": "18 M", "__source_file": "PCSIR.shp" }, "geometry": { "type": "Polygon", "coordinates": [ [ [ 74.26752478308525, 31.451076906485145 ], [ 74.267472482494995, 31.451073878155608 ], [ 74.267472438322571, 31.451073874294092 ], [ 74.267370970077238, 31.451066895372083 ], [ 74.267345121080382, 31.451308667503305 ], [ 74.267499698249395, 31.451319258640698 ], [ 74.26752478308525, 31.451076906485145 ] ] ] } },
{ "type": "Feature", "properties": { "OBJECTID": 226388, "SHAPE_Leng": 85.448487548800003, "SHAPE_Area": 407.71499754600001, "Town": "Allama Iqbal Town", "UC_N0": "UC_120", "Landuse": "R", "KA": null, "Name": null, "Plot_No": null, "Road_Wdth": "30'", "Plot_Size": "18 M", "__source_file": "PCSIR.shp" }, "geometry": { "type": "Polygon", "coordinates": [ [ [ 74.266945849091954, 31.451021693963408 ], [ 74.266812784379127, 31.451002179594532 ], [ 74.266812158943665, 31.451002081280787 ], [ 74.266798458262599, 31.450999923225652 ], [ 74.266766920081395, 31.451257006806532 ], [ 74.26692025859272, 31.451272569127891 ], [ 74.266945849091954, 31.451021693963408 ] ] ] } },
{ "type": "Feature", "properties": { "OBJECTID": 226389, "SHAPE_Leng": 81.382349308599998, "SHAPE_Area": 383.04922615700002, "Town": "Allama Iqbal Town", "UC_N0": "UC_120", "Landuse": "V", "KA": null, "Name": null, "Plot_No": null, "Road_Wdth": "60'", "Plot_Size": "18 M", "__source_file": "PCSIR.shp" }, "geometry": { "type": "Polygon", "coordinates": [ [ [ 74.266599233368339, 31.450728853088076 ], [ 74.26654397570347, 31.450717985156395 ], [ 74.266498899924684, 31.450945425234377 ], [ 74.266498836376257, 31.450945746964877 ], [ 74.26653264543873, 31.450952432082737 ], [ 74.266542661081047, 31.450954511322266 ], [ 74.266560140861841, 31.450957909950706 ], [ 74.266561895754847, 31.450958253822787 ], [ 74.266572673259688, 31.450960346444763 ], [ 74.266573294323365, 31.450960465485824 ], [ 74.266661203776835, 31.450976771304124 ], [ 74.26668880476646, 31.450744302265637 ], [ 74.266599233368339, 31.450728853088076 ] ] ] } },
{ "type": "Feature", "properties": { "OBJECTID": 226390, "SHAPE_Leng": 75.308881188499996, "SHAPE_Area": 307.90330970700001, "Town": "Allama Iqbal Town", "UC_N0": "UC_120", "Landuse": "R", "KA": null, "Name": null, "Plot_No": null, "Road_Wdth": "60'", "Plot_Size": "18 M", "__source_file": "PCSIR.shp" }, "geometry": { "type": "Polygon", "coordinates": [ [ [ 74.266451029540818, 31.450697359431068 ], [ 74.266433162239522, 31.450693050930123 ], [ 74.266364217129933, 31.450916951962764 ], [ 74.266364208485797, 31.450916980784466 ], [ 74.266367760861328, 31.450917740053704 ], [ 74.266369877801196, 31.450918217726976 ], [ 74.266399060886243, 31.450924695938969 ], [ 74.266415694228883, 31.450928263868601 ], [ 74.266443431453411, 31.450933908253592 ], [ 74.266498899924684, 31.450945425234377 ], [ 74.26654397570347, 31.450717985156395 ], [ 74.266451029540818, 31.450697359431068 ] ] ] } },
{ "type": "Feature", "properties": { "OBJECTID": 226391, "SHAPE_Leng": 83.842663784099997, "SHAPE_Area": 414.48970251600002, "Town": "Allama Iqbal Town", "UC_N0": "UC_120", "Landuse": "V", "KA": null, "Name": null, "Plot_No": null, "Road_Wdth": "60'", "Plot_Size": "18 M", "__source_file": "PCSIR.shp" }, "geometry": { "type": "Polygon", "coordinates": [ [ [ 74.266305105300191, 31.45065885573953 ], [ 74.266277664112764, 31.45065075355491 ], [ 74.26619746033569, 31.450877136983848 ], [ 74.266224183308935, 31.450883819480079 ], [ 74.266224317761754, 31.450883852730428 ], [ 74.266262093991912, 31.45089329980209 ], [ 74.266351758921942, 31.450914180245537 ], [ 74.266351898643848, 31.450914212623715 ], [ 74.266351966929733, 31.450914228352673 ], [ 74.266364217129933, 31.450916951962764 ], [ 74.266433162239522, 31.450693050930123 ], [ 74.266305105300191, 31.45065885573953 ] ] ] } },
{ "type": "Feature", "properties": { "OBJECTID": 226392, "SHAPE_Leng": 85.647605541800004, "SHAPE_Area": 383.77815712699999, "Town": "Allama Iqbal Town", "UC_N0": "UC_120", "Landuse": "R", "KA": null, "Name": null, "Plot_No": null, "Road_Wdth": "30'", "Plot_Size": "18 M", "__source_file": "PCSIR.shp" }, "geometry": { "type": "Polygon", "coordinates": [ [ [ 74.266661203776835, 31.450976771304124 ], [ 74.266573294323365, 31.450960465485824 ], [ 74.266572673259688, 31.450960346444763 ], [ 74.266561895754847, 31.450958253822787 ], [ 74.266560140861841, 31.450957909950706 ], [ 74.266542661081047, 31.450954511322266 ], [ 74.26648270713919, 31.451224588356041 ], [ 74.266559650721149, 31.451233826569457 ], [ 74.266629721158509, 31.451241940909178 ], [ 74.266661203776835, 31.450976771304124 ] ] ] } },
{ "type": "Feature", "properties": { "OBJECTID": 226393, "SHAPE_Leng": 92.028280042600002, "SHAPE_Area": 471.35903266299999, "Town": "Allama Iqbal Town", "UC_N0": "UC_120", "Landuse": "V", "KA": null, "Name": null, "Plot_No": null, "Road_Wdth": "30'", "Plot_Size": "18 M", "__source_file": "PCSIR.shp" }, "geometry": { "type": "Polygon", "coordinates": [ [ [ 74.266415694228883, 31.450928263868601 ], [ 74.266399060886243, 31.450924695938969 ], [ 74.266313679717953, 31.451195294902725 ], [ 74.266395332119615, 31.451213685292739 ], [ 74.26648270713919, 31.451224588356041 ], [ 74.266542661081047, 31.450954511322266 ], [ 74.26653264543873, 31.450952432082737 ], [ 74.266498836376257, 31.450945746964877 ], [ 74.266498899924684, 31.450945425234377 ], [ 74.266443431453411, 31.450933908253592 ], [ 74.266415694228883, 31.450928263868601 ] ] ] } },
{ "type": "Feature", "properties": { "OBJECTID": 226394, "SHAPE_Leng": 89.190175450699996, "SHAPE_Area": 424.98380567300001, "Town": "Allama Iqbal Town", "UC_N0": "UC_120", "Landuse": "R", "KA": null, "Name": null, "Plot_No": null, "Road_Wdth": "30'", "Plot_Size": "18 M", "__source_file": "PCSIR.shp" }, "geometry": { "type": "Polygon", "coordinates": [ [ [ 74.266351758921942, 31.450914180245537 ], [ 74.266262093991912, 31.45089329980209 ], [ 74.266171805177706, 31.451157656930622 ], [ 74.266275765720707, 31.451185953518902 ], [ 74.266313679717953, 31.451195294902725 ], [ 74.266399060886243, 31.450924695938969 ], [ 74.266369877801196, 31.450918217726976 ], [ 74.266367760861328, 31.450917740053704 ], [ 74.266364208485797, 31.450916980784466 ], [ 74.266364217129933, 31.450916951962764 ], [ 74.266351966929733, 31.450914228352673 ], [ 74.266351898643848, 31.450914212623715 ], [ 74.266351758921942, 31.450914180245537 ] ] ] } },
{ "type": "Feature", "properties": { "OBJECTID": 278556, "SHAPE_Leng": 106.30277716800001, "SHAPE_Area": 702.07271660699996, "Town": "Allama Iqbal Town", "UC_N0": "UC_120", "Landuse": "V", "KA": null, "Name": null, "Plot_No": "563", "Road_Wdth": "50'", "Plot_Size": "18 M", "__source_file": "PCSIR.shp" }, "geometry": { "type": "Polygon", "coordinates": [ [ [ 74.265141033228076, 31.450832257158396 ], [ 74.265314677738957, 31.45102248880653 ], [ 74.265366615845252, 31.450976498411283 ], [ 74.265433007522972, 31.450911134033763 ], [ 74.265405648594225, 31.450893570499112 ], [ 74.265295442013496, 31.450817188478602 ], [ 74.265230132346886, 31.450767256422019 ], [ 74.265226616928828, 31.450764461011161 ], [ 74.265168177970139, 31.45081195993405 ], [ 74.265168147267701, 31.450811983215782 ], [ 74.265141033228076, 31.450832257158396 ] ] ] } },
{ "type": "Feature", "properties": { "OBJECTID": 278557, "SHAPE_Leng": 85.369243436199994, "SHAPE_Area": 412.48460229300002, "Town": "Allama Iqbal Town", "UC_N0": "UC_120", "Landuse": "R", "KA": null, "Name": null, "Plot_No": null, "Road_Wdth": "50'", "Plot_Size": "18 M", "__source_file": "PCSIR.shp" }, "geometry": { "type": "Polygon", "coordinates": [ [ [ 74.265222825943695, 31.45110019693638 ], [ 74.265035748467426, 31.450910268046705 ], [ 74.265025115282413, 31.450917329197761 ], [ 74.264986932712276, 31.450942684569007 ], [ 74.264967409628753, 31.450956073432422 ], [ 74.264929550911134, 31.450980789162514 ], [ 74.264929281156412, 31.450980966255003 ], [ 74.264929160577907, 31.450981043154371 ], [ 74.264921232504548, 31.450986036583092 ], [ 74.265096504294959, 31.45119245914524 ], [ 74.265168287477437, 31.451141717531168 ], [ 74.265222825943695, 31.45110019693638 ] ] ] } },
{ "type": "Feature", "properties": { "OBJECTID": 278558, "SHAPE_Leng": 190.047532273, "SHAPE_Area": 1557.8972700500001, "Town": "Allama Iqbal Town", "UC_N0": "UC_120", "Landuse": "V", "KA": null, "Name": null, "Plot_No": null, "Road_Wdth": "30'", "Plot_Size": "18 M", "__source_file": "PCSIR.shp" }, "geometry": { "type": "Polygon", "coordinates": [ [ [ 74.265431869911836, 31.451440955871586 ], [ 74.26562333119081, 31.451640616256913 ], [ 74.265767944643443, 31.451545179542954 ], [ 74.265535899320696, 31.451364859429255 ], [ 74.265510901881242, 31.451383988517438 ], [ 74.265465804803952, 31.451417287266153 ], [ 74.265431869911836, 31.451440955871586 ] ] ] } },
{ "type": "Feature", "properties": { "OBJECTID": 284725, "SHAPE_Leng": 165.024098014, "SHAPE_Area": 1531.1488419699999, "Town": "Allama Iqbal Town", "UC_N0": "UC_120", "Landuse": "V", "KA": null, "Name": null, "Plot_No": null, "Road_Wdth": "30'", "Plot_Size": "18 M", "__source_file": "PCSIR.shp" }, "geometry": { "type": "Polygon", "coordinates": [ [ [ 74.26616410318158, 31.450868951294044 ], [ 74.266133046257991, 31.450861025915824 ], [ 74.266056920694226, 31.450839876146787 ], [ 74.265965736609118, 31.451088821326543 ], [ 74.265991107014642, 31.451098728465116 ], [ 74.266070581499463, 31.4511252588023 ], [ 74.26616410318158, 31.450868951294044 ] ] ] } },
{ "type": "Feature", "properties": { "OBJECTID": 165380, "SHAPE_Leng": 199.401114283, "SHAPE_Area": 1644.2970423500001, "Town": "Allama Iqbal Town", "UC_N0": "UC_120", "Landuse": "R", "KA": null, "Name": null, "Plot_No": null, "Road_Wdth": "30", "Plot_Size": "9 M", "__source_file": "PCSIR.shp" }, "geometry": { "type": "Polygon", "coordinates": [ [ [ 74.256825583374734, 31.453031081472925 ], [ 74.256720611356613, 31.452858452757944 ], [ 74.256601818782073, 31.452902241385679 ], [ 74.256699974968399, 31.45307734998493 ], [ 74.256825583374734, 31.453031081472925 ] ] ] } },
{ "type": "Feature", "properties": { "OBJECTID": 165383, "SHAPE_Leng": 68.842569810599997, "SHAPE_Area": 277.73584007199997, "Town": "Allama Iqbal Town", "UC_N0": "UC_120", "Landuse": "R", "KA": null, "Name": null, "Plot_No": null, "Road_Wdth": "30", "Plot_Size": "9 M", "__source_file": "PCSIR.shp" }, "geometry": { "type": "Polygon", "coordinates": [ [ [ 74.256228378785821, 31.453251063820375 ], [ 74.256137906177898, 31.453073244179073 ], [ 74.256015980114441, 31.453118186735541 ], [ 74.25610050588331, 31.453298166129166 ], [ 74.256228378785821, 31.453251063820375 ] ] ] } },
{ "type": "Feature", "properties": { "OBJECTID": 165384, "SHAPE_Leng": 63.789006795900001, "SHAPE_Area": 223.32852631, "Town": "Allama Iqbal Town", "UC_N0": "UC_120", "Landuse": "R", "KA": null, "Name": null, "Plot_No": null, "Road_Wdth": "30", "Plot_Size": "9 M", "__source_file": "PCSIR.shp" }, "geometry": { "type": "Polygon", "coordinates": [ [ [ 74.256606942841955, 31.453111618744551 ], [ 74.256519811169767, 31.452932470831783 ], [ 74.256443045414514, 31.452960767354828 ], [ 74.256419591461182, 31.452969412540977 ], [ 74.256506393851126, 31.453148656048135 ], [ 74.256606942841955, 31.453111618744551 ] ] ] } },
{ "type": "Feature", "properties": { "OBJECTID": 165385, "SHAPE_Leng": 100.900133184, "SHAPE_Area": 622.449603024, "Town": "Allama Iqbal Town", "UC_N0": "UC_120", "Landuse": "R", "KA": null, "Name": null, "Plot_No": null, "Road_Wdth": "30", "Plot_Size": "9 M", "__source_file": "PCSIR.shp" }, "geometry": { "type": "Polygon", "coordinates": [ [ [ 74.256345684019365, 31.4529966555478 ], [ 74.25642965050551, 31.453176924797585 ], [ 74.25650639385114, 31.453148656048135 ], [ 74.256419591461182, 31.452969412540977 ], [ 74.256345684019365, 31.4529966555478 ] ] ] } },
{ "type": "Feature", "properties": { "OBJECTID": 165400, "SHAPE_Leng": 112.853706058, "SHAPE_Area": 738.77136396200001, "Town": "Allama Iqbal Town", "UC_N0": "UC_120", "Landuse": "V", "KA": null, "Name": null, "Plot_No": null, "Road_Wdth": "30'", "Plot_Size": "9 M", "__source_file": "PCSIR.shp" }, "geometry": { "type": "Polygon", "coordinates": [ [ [ 74.262513892093864, 31.450730415818718 ], [ 74.262593154585005, 31.450907912458611 ], [ 74.262745009418055, 31.450852086700891 ], [ 74.262705091615103, 31.450660199093537 ], [ 74.262513892093864, 31.450730415818718 ] ] ] } },
{ "type": "Feature", "properties": { "OBJECTID": 165401, "SHAPE_Leng": 61.037922781100001, "SHAPE_Area": 199.22766895000001, "Town": "Allama Iqbal Town", "UC_N0": "UC_120", "Landuse": "R", "KA": null, "Name": null, "Plot_No": null, "Road_Wdth": "30'", "Plot_Size": "9 M", "__source_file": "PCSIR.shp" }, "geometry": { "type": "Polygon", "coordinates": [ [ [ 74.262429343629023, 31.450968133317346 ], [ 74.262341770638201, 31.450793625917267 ], [ 74.262250535458477, 31.450827131476043 ], [ 74.262337547573111, 31.451001880209049 ], [ 74.262429343629023, 31.450968133317346 ] ] ] } },
{ "type": "Feature", "properties": { "OBJECTID": 165402, "SHAPE_Leng": 192.43884472900001, "SHAPE_Area": 1583.5695815500001, "Town": "Allama Iqbal Town", "UC_N0": "UC_120", "Landuse": "V", "KA": null, "Name": null, "Plot_No": null, "Road_Wdth": "30'", "Plot_Size": "9 M", "__source_file": "PCSIR.shp" }, "geometry": { "type": "Polygon", "coordinates": [ [ [ 74.262169071521043, 31.450857048170356 ], [ 74.262257152729603, 31.451031435288808 ], [ 74.262337547573111, 31.45100188020908 ], [ 74.262250535458477, 31.450827131476043 ], [ 74.262169071521043, 31.450857048170356 ] ] ] } },
{ "type": "Feature", "properties": { "OBJECTID": 165912, "SHAPE_Leng": 131.40989862800001, "SHAPE_Area": 1058.5124410799999, "Town": "Allama Iqbal Town", "UC_N0": "UC_120", "Landuse": "V", "KA": null, "Name": null, "Plot_No": "408", "Road_Wdth": "30'", "Plot_Size": "18 M", "__source_file": "PCSIR.shp" }, "geometry": { "type": "Polygon", "coordinates": [ [ [ 74.26236014430188, 31.446054059242694 ], [ 74.26248105995586, 31.446296931801211 ], [ 74.262658501004992, 31.446213718865561 ], [ 74.262597489108686, 31.446091832463114 ], [ 74.262546242209694, 31.445989455133713 ], [ 74.26236014430188, 31.446054059242694 ] ] ] } },
{ "type": "Feature", "properties": { "OBJECTID": 165913, "SHAPE_Leng": 68.692883661600007, "SHAPE_Area": 269.365981159, "Town": "Allama Iqbal Town", "UC_N0": "UC_120", "Landuse": "R", "KA": null, "Name": null, "Plot_No": null, "Road_Wdth": "60'", "Plot_Size": "15 M", "__source_file": "PCSIR.shp" }, "geometry": { "type": "Polygon", "coordinates": [ [ [ 74.26279857026806, 31.446020450908343 ], [ 74.262773233937224, 31.445911211584313 ], [ 74.262773126458868, 31.44591069128381 ], [ 74.26254624220968, 31.445989455133713 ], [ 74.262597489108686, 31.446091832463114 ], [ 74.26279857026806, 31.446020450908343 ] ] ] } },
{ "type": "Feature", "properties": { "OBJECTID": 165916, "SHAPE_Leng": 62.0675994188, "SHAPE_Area": 226.29002046799999, "Town": "Allama Iqbal Town", "UC_N0": "UC_120", "Landuse": "V", "KA": null, "Name": null, "Plot_No": null, "Road_Wdth": "30'", "Plot_Size": "9 M", "__source_file": "PCSIR.shp" }, "geometry": { "type": "Polygon", "coordinates": [ [ [ 74.262240258478812, 31.446195754217833 ], [ 74.262120961006545, 31.446219951752397 ], [ 74.262139260395742, 31.446311496763631 ], [ 74.262191471044417, 31.446298781088675 ], [ 74.262270531921473, 31.446279526418639 ], [ 74.262240258478812, 31.446195754217833 ] ] ] } },
{ "type": "Feature", "properties": { "OBJECTID": 175096, "SHAPE_Leng": 140.19811207399999, "SHAPE_Area": 1095.99509463, "Town": "Allama Iqbal Town", "UC_N0": "UC_120", "Landuse": "V", "KA": null, "Name": null, "Plot_No": null, "Road_Wdth": "30'", "Plot_Size": "9 M", "__source_file": "PCSIR.shp" }, "geometry": { "type": "Polygon", "coordinates": [ [ [ 74.265753844794901, 31.452745172736623 ], [ 74.2656647113335, 31.452546426545862 ], [ 74.265568783433366, 31.452582309958981 ], [ 74.265657094450404, 31.452780327903834 ], [ 74.265753844794901, 31.452745172736623 ] ] ] } },
{ "type": "Feature", "properties": { "OBJECTID": 175109, "SHAPE_Leng": 249.64966577300001, "SHAPE_Area": 3791.9102009799999, "Town": "Allama Iqbal Town", "UC_N0": "UC_120", "Landuse": "V", "KA": null, "Name": null, "Plot_No": "757", "Road_Wdth": "30'", "Plot_Size": "18 M", "__source_file": "PCSIR.shp" }, "geometry": { "type": "Polygon", "coordinates": [ [ [ 74.26750433673368, 31.451448363133167 ], [ 74.267505824630163, 31.451380329627465 ], [ 74.26749112060935, 31.451379742587768 ], [ 74.267227479761289, 31.451361979184409 ], [ 74.267207368867886, 31.451360325834944 ], [ 74.267202037502287, 31.451359880309777 ], [ 74.267190747999649, 31.451358927028242 ], [ 74.267200591868502, 31.451463459591768 ], [ 74.26750433673368, 31.451448363133167 ] ] ] } },
{ "type": "Feature", "properties": { "OBJECTID": 175123, "SHAPE_Leng": 98.433513046900003, "SHAPE_Area": 582.97707759100001, "Town": "Allama Iqbal Town", "UC_N0": "UC_120", "Landuse": "V", "KA": null, "Name": null, "Plot_No": null, "Road_Wdth": "30'", "Plot_Size": "8 M", "__source_file": "PCSIR.shp" }, "geometry": { "type": "Polygon", "coordinates": [ [ [ 74.266825425173934, 31.452349822270001 ], [ 74.266797608945723, 31.452176189886238 ], [ 74.266688164809224, 31.452189623813648 ], [ 74.266722260067951, 31.452388434361858 ], [ 74.266825425173934, 31.452349822270001 ] ] ] } },
{ "type": "Feature", "properties": { "OBJECTID": 175128, "SHAPE_Leng": 245.770691395, "SHAPE_Area": 2525.2527314099998, "Town": "Allama Iqbal Town", "UC_N0": "UC_120", "Landuse": "V", "KA": null, "Name": null, "Plot_No": null, "Road_Wdth": "30", "Plot_Size": "18 M", "__source_file": "PCSIR.shp" }, "geometry": { "type": "Polygon", "coordinates": [ [ [ 74.258404955776342, 31.454129854266199 ], [ 74.258268150114461, 31.454047984777272 ], [ 74.258066880785577, 31.454222356840599 ], [ 74.25820642107935, 31.45430070808294 ], [ 74.258404955776342, 31.454129854266199 ] ] ] } },
{ "type": "Feature", "properties": { "OBJECTID": 175130, "SHAPE_Leng": 484.662099071, "SHAPE_Area": 10681.466915200001, "Town": "Allama Iqbal Town", "UC_N0": "UC_120", "Landuse": "G/Y", "KA": null, "Name": null, "Plot_No": null, "Road_Wdth": null, "Plot_Size": null, "__source_file": "PCSIR.shp" }, "geometry": { "type": "Polygon", "coordinates": [ [ [ 74.256972878940346, 31.454374630832323 ], [ 74.25697066085732, 31.454358698223814 ], [ 74.256958110039278, 31.454310044263298 ], [ 74.256937240373659, 31.454263536247375 ], [ 74.256908517271839, 31.454220214429832 ], [ 74.256880419449445, 31.454188612513438 ], [ 74.255934235717973, 31.453609419415393 ], [ 74.255870668691458, 31.453556718421577 ], [ 74.255812837493011, 31.453498715873675 ], [ 74.25576170049618, 31.453436263634124 ], [ 74.255752957364606, 31.453424189794166 ], [ 74.255661806403225, 31.453267563637787 ], [ 74.255345167681668, 31.453391538229376 ], [ 74.255334671425217, 31.453440762085403 ], [ 74.255313175107062, 31.45350657342733 ], [ 74.25528364057854, 31.453570052694079 ], [ 74.255246400824646, 31.45363048184166 ], [ 74.255201880137307, 31.453687175836059 ], [ 74.255150582475082, 31.453739490705985 ], [ 74.255121479960579, 31.453764715447818 ], [ 74.255188895582847, 31.453791880091426 ], [ 74.255230918169701, 31.453811349040123 ], [ 74.255296935428092, 31.453841933946418 ], [ 74.255400639582518, 31.453898326791965 ], [ 74.255487073117607, 31.453952419541206 ], [ 74.25543929069984, 31.454043585768616 ], [ 74.255526540682425, 31.454291732626743 ], [ 74.255556003937173, 31.454375527394518 ], [ 74.256972878940346, 31.454374630832323 ] ] ] } },
{ "type": "Feature", "properties": { "OBJECTID": 175132, "SHAPE_Leng": 226.662419113, "SHAPE_Area": 2403.92815759, "Town": "Allama Iqbal Town", "UC_N0": "UC_120", "Landuse": "R", "KA": null, "Name": null, "Plot_No": null, "Road_Wdth": "30'", "Plot_Size": "18 M", "__source_file": "PCSIR.shp" }, "geometry": { "type": "Polygon", "coordinates": [ [ [ 74.263173364486917, 31.450137674939871 ], [ 74.262879455220002, 31.450180234699875 ], [ 74.262895312419332, 31.45027131028511 ], [ 74.263193437842659, 31.450246341065061 ], [ 74.263173364486917, 31.450137674939871 ] ] ] } },
{ "type": "Feature", "properties": { "OBJECTID": 175149, "SHAPE_Leng": 83.864501495300004, "SHAPE_Area": 400.545812136, "Town": "Allama Iqbal Town", "UC_N0": "UC_120", "Landuse": "R", "KA": null, "Name": null, "Plot_No": "507", "Road_Wdth": "30'", "Plot_Size": "18 M", "__source_file": "PCSIR.shp" }, "geometry": { "type": "Polygon", "coordinates": [ [ [ 74.263024794838017, 31.449333399786894 ], [ 74.263001188658052, 31.449205609930679 ], [ 74.26277599824266, 31.449221629548397 ], [ 74.262772138461798, 31.449221970027846 ], [ 74.262713921951246, 31.449229477990311 ], [ 74.262736522631428, 31.4493592903099 ], [ 74.263024794838017, 31.449333399786894 ] ] ] } },
{ "type": "Feature", "properties": { "OBJECTID": 175150, "SHAPE_Leng": 81.690262621599999, "SHAPE_Area": 365.41653338600003, "Town": "Allama Iqbal Town", "UC_N0": "UC_120", "Landuse": "R", "KA": null, "Name": null, "Plot_No": null, "Road_Wdth": "30'", "Plot_Size": "18 M", "__source_file": "PCSIR.shp" }, "geometry": { "type": "Polygon", "coordinates": [ [ [ 74.263046164731577, 31.449449084246996 ], [ 74.263024794838017, 31.449333399786894 ], [ 74.262736522631428, 31.4493592903099 ], [ 74.262757539212743, 31.449479998174574 ], [ 74.263046164731577, 31.449449084246996 ] ] ] } },
{ "type": "Feature", "properties": { "OBJECTID": 175152, "SHAPE_Leng": 83.931112444999997, "SHAPE_Area": 390.18778984199997, "Town": "Allama Iqbal Town", "UC_N0": "UC_120", "Landuse": "R", "KA": null, "Name": null, "Plot_No": null, "Road_Wdth": "30'", "Plot_Size": "18 M", "__source_file": "PCSIR.shp" }, "geometry": { "type": "Polygon", "coordinates": [ [ [ 74.263136892891737, 31.449940237133678 ], [ 74.263114104238809, 31.449816873815486 ], [ 74.262822822979146, 31.44985496333317 ], [ 74.262844522557401, 31.449979598884081 ], [ 74.263136892891737, 31.449940237133678 ] ] ] } },
{ "type": "Feature", "properties": { "OBJECTID": 177211, "SHAPE_Leng": 58.772205385900001, "SHAPE_Area": 212.69036555700001, "Town": "Allama Iqbal Town", "UC_N0": "UC_120", "Landuse": "V", "KA": null, "Name": null, "Plot_No": "663", "Road_Wdth": "30'", "Plot_Size": "9 M", "__source_file": "PCSIR.shp" }, "geometry": { "type": "Polygon", "coordinates": [ [ [ 74.266047062046439, 31.452508155089124 ], [ 74.265886688208795, 31.45256869014997 ], [ 74.265940113842589, 31.45267748980627 ], [ 74.266092364484948, 31.452621741354889 ], [ 74.266058382754395, 31.452539001169921 ], [ 74.266047062046439, 31.452508155089124 ] ] ] } },
{ "type": "Feature", "properties": { "OBJECTID": 177216, "SHAPE_Leng": 67.346333898300003, "SHAPE_Area": 261.639989275, "Town": "Allama Iqbal Town", "UC_N0": "UC_120", "Landuse": "V", "KA": null, "Name": null, "Plot_No": null, "Road_Wdth": "30'", "Plot_Size": "9 M", "__source_file": "PCSIR.shp" }, "geometry": { "type": "Polygon", "coordinates": [ [ [ 74.264595258855195, 31.453159524449084 ], [ 74.264502404255182, 31.452981198857074 ], [ 74.264386517901912, 31.453024546568425 ], [ 74.264475219392267, 31.45320164843287 ], [ 74.264595258855195, 31.453159524449084 ] ] ] } },
{ "type": "Feature", "properties": { "OBJECTID": 177218, "SHAPE_Leng": 94.967488314700006, "SHAPE_Area": 560.09686947399996, "Town": "Allama Iqbal Town", "UC_N0": "UC_120", "Landuse": "V", "KA": null, "Name": null, "Plot_No": null, "Road_Wdth": "30'", "Plot_Size": "9 M", "__source_file": "PCSIR.shp" }, "geometry": { "type": "Polygon", "coordinates": [ [ [ 74.264684536181349, 31.453128033067912 ], [ 74.264590978807703, 31.452948067030711 ], [ 74.264502404255182, 31.452981198857074 ], [ 74.264595258855195, 31.453159524449109 ], [ 74.264684536181349, 31.453128033067912 ] ] ] } },
{ "type": "Feature", "properties": { "OBJECTID": 177219, "SHAPE_Leng": 64.050103639300005, "SHAPE_Area": 216.91194839100001, "Town": "Allama Iqbal Town", "UC_N0": "UC_120", "Landuse": "R", "KA": null, "Name": null, "Plot_No": null, "Road_Wdth": "30'", "Plot_Size": "9 M", "__source_file": "PCSIR.shp" }, "geometry": { "type": "Polygon", "coordinates": [ [ [ 74.264940274561198, 31.453037634910036 ], [ 74.264841453674094, 31.452854375331725 ], [ 74.26474700151077, 31.452889705623864 ], [ 74.26484607198779, 31.453071039553031 ], [ 74.264940274561198, 31.453037634910036 ] ] ] } },
{ "type": "Feature", "properties": { "OBJECTID": 177220, "SHAPE_Leng": 63.181039648700001, "SHAPE_Area": 205.06574403400001, "Town": "Allama Iqbal Town", "UC_N0": "UC_120", "Landuse": "R", "KA": null, "Name": null, "Plot_No": null, "Road_Wdth": "30'", "Plot_Size": "9 M", "__source_file": "PCSIR.shp" }, "geometry": { "type": "Polygon", "coordinates": [ [ [ 74.265026159137477, 31.453007102967604 ], [ 74.264932457307623, 31.45282033520833 ], [ 74.264841453674094, 31.452854375331725 ], [ 74.264940274561198, 31.453037634910036 ], [ 74.265026159137477, 31.453007102967604 ] ] ] } },
{ "type": "Feature", "properties": { "OBJECTID": 177221, "SHAPE_Leng": 123.582467576, "SHAPE_Area": 889.70742860799999, "Town": "Allama Iqbal Town", "UC_N0": "UC_120", "Landuse": "V", "KA": null, "Name": null, "Plot_No": null, "Road_Wdth": "30'", "Plot_Size": "9 M", "__source_file": "PCSIR.shp" }, "geometry": { "type": "Polygon", "coordinates": [ [ [ 74.265125953871433, 31.452971389377314 ], [ 74.265045800438713, 31.452777938197919 ], [ 74.264932457307623, 31.45282033520833 ], [ 74.265026159137463, 31.453007102967643 ], [ 74.265125953871433, 31.452971389377314 ] ] ] } },
{ "type": "Feature", "properties": { "OBJECTID": 177222, "SHAPE_Leng": 64.015092417299996, "SHAPE_Area": 204.07768695199999, "Town": "Allama Iqbal Town", "UC_N0": "UC_120", "Landuse": "V", "KA": null, "Name": null, "Plot_No": null, "Road_Wdth": "30'", "Plot_Size": "9 M", "__source_file": "PCSIR.shp" }, "geometry": { "type": "Polygon", "coordinates": [ [ [ 74.265488231327481, 31.452841536531711 ], [ 74.265394369302072, 31.452647552184839 ], [ 74.265308422028724, 31.452679701709854 ], [ 74.265404104280705, 31.452871846996018 ], [ 74.265488231327481, 31.452841536531711 ] ] ] } },
{ "type": "Feature", "properties": { "OBJECTID": 177243, "SHAPE_Leng": 67.521617188999997, "SHAPE_Area": 219.59096537799999, "Town": "Allama Iqbal Town", "UC_N0": "UC_120", "Landuse": "R", "KA": null, "Name": null, "Plot_No": null, "Road_Wdth": "30'", "Plot_Size": "10 M", "__source_file": "PCSIR.shp" }, "geometry": { "type": "Polygon", "coordinates": [ [ [ 74.266468751418046, 31.452486355713628 ], [ 74.266423929141638, 31.452278164978026 ], [ 74.26640662187549, 31.452280088038059 ], [ 74.266316653915979, 31.452290085443618 ], [ 74.266329873920256, 31.45236433218853 ], [ 74.266335572535468, 31.452394632676238 ], [ 74.266335596843916, 31.452394754615838 ], [ 74.26636155921382, 31.452522575386745 ], [ 74.266450203388402, 31.452489756708299 ], [ 74.266468751418046, 31.452486355713628 ] ] ] } },
{ "type": "Feature", "properties": { "OBJECTID": 177244, "SHAPE_Leng": 80.420901970700001, "SHAPE_Area": 404.38078811399998, "Town": "Allama Iqbal Town", "UC_N0": "UC_120", "Landuse": "V", "KA": null, "Name": null, "Plot_No": "713", "Road_Wdth": "30'", "Plot_Size": "10 M", "__source_file": "PCSIR.shp" }, "geometry": { "type": "Polygon", "coordinates": [ [ [ 74.266268088316011, 31.452557051271725 ], [ 74.266217604383627, 31.452382694073805 ], [ 74.266106156823383, 31.452400921418569 ], [ 74.266115570261121, 31.452430986968608 ], [ 74.2661526601009, 31.452531116388027 ], [ 74.266178772437982, 31.452589994527628 ], [ 74.266268088316011, 31.452557051271725 ] ] ] } },
{ "type": "Feature", "properties": { "OBJECTID": 177247, "SHAPE_Leng": 93.497921438899994, "SHAPE_Area": 529.71816992200002, "Town": "Allama Iqbal Town", "UC_N0": "UC_120", "Landuse": "V", "KA": null, "Name": null, "Plot_No": null, "Road_Wdth": "30'", "Plot_Size": "8 M", "__source_file": "PCSIR.shp" }, "geometry": { "type": "Polygon", "coordinates": [ [ [ 74.26711026916081, 31.452242742377702 ], [ 74.267097806949153, 31.452080923475798 ], [ 74.266982612107412, 31.45208924465523 ], [ 74.26700925476311, 31.452280839480199 ], [ 74.26711026916081, 31.452242742377702 ] ] ] } },
{ "type": "Feature", "properties": { "OBJECTID": 178285, "SHAPE_Leng": 115.44522598099999, "SHAPE_Area": 830.42323053799998, "Town": "Allama Iqbal Town", "UC_N0": "UC_120", "Landuse": "V", "KA": null, "Name": null, "Plot_No": null, "Road_Wdth": "30'", "Plot_Size": "18 M", "__source_file": "PCSIR.shp" }, "geometry": { "type": "Polygon", "coordinates": [ [ [ 74.269676949765852, 31.450502244785874 ], [ 74.269367841618845, 31.450575165890882 ], [ 74.269400778953695, 31.450691069276086 ], [ 74.26971304397695, 31.450628538491976 ], [ 74.269676949765852, 31.450502244785874 ] ] ] } },
{ "type": "Feature", "properties": { "OBJECTID": 178286, "SHAPE_Leng": 120.164935935, "SHAPE_Area": 829.37005388900002, "Town": "Allama Iqbal Town", "UC_N0": "UC_120", "Landuse": "V", "KA": null, "Name": null, "Plot_No": null, "Road_Wdth": "30'", "Plot_Size": "18 M", "__source_file": "PCSIR.shp" }, "geometry": { "type": "Polygon", "coordinates": [ [ [ 74.269793194673923, 31.450842154043261 ], [ 74.269790306535029, 31.450838813194508 ], [ 74.269765571807326, 31.450797749936303 ], [ 74.269748841040297, 31.450753817215077 ], [ 74.269748607611305, 31.450752975912181 ], [ 74.269744721214948, 31.45073937706433 ], [ 74.269432038247274, 31.450801065565482 ], [ 74.269471547431266, 31.450940092700616 ], [ 74.269793194673923, 31.450842154043261 ] ] ] } },
{ "type": "Feature", "properties": { "OBJECTID": 178287, "SHAPE_Leng": 86.154931322799996, "SHAPE_Area": 383.96352236799999, "Town": "Allama Iqbal Town", "UC_N0": "UC_120", "Landuse": "V", "KA": null, "Name": null, "Plot_No": null, "Road_Wdth": "30'", "Plot_Size": "18 M", "__source_file": "PCSIR.shp" }, "geometry": { "type": "Polygon", "coordinates": [ [ [ 74.269744721214934, 31.45073937706433 ], [ 74.26971304397695, 31.450628538491959 ], [ 74.269400778953695, 31.450691069276068 ], [ 74.269432038247274, 31.450801065565482 ], [ 74.269744721214934, 31.45073937706433 ] ] ] } },
{ "type": "Feature", "properties": { "OBJECTID": 178288, "SHAPE_Leng": 84.763061579699993, "SHAPE_Area": 363.76699082, "Town": "Allama Iqbal Town", "UC_N0": "UC_120", "Landuse": "V", "KA": null, "Name": null, "Plot_No": null, "Road_Wdth": "30'", "Plot_Size": "18 M", "__source_file": "PCSIR.shp" }, "geometry": { "type": "Polygon", "coordinates": [ [ [ 74.269644264369063, 31.450387878234732 ], [ 74.269614606883806, 31.450284104750914 ], [ 74.26930325921451, 31.450347907266632 ], [ 74.269333325823681, 31.450453707746462 ], [ 74.269644264369063, 31.450387878234732 ] ] ] } },
{ "type": "Feature", "properties": { "OBJECTID": 178289, "SHAPE_Leng": 82.981248973800007, "SHAPE_Area": 336.25021305299998, "Town": "Allama Iqbal Town", "UC_N0": "UC_120", "Landuse": "V", "KA": null, "Name": null, "Plot_No": "27", "Road_Wdth": "30'", "Plot_Size": "18 M", "__source_file": "PCSIR.shp" }, "geometry": { "type": "Polygon", "coordinates": [ [ [ 74.269614606883806, 31.450284104750914 ], [ 74.269588825569656, 31.450193893965295 ], [ 74.269273816575691, 31.450244300039898 ], [ 74.26930325921451, 31.450347907266632 ], [ 74.269614606883806, 31.450284104750914 ] ] ] } },
{ "type": "Feature", "properties": { "OBJECTID": 191442, "SHAPE_Leng": 113.456430058, "SHAPE_Area": 798.28328382999996, "Town": "Allama Iqbal Town", "UC_N0": "UC_120", "Landuse": "V", "KA": null, "Name": null, "Plot_No": null, "Road_Wdth": "30'", "Plot_Size": "15 M", "__source_file": "PCSIR.shp" }, "geometry": { "type": "Polygon", "coordinates": [ [ [ 74.26688047706169, 31.448208371093244 ], [ 74.266792837190138, 31.448073458372889 ], [ 74.266550575289855, 31.448166776644371 ], [ 74.26661342071931, 31.448260164849 ], [ 74.266646534862716, 31.448309372220596 ], [ 74.26688047706169, 31.448208371093244 ] ] ] } },
{ "type": "Feature", "properties": { "OBJECTID": 191446, "SHAPE_Leng": 83.058099483700005, "SHAPE_Area": 356.90496454599997, "Town": "Allama Iqbal Town", "UC_N0": "UC_120", "Landuse": "R", "KA": null, "Name": null, "Plot_No": null, "Road_Wdth": "30'", "Plot_Size": "18 M", "__source_file": "PCSIR.shp" }, "geometry": { "type": "Polygon", "coordinates": [ [ [ 74.268395259645246, 31.448108506703534 ], [ 74.26835471903064, 31.448002178804408 ], [ 74.268074544592452, 31.448125206248502 ], [ 74.268127251541785, 31.448225344103797 ], [ 74.268395259645246, 31.448108506703534 ] ] ] } },
{ "type": "Feature", "properties": { "OBJECTID": 191447, "SHAPE_Leng": 98.048301545599998, "SHAPE_Area": 589.06281588599995, "Town": "Allama Iqbal Town", "UC_N0": "UC_120", "Landuse": "V", "KA": null, "Name": null, "Plot_No": null, "Road_Wdth": "30'", "Plot_Size": "18 M", "__source_file": "PCSIR.shp" }, "geometry": { "type": "Polygon", "coordinates": [ [ [ 74.268423572783988, 31.448182765344249 ], [ 74.268176309738465, 31.448318550311548 ], [ 74.268219689634563, 31.448400968086641 ], [ 74.268466965802148, 31.448296574693963 ], [ 74.268423572783988, 31.448182765344249 ] ] ] } },
{ "type": "Feature", "properties": { "OBJECTID": 191448, "SHAPE_Leng": 99.747559264499998, "SHAPE_Area": 601.66059241300002, "Town": "Allama Iqbal Town", "UC_N0": "UC_120", "Landuse": "V", "KA": null, "Name": null, "Plot_No": null, "Road_Wdth": "30'", "Plot_Size": "18 M", "__source_file": "PCSIR.shp" }, "geometry": { "type": "Polygon", "coordinates": [ [ [ 74.268258054516522, 31.448612687018468 ], [ 74.26797992554971, 31.448732133247628 ], [ 74.268066667215024, 31.448893261195092 ], [ 74.268348889152122, 31.448788199792098 ], [ 74.268258054516522, 31.448612687018468 ] ] ] } },
{ "type": "Feature", "properties": { "OBJECTID": 191449, "SHAPE_Leng": 87.094086089699999, "SHAPE_Area": 411.54088023999998, "Town": "Allama Iqbal Town", "UC_N0": "UC_120", "Landuse": "R", "KA": null, "Name": null, "Plot_No": null, "Road_Wdth": "30'", "Plot_Size": "18 M", "__source_file": "PCSIR.shp" }, "geometry": { "type": "Polygon", "coordinates": [ [ [ 74.268258054516522, 31.448612687018468 ], [ 74.268202468530504, 31.448505282485311 ], [ 74.268198817821869, 31.44849822877876 ], [ 74.267918662309526, 31.448618334557551 ], [ 74.267952527045949, 31.448681240906858 ], [ 74.267967947385401, 31.448709884477271 ], [ 74.26797992554971, 31.448732133247628 ], [ 74.268258054516522, 31.448612687018468 ] ] ] } },
{ "type": "Feature", "properties": { "OBJECTID": 191450, "SHAPE_Leng": 145.491938382, "SHAPE_Area": 1283.0802646899999, "Town": "Allama Iqbal Town", "UC_N0": "UC_120", "Landuse": "R", "KA": null, "Name": null, "Plot_No": null, "Road_Wdth": "30'", "Plot_Size": "18 M", "__source_file": "PCSIR.shp" }, "geometry": { "type": "Polygon", "coordinates": [ [ [ 74.266501754081588, 31.447465316566266 ], [ 74.266346016800142, 31.447236707813349 ], [ 74.266226581948828, 31.447296900743318 ], [ 74.266352962788261, 31.447535332366229 ], [ 74.266420040108756, 31.447503768311336 ], [ 74.266501754081588, 31.447465316566266 ] ] ] } },
{ "type": "Feature", "properties": { "OBJECTID": 191469, "SHAPE_Leng": 193.51792651700001, "SHAPE_Area": 1829.1515065200001, "Town": "Allama Iqbal Town", "UC_N0": "UC_120", "Landuse": "R", "KA": null, "Name": null, "Plot_No": null, "Road_Wdth": "30'", "Plot_Size": "18 M", "__source_file": "PCSIR.shp" }, "geometry": { "type": "Polygon", "coordinates": [ [ [ 74.262911163559153, 31.448779225426339 ], [ 74.262881675418342, 31.44860777586829 ], [ 74.262603879128719, 31.448632120108634 ], [ 74.262637421124481, 31.44880160652087 ], [ 74.262911163559153, 31.448779225426339 ] ] ] } },
{ "type": "Feature", "properties": { "OBJECTID": 191470, "SHAPE_Leng": 82.794505379900002, "SHAPE_Area": 390.01760818399998, "Town": "Allama Iqbal Town", "UC_N0": "UC_120", "Landuse": "R", "KA": null, "Name": null, "Plot_No": null, "Road_Wdth": "30'", "Plot_Size": "18 M", "__source_file": "PCSIR.shp" }, "geometry": { "type": "Polygon", "coordinates": [ [ [ 74.262863911672781, 31.448504493845792 ], [ 74.262841099441644, 31.448371861762709 ], [ 74.262561065017564, 31.448415784288159 ], [ 74.262585981789343, 31.448541685300853 ], [ 74.262863911672781, 31.448504493845792 ] ] ] } },
{ "type": "Feature", "properties": { "OBJECTID": 191316, "SHAPE_Leng": 183.05379408499999, "SHAPE_Area": 1094.4534788000001, "Town": "Allama Iqbal Town", "UC_N0": "UC_120", "Landuse": "V", "KA": null, "Name": null, "Plot_No": null, "Road_Wdth": "30'", "Plot_Size": "5 M", "__source_file": "PCSIR.shp" }, "geometry": { "type": "Polygon", "coordinates": [ [ [ 74.262614931923778, 31.446584020293624 ], [ 74.262567120603777, 31.446458442101171 ], [ 74.262538517114535, 31.446472943101952 ], [ 74.262465581121006, 31.44650991862509 ], [ 74.262455983041121, 31.44651478445282 ], [ 74.2624982991736, 31.446642583532704 ], [ 74.262614931923778, 31.446584020293624 ] ] ] } },
{ "type": "Feature", "properties": { "OBJECTID": 191417, "SHAPE_Leng": 199.57790251500001, "SHAPE_Area": 1619.0139303599999, "Town": "Allama Iqbal Town", "UC_N0": "UC_120", "Landuse": "V", "KA": null, "Name": null, "Plot_No": null, "Road_Wdth": "30'", "Plot_Size": "9 M", "__source_file": "PCSIR.shp" }, "geometry": { "type": "Polygon", "coordinates": [ [ [ 74.263608010590801, 31.44586175972162 ], [ 74.263544650753872, 31.445685232713448 ], [ 74.263511305144561, 31.445695804942403 ], [ 74.263448225873745, 31.445715804590183 ], [ 74.263406938524611, 31.445728894722581 ], [ 74.263489436657792, 31.445898600481936 ], [ 74.263608010590801, 31.44586175972162 ] ] ] } },
{ "type": "Feature", "properties": { "OBJECTID": 191418, "SHAPE_Leng": 59.559441043900001, "SHAPE_Area": 183.00833112000001, "Town": "Allama Iqbal Town", "UC_N0": "UC_120", "Landuse": "R", "KA": null, "Name": null, "Plot_No": null, "Road_Wdth": "30'", "Plot_Size": "9 M", "__source_file": "PCSIR.shp" }, "geometry": { "type": "Polygon", "coordinates": [ [ [ 74.264638859609605, 31.445541469118634 ], [ 74.264553403223019, 31.445365401763155 ], [ 74.264520721782944, 31.445375763853846 ], [ 74.264470158270257, 31.44539179570134 ], [ 74.264469892413828, 31.445391879886284 ], [ 74.264550854564746, 31.445568812892017 ], [ 74.264638859609605, 31.445541469118634 ] ] ] } },
{ "type": "Feature", "properties": { "OBJECTID": 191419, "SHAPE_Leng": 59.830532809300003, "SHAPE_Area": 186.771501124, "Town": "Allama Iqbal Town", "UC_N0": "UC_120", "Landuse": "R", "KA": null, "Name": null, "Plot_No": null, "Road_Wdth": "30'", "Plot_Size": "9 M", "__source_file": "PCSIR.shp" }, "geometry": { "type": "Polygon", "coordinates": [ [ [ 74.264550854564746, 31.445568812892017 ], [ 74.264469892413828, 31.445391879886284 ], [ 74.26438387490191, 31.445419152856079 ], [ 74.264461353564087, 31.445596621683119 ], [ 74.264550854564746, 31.445568812892017 ] ] ] } },
{ "type": "Feature", "properties": { "OBJECTID": 191420, "SHAPE_Leng": 62.451151445599997, "SHAPE_Area": 215.04810395199999, "Town": "Allama Iqbal Town", "UC_N0": "UC_120", "Landuse": "R", "KA": null, "Name": null, "Plot_No": null, "Road_Wdth": "30'", "Plot_Size": "9 M", "__source_file": "PCSIR.shp" }, "geometry": { "type": "Polygon", "coordinates": [ [ [ 74.264461353564087, 31.445596621683119 ], [ 74.26438387490191, 31.445419152856079 ], [ 74.264284503278915, 31.445450659003615 ], [ 74.264358031743853, 31.445628725032368 ], [ 74.264461353564087, 31.445596621683119 ] ] ] } },
{ "type": "Feature", "properties": { "OBJECTID": 191421, "SHAPE_Leng": 109.00408313299999, "SHAPE_Area": 700.989364206, "Town": "Allama Iqbal Town", "UC_N0": "UC_120", "Landuse": "V", "KA": null, "Name": null, "Plot_No": null, "Road_Wdth": "30'", "Plot_Size": "9 M", "__source_file": "PCSIR.shp" }, "geometry": { "type": "Polygon", "coordinates": [ [ [ 74.264130984026508, 31.445499333566669 ], [ 74.264196472743564, 31.445678922699454 ], [ 74.264289759509452, 31.445649937790556 ], [ 74.264220915257454, 31.44547082014634 ], [ 74.264130984026508, 31.445499333566669 ] ] ] } },
{ "type": "Feature", "properties": { "OBJECTID": 191422, "SHAPE_Leng": 60.240243979900001, "SHAPE_Area": 194.61557807400001, "Town": "Allama Iqbal Town", "UC_N0": "UC_120", "Landuse": "R", "KA": null, "Name": null, "Plot_No": null, "Road_Wdth": "30'", "Plot_Size": "9 M", "__source_file": "PCSIR.shp" }, "geometry": { "type": "Polygon", "coordinates": [ [ [ 74.264031797617506, 31.445730088304771 ], [ 74.263945502819965, 31.4455581416196 ], [ 74.263853706814075, 31.445587245926916 ], [ 74.263937640854351, 31.445759343311764 ], [ 74.264031797617506, 31.445730088304771 ] ] ] } },
{ "type": "Feature", "properties": { "OBJECTID": 191428, "SHAPE_Leng": 144.34327105200001, "SHAPE_Area": 1264.8891195799999, "Town": "Allama Iqbal Town", "UC_N0": "UC_120", "Landuse": "V", "KA": null, "Name": null, "Plot_No": null, "Road_Wdth": "30'", "Plot_Size": "18 M", "__source_file": "PCSIR.shp" }, "geometry": { "type": "Polygon", "coordinates": [ [ [ 74.268086701073543, 31.448281593932908 ], [ 74.268018500959258, 31.448149815402029 ], [ 74.267733750997849, 31.448274850461548 ], [ 74.267804414901917, 31.448406114130005 ], [ 74.267805685686525, 31.44840847467011 ], [ 74.268086701073543, 31.448281593932908 ] ] ] } },
{ "type": "Feature", "properties": { "OBJECTID": 191437, "SHAPE_Leng": 125.475347551, "SHAPE_Area": 792.68130501099995, "Town": "Allama Iqbal Town", "UC_N0": "UC_120", "Landuse": "V", "KA": null, "Name": null, "Plot_No": null, "Road_Wdth": "200'", "Plot_Size": "18 M", "__source_file": "PCSIR.shp" }, "geometry": { "type": "Polygon", "coordinates": [ [ [ 74.268514558480234, 31.448421398693387 ], [ 74.268287968949849, 31.44853069066825 ], [ 74.268411283140907, 31.448764971987817 ], [ 74.268423937139801, 31.448760261561393 ], [ 74.268527412520385, 31.448455111650439 ], [ 74.268514558480234, 31.448421398693387 ] ] ] } },
{ "type": "Feature", "properties": { "OBJECTID": 191440, "SHAPE_Leng": 207.821053248, "SHAPE_Area": 2441.0525182699998, "Town": "Allama Iqbal Town", "UC_N0": "UC_120", "Landuse": "R", "KA": null, "Name": null, "Plot_No": null, "Road_Wdth": "30'", "Plot_Size": "18 M", "__source_file": "PCSIR.shp" }, "geometry": { "type": "Polygon", "coordinates": [ [ [ 74.267176449803785, 31.447254726812197 ], [ 74.267041463368244, 31.446920604340193 ], [ 74.267027730242958, 31.446923502422045 ], [ 74.266953952567064, 31.446946703218593 ], [ 74.266903869557282, 31.446967276624285 ], [ 74.267032735653643, 31.447272998355508 ], [ 74.267067461160664, 31.447267282924667 ], [ 74.267096437546925, 31.44726394447353 ], [ 74.267176449803785, 31.447254726812197 ] ] ] } },
{ "type": "Feature", "properties": { "OBJECTID": 194088, "SHAPE_Leng": 247.274578048, "SHAPE_Area": 3335.5663705500001, "Town": "Allama Iqbal Town", "UC_N0": "UC_120", "Landuse": "R", "KA": null, "Name": null, "Plot_No": null, "Road_Wdth": "30'", "Plot_Size": "18 M", "__source_file": "PCSIR.shp" }, "geometry": { "type": "Polygon", "coordinates": [ [ [ 74.266477757995347, 31.446168572019747 ], [ 74.266622839424997, 31.446419635600989 ], [ 74.266836774740355, 31.44633114670917 ], [ 74.266798710617749, 31.446242812045458 ], [ 74.266772138284082, 31.446181680301319 ], [ 74.266739081595603, 31.4461056328254 ], [ 74.266580838616861, 31.446146588384039 ], [ 74.266574339332479, 31.446126889213673 ], [ 74.266477757995347, 31.446168572019747 ] ] ] } },
{ "type": "Feature", "properties": { "OBJECTID": 194089, "SHAPE_Leng": 213.25623082499999, "SHAPE_Area": 2785.1726098499998, "Town": "Allama Iqbal Town", "UC_N0": "UC_120", "Landuse": "V", "KA": null, "Name": null, "Plot_No": null, "Road_Wdth": "30'", "Plot_Size": "1 K", "__source_file": "PCSIR.shp" }, "geometry": { "type": "Polygon", "coordinates": [ [ [ 74.266818522682684, 31.446681375043923 ], [ 74.266707527169856, 31.446450304266108 ], [ 74.266522431179467, 31.446525937290652 ], [ 74.266638656198168, 31.446758428283005 ], [ 74.266818522682684, 31.446681375043923 ] ] ] } },
{ "type": "Feature", "properties": { "OBJECTID": 194103, "SHAPE_Leng": 129.72882236300001, "SHAPE_Area": 1011.66287804, "Town": "Allama Iqbal Town", "UC_N0": "UC_120", "Landuse": "R", "KA": null, "Name": null, "Plot_No": null, "Road_Wdth": "30'", "Plot_Size": "15 M", "__source_file": "PCSIR.shp" }, "geometry": { "type": "Polygon", "coordinates": [ [ [ 74.266272962211147, 31.445831805754956 ], [ 74.266135501890332, 31.445632385173273 ], [ 74.26598040751476, 31.445698506824417 ], [ 74.266121715579501, 31.445904542553027 ], [ 74.266272962211147, 31.445831805754956 ] ] ] } },
{ "type": "Feature", "properties": { "OBJECTID": 194105, "SHAPE_Leng": 140.50784203200001, "SHAPE_Area": 1028.92002284, "Town": "Allama Iqbal Town", "UC_N0": "UC_120", "Landuse": "V", "KA": null, "Name": null, "Plot_No": null, "Road_Wdth": "30'", "Plot_Size": "9 M", "__source_file": "PCSIR.shp" }, "geometry": { "type": "Polygon", "coordinates": [ [ [ 74.265257823476006, 31.44579315471783 ], [ 74.265197982054715, 31.445696215381414 ], [ 74.26501058316461, 31.445776514453815 ], [ 74.265080915077661, 31.445880508808219 ], [ 74.265257823476006, 31.44579315471783 ] ] ] } },
{ "type": "Feature", "properties": { "OBJECTID": 194106, "SHAPE_Leng": 121.987455289, "SHAPE_Area": 858.18839407600001, "Town": "Allama Iqbal Town", "UC_N0": "UC_120", "Landuse": "R", "KA": null, "Name": null, "Plot_No": null, "Road_Wdth": "30'", "Plot_Size": "9 M", "__source_file": "PCSIR.shp" }, "geometry": { "type": "Polygon", "coordinates": [ [ [ 74.264869902637187, 31.445265051777817 ], [ 74.264987120738169, 31.445452079513025 ], [ 74.265039047211502, 31.445438751225456 ], [ 74.264940274315819, 31.445278744025842 ], [ 74.264921686624078, 31.445248632939954 ], [ 74.264869902637187, 31.445265051777817 ] ] ] } },
{ "type": "Feature", "properties": { "OBJECTID": 186357, "SHAPE_Leng": 302.47771608099998, "SHAPE_Area": 2737.7523024699999, "Town": "Allama Iqbal Town", "UC_N0": "UC_120", "Landuse": "R", "KA": null, "Name": null, "Plot_No": "309", "Road_Wdth": "30", "Plot_Size": "9 M", "__source_file": "PCSIR.shp" }, "geometry": { "type": "Polygon", "coordinates": [ [ [ 74.256786514382924, 31.453861737092144 ], [ 74.256660765841175, 31.454004163523667 ], [ 74.256723027202469, 31.454043754807618 ], [ 74.256849775886337, 31.453900258978368 ], [ 74.256786514382924, 31.453861737092144 ] ] ] } },
{ "type": "Feature", "properties": { "OBJECTID": 186357, "SHAPE_Leng": 302.47771608099998, "SHAPE_Area": 2737.7523024699999, "Town": "Allama Iqbal Town", "UC_N0": "UC_120", "Landuse": "R", "KA": null, "Name": null, "Plot_No": null, "Road_Wdth": "30", "Plot_Size": "9 M", "__source_file": "PCSIR.shp" }, "geometry": { "type": "Polygon", "coordinates": [ [ [ 74.256713641643671, 31.453817362549735 ], [ 74.256646762710886, 31.453776637754995 ], [ 74.256516666444881, 31.453914124382692 ], [ 74.256578539147412, 31.453951876417463 ], [ 74.256580809117779, 31.453953319869694 ], [ 74.256713641643671, 31.453817362549735 ] ] ] } },
{ "type": "Feature", "properties": { "OBJECTID": 186357, "SHAPE_Leng": 302.47771608099998, "SHAPE_Area": 2737.7523024699999, "Town": "Allama Iqbal Town", "UC_N0": "UC_120", "Landuse": "R", "KA": null, "Name": null, "Plot_No": null, "Road_Wdth": "30", "Plot_Size": "9 M", "__source_file": "PCSIR.shp" }, "geometry": { "type": "Polygon", "coordinates": [ [ [ 74.256284754281225, 31.453556197635127 ], [ 74.256216107540325, 31.453514395903486 ], [ 74.256034231643483, 31.453619761576796 ], [ 74.256116861344026, 31.453670179239335 ], [ 74.256284754281225, 31.453556197635127 ] ] ] } },
{ "type": "Feature", "properties": { "OBJECTID": 186357, "SHAPE_Leng": 302.47771608099998, "SHAPE_Area": 2737.7523024699999, "Town": "Allama Iqbal Town", "UC_N0": "UC_120", "Landuse": "R", "KA": null, "Name": null, "Plot_No": null, "Road_Wdth": "30", "Plot_Size": "9 M", "__source_file": "PCSIR.shp" }, "geometry": { "type": "Polygon", "coordinates": [ [ [ 74.25643372592225, 31.453646912141462 ], [ 74.256357847391669, 31.453600706857333 ], [ 74.256206142222908, 31.453724655091065 ], [ 74.256283465567563, 31.453771834802176 ], [ 74.25643372592225, 31.453646912141462 ] ] ] } },
{ "type": "Feature", "properties": { "OBJECTID": 186357, "SHAPE_Leng": 302.47771608099998, "SHAPE_Area": 2737.7523024699999, "Town": "Allama Iqbal Town", "UC_N0": "UC_120", "Landuse": "R", "KA": null, "Name": null, "Plot_No": null, "Road_Wdth": "30", "Plot_Size": "9 M", "__source_file": "PCSIR.shp" }, "geometry": { "type": "Polygon", "coordinates": [ [ [ 74.256786514382924, 31.453861737092144 ], [ 74.256713641643671, 31.453817362549735 ], [ 74.256580809117779, 31.453953319869694 ], [ 74.256660765841175, 31.454004163523667 ], [ 74.256786514382924, 31.453861737092144 ] ] ] } },
{ "type": "Feature", "properties": { "OBJECTID": 186357, "SHAPE_Leng": 302.47771608099998, "SHAPE_Area": 2737.7523024699999, "Town": "Allama Iqbal Town", "UC_N0": "UC_120", "Landuse": "R", "KA": null, "Name": null, "Plot_No": null, "Road_Wdth": "30", "Plot_Size": "9 M", "__source_file": "PCSIR.shp" }, "geometry": { "type": "Polygon", "coordinates": [ [ [ 74.256357847391669, 31.453600706857333 ], [ 74.256284754281225, 31.453556197635127 ], [ 74.256116861344026, 31.453670179239335 ], [ 74.256206142222908, 31.453724655091065 ], [ 74.256357847391669, 31.453600706857333 ] ] ] } },
{ "type": "Feature", "properties": { "OBJECTID": 186357, "SHAPE_Leng": 302.47771608099998, "SHAPE_Area": 2737.7523024699999, "Town": "Allama Iqbal Town", "UC_N0": "UC_120", "Landuse": "R", "KA": null, "Name": null, "Plot_No": null, "Road_Wdth": "30", "Plot_Size": "9 M", "__source_file": "PCSIR.shp" }, "geometry": { "type": "Polygon", "coordinates": [ [ [ 74.256516876107042, 31.453697545305548 ], [ 74.25643372592225, 31.453646912141462 ], [ 74.256283465567563, 31.453771834802176 ], [ 74.256372440425338, 31.45382612369988 ], [ 74.256516876107042, 31.453697545305548 ] ] ] } },
{ "type": "Feature", "properties": { "OBJECTID": 186357, "SHAPE_Leng": 302.47771608099998, "SHAPE_Area": 2737.7523024699999, "Town": "Allama Iqbal Town", "UC_N0": "UC_120", "Landuse": "R", "KA": null, "Name": null, "Plot_No": null, "Road_Wdth": "30", "Plot_Size": "9 M", "__source_file": "PCSIR.shp" }, "geometry": { "type": "Polygon", "coordinates": [ [ [ 74.256216107540325, 31.453514395903486 ], [ 74.256200837509809, 31.453505097364364 ], [ 74.256167686600946, 31.45348023623616 ], [ 74.256147288877941, 31.453460453056916 ], [ 74.255945238550424, 31.453561335669043 ], [ 74.255969040887877, 31.45357998445407 ], [ 74.256034231643483, 31.453619761576796 ], [ 74.256216107540325, 31.453514395903486 ] ] ] } },
{ "type": "Feature", "properties": { "OBJECTID": 186357, "SHAPE_Leng": 302.47771608099998, "SHAPE_Area": 2737.7523024699999, "Town": "Allama Iqbal Town", "UC_N0": "UC_120", "Landuse": "R", "KA": null, "Name": null, "Plot_No": null, "Road_Wdth": "30", "Plot_Size": "9 M", "__source_file": "PCSIR.shp" }, "geometry": { "type": "Polygon", "coordinates": [ [ [ 74.256147288877941, 31.453460453056916 ], [ 74.256129076058542, 31.453442788944713 ], [ 74.256097238362358, 31.453400921286192 ], [ 74.256095443557243, 31.453397580442608 ], [ 74.255871519189967, 31.453494383671103 ], [ 74.255873524680268, 31.453496730809043 ], [ 74.255926863509728, 31.453546939084028 ], [ 74.255945238550424, 31.453561335669043 ], [ 74.256147288877941, 31.453460453056916 ] ] ] } },
{ "type": "Feature", "properties": { "OBJECTID": 186357, "SHAPE_Leng": 302.47771608099998, "SHAPE_Area": 2737.7523024699999, "Town": "Allama Iqbal Town", "UC_N0": "UC_120", "Landuse": "R", "KA": null, "Name": null, "Plot_No": null, "Road_Wdth": "30", "Plot_Size": "9 M", "__source_file": "PCSIR.shp" }, "geometry": { "type": "Polygon", "coordinates": [ [ [ 74.256074708141313, 31.453358983597578 ], [ 74.255833881931011, 31.4534503346447 ], [ 74.255871519189967, 31.453494383671103 ], [ 74.256095443557243, 31.453397580442608 ], [ 74.256074708141313, 31.453358983597578 ] ] ] } },
{ "type": "Feature", "properties": { "OBJECTID": 186357, "SHAPE_Leng": 302.47771608099998, "SHAPE_Area": 2737.7523024699999, "Town": "Allama Iqbal Town", "UC_N0": "UC_120", "Landuse": "R", "KA": null, "Name": null, "Plot_No": null, "Road_Wdth": "30", "Plot_Size": "9 M", "__source_file": "PCSIR.shp" }, "geometry": { "type": "Polygon", "coordinates": [ [ [ 74.256074708141313, 31.453358983597578 ], [ 74.256072850554261, 31.453355525888597 ], [ 74.256058070147034, 31.453313796990344 ], [ 74.256057519254938, 31.453312619380025 ], [ 74.255799662022866, 31.453402731647948 ], [ 74.255826714745197, 31.453441946473337 ], [ 74.255833881931011, 31.4534503346447 ], [ 74.256074708141313, 31.453358983597578 ] ] ] } },
{ "type": "Feature", "properties": { "OBJECTID": 186357, "SHAPE_Leng": 302.47771608099998, "SHAPE_Area": 2737.7523024699999, "Town": "Allama Iqbal Town", "UC_N0": "UC_120", "Landuse": "V", "KA": null, "Name": null, "Plot_No": "295", "Road_Wdth": "30", "Plot_Size": "9 M", "__source_file": "PCSIR.shp" }, "geometry": { "type": "Polygon", "coordinates": [ [ [ 74.256016575040263, 31.453225095203091 ], [ 74.255978445363297, 31.453143587351864 ], [ 74.255709133801645, 31.453249033617666 ], [ 74.255750728642724, 31.453320510760964 ], [ 74.256016575040263, 31.453225095203091 ] ] ] } },
{ "type": "Feature", "properties": { "OBJECTID": 186357, "SHAPE_Leng": 302.47771608099998, "SHAPE_Area": 2737.7523024699999, "Town": "Allama Iqbal Town", "UC_N0": "UC_120", "Landuse": "V", "KA": null, "Name": null, "Plot_No": null, "Road_Wdth": "30", "Plot_Size": "9 M", "__source_file": "PCSIR.shp" }, "geometry": { "type": "Polygon", "coordinates": [ [ [ 74.256646762710886, 31.453776637754995 ], [ 74.256584261657437, 31.453738578732736 ], [ 74.256447348498497, 31.45387182951259 ], [ 74.256516666444881, 31.453914124382692 ], [ 74.256646762710886, 31.453776637754995 ] ] ] } },
{ "type": "Feature", "properties": { "OBJECTID": 186357, "SHAPE_Leng": 302.47771608099998, "SHAPE_Area": 2737.7523024699999, "Town": "Allama Iqbal Town", "UC_N0": "UC_120", "Landuse": "V", "KA": null, "Name": null, "Plot_No": null, "Road_Wdth": "30", "Plot_Size": "9 M", "__source_file": "PCSIR.shp" }, "geometry": { "type": "Polygon", "coordinates": [ [ [ 74.256584261657437, 31.453738578732736 ], [ 74.256516876107042, 31.453697545305548 ], [ 74.256372440425338, 31.45382612369988 ], [ 74.256447348498497, 31.45387182951259 ], [ 74.256584261657437, 31.453738578732736 ] ] ] } },
{ "type": "Feature", "properties": { "OBJECTID": 165386, "SHAPE_Leng": 155.84605394, "SHAPE_Area": 1124.5548972199999, "Town": "Allama Iqbal Town", "UC_N0": "UC_120", "Landuse": "R", "KA": null, "Name": null, "Plot_No": null, "Road_Wdth": "30", "Plot_Size": "9 M", "__source_file": "PCSIR.shp" }, "geometry": { "type": "Polygon", "coordinates": [ [ [ 74.257021339662614, 31.454374599666011 ], [ 74.257266123473443, 31.454153785139603 ], [ 74.257138105783042, 31.454075831679667 ], [ 74.256966223808305, 31.454246688451974 ], [ 74.256974508324973, 31.454263557576034 ], [ 74.256995072147788, 31.454317879777477 ], [ 74.257007365050512, 31.454374009869955 ], [ 74.257007449784993, 31.454374608535968 ], [ 74.257021339662614, 31.454374599666011 ] ] ] } },
{ "type": "Feature", "properties": { "OBJECTID": 165380, "SHAPE_Leng": 199.401114283, "SHAPE_Area": 1644.2970423500001, "Town": "Allama Iqbal Town", "UC_N0": "UC_120", "Landuse": "R", "KA": null, "Name": null, "Plot_No": null, "Road_Wdth": "30", "Plot_Size": "9 M", "__source_file": "PCSIR.shp" }, "geometry": { "type": "Polygon", "coordinates": [ [ [ 74.256699974968399, 31.45307734998493 ], [ 74.256601818782073, 31.452902241385679 ], [ 74.256584425597651, 31.452908652747357 ], [ 74.256519811169781, 31.452932470831783 ], [ 74.256606942841955, 31.453111618744551 ], [ 74.256699974968399, 31.45307734998493 ] ] ] } },
{ "type": "Feature", "properties": { "OBJECTID": 165380, "SHAPE_Leng": 199.401114283, "SHAPE_Area": 1644.2970423500001, "Town": "Allama Iqbal Town", "UC_N0": "UC_120", "Landuse": "R", "KA": null, "Name": null, "Plot_No": null, "Road_Wdth": "30", "Plot_Size": "9 M", "__source_file": "PCSIR.shp" }, "geometry": { "type": "Polygon", "coordinates": [ [ [ 74.257172706272414, 31.452903216057088 ], [ 74.257025729153767, 31.452745981312876 ], [ 74.256930056830356, 31.452781247815018 ], [ 74.257068025130977, 31.452941776305565 ], [ 74.257172706272414, 31.452903216057088 ] ] ] } },
{ "type": "Feature", "properties": { "OBJECTID": 165380, "SHAPE_Leng": 199.401114283, "SHAPE_Area": 1644.2970423500001, "Town": "Allama Iqbal Town", "UC_N0": "UC_120", "Landuse": "R", "KA": null, "Name": null, "Plot_No": "283", "Road_Wdth": "120'", "Plot_Size": "9 M", "__source_file": "PCSIR.shp" }, "geometry": { "type": "Polygon", "coordinates": [ [ [ 74.257118121661378, 31.452711923714848 ], [ 74.257283271437004, 31.452862488246957 ], [ 74.257409067879706, 31.4528161496793 ], [ 74.257195124532501, 31.452683538952886 ], [ 74.257118121661378, 31.452711923714848 ] ] ] } },
{ "type": "Feature", "properties": { "OBJECTID": 165380, "SHAPE_Leng": 199.401114283, "SHAPE_Area": 1644.2970423500001, "Town": "Allama Iqbal Town", "UC_N0": "UC_120", "Landuse": "R", "KA": null, "Name": null, "Plot_No": null, "Road_Wdth": "30", "Plot_Size": "9 M", "__source_file": "PCSIR.shp" }, "geometry": { "type": "Polygon", "coordinates": [ [ [ 74.257283271437004, 31.452862488246957 ], [ 74.257118121661378, 31.452711923714848 ], [ 74.257025729153767, 31.452745981312876 ], [ 74.257172706272414, 31.452903216057088 ], [ 74.257283271437004, 31.452862488246957 ] ] ] } },
{ "type": "Feature", "properties": { "OBJECTID": 165380, "SHAPE_Leng": 199.401114283, "SHAPE_Area": 1644.2970423500001, "Town": "Allama Iqbal Town", "UC_N0": "UC_120", "Landuse": "R", "KA": null, "Name": null, "Plot_No": null, "Road_Wdth": "30", "Plot_Size": "9 M", "__source_file": "PCSIR.shp" }, "geometry": { "type": "Polygon", "coordinates": [ [ [ 74.257068025130977, 31.452941776305565 ], [ 74.256930056830356, 31.452781247815018 ], [ 74.256823997122822, 31.452820343174359 ], [ 74.256948379970282, 31.452985848541616 ], [ 74.257068025130977, 31.452941776305565 ] ] ] } },
{ "type": "Feature", "properties": { "OBJECTID": 165380, "SHAPE_Leng": 199.401114283, "SHAPE_Area": 1644.2970423500001, "Town": "Allama Iqbal Town", "UC_N0": "UC_120", "Landuse": "R", "KA": null, "Name": null, "Plot_No": null, "Road_Wdth": "30", "Plot_Size": "9 M", "__source_file": "PCSIR.shp" }, "geometry": { "type": "Polygon", "coordinates": [ [ [ 74.256948379970282, 31.452985848541616 ], [ 74.256823997122822, 31.452820343174359 ], [ 74.256720611356613, 31.452858452757944 ], [ 74.256825583374734, 31.453031081472925 ], [ 74.256948379970282, 31.452985848541616 ] ] ] } },
{ "type": "Feature", "properties": { "OBJECTID": 165385, "SHAPE_Leng": 100.900133184, "SHAPE_Area": 622.449603024, "Town": "Allama Iqbal Town", "UC_N0": "UC_120", "Landuse": "R", "KA": null, "Name": null, "Plot_No": null, "Road_Wdth": "30", "Plot_Size": "9 M", "__source_file": "PCSIR.shp" }, "geometry": { "type": "Polygon", "coordinates": [ [ [ 74.256299190534236, 31.453224980156875 ], [ 74.256204945669381, 31.453048532918846 ], [ 74.256137906177898, 31.45307324417908 ], [ 74.256228378785821, 31.453251063820375 ], [ 74.256299190534236, 31.453224980156875 ] ] ] } },
{ "type": "Feature", "properties": { "OBJECTID": 165385, "SHAPE_Leng": 100.900133184, "SHAPE_Area": 622.449603024, "Town": "Allama Iqbal Town", "UC_N0": "UC_120", "Landuse": "R", "KA": null, "Name": null, "Plot_No": null, "Road_Wdth": "30", "Plot_Size": "9 M", "__source_file": "PCSIR.shp" }, "geometry": { "type": "Polygon", "coordinates": [ [ [ 74.256204945669381, 31.453048532918846 ], [ 74.256299190534236, 31.453224980156875 ], [ 74.256367472490396, 31.453199828296736 ], [ 74.25627538491058, 31.453022568433013 ], [ 74.256204945669381, 31.453048532918846 ] ] ] } },
{ "type": "Feature", "properties": { "OBJECTID": 165385, "SHAPE_Leng": 100.900133184, "SHAPE_Area": 622.449603024, "Town": "Allama Iqbal Town", "UC_N0": "UC_120", "Landuse": "R", "KA": null, "Name": null, "Plot_No": null, "Road_Wdth": "30", "Plot_Size": "9 M", "__source_file": "PCSIR.shp" }, "geometry": { "type": "Polygon", "coordinates": [ [ [ 74.25642965050551, 31.453176924797585 ], [ 74.256345684019365, 31.4529966555478 ], [ 74.25627538491058, 31.453022568433013 ], [ 74.256367472490396, 31.453199828296736 ], [ 74.25642965050551, 31.453176924797585 ] ] ] } },
{ "type": "Feature", "properties": { "OBJECTID": 165396, "SHAPE_Leng": 95.439019294900007, "SHAPE_Area": 520.43647022899995, "Town": "Allama Iqbal Town", "UC_N0": "UC_120", "Landuse": "Rg", "KA": null, "Name": "Temporay Mosque", "Plot_No": null, "Road_Wdth": "30", "Plot_Size": null, "__source_file": "PCSIR.shp" }, "geometry": { "type": "Polygon", "coordinates": [ [ [ 74.257048504602992, 31.453022485445203 ], [ 74.256861991123316, 31.453090954623523 ], [ 74.257034456743753, 31.45320094727893 ], [ 74.257048504602992, 31.453022485445203 ] ] ] } },
{ "type": "Feature", "properties": { "OBJECTID": 165396, "SHAPE_Leng": 95.439019294900007, "SHAPE_Area": 520.43647022899995, "Town": "Allama Iqbal Town", "UC_N0": "UC_120", "Landuse": "H", "KA": null, "Name": "Hospital", "Plot_No": null, "Road_Wdth": "120'", "Plot_Size": "4 K", "__source_file": "PCSIR.shp" }, "geometry": { "type": "Polygon", "coordinates": [ [ [ 74.257048504602992, 31.453022485445203 ], [ 74.257034456743753, 31.45320094727893 ], [ 74.257194188489692, 31.453302818272288 ], [ 74.257674616301259, 31.452981283079382 ], [ 74.25748401847288, 31.452862606658876 ], [ 74.257048504602992, 31.453022485445203 ] ] ] } },
{ "type": "Feature", "properties": { "OBJECTID": 165396, "SHAPE_Leng": 95.439019294900007, "SHAPE_Area": 520.43647022899995, "Town": "Allama Iqbal Town", "UC_N0": "UC_120", "Landuse": "V", "KA": null, "Name": null, "Plot_No": null, "Road_Wdth": "120'", "Plot_Size": "18 M", "__source_file": "PCSIR.shp" }, "geometry": { "type": "Polygon", "coordinates": [ [ [ 74.257768207552743, 31.453039557795272 ], [ 74.257703822020531, 31.452999468073923 ], [ 74.257467679342014, 31.453166166291403 ], [ 74.257574032565572, 31.453235745636157 ], [ 74.257768207552743, 31.453039557795272 ] ] ] } },
{ "type": "Feature", "properties": { "OBJECTID": 165396, "SHAPE_Leng": 95.439019294900007, "SHAPE_Area": 520.43647022899995, "Town": "Allama Iqbal Town", "UC_N0": "UC_120", "Landuse": "V", "KA": null, "Name": null, "Plot_No": null, "Road_Wdth": "120'", "Plot_Size": "18 M", "__source_file": "PCSIR.shp" }, "geometry": { "type": "Polygon", "coordinates": [ [ [ 74.257862892030161, 31.453098513067523 ], [ 74.257768207552743, 31.453039557795272 ], [ 74.257574032565572, 31.453235745636157 ], [ 74.257680399437703, 31.453305333720156 ], [ 74.257862892030161, 31.453098513067523 ] ] ] } },
{ "type": "Feature", "properties": { "OBJECTID": 165396, "SHAPE_Leng": 95.439019294900007, "SHAPE_Area": 520.43647022899995, "Town": "Allama Iqbal Town", "UC_N0": "UC_120", "Landuse": "V", "KA": null, "Name": null, "Plot_No": null, "Road_Wdth": "120'", "Plot_Size": "18 M", "__source_file": "PCSIR.shp" }, "geometry": { "type": "Polygon", "coordinates": [ [ [ 74.257964679144621, 31.453161890635926 ], [ 74.257862892030161, 31.453098513067523 ], [ 74.257680399437703, 31.453305333720156 ], [ 74.257781289789222, 31.453371338740649 ], [ 74.257964679144621, 31.453161890635926 ] ] ] } },
{ "type": "Feature", "properties": { "OBJECTID": 165396, "SHAPE_Leng": 95.439019294900007, "SHAPE_Area": 520.43647022899995, "Town": "Allama Iqbal Town", "UC_N0": "UC_120", "Landuse": "V", "KA": null, "Name": null, "Plot_No": "367", "Road_Wdth": "120'", "Plot_Size": "18 M", "__source_file": "PCSIR.shp" }, "geometry": { "type": "Polygon", "coordinates": [ [ [ 74.258194027136298, 31.453304693155268 ], [ 74.258016681034263, 31.453525336983684 ], [ 74.258152748179413, 31.45361435474365 ], [ 74.258180048439399, 31.453581449446499 ], [ 74.258336211628446, 31.453393223283324 ], [ 74.258194027136298, 31.453304693155268 ] ] ] } },
{ "type": "Feature", "properties": { "OBJECTID": 165396, "SHAPE_Leng": 95.439019294900007, "SHAPE_Area": 520.43647022899995, "Town": "Allama Iqbal Town", "UC_N0": "UC_120", "Landuse": "V", "KA": null, "Name": null, "Plot_No": "356", "Road_Wdth": "30", "Plot_Size": "18 M", "__source_file": "PCSIR.shp" }, "geometry": { "type": "Polygon", "coordinates": [ [ [ 74.257574032565572, 31.453235745636157 ], [ 74.257467679342014, 31.453166166291403 ], [ 74.257236170200883, 31.453329592584051 ], [ 74.257386350886364, 31.453425371781115 ], [ 74.257574032565572, 31.453235745636157 ] ] ] } },
{ "type": "Feature", "properties": { "OBJECTID": 165390, "SHAPE_Leng": 256.68819670200003, "SHAPE_Area": 4036.4077464400002, "Town": "Allama Iqbal Town", "UC_N0": "UC_120", "Landuse": "R", "KA": null, "Name": null, "Plot_No": null, "Road_Wdth": "30", "Plot_Size": "12 M", "__source_file": "PCSIR.shp" }, "geometry": { "type": "Polygon", "coordinates": [ [ [ 74.256789576241417, 31.453259383366213 ], [ 74.25671082504229, 31.4531956676107 ], [ 74.25666897695227, 31.453161809244229 ], [ 74.256536925572149, 31.453210284871187 ], [ 74.25660526216447, 31.453268137414508 ], [ 74.256688921057645, 31.453338961399734 ], [ 74.256789576241417, 31.453259383366213 ] ] ] } },
{ "type": "Feature", "properties": { "OBJECTID": 165396, "SHAPE_Leng": 95.439019294900007, "SHAPE_Area": 520.43647022899995, "Town": "Allama Iqbal Town", "UC_N0": "UC_120", "Landuse": "V", "KA": null, "Name": null, "Plot_No": null, "Road_Wdth": "120'", "Plot_Size": "18 M", "__source_file": "PCSIR.shp" }, "geometry": { "type": "Polygon", "coordinates": [ [ [ 74.258069537961276, 31.453227180621496 ], [ 74.257964679144621, 31.453161890635926 ], [ 74.257781289789222, 31.453371338740649 ], [ 74.257890784432604, 31.453442972713095 ], [ 74.258069537961276, 31.453227180621496 ] ] ] } },
{ "type": "Feature", "properties": { "OBJECTID": 165396, "SHAPE_Leng": 95.439019294900007, "SHAPE_Area": 520.43647022899995, "Town": "Allama Iqbal Town", "UC_N0": "UC_120", "Landuse": "V", "KA": null, "Name": null, "Plot_No": null, "Road_Wdth": "120'", "Plot_Size": "18 M", "__source_file": "PCSIR.shp" }, "geometry": { "type": "Polygon", "coordinates": [ [ [ 74.258194027136298, 31.453304693155268 ], [ 74.258069537961276, 31.453227180621496 ], [ 74.257890784432604, 31.453442972713095 ], [ 74.258016681034263, 31.453525336983684 ], [ 74.258194027136298, 31.453304693155268 ] ] ] } },
{ "type": "Feature", "properties": { "OBJECTID": 165396, "SHAPE_Leng": 95.439019294900007, "SHAPE_Area": 520.43647022899995, "Town": "Allama Iqbal Town", "UC_N0": "UC_120", "Landuse": "V", "KA": null, "Name": null, "Plot_No": null, "Road_Wdth": "30", "Plot_Size": "18 M", "__source_file": "PCSIR.shp" }, "geometry": { "type": "Polygon", "coordinates": [ [ [ 74.257781289789222, 31.453371338740649 ], [ 74.257680399437703, 31.453305333720156 ], [ 74.257506735323446, 31.453502147863837 ], [ 74.25760941645683, 31.453567633343859 ], [ 74.257781289789222, 31.453371338740649 ] ] ] } },
{ "type": "Feature", "properties": { "OBJECTID": 165396, "SHAPE_Leng": 95.439019294900007, "SHAPE_Area": 520.43647022899995, "Town": "Allama Iqbal Town", "UC_N0": "UC_120", "Landuse": "V", "KA": null, "Name": null, "Plot_No": null, "Road_Wdth": "30", "Plot_Size": "18 M", "__source_file": "PCSIR.shp" }, "geometry": { "type": "Polygon", "coordinates": [ [ [ 74.257890784432604, 31.453442972713095 ], [ 74.257781289789222, 31.453371338740649 ], [ 74.25760941645683, 31.453567633343859 ], [ 74.257725954020287, 31.453641955632506 ], [ 74.257890784432604, 31.453442972713095 ] ] ] } },
{ "type": "Feature", "properties": { "OBJECTID": 165396, "SHAPE_Leng": 95.439019294900007, "SHAPE_Area": 520.43647022899995, "Town": "Allama Iqbal Town", "UC_N0": "UC_120", "Landuse": "V", "KA": null, "Name": null, "Plot_No": null, "Road_Wdth": "30", "Plot_Size": "18 M", "__source_file": "PCSIR.shp" }, "geometry": { "type": "Polygon", "coordinates": [ [ [ 74.257680399437703, 31.453305333720156 ], [ 74.257574032565572, 31.453235745636157 ], [ 74.257386350886364, 31.453425371781115 ], [ 74.257506735323446, 31.453502147863837 ], [ 74.257680399437703, 31.453305333720156 ] ] ] } },
{ "type": "Feature", "properties": { "OBJECTID": 165396, "SHAPE_Leng": 95.439019294900007, "SHAPE_Area": 520.43647022899995, "Town": "Allama Iqbal Town", "UC_N0": "UC_120", "Landuse": "V", "KA": null, "Name": null, "Plot_No": null, "Road_Wdth": "30", "Plot_Size": "18 M", "__source_file": "PCSIR.shp" }, "geometry": { "type": "Polygon", "coordinates": [ [ [ 74.258016681034263, 31.453525336983684 ], [ 74.257890784432604, 31.453442972713095 ], [ 74.257725954020287, 31.453641955632506 ], [ 74.257844752553225, 31.453717719634763 ], [ 74.257856187727242, 31.453725012405741 ], [ 74.258016681034263, 31.453525336983684 ] ] ] } },
{ "type": "Feature", "properties": { "OBJECTID": 175129, "SHAPE_Leng": 442.39429750300002, "SHAPE_Area": 5182.5561755999997, "Town": "Allama Iqbal Town", "UC_N0": "UC_120", "Landuse": null, "KA": null, "Name": null, "Plot_No": null, "Road_Wdth": null, "Plot_Size": "8.92 k", "__source_file": "PCSIR.shp" }, "geometry": { "type": "Polygon", "coordinates": [ [ [ 74.25849909229396, 31.453196899690138 ], [ 74.257784046378291, 31.452752464076127 ], [ 74.257677191063664, 31.45279169149984 ], [ 74.258444961460754, 31.453262144866276 ], [ 74.258540820825914, 31.453320882299355 ], [ 74.25998662754948, 31.454206776955214 ], [ 74.260106250456928, 31.454195796496741 ], [ 74.258596038458151, 31.453257155792564 ], [ 74.25849909229396, 31.453196899690138 ] ] ] } },
{ "type": "Feature", "properties": { "OBJECTID": 193094, "SHAPE_Leng": 288.45863824600002, "SHAPE_Area": 4809.4342331500002, "Town": "Allama Iqbal Town", "UC_N0": "UC_120", "Landuse": "E", "KA": null, "Name": "Girls School", "Plot_No": "670", "Road_Wdth": "120'", "Plot_Size": "11.55 K", "__source_file": "PCSIR.shp" }, "geometry": { "type": "Polygon", "coordinates": [ [ [ 74.259895870369462, 31.453423767904898 ], [ 74.259720527243289, 31.453622573604157 ], [ 74.259686302214021, 31.453662561755419 ], [ 74.259685454807098, 31.453674492381857 ], [ 74.259687263359623, 31.453693708482895 ], [ 74.259692937835609, 31.453712363190064 ], [ 74.259702303774802, 31.453729889799888 ], [ 74.259707359479563, 31.453736893214984 ], [ 74.259859983071692, 31.453839303474677 ], [ 74.260022446166261, 31.453939218911994 ], [ 74.260189708688856, 31.454033133205158 ], [ 74.259895870369462, 31.453423767904898 ] ] ] } },
{ "type": "Feature", "properties": { "OBJECTID": 185596, "SHAPE_Leng": 63.925980637800002, "SHAPE_Area": 230.78602700600001, "Town": "Allama Iqbal Town", "UC_N0": "UC_120", "Landuse": "R", "KA": null, "Name": null, "Plot_No": "376", "Road_Wdth": "30'", "Plot_Size": "18 M", "__source_file": "PCSIR.shp" }, "geometry": { "type": "Polygon", "coordinates": [ [ [ 74.259341207436464, 31.452893024234662 ], [ 74.259173893165496, 31.453084363277444 ], [ 74.259279737859785, 31.453146934175276 ], [ 74.259442126212036, 31.452955624907727 ], [ 74.259341207436464, 31.452893024234662 ] ] ] } },
{ "type": "Feature", "properties": { "OBJECTID": 185596, "SHAPE_Leng": 63.925980637800002, "SHAPE_Area": 230.78602700600001, "Town": "Allama Iqbal Town", "UC_N0": "UC_120", "Landuse": "R", "KA": null, "Name": null, "Plot_No": null, "Road_Wdth": "30'", "Plot_Size": "18 M", "__source_file": "PCSIR.shp" }, "geometry": { "type": "Polygon", "coordinates": [ [ [ 74.259341207436464, 31.452893024234662 ], [ 74.259228549692054, 31.452823141600078 ], [ 74.259063993967814, 31.453019395349436 ], [ 74.259173893165496, 31.453084363277444 ], [ 74.259341207436464, 31.452893024234662 ] ] ] } },
{ "type": "Feature", "properties": { "OBJECTID": 185596, "SHAPE_Leng": 63.925980637800002, "SHAPE_Area": 230.78602700600001, "Town": "Allama Iqbal Town", "UC_N0": "UC_120", "Landuse": "R", "KA": null, "Name": null, "Plot_No": null, "Road_Wdth": "30'", "Plot_Size": "18 M", "__source_file": "PCSIR.shp" }, "geometry": { "type": "Polygon", "coordinates": [ [ [ 74.259228549692054, 31.452823141600078 ], [ 74.259122760547143, 31.452757519437288 ], [ 74.258947342303713, 31.4529504354383 ], [ 74.259063993967814, 31.453019395349436 ], [ 74.259228549692054, 31.452823141600078 ] ] ] } },
{ "type": "Feature", "properties": { "OBJECTID": 185596, "SHAPE_Leng": 63.925980637800002, "SHAPE_Area": 230.78602700600001, "Town": "Allama Iqbal Town", "UC_N0": "UC_120", "Landuse": "R", "KA": null, "Name": null, "Plot_No": null, "Road_Wdth": "30'", "Plot_Size": "18 M", "__source_file": "PCSIR.shp" }, "geometry": { "type": "Polygon", "coordinates": [ [ [ 74.258988056540218, 31.452673960812231 ], [ 74.258868660468906, 31.45259989765518 ], [ 74.258677884370925, 31.45279114163705 ], [ 74.258804883305629, 31.45286621895902 ], [ 74.258988056540218, 31.452673960812231 ] ] ] } },
{ "type": "Feature", "properties": { "OBJECTID": 185596, "SHAPE_Leng": 63.925980637800002, "SHAPE_Area": 230.78602700600001, "Town": "Allama Iqbal Town", "UC_N0": "UC_120", "Landuse": "R", "KA": null, "Name": null, "Plot_No": null, "Road_Wdth": "30'", "Plot_Size": "18 M", "__source_file": "PCSIR.shp" }, "geometry": { "type": "Polygon", "coordinates": [ [ [ 74.259122760547143, 31.452757519437288 ], [ 74.258988056540218, 31.452673960812231 ], [ 74.258804883305629, 31.45286621895902 ], [ 74.258947342303713, 31.4529504354383 ], [ 74.259122760547143, 31.452757519437288 ] ] ] } },
{ "type": "Feature", "properties": { "OBJECTID": 185596, "SHAPE_Leng": 63.925980637800002, "SHAPE_Area": 230.78602700600001, "Town": "Allama Iqbal Town", "UC_N0": "UC_120", "Landuse": "R", "KA": null, "Name": null, "Plot_No": null, "Road_Wdth": "120'", "Plot_Size": "18 M", "__source_file": "PCSIR.shp" }, "geometry": { "type": "Polygon", "coordinates": [ [ [ 74.258550119549184, 31.452715611302999 ], [ 74.258412524532602, 31.452634269406637 ], [ 74.258213003879405, 31.452810800760837 ], [ 74.258357472880007, 31.452896351903821 ], [ 74.258550119549184, 31.452715611302999 ] ] ] } },
{ "type": "Feature", "properties": { "OBJECTID": 185596, "SHAPE_Leng": 63.925980637800002, "SHAPE_Area": 230.78602700600001, "Town": "Allama Iqbal Town", "UC_N0": "UC_120", "Landuse": "V", "KA": null, "Name": null, "Plot_No": "275", "Road_Wdth": "30'", "Plot_Size": "18 M", "__source_file": "PCSIR.shp" }, "geometry": { "type": "Polygon", "coordinates": [ [ [ 74.258623354994796, 31.452447730314027 ], [ 74.258619924520801, 31.452445602323309 ], [ 74.258295098819801, 31.452564850748882 ], [ 74.258412524532602, 31.452634269406637 ], [ 74.258623354994796, 31.452447730314027 ] ] ] } },
{ "type": "Feature", "properties": { "OBJECTID": 185596, "SHAPE_Leng": 63.925980637800002, "SHAPE_Area": 230.78602700600001, "Town": "Allama Iqbal Town", "UC_N0": "UC_120", "Landuse": "V", "KA": null, "Name": null, "Plot_No": "276", "Road_Wdth": "120'", "Plot_Size": "18 M", "__source_file": "PCSIR.shp" }, "geometry": { "type": "Polygon", "coordinates": [ [ [ 74.258324147006405, 31.452582023209306 ], [ 74.258295098819801, 31.452564850748882 ], [ 74.257988033563237, 31.452677578002415 ], [ 74.258113510682421, 31.452751883046425 ], [ 74.258324147006405, 31.452582023209306 ] ] ] } },
{ "type": "Feature", "properties": { "OBJECTID": 185596, "SHAPE_Leng": 63.925980637800002, "SHAPE_Area": 230.78602700600001, "Town": "Allama Iqbal Town", "UC_N0": "UC_120", "Landuse": "V", "KA": null, "Name": null, "Plot_No": null, "Road_Wdth": "30'", "Plot_Size": "18 M", "__source_file": "PCSIR.shp" }, "geometry": { "type": "Polygon", "coordinates": [ [ [ 74.258868660468906, 31.45259989765518 ], [ 74.258751150030889, 31.452527003963272 ], [ 74.258550119549199, 31.452715611302999 ], [ 74.258677884370925, 31.45279114163705 ], [ 74.258868660468906, 31.45259989765518 ] ] ] } },
{ "type": "Feature", "properties": { "OBJECTID": 185596, "SHAPE_Leng": 63.925980637800002, "SHAPE_Area": 230.78602700600001, "Town": "Allama Iqbal Town", "UC_N0": "UC_120", "Landuse": "V", "KA": null, "Name": null, "Plot_No": null, "Road_Wdth": "30'", "Plot_Size": "18 M", "__source_file": "PCSIR.shp" }, "geometry": { "type": "Polygon", "coordinates": [ [ [ 74.258751150030889, 31.452527003963272 ], [ 74.258623354994796, 31.452447730314027 ], [ 74.258412524532602, 31.452634269406637 ], [ 74.258550119549199, 31.452715611302999 ], [ 74.258751150030889, 31.452527003963272 ] ] ] } },
{ "type": "Feature", "properties": { "OBJECTID": 185596, "SHAPE_Leng": 63.925980637800002, "SHAPE_Area": 230.78602700600001, "Town": "Allama Iqbal Town", "UC_N0": "UC_120", "Landuse": "V", "KA": null, "Name": null, "Plot_No": "344", "Road_Wdth": "120'", "Plot_Size": "18 M", "__source_file": "PCSIR.shp" }, "geometry": { "type": "Polygon", "coordinates": [ [ [ 74.259173893165496, 31.453084363277444 ], [ 74.259018028240391, 31.453262608039914 ], [ 74.259130834528861, 31.453322355893995 ], [ 74.259279737859785, 31.453146934175276 ], [ 74.259173893165496, 31.453084363277444 ] ] ] } },
{ "type": "Feature", "properties": { "OBJECTID": 185596, "SHAPE_Leng": 63.925980637800002, "SHAPE_Area": 230.78602700600001, "Town": "Allama Iqbal Town", "UC_N0": "UC_120", "Landuse": "V", "KA": null, "Name": null, "Plot_No": null, "Road_Wdth": "120'", "Plot_Size": "18 M", "__source_file": "PCSIR.shp" }, "geometry": { "type": "Polygon", "coordinates": [ [ [ 74.259173893165496, 31.453084363277444 ], [ 74.259063993967814, 31.453019395349436 ], [ 74.258908642016848, 31.453204671456962 ], [ 74.259018028240391, 31.453262608039914 ], [ 74.259173893165496, 31.453084363277444 ] ] ] } },
{ "type": "Feature", "properties": { "OBJECTID": 185596, "SHAPE_Leng": 63.925980637800002, "SHAPE_Area": 230.78602700600001, "Town": "Allama Iqbal Town", "UC_N0": "UC_120", "Landuse": "V", "KA": null, "Name": null, "Plot_No": null, "Road_Wdth": "120'", "Plot_Size": "18 M", "__source_file": "PCSIR.shp" }, "geometry": { "type": "Polygon", "coordinates": [ [ [ 74.259063993967814, 31.453019395349436 ], [ 74.258947342303713, 31.4529504354383 ], [ 74.258778731522739, 31.453135863949431 ], [ 74.258908642016848, 31.453204671456962 ], [ 74.259063993967814, 31.453019395349436 ] ] ] } },
{ "type": "Feature", "properties": { "OBJECTID": 185596, "SHAPE_Leng": 63.925980637800002, "SHAPE_Area": 230.78602700600001, "Town": "Allama Iqbal Town", "UC_N0": "UC_120", "Landuse": "V", "KA": null, "Name": null, "Plot_No": null, "Road_Wdth": "120'", "Plot_Size": "18 M", "__source_file": "PCSIR.shp" }, "geometry": { "type": "Polygon", "coordinates": [ [ [ 74.258804883305629, 31.45286621895902 ], [ 74.258677884370911, 31.45279114163705 ], [ 74.258492918991706, 31.452976559616729 ], [ 74.258619640111291, 31.453051600361182 ], [ 74.258625369611039, 31.453054635026358 ], [ 74.258804883305629, 31.45286621895902 ] ] ] } },
{ "type": "Feature", "properties": { "OBJECTID": 185596, "SHAPE_Leng": 63.925980637800002, "SHAPE_Area": 230.78602700600001, "Town": "Allama Iqbal Town", "UC_N0": "UC_120", "Landuse": "V", "KA": null, "Name": null, "Plot_No": null, "Road_Wdth": "120'", "Plot_Size": "18 M", "__source_file": "PCSIR.shp" }, "geometry": { "type": "Polygon", "coordinates": [ [ [ 74.258677884370911, 31.45279114163705 ], [ 74.258550119549184, 31.452715611302999 ], [ 74.258357472880007, 31.452896351903821 ], [ 74.258492918991706, 31.452976559616729 ], [ 74.258677884370911, 31.45279114163705 ] ] ] } },
{ "type": "Feature", "properties": { "OBJECTID": 185596, "SHAPE_Leng": 63.925980637800002, "SHAPE_Area": 230.78602700600001, "Town": "Allama Iqbal Town", "UC_N0": "UC_120", "Landuse": "V", "KA": null, "Name": null, "Plot_No": null, "Road_Wdth": "120'", "Plot_Size": "18 M", "__source_file": "PCSIR.shp" }, "geometry": { "type": "Polygon", "coordinates": [ [ [ 74.258947342303713, 31.4529504354383 ], [ 74.258804883305629, 31.45286621895902 ], [ 74.258625369611039, 31.453054635026358 ], [ 74.258778731522739, 31.453135863949431 ], [ 74.258947342303713, 31.4529504354383 ] ] ] } },
{ "type": "Feature", "properties": { "OBJECTID": 0, "SHAPE_Leng": 0.0, "SHAPE_Area": 0.0, "Town": null, "UC_N0": null, "Landuse": "C", "KA": null, "Name": null, "Plot_No": null, "Road_Wdth": null, "Plot_Size": null, "__source_file": "PCSIR.shp" }, "geometry": { "type": "Polygon", "coordinates": [ [ [ 74.259557607504703, 31.453311409595003 ], [ 74.259462786736023, 31.453420072687955 ], [ 74.259535811619756, 31.45345882423673 ], [ 74.259631735773596, 31.453355294472384 ], [ 74.259557607504703, 31.453311409595003 ] ] ] } },
{ "type": "Feature", "properties": { "OBJECTID": 0, "SHAPE_Leng": 0.0, "SHAPE_Area": 0.0, "Town": null, "UC_N0": null, "Landuse": "C", "KA": null, "Name": null, "Plot_No": null, "Road_Wdth": null, "Plot_Size": null, "__source_file": "PCSIR.shp" }, "geometry": { "type": "Polygon", "coordinates": [ [ [ 74.2593848817137, 31.453209153407975 ], [ 74.259311903189968, 31.453165948921775 ], [ 74.259209653149156, 31.453282839311477 ], [ 74.259207918000072, 31.453284822899136 ], [ 74.259283388973657, 31.453324872757982 ], [ 74.2593848817137, 31.453209153407975 ] ] ] } },
{ "type": "Feature", "properties": { "OBJECTID": 0, "SHAPE_Leng": 0.0, "SHAPE_Area": 0.0, "Town": null, "UC_N0": null, "Landuse": "C", "KA": null, "Name": null, "Plot_No": null, "Road_Wdth": null, "Plot_Size": null, "__source_file": "PCSIR.shp" }, "geometry": { "type": "Polygon", "coordinates": [ [ [ 74.259469641281186, 31.45325933236446 ], [ 74.2593848817137, 31.453209153407975 ], [ 74.259283388973657, 31.453324872757982 ], [ 74.25937028965123, 31.453370987872233 ], [ 74.259469641281186, 31.45325933236446 ] ] ] } },
{ "type": "Feature", "properties": { "OBJECTID": 0, "SHAPE_Leng": 0.0, "SHAPE_Area": 0.0, "Town": null, "UC_N0": null, "Landuse": "C", "KA": null, "Name": null, "Plot_No": null, "Road_Wdth": null, "Plot_Size": null, "__source_file": "PCSIR.shp" }, "geometry": { "type": "Polygon", "coordinates": [ [ [ 74.259557607504703, 31.453311409595003 ], [ 74.259469641281186, 31.45325933236446 ], [ 74.25937028965123, 31.453370987872233 ], [ 74.259462786736023, 31.453420072687955 ], [ 74.259557607504703, 31.453311409595003 ] ] ] } },
{ "type": "Feature", "properties": { "OBJECTID": 0, "SHAPE_Leng": 0.0, "SHAPE_Area": 0.0, "Town": null, "UC_N0": null, "Landuse": "C", "KA": null, "Name": null, "Plot_No": null, "Road_Wdth": null, "Plot_Size": null, "__source_file": "PCSIR.shp" }, "geometry": { "type": "Polygon", "coordinates": [ [ [ 74.259496630393798, 31.453081740074424 ], [ 74.259421677055073, 31.453040457010257 ], [ 74.259311903189968, 31.453165948921775 ], [ 74.2593848817137, 31.453209153408007 ], [ 74.259496630393798, 31.453081740074424 ] ] ] } },
{ "type": "Feature", "properties": { "OBJECTID": 0, "SHAPE_Leng": 0.0, "SHAPE_Area": 0.0, "Town": null, "UC_N0": null, "Landuse": "C", "KA": null, "Name": null, "Plot_No": null, "Road_Wdth": null, "Plot_Size": null, "__source_file": "PCSIR.shp" }, "geometry": { "type": "Polygon", "coordinates": [ [ [ 74.259673170886231, 31.453178975354572 ], [ 74.259557607504718, 31.453311409595003 ], [ 74.259631735773596, 31.453355294472384 ], [ 74.259753902667029, 31.453223440798315 ], [ 74.259673170886231, 31.453178975354572 ] ] ] } },
{ "type": "Feature", "properties": { "OBJECTID": 0, "SHAPE_Leng": 0.0, "SHAPE_Area": 0.0, "Town": null, "UC_N0": null, "Landuse": "C", "KA": null, "Name": null, "Plot_No": null, "Road_Wdth": null, "Plot_Size": null, "__source_file": "PCSIR.shp" }, "geometry": { "type": "Polygon", "coordinates": [ [ [ 74.259584566763309, 31.453130173876499 ], [ 74.259496630393798, 31.453081740074424 ], [ 74.2593848817137, 31.453209153408007 ], [ 74.259469641281186, 31.45325933236446 ], [ 74.259584566763309, 31.453130173876499 ] ] ] } },
{ "type": "Feature", "properties": { "OBJECTID": 0, "SHAPE_Leng": 0.0, "SHAPE_Area": 0.0, "Town": null, "UC_N0": null, "Landuse": "C", "KA": null, "Name": null, "Plot_No": null, "Road_Wdth": null, "Plot_Size": null, "__source_file": "PCSIR.shp" }, "geometry": { "type": "Polygon", "coordinates": [ [ [ 74.259673170886231, 31.453178975354572 ], [ 74.259584566763309, 31.453130173876499 ], [ 74.259469641281186, 31.45325933236446 ], [ 74.259557607504718, 31.453311409595003 ], [ 74.259673170886231, 31.453178975354572 ] ] ] } },
{ "type": "Feature", "properties": { "OBJECTID": 185596, "SHAPE_Leng": 63.925980637800002, "SHAPE_Area": 230.78602700600001, "Town": "Allama Iqbal Town", "UC_N0": "UC_120", "Landuse": null, "KA": null, "Name": null, "Plot_No": null, "Road_Wdth": "50'", "Plot_Size": "11 M", "__source_file": "PCSIR.shp" }, "geometry": { "type": "Polygon", "coordinates": [ [ [ 74.259732202122578, 31.453135560268773 ], [ 74.259562647580807, 31.453332034988073 ], [ 74.259686732062818, 31.453405673854654 ], [ 74.259726639971831, 31.453360694130133 ], [ 74.25983879852086, 31.453234281176815 ], [ 74.259860683580129, 31.453215257934275 ], [ 74.259762310891361, 31.453154236793676 ], [ 74.259732202122578, 31.453135560268773 ] ] ] } },
{ "type": "Feature", "properties": { "OBJECTID": 193080, "SHAPE_Leng": 371.76024753399997, "SHAPE_Area": 6660.4973189100001, "Town": "Allama Iqbal Town", "UC_N0": "UC_120", "Landuse": "Rg", "KA": null, "Name": "Mosque", "Plot_No": null, "Road_Wdth": "30'", "Plot_Size": "1.25 K", "__source_file": "PCSIR.shp" }, "geometry": { "type": "Polygon", "coordinates": [ [ [ 74.258987351852639, 31.452310712762635 ], [ 74.258743868348375, 31.452400100538416 ], [ 74.25892528960614, 31.452512515649737 ], [ 74.259092781238792, 31.452445590685485 ], [ 74.258987351852639, 31.452310712762635 ] ] ] } },
{ "type": "Feature", "properties": { "OBJECTID": 161826, "SHAPE_Leng": 121.893574708, "SHAPE_Area": 841.375309958, "Town": "Allama Iqbal Town", "UC_N0": "UC_120", "Landuse": "R", "KA": null, "Name": null, "Plot_No": null, "Road_Wdth": "30'", "Plot_Size": "9 M", "__source_file": "PCSIR.shp" }, "geometry": { "type": "Polygon", "coordinates": [ [ [ 74.260661572994039, 31.45161799354495 ], [ 74.260579865335757, 31.451440651744015 ], [ 74.260439813252759, 31.451492081740337 ], [ 74.260522047063603, 31.451669392839563 ], [ 74.260659448262885, 31.451618774614655 ], [ 74.260661572994039, 31.45161799354495 ] ] ] } },
{ "type": "Feature", "properties": { "OBJECTID": 161830, "SHAPE_Leng": 174.43366964699999, "SHAPE_Area": 1401.81107146, "Town": "Allama Iqbal Town", "UC_N0": "UC_120", "Landuse": "R", "KA": null, "Name": null, "Plot_No": null, "Road_Wdth": "30'", "Plot_Size": "9 M", "__source_file": "PCSIR.shp" }, "geometry": { "type": "Polygon", "coordinates": [ [ [ 74.259776956506002, 31.451943877919476 ], [ 74.259695064286547, 31.45176556495667 ], [ 74.259618043991779, 31.451793847804687 ], [ 74.259688337945747, 31.451976523838997 ], [ 74.259776956506002, 31.451943877919476 ] ] ] } },
{ "type": "Feature", "properties": { "OBJECTID": 161830, "SHAPE_Leng": 174.43366964699999, "SHAPE_Area": 1401.81107146, "Town": "Allama Iqbal Town", "UC_N0": "UC_120", "Landuse": "R", "KA": null, "Name": null, "Plot_No": null, "Road_Wdth": "30'", "Plot_Size": "9 M", "__source_file": "PCSIR.shp" }, "geometry": { "type": "Polygon", "coordinates": [ [ [ 74.259538266113097, 31.451823143205846 ], [ 74.259616924606391, 31.452002831518325 ], [ 74.259688337945747, 31.451976523838997 ], [ 74.259618043991779, 31.451793847804687 ], [ 74.259538266113097, 31.451823143205846 ] ] ] } },
{ "type": "Feature", "properties": { "OBJECTID": 161830, "SHAPE_Leng": 174.43366964699999, "SHAPE_Area": 1401.81107146, "Town": "Allama Iqbal Town", "UC_N0": "UC_120", "Landuse": "R", "KA": null, "Name": null, "Plot_No": null, "Road_Wdth": "30'", "Plot_Size": "9 M", "__source_file": "PCSIR.shp" }, "geometry": { "type": "Polygon", "coordinates": [ [ [ 74.259616924606391, 31.452002831518325 ], [ 74.259538266113097, 31.451823143205846 ], [ 74.259450851058844, 31.451855242991499 ], [ 74.259537607384644, 31.452032050813326 ], [ 74.259616924606391, 31.452002831518325 ] ] ] } },
{ "type": "Feature", "properties": { "OBJECTID": 161832, "SHAPE_Leng": 96.135912232799996, "SHAPE_Area": 530.25718957599997, "Town": "Allama Iqbal Town", "UC_N0": "UC_120", "Landuse": "V", "KA": null, "Name": null, "Plot_No": null, "Road_Wdth": "30'", "Plot_Size": "9 M", "__source_file": "PCSIR.shp" }, "geometry": { "type": "Polygon", "coordinates": [ [ [ 74.257871916767598, 31.452435028518291 ], [ 74.257981159411244, 31.452605410838714 ], [ 74.258090429115597, 31.452565159458253 ], [ 74.257992443602461, 31.452390772027986 ], [ 74.257871916767598, 31.452435028518291 ] ] ] } },
{ "type": "Feature", "properties": { "OBJECTID": 165398, "SHAPE_Leng": 246.302838315, "SHAPE_Area": 2174.2428114499999, "Town": "Allama Iqbal Town", "UC_N0": "UC_120", "Landuse": "V", "KA": null, "Name": null, "Plot_No": null, "Road_Wdth": "30'", "Plot_Size": "9 M", "__source_file": "PCSIR.shp" }, "geometry": { "type": "Polygon", "coordinates": [ [ [ 74.258974438678933, 31.452030185060327 ], [ 74.259067560272982, 31.452205208127076 ], [ 74.259181026097792, 31.452163409477858 ], [ 74.259092944181404, 31.451986669400302 ], [ 74.258974438678933, 31.452030185060327 ] ] ] } },
{ "type": "Feature", "properties": { "OBJECTID": 165398, "SHAPE_Leng": 246.302838315, "SHAPE_Area": 2174.2428114499999, "Town": "Allama Iqbal Town", "UC_N0": "UC_120", "Landuse": "V", "KA": null, "Name": null, "Plot_No": null, "Road_Wdth": "30'", "Plot_Size": "9 M", "__source_file": "PCSIR.shp" }, "geometry": { "type": "Polygon", "coordinates": [ [ [ 74.258590521916091, 31.452380938454723 ], [ 74.258503168315883, 31.452203235789302 ], [ 74.258375676129234, 31.452250050577405 ], [ 74.258473408886317, 31.452424079916671 ], [ 74.258590521916091, 31.452380938454723 ] ] ] } },
{ "type": "Feature", "properties": { "OBJECTID": 165398, "SHAPE_Leng": 246.302838315, "SHAPE_Area": 2174.2428114499999, "Town": "Allama Iqbal Town", "UC_N0": "UC_120", "Landuse": "V", "KA": null, "Name": null, "Plot_No": null, "Road_Wdth": "30'", "Plot_Size": "9 M", "__source_file": "PCSIR.shp" }, "geometry": { "type": "Polygon", "coordinates": [ [ [ 74.258256943630229, 31.452503819822791 ], [ 74.258165065310266, 31.452327385920444 ], [ 74.258104223004224, 31.452349726851988 ], [ 74.258200926213703, 31.452524455031384 ], [ 74.258256943630229, 31.452503819822791 ] ] ] } },
{ "type": "Feature", "properties": { "OBJECTID": 165398, "SHAPE_Leng": 246.302838315, "SHAPE_Area": 2174.2428114499999, "Town": "Allama Iqbal Town", "UC_N0": "UC_120", "Landuse": "V", "KA": null, "Name": null, "Plot_No": null, "Road_Wdth": "30'", "Plot_Size": "9 M", "__source_file": "PCSIR.shp" }, "geometry": { "type": "Polygon", "coordinates": [ [ [ 74.258165065310266, 31.452327385920444 ], [ 74.258256943630229, 31.452503819822791 ], [ 74.258321363750781, 31.452480089257307 ], [ 74.258236958106238, 31.452300987263627 ], [ 74.258165065310266, 31.452327385920444 ] ] ] } },
{ "type": "Feature", "properties": { "OBJECTID": 165398, "SHAPE_Leng": 246.302838315, "SHAPE_Area": 2174.2428114499999, "Town": "Allama Iqbal Town", "UC_N0": "UC_120", "Landuse": "V", "KA": null, "Name": null, "Plot_No": null, "Road_Wdth": "30'", "Plot_Size": "9 M", "__source_file": "PCSIR.shp" }, "geometry": { "type": "Polygon", "coordinates": [ [ [ 74.258304510479107, 31.452276182336647 ], [ 74.258411217464499, 31.452446989594755 ], [ 74.258473408886317, 31.452424079916671 ], [ 74.258375676129234, 31.452250050577405 ], [ 74.258304510479107, 31.452276182336647 ] ] ] } },
{ "type": "Feature", "properties": { "OBJECTID": 165398, "SHAPE_Leng": 246.302838315, "SHAPE_Area": 2174.2428114499999, "Town": "Allama Iqbal Town", "UC_N0": "UC_120", "Landuse": "V", "KA": null, "Name": null, "Plot_No": null, "Road_Wdth": "30'", "Plot_Size": "9 M", "__source_file": "PCSIR.shp" }, "geometry": { "type": "Polygon", "coordinates": [ [ [ 74.258411217464499, 31.452446989594755 ], [ 74.258304510479107, 31.452276182336647 ], [ 74.258236958106238, 31.452300987263627 ], [ 74.258321363750781, 31.452480089257307 ], [ 74.258411217464499, 31.452446989594755 ] ] ] } },
{ "type": "Feature", "properties": { "OBJECTID": 165398, "SHAPE_Leng": 246.302838315, "SHAPE_Area": 2174.2428114499999, "Town": "Allama Iqbal Town", "UC_N0": "UC_120", "Landuse": "V", "KA": null, "Name": null, "Plot_No": null, "Road_Wdth": "30'", "Plot_Size": "9 M", "__source_file": "PCSIR.shp" }, "geometry": { "type": "Polygon", "coordinates": [ [ [ 74.258747027353593, 31.452113690918974 ], [ 74.258842009201004, 31.45228829643462 ], [ 74.25891634874975, 31.452260911356962 ], [ 74.25881960617636, 31.452087039901699 ], [ 74.258747027353593, 31.452113690918974 ] ] ] } },
{ "type": "Feature", "properties": { "OBJECTID": 165398, "SHAPE_Leng": 246.302838315, "SHAPE_Area": 2174.2428114499999, "Town": "Allama Iqbal Town", "UC_N0": "UC_120", "Landuse": "V", "KA": null, "Name": null, "Plot_No": null, "Road_Wdth": "30'", "Plot_Size": "9 M", "__source_file": "PCSIR.shp" }, "geometry": { "type": "Polygon", "coordinates": [ [ [ 74.258842009201004, 31.45228829643462 ], [ 74.258747027353593, 31.452113690918974 ], [ 74.258673466167068, 31.452140702603312 ], [ 74.258766957760173, 31.452315943697364 ], [ 74.258842009201004, 31.45228829643462 ] ] ] } },
{ "type": "Feature", "properties": { "OBJECTID": 165398, "SHAPE_Leng": 246.302838315, "SHAPE_Area": 2174.2428114499999, "Town": "Allama Iqbal Town", "UC_N0": "UC_120", "Landuse": "V", "KA": null, "Name": null, "Plot_No": null, "Road_Wdth": "30'", "Plot_Size": "9 M", "__source_file": "PCSIR.shp" }, "geometry": { "type": "Polygon", "coordinates": [ [ [ 74.258985702547179, 31.452235362868272 ], [ 74.25889868271976, 31.452058002850304 ], [ 74.25881960617636, 31.452087039901699 ], [ 74.25891634874975, 31.452260911356962 ], [ 74.258985702547179, 31.452235362868272 ] ] ] } },
{ "type": "Feature", "properties": { "OBJECTID": 165398, "SHAPE_Leng": 246.302838315, "SHAPE_Area": 2174.2428114499999, "Town": "Allama Iqbal Town", "UC_N0": "UC_120", "Landuse": "V", "KA": null, "Name": null, "Plot_No": null, "Road_Wdth": "30'", "Plot_Size": "9 M", "__source_file": "PCSIR.shp" }, "geometry": { "type": "Polygon", "coordinates": [ [ [ 74.25889868271976, 31.452058002850304 ], [ 74.258985702547179, 31.452235362868272 ], [ 74.259067560272982, 31.452205208127076 ], [ 74.258974438678933, 31.452030185060327 ], [ 74.25889868271976, 31.452058002850304 ] ] ] } },
{ "type": "Feature", "properties": { "OBJECTID": 165398, "SHAPE_Leng": 246.302838315, "SHAPE_Area": 2174.2428114499999, "Town": "Allama Iqbal Town", "UC_N0": "UC_120", "Landuse": "V", "KA": null, "Name": null, "Plot_No": null, "Road_Wdth": "30'", "Plot_Size": "9 M", "__source_file": "PCSIR.shp" }, "geometry": { "type": "Polygon", "coordinates": [ [ [ 74.258674663393336, 31.45234994278302 ], [ 74.258586043198022, 31.452172804261632 ], [ 74.258503168315883, 31.452203235789302 ], [ 74.258590521916091, 31.452380938454723 ], [ 74.258674663393336, 31.45234994278302 ] ] ] } },
{ "type": "Feature", "properties": { "OBJECTID": 161830, "SHAPE_Leng": 174.43366964699999, "SHAPE_Area": 1401.81107146, "Town": "Allama Iqbal Town", "UC_N0": "UC_120", "Landuse": "V", "KA": null, "Name": null, "Plot_No": null, "Road_Wdth": "30'", "Plot_Size": "9 M", "__source_file": "PCSIR.shp" }, "geometry": { "type": "Polygon", "coordinates": [ [ [ 74.259382387968145, 31.452089231161487 ], [ 74.259285884053284, 31.451915820497014 ], [ 74.259191596449426, 31.45195044370006 ], [ 74.25928181790141, 31.452126279425336 ], [ 74.259382387968145, 31.452089231161487 ] ] ] } },
{ "type": "Feature", "properties": { "OBJECTID": 161830, "SHAPE_Leng": 174.43366964699999, "SHAPE_Area": 1401.81107146, "Town": "Allama Iqbal Town", "UC_N0": "UC_120", "Landuse": "V", "KA": null, "Name": null, "Plot_No": null, "Road_Wdth": "30'", "Plot_Size": "9 M", "__source_file": "PCSIR.shp" }, "geometry": { "type": "Polygon", "coordinates": [ [ [ 74.259452027709699, 31.45206357702769 ], [ 74.259356107242752, 31.45189003388759 ], [ 74.259285884053284, 31.451915820497014 ], [ 74.259382387968145, 31.452089231161487 ], [ 74.259452027709699, 31.45206357702769 ] ] ] } },
{ "type": "Feature", "properties": { "OBJECTID": 175128, "SHAPE_Leng": 245.770691395, "SHAPE_Area": 2525.2527314099998, "Town": "Allama Iqbal Town", "UC_N0": "UC_120", "Landuse": "V", "KA": null, "Name": null, "Plot_No": null, "Road_Wdth": "50", "Plot_Size": "9 M", "__source_file": "PCSIR.shp" }, "geometry": { "type": "Polygon", "coordinates": [ [ [ 74.257980276235074, 31.454353873204354 ], [ 74.257737452807788, 31.454248029443356 ], [ 74.25768629277303, 31.454307071125406 ], [ 74.257628115743856, 31.454374210713507 ], [ 74.257842851258957, 31.454361809707095 ], [ 74.257980276235074, 31.454353873204354 ] ] ] } },
{ "type": "Feature", "properties": { "OBJECTID": 175128, "SHAPE_Leng": 245.770691395, "SHAPE_Area": 2525.2527314099998, "Town": "Allama Iqbal Town", "UC_N0": "UC_120", "Landuse": "V", "KA": null, "Name": null, "Plot_No": "337", "Road_Wdth": "50", "Plot_Size": "18 M", "__source_file": "PCSIR.shp" }, "geometry": { "type": "Polygon", "coordinates": [ [ [ 74.258271184436452, 31.454337072318893 ], [ 74.25820642107935, 31.45430070808294 ], [ 74.258066880785577, 31.454222356840599 ], [ 74.257961506530819, 31.454163189488188 ], [ 74.257860238230748, 31.454106327466981 ], [ 74.257737452807788, 31.454248029443356 ], [ 74.257980276235074, 31.454353873204354 ], [ 74.258271184436452, 31.454337072318893 ] ] ] } },
{ "type": "Feature", "properties": { "OBJECTID": 175128, "SHAPE_Leng": 245.770691395, "SHAPE_Area": 2525.2527314099998, "Town": "Allama Iqbal Town", "UC_N0": "UC_120", "Landuse": "V", "KA": null, "Name": null, "Plot_No": "343", "Road_Wdth": "30", "Plot_Size": "18 M", "__source_file": "PCSIR.shp" }, "geometry": { "type": "Polygon", "coordinates": [ [ [ 74.258708971699349, 31.45431178743619 ], [ 74.25866987905566, 31.454288393186353 ], [ 74.258563426117021, 31.454224688329106 ], [ 74.258435692715921, 31.454327571140425 ], [ 74.258708971699349, 31.45431178743619 ] ] ] } },
{ "type": "Feature", "properties": { "OBJECTID": 175128, "SHAPE_Leng": 245.770691395, "SHAPE_Area": 2525.2527314099998, "Town": "Allama Iqbal Town", "UC_N0": "UC_120", "Landuse": "V", "KA": null, "Name": null, "Plot_No": "339", "Road_Wdth": "50", "Plot_Size": "18 M", "__source_file": "PCSIR.shp" }, "geometry": { "type": "Polygon", "coordinates": [ [ [ 74.258134192534371, 31.453967819406191 ], [ 74.258032821419931, 31.453907154847379 ], [ 74.257860238230748, 31.454106327466981 ], [ 74.257961506530819, 31.454163189488188 ], [ 74.258134192534371, 31.453967819406191 ] ] ] } },
{ "type": "Feature", "properties": { "OBJECTID": 175128, "SHAPE_Leng": 245.770691395, "SHAPE_Area": 2525.2527314099998, "Town": "Allama Iqbal Town", "UC_N0": "UC_120", "Landuse": "V", "KA": null, "Name": null, "Plot_No": null, "Road_Wdth": "30", "Plot_Size": "18 M", "__source_file": "PCSIR.shp" }, "geometry": { "type": "Polygon", "coordinates": [ [ [ 74.258268150114461, 31.454047984777272 ], [ 74.258134192534371, 31.453967819406191 ], [ 74.257961506530819, 31.454163189488188 ], [ 74.258066880785577, 31.454222356840599 ], [ 74.258268150114461, 31.454047984777272 ] ] ] } },
{ "type": "Feature", "properties": { "OBJECTID": 175128, "SHAPE_Leng": 245.770691395, "SHAPE_Area": 2525.2527314099998, "Town": "Allama Iqbal Town", "UC_N0": "UC_120", "Landuse": "V", "KA": null, "Name": null, "Plot_No": null, "Road_Wdth": "30", "Plot_Size": "18 M", "__source_file": "PCSIR.shp" }, "geometry": { "type": "Polygon", "coordinates": [ [ [ 74.258435692715921, 31.454327571140425 ], [ 74.258563426117021, 31.454224688329106 ], [ 74.258404955776342, 31.454129854266199 ], [ 74.25820642107935, 31.45430070808294 ], [ 74.258271184436452, 31.454337072318893 ], [ 74.258435692715921, 31.454327571140425 ] ] ] } },
{ "type": "Feature", "properties": { "OBJECTID": 165390, "SHAPE_Leng": 256.68819670200003, "SHAPE_Area": 4036.4077464400002, "Town": "Allama Iqbal Town", "UC_N0": "UC_120", "Landuse": "V", "KA": null, "Name": null, "Plot_No": "324", "Road_Wdth": "30", "Plot_Size": "12 M", "__source_file": "PCSIR.shp" }, "geometry": { "type": "Polygon", "coordinates": [ [ [ 74.256442200561892, 31.453380080180583 ], [ 74.256331600517669, 31.453285658649971 ], [ 74.256225348114597, 31.453324663186233 ], [ 74.256215888440522, 31.453330273317107 ], [ 74.256207593263156, 31.453337288656854 ], [ 74.256200845767026, 31.453345431741646 ], [ 74.256195849976748, 31.45335445564486 ], [ 74.256192757503115, 31.453364086971145 ], [ 74.256191663290565, 31.453374031244731 ], [ 74.25619260024105, 31.453383987313938 ], [ 74.256195540216396, 31.453393653672563 ], [ 74.256200392935867, 31.45340273476894 ], [ 74.256207011124104, 31.453410955471533 ], [ 74.256215194677949, 31.453418066506398 ], [ 74.256215948175978, 31.453418607705334 ], [ 74.256217554662456, 31.453419619405299 ], [ 74.256305362394613, 31.453474020030338 ], [ 74.256442200561892, 31.453380080180583 ] ] ] } },
{ "type": "Feature", "properties": { "OBJECTID": 165390, "SHAPE_Leng": 256.68819670200003, "SHAPE_Area": 4036.4077464400002, "Town": "Allama Iqbal Town", "UC_N0": "UC_120", "Landuse": "R", "KA": null, "Name": null, "Plot_No": null, "Road_Wdth": "30", "Plot_Size": "18 M", "__source_file": "PCSIR.shp" }, "geometry": { "type": "Polygon", "coordinates": [ [ [ 74.257805908433127, 31.453766898772518 ], [ 74.257693846370159, 31.453696380877727 ], [ 74.257685316355435, 31.453691013168811 ], [ 74.257516582176905, 31.453899539124858 ], [ 74.257636637139782, 31.453971780069086 ], [ 74.257805908433127, 31.453766898772518 ] ] ] } },
{ "type": "Feature", "properties": { "OBJECTID": 165390, "SHAPE_Leng": 256.68819670200003, "SHAPE_Area": 4036.4077464400002, "Town": "Allama Iqbal Town", "UC_N0": "UC_120", "Landuse": "R", "KA": null, "Name": null, "Plot_No": null, "Road_Wdth": "30", "Plot_Size": "18 M", "__source_file": "PCSIR.shp" }, "geometry": { "type": "Polygon", "coordinates": [ [ [ 74.257490237266495, 31.453568254822329 ], [ 74.257463339297942, 31.453551328561506 ], [ 74.257370041375964, 31.453492617444979 ], [ 74.257192323310164, 31.45370442099377 ], [ 74.257319779018815, 31.453781115835106 ], [ 74.257490237266495, 31.453568254822329 ] ] ] } },
{ "type": "Feature", "properties": { "OBJECTID": 165390, "SHAPE_Leng": 256.68819670200003, "SHAPE_Area": 4036.4077464400002, "Town": "Allama Iqbal Town", "UC_N0": "UC_120", "Landuse": "V", "KA": null, "Name": null, "Plot_No": "336", "Road_Wdth": "50", "Plot_Size": "18 M", "__source_file": "PCSIR.shp" }, "geometry": { "type": "Polygon", "coordinates": [ [ [ 74.257805908433127, 31.453766898772518 ], [ 74.257636637139782, 31.453971780069086 ], [ 74.257783089766761, 31.454059905038683 ], [ 74.257783832365845, 31.454059009991315 ], [ 74.257950630257966, 31.453857968511038 ], [ 74.257816940576006, 31.453773841017227 ], [ 74.257805908433127, 31.453766898772518 ] ] ] } },
{ "type": "Feature", "properties": { "OBJECTID": 165390, "SHAPE_Leng": 256.68819670200003, "SHAPE_Area": 4036.4077464400002, "Town": "Allama Iqbal Town", "UC_N0": "UC_120", "Landuse": "V", "KA": null, "Name": null, "Plot_No": null, "Road_Wdth": "30", "Plot_Size": "18 M", "__source_file": "PCSIR.shp" }, "geometry": { "type": "Polygon", "coordinates": [ [ [ 74.257158466577522, 31.453359476959264 ], [ 74.257028419737054, 31.453277640241524 ], [ 74.256815967499477, 31.453477952240728 ], [ 74.256959478123846, 31.453564308736702 ], [ 74.257158466577522, 31.453359476959264 ] ] ] } },
{ "type": "Feature", "properties": { "OBJECTID": 165390, "SHAPE_Leng": 256.68819670200003, "SHAPE_Area": 4036.4077464400002, "Town": "Allama Iqbal Town", "UC_N0": "UC_120", "Landuse": "V", "KA": null, "Name": null, "Plot_No": null, "Road_Wdth": "30", "Plot_Size": "18 M", "__source_file": "PCSIR.shp" }, "geometry": { "type": "Polygon", "coordinates": [ [ [ 74.257087277749903, 31.453641210984173 ], [ 74.256959478123846, 31.453564308736702 ], [ 74.256769439065621, 31.453759927176083 ], [ 74.256862876735497, 31.453816451622323 ], [ 74.256904114517596, 31.453840990923212 ], [ 74.257087277749903, 31.453641210984173 ] ] ] } },
{ "type": "Feature", "properties": { "OBJECTID": 165390, "SHAPE_Leng": 256.68819670200003, "SHAPE_Area": 4036.4077464400002, "Town": "Allama Iqbal Town", "UC_N0": "UC_120", "Landuse": "V", "KA": null, "Name": null, "Plot_No": "314", "Road_Wdth": "50", "Plot_Size": "18 M", "__source_file": "PCSIR.shp" }, "geometry": { "type": "Polygon", "coordinates": [ [ [ 74.257636637139782, 31.453971780069086 ], [ 74.257470636003617, 31.454172702151133 ], [ 74.257548551196635, 31.454217909271918 ], [ 74.257572865551651, 31.454219764441586 ], [ 74.257598752644398, 31.454217973813591 ], [ 74.257623882657981, 31.454212357873644 ], [ 74.257647494371838, 31.454203085436969 ], [ 74.257668868819053, 31.454190439244638 ], [ 74.257687356749386, 31.454174803491092 ], [ 74.257690310012265, 31.454171731392517 ], [ 74.257783089766761, 31.454059905038683 ], [ 74.257636637139782, 31.453971780069086 ] ] ] } },
{ "type": "Feature", "properties": { "OBJECTID": 165390, "SHAPE_Leng": 256.68819670200003, "SHAPE_Area": 4036.4077464400002, "Town": "Allama Iqbal Town", "UC_N0": "UC_120", "Landuse": "V", "KA": null, "Name": null, "Plot_No": null, "Road_Wdth": "30", "Plot_Size": "18 M", "__source_file": "PCSIR.shp" }, "geometry": { "type": "Polygon", "coordinates": [ [ [ 74.256959478123846, 31.453564308736702 ], [ 74.256815967499477, 31.453477952240728 ], [ 74.256616012508431, 31.453666480007552 ], [ 74.256659366853413, 31.45369333960954 ], [ 74.256769439065621, 31.453759927176083 ], [ 74.256959478123846, 31.453564308736702 ] ] ] } },
{ "type": "Feature", "properties": { "OBJECTID": 165390, "SHAPE_Leng": 256.68819670200003, "SHAPE_Area": 4036.4077464400002, "Town": "Allama Iqbal Town", "UC_N0": "UC_120", "Landuse": "V", "KA": null, "Name": null, "Plot_No": null, "Road_Wdth": "30", "Plot_Size": "18 M", "__source_file": "PCSIR.shp" }, "geometry": { "type": "Polygon", "coordinates": [ [ [ 74.25844047344188, 31.453790436155387 ], [ 74.258345253695609, 31.453731421984987 ], [ 74.258175264951092, 31.453921816686304 ], [ 74.258175907970326, 31.453922203550643 ], [ 74.258255215191681, 31.453969917683647 ], [ 74.25826616740278, 31.453976506927923 ], [ 74.25844047344188, 31.453790436155387 ] ] ] } },
{ "type": "Feature", "properties": { "OBJECTID": 165390, "SHAPE_Leng": 256.68819670200003, "SHAPE_Area": 4036.4077464400002, "Town": "Allama Iqbal Town", "UC_N0": "UC_120", "Landuse": "V", "KA": null, "Name": null, "Plot_No": null, "Road_Wdth": "30", "Plot_Size": "18 M", "__source_file": "PCSIR.shp" }, "geometry": { "type": "Polygon", "coordinates": [ [ [ 74.258546370167622, 31.453856067409085 ], [ 74.25844047344188, 31.453790436155387 ], [ 74.25826616740278, 31.453976506927923 ], [ 74.258366310889315, 31.454036756766929 ], [ 74.258367291792595, 31.454037346912042 ], [ 74.258546370167622, 31.453856067409085 ] ] ] } },
{ "type": "Feature", "properties": { "OBJECTID": 165390, "SHAPE_Leng": 256.68819670200003, "SHAPE_Area": 4036.4077464400002, "Town": "Allama Iqbal Town", "UC_N0": "UC_120", "Landuse": "V", "KA": null, "Name": null, "Plot_No": "350", "Road_Wdth": "50", "Plot_Size": "18 M", "__source_file": "PCSIR.shp" }, "geometry": { "type": "Polygon", "coordinates": [ [ [ 74.258345253695609, 31.453731421984987 ], [ 74.258241052193767, 31.453666841043191 ], [ 74.258073282312793, 31.453860460047316 ], [ 74.258175264951092, 31.453921816686304 ], [ 74.258345253695609, 31.453731421984987 ] ] ] } },
{ "type": "Feature", "properties": { "OBJECTID": 165390, "SHAPE_Leng": 256.68819670200003, "SHAPE_Area": 4036.4077464400002, "Town": "Allama Iqbal Town", "UC_N0": "UC_120", "Landuse": "V", "KA": null, "Name": null, "Plot_No": null, "Road_Wdth": "30", "Plot_Size": "18 M", "__source_file": "PCSIR.shp" }, "geometry": { "type": "Polygon", "coordinates": [ [ [ 74.258663261236521, 31.453928512382774 ], [ 74.258546370167622, 31.453856067409085 ], [ 74.258367291792595, 31.454037346912042 ], [ 74.258475279315974, 31.454102315824375 ], [ 74.258481971889935, 31.454106342295219 ], [ 74.258663261236521, 31.453928512382774 ] ] ] } },
{ "type": "Feature", "properties": { "OBJECTID": 165390, "SHAPE_Leng": 256.68819670200003, "SHAPE_Area": 4036.4077464400002, "Town": "Allama Iqbal Town", "UC_N0": "UC_120", "Landuse": "V", "KA": null, "Name": null, "Plot_No": null, "Road_Wdth": "30", "Plot_Size": "18 M", "__source_file": "PCSIR.shp" }, "geometry": { "type": "Polygon", "coordinates": [ [ [ 74.258785177845013, 31.45400407177809 ], [ 74.258663261236521, 31.453928512382774 ], [ 74.258481971889935, 31.454106342295219 ], [ 74.258606770669914, 31.45418142518605 ], [ 74.258606858731014, 31.454181478166316 ], [ 74.258785177845013, 31.45400407177809 ] ] ] } },
{ "type": "Feature", "properties": { "OBJECTID": 165390, "SHAPE_Leng": 256.68819670200003, "SHAPE_Area": 4036.4077464400002, "Town": "Allama Iqbal Town", "UC_N0": "UC_120", "Landuse": "V", "KA": null, "Name": null, "Plot_No": "345", "Road_Wdth": "30", "Plot_Size": "18 M", "__source_file": "PCSIR.shp" }, "geometry": { "type": "Polygon", "coordinates": [ [ [ 74.258785177845013, 31.45400407177809 ], [ 74.258606858731014, 31.454181478166316 ], [ 74.258733915745211, 31.454257919435552 ], [ 74.258902333347976, 31.454090619701017 ], [ 74.258910974653134, 31.454082035729936 ], [ 74.258785177845013, 31.45400407177809 ] ] ] } },
{ "type": "Feature", "properties": { "OBJECTID": 165390, "SHAPE_Leng": 256.68819670200003, "SHAPE_Area": 4036.4077464400002, "Town": "Allama Iqbal Town", "UC_N0": "UC_120", "Landuse": "V", "KA": null, "Name": null, "Plot_No": null, "Road_Wdth": "120'", "Plot_Size": "18 M", "__source_file": "PCSIR.shp" }, "geometry": { "type": "MultiPolygon", "coordinates": [ [ [ [ 74.258544673580104, 31.453518955558966 ], [ 74.258538351770738, 31.453515142607333 ], [ 74.258345253695609, 31.453731421984987 ], [ 74.25844047344188, 31.453790436155387 ], [ 74.258640592823312, 31.453576808553532 ], [ 74.258628671362516, 31.453569618213184 ], [ 74.258574078384584, 31.453536690836923 ], [ 74.258544673580104, 31.453518955558966 ] ] ], [ [ [ 74.258859712092544, 31.453708968318494 ], [ 74.258754417943166, 31.453645461216613 ], [ 74.258546370167622, 31.453856067409085 ], [ 74.258663261236521, 31.453928512382774 ], [ 74.258876656404382, 31.453719188092904 ], [ 74.258859712092544, 31.453708968318494 ] ] ], [ [ [ 74.259125285898392, 31.453869145714336 ], [ 74.258997976669846, 31.453792360940614 ], [ 74.258785177845013, 31.45400407177809 ], [ 74.258910974653134, 31.454082035729936 ], [ 74.259125285898392, 31.453869145714336 ] ] ] ] } },
{ "type": "Feature", "properties": { "OBJECTID": 165390, "SHAPE_Leng": 256.68819670200003, "SHAPE_Area": 4036.4077464400002, "Town": "Allama Iqbal Town", "UC_N0": "UC_120", "Landuse": "V", "KA": null, "Name": null, "Plot_No": null, "Road_Wdth": "30", "Plot_Size": "18 M", "__source_file": "PCSIR.shp" }, "geometry": { "type": "Polygon", "coordinates": [ [ [ 74.256644003112115, 31.453374473477595 ], [ 74.256688921057645, 31.453338961399734 ], [ 74.25660526216447, 31.453268137414508 ], [ 74.256442200561892, 31.453380080180583 ], [ 74.256305362394613, 31.453474020030338 ], [ 74.256424628444222, 31.453547910225197 ], [ 74.256644003112115, 31.453374473477595 ] ] ] } },
{ "type": "Feature", "properties": { "OBJECTID": 165390, "SHAPE_Leng": 256.68819670200003, "SHAPE_Area": 4036.4077464400002, "Town": "Allama Iqbal Town", "UC_N0": "UC_120", "Landuse": "V", "KA": null, "Name": null, "Plot_No": null, "Road_Wdth": "30", "Plot_Size": "18 M", "__source_file": "PCSIR.shp" }, "geometry": { "type": "Polygon", "coordinates": [ [ [ 74.257685316355435, 31.453691013168811 ], [ 74.257599994487933, 31.453637322346783 ], [ 74.257426854429113, 31.453845546899281 ], [ 74.257516582176905, 31.453899539124858 ], [ 74.257685316355435, 31.453691013168811 ] ] ] } },
{ "type": "Feature", "properties": { "OBJECTID": 165390, "SHAPE_Leng": 256.68819670200003, "SHAPE_Area": 4036.4077464400002, "Town": "Allama Iqbal Town", "UC_N0": "UC_120", "Landuse": "R", "KA": null, "Name": null, "Plot_No": null, "Road_Wdth": "30", "Plot_Size": "18 M", "__source_file": "PCSIR.shp" }, "geometry": { "type": "Polygon", "coordinates": [ [ [ 74.257370041375964, 31.453492617444979 ], [ 74.257339079028981, 31.453473133229043 ], [ 74.257277120749421, 31.45343414408951 ], [ 74.257087277749903, 31.453641210984173 ], [ 74.257192323310164, 31.45370442099377 ], [ 74.257370041375964, 31.453492617444979 ] ] ] } },
{ "type": "Feature", "properties": { "OBJECTID": 165390, "SHAPE_Leng": 256.68819670200003, "SHAPE_Area": 4036.4077464400002, "Town": "Allama Iqbal Town", "UC_N0": "UC_120", "Landuse": "V", "KA": null, "Name": null, "Plot_No": null, "Road_Wdth": "30", "Plot_Size": "18 M", "__source_file": "PCSIR.shp" }, "geometry": { "type": "Polygon", "coordinates": [ [ [ 74.257599994487933, 31.453637322346783 ], [ 74.257490237266495, 31.453568254822329 ], [ 74.257319779018815, 31.453781115835106 ], [ 74.257426854429113, 31.453845546899281 ], [ 74.257599994487933, 31.453637322346783 ] ] ] } },
{ "type": "Feature", "properties": { "OBJECTID": 165390, "SHAPE_Leng": 256.68819670200003, "SHAPE_Area": 4036.4077464400002, "Town": "Allama Iqbal Town", "UC_N0": "UC_120", "Landuse": "V", "KA": null, "Name": null, "Plot_No": null, "Road_Wdth": "30", "Plot_Size": "18 M", "__source_file": "PCSIR.shp" }, "geometry": { "type": "Polygon", "coordinates": [ [ [ 74.257277120749421, 31.45343414408951 ], [ 74.257237778131881, 31.453409386513794 ], [ 74.257158466577522, 31.453359476959264 ], [ 74.256959478123846, 31.453564308736702 ], [ 74.257087277749903, 31.453641210984173 ], [ 74.257277120749421, 31.45343414408951 ] ] ] } },
{ "type": "Feature", "properties": { "OBJECTID": 165390, "SHAPE_Leng": 256.68819670200003, "SHAPE_Area": 4036.4077464400002, "Town": "Allama Iqbal Town", "UC_N0": "UC_120", "Landuse": "V", "KA": null, "Name": null, "Plot_No": "328", "Road_Wdth": "30", "Plot_Size": "18 M", "__source_file": "PCSIR.shp" }, "geometry": { "type": "Polygon", "coordinates": [ [ [ 74.257028419737054, 31.453277640241524 ], [ 74.256882572546431, 31.453185860252717 ], [ 74.256789576241417, 31.453259383366213 ], [ 74.256688921057645, 31.453338961399734 ], [ 74.256644003112115, 31.453374473477595 ], [ 74.256815967499477, 31.453477952240728 ], [ 74.257028419737054, 31.453277640241524 ] ] ] } },
{ "type": "Feature", "properties": { "OBJECTID": 165390, "SHAPE_Leng": 256.68819670200003, "SHAPE_Area": 4036.4077464400002, "Town": "Allama Iqbal Town", "UC_N0": "UC_120", "Landuse": "V", "KA": null, "Name": null, "Plot_No": null, "Road_Wdth": "30", "Plot_Size": "18 M", "__source_file": "PCSIR.shp" }, "geometry": { "type": "Polygon", "coordinates": [ [ [ 74.257516582176905, 31.453899539124858 ], [ 74.257426854429113, 31.453845546899281 ], [ 74.257257600614139, 31.454049096572614 ], [ 74.257351484887039, 31.4541035693887 ], [ 74.257516582176905, 31.453899539124858 ] ] ] } },
{ "type": "Feature", "properties": { "OBJECTID": 165390, "SHAPE_Leng": 256.68819670200003, "SHAPE_Area": 4036.4077464400002, "Town": "Allama Iqbal Town", "UC_N0": "UC_120", "Landuse": "V", "KA": null, "Name": null, "Plot_No": null, "Road_Wdth": "30", "Plot_Size": "18 M", "__source_file": "PCSIR.shp" }, "geometry": { "type": "Polygon", "coordinates": [ [ [ 74.257426854429113, 31.453845546899281 ], [ 74.257319779018815, 31.453781115835106 ], [ 74.257153533285361, 31.453988715268412 ], [ 74.257257600614139, 31.454049096572614 ], [ 74.257426854429113, 31.453845546899281 ] ] ] } },
{ "type": "Feature", "properties": { "OBJECTID": 165390, "SHAPE_Leng": 256.68819670200003, "SHAPE_Area": 4036.4077464400002, "Town": "Allama Iqbal Town", "UC_N0": "UC_120", "Landuse": "V", "KA": null, "Name": null, "Plot_No": null, "Road_Wdth": "30", "Plot_Size": "18 M", "__source_file": "PCSIR.shp" }, "geometry": { "type": "Polygon", "coordinates": [ [ [ 74.257192323310164, 31.45370442099377 ], [ 74.257087277749903, 31.453641210984173 ], [ 74.256904114517596, 31.453840990923212 ], [ 74.257019912335068, 31.453909898406195 ], [ 74.257192323310164, 31.45370442099377 ] ] ] } },
{ "type": "Feature", "properties": { "OBJECTID": 165390, "SHAPE_Leng": 256.68819670200003, "SHAPE_Area": 4036.4077464400002, "Town": "Allama Iqbal Town", "UC_N0": "UC_120", "Landuse": "V", "KA": null, "Name": null, "Plot_No": null, "Road_Wdth": "30", "Plot_Size": "18 M", "__source_file": "PCSIR.shp" }, "geometry": { "type": "Polygon", "coordinates": [ [ [ 74.257636637139782, 31.453971780069086 ], [ 74.257516582176905, 31.453899539124858 ], [ 74.257351484887039, 31.4541035693887 ], [ 74.257470636003617, 31.454172702151133 ], [ 74.257636637139782, 31.453971780069086 ] ] ] } },
{ "type": "Feature", "properties": { "OBJECTID": 165390, "SHAPE_Leng": 256.68819670200003, "SHAPE_Area": 4036.4077464400002, "Town": "Allama Iqbal Town", "UC_N0": "UC_120", "Landuse": "V", "KA": null, "Name": null, "Plot_No": null, "Road_Wdth": "30", "Plot_Size": "18 M", "__source_file": "PCSIR.shp" }, "geometry": { "type": "Polygon", "coordinates": [ [ [ 74.257319779018815, 31.453781115835106 ], [ 74.257192323310164, 31.45370442099377 ], [ 74.257019912335068, 31.453909898406195 ], [ 74.257106641455096, 31.453961507926934 ], [ 74.257153533285361, 31.453988715268412 ], [ 74.257319779018815, 31.453781115835106 ] ] ] } },
{ "type": "Feature", "properties": { "OBJECTID": 161826, "SHAPE_Leng": 121.893574708, "SHAPE_Area": 841.375309958, "Town": "Allama Iqbal Town", "UC_N0": "UC_120", "Landuse": "V", "KA": null, "Name": null, "Plot_No": null, "Road_Wdth": "30'", "Plot_Size": "9 M", "__source_file": "PCSIR.shp" }, "geometry": { "type": "Polygon", "coordinates": [ [ [ 74.260579865335757, 31.451440651744015 ], [ 74.260661572994039, 31.45161799354495 ], [ 74.260765707852329, 31.451579712602641 ], [ 74.260680654525586, 31.451403639756379 ], [ 74.260579865335757, 31.451440651744015 ] ] ] } },
{ "type": "Feature", "properties": { "OBJECTID": 161828, "SHAPE_Leng": 94.888745706799995, "SHAPE_Area": 556.30913529700001, "Town": "Allama Iqbal Town", "UC_N0": "UC_120", "Landuse": "V", "KA": null, "Name": null, "Plot_No": null, "Road_Wdth": "30'", "Plot_Size": "9 M", "__source_file": "PCSIR.shp" }, "geometry": { "type": "Polygon", "coordinates": [ [ [ 74.26008453975092, 31.451622544582165 ], [ 74.260160227044921, 31.451802685319826 ], [ 74.260272882635576, 31.451761183700494 ], [ 74.260186549455398, 31.451585085102348 ], [ 74.26008453975092, 31.451622544582165 ] ] ] } },
{ "type": "Feature", "properties": { "OBJECTID": 161830, "SHAPE_Leng": 174.43366964699999, "SHAPE_Area": 1401.81107146, "Town": "Allama Iqbal Town", "UC_N0": "UC_120", "Landuse": "V", "KA": null, "Name": null, "Plot_No": null, "Road_Wdth": "30'", "Plot_Size": "9 M", "__source_file": "PCSIR.shp" }, "geometry": { "type": "Polygon", "coordinates": [ [ [ 74.259751405312045, 31.451744875763204 ], [ 74.259843460821557, 31.451919378543082 ], [ 74.259921599300881, 31.451890593222124 ], [ 74.259827689374092, 31.451716863160094 ], [ 74.259751405312045, 31.451744875763204 ] ] ] } },
{ "type": "Feature", "properties": { "OBJECTID": 161830, "SHAPE_Leng": 174.43366964699999, "SHAPE_Area": 1401.81107146, "Town": "Allama Iqbal Town", "UC_N0": "UC_120", "Landuse": "V", "KA": null, "Name": null, "Plot_No": null, "Road_Wdth": "30'", "Plot_Size": "9 M", "__source_file": "PCSIR.shp" }, "geometry": { "type": "Polygon", "coordinates": [ [ [ 74.259695064286547, 31.45176556495667 ], [ 74.259776956506002, 31.451943877919476 ], [ 74.259843460821557, 31.451919378543082 ], [ 74.259751405312045, 31.451744875763204 ], [ 74.259695064286547, 31.45176556495667 ] ] ] } },
{ "type": "Feature", "properties": { "OBJECTID": 0, "SHAPE_Leng": 0.0, "SHAPE_Area": 0.0, "Town": null, "UC_N0": null, "Landuse": "PB", "KA": null, "Name": "Disposal Station", "Plot_No": null, "Road_Wdth": "120'", "Plot_Size": "1.2K", "__source_file": "PCSIR.shp" }, "geometry": { "type": "Polygon", "coordinates": [ [ [ 74.259440699258775, 31.454059381775721 ], [ 74.259245566266827, 31.454274798614069 ], [ 74.259265323929611, 31.454272985188307 ], [ 74.259724914688206, 31.454230800033599 ], [ 74.259440699258775, 31.454059381775721 ] ] ] } },
{ "type": "Feature", "properties": { "OBJECTID": 0, "SHAPE_Leng": 0.0, "SHAPE_Area": 0.0, "Town": null, "UC_N0": null, "Landuse": "Pb", "KA": null, "Name": null, "Plot_No": null, "Road_Wdth": "120'", "Plot_Size": "5.15 K", "__source_file": "PCSIR.shp" }, "geometry": { "type": "Polygon", "coordinates": [ [ [ 74.259245566266827, 31.454274798614069 ], [ 74.259440699258775, 31.454059381775721 ], [ 74.259125285898392, 31.453869145714336 ], [ 74.258910974653134, 31.454082035729936 ], [ 74.258902333347976, 31.454090619701017 ], [ 74.258733915745211, 31.454257919435552 ], [ 74.25866987905566, 31.454288393186353 ], [ 74.258708971699349, 31.45431178743619 ], [ 74.258813424746776, 31.454305754283233 ], [ 74.259069347295593, 31.454290972454697 ], [ 74.259245566266827, 31.454274798614069 ] ] ] } },
{ "type": "Feature", "properties": { "OBJECTID": 193094, "SHAPE_Leng": 288.45863824600002, "SHAPE_Area": 4809.4342331500002, "Town": "Allama Iqbal Town", "UC_N0": "UC_120", "Landuse": "V", "KA": null, "Name": null, "Plot_No": "672", "Road_Wdth": "30'", "Plot_Size": "4 K", "__source_file": "PCSIR.shp" }, "geometry": { "type": "Polygon", "coordinates": [ [ [ 74.260392211996518, 31.45357960311442 ], [ 74.260031223559508, 31.453704465959575 ], [ 74.260119774954688, 31.453888104583122 ], [ 74.260189708688856, 31.454033133205158 ], [ 74.260282489610873, 31.454081580808825 ], [ 74.260287930568083, 31.454084032900486 ], [ 74.260335119509818, 31.45410060501176 ], [ 74.260384896313269, 31.454110102371658 ], [ 74.260407773835226, 31.454111988403941 ], [ 74.260446416093984, 31.454099173495209 ], [ 74.26063683269156, 31.454035663674237 ], [ 74.260482525131238, 31.453750411022455 ], [ 74.260431514996284, 31.453656113372666 ], [ 74.260392211996518, 31.45357960311442 ] ] ] } },
{ "type": "Feature", "properties": { "OBJECTID": 193094, "SHAPE_Leng": 288.45863824600002, "SHAPE_Area": 4809.4342331500002, "Town": "Allama Iqbal Town", "UC_N0": "UC_120", "Landuse": "V", "KA": null, "Name": null, "Plot_No": null, "Road_Wdth": "50'", "Plot_Size": "4 K", "__source_file": "PCSIR.shp" }, "geometry": { "type": "Polygon", "coordinates": [ [ [ 74.260392211996518, 31.45357960311442 ], [ 74.260313036580058, 31.453425473719093 ], [ 74.2601844480739, 31.453175151566789 ], [ 74.260153179878401, 31.453186606940701 ], [ 74.260112197291946, 31.453205311500522 ], [ 74.26007475216305, 31.453230557760556 ], [ 74.260061850542314, 31.453241736671298 ], [ 74.259928105740755, 31.453387219015333 ], [ 74.259895870369462, 31.453423767904898 ], [ 74.259979017363335, 31.453596199955314 ], [ 74.260031223559508, 31.453704465959575 ], [ 74.260392211996518, 31.45357960311442 ] ] ] } },
{ "type": "Feature", "properties": { "OBJECTID": 177187, "SHAPE_Leng": 116.878936686, "SHAPE_Area": 751.43381837000004, "Town": "Allama Iqbal Town", "UC_N0": "UC_120", "Landuse": "V", "KA": null, "Name": null, "Plot_No": "244", "Road_Wdth": "30'", "Plot_Size": "6 M", "__source_file": "PCSIR.shp" }, "geometry": { "type": "Polygon", "coordinates": [ [ [ 74.260745898238099, 31.453666496281929 ], [ 74.260723094803168, 31.453621911691645 ], [ 74.260543309990908, 31.453688164384882 ], [ 74.260565145934763, 31.45372996198881 ], [ 74.260745898238099, 31.453666496281929 ] ] ] } },
{ "type": "Feature", "properties": { "OBJECTID": 177187, "SHAPE_Leng": 116.878936686, "SHAPE_Area": 751.43381837000004, "Town": "Allama Iqbal Town", "UC_N0": "UC_120", "Landuse": "V", "KA": null, "Name": null, "Plot_No": null, "Road_Wdth": "30'", "Plot_Size": "6 M", "__source_file": "PCSIR.shp" }, "geometry": { "type": "Polygon", "coordinates": [ [ [ 74.260771185875385, 31.453715937856689 ], [ 74.260745898238099, 31.453666496281929 ], [ 74.260565145934763, 31.45372996198881 ], [ 74.260591806517013, 31.45378099469319 ], [ 74.260771185875385, 31.453715937856689 ] ] ] } },
{ "type": "Feature", "properties": { "OBJECTID": 177187, "SHAPE_Leng": 116.878936686, "SHAPE_Area": 751.43381837000004, "Town": "Allama Iqbal Town", "UC_N0": "UC_120", "Landuse": "V", "KA": null, "Name": null, "Plot_No": "249", "Road_Wdth": "30'", "Plot_Size": "6 M", "__source_file": "PCSIR.shp" }, "geometry": { "type": "Polygon", "coordinates": [ [ [ 74.260863755315157, 31.453896926168689 ], [ 74.260686135783502, 31.453961556410743 ], [ 74.260711715720745, 31.454010520578052 ], [ 74.260890738821075, 31.453949683170514 ], [ 74.260863755315157, 31.453896926168689 ] ] ] } },
{ "type": "Feature", "properties": { "OBJECTID": 177187, "SHAPE_Leng": 116.878936686, "SHAPE_Area": 751.43381837000004, "Town": "Allama Iqbal Town", "UC_N0": "UC_120", "Landuse": "V", "KA": null, "Name": null, "Plot_No": null, "Road_Wdth": "30'", "Plot_Size": "6 M", "__source_file": "PCSIR.shp" }, "geometry": { "type": "Polygon", "coordinates": [ [ [ 74.260829879125424, 31.453830692794579 ], [ 74.260803290251644, 31.453778707219392 ], [ 74.260625064206053, 31.453844655252354 ], [ 74.260626449916273, 31.453847307722278 ], [ 74.260656894763059, 31.453905584266082 ], [ 74.260829879125424, 31.453830692794579 ] ] ] } },
{ "type": "Feature", "properties": { "OBJECTID": 177187, "SHAPE_Leng": 116.878936686, "SHAPE_Area": 751.43381837000004, "Town": "Allama Iqbal Town", "UC_N0": "UC_120", "Landuse": "V", "KA": null, "Name": null, "Plot_No": null, "Road_Wdth": "30'", "Plot_Size": "6 M", "__source_file": "PCSIR.shp" }, "geometry": { "type": "Polygon", "coordinates": [ [ [ 74.260863755315157, 31.453896926168689 ], [ 74.260829879125424, 31.453830692794579 ], [ 74.260656894763059, 31.453905584266082 ], [ 74.260686135783502, 31.453961556410743 ], [ 74.260863755315157, 31.453896926168689 ] ] ] } },
{ "type": "Feature", "properties": { "OBJECTID": 177187, "SHAPE_Leng": 116.878936686, "SHAPE_Area": 751.43381837000004, "Town": "Allama Iqbal Town", "UC_N0": "UC_120", "Landuse": "V", "KA": null, "Name": null, "Plot_No": null, "Road_Wdth": "30'", "Plot_Size": "6 M", "__source_file": "PCSIR.shp" }, "geometry": { "type": "Polygon", "coordinates": [ [ [ 74.260803290251644, 31.453778707219392 ], [ 74.260771185875385, 31.453715937856689 ], [ 74.260591806517013, 31.45378099469319 ], [ 74.260625064206053, 31.453844655252354 ], [ 74.260803290251644, 31.453778707219392 ] ] ] } },
{ "type": "Feature", "properties": { "OBJECTID": 177187, "SHAPE_Leng": 116.878936686, "SHAPE_Area": 751.43381837000004, "Town": "Allama Iqbal Town", "UC_N0": "UC_120", "Landuse": "V", "KA": null, "Name": null, "Plot_No": "243", "Road_Wdth": "30'", "Plot_Size": "9 M", "__source_file": "PCSIR.shp" }, "geometry": { "type": "Polygon", "coordinates": [ [ [ 74.260873142526378, 31.453753671207036 ], [ 74.260795534096985, 31.453595217046534 ], [ 74.260768217744044, 31.453605283333779 ], [ 74.260723094803168, 31.453621911691645 ], [ 74.260803358987687, 31.453778841609562 ], [ 74.260873142526378, 31.453753671207036 ] ] ] } },
{ "type": "Feature", "properties": { "OBJECTID": 177187, "SHAPE_Leng": 116.878936686, "SHAPE_Area": 751.43381837000004, "Town": "Allama Iqbal Town", "UC_N0": "UC_120", "Landuse": "V", "KA": null, "Name": null, "Plot_No": null, "Road_Wdth": "30'", "Plot_Size": "9 M", "__source_file": "PCSIR.shp" }, "geometry": { "type": "Polygon", "coordinates": [ [ [ 74.261487488980634, 31.453532078776835 ], [ 74.261400886732545, 31.45337213489486 ], [ 74.261340376152461, 31.453394434161261 ], [ 74.261323088993691, 31.453400804843934 ], [ 74.26140909605239, 31.453560355031968 ], [ 74.261487488980634, 31.453532078776835 ] ] ] } },
{ "type": "Feature", "properties": { "OBJECTID": 177187, "SHAPE_Leng": 116.878936686, "SHAPE_Area": 751.43381837000004, "Town": "Allama Iqbal Town", "UC_N0": "UC_120", "Landuse": "V", "KA": null, "Name": null, "Plot_No": null, "Road_Wdth": "30'", "Plot_Size": "9 M", "__source_file": "PCSIR.shp" }, "geometry": { "type": "Polygon", "coordinates": [ [ [ 74.261317877485951, 31.453593257400229 ], [ 74.261237822686113, 31.453432227201279 ], [ 74.261159044615184, 31.453461258298709 ], [ 74.261235755707887, 31.453622878497828 ], [ 74.261317877485951, 31.453593257400229 ] ] ] } },
{ "type": "Feature", "properties": { "OBJECTID": 177187, "SHAPE_Leng": 116.878936686, "SHAPE_Area": 751.43381837000004, "Town": "Allama Iqbal Town", "UC_N0": "UC_120", "Landuse": "V", "KA": null, "Name": null, "Plot_No": null, "Road_Wdth": "30'", "Plot_Size": "9 M", "__source_file": "PCSIR.shp" }, "geometry": { "type": "Polygon", "coordinates": [ [ [ 74.261235755707887, 31.453622878497828 ], [ 74.261159044615184, 31.453461258298709 ], [ 74.261079784778545, 31.453490466867692 ], [ 74.261153234468139, 31.453652643607729 ], [ 74.261235755707887, 31.453622878497828 ] ] ] } },
{ "type": "Feature", "properties": { "OBJECTID": 177187, "SHAPE_Leng": 116.878936686, "SHAPE_Area": 751.43381837000004, "Town": "Allama Iqbal Town", "UC_N0": "UC_120", "Landuse": "R", "KA": null, "Name": null, "Plot_No": null, "Road_Wdth": "30'", "Plot_Size": "9 M", "__source_file": "PCSIR.shp" }, "geometry": { "type": "Polygon", "coordinates": [ [ [ 74.260962299699216, 31.453721512803423 ], [ 74.260882234763628, 31.453563267041154 ], [ 74.260865901029234, 31.453569286250875 ], [ 74.260795534096985, 31.453595217046534 ], [ 74.260873142526378, 31.453753671207036 ], [ 74.260962299699216, 31.453721512803423 ] ] ] } },
{ "type": "Feature", "properties": { "OBJECTID": 177187, "SHAPE_Leng": 116.878936686, "SHAPE_Area": 751.43381837000004, "Town": "Allama Iqbal Town", "UC_N0": "UC_120", "Landuse": "V", "KA": null, "Name": null, "Plot_No": null, "Road_Wdth": "30'", "Plot_Size": "9 M", "__source_file": "PCSIR.shp" }, "geometry": { "type": "Polygon", "coordinates": [ [ [ 74.261575267101563, 31.453500417213803 ], [ 74.261485054863471, 31.45334111731831 ], [ 74.261400886732545, 31.45337213489486 ], [ 74.261487488980634, 31.453532078776835 ], [ 74.261575267101563, 31.453500417213803 ] ] ] } },
{ "type": "Feature", "properties": { "OBJECTID": 177187, "SHAPE_Leng": 116.878936686, "SHAPE_Area": 751.43381837000004, "Town": "Allama Iqbal Town", "UC_N0": "UC_120", "Landuse": "V", "KA": null, "Name": null, "Plot_No": null, "Road_Wdth": "30'", "Plot_Size": "9 M", "__source_file": "PCSIR.shp" }, "geometry": { "type": "Polygon", "coordinates": [ [ [ 74.26105013767247, 31.453689830143528 ], [ 74.260972132823923, 31.453530138296152 ], [ 74.260882234763628, 31.453563267041154 ], [ 74.260962299699216, 31.453721512803423 ], [ 74.26105013767247, 31.453689830143528 ] ] ] } },
{ "type": "Feature", "properties": { "OBJECTID": 177187, "SHAPE_Leng": 116.878936686, "SHAPE_Area": 751.43381837000004, "Town": "Allama Iqbal Town", "UC_N0": "UC_120", "Landuse": "R", "KA": null, "Name": null, "Plot_No": null, "Road_Wdth": "30'", "Plot_Size": "9 M", "__source_file": "PCSIR.shp" }, "geometry": { "type": "Polygon", "coordinates": [ [ [ 74.26140909605239, 31.453560355031968 ], [ 74.261323088993691, 31.453400804843934 ], [ 74.261250963206436, 31.453427384683138 ], [ 74.261237822686113, 31.453432227201279 ], [ 74.261317877485951, 31.453593257400229 ], [ 74.26140909605239, 31.453560355031968 ] ] ] } },
{ "type": "Feature", "properties": { "OBJECTID": 177187, "SHAPE_Leng": 116.878936686, "SHAPE_Area": 751.43381837000004, "Town": "Allama Iqbal Town", "UC_N0": "UC_120", "Landuse": "V", "KA": null, "Name": null, "Plot_No": null, "Road_Wdth": "30'", "Plot_Size": "9 M", "__source_file": "PCSIR.shp" }, "geometry": { "type": "Polygon", "coordinates": [ [ [ 74.261153234468139, 31.453652643607729 ], [ 74.261079784778545, 31.453490466867692 ], [ 74.260972132823923, 31.453530138296152 ], [ 74.26105013767247, 31.453689830143528 ], [ 74.261153234468139, 31.453652643607729 ] ] ] } },
{ "type": "Feature", "properties": { "OBJECTID": 177187, "SHAPE_Leng": 116.878936686, "SHAPE_Area": 751.43381837000004, "Town": "Allama Iqbal Town", "UC_N0": "UC_120", "Landuse": "V", "KA": null, "Name": null, "Plot_No": "250", "Road_Wdth": "30'", "Plot_Size": "9 M", "__source_file": "PCSIR.shp" }, "geometry": { "type": "Polygon", "coordinates": [ [ [ 74.260957958236673, 31.453926839915631 ], [ 74.260873142526378, 31.453753671207036 ], [ 74.260803358987687, 31.453778841609562 ], [ 74.260890738821075, 31.453949683170514 ], [ 74.260957958236673, 31.453926839915631 ] ] ] } },
{ "type": "Feature", "properties": { "OBJECTID": 177187, "SHAPE_Leng": 116.878936686, "SHAPE_Area": 751.43381837000004, "Town": "Allama Iqbal Town", "UC_N0": "UC_120", "Landuse": "V", "KA": null, "Name": null, "Plot_No": null, "Road_Wdth": "30'", "Plot_Size": "9 M", "__source_file": "PCSIR.shp" }, "geometry": { "type": "Polygon", "coordinates": [ [ [ 74.26158390871835, 31.453710153677203 ], [ 74.261487488980649, 31.453532078776835 ], [ 74.26140909605239, 31.453560355031968 ], [ 74.261504726127498, 31.453737756016736 ], [ 74.26158390871835, 31.453710153677203 ] ] ] } },
{ "type": "Feature", "properties": { "OBJECTID": 177187, "SHAPE_Leng": 116.878936686, "SHAPE_Area": 751.43381837000004, "Town": "Allama Iqbal Town", "UC_N0": "UC_120", "Landuse": "V", "KA": null, "Name": null, "Plot_No": null, "Road_Wdth": "30'", "Plot_Size": "9 M", "__source_file": "PCSIR.shp" }, "geometry": { "type": "Polygon", "coordinates": [ [ [ 74.261320724980948, 31.453801896909034 ], [ 74.261235755707887, 31.453622878497828 ], [ 74.261153234468139, 31.453652643607729 ], [ 74.261234451849717, 31.453831970706158 ], [ 74.261320724980948, 31.453801896909034 ] ] ] } },
{ "type": "Feature", "properties": { "OBJECTID": 177187, "SHAPE_Leng": 116.878936686, "SHAPE_Area": 751.43381837000004, "Town": "Allama Iqbal Town", "UC_N0": "UC_120", "Landuse": "V", "KA": null, "Name": null, "Plot_No": null, "Road_Wdth": "30'", "Plot_Size": "9 M", "__source_file": "PCSIR.shp" }, "geometry": { "type": "Polygon", "coordinates": [ [ [ 74.261406701606617, 31.453771926392715 ], [ 74.261317877485951, 31.453593257400229 ], [ 74.261235755707887, 31.453622878497828 ], [ 74.261320724980948, 31.453801896909034 ], [ 74.261406701606617, 31.453771926392715 ] ] ] } },
{ "type": "Feature", "properties": { "OBJECTID": 177187, "SHAPE_Leng": 116.878936686, "SHAPE_Area": 751.43381837000004, "Town": "Allama Iqbal Town", "UC_N0": "UC_120", "Landuse": "V", "KA": null, "Name": null, "Plot_No": null, "Road_Wdth": "30'", "Plot_Size": "9 M", "__source_file": "PCSIR.shp" }, "geometry": { "type": "Polygon", "coordinates": [ [ [ 74.261136284910123, 31.453866190449862 ], [ 74.26105013767247, 31.453689830143528 ], [ 74.260962299699216, 31.453721512803423 ], [ 74.261050307481284, 31.453895456684535 ], [ 74.261130770294344, 31.453868112771602 ], [ 74.261136284910123, 31.453866190449862 ] ] ] } },
{ "type": "Feature", "properties": { "OBJECTID": 177187, "SHAPE_Leng": 116.878936686, "SHAPE_Area": 751.43381837000004, "Town": "Allama Iqbal Town", "UC_N0": "UC_120", "Landuse": "V", "KA": null, "Name": null, "Plot_No": null, "Road_Wdth": "30'", "Plot_Size": "9 M", "__source_file": "PCSIR.shp" }, "geometry": { "type": "Polygon", "coordinates": [ [ [ 74.261050307481284, 31.453895456684535 ], [ 74.260962299699216, 31.453721512803423 ], [ 74.260873142526378, 31.453753671207036 ], [ 74.260957958236673, 31.453926839915631 ], [ 74.261050307481284, 31.453895456684535 ] ] ] } },
{ "type": "Feature", "properties": { "OBJECTID": 177187, "SHAPE_Leng": 116.878936686, "SHAPE_Area": 751.43381837000004, "Town": "Allama Iqbal Town", "UC_N0": "UC_120", "Landuse": "V", "KA": null, "Name": null, "Plot_No": null, "Road_Wdth": "30'", "Plot_Size": "9 M", "__source_file": "PCSIR.shp" }, "geometry": { "type": "Polygon", "coordinates": [ [ [ 74.261675885191977, 31.453678091422645 ], [ 74.261575267101563, 31.453500417213803 ], [ 74.261487488980649, 31.453532078776835 ], [ 74.26158390871835, 31.453710153677203 ], [ 74.261675885191977, 31.453678091422645 ] ] ] } },
{ "type": "Feature", "properties": { "OBJECTID": 177187, "SHAPE_Leng": 116.878936686, "SHAPE_Area": 751.43381837000004, "Town": "Allama Iqbal Town", "UC_N0": "UC_120", "Landuse": "V", "KA": null, "Name": null, "Plot_No": null, "Road_Wdth": "30'", "Plot_Size": "9 M", "__source_file": "PCSIR.shp" }, "geometry": { "type": "Polygon", "coordinates": [ [ [ 74.261504726127498, 31.453737756016736 ], [ 74.26140909605239, 31.453560355031968 ], [ 74.261317877485951, 31.453593257400229 ], [ 74.261406701606617, 31.453771926392715 ], [ 74.261504726127498, 31.453737756016736 ] ] ] } },
{ "type": "Feature", "properties": { "OBJECTID": 177187, "SHAPE_Leng": 116.878936686, "SHAPE_Area": 751.43381837000004, "Town": "Allama Iqbal Town", "UC_N0": "UC_120", "Landuse": "V", "KA": null, "Name": null, "Plot_No": "259", "Road_Wdth": "30'", "Plot_Size": "9 M", "__source_file": "PCSIR.shp" }, "geometry": { "type": "Polygon", "coordinates": [ [ [ 74.261772681088118, 31.453641929258733 ], [ 74.26168344063035, 31.453461398915294 ], [ 74.261639015847621, 31.453477422993327 ], [ 74.261575267101563, 31.453500417213803 ], [ 74.261675885191977, 31.453678091422645 ], [ 74.261729993435225, 31.453659229685417 ], [ 74.261755362701464, 31.453650386134491 ], [ 74.261772681088118, 31.453641929258733 ] ] ] } },
{ "type": "Feature", "properties": { "OBJECTID": 177187, "SHAPE_Leng": 116.878936686, "SHAPE_Area": 751.43381837000004, "Town": "Allama Iqbal Town", "UC_N0": "UC_120", "Landuse": "V", "KA": null, "Name": null, "Plot_No": "234", "Road_Wdth": "30'", "Plot_Size": "9 M", "__source_file": "PCSIR.shp" }, "geometry": { "type": "Polygon", "coordinates": [ [ [ 74.261680107871086, 31.453454656844759 ], [ 74.261602574950544, 31.453297809271909 ], [ 74.2615574562017, 31.453314436172182 ], [ 74.261526463807982, 31.453325857297035 ], [ 74.261485054863471, 31.45334111731831 ], [ 74.261575267101563, 31.453500417213803 ], [ 74.261639015847621, 31.453477422993327 ], [ 74.26168344063035, 31.453461398915294 ], [ 74.261680107871086, 31.453454656844759 ] ] ] } },
{ "type": "Feature", "properties": { "OBJECTID": 177193, "SHAPE_Leng": 249.75556417300001, "SHAPE_Area": 2771.4069673499998, "Town": "Allama Iqbal Town", "UC_N0": "UC_120", "Landuse": "R", "KA": null, "Name": null, "Plot_No": null, "Road_Wdth": "50'", "Plot_Size": "18 M", "__source_file": "PCSIR.shp" }, "geometry": { "type": "Polygon", "coordinates": [ [ [ 74.261248121214209, 31.452785449166363 ], [ 74.261369097617234, 31.453020328277788 ], [ 74.261450379636457, 31.452989919206086 ], [ 74.261333790866047, 31.452754061303967 ], [ 74.261248121214209, 31.452785449166363 ] ] ] } },
{ "type": "Feature", "properties": { "OBJECTID": 177200, "SHAPE_Leng": 218.70099709300001, "SHAPE_Area": 2257.0753890300002, "Town": "Allama Iqbal Town", "UC_N0": "UC_120", "Landuse": "R", "KA": null, "Name": null, "Plot_No": "217", "Road_Wdth": "50'", "Plot_Size": "18 M", "__source_file": "PCSIR.shp" }, "geometry": { "type": "Polygon", "coordinates": [ [ [ 74.26108390419715, 31.452452595627356 ], [ 74.261209241293145, 31.452682358739157 ], [ 74.261287382621489, 31.452653900255498 ], [ 74.261169829495643, 31.452420598053536 ], [ 74.26108390419715, 31.452452595627356 ] ] ] } },
{ "type": "Feature", "properties": { "OBJECTID": 177195, "SHAPE_Leng": 115.87792132200001, "SHAPE_Area": 837.92235373200003, "Town": "Allama Iqbal Town", "UC_N0": "UC_120", "Landuse": "V", "KA": null, "Name": null, "Plot_No": "233", "Road_Wdth": "30'", "Plot_Size": "18 M", "__source_file": "PCSIR.shp" }, "geometry": { "type": "Polygon", "coordinates": [ [ [ 74.261369097617234, 31.453020328277788 ], [ 74.261496922648533, 31.453268502818773 ], [ 74.261574192108924, 31.453240390473859 ], [ 74.261450379636457, 31.452989919206086 ], [ 74.261369097617234, 31.453020328277788 ] ] ] } },
{ "type": "Feature", "properties": { "OBJECTID": 177195, "SHAPE_Leng": 115.87792132200001, "SHAPE_Area": 837.92235373200003, "Town": "Allama Iqbal Town", "UC_N0": "UC_120", "Landuse": "R", "KA": null, "Name": null, "Plot_No": null, "Road_Wdth": "30'", "Plot_Size": "18 M", "__source_file": "PCSIR.shp" }, "geometry": { "type": "Polygon", "coordinates": [ [ [ 74.261067875851339, 31.453424597738216 ], [ 74.260944583356931, 31.453179144997019 ], [ 74.260932131700827, 31.453183803305684 ], [ 74.260818012147752, 31.453226496652537 ], [ 74.260942110613556, 31.453470352956021 ], [ 74.261052488233133, 31.45343019600989 ], [ 74.261067875851339, 31.453424597738216 ] ] ] } },
{ "type": "Feature", "properties": { "OBJECTID": 177195, "SHAPE_Leng": 115.87792132200001, "SHAPE_Area": 837.92235373200003, "Town": "Allama Iqbal Town", "UC_N0": "UC_120", "Landuse": "V", "KA": null, "Name": null, "Plot_No": null, "Road_Wdth": "30'", "Plot_Size": "18 M", "__source_file": "PCSIR.shp" }, "geometry": { "type": "Polygon", "coordinates": [ [ [ 74.260794205727905, 31.45352416265003 ], [ 74.260670966387892, 31.453281507837048 ], [ 74.260530642132778, 31.453334004224882 ], [ 74.26065545112931, 31.453574643139206 ], [ 74.260794205727905, 31.45352416265003 ] ] ] } },
{ "type": "Feature", "properties": { "OBJECTID": 177195, "SHAPE_Leng": 115.87792132200001, "SHAPE_Area": 837.92235373200003, "Town": "Allama Iqbal Town", "UC_N0": "UC_120", "Landuse": "R", "KA": null, "Name": null, "Plot_No": null, "Road_Wdth": "30'", "Plot_Size": "18 M", "__source_file": "PCSIR.shp" }, "geometry": { "type": "Polygon", "coordinates": [ [ [ 74.261345568213429, 31.453323568736643 ], [ 74.261224253612497, 31.45307451641543 ], [ 74.261184627535769, 31.45308934094567 ], [ 74.261084526592441, 31.453126790441878 ], [ 74.261208344379554, 31.453373492938464 ], [ 74.261300093119118, 31.453340113481769 ], [ 74.261345568213429, 31.453323568736643 ] ] ] } },
{ "type": "Feature", "properties": { "OBJECTID": 177195, "SHAPE_Leng": 115.87792132200001, "SHAPE_Area": 837.92235373200003, "Town": "Allama Iqbal Town", "UC_N0": "UC_120", "Landuse": "R", "KA": null, "Name": null, "Plot_No": null, "Road_Wdth": "30'", "Plot_Size": "18 M", "__source_file": "PCSIR.shp" }, "geometry": { "type": "Polygon", "coordinates": [ [ [ 74.261208344379554, 31.453373492938464 ], [ 74.261084526592441, 31.453126790441878 ], [ 74.261069324278409, 31.453132477881237 ], [ 74.260944583356931, 31.453179144997019 ], [ 74.261067875851339, 31.453424597738216 ], [ 74.261186735759338, 31.45338135443934 ], [ 74.261208344379554, 31.453373492938464 ] ] ] } },
{ "type": "Feature", "properties": { "OBJECTID": 177195, "SHAPE_Leng": 115.87792132200001, "SHAPE_Area": 837.92235373200003, "Town": "Allama Iqbal Town", "UC_N0": "UC_120", "Landuse": "V", "KA": null, "Name": null, "Plot_No": "226", "Road_Wdth": "30'", "Plot_Size": "18 M", "__source_file": "PCSIR.shp" }, "geometry": { "type": "Polygon", "coordinates": [ [ [ 74.26065545112931, 31.453574643139206 ], [ 74.260530642132778, 31.453334004224882 ], [ 74.260386468567972, 31.453387940446113 ], [ 74.260511385654226, 31.453627055567033 ], [ 74.26065545112931, 31.453574643139206 ] ] ] } },
{ "type": "Feature", "properties": { "OBJECTID": 177195, "SHAPE_Leng": 115.87792132200001, "SHAPE_Area": 837.92235373200003, "Town": "Allama Iqbal Town", "UC_N0": "UC_120", "Landuse": "V", "KA": null, "Name": null, "Plot_No": null, "Road_Wdth": "30'", "Plot_Size": "18 M", "__source_file": "PCSIR.shp" }, "geometry": { "type": "Polygon", "coordinates": [ [ [ 74.260942110613556, 31.453470352956021 ], [ 74.260818012147752, 31.453226496652537 ], [ 74.260670966387892, 31.453281507837048 ], [ 74.260794205727905, 31.45352416265003 ], [ 74.260942110613556, 31.453470352956021 ] ] ] } },
{ "type": "Feature", "properties": { "OBJECTID": 177193, "SHAPE_Leng": 249.75556417300001, "SHAPE_Area": 2771.4069673499998, "Town": "Allama Iqbal Town", "UC_N0": "UC_120", "Landuse": "V", "KA": null, "Name": null, "Plot_No": null, "Road_Wdth": "50'", "Plot_Size": "18 M", "__source_file": "PCSIR.shp" }, "geometry": { "type": "Polygon", "coordinates": [ [ [ 74.260944583356931, 31.453179144997019 ], [ 74.260824743828536, 31.452940565158645 ], [ 74.260696426740637, 31.452987577245644 ], [ 74.260818012147752, 31.453226496652537 ], [ 74.260932131700827, 31.453183803305684 ], [ 74.260944583356931, 31.453179144997019 ] ] ] } },
{ "type": "Feature", "properties": { "OBJECTID": 177193, "SHAPE_Leng": 249.75556417300001, "SHAPE_Area": 2771.4069673499998, "Town": "Allama Iqbal Town", "UC_N0": "UC_120", "Landuse": "V", "KA": null, "Name": null, "Plot_No": null, "Road_Wdth": "50'", "Plot_Size": "18 M", "__source_file": "PCSIR.shp" }, "geometry": { "type": "Polygon", "coordinates": [ [ [ 74.261084526592441, 31.453126790441878 ], [ 74.260965229779728, 31.452889094509473 ], [ 74.260824743828536, 31.452940565158645 ], [ 74.260944583356931, 31.453179144997019 ], [ 74.261069324278409, 31.453132477881237 ], [ 74.261084526592441, 31.453126790441878 ] ] ] } },
{ "type": "Feature", "properties": { "OBJECTID": 177193, "SHAPE_Leng": 249.75556417300001, "SHAPE_Area": 2771.4069673499998, "Town": "Allama Iqbal Town", "UC_N0": "UC_120", "Landuse": "V", "KA": null, "Name": null, "Plot_No": null, "Road_Wdth": "50'", "Plot_Size": "18 M", "__source_file": "PCSIR.shp" }, "geometry": { "type": "Polygon", "coordinates": [ [ [ 74.261224253612482, 31.45307451641543 ], [ 74.261108386069665, 31.452836645294592 ], [ 74.260965229779728, 31.452889094509473 ], [ 74.261084526592441, 31.453126790441878 ], [ 74.261184627535769, 31.45308934094567 ], [ 74.261224253612482, 31.45307451641543 ] ] ] } },
{ "type": "Feature", "properties": { "OBJECTID": 177193, "SHAPE_Leng": 249.75556417300001, "SHAPE_Area": 2771.4069673499998, "Town": "Allama Iqbal Town", "UC_N0": "UC_120", "Landuse": "R", "KA": null, "Name": null, "Plot_No": null, "Road_Wdth": "50'", "Plot_Size": "18 M", "__source_file": "PCSIR.shp" }, "geometry": { "type": "Polygon", "coordinates": [ [ [ 74.261369097617234, 31.453020328277788 ], [ 74.261248121214209, 31.452785449166363 ], [ 74.261195423070802, 31.452804756805445 ], [ 74.261108386069665, 31.452836645294592 ], [ 74.261224253612482, 31.45307451641543 ], [ 74.261306884714585, 31.453043603199937 ], [ 74.261369097617234, 31.453020328277788 ] ] ] } },
{ "type": "Feature", "properties": { "OBJECTID": 177193, "SHAPE_Leng": 249.75556417300001, "SHAPE_Area": 2771.4069673499998, "Town": "Allama Iqbal Town", "UC_N0": "UC_120", "Landuse": "V", "KA": null, "Name": null, "Plot_No": null, "Road_Wdth": "50'", "Plot_Size": "18 M", "__source_file": "PCSIR.shp" }, "geometry": { "type": "Polygon", "coordinates": [ [ [ 74.260670966387892, 31.453281507837048 ], [ 74.260549099469159, 31.453041553957569 ], [ 74.260406128915363, 31.45309393426329 ], [ 74.260530642132736, 31.453334004224882 ], [ 74.260670966387892, 31.453281507837048 ] ] ] } },
{ "type": "Feature", "properties": { "OBJECTID": 177193, "SHAPE_Leng": 249.75556417300001, "SHAPE_Area": 2771.4069673499998, "Town": "Allama Iqbal Town", "UC_N0": "UC_120", "Landuse": "V", "KA": null, "Name": null, "Plot_No": "225", "Road_Wdth": "50'", "Plot_Size": "18 M", "__source_file": "PCSIR.shp" }, "geometry": { "type": "Polygon", "coordinates": [ [ [ 74.260530642132736, 31.453334004224882 ], [ 74.260406128915363, 31.45309393426329 ], [ 74.26026070913538, 31.453147211669677 ], [ 74.260386468567972, 31.453387940446113 ], [ 74.260530642132736, 31.453334004224882 ] ] ] } },
{ "type": "Feature", "properties": { "OBJECTID": 193083, "SHAPE_Leng": 275.66199575500002, "SHAPE_Area": 3087.6558299899998, "Town": "Allama Iqbal Town", "UC_N0": "UC_120", "Landuse": "V", "KA": null, "Name": null, "Plot_No": null, "Road_Wdth": "30'", "Plot_Size": "18 M", "__source_file": "PCSIR.shp" }, "geometry": { "type": "Polygon", "coordinates": [ [ [ 74.260958454663182, 31.452222625170794 ], [ 74.26108390419715, 31.452452595627356 ], [ 74.261169829495643, 31.452420598053536 ], [ 74.261052463471472, 31.45218766673252 ], [ 74.260958454663182, 31.452222625170794 ] ] ] } },
{ "type": "Feature", "properties": { "OBJECTID": 193083, "SHAPE_Leng": 275.66199575500002, "SHAPE_Area": 3087.6558299899998, "Town": "Allama Iqbal Town", "UC_N0": "UC_120", "Landuse": "V", "KA": null, "Name": null, "Plot_No": null, "Road_Wdth": "30'", "Plot_Size": "18 M", "__source_file": "PCSIR.shp" }, "geometry": { "type": "Polygon", "coordinates": [ [ [ 74.260814194898074, 31.452553031786586 ], [ 74.260692470426804, 31.452321534463355 ], [ 74.260572337703124, 31.452366206944689 ], [ 74.2606854769855, 31.452600964445484 ], [ 74.260814194898074, 31.452553031786586 ] ] ] } },
{ "type": "Feature", "properties": { "OBJECTID": 193083, "SHAPE_Leng": 275.66199575500002, "SHAPE_Area": 3087.6558299899998, "Town": "Allama Iqbal Town", "UC_N0": "UC_120", "Landuse": "V", "KA": null, "Name": null, "Plot_No": null, "Road_Wdth": "30'", "Plot_Size": "18 M", "__source_file": "PCSIR.shp" }, "geometry": { "type": "Polygon", "coordinates": [ [ [ 74.26094595759993, 31.452503965155376 ], [ 74.260827801051391, 31.452271210312475 ], [ 74.260692470426804, 31.452321534463355 ], [ 74.260814194898074, 31.452553031786586 ], [ 74.260902409311782, 31.452520181931593 ], [ 74.26094595759993, 31.452503965155376 ] ] ] } },
{ "type": "Feature", "properties": { "OBJECTID": 193083, "SHAPE_Leng": 275.66199575500002, "SHAPE_Area": 3087.6558299899998, "Town": "Allama Iqbal Town", "UC_N0": "UC_120", "Landuse": "V", "KA": null, "Name": null, "Plot_No": "209", "Road_Wdth": "30'", "Plot_Size": "18 M", "__source_file": "PCSIR.shp" }, "geometry": { "type": "Polygon", "coordinates": [ [ [ 74.260244351198978, 31.452765231841635 ], [ 74.260128113927308, 31.452531394368048 ], [ 74.259992252114714, 31.452581915015976 ], [ 74.260112363387449, 31.452814381344471 ], [ 74.260244351198978, 31.452765231841635 ] ] ] } },
{ "type": "Feature", "properties": { "OBJECTID": 193083, "SHAPE_Leng": 275.66199575500002, "SHAPE_Area": 3087.6558299899998, "Town": "Allama Iqbal Town", "UC_N0": "UC_120", "Landuse": "V", "KA": null, "Name": null, "Plot_No": null, "Road_Wdth": "30'", "Plot_Size": "18 M", "__source_file": "PCSIR.shp" }, "geometry": { "type": "Polygon", "coordinates": [ [ [ 74.26108390419715, 31.452452595627356 ], [ 74.260958454663182, 31.452222625170794 ], [ 74.260827801051391, 31.452271210312475 ], [ 74.26094595759993, 31.452503965155376 ], [ 74.26108390419715, 31.452452595627356 ] ] ] } },
{ "type": "Feature", "properties": { "OBJECTID": 193083, "SHAPE_Leng": 275.66199575500002, "SHAPE_Area": 3087.6558299899998, "Town": "Allama Iqbal Town", "UC_N0": "UC_120", "Landuse": "V", "KA": null, "Name": null, "Plot_No": null, "Road_Wdth": "30'", "Plot_Size": "18 M", "__source_file": "PCSIR.shp" }, "geometry": { "type": "Polygon", "coordinates": [ [ [ 74.2606854769855, 31.452600964445484 ], [ 74.260572337703124, 31.452366206944689 ], [ 74.260433715328148, 31.452417754782044 ], [ 74.260551068908953, 31.452651015845952 ], [ 74.2606854769855, 31.452600964445484 ] ] ] } },
{ "type": "Feature", "properties": { "OBJECTID": 193083, "SHAPE_Leng": 275.66199575500002, "SHAPE_Area": 3087.6558299899998, "Town": "Allama Iqbal Town", "UC_N0": "UC_120", "Landuse": "V", "KA": null, "Name": null, "Plot_No": null, "Road_Wdth": "30'", "Plot_Size": "18 M", "__source_file": "PCSIR.shp" }, "geometry": { "type": "Polygon", "coordinates": [ [ [ 74.260551068908953, 31.452651015845952 ], [ 74.260433715328148, 31.452417754782044 ], [ 74.260293052623211, 31.452470061119477 ], [ 74.260397833940559, 31.452708077838309 ], [ 74.260551068908953, 31.452651015845952 ] ] ] } },
{ "type": "Feature", "properties": { "OBJECTID": 177200, "SHAPE_Leng": 218.70099709300001, "SHAPE_Area": 2257.0753890300002, "Town": "Allama Iqbal Town", "UC_N0": "UC_120", "Landuse": "V", "KA": null, "Name": null, "Plot_No": "210", "Road_Wdth": "50'", "Plot_Size": "18 M", "__source_file": "PCSIR.shp" }, "geometry": { "type": "Polygon", "coordinates": [ [ [ 74.260357372140192, 31.452992597746089 ], [ 74.260244351198949, 31.452765231841603 ], [ 74.260112363387449, 31.452814381344471 ], [ 74.260228664375546, 31.453039470617227 ], [ 74.260357372140192, 31.452992597746089 ] ] ] } },
{ "type": "Feature", "properties": { "OBJECTID": 177200, "SHAPE_Leng": 218.70099709300001, "SHAPE_Area": 2257.0753890300002, "Town": "Allama Iqbal Town", "UC_N0": "UC_120", "Landuse": "R", "KA": null, "Name": null, "Plot_No": null, "Road_Wdth": "50'", "Plot_Size": "18 M", "__source_file": "PCSIR.shp" }, "geometry": { "type": "Polygon", "coordinates": [ [ [ 74.261063468929891, 31.452735447761711 ], [ 74.26094595759993, 31.452503965155376 ], [ 74.260902409311782, 31.452520181931593 ], [ 74.260814194898074, 31.452553031786586 ], [ 74.260934759609981, 31.452782322245376 ], [ 74.261019317362312, 31.452751527332364 ], [ 74.261063468929891, 31.452735447761711 ] ] ] } },
{ "type": "Feature", "properties": { "OBJECTID": 177200, "SHAPE_Leng": 218.70099709300001, "SHAPE_Area": 2257.0753890300002, "Town": "Allama Iqbal Town", "UC_N0": "UC_120", "Landuse": "V", "KA": null, "Name": null, "Plot_No": null, "Road_Wdth": "50'", "Plot_Size": "18 M", "__source_file": "PCSIR.shp" }, "geometry": { "type": "Polygon", "coordinates": [ [ [ 74.26079705141558, 31.45283247374396 ], [ 74.260685476985529, 31.452600964445484 ], [ 74.260551068908953, 31.452651015845991 ], [ 74.260666314717298, 31.452880086128001 ], [ 74.26079705141558, 31.45283247374396 ] ] ] } },
{ "type": "Feature", "properties": { "OBJECTID": 177200, "SHAPE_Leng": 218.70099709300001, "SHAPE_Area": 2257.0753890300002, "Town": "Allama Iqbal Town", "UC_N0": "UC_120", "Landuse": "V", "KA": null, "Name": null, "Plot_No": null, "Road_Wdth": "50'", "Plot_Size": "18 M", "__source_file": "PCSIR.shp" }, "geometry": { "type": "Polygon", "coordinates": [ [ [ 74.260934759609981, 31.452782322245376 ], [ 74.260814194898074, 31.452553031786586 ], [ 74.260685476985529, 31.452600964445484 ], [ 74.26079705141558, 31.45283247374396 ], [ 74.260934759609981, 31.452782322245376 ] ] ] } },
{ "type": "Feature", "properties": { "OBJECTID": 177200, "SHAPE_Leng": 218.70099709300001, "SHAPE_Area": 2257.0753890300002, "Town": "Allama Iqbal Town", "UC_N0": "UC_120", "Landuse": "R", "KA": null, "Name": null, "Plot_No": null, "Road_Wdth": "50'", "Plot_Size": "18 M", "__source_file": "PCSIR.shp" }, "geometry": { "type": "Polygon", "coordinates": [ [ [ 74.261209241293145, 31.452682358739157 ], [ 74.26108390419715, 31.452452595627356 ], [ 74.26094595759993, 31.452503965155376 ], [ 74.261063468929891, 31.452735447761711 ], [ 74.261209241293145, 31.452682358739157 ] ] ] } },
{ "type": "Feature", "properties": { "OBJECTID": 177200, "SHAPE_Leng": 218.70099709300001, "SHAPE_Area": 2257.0753890300002, "Town": "Allama Iqbal Town", "UC_N0": "UC_120", "Landuse": "V", "KA": null, "Name": null, "Plot_No": null, "Road_Wdth": "50'", "Plot_Size": "18 M", "__source_file": "PCSIR.shp" }, "geometry": { "type": "Polygon", "coordinates": [ [ [ 74.260500190690593, 31.452940585792703 ], [ 74.260397833940587, 31.452708077838309 ], [ 74.260244351198949, 31.452765231841603 ], [ 74.260357372140192, 31.452992597746089 ], [ 74.260500190690593, 31.452940585792703 ] ] ] } },
{ "type": "Feature", "properties": { "OBJECTID": 193082, "SHAPE_Leng": 278.71603726199999, "SHAPE_Area": 3206.3362541199999, "Town": "Allama Iqbal Town", "UC_N0": "UC_120", "Landuse": "V", "KA": null, "Name": null, "Plot_No": null, "Road_Wdth": "30'", "Plot_Size": "18 M", "__source_file": "PCSIR.shp" }, "geometry": { "type": "Polygon", "coordinates": [ [ [ 74.260659378590631, 31.451696860093222 ], [ 74.260800409764599, 31.451933509848335 ], [ 74.260905366600483, 31.451895725168562 ], [ 74.260782407951368, 31.45165169102615 ], [ 74.260659378590631, 31.451696860093222 ] ] ] } },
{ "type": "Feature", "properties": { "OBJECTID": 193082, "SHAPE_Leng": 278.71603726199999, "SHAPE_Area": 3206.3362541199999, "Town": "Allama Iqbal Town", "UC_N0": "UC_120", "Landuse": "V", "KA": null, "Name": null, "Plot_No": null, "Road_Wdth": "30'", "Plot_Size": "18 M", "__source_file": "PCSIR.shp" }, "geometry": { "type": "Polygon", "coordinates": [ [ [ 74.259959471429852, 31.452236245180718 ], [ 74.259832419151294, 31.452000466207629 ], [ 74.259714245692095, 31.452043851270915 ], [ 74.259836520195861, 31.452280506763856 ], [ 74.259959471429852, 31.452236245180718 ] ] ] } },
{ "type": "Feature", "properties": { "OBJECTID": 193082, "SHAPE_Leng": 278.71603726199999, "SHAPE_Area": 3206.3362541199999, "Town": "Allama Iqbal Town", "UC_N0": "UC_120", "Landuse": "V", "KA": null, "Name": null, "Plot_No": null, "Road_Wdth": "30'", "Plot_Size": "18 M", "__source_file": "PCSIR.shp" }, "geometry": { "type": "Polygon", "coordinates": [ [ [ 74.260097609153689, 31.452186516510181 ], [ 74.259944185870225, 31.451959433114737 ], [ 74.259832419151294, 31.452000466207629 ], [ 74.259959471429852, 31.452236245180718 ], [ 74.259973203863737, 31.452231301590668 ], [ 74.260097609153689, 31.452186516510181 ] ] ] } },
{ "type": "Feature", "properties": { "OBJECTID": 193082, "SHAPE_Leng": 278.71603726199999, "SHAPE_Area": 3206.3362541199999, "Town": "Allama Iqbal Town", "UC_N0": "UC_120", "Landuse": "V", "KA": null, "Name": null, "Plot_No": null, "Road_Wdth": "30'", "Plot_Size": "18 M", "__source_file": "PCSIR.shp" }, "geometry": { "type": "Polygon", "coordinates": [ [ [ 74.260522464820056, 31.452033570041078 ], [ 74.26038348206788, 31.451798152301709 ], [ 74.260244541379279, 31.45184916245389 ], [ 74.260391371434793, 31.452080763380167 ], [ 74.260522464820056, 31.452033570041078 ] ] ] } },
{ "type": "Feature", "properties": { "OBJECTID": 193082, "SHAPE_Leng": 278.71603726199999, "SHAPE_Area": 3206.3362541199999, "Town": "Allama Iqbal Town", "UC_N0": "UC_120", "Landuse": "V", "KA": null, "Name": null, "Plot_No": null, "Road_Wdth": "30'", "Plot_Size": "18 M", "__source_file": "PCSIR.shp" }, "geometry": { "type": "Polygon", "coordinates": [ [ [ 74.260800409764599, 31.451933509848335 ], [ 74.260659378590631, 31.451696860093222 ], [ 74.260527073129609, 31.451745434611006 ], [ 74.260660216005206, 31.451983979710953 ], [ 74.260800409764599, 31.451933509848335 ] ] ] } },
{ "type": "Feature", "properties": { "OBJECTID": 193082, "SHAPE_Leng": 278.71603726199999, "SHAPE_Area": 3206.3362541199999, "Town": "Allama Iqbal Town", "UC_N0": "UC_120", "Landuse": "V", "KA": null, "Name": null, "Plot_No": null, "Road_Wdth": "30'", "Plot_Size": "18 M", "__source_file": "PCSIR.shp" }, "geometry": { "type": "Polygon", "coordinates": [ [ [ 74.260391371434793, 31.452080763380167 ], [ 74.260244541379279, 31.45184916245389 ], [ 74.260106315409899, 31.451899910000559 ], [ 74.260252870240024, 31.452130623316084 ], [ 74.260391371434793, 31.452080763380167 ] ] ] } },
{ "type": "Feature", "properties": { "OBJECTID": 193082, "SHAPE_Leng": 278.71603726199999, "SHAPE_Area": 3206.3362541199999, "Town": "Allama Iqbal Town", "UC_N0": "UC_120", "Landuse": "V", "KA": null, "Name": null, "Plot_No": null, "Road_Wdth": "30'", "Plot_Size": "18 M", "__source_file": "PCSIR.shp" }, "geometry": { "type": "Polygon", "coordinates": [ [ [ 74.260660216005206, 31.451983979710953 ], [ 74.260527073129609, 31.451745434611006 ], [ 74.26038348206788, 31.451798152301709 ], [ 74.260522464820056, 31.452033570041078 ], [ 74.260660216005206, 31.451983979710953 ] ] ] } },
{ "type": "Feature", "properties": { "OBJECTID": 177198, "SHAPE_Leng": 247.513242561, "SHAPE_Area": 2672.3130035300001, "Town": "Allama Iqbal Town", "UC_N0": "UC_120", "Landuse": "V", "KA": null, "Name": null, "Plot_No": "201", "Road_Wdth": "30'", "Plot_Size": "18 M", "__source_file": "PCSIR.shp" }, "geometry": { "type": "Polygon", "coordinates": [ [ [ 74.26080040976457, 31.451933509848335 ], [ 74.260933552626739, 31.452156921829136 ], [ 74.261020957746766, 31.452125136734008 ], [ 74.260905366600483, 31.451895725168562 ], [ 74.26080040976457, 31.451933509848335 ] ] ] } },
{ "type": "Feature", "properties": { "OBJECTID": 177198, "SHAPE_Leng": 247.513242561, "SHAPE_Area": 2672.3130035300001, "Town": "Allama Iqbal Town", "UC_N0": "UC_120", "Landuse": "R", "KA": null, "Name": null, "Plot_No": "194", "Road_Wdth": "30'", "Plot_Size": "18 M", "__source_file": "PCSIR.shp" }, "geometry": { "type": "Polygon", "coordinates": [ [ [ 74.260083333155109, 31.452466102001974 ], [ 74.259959471429852, 31.452236245180718 ], [ 74.259836520195861, 31.452280506763856 ], [ 74.259956284471031, 31.452512301786211 ], [ 74.260083333155109, 31.452466102001974 ] ] ] } },
{ "type": "Feature", "properties": { "OBJECTID": 177198, "SHAPE_Leng": 247.513242561, "SHAPE_Area": 2672.3130035300001, "Town": "Allama Iqbal Town", "UC_N0": "UC_120", "Landuse": "V", "KA": null, "Name": null, "Plot_No": null, "Road_Wdth": "30'", "Plot_Size": "18 M", "__source_file": "PCSIR.shp" }, "geometry": { "type": "Polygon", "coordinates": [ [ [ 74.260655074071337, 31.452258190721327 ], [ 74.260522464820056, 31.452033570041078 ], [ 74.260391371434793, 31.452080763380167 ], [ 74.260532188142307, 31.452302877998349 ], [ 74.260655074071337, 31.452258190721327 ] ] ] } },
{ "type": "Feature", "properties": { "OBJECTID": 177198, "SHAPE_Leng": 247.513242561, "SHAPE_Area": 2672.3130035300001, "Town": "Allama Iqbal Town", "UC_N0": "UC_120", "Landuse": "V", "KA": null, "Name": null, "Plot_No": null, "Road_Wdth": "30'", "Plot_Size": "18 M", "__source_file": "PCSIR.shp" }, "geometry": { "type": "Polygon", "coordinates": [ [ [ 74.260786575544998, 31.452210370235758 ], [ 74.260660216005206, 31.451983979710953 ], [ 74.260522464820056, 31.452033570041078 ], [ 74.260655074071337, 31.452258190721327 ], [ 74.260786575544998, 31.452210370235758 ] ] ] } },
{ "type": "Feature", "properties": { "OBJECTID": 177198, "SHAPE_Leng": 247.513242561, "SHAPE_Area": 2672.3130035300001, "Town": "Allama Iqbal Town", "UC_N0": "UC_120", "Landuse": "V", "KA": null, "Name": null, "Plot_No": null, "Road_Wdth": "30'", "Plot_Size": "18 M", "__source_file": "PCSIR.shp" }, "geometry": { "type": "Polygon", "coordinates": [ [ [ 74.260532188142307, 31.452302877998349 ], [ 74.260391371434793, 31.452080763380167 ], [ 74.260252870240024, 31.452130623316037 ], [ 74.260394172705531, 31.452353066904514 ], [ 74.260532188142307, 31.452302877998349 ] ] ] } },
{ "type": "Feature", "properties": { "OBJECTID": 177198, "SHAPE_Leng": 247.513242561, "SHAPE_Area": 2672.3130035300001, "Town": "Allama Iqbal Town", "UC_N0": "UC_120", "Landuse": "V", "KA": null, "Name": null, "Plot_No": null, "Road_Wdth": "30'", "Plot_Size": "18 M", "__source_file": "PCSIR.shp" }, "geometry": { "type": "Polygon", "coordinates": [ [ [ 74.260933552626739, 31.452156921829136 ], [ 74.26080040976457, 31.451933509848335 ], [ 74.260660216005206, 31.451983979710953 ], [ 74.260786575544998, 31.452210370235758 ], [ 74.260933552626739, 31.452156921829136 ] ] ] } },
{ "type": "Feature", "properties": { "OBJECTID": 177198, "SHAPE_Leng": 247.513242561, "SHAPE_Area": 2672.3130035300001, "Town": "Allama Iqbal Town", "UC_N0": "UC_120", "Landuse": "V", "KA": null, "Name": null, "Plot_No": null, "Road_Wdth": "30'", "Plot_Size": "18 M", "__source_file": "PCSIR.shp" }, "geometry": { "type": "Polygon", "coordinates": [ [ [ 74.260246433414224, 31.452406791635621 ], [ 74.260097609153675, 31.452186516510181 ], [ 74.259973203863737, 31.452231301590668 ], [ 74.259959471429852, 31.452236245180718 ], [ 74.260083333155109, 31.452466102001974 ], [ 74.260093771338063, 31.452462306269808 ], [ 74.260246433414224, 31.452406791635621 ] ] ] } },
{ "type": "Feature", "properties": { "OBJECTID": 193098, "SHAPE_Leng": 304.04453864099997, "SHAPE_Area": 3328.2142209399999, "Town": "Allama Iqbal Town", "UC_N0": "UC_120", "Landuse": "R", "KA": null, "Name": null, "Plot_No": null, "Road_Wdth": "30'", "Plot_Size": "18 M", "__source_file": "PCSIR.shp" }, "geometry": { "type": "Polygon", "coordinates": [ [ [ 74.261921498579355, 31.453437683706607 ], [ 74.261815029164325, 31.453219726246509 ], [ 74.261699834351163, 31.453261966990507 ], [ 74.261806016001842, 31.453479274386552 ], [ 74.261921498579355, 31.453437683706607 ] ] ] } },
{ "type": "Feature", "properties": { "OBJECTID": 172659, "SHAPE_Leng": 159.46294649399999, "SHAPE_Area": 1309.76083318, "Town": "Allama Iqbal Town", "UC_N0": "UC_120", "Landuse": "V", "KA": null, "Name": null, "Plot_No": null, "Road_Wdth": "30'", "Plot_Size": "9 M", "__source_file": "PCSIR.shp" }, "geometry": { "type": "Polygon", "coordinates": [ [ [ 74.262520901195515, 31.453221808247985 ], [ 74.262615336593328, 31.453411244839931 ], [ 74.262680431524814, 31.453386805900141 ], [ 74.2625923008722, 31.453196093350609 ], [ 74.262520901195515, 31.453221808247985 ] ] ] } },
{ "type": "Feature", "properties": { "OBJECTID": 172659, "SHAPE_Leng": 159.46294649399999, "SHAPE_Area": 1309.76083318, "Town": "Allama Iqbal Town", "UC_N0": "UC_120", "Landuse": "V", "KA": null, "Name": null, "Plot_No": null, "Road_Wdth": "30'", "Plot_Size": "9 M", "__source_file": "PCSIR.shp" }, "geometry": { "type": "Polygon", "coordinates": [ [ [ 74.262216171098615, 31.453561104675781 ], [ 74.262119644139958, 31.453366321673379 ], [ 74.262043070330193, 31.453393899669017 ], [ 74.262135409125136, 31.453591425161711 ], [ 74.262216171098615, 31.453561104675781 ] ] ] } },
{ "type": "Feature", "properties": { "OBJECTID": 172659, "SHAPE_Leng": 159.46294649399999, "SHAPE_Area": 1309.76083318, "Town": "Allama Iqbal Town", "UC_N0": "UC_120", "Landuse": "V", "KA": null, "Name": null, "Plot_No": null, "Road_Wdth": "30'", "Plot_Size": "9 M", "__source_file": "PCSIR.shp" }, "geometry": { "type": "Polygon", "coordinates": [ [ [ 74.262615336593328, 31.453411244839931 ], [ 74.262520901195515, 31.453221808247985 ], [ 74.262425984373891, 31.453255992861013 ], [ 74.262531542010507, 31.453442704222287 ], [ 74.262615336593328, 31.453411244839931 ] ] ] } },
{ "type": "Feature", "properties": { "OBJECTID": 172659, "SHAPE_Leng": 159.46294649399999, "SHAPE_Area": 1309.76083318, "Town": "Allama Iqbal Town", "UC_N0": "UC_120", "Landuse": "V", "KA": null, "Name": null, "Plot_No": null, "Road_Wdth": "30'", "Plot_Size": "9 M", "__source_file": "PCSIR.shp" }, "geometry": { "type": "Polygon", "coordinates": [ [ [ 74.262434059529042, 31.453479302418476 ], [ 74.262331043203702, 31.453290186147207 ], [ 74.262232520094798, 31.453325669375623 ], [ 74.262347773257673, 31.45351169709517 ], [ 74.262434059529042, 31.453479302418476 ] ] ] } },
{ "type": "Feature", "properties": { "OBJECTID": 172659, "SHAPE_Leng": 159.46294649399999, "SHAPE_Area": 1309.76083318, "Town": "Allama Iqbal Town", "UC_N0": "UC_120", "Landuse": "V", "KA": null, "Name": null, "Plot_No": null, "Road_Wdth": "30'", "Plot_Size": "9 M", "__source_file": "PCSIR.shp" }, "geometry": { "type": "Polygon", "coordinates": [ [ [ 74.262531542010507, 31.453442704222287 ], [ 74.262425984373891, 31.453255992861013 ], [ 74.262331043203702, 31.453290186147207 ], [ 74.262434059529042, 31.453479302418476 ], [ 74.262531542010507, 31.453442704222287 ] ] ] } },
{ "type": "Feature", "properties": { "OBJECTID": 172652, "SHAPE_Leng": 154.69211012299999, "SHAPE_Area": 1208.38864395, "Town": "Allama Iqbal Town", "UC_N0": "UC_120", "Landuse": "V", "KA": null, "Name": null, "Plot_No": null, "Road_Wdth": "30'", "Plot_Size": "9 M", "__source_file": "PCSIR.shp" }, "geometry": { "type": "Polygon", "coordinates": [ [ [ 74.263106656577307, 31.453226784632029 ], [ 74.263021630636288, 31.453041467751014 ], [ 74.262965829406866, 31.453061565332241 ], [ 74.26305301013231, 31.453246925585994 ], [ 74.263106656577307, 31.453226784632029 ] ] ] } },
{ "type": "Feature", "properties": { "OBJECTID": 172652, "SHAPE_Leng": 154.69211012299999, "SHAPE_Area": 1208.38864395, "Town": "Allama Iqbal Town", "UC_N0": "UC_120", "Landuse": "V", "KA": null, "Name": null, "Plot_No": null, "Road_Wdth": "30'", "Plot_Size": "9 M", "__source_file": "PCSIR.shp" }, "geometry": { "type": "Polygon", "coordinates": [ [ [ 74.263428084676832, 31.452895078853253 ], [ 74.263522414736997, 31.453070691846975 ], [ 74.263592014009959, 31.453044561221123 ], [ 74.263502574578638, 31.45286825027706 ], [ 74.263428084676832, 31.452895078853253 ] ] ] } },
{ "type": "Feature", "properties": { "OBJECTID": 172652, "SHAPE_Leng": 154.69211012299999, "SHAPE_Area": 1208.38864395, "Town": "Allama Iqbal Town", "UC_N0": "UC_120", "Landuse": "V", "KA": null, "Name": null, "Plot_No": null, "Road_Wdth": "30'", "Plot_Size": "9 M", "__source_file": "PCSIR.shp" }, "geometry": { "type": "Polygon", "coordinates": [ [ [ 74.263522414736997, 31.453070691846975 ], [ 74.263428084676832, 31.452895078853253 ], [ 74.26342572946794, 31.452895927113573 ], [ 74.263345519404737, 31.45292481574484 ], [ 74.263439630866031, 31.453101772481531 ], [ 74.263522414736997, 31.453070691846975 ] ] ] } },
{ "type": "Feature", "properties": { "OBJECTID": 172652, "SHAPE_Leng": 154.69211012299999, "SHAPE_Area": 1208.38864395, "Town": "Allama Iqbal Town", "UC_N0": "UC_120", "Landuse": "V", "KA": null, "Name": null, "Plot_No": null, "Road_Wdth": "30'", "Plot_Size": "9 M", "__source_file": "PCSIR.shp" }, "geometry": { "type": "Polygon", "coordinates": [ [ [ 74.263203761767031, 31.453190327501719 ], [ 74.263132076265762, 31.453001689572439 ], [ 74.26302652131254, 31.453039706305013 ], [ 74.263021630636288, 31.453041467751014 ], [ 74.263106656577307, 31.453226784632029 ], [ 74.263203761767031, 31.453190327501719 ] ] ] } },
{ "type": "Feature", "properties": { "OBJECTID": 172652, "SHAPE_Leng": 154.69211012299999, "SHAPE_Area": 1208.38864395, "Town": "Allama Iqbal Town", "UC_N0": "UC_120", "Landuse": "V", "KA": null, "Name": null, "Plot_No": null, "Road_Wdth": "30'", "Plot_Size": "9 M", "__source_file": "PCSIR.shp" }, "geometry": { "type": "Polygon", "coordinates": [ [ [ 74.263439630866031, 31.453101772481531 ], [ 74.263345519404737, 31.45292481574484 ], [ 74.263242492558007, 31.452961922017995 ], [ 74.263324840181554, 31.453144869730348 ], [ 74.263439630866031, 31.453101772481531 ] ] ] } },
{ "type": "Feature", "properties": { "OBJECTID": 172655, "SHAPE_Leng": 113.060672582, "SHAPE_Area": 797.53800881899997, "Town": "Allama Iqbal Town", "UC_N0": "UC_120", "Landuse": "V", "KA": null, "Name": null, "Plot_No": null, "Road_Wdth": "30'", "Plot_Size": "18 M", "__source_file": "PCSIR.shp" }, "geometry": { "type": "Polygon", "coordinates": [ [ [ 74.263247021956204, 31.452694617080699 ], [ 74.263348272280254, 31.452923824264328 ], [ 74.26342572946794, 31.452895927113573 ], [ 74.263313813191786, 31.452670124257594 ], [ 74.263247021956204, 31.452694617080699 ] ] ] } },
{ "type": "Feature", "properties": { "OBJECTID": 172655, "SHAPE_Leng": 113.060672582, "SHAPE_Area": 797.53800881899997, "Town": "Allama Iqbal Town", "UC_N0": "UC_120", "Landuse": "V", "KA": null, "Name": null, "Plot_No": null, "Road_Wdth": "30'", "Plot_Size": "18 M", "__source_file": "PCSIR.shp" }, "geometry": { "type": "Polygon", "coordinates": [ [ [ 74.263242492558007, 31.452961922017995 ], [ 74.263133406746135, 31.452736280479428 ], [ 74.263027930104016, 31.452774959290721 ], [ 74.263141258951578, 31.452998382325426 ], [ 74.263242492558007, 31.452961922017995 ] ] ] } },
{ "type": "Feature", "properties": { "OBJECTID": 193098, "SHAPE_Leng": 304.04453864099997, "SHAPE_Area": 3328.2142209399999, "Town": "Allama Iqbal Town", "UC_N0": "UC_120", "Landuse": "V", "KA": null, "Name": null, "Plot_No": null, "Road_Wdth": "30'", "Plot_Size": "18 M", "__source_file": "PCSIR.shp" }, "geometry": { "type": "Polygon", "coordinates": [ [ [ 74.262769899174046, 31.453132130711424 ], [ 74.26265963565325, 31.452910013440732 ], [ 74.262558220747721, 31.452947202164424 ], [ 74.26267549033075, 31.45316613214565 ], [ 74.262677494999565, 31.453165410150699 ], [ 74.262769899174046, 31.453132130711424 ] ] ] } },
{ "type": "Feature", "properties": { "OBJECTID": 193098, "SHAPE_Leng": 304.04453864099997, "SHAPE_Area": 3328.2142209399999, "Town": "Allama Iqbal Town", "UC_N0": "UC_120", "Landuse": "V", "KA": null, "Name": null, "Plot_No": null, "Road_Wdth": "30'", "Plot_Size": "18 M", "__source_file": "PCSIR.shp" }, "geometry": { "type": "Polygon", "coordinates": [ [ [ 74.26279928036125, 31.452858805713468 ], [ 74.262925948024332, 31.453075928880097 ], [ 74.262965829406866, 31.453061565332241 ], [ 74.26302652131254, 31.453039706305013 ], [ 74.262911429405392, 31.452817680496782 ], [ 74.26279928036125, 31.452858805713468 ] ] ] } },
{ "type": "Feature", "properties": { "OBJECTID": 193098, "SHAPE_Leng": 304.04453864099997, "SHAPE_Area": 3328.2142209399999, "Town": "Allama Iqbal Town", "UC_N0": "UC_120", "Landuse": "V", "KA": null, "Name": null, "Plot_No": null, "Road_Wdth": "30'", "Plot_Size": "18 M", "__source_file": "PCSIR.shp" }, "geometry": { "type": "Polygon", "coordinates": [ [ [ 74.262925948024332, 31.453075928880097 ], [ 74.26279928036125, 31.452858805713468 ], [ 74.26265963565325, 31.452910013440732 ], [ 74.262769899174046, 31.453132130711424 ], [ 74.262771217020983, 31.453131656087077 ], [ 74.262860675005143, 31.453099437359885 ], [ 74.262925948024332, 31.453075928880097 ] ] ] } },
{ "type": "Feature", "properties": { "OBJECTID": 172605, "SHAPE_Leng": 172.13176970200001, "SHAPE_Area": 1643.45382311, "Town": "Allama Iqbal Town", "UC_N0": "UC_120", "Landuse": "R", "KA": null, "Name": null, "Plot_No": null, "Road_Wdth": "30'", "Plot_Size": "18 M", "__source_file": "PCSIR.shp" }, "geometry": { "type": "Polygon", "coordinates": [ [ [ 74.261786545397868, 31.453163131316717 ], [ 74.261667953593587, 31.45292749824976 ], [ 74.261556685456242, 31.452969001461675 ], [ 74.261671918608172, 31.453204835106572 ], [ 74.261786545397868, 31.453163131316717 ] ] ] } },
{ "type": "Feature", "properties": { "OBJECTID": 193097, "SHAPE_Leng": 391.53741844299998, "SHAPE_Area": 4930.5884345200002, "Town": "Allama Iqbal Town", "UC_N0": "UC_120", "Landuse": "R", "KA": null, "Name": null, "Plot_No": null, "Road_Wdth": "50'", "Plot_Size": "18 M", "__source_file": "PCSIR.shp" }, "geometry": { "type": "Polygon", "coordinates": [ [ [ 74.262894697946265, 31.45246991258767 ], [ 74.2627851253324, 31.452222308905913 ], [ 74.262661660647368, 31.452267545853346 ], [ 74.262776745951712, 31.452513910592753 ], [ 74.262894697946265, 31.45246991258767 ] ] ] } },
{ "type": "Feature", "properties": { "OBJECTID": 193097, "SHAPE_Leng": 391.53741844299998, "SHAPE_Area": 4930.5884345200002, "Town": "Allama Iqbal Town", "UC_N0": "UC_120", "Landuse": "R", "KA": null, "Name": null, "Plot_No": null, "Road_Wdth": "50'", "Plot_Size": "18 M", "__source_file": "PCSIR.shp" }, "geometry": { "type": "Polygon", "coordinates": [ [ [ 74.261669266652703, 31.452927008475612 ], [ 74.261556100683293, 31.452672611124061 ], [ 74.261433764995147, 31.452717432795744 ], [ 74.261556685456242, 31.452969001461675 ], [ 74.261669266652703, 31.452927008475612 ] ] ] } },
{ "type": "Feature", "properties": { "OBJECTID": 193097, "SHAPE_Leng": 391.53741844299998, "SHAPE_Area": 4930.5884345200002, "Town": "Allama Iqbal Town", "UC_N0": "UC_120", "Landuse": "R", "KA": null, "Name": null, "Plot_No": null, "Road_Wdth": "50'", "Plot_Size": "18 M", "__source_file": "PCSIR.shp" }, "geometry": { "type": "Polygon", "coordinates": [ [ [ 74.261800589318014, 31.452878024714504 ], [ 74.261704681846396, 31.452618173349673 ], [ 74.261556100683293, 31.452672611124061 ], [ 74.261669266652703, 31.452927008475612 ], [ 74.261800589318014, 31.452878024714504 ] ] ] } },
{ "type": "Feature", "properties": { "OBJECTID": 172605, "SHAPE_Leng": 172.13176970200001, "SHAPE_Area": 1643.45382311, "Town": "Allama Iqbal Town", "UC_N0": "UC_120", "Landuse": "V", "KA": null, "Name": null, "Plot_No": null, "Road_Wdth": "30'", "Plot_Size": "18 M", "__source_file": "PCSIR.shp" }, "geometry": { "type": "Polygon", "coordinates": [ [ [ 74.261913840930845, 31.453116818189738 ], [ 74.261800589317986, 31.452878024714451 ], [ 74.261667953593587, 31.45292749824976 ], [ 74.261786545397868, 31.453163131316717 ], [ 74.261913840930845, 31.453116818189738 ] ] ] } },
{ "type": "Feature", "properties": { "OBJECTID": 172605, "SHAPE_Leng": 172.13176970200001, "SHAPE_Area": 1643.45382311, "Town": "Allama Iqbal Town", "UC_N0": "UC_120", "Landuse": "V", "KA": null, "Name": null, "Plot_No": null, "Road_Wdth": "30'", "Plot_Size": "18 M", "__source_file": "PCSIR.shp" }, "geometry": { "type": "Polygon", "coordinates": [ [ [ 74.261958176229399, 31.45281924406093 ], [ 74.2620743534832, 31.453058419677742 ], [ 74.262230099214989, 31.453001755191348 ], [ 74.262109819562454, 31.452762680135272 ], [ 74.261958176229399, 31.45281924406093 ] ] ] } },
{ "type": "Feature", "properties": { "OBJECTID": 172616, "SHAPE_Leng": 111.435000265, "SHAPE_Area": 772.99939869499997, "Town": "Allama Iqbal Town", "UC_N0": "UC_120", "Landuse": "V", "KA": null, "Name": null, "Plot_No": null, "Road_Wdth": "30'", "Plot_Size": "18 M", "__source_file": "PCSIR.shp" }, "geometry": { "type": "Polygon", "coordinates": [ [ [ 74.263004090929471, 31.452720153362506 ], [ 74.262895166887603, 31.452469737664636 ], [ 74.262776210692721, 31.45251411025269 ], [ 74.262893699495081, 31.452760317872436 ], [ 74.263004090929471, 31.452720153362506 ] ] ] } },
{ "type": "Feature", "properties": { "OBJECTID": 193097, "SHAPE_Leng": 391.53741844299998, "SHAPE_Area": 4930.5884345200002, "Town": "Allama Iqbal Town", "UC_N0": "UC_120", "Landuse": "V", "KA": null, "Name": null, "Plot_No": null, "Road_Wdth": "50'", "Plot_Size": "18 M", "__source_file": "PCSIR.shp" }, "geometry": { "type": "Polygon", "coordinates": [ [ [ 74.263023537909092, 31.45242185302132 ], [ 74.262895354913766, 31.452181921106963 ], [ 74.2627851253324, 31.452222308905913 ], [ 74.262894697946265, 31.45246991258767 ], [ 74.263023537909092, 31.45242185302132 ] ] ] } },
{ "type": "Feature", "properties": { "OBJECTID": 193097, "SHAPE_Leng": 391.53741844299998, "SHAPE_Area": 4930.5884345200002, "Town": "Allama Iqbal Town", "UC_N0": "UC_120", "Landuse": "V", "KA": null, "Name": null, "Plot_No": null, "Road_Wdth": "50'", "Plot_Size": "18 M", "__source_file": "PCSIR.shp" }, "geometry": { "type": "Polygon", "coordinates": [ [ [ 74.262232173504813, 31.452717041535127 ], [ 74.262098222119349, 31.452473985307467 ], [ 74.261973307178337, 31.452519752699075 ], [ 74.262106763499432, 31.452763820068647 ], [ 74.262109819562454, 31.452762680135272 ], [ 74.262232173504813, 31.452717041535127 ] ] ] } },
{ "type": "Feature", "properties": { "OBJECTID": 193097, "SHAPE_Leng": 391.53741844299998, "SHAPE_Area": 4930.5884345200002, "Town": "Allama Iqbal Town", "UC_N0": "UC_120", "Landuse": "V", "KA": null, "Name": null, "Plot_No": null, "Road_Wdth": "50'", "Plot_Size": "18 M", "__source_file": "PCSIR.shp" }, "geometry": { "type": "Polygon", "coordinates": [ [ [ 74.262506600432928, 31.452614677509992 ], [ 74.262372274902631, 31.452373574945145 ], [ 74.262241877476669, 31.452421351436339 ], [ 74.262374326211742, 31.452664017568743 ], [ 74.262376988220623, 31.452663024618452 ], [ 74.262506600432928, 31.452614677509992 ] ] ] } },
{ "type": "Feature", "properties": { "OBJECTID": 193097, "SHAPE_Leng": 391.53741844299998, "SHAPE_Area": 4930.5884345200002, "Town": "Allama Iqbal Town", "UC_N0": "UC_120", "Landuse": "V", "KA": null, "Name": null, "Plot_No": null, "Road_Wdth": "50'", "Plot_Size": "18 M", "__source_file": "PCSIR.shp" }, "geometry": { "type": "Polygon", "coordinates": [ [ [ 74.262644920312397, 31.452563082604605 ], [ 74.262508499299571, 31.452323663306824 ], [ 74.262372274902631, 31.452373574945145 ], [ 74.262506600432928, 31.452614677509992 ], [ 74.262507579886517, 31.452614312159852 ], [ 74.262644920312397, 31.452563082604605 ] ] ] } },
{ "type": "Feature", "properties": { "OBJECTID": 193097, "SHAPE_Leng": 391.53741844299998, "SHAPE_Area": 4930.5884345200002, "Town": "Allama Iqbal Town", "UC_N0": "UC_120", "Landuse": "V", "KA": null, "Name": null, "Plot_No": null, "Road_Wdth": "50'", "Plot_Size": "18 M", "__source_file": "PCSIR.shp" }, "geometry": { "type": "Polygon", "coordinates": [ [ [ 74.262895354913766, 31.452181921106963 ], [ 74.263023537909092, 31.45242185302132 ], [ 74.263026711039089, 31.452420669385884 ], [ 74.263158166521322, 31.452371634620441 ], [ 74.263042180317328, 31.452128124501968 ], [ 74.262895354913766, 31.452181921106963 ] ] ] } },
{ "type": "Feature", "properties": { "OBJECTID": 193097, "SHAPE_Leng": 391.53741844299998, "SHAPE_Area": 4930.5884345200002, "Town": "Allama Iqbal Town", "UC_N0": "UC_120", "Landuse": "V", "KA": null, "Name": null, "Plot_No": null, "Road_Wdth": "50'", "Plot_Size": "18 M", "__source_file": "PCSIR.shp" }, "geometry": { "type": "Polygon", "coordinates": [ [ [ 74.262106763499432, 31.452763820068647 ], [ 74.261973307178337, 31.452519752699075 ], [ 74.261843920899139, 31.452567158160441 ], [ 74.261959726504273, 31.452818665799875 ], [ 74.262106763499432, 31.452763820068647 ] ] ] } },
{ "type": "Feature", "properties": { "OBJECTID": 193097, "SHAPE_Leng": 391.53741844299998, "SHAPE_Area": 4930.5884345200002, "Town": "Allama Iqbal Town", "UC_N0": "UC_120", "Landuse": "V", "KA": null, "Name": null, "Plot_No": null, "Road_Wdth": "50'", "Plot_Size": "18 M", "__source_file": "PCSIR.shp" }, "geometry": { "type": "Polygon", "coordinates": [ [ [ 74.262776745951712, 31.452513910592753 ], [ 74.262661660647368, 31.452267545853346 ], [ 74.262508499299571, 31.452323663306824 ], [ 74.262644920312397, 31.452563082604605 ], [ 74.262649660973054, 31.452561314280082 ], [ 74.262776210692721, 31.45251411025269 ], [ 74.262776745951712, 31.452513910592753 ] ] ] } },
{ "type": "Feature", "properties": { "OBJECTID": 193097, "SHAPE_Leng": 391.53741844299998, "SHAPE_Area": 4930.5884345200002, "Town": "Allama Iqbal Town", "UC_N0": "UC_120", "Landuse": "V", "KA": null, "Name": null, "Plot_No": null, "Road_Wdth": "50'", "Plot_Size": "18 M", "__source_file": "PCSIR.shp" }, "geometry": { "type": "Polygon", "coordinates": [ [ [ 74.262374326211742, 31.452664017568743 ], [ 74.262241877476669, 31.452421351436339 ], [ 74.262098222119349, 31.452473985307467 ], [ 74.262232173504813, 31.452717041535127 ], [ 74.26223294352242, 31.452716754314391 ], [ 74.262374326211742, 31.452664017568743 ] ] ] } },
{ "type": "Feature", "properties": { "OBJECTID": 177203, "SHAPE_Leng": 280.45720880699997, "SHAPE_Area": 3034.6649756299998, "Town": "Allama Iqbal Town", "UC_N0": "UC_120", "Landuse": "R", "KA": null, "Name": null, "Plot_No": null, "Road_Wdth": "50'", "Plot_Size": "18 M", "__source_file": "PCSIR.shp" }, "geometry": { "type": "Polygon", "coordinates": [ [ [ 74.262593801305371, 31.452178104615715 ], [ 74.262482183778133, 31.451957075111583 ], [ 74.26248099357403, 31.451957506406224 ], [ 74.262358178433516, 31.452002011348824 ], [ 74.262470658407906, 31.452222953932065 ], [ 74.262593801305371, 31.452178104615715 ] ] ] } },
{ "type": "Feature", "properties": { "OBJECTID": 177203, "SHAPE_Leng": 280.45720880699997, "SHAPE_Area": 3034.6649756299998, "Town": "Allama Iqbal Town", "UC_N0": "UC_120", "Landuse": "R", "KA": null, "Name": null, "Plot_No": null, "Road_Wdth": "50'", "Plot_Size": "18 M", "__source_file": "PCSIR.shp" }, "geometry": { "type": "Polygon", "coordinates": [ [ [ 74.262319119380081, 31.452278145051235 ], [ 74.262201221124698, 31.452058888271004 ], [ 74.262060880727404, 31.452109743467972 ], [ 74.262172086146194, 31.452331694907031 ], [ 74.262319119380081, 31.452278145051235 ] ] ] } },
{ "type": "Feature", "properties": { "OBJECTID": 177203, "SHAPE_Leng": 280.45720880699997, "SHAPE_Area": 3034.6649756299998, "Town": "Allama Iqbal Town", "UC_N0": "UC_120", "Landuse": "R", "KA": null, "Name": null, "Plot_No": null, "Road_Wdth": "50'", "Plot_Size": "18 M", "__source_file": "PCSIR.shp" }, "geometry": { "type": "Polygon", "coordinates": [ [ [ 74.262172086146194, 31.452331694907031 ], [ 74.262060880727404, 31.452109743467972 ], [ 74.261909257848401, 31.452164686865085 ], [ 74.262028506393051, 31.452383986773238 ], [ 74.262172086146194, 31.452331694907031 ] ] ] } },
{ "type": "Feature", "properties": { "OBJECTID": 177203, "SHAPE_Leng": 280.45720880699997, "SHAPE_Area": 3034.6649756299998, "Town": "Allama Iqbal Town", "UC_N0": "UC_120", "Landuse": "R", "KA": null, "Name": null, "Plot_No": null, "Road_Wdth": "50'", "Plot_Size": "18 M", "__source_file": "PCSIR.shp" }, "geometry": { "type": "Polygon", "coordinates": [ [ [ 74.262470658407906, 31.452222953932065 ], [ 74.262358178433516, 31.452002011348824 ], [ 74.262201221124698, 31.452058888271004 ], [ 74.262319119380081, 31.452278145051235 ], [ 74.262470658407906, 31.452222953932065 ] ] ] } },
{ "type": "Feature", "properties": { "OBJECTID": 177203, "SHAPE_Leng": 280.45720880699997, "SHAPE_Area": 3034.6649756299998, "Town": "Allama Iqbal Town", "UC_N0": "UC_120", "Landuse": "V", "KA": null, "Name": null, "Plot_No": null, "Road_Wdth": "50'", "Plot_Size": "18 M", "__source_file": "PCSIR.shp" }, "geometry": { "type": "Polygon", "coordinates": [ [ [ 74.261894251067716, 31.452432882475144 ], [ 74.261795431462204, 31.452205933831834 ], [ 74.261690389364162, 31.452243997536439 ], [ 74.261798201332056, 31.452467863607687 ], [ 74.261894251067716, 31.452432882475144 ] ] ] } },
{ "type": "Feature", "properties": { "OBJECTID": 177203, "SHAPE_Leng": 280.45720880699997, "SHAPE_Area": 3034.6649756299998, "Town": "Allama Iqbal Town", "UC_N0": "UC_120", "Landuse": "V", "KA": null, "Name": null, "Plot_No": null, "Road_Wdth": "50'", "Plot_Size": "18 M", "__source_file": "PCSIR.shp" }, "geometry": { "type": "Polygon", "coordinates": [ [ [ 74.262028506393051, 31.452383986773238 ], [ 74.261909257848401, 31.452164686865085 ], [ 74.261795431462204, 31.452205933831834 ], [ 74.261894251067716, 31.452432882475144 ], [ 74.262028506393051, 31.452383986773238 ] ] ] } },
{ "type": "Feature", "properties": { "OBJECTID": 177203, "SHAPE_Leng": 280.45720880699997, "SHAPE_Area": 3034.6649756299998, "Town": "Allama Iqbal Town", "UC_N0": "UC_120", "Landuse": "V", "KA": null, "Name": null, "Plot_No": null, "Road_Wdth": "50'", "Plot_Size": "18 M", "__source_file": "PCSIR.shp" }, "geometry": { "type": "Polygon", "coordinates": [ [ [ 74.26272384455909, 31.452130741975459 ], [ 74.26261689894956, 31.451908258230883 ], [ 74.262482183778133, 31.451957075111583 ], [ 74.262593801305371, 31.452178104615715 ], [ 74.26272384455909, 31.452130741975459 ] ] ] } },
{ "type": "Feature", "properties": { "OBJECTID": 193085, "SHAPE_Leng": 310.361339112, "SHAPE_Area": 3758.1816370199999, "Town": "Allama Iqbal Town", "UC_N0": "UC_120", "Landuse": "V", "KA": null, "Name": null, "Plot_No": null, "Road_Wdth": "30'", "Plot_Size": "18 M", "__source_file": "PCSIR.shp" }, "geometry": { "type": "Polygon", "coordinates": [ [ [ 74.261912653924199, 31.452163456235958 ], [ 74.261800027127563, 31.451909672077889 ], [ 74.261686701893595, 31.451951814487391 ], [ 74.261795656516128, 31.452205852279786 ], [ 74.261912653924199, 31.452163456235958 ] ] ] } },
{ "type": "Feature", "properties": { "OBJECTID": 193085, "SHAPE_Leng": 310.361339112, "SHAPE_Area": 3758.1816370199999, "Town": "Allama Iqbal Town", "UC_N0": "UC_120", "Landuse": "V", "KA": null, "Name": null, "Plot_No": null, "Road_Wdth": "30'", "Plot_Size": "18 M", "__source_file": "PCSIR.shp" }, "geometry": { "type": "Polygon", "coordinates": [ [ [ 74.261795656516128, 31.452205852279786 ], [ 74.261686701893595, 31.451951814487391 ], [ 74.261550284184864, 31.452002544142346 ], [ 74.261688286163832, 31.452244759668702 ], [ 74.261690389364162, 31.452243997536439 ], [ 74.261795656516128, 31.452205852279786 ] ] ] } },
{ "type": "Feature", "properties": { "OBJECTID": 193085, "SHAPE_Leng": 310.361339112, "SHAPE_Area": 3758.1816370199999, "Town": "Allama Iqbal Town", "UC_N0": "UC_120", "Landuse": "V", "KA": null, "Name": null, "Plot_No": "97", "Road_Wdth": "30'", "Plot_Size": "18 M", "__source_file": "PCSIR.shp" }, "geometry": { "type": "Polygon", "coordinates": [ [ [ 74.261398929961288, 31.452349612054839 ], [ 74.261266622045866, 31.452108028939445 ], [ 74.26114841033575, 31.452151987802782 ], [ 74.261268873772124, 31.452396739805529 ], [ 74.261398929961288, 31.452349612054839 ] ] ] } },
{ "type": "Feature", "properties": { "OBJECTID": 193085, "SHAPE_Leng": 310.361339112, "SHAPE_Area": 3758.1816370199999, "Town": "Allama Iqbal Town", "UC_N0": "UC_120", "Landuse": "V", "KA": null, "Name": null, "Plot_No": null, "Road_Wdth": "30'", "Plot_Size": "18 M", "__source_file": "PCSIR.shp" }, "geometry": { "type": "Polygon", "coordinates": [ [ [ 74.262226232955442, 31.451751177088259 ], [ 74.262357658255624, 31.452002199847136 ], [ 74.26248099357403, 31.451957506406224 ], [ 74.262357775513578, 31.451702259395198 ], [ 74.262226232955442, 31.451751177088259 ] ] ] } },
{ "type": "Feature", "properties": { "OBJECTID": 193085, "SHAPE_Leng": 310.361339112, "SHAPE_Area": 3758.1816370199999, "Town": "Allama Iqbal Town", "UC_N0": "UC_120", "Landuse": "V", "KA": null, "Name": null, "Plot_No": null, "Road_Wdth": "30'", "Plot_Size": "18 M", "__source_file": "PCSIR.shp" }, "geometry": { "type": "Polygon", "coordinates": [ [ [ 74.261688286163832, 31.452244759668702 ], [ 74.261550284184864, 31.452002544142346 ], [ 74.261418500838488, 31.452051550225331 ], [ 74.261547148427866, 31.452295903332605 ], [ 74.261550244224466, 31.452294781531769 ], [ 74.261688286163832, 31.452244759668702 ] ] ] } },
{ "type": "Feature", "properties": { "OBJECTID": 193085, "SHAPE_Leng": 310.361339112, "SHAPE_Area": 3758.1816370199999, "Town": "Allama Iqbal Town", "UC_N0": "UC_120", "Landuse": "V", "KA": null, "Name": null, "Plot_No": null, "Road_Wdth": "30'", "Plot_Size": "18 M", "__source_file": "PCSIR.shp" }, "geometry": { "type": "Polygon", "coordinates": [ [ [ 74.262357658255624, 31.452002199847136 ], [ 74.262226232955442, 31.451751177088259 ], [ 74.262098139674208, 31.451798811893273 ], [ 74.262205796427097, 31.45205723031361 ], [ 74.262357658255624, 31.452002199847136 ] ] ] } },
{ "type": "Feature", "properties": { "OBJECTID": 193085, "SHAPE_Leng": 310.361339112, "SHAPE_Area": 3758.1816370199999, "Town": "Allama Iqbal Town", "UC_N0": "UC_120", "Landuse": "V", "KA": null, "Name": null, "Plot_No": null, "Road_Wdth": "30'", "Plot_Size": "18 M", "__source_file": "PCSIR.shp" }, "geometry": { "type": "Polygon", "coordinates": [ [ [ 74.262205796427097, 31.45205723031361 ], [ 74.262098139674208, 31.451798811893273 ], [ 74.261954922182483, 31.451852070817104 ], [ 74.262063873197434, 31.452108659087841 ], [ 74.262205796427097, 31.45205723031361 ] ] ] } },
{ "type": "Feature", "properties": { "OBJECTID": 193085, "SHAPE_Leng": 310.361339112, "SHAPE_Area": 3758.1816370199999, "Town": "Allama Iqbal Town", "UC_N0": "UC_120", "Landuse": "V", "KA": null, "Name": null, "Plot_No": null, "Road_Wdth": "30'", "Plot_Size": "18 M", "__source_file": "PCSIR.shp" }, "geometry": { "type": "Polygon", "coordinates": [ [ [ 74.261547148427866, 31.452295903332605 ], [ 74.261418500838488, 31.452051550225331 ], [ 74.261266622045866, 31.452108028939445 ], [ 74.261398929961288, 31.452349612054839 ], [ 74.261402901796004, 31.452348172799923 ], [ 74.261547148427866, 31.452295903332605 ] ] ] } },
{ "type": "Feature", "properties": { "OBJECTID": 172577, "SHAPE_Leng": 138.32723595, "SHAPE_Area": 1154.7942233199999, "Town": "Allama Iqbal Town", "UC_N0": "UC_120", "Landuse": "R", "KA": null, "Name": null, "Plot_No": null, "Road_Wdth": "30'", "Plot_Size": "18 M", "__source_file": "PCSIR.shp" }, "geometry": { "type": "Polygon", "coordinates": [ [ [ 74.261233762653589, 31.452047749528102 ], [ 74.261108416157015, 31.451817804968265 ], [ 74.261003105012946, 31.45185676175733 ], [ 74.261117852495758, 31.452089900874086 ], [ 74.261233762653589, 31.452047749528102 ] ] ] } },
{ "type": "Feature", "properties": { "OBJECTID": 172579, "SHAPE_Leng": 169.790976814, "SHAPE_Area": 1622.9308558800001, "Town": "Allama Iqbal Town", "UC_N0": "UC_120", "Landuse": "R", "KA": null, "Name": null, "Plot_No": "122", "Road_Wdth": "30'", "Plot_Size": "18 M", "__source_file": "PCSIR.shp" }, "geometry": { "type": "Polygon", "coordinates": [ [ [ 74.26110836026767, 31.451817825642923 ], [ 74.260978307272808, 31.451579768134362 ], [ 74.260883843557551, 31.451614449733622 ], [ 74.261003105012946, 31.45185676175733 ], [ 74.26110836026767, 31.451817825642923 ] ] ] } },
{ "type": "Feature", "properties": { "OBJECTID": 169595, "SHAPE_Leng": 121.71234930200001, "SHAPE_Area": 924.22483058399996, "Town": "Allama Iqbal Town", "UC_N0": "UC_120", "Landuse": "R", "KA": null, "Name": null, "Plot_No": null, "Road_Wdth": "30'", "Plot_Size": "18 M", "__source_file": "PCSIR.shp" }, "geometry": { "type": "Polygon", "coordinates": [ [ [ 74.262877910368317, 31.451449832235046 ], [ 74.262749525267807, 31.451210710010962 ], [ 74.262602288683425, 31.451265177937859 ], [ 74.262720672774648, 31.451507015107946 ], [ 74.262877910368317, 31.451449832235046 ] ] ] } },
{ "type": "Feature", "properties": { "OBJECTID": 169594, "SHAPE_Leng": 192.76610406200001, "SHAPE_Area": 1938.4914565199999, "Town": "Allama Iqbal Town", "UC_N0": "UC_120", "Landuse": "V", "KA": null, "Name": null, "Plot_No": null, "Road_Wdth": "30'", "Plot_Size": "18 M", "__source_file": "PCSIR.shp" }, "geometry": { "type": "Polygon", "coordinates": [ [ [ 74.262074863950147, 31.451460290377607 ], [ 74.262198075487476, 31.451697066863272 ], [ 74.26232172660248, 31.451652099206978 ], [ 74.262194368824581, 31.451416081669993 ], [ 74.262074863950147, 31.451460290377607 ] ] ] } },
{ "type": "Feature", "properties": { "OBJECTID": 169594, "SHAPE_Leng": 192.76610406200001, "SHAPE_Area": 1938.4914565199999, "Town": "Allama Iqbal Town", "UC_N0": "UC_120", "Landuse": "V", "KA": null, "Name": null, "Plot_No": null, "Road_Wdth": "30'", "Plot_Size": "18 M", "__source_file": "PCSIR.shp" }, "geometry": { "type": "Polygon", "coordinates": [ [ [ 74.261776162511538, 31.451850500864118 ], [ 74.261677996986847, 31.45160710316523 ], [ 74.261543358910089, 31.451656909605418 ], [ 74.261661182879038, 31.45189231433412 ], [ 74.261776162511538, 31.451850500864118 ] ] ] } },
{ "type": "Feature", "properties": { "OBJECTID": 169594, "SHAPE_Leng": 192.76610406200001, "SHAPE_Area": 1938.4914565199999, "Town": "Allama Iqbal Town", "UC_N0": "UC_120", "Landuse": "V", "KA": null, "Name": null, "Plot_No": null, "Road_Wdth": "30'", "Plot_Size": "18 M", "__source_file": "PCSIR.shp" }, "geometry": { "type": "Polygon", "coordinates": [ [ [ 74.262061979438997, 31.451746560124416 ], [ 74.261931141882954, 31.451513457601415 ], [ 74.261814392425975, 31.451556646660769 ], [ 74.261926776020189, 31.451795728571685 ], [ 74.262061979438997, 31.451746560124416 ] ] ] } },
{ "type": "Feature", "properties": { "OBJECTID": 169594, "SHAPE_Leng": 192.76610406200001, "SHAPE_Area": 1938.4914565199999, "Town": "Allama Iqbal Town", "UC_N0": "UC_120", "Landuse": "V", "KA": null, "Name": null, "Plot_No": null, "Road_Wdth": "30'", "Plot_Size": "18 M", "__source_file": "PCSIR.shp" }, "geometry": { "type": "Polygon", "coordinates": [ [ [ 74.262198075487476, 31.451697066863272 ], [ 74.262074863950147, 31.451460290377607 ], [ 74.261931141882954, 31.451513457601415 ], [ 74.262061979438997, 31.451746560124416 ], [ 74.262198075487476, 31.451697066863272 ] ] ] } },
{ "type": "Feature", "properties": { "OBJECTID": 172577, "SHAPE_Leng": 138.32723595, "SHAPE_Area": 1154.7942233199999, "Town": "Allama Iqbal Town", "UC_N0": "UC_120", "Landuse": "V", "KA": null, "Name": null, "Plot_No": null, "Road_Wdth": "30'", "Plot_Size": "18 M", "__source_file": "PCSIR.shp" }, "geometry": { "type": "Polygon", "coordinates": [ [ [ 74.261283325754917, 31.451753101994264 ], [ 74.261390897659723, 31.451990606316858 ], [ 74.261517294163284, 31.451944641178763 ], [ 74.261396871071284, 31.451711098864074 ], [ 74.261283325754917, 31.451753101994264 ] ] ] } },
{ "type": "Feature", "properties": { "OBJECTID": 172579, "SHAPE_Leng": 169.790976814, "SHAPE_Area": 1622.9308558800001, "Town": "Allama Iqbal Town", "UC_N0": "UC_120", "Landuse": "V", "KA": null, "Name": null, "Plot_No": null, "Road_Wdth": "30'", "Plot_Size": "18 M", "__source_file": "PCSIR.shp" }, "geometry": { "type": "Polygon", "coordinates": [ [ [ 74.261397137648672, 31.451711000251091 ], [ 74.261274484363767, 31.451471028456066 ], [ 74.261153600408107, 31.451515410403992 ], [ 74.261281485547556, 31.451753782729863 ], [ 74.261396871071284, 31.451711098864074 ], [ 74.261397137648672, 31.451711000251091 ] ] ] } },
{ "type": "Feature", "properties": { "OBJECTID": 172579, "SHAPE_Leng": 169.790976814, "SHAPE_Area": 1622.9308558800001, "Town": "Allama Iqbal Town", "UC_N0": "UC_120", "Landuse": "V", "KA": null, "Name": null, "Plot_No": null, "Road_Wdth": "30'", "Plot_Size": "18 M", "__source_file": "PCSIR.shp" }, "geometry": { "type": "Polygon", "coordinates": [ [ [ 74.261274484363767, 31.451471028456066 ], [ 74.261397137648672, 31.451711000251091 ], [ 74.261543358910089, 31.451656909605418 ], [ 74.261423025835015, 31.45141649197231 ], [ 74.261274484363767, 31.451471028456066 ] ] ] } },
{ "type": "Feature", "properties": { "OBJECTID": 193084, "SHAPE_Leng": 193.93737557, "SHAPE_Area": 1965.7684236600001, "Town": "Allama Iqbal Town", "UC_N0": "UC_120", "Landuse": "V", "KA": null, "Name": null, "Plot_No": null, "Road_Wdth": "30'", "Plot_Size": "18 M", "__source_file": "PCSIR.shp" }, "geometry": { "type": "Polygon", "coordinates": [ [ [ 74.261934806780914, 31.451512101845442 ], [ 74.261819066423712, 31.451271085688337 ], [ 74.261687393163996, 31.451319429751024 ], [ 74.261813112818885, 31.451557120024262 ], [ 74.261934806780914, 31.451512101845442 ] ] ] } },
{ "type": "Feature", "properties": { "OBJECTID": 193084, "SHAPE_Leng": 193.93737557, "SHAPE_Area": 1965.7684236600001, "Town": "Allama Iqbal Town", "UC_N0": "UC_120", "Landuse": "V", "KA": null, "Name": null, "Plot_No": null, "Road_Wdth": "30'", "Plot_Size": "18 M", "__source_file": "PCSIR.shp" }, "geometry": { "type": "Polygon", "coordinates": [ [ [ 74.262197656609345, 31.451414865400981 ], [ 74.262077916926359, 31.451176047739111 ], [ 74.261944191412397, 31.451225145661599 ], [ 74.262072588153515, 31.451461132266679 ], [ 74.262194368824581, 31.451416081669993 ], [ 74.262197656609345, 31.451414865400981 ] ] ] } },
{ "type": "Feature", "properties": { "OBJECTID": 193084, "SHAPE_Leng": 193.93737557, "SHAPE_Area": 1965.7684236600001, "Town": "Allama Iqbal Town", "UC_N0": "UC_120", "Landuse": "V", "KA": null, "Name": null, "Plot_No": null, "Road_Wdth": "30'", "Plot_Size": "18 M", "__source_file": "PCSIR.shp" }, "geometry": { "type": "Polygon", "coordinates": [ [ [ 74.262072588153515, 31.451461132266679 ], [ 74.261944191412397, 31.451225145661599 ], [ 74.261819066423712, 31.451271085688337 ], [ 74.261934806780914, 31.451512101845442 ], [ 74.262072588153515, 31.451461132266679 ] ] ] } },
{ "type": "Feature", "properties": { "OBJECTID": 193084, "SHAPE_Leng": 193.93737557, "SHAPE_Area": 1965.7684236600001, "Town": "Allama Iqbal Town", "UC_N0": "UC_120", "Landuse": "V", "KA": null, "Name": null, "Plot_No": null, "Road_Wdth": "30'", "Plot_Size": "18 M", "__source_file": "PCSIR.shp" }, "geometry": { "type": "Polygon", "coordinates": [ [ [ 74.261813112818885, 31.451557120024262 ], [ 74.261687393163996, 31.451319429751024 ], [ 74.261554902118874, 31.451368073876612 ], [ 74.261680798774066, 31.451606066702656 ], [ 74.261813112818885, 31.451557120024262 ] ] ] } },
{ "type": "Feature", "properties": { "OBJECTID": 165402, "SHAPE_Leng": 192.43884472900001, "SHAPE_Area": 1583.5695815500001, "Town": "Allama Iqbal Town", "UC_N0": "UC_120", "Landuse": "R", "KA": null, "Name": null, "Plot_No": null, "Road_Wdth": "30'", "Plot_Size": "9 M", "__source_file": "PCSIR.shp" }, "geometry": { "type": "Polygon", "coordinates": [ [ [ 74.261915118997209, 31.451157174343972 ], [ 74.261828851337526, 31.450981989348431 ], [ 74.261676552455654, 31.451037918612116 ], [ 74.261776786471842, 31.451208028037577 ], [ 74.261915118997209, 31.451157174343972 ] ] ] } },
{ "type": "Feature", "properties": { "OBJECTID": 165405, "SHAPE_Leng": 168.434278452, "SHAPE_Area": 1332.0074575000001, "Town": "Allama Iqbal Town", "UC_N0": "UC_120", "Landuse": "R", "KA": null, "Name": null, "Plot_No": null, "Road_Wdth": "30'", "Plot_Size": "9 M", "__source_file": "PCSIR.shp" }, "geometry": { "type": "Polygon", "coordinates": [ [ [ 74.261312697996118, 31.451378634253551 ], [ 74.261210799862354, 31.451208956778238 ], [ 74.261144991592801, 31.451233123372869 ], [ 74.261238950133816, 31.451405744834979 ], [ 74.261312697996118, 31.451378634253551 ] ] ] } },
{ "type": "Feature", "properties": { "OBJECTID": 165405, "SHAPE_Leng": 168.434278452, "SHAPE_Area": 1332.0074575000001, "Town": "Allama Iqbal Town", "UC_N0": "UC_120", "Landuse": "V", "KA": null, "Name": null, "Plot_No": null, "Road_Wdth": "30'", "Plot_Size": "9 M", "__source_file": "PCSIR.shp" }, "geometry": { "type": "Polygon", "coordinates": [ [ [ 74.26128161080301, 31.451182953014019 ], [ 74.261384188013025, 31.451352353626664 ], [ 74.261428787328057, 31.451335958331171 ], [ 74.261335788462446, 31.451163057420903 ], [ 74.26128161080301, 31.451182953014019 ] ] ] } },
{ "type": "Feature", "properties": { "OBJECTID": 165405, "SHAPE_Leng": 168.434278452, "SHAPE_Area": 1332.0074575000001, "Town": "Allama Iqbal Town", "UC_N0": "UC_120", "Landuse": "V", "KA": null, "Name": null, "Plot_No": null, "Road_Wdth": "30'", "Plot_Size": "9 M", "__source_file": "PCSIR.shp" }, "geometry": { "type": "Polygon", "coordinates": [ [ [ 74.261032356774706, 31.451481690671379 ], [ 74.260939679493092, 31.451308519285838 ], [ 74.260837676165721, 31.451345977376988 ], [ 74.260939781824518, 31.451515722022791 ], [ 74.261032356774706, 31.451481690671379 ] ] ] } },
{ "type": "Feature", "properties": { "OBJECTID": 165405, "SHAPE_Leng": 168.434278452, "SHAPE_Area": 1332.0074575000001, "Town": "Allama Iqbal Town", "UC_N0": "UC_120", "Landuse": "V", "KA": null, "Name": null, "Plot_No": null, "Road_Wdth": "30'", "Plot_Size": "9 M", "__source_file": "PCSIR.shp" }, "geometry": { "type": "Polygon", "coordinates": [ [ [ 74.261123551204022, 31.451448166721079 ], [ 74.261044023983828, 31.451270201346873 ], [ 74.260939679493092, 31.451308519285838 ], [ 74.261032356774706, 31.451481690671379 ], [ 74.261123551204022, 31.451448166721079 ] ] ] } },
{ "type": "Feature", "properties": { "OBJECTID": 165405, "SHAPE_Leng": 168.434278452, "SHAPE_Area": 1332.0074575000001, "Town": "Allama Iqbal Town", "UC_N0": "UC_120", "Landuse": "V", "KA": null, "Name": null, "Plot_No": null, "Road_Wdth": "30'", "Plot_Size": "9 M", "__source_file": "PCSIR.shp" }, "geometry": { "type": "Polygon", "coordinates": [ [ [ 74.261238950133816, 31.451405744834979 ], [ 74.261144991592801, 31.451233123372869 ], [ 74.261044023983828, 31.451270201346873 ], [ 74.261123551204022, 31.451448166721079 ], [ 74.261238950133816, 31.451405744834979 ] ] ] } },
{ "type": "Feature", "properties": { "OBJECTID": 165405, "SHAPE_Leng": 168.434278452, "SHAPE_Area": 1332.0074575000001, "Town": "Allama Iqbal Town", "UC_N0": "UC_120", "Landuse": "V", "KA": null, "Name": null, "Plot_No": null, "Road_Wdth": "30'", "Plot_Size": "9 M", "__source_file": "PCSIR.shp" }, "geometry": { "type": "Polygon", "coordinates": [ [ [ 74.260939781824518, 31.451515722022791 ], [ 74.260837676165721, 31.451345977376988 ], [ 74.260727504427592, 31.451386434980481 ], [ 74.260816211020227, 31.451561147574079 ], [ 74.260939781824518, 31.451515722022791 ] ] ] } },
{ "type": "Feature", "properties": { "OBJECTID": 165400, "SHAPE_Leng": 112.853706058, "SHAPE_Area": 738.77136396200001, "Town": "Allama Iqbal Town", "UC_N0": "UC_120", "Landuse": "V", "KA": null, "Name": null, "Plot_No": null, "Road_Wdth": "30'", "Plot_Size": "9 M", "__source_file": "PCSIR.shp" }, "geometry": { "type": "Polygon", "coordinates": [ [ [ 74.262593154585005, 31.450907912458611 ], [ 74.262513892093864, 31.450730415818718 ], [ 74.262341770638216, 31.450793625917274 ], [ 74.262429343629023, 31.450968133317371 ], [ 74.262593154585005, 31.450907912458611 ] ] ] } },
{ "type": "Feature", "properties": { "OBJECTID": 165402, "SHAPE_Leng": 192.43884472900001, "SHAPE_Area": 1583.5695815500001, "Town": "Allama Iqbal Town", "UC_N0": "UC_120", "Landuse": "V", "KA": null, "Name": null, "Plot_No": null, "Road_Wdth": "30'", "Plot_Size": "9 M", "__source_file": "PCSIR.shp" }, "geometry": { "type": "Polygon", "coordinates": [ [ [ 74.261776786471842, 31.451208028037577 ], [ 74.261676552455654, 31.451037918612116 ], [ 74.261599978380346, 31.451066039089582 ], [ 74.261698747700535, 31.451236716498016 ], [ 74.261776786471842, 31.451208028037577 ] ] ] } },
{ "type": "Feature", "properties": { "OBJECTID": 165402, "SHAPE_Leng": 192.43884472900001, "SHAPE_Area": 1583.5695815500001, "Town": "Allama Iqbal Town", "UC_N0": "UC_120", "Landuse": "V", "KA": null, "Name": null, "Plot_No": null, "Road_Wdth": "30'", "Plot_Size": "9 M", "__source_file": "PCSIR.shp" }, "geometry": { "type": "Polygon", "coordinates": [ [ [ 74.261698747700535, 31.451236716498016 ], [ 74.261599978380346, 31.451066039089582 ], [ 74.261521250205405, 31.451094950556293 ], [ 74.261613102602396, 31.45126820110595 ], [ 74.261698747700535, 31.451236716498016 ] ] ] } },
{ "type": "Feature", "properties": { "OBJECTID": 165402, "SHAPE_Leng": 192.43884472900001, "SHAPE_Area": 1583.5695815500001, "Town": "Allama Iqbal Town", "UC_N0": "UC_120", "Landuse": "V", "KA": null, "Name": null, "Plot_No": null, "Road_Wdth": "30'", "Plot_Size": "9 M", "__source_file": "PCSIR.shp" }, "geometry": { "type": "Polygon", "coordinates": [ [ [ 74.261959810095874, 31.451140744993562 ], [ 74.261877989910218, 31.450963943961188 ], [ 74.261828851337526, 31.450981989348431 ], [ 74.261915118997209, 31.451157174343972 ], [ 74.261959810095874, 31.451140744993562 ] ] ] } },
{ "type": "Feature", "properties": { "OBJECTID": 165402, "SHAPE_Leng": 192.43884472900001, "SHAPE_Area": 1583.5695815500001, "Town": "Allama Iqbal Town", "UC_N0": "UC_120", "Landuse": "V", "KA": null, "Name": null, "Plot_No": null, "Road_Wdth": "30'", "Plot_Size": "9 M", "__source_file": "PCSIR.shp" }, "geometry": { "type": "Polygon", "coordinates": [ [ [ 74.261877989910218, 31.450963943961188 ], [ 74.261959810095874, 31.451140744993562 ], [ 74.262041557815834, 31.451110692825139 ], [ 74.261948782230306, 31.450937946521552 ], [ 74.261877989910218, 31.450963943961188 ] ] ] } },
{ "type": "Feature", "properties": { "OBJECTID": 165402, "SHAPE_Leng": 192.43884472900001, "SHAPE_Area": 1583.5695815500001, "Town": "Allama Iqbal Town", "UC_N0": "UC_120", "Landuse": "V", "KA": null, "Name": null, "Plot_No": null, "Road_Wdth": "30'", "Plot_Size": "9 M", "__source_file": "PCSIR.shp" }, "geometry": { "type": "Polygon", "coordinates": [ [ [ 74.262028713168419, 31.45090859299383 ], [ 74.262110118116553, 31.451085488571831 ], [ 74.26218326057014, 31.451058599763908 ], [ 74.262096175039133, 31.450883818504561 ], [ 74.262028713168419, 31.45090859299383 ] ] ] } },
{ "type": "Feature", "properties": { "OBJECTID": 165402, "SHAPE_Leng": 192.43884472900001, "SHAPE_Area": 1583.5695815500001, "Town": "Allama Iqbal Town", "UC_N0": "UC_120", "Landuse": "V", "KA": null, "Name": null, "Plot_No": null, "Road_Wdth": "30'", "Plot_Size": "9 M", "__source_file": "PCSIR.shp" }, "geometry": { "type": "Polygon", "coordinates": [ [ [ 74.262110118116553, 31.451085488571831 ], [ 74.262028713168419, 31.45090859299383 ], [ 74.261948782230306, 31.450937946521552 ], [ 74.262041557815834, 31.451110692825139 ], [ 74.262110118116553, 31.451085488571831 ] ] ] } },
{ "type": "Feature", "properties": { "OBJECTID": 165402, "SHAPE_Leng": 192.43884472900001, "SHAPE_Area": 1583.5695815500001, "Town": "Allama Iqbal Town", "UC_N0": "UC_120", "Landuse": "V", "KA": null, "Name": null, "Plot_No": null, "Road_Wdth": "30'", "Plot_Size": "9 M", "__source_file": "PCSIR.shp" }, "geometry": { "type": "Polygon", "coordinates": [ [ [ 74.262257152729603, 31.451031435288808 ], [ 74.262169071521043, 31.450857048170356 ], [ 74.262096175039133, 31.450883818504561 ], [ 74.26218326057014, 31.451058599763908 ], [ 74.262257152729603, 31.451031435288808 ] ] ] } },
{ "type": "Feature", "properties": { "OBJECTID": 177214, "SHAPE_Leng": 95.228462092399994, "SHAPE_Area": 576.53331377400002, "Town": "Allama Iqbal Town", "UC_N0": "UC_120", "Landuse": "V", "KA": null, "Name": null, "Plot_No": null, "Road_Wdth": "30'", "Plot_Size": "9 M", "__source_file": "PCSIR.shp" }, "geometry": { "type": "Polygon", "coordinates": [ [ [ 74.264213195619718, 31.453089377805341 ], [ 74.264307708237013, 31.453260162104346 ], [ 74.264341071056691, 31.453248547942231 ], [ 74.264382858442573, 31.453233958081555 ], [ 74.264296500814112, 31.453058217542441 ], [ 74.264213195619718, 31.453089377805341 ] ] ] } },
{ "type": "Feature", "properties": { "OBJECTID": 177214, "SHAPE_Leng": 95.228462092399994, "SHAPE_Area": 576.53331377400002, "Town": "Allama Iqbal Town", "UC_N0": "UC_120", "Landuse": "V", "KA": null, "Name": null, "Plot_No": "683", "Road_Wdth": "30'", "Plot_Size": "9 M", "__source_file": "PCSIR.shp" }, "geometry": { "type": "Polygon", "coordinates": [ [ [ 74.26420537968896, 31.453295784330805 ], [ 74.264118311484225, 31.45312486908513 ], [ 74.264116250061505, 31.453125640156365 ], [ 74.264022016914254, 31.453160888160696 ], [ 74.264087334461479, 31.453286531959176 ], [ 74.264094545931854, 31.453292456801158 ], [ 74.264106515465855, 31.453299744273 ], [ 74.264119779588654, 31.453305139998736 ], [ 74.264133935448157, 31.453308478360722 ], [ 74.264148552314154, 31.453309659443747 ], [ 74.264163186333604, 31.453308646413209 ], [ 74.264177392065008, 31.453305470994486 ], [ 74.264182423468455, 31.453303775748275 ], [ 74.26420537968896, 31.453295784330805 ] ] ] } },
{ "type": "Feature", "properties": { "OBJECTID": 175096, "SHAPE_Leng": 140.19811207399999, "SHAPE_Area": 1095.99509463, "Town": "Allama Iqbal Town", "UC_N0": "UC_120", "Landuse": "V", "KA": null, "Name": null, "Plot_No": null, "Road_Wdth": "30'", "Plot_Size": "9 M", "__source_file": "PCSIR.shp" }, "geometry": { "type": "Polygon", "coordinates": [ [ [ 74.265657094450404, 31.452780327903834 ], [ 74.265568783433366, 31.452582309958981 ], [ 74.26549049656991, 31.452611594377188 ], [ 74.265570044480285, 31.452811958261183 ], [ 74.265657094450404, 31.452780327903834 ] ] ] } },
{ "type": "Feature", "properties": { "OBJECTID": 175096, "SHAPE_Leng": 140.19811207399999, "SHAPE_Area": 1095.99509463, "Town": "Allama Iqbal Town", "UC_N0": "UC_120", "Landuse": "V", "KA": null, "Name": null, "Plot_No": null, "Road_Wdth": "30'", "Plot_Size": "9 M", "__source_file": "PCSIR.shp" }, "geometry": { "type": "Polygon", "coordinates": [ [ [ 74.265841447537184, 31.452713341352087 ], [ 74.265751225654554, 31.452514064351451 ], [ 74.2656647113335, 31.452546426545862 ], [ 74.265753844794901, 31.452745172736623 ], [ 74.265841447537184, 31.452713341352087 ] ] ] } },
{ "type": "Feature", "properties": { "OBJECTID": 175096, "SHAPE_Leng": 140.19811207399999, "SHAPE_Area": 1095.99509463, "Town": "Allama Iqbal Town", "UC_N0": "UC_120", "Landuse": "V", "KA": null, "Name": null, "Plot_No": null, "Road_Wdth": "30'", "Plot_Size": "9 M", "__source_file": "PCSIR.shp" }, "geometry": { "type": "Polygon", "coordinates": [ [ [ 74.265570044480285, 31.452811958261183 ], [ 74.26549049656991, 31.452611594377188 ], [ 74.265394369302086, 31.452647552184839 ], [ 74.265488231327481, 31.452841536531722 ], [ 74.265551267025728, 31.452818781200577 ], [ 74.265570044480285, 31.452811958261183 ] ] ] } },
{ "type": "Feature", "properties": { "OBJECTID": 175096, "SHAPE_Leng": 140.19811207399999, "SHAPE_Area": 1095.99509463, "Town": "Allama Iqbal Town", "UC_N0": "UC_120", "Landuse": "V", "KA": null, "Name": null, "Plot_No": null, "Road_Wdth": "30'", "Plot_Size": "9 M", "__source_file": "PCSIR.shp" }, "geometry": { "type": "Polygon", "coordinates": [ [ [ 74.265751225654554, 31.452514064351451 ], [ 74.265841447537184, 31.452713341352087 ], [ 74.265940113842603, 31.452677489806295 ], [ 74.265886688208795, 31.452568690149988 ], [ 74.265843006279667, 31.452479732114906 ], [ 74.265751225654554, 31.452514064351451 ] ] ] } },
{ "type": "Feature", "properties": { "OBJECTID": 177218, "SHAPE_Leng": 94.967488314700006, "SHAPE_Area": 560.09686947399996, "Town": "Allama Iqbal Town", "UC_N0": "UC_120", "Landuse": "V", "KA": null, "Name": null, "Plot_No": null, "Road_Wdth": "30'", "Plot_Size": "9 M", "__source_file": "PCSIR.shp" }, "geometry": { "type": "Polygon", "coordinates": [ [ [ 74.264676821569793, 31.452915956964958 ], [ 74.264774253686028, 31.453096386335012 ], [ 74.264835818964926, 31.453074669900182 ], [ 74.264846071987805, 31.453071039553031 ], [ 74.264747001510784, 31.452889705623889 ], [ 74.264676821569793, 31.452915956964958 ] ] ] } },
{ "type": "Feature", "properties": { "OBJECTID": 177218, "SHAPE_Leng": 94.967488314700006, "SHAPE_Area": 560.09686947399996, "Town": "Allama Iqbal Town", "UC_N0": "UC_120", "Landuse": "V", "KA": null, "Name": null, "Plot_No": null, "Road_Wdth": "30'", "Plot_Size": "9 M", "__source_file": "PCSIR.shp" }, "geometry": { "type": "Polygon", "coordinates": [ [ [ 74.264774253686028, 31.453096386335012 ], [ 74.264676821569793, 31.452915956964958 ], [ 74.264590978807703, 31.452948067030711 ], [ 74.264684536181349, 31.453128033067912 ], [ 74.264774253686028, 31.453096386335012 ] ] ] } },
{ "type": "Feature", "properties": { "OBJECTID": 177221, "SHAPE_Leng": 123.582467576, "SHAPE_Area": 889.70742860799999, "Town": "Allama Iqbal Town", "UC_N0": "UC_120", "Landuse": "V", "KA": null, "Name": null, "Plot_No": null, "Road_Wdth": "30'", "Plot_Size": "9 M", "__source_file": "PCSIR.shp" }, "geometry": { "type": "Polygon", "coordinates": [ [ [ 74.265231211225313, 31.452708583336143 ], [ 74.265311903337491, 31.452904843268772 ], [ 74.265404104280705, 31.452871846996043 ], [ 74.265308422028738, 31.452679701709854 ], [ 74.265231211225313, 31.452708583336143 ] ] ] } },
{ "type": "Feature", "properties": { "OBJECTID": 177221, "SHAPE_Leng": 123.582467576, "SHAPE_Area": 889.70742860799999, "Town": "Allama Iqbal Town", "UC_N0": "UC_120", "Landuse": "V", "KA": null, "Name": null, "Plot_No": null, "Road_Wdth": "30'", "Plot_Size": "9 M", "__source_file": "PCSIR.shp" }, "geometry": { "type": "Polygon", "coordinates": [ [ [ 74.26521177659437, 31.452940675872902 ], [ 74.265137593150456, 31.4527436022119 ], [ 74.265045800438713, 31.452777938197919 ], [ 74.265125953871433, 31.452971389377314 ], [ 74.26521177659437, 31.452940675872902 ] ] ] } },
{ "type": "Feature", "properties": { "OBJECTID": 177221, "SHAPE_Leng": 123.582467576, "SHAPE_Area": 889.70742860799999, "Town": "Allama Iqbal Town", "UC_N0": "UC_120", "Landuse": "V", "KA": null, "Name": null, "Plot_No": null, "Road_Wdth": "30'", "Plot_Size": "9 M", "__source_file": "PCSIR.shp" }, "geometry": { "type": "Polygon", "coordinates": [ [ [ 74.265311903337491, 31.452904843268772 ], [ 74.265231211225313, 31.452708583336143 ], [ 74.265137593150456, 31.4527436022119 ], [ 74.26521177659437, 31.452940675872902 ], [ 74.265311903337491, 31.452904843268772 ] ] ] } },
{ "type": "Feature", "properties": { "OBJECTID": 177209, "SHAPE_Leng": 320.51591583200002, "SHAPE_Area": 2930.3367071799998, "Town": "Allama Iqbal Town", "UC_N0": "UC_120", "Landuse": "V", "KA": null, "Name": null, "Plot_No": null, "Road_Wdth": "30'", "Plot_Size": "9 M", "__source_file": "PCSIR.shp" }, "geometry": { "type": "Polygon", "coordinates": [ [ [ 74.265695915758329, 31.452332886073801 ], [ 74.265758229237463, 31.452511444535251 ], [ 74.265843006279667, 31.452479732114906 ], [ 74.265759493451256, 31.452309659463495 ], [ 74.265695915758329, 31.452332886073801 ] ] ] } },
{ "type": "Feature", "properties": { "OBJECTID": 177209, "SHAPE_Leng": 320.51591583200002, "SHAPE_Area": 2930.3367071799998, "Town": "Allama Iqbal Town", "UC_N0": "UC_120", "Landuse": "V", "KA": null, "Name": null, "Plot_No": null, "Road_Wdth": "30'", "Plot_Size": "9 M", "__source_file": "PCSIR.shp" }, "geometry": { "type": "Polygon", "coordinates": [ [ [ 74.265384175935992, 31.452651365130027 ], [ 74.265277157313122, 31.452485868508781 ], [ 74.26520903664661, 31.4525107544329 ], [ 74.265305936831297, 31.452680631328789 ], [ 74.265308422028738, 31.452679701709854 ], [ 74.265384175935992, 31.452651365130027 ] ] ] } },
{ "type": "Feature", "properties": { "OBJECTID": 177209, "SHAPE_Leng": 320.51591583200002, "SHAPE_Area": 2930.3367071799998, "Town": "Allama Iqbal Town", "UC_N0": "UC_120", "Landuse": "V", "KA": null, "Name": null, "Plot_No": null, "Road_Wdth": "30'", "Plot_Size": "9 M", "__source_file": "PCSIR.shp" }, "geometry": { "type": "Polygon", "coordinates": [ [ [ 74.264745095818625, 31.452890418463255 ], [ 74.264644531262249, 31.452716978304384 ], [ 74.264568607136894, 31.452744714478683 ], [ 74.264672671035086, 31.452917509502409 ], [ 74.264745095818625, 31.452890418463255 ] ] ] } },
{ "type": "Feature", "properties": { "OBJECTID": 177209, "SHAPE_Leng": 320.51591583200002, "SHAPE_Area": 2930.3367071799998, "Town": "Allama Iqbal Town", "UC_N0": "UC_120", "Landuse": "V", "KA": null, "Name": null, "Plot_No": null, "Road_Wdth": "30'", "Plot_Size": "9 M", "__source_file": "PCSIR.shp" }, "geometry": { "type": "Polygon", "coordinates": [ [ [ 74.264587075350178, 31.452949527143456 ], [ 74.264481627283857, 31.452776489393159 ], [ 74.264409526141392, 31.452802828852196 ], [ 74.264502404255182, 31.452981198857074 ], [ 74.264587075350178, 31.452949527143456 ] ] ] } },
{ "type": "Feature", "properties": { "OBJECTID": 177209, "SHAPE_Leng": 320.51591583200002, "SHAPE_Area": 2930.3367071799998, "Town": "Allama Iqbal Town", "UC_N0": "UC_120", "Landuse": "V", "KA": null, "Name": null, "Plot_No": null, "Road_Wdth": "30'", "Plot_Size": "9 M", "__source_file": "PCSIR.shp" }, "geometry": { "type": "Polygon", "coordinates": [ [ [ 74.265305936831297, 31.452680631328789 ], [ 74.26520903664661, 31.4525107544329 ], [ 74.2651202507314, 31.45254318973582 ], [ 74.265223752284683, 31.452711373438834 ], [ 74.265305936831297, 31.452680631328789 ] ] ] } },
{ "type": "Feature", "properties": { "OBJECTID": 177209, "SHAPE_Leng": 320.51591583200002, "SHAPE_Area": 2930.3367071799998, "Town": "Allama Iqbal Town", "UC_N0": "UC_120", "Landuse": "V", "KA": null, "Name": null, "Plot_No": null, "Road_Wdth": "30'", "Plot_Size": "9 M", "__source_file": "PCSIR.shp" }, "geometry": { "type": "Polygon", "coordinates": [ [ [ 74.264672671035086, 31.452917509502409 ], [ 74.264568607136894, 31.452744714478683 ], [ 74.264481627283857, 31.452776489393159 ], [ 74.264587075350178, 31.452949527143456 ], [ 74.264672671035086, 31.452917509502409 ] ] ] } },
{ "type": "Feature", "properties": { "OBJECTID": 177209, "SHAPE_Leng": 320.51591583200002, "SHAPE_Area": 2930.3367071799998, "Town": "Allama Iqbal Town", "UC_N0": "UC_120", "Landuse": "V", "KA": null, "Name": null, "Plot_No": null, "Road_Wdth": "30'", "Plot_Size": "9 M", "__source_file": "PCSIR.shp" }, "geometry": { "type": "Polygon", "coordinates": [ [ [ 74.265125429781776, 31.452748152047469 ], [ 74.2650253464722, 31.452577860100845 ], [ 74.264936087535489, 31.452610468031946 ], [ 74.265037588489577, 31.452781009955544 ], [ 74.265125429781776, 31.452748152047469 ] ] ] } },
{ "type": "Feature", "properties": { "OBJECTID": 177209, "SHAPE_Leng": 320.51591583200002, "SHAPE_Area": 2930.3367071799998, "Town": "Allama Iqbal Town", "UC_N0": "UC_120", "Landuse": "V", "KA": null, "Name": null, "Plot_No": null, "Road_Wdth": "30'", "Plot_Size": "9 M", "__source_file": "PCSIR.shp" }, "geometry": { "type": "Polygon", "coordinates": [ [ [ 74.265666736719751, 31.45254566891569 ], [ 74.265595422104724, 31.452369598970918 ], [ 74.265506578312937, 31.452402055785846 ], [ 74.265572821697361, 31.452580799381792 ], [ 74.265666736719751, 31.45254566891569 ] ] ] } },
{ "type": "Feature", "properties": { "OBJECTID": 177209, "SHAPE_Leng": 320.51591583200002, "SHAPE_Area": 2930.3367071799998, "Town": "Allama Iqbal Town", "UC_N0": "UC_120", "Landuse": "V", "KA": null, "Name": null, "Plot_No": null, "Road_Wdth": "30'", "Plot_Size": "9 M", "__source_file": "PCSIR.shp" }, "geometry": { "type": "Polygon", "coordinates": [ [ [ 74.265758229237463, 31.452511444535251 ], [ 74.265695915758329, 31.452332886073801 ], [ 74.265595422104724, 31.452369598970918 ], [ 74.265666736719751, 31.45254566891569 ], [ 74.265758229237463, 31.452511444535251 ] ] ] } },
{ "type": "Feature", "properties": { "OBJECTID": 177209, "SHAPE_Leng": 320.51591583200002, "SHAPE_Area": 2930.3367071799998, "Town": "Allama Iqbal Town", "UC_N0": "UC_120", "Landuse": "V", "KA": null, "Name": null, "Plot_No": null, "Road_Wdth": "30'", "Plot_Size": "9 M", "__source_file": "PCSIR.shp" }, "geometry": { "type": "Polygon", "coordinates": [ [ [ 74.265223752284683, 31.452711373438834 ], [ 74.2651202507314, 31.45254318973582 ], [ 74.2650253464722, 31.452577860100845 ], [ 74.265125429781776, 31.452748152047469 ], [ 74.265223752284683, 31.452711373438834 ] ] ] } },
{ "type": "Feature", "properties": { "OBJECTID": 177209, "SHAPE_Leng": 320.51591583200002, "SHAPE_Area": 2930.3367071799998, "Town": "Allama Iqbal Town", "UC_N0": "UC_120", "Landuse": "V", "KA": null, "Name": null, "Plot_No": null, "Road_Wdth": "30'", "Plot_Size": "9 M", "__source_file": "PCSIR.shp" }, "geometry": { "type": "Polygon", "coordinates": [ [ [ 74.264932103380943, 31.452820467595643 ], [ 74.264842478074385, 31.452644665197681 ], [ 74.264742004060253, 31.452681369999492 ], [ 74.264840122890661, 31.452854873118451 ], [ 74.264841453674094, 31.452854375331746 ], [ 74.264932103380943, 31.452820467595643 ] ] ] } },
{ "type": "Feature", "properties": { "OBJECTID": 177209, "SHAPE_Leng": 320.51591583200002, "SHAPE_Area": 2930.3367071799998, "Town": "Allama Iqbal Town", "UC_N0": "UC_120", "Landuse": "V", "KA": null, "Name": null, "Plot_No": null, "Road_Wdth": "30'", "Plot_Size": "9 M", "__source_file": "PCSIR.shp" }, "geometry": { "type": "Polygon", "coordinates": [ [ [ 74.264840122890661, 31.452854873118451 ], [ 74.264742004060253, 31.452681369999492 ], [ 74.264644531262249, 31.452716978304384 ], [ 74.264745095818625, 31.452890418463255 ], [ 74.264747001510784, 31.452889705623889 ], [ 74.264840122890661, 31.452854873118451 ] ] ] } },
{ "type": "Feature", "properties": { "OBJECTID": 177209, "SHAPE_Leng": 320.51591583200002, "SHAPE_Area": 2930.3367071799998, "Town": "Allama Iqbal Town", "UC_N0": "UC_120", "Landuse": "V", "KA": null, "Name": null, "Plot_No": null, "Road_Wdth": "30'", "Plot_Size": "9 M", "__source_file": "PCSIR.shp" }, "geometry": { "type": "Polygon", "coordinates": [ [ [ 74.265037588489577, 31.452781009955544 ], [ 74.264936087535489, 31.452610468031946 ], [ 74.264842478074385, 31.452644665197681 ], [ 74.264932103380943, 31.452820467595643 ], [ 74.264932457307623, 31.45282033520833 ], [ 74.265037588489577, 31.452781009955544 ] ] ] } },
{ "type": "Feature", "properties": { "OBJECTID": 177209, "SHAPE_Leng": 320.51591583200002, "SHAPE_Area": 2930.3367071799998, "Town": "Allama Iqbal Town", "UC_N0": "UC_120", "Landuse": "V", "KA": null, "Name": null, "Plot_No": null, "Road_Wdth": "30'", "Plot_Size": "9 M", "__source_file": "PCSIR.shp" }, "geometry": { "type": "Polygon", "coordinates": [ [ [ 74.265482390645616, 31.452614626520401 ], [ 74.265384904268714, 31.452446506159227 ], [ 74.265277157313122, 31.452485868508781 ], [ 74.265384175935992, 31.452651365130027 ], [ 74.265394369302086, 31.452647552184839 ], [ 74.265482390645616, 31.452614626520401 ] ] ] } },
{ "type": "Feature", "properties": { "OBJECTID": 172641, "SHAPE_Leng": 126.91549532499999, "SHAPE_Area": 883.64995625899996, "Town": "Allama Iqbal Town", "UC_N0": "UC_120", "Landuse": "V", "KA": null, "Name": null, "Plot_No": null, "Road_Wdth": "30'", "Plot_Size": "9 M", "__source_file": "PCSIR.shp" }, "geometry": { "type": "Polygon", "coordinates": [ [ [ 74.264556691727677, 31.452480437013651 ], [ 74.264622504355629, 31.452657662611585 ], [ 74.264710016172714, 31.452624805798887 ], [ 74.264628674003475, 31.452454108825037 ], [ 74.264556691727677, 31.452480437013651 ] ] ] } },
{ "type": "Feature", "properties": { "OBJECTID": 172641, "SHAPE_Leng": 126.91549532499999, "SHAPE_Area": 883.64995625899996, "Town": "Allama Iqbal Town", "UC_N0": "UC_120", "Landuse": "V", "KA": null, "Name": null, "Plot_No": null, "Road_Wdth": "30'", "Plot_Size": "9 M", "__source_file": "PCSIR.shp" }, "geometry": { "type": "Polygon", "coordinates": [ [ [ 74.264539700342482, 31.452688751775455 ], [ 74.264451896963394, 31.452518766576414 ], [ 74.264365720770982, 31.452550286152199 ], [ 74.264453293625607, 31.452721193512005 ], [ 74.264539700342482, 31.452688751775455 ] ] ] } },
{ "type": "Feature", "properties": { "OBJECTID": 172642, "SHAPE_Leng": 98.495050501999998, "SHAPE_Area": 593.91546210499996, "Town": "Allama Iqbal Town", "UC_N0": "UC_120", "Landuse": "V", "KA": null, "Name": null, "Plot_No": null, "Road_Wdth": "30'", "Plot_Size": "9 M", "__source_file": "PCSIR.shp" }, "geometry": { "type": "Polygon", "coordinates": [ [ [ 74.264002662902087, 31.45268307548319 ], [ 74.264091460876898, 31.452857044711617 ], [ 74.264166350401609, 31.452828927333837 ], [ 74.26408206551416, 31.452654034014756 ], [ 74.264002662902087, 31.45268307548319 ] ] ] } },
{ "type": "Feature", "properties": { "OBJECTID": 172642, "SHAPE_Leng": 98.495050501999998, "SHAPE_Area": 593.91546210499996, "Town": "Allama Iqbal Town", "UC_N0": "UC_120", "Landuse": "V", "KA": null, "Name": null, "Plot_No": null, "Road_Wdth": "30'", "Plot_Size": "9 M", "__source_file": "PCSIR.shp" }, "geometry": { "type": "Polygon", "coordinates": [ [ [ 74.264091460876898, 31.452857044711617 ], [ 74.264002662902087, 31.45268307548319 ], [ 74.263910364496809, 31.452716833496812 ], [ 74.264001927477167, 31.452890660072708 ], [ 74.264091460876898, 31.452857044711617 ] ] ] } },
{ "type": "Feature", "properties": { "OBJECTID": 172640, "SHAPE_Leng": 123.780623574, "SHAPE_Area": 724.02254516300002, "Town": "Allama Iqbal Town", "UC_N0": "UC_120", "Landuse": "V", "KA": null, "Name": null, "Plot_No": "626", "Road_Wdth": "30'", "Plot_Size": "9 M", "__source_file": "PCSIR.shp" }, "geometry": { "type": "Polygon", "coordinates": [ [ [ 74.265091524430701, 31.45228164566208 ], [ 74.265177506743129, 31.452449281985235 ], [ 74.265238652837311, 31.452426323937559 ], [ 74.265158829813288, 31.452255275181241 ], [ 74.265091524430701, 31.45228164566208 ] ] ] } },
{ "type": "Feature", "properties": { "OBJECTID": 172640, "SHAPE_Leng": 123.780623574, "SHAPE_Area": 724.02254516300002, "Town": "Allama Iqbal Town", "UC_N0": "UC_120", "Landuse": "V", "KA": null, "Name": null, "Plot_No": null, "Road_Wdth": "30'", "Plot_Size": "9 M", "__source_file": "PCSIR.shp" }, "geometry": { "type": "Polygon", "coordinates": [ [ [ 74.265177506743129, 31.452449281985235 ], [ 74.265091524430701, 31.45228164566208 ], [ 74.265007909078705, 31.452314406374619 ], [ 74.265008291556214, 31.452315260109689 ], [ 74.265084052891027, 31.452484370296375 ], [ 74.265177506743129, 31.452449281985235 ] ] ] } },
{ "type": "Feature", "properties": { "OBJECTID": 172641, "SHAPE_Leng": 126.91549532499999, "SHAPE_Area": 883.64995625899996, "Town": "Allama Iqbal Town", "UC_N0": "UC_120", "Landuse": "V", "KA": null, "Name": null, "Plot_No": null, "Road_Wdth": "30'", "Plot_Size": "9 M", "__source_file": "PCSIR.shp" }, "geometry": { "type": "Polygon", "coordinates": [ [ [ 74.264453293625607, 31.452721193512005 ], [ 74.264365720770982, 31.452550286152199 ], [ 74.264293997583081, 31.452576519374471 ], [ 74.26421169366499, 31.452606622499513 ], [ 74.2642997295073, 31.452778849554274 ], [ 74.264381594345181, 31.452748113222814 ], [ 74.264453293625607, 31.452721193512005 ] ] ] } },
{ "type": "Feature", "properties": { "OBJECTID": 193093, "SHAPE_Leng": 161.654068018, "SHAPE_Area": 1440.1440906299999, "Town": "Allama Iqbal Town", "UC_N0": "UC_120", "Landuse": "V", "KA": null, "Name": null, "Plot_No": null, "Road_Wdth": "30'", "Plot_Size": "18 M", "__source_file": "PCSIR.shp" }, "geometry": { "type": "Polygon", "coordinates": [ [ [ 74.264626070200052, 31.452455061191394 ], [ 74.264509254823636, 31.452238747200166 ], [ 74.264406492634038, 31.452275546319939 ], [ 74.264509598093127, 31.452497661919534 ], [ 74.264626070200052, 31.452455061191394 ] ] ] } },
{ "type": "Feature", "properties": { "OBJECTID": 193093, "SHAPE_Leng": 161.654068018, "SHAPE_Area": 1440.1440906299999, "Town": "Allama Iqbal Town", "UC_N0": "UC_120", "Landuse": "V", "KA": null, "Name": null, "Plot_No": null, "Road_Wdth": "30'", "Plot_Size": "18 M", "__source_file": "PCSIR.shp" }, "geometry": { "type": "Polygon", "coordinates": [ [ [ 74.264509254823636, 31.452238747200166 ], [ 74.264626070200052, 31.452455061191394 ], [ 74.264628674003475, 31.452454108825037 ], [ 74.264732610419486, 31.45241609300227 ], [ 74.264630826085778, 31.452195212410412 ], [ 74.264509254823636, 31.452238747200166 ] ] ] } },
{ "type": "Feature", "properties": { "OBJECTID": 193093, "SHAPE_Leng": 161.654068018, "SHAPE_Area": 1440.1440906299999, "Town": "Allama Iqbal Town", "UC_N0": "UC_120", "Landuse": "V", "KA": null, "Name": null, "Plot_No": null, "Road_Wdth": "30'", "Plot_Size": "18 M", "__source_file": "PCSIR.shp" }, "geometry": { "type": "Polygon", "coordinates": [ [ [ 74.264368113660851, 31.452549410936214 ], [ 74.26427151753056, 31.452323880707318 ], [ 74.264175224474442, 31.452358362991795 ], [ 74.264098785973019, 31.452385735343473 ], [ 74.26421169366499, 31.452606622499513 ], [ 74.264279407009369, 31.452581855964908 ], [ 74.264368113660851, 31.452549410936214 ] ] ] } },
{ "type": "Feature", "properties": { "OBJECTID": 172643, "SHAPE_Leng": 110.77432666, "SHAPE_Area": 766.33789511199996, "Town": "Allama Iqbal Town", "UC_N0": "UC_120", "Landuse": "V", "KA": null, "Name": null, "Plot_No": "616", "Road_Wdth": "30'", "Plot_Size": "18 M", "__source_file": "PCSIR.shp" }, "geometry": { "type": "Polygon", "coordinates": [ [ [ 74.263918689337217, 31.452713788701775 ], [ 74.263833259662263, 31.452480818823219 ], [ 74.263696261878991, 31.452529876547558 ], [ 74.263808346672533, 31.452754146268013 ], [ 74.263918689337217, 31.452713788701775 ] ] ] } },
{ "type": "Feature", "properties": { "OBJECTID": 172617, "SHAPE_Leng": 173.436975832, "SHAPE_Area": 1504.68484874, "Town": "Allama Iqbal Town", "UC_N0": "UC_120", "Landuse": "R", "KA": null, "Name": null, "Plot_No": "595", "Road_Wdth": "50'", "Plot_Size": "18 M", "__source_file": "PCSIR.shp" }, "geometry": { "type": "Polygon", "coordinates": [ [ [ 74.265677495664619, 31.451046153926097 ], [ 74.265641101950933, 31.451028758529446 ], [ 74.265544841254354, 31.450977687403924 ], [ 74.265543952669731, 31.450977189693809 ], [ 74.265536848287113, 31.450973197210295 ], [ 74.26553661357211, 31.450973065041754 ], [ 74.265447194246519, 31.451054517618523 ], [ 74.265388873075821, 31.451103771240504 ], [ 74.265528607994355, 31.451198667141764 ], [ 74.265677495664619, 31.451046153926097 ] ] ] } },
{ "type": "Feature", "properties": { "OBJECTID": 172617, "SHAPE_Leng": 173.436975832, "SHAPE_Area": 1504.68484874, "Town": "Allama Iqbal Town", "UC_N0": "UC_120", "Landuse": "R", "KA": null, "Name": null, "Plot_No": null, "Road_Wdth": "30'", "Plot_Size": "18 M", "__source_file": "PCSIR.shp" }, "geometry": { "type": "Polygon", "coordinates": [ [ [ 74.265677495664619, 31.451046153926097 ], [ 74.265528607994355, 31.451198667141764 ], [ 74.265642750102145, 31.451276182360409 ], [ 74.265823434085362, 31.451110677461688 ], [ 74.265741917606675, 31.451076604977526 ], [ 74.26573069882572, 31.451071583839838 ], [ 74.265677495664619, 31.451046153926097 ] ] ] } },
{ "type": "Feature", "properties": { "OBJECTID": 172618, "SHAPE_Leng": 250.802325529, "SHAPE_Area": 2805.93374167, "Town": "Allama Iqbal Town", "UC_N0": "UC_120", "Landuse": "R", "KA": null, "Name": null, "Plot_No": null, "Road_Wdth": "50'", "Plot_Size": "18 M", "__source_file": "PCSIR.shp" }, "geometry": { "type": "Polygon", "coordinates": [ [ [ 74.264530577431501, 31.451869672138201 ], [ 74.264389268837661, 31.451634543131455 ], [ 74.264295798566209, 31.4516687919457 ], [ 74.264425549014021, 31.451907801766193 ], [ 74.264530577431501, 31.451869672138201 ] ] ] } },
{ "type": "Feature", "properties": { "OBJECTID": 172618, "SHAPE_Leng": 250.802325529, "SHAPE_Area": 2805.93374167, "Town": "Allama Iqbal Town", "UC_N0": "UC_120", "Landuse": "R", "KA": null, "Name": null, "Plot_No": null, "Road_Wdth": "50'", "Plot_Size": "18 M", "__source_file": "PCSIR.shp" }, "geometry": { "type": "Polygon", "coordinates": [ [ [ 74.264320504971039, 31.451945936948842 ], [ 74.264193075537619, 31.451706430991209 ], [ 74.264088601443092, 31.451744711533436 ], [ 74.264219302884868, 31.451982677232685 ], [ 74.264221034082141, 31.45198204874519 ], [ 74.264320504971039, 31.451945936948842 ] ] ] } },
{ "type": "Feature", "properties": { "OBJECTID": 172618, "SHAPE_Leng": 250.802325529, "SHAPE_Area": 2805.93374167, "Town": "Allama Iqbal Town", "UC_N0": "UC_120", "Landuse": "R", "KA": null, "Name": null, "Plot_No": null, "Road_Wdth": "50'", "Plot_Size": "18 M", "__source_file": "PCSIR.shp" }, "geometry": { "type": "Polygon", "coordinates": [ [ [ 74.264425549014021, 31.451907801766193 ], [ 74.264295798566209, 31.4516687919457 ], [ 74.264193075537619, 31.451706430991209 ], [ 74.264320504971039, 31.451945936948842 ], [ 74.264425549014021, 31.451907801766193 ] ] ] } },
{ "type": "Feature", "properties": { "OBJECTID": 172618, "SHAPE_Leng": 250.802325529, "SHAPE_Area": 2805.93374167, "Town": "Allama Iqbal Town", "UC_N0": "UC_120", "Landuse": "R", "KA": null, "Name": null, "Plot_No": null, "Road_Wdth": "50'", "Plot_Size": "18 M", "__source_file": "PCSIR.shp" }, "geometry": { "type": "Polygon", "coordinates": [ [ [ 74.263943612946818, 31.452082762633843 ], [ 74.263817560628937, 31.451844023542055 ], [ 74.263693698440761, 31.451889407597768 ], [ 74.263815497782318, 31.452129273092346 ], [ 74.263943612946818, 31.452082762633843 ] ] ] } },
{ "type": "Feature", "properties": { "OBJECTID": 172618, "SHAPE_Leng": 250.802325529, "SHAPE_Area": 2805.93374167, "Town": "Allama Iqbal Town", "UC_N0": "UC_120", "Landuse": "R", "KA": null, "Name": null, "Plot_No": null, "Road_Wdth": "50'", "Plot_Size": "18 M", "__source_file": "PCSIR.shp" }, "geometry": { "type": "Polygon", "coordinates": [ [ [ 74.264219302884868, 31.451982677232685 ], [ 74.264088601443092, 31.451744711533436 ], [ 74.263934243988075, 31.45180126971341 ], [ 74.264073628690397, 31.452035562146161 ], [ 74.264076230141114, 31.452034617722216 ], [ 74.264219302884868, 31.451982677232685 ] ] ] } },
{ "type": "Feature", "properties": { "OBJECTID": 172625, "SHAPE_Leng": 141.77379324699999, "SHAPE_Area": 1230.09110123, "Town": "Allama Iqbal Town", "UC_N0": "UC_120", "Landuse": "R", "KA": null, "Name": null, "Plot_No": null, "Road_Wdth": "50'", "Plot_Size": "18 M", "__source_file": "PCSIR.shp" }, "geometry": { "type": "Polygon", "coordinates": [ [ [ 74.264982873005792, 31.451696405137394 ], [ 74.264831067987117, 31.451459199256544 ], [ 74.264746552207441, 31.451498680631122 ], [ 74.264876646504334, 31.451741984231646 ], [ 74.26487707832392, 31.451741808971676 ], [ 74.264982873005792, 31.451696405137394 ] ] ] } },
{ "type": "Feature", "properties": { "OBJECTID": 172625, "SHAPE_Leng": 141.77379324699999, "SHAPE_Area": 1230.09110123, "Town": "Allama Iqbal Town", "UC_N0": "UC_120", "Landuse": "R", "KA": null, "Name": null, "Plot_No": null, "Road_Wdth": "50'", "Plot_Size": "18 M", "__source_file": "PCSIR.shp" }, "geometry": { "type": "Polygon", "coordinates": [ [ [ 74.264975320804169, 31.451384043036555 ], [ 74.265124679021341, 31.451626972060545 ], [ 74.265144448158296, 31.451617127356727 ], [ 74.265144477752244, 31.451617111286474 ], [ 74.265144506286745, 31.451617096112358 ], [ 74.265271654740403, 31.451545315510007 ], [ 74.265280484401472, 31.451539697478882 ], [ 74.265077831582687, 31.45132446753275 ], [ 74.264975320804169, 31.451384043036555 ] ] ] } },
{ "type": "Feature", "properties": { "OBJECTID": 193075, "SHAPE_Leng": 196.842111937, "SHAPE_Area": 2054.74964211, "Town": "Allama Iqbal Town", "UC_N0": "UC_120", "Landuse": "V", "KA": null, "Name": null, "Plot_No": null, "Road_Wdth": "30'", "Plot_Size": "18 M", "__source_file": "PCSIR.shp" }, "geometry": { "type": "Polygon", "coordinates": [ [ [ 74.264437258895697, 31.452198703519063 ], [ 74.264322790618237, 31.451945107168914 ], [ 74.264221034082141, 31.45198204874519 ], [ 74.264344272663109, 31.452232536691039 ], [ 74.264437258895697, 31.452198703519063 ] ] ] } },
{ "type": "Feature", "properties": { "OBJECTID": 193075, "SHAPE_Leng": 196.842111937, "SHAPE_Area": 2054.74964211, "Town": "Allama Iqbal Town", "UC_N0": "UC_120", "Landuse": "V", "KA": null, "Name": null, "Plot_No": null, "Road_Wdth": "30'", "Plot_Size": "18 M", "__source_file": "PCSIR.shp" }, "geometry": { "type": "Polygon", "coordinates": [ [ [ 74.264886682050843, 31.452035178964096 ], [ 74.264787202950458, 31.451775912082724 ], [ 74.264750711171232, 31.451789754169084 ], [ 74.264677030897502, 31.451816503319652 ], [ 74.264800993766016, 31.452066357183345 ], [ 74.264886682050843, 31.452035178964096 ] ] ] } },
{ "type": "Feature", "properties": { "OBJECTID": 193075, "SHAPE_Leng": 196.842111937, "SHAPE_Area": 2054.74964211, "Town": "Allama Iqbal Town", "UC_N0": "UC_120", "Landuse": "V", "KA": null, "Name": null, "Plot_No": null, "Road_Wdth": "30'", "Plot_Size": "18 M", "__source_file": "PCSIR.shp" }, "geometry": { "type": "Polygon", "coordinates": [ [ [ 74.264787202950458, 31.451775912082724 ], [ 74.264886682050843, 31.452035178964096 ], [ 74.265009520407162, 31.451990483321353 ], [ 74.264876646504334, 31.451741984231646 ], [ 74.264787202950458, 31.451775912082724 ] ] ] } },
{ "type": "Feature", "properties": { "OBJECTID": 193075, "SHAPE_Leng": 196.842111937, "SHAPE_Area": 2054.74964211, "Town": "Allama Iqbal Town", "UC_N0": "UC_120", "Landuse": "V", "KA": null, "Name": null, "Plot_No": null, "Road_Wdth": "30'", "Plot_Size": "18 M", "__source_file": "PCSIR.shp" }, "geometry": { "type": "Polygon", "coordinates": [ [ [ 74.264650059153894, 31.45212127549626 ], [ 74.26455174543301, 31.451861987270217 ], [ 74.264426760360934, 31.451907361998245 ], [ 74.264555781791842, 31.45215557866176 ], [ 74.264650059153894, 31.45212127549626 ] ] ] } },
{ "type": "Feature", "properties": { "OBJECTID": 193075, "SHAPE_Leng": 196.842111937, "SHAPE_Area": 2054.74964211, "Town": "Allama Iqbal Town", "UC_N0": "UC_120", "Landuse": "V", "KA": null, "Name": null, "Plot_No": null, "Road_Wdth": "30'", "Plot_Size": "18 M", "__source_file": "PCSIR.shp" }, "geometry": { "type": "Polygon", "coordinates": [ [ [ 74.264555781791842, 31.45215557866176 ], [ 74.264426760360934, 31.451907361998245 ], [ 74.264322790618237, 31.451945107168914 ], [ 74.264437258895697, 31.452198703519063 ], [ 74.264555781791842, 31.45215557866176 ] ] ] } },
{ "type": "Feature", "properties": { "OBJECTID": 278558, "SHAPE_Leng": 190.047532273, "SHAPE_Area": 1557.8972700500001, "Town": "Allama Iqbal Town", "UC_N0": "UC_120", "Landuse": "V", "KA": null, "Name": null, "Plot_No": null, "Road_Wdth": "30'", "Plot_Size": "18 M", "__source_file": "PCSIR.shp" }, "geometry": { "type": "Polygon", "coordinates": [ [ [ 74.26562333119081, 31.451640616256913 ], [ 74.265431869911836, 31.451440955871586 ], [ 74.265412829028961, 31.451454236327219 ], [ 74.26540011999785, 31.451463100880037 ], [ 74.26539392235189, 31.451467525935634 ], [ 74.265335640777593, 31.451505499207979 ], [ 74.265518252622925, 31.451709961952101 ], [ 74.26562333119081, 31.451640616256913 ] ] ] } },
{ "type": "Feature", "properties": { "OBJECTID": 278558, "SHAPE_Leng": 190.047532273, "SHAPE_Area": 1557.8972700500001, "Town": "Allama Iqbal Town", "UC_N0": "UC_120", "Landuse": "V", "KA": null, "Name": null, "Plot_No": null, "Road_Wdth": "30'", "Plot_Size": "18 M", "__source_file": "PCSIR.shp" }, "geometry": { "type": "Polygon", "coordinates": [ [ [ 74.265390670041484, 31.451794158720212 ], [ 74.265217091663075, 31.451576118670886 ], [ 74.265144506286745, 31.451617096112358 ], [ 74.265144477752244, 31.451617111286474 ], [ 74.265144448158296, 31.451617127356727 ], [ 74.265012872320881, 31.451682649854138 ], [ 74.265115784512403, 31.451632127501057 ], [ 74.265286901095223, 31.451862639725324 ], [ 74.265390670041484, 31.451794158720212 ] ] ] } },
{ "type": "Feature", "properties": { "OBJECTID": 278558, "SHAPE_Leng": 190.047532273, "SHAPE_Area": 1557.8972700500001, "Town": "Allama Iqbal Town", "UC_N0": "UC_120", "Landuse": "V", "KA": null, "Name": null, "Plot_No": null, "Road_Wdth": "30'", "Plot_Size": "18 M", "__source_file": "PCSIR.shp" }, "geometry": { "type": "Polygon", "coordinates": [ [ [ 74.265518252622925, 31.451709961952101 ], [ 74.265335640777593, 31.451505499207979 ], [ 74.265327268902425, 31.451510953885911 ], [ 74.265292959920828, 31.451532032460282 ], [ 74.265280484401472, 31.451539697478882 ], [ 74.265271654740403, 31.451545315510007 ], [ 74.265217091663075, 31.451576118670886 ], [ 74.265390670041484, 31.451794158720212 ], [ 74.265518252622925, 31.451709961952101 ] ] ] } },
{ "type": "Feature", "properties": { "OBJECTID": 172618, "SHAPE_Leng": 250.802325529, "SHAPE_Area": 2805.93374167, "Town": "Allama Iqbal Town", "UC_N0": "UC_120", "Landuse": "V", "KA": null, "Name": null, "Plot_No": null, "Road_Wdth": "50'", "Plot_Size": "18 M", "__source_file": "PCSIR.shp" }, "geometry": { "type": "Polygon", "coordinates": [ [ [ 74.264073628690397, 31.452035562146161 ], [ 74.263934243988075, 31.45180126971341 ], [ 74.263817560628937, 31.451844023542055 ], [ 74.263943612946818, 31.452082762633843 ], [ 74.263943953139758, 31.45208263913122 ], [ 74.264073628690397, 31.452035562146161 ] ] ] } },
{ "type": "Feature", "properties": { "OBJECTID": 172581, "SHAPE_Leng": 110.533405821, "SHAPE_Area": 763.31384898500005, "Town": "Allama Iqbal Town", "UC_N0": "UC_120", "Landuse": "R", "KA": null, "Name": null, "Plot_No": null, "Road_Wdth": "50'", "Plot_Size": "18 M", "__source_file": "PCSIR.shp" }, "geometry": { "type": "Polygon", "coordinates": [ [ [ 74.263894594519016, 31.451704339636599 ], [ 74.263796293904704, 31.451464025659611 ], [ 74.263659910589013, 31.451513780441701 ], [ 74.263774837186233, 31.451747957642549 ], [ 74.263894594519016, 31.451704339636599 ] ] ] } },
{ "type": "Feature", "properties": { "OBJECTID": 172599, "SHAPE_Leng": 115.066093483, "SHAPE_Area": 827.07947854600002, "Town": "Allama Iqbal Town", "UC_N0": "UC_120", "Landuse": "R", "KA": null, "Name": null, "Plot_No": "578", "Road_Wdth": "50'", "Plot_Size": "18 M", "__source_file": "PCSIR.shp" }, "geometry": { "type": "Polygon", "coordinates": [ [ [ 74.263502293686656, 31.451847222122609 ], [ 74.26336737205942, 31.451620502898393 ], [ 74.263245865970219, 31.451664830051204 ], [ 74.263357981916968, 31.451899782696486 ], [ 74.263502293686656, 31.451847222122609 ] ] ] } },
{ "type": "Feature", "properties": { "OBJECTID": 278556, "SHAPE_Leng": 106.30277716800001, "SHAPE_Area": 702.07271660699996, "Town": "Allama Iqbal Town", "UC_N0": "UC_120", "Landuse": "R", "KA": null, "Name": null, "Plot_No": null, "Road_Wdth": "50'", "Plot_Size": "18 M", "__source_file": "PCSIR.shp" }, "geometry": { "type": "Polygon", "coordinates": [ [ [ 74.265314677738957, 31.45102248880653 ], [ 74.265141033228076, 31.450832257158396 ], [ 74.26510242730096, 31.450861123888494 ], [ 74.265095838695899, 31.450866291022933 ], [ 74.265051494043576, 31.450899207794105 ], [ 74.265051428422041, 31.45089925523552 ], [ 74.26505138184919, 31.450899289252813 ], [ 74.265035748467426, 31.450910268046705 ], [ 74.265222825943695, 31.451100196936416 ], [ 74.265270428567092, 31.451061670715422 ], [ 74.265314677738957, 31.45102248880653 ] ] ] } },
{ "type": "Feature", "properties": { "OBJECTID": 172587, "SHAPE_Leng": 144.71566411500001, "SHAPE_Area": 1254.4948310100001, "Town": "Allama Iqbal Town", "UC_N0": "UC_120", "Landuse": "R", "KA": null, "Name": null, "Plot_No": null, "Road_Wdth": "30'", "Plot_Size": "18 M", "__source_file": "PCSIR.shp" }, "geometry": { "type": "Polygon", "coordinates": [ [ [ 74.264690911839082, 31.45111621314215 ], [ 74.264544882407634, 31.45088328860291 ], [ 74.264511459097591, 31.450901326451202 ], [ 74.264445465756992, 31.450925869654903 ], [ 74.264584423140022, 31.451167701500143 ], [ 74.264670068547943, 31.451126758526403 ], [ 74.264670239705126, 31.451126673797592 ], [ 74.264688295658019, 31.45111760994514 ], [ 74.264690911839082, 31.45111621314215 ] ] ] } },
{ "type": "Feature", "properties": { "OBJECTID": 172587, "SHAPE_Leng": 144.71566411500001, "SHAPE_Area": 1254.4948310100001, "Town": "Allama Iqbal Town", "UC_N0": "UC_120", "Landuse": "R", "KA": null, "Name": null, "Plot_No": null, "Road_Wdth": "30'", "Plot_Size": "18 M", "__source_file": "PCSIR.shp" }, "geometry": { "type": "Polygon", "coordinates": [ [ [ 74.264705411215473, 31.450790519592854 ], [ 74.264859412178609, 31.451022854942433 ], [ 74.264921232504562, 31.450986036583092 ], [ 74.264929160577907, 31.450981043154371 ], [ 74.264929281156412, 31.450980966254985 ], [ 74.264929550911148, 31.450980789162557 ], [ 74.264967409628767, 31.450956073432462 ], [ 74.26498693271229, 31.450942684569029 ], [ 74.26479410221981, 31.450733234253381 ], [ 74.264729687338743, 31.450775881693186 ], [ 74.264705411215473, 31.450790519592854 ] ] ] } },
{ "type": "Feature", "properties": { "OBJECTID": 193081, "SHAPE_Leng": 143.278886336, "SHAPE_Area": 1252.7465869800001, "Town": "Allama Iqbal Town", "UC_N0": "UC_120", "Landuse": "V", "KA": null, "Name": null, "Plot_No": null, "Road_Wdth": "30'", "Plot_Size": "18 M", "__source_file": "PCSIR.shp" }, "geometry": { "type": "Polygon", "coordinates": [ [ [ 74.263922508251639, 31.451417980499606 ], [ 74.263800243984079, 31.451165825486243 ], [ 74.263672851528, 31.451213201909891 ], [ 74.263802213484581, 31.451461866099109 ], [ 74.263921875676516, 31.451418211276962 ], [ 74.263922508251639, 31.451417980499606 ] ] ] } },
{ "type": "Feature", "properties": { "OBJECTID": 193081, "SHAPE_Leng": 143.278886336, "SHAPE_Area": 1252.7465869800001, "Town": "Allama Iqbal Town", "UC_N0": "UC_120", "Landuse": "V", "KA": null, "Name": null, "Plot_No": null, "Road_Wdth": "30'", "Plot_Size": "18 M", "__source_file": "PCSIR.shp" }, "geometry": { "type": "Polygon", "coordinates": [ [ [ 74.26405738971485, 31.451368772664519 ], [ 74.263928240592591, 31.451118224205068 ], [ 74.263800243984079, 31.451165825486243 ], [ 74.263922508251639, 31.451417980499606 ], [ 74.26405738971485, 31.451368772664519 ] ] ] } },
{ "type": "Feature", "properties": { "OBJECTID": 169588, "SHAPE_Leng": 166.260358118, "SHAPE_Area": 1565.98993434, "Town": "Allama Iqbal Town", "UC_N0": "UC_120", "Landuse": "R", "KA": null, "Name": null, "Plot_No": null, "Road_Wdth": "30'", "Plot_Size": "18 M", "__source_file": "PCSIR.shp" }, "geometry": { "type": "Polygon", "coordinates": [ [ [ 74.263513993550632, 31.451218503380581 ], [ 74.263391605392854, 31.450979944603748 ], [ 74.263261931468477, 31.451026793223996 ], [ 74.263378471254654, 31.451267790055361 ], [ 74.263513993550632, 31.451218503380581 ] ] ] } },
{ "type": "Feature", "properties": { "OBJECTID": 193072, "SHAPE_Leng": 195.18128611500001, "SHAPE_Area": 2038.1414233099999, "Town": "Allama Iqbal Town", "UC_N0": "UC_120", "Landuse": "R", "KA": null, "Name": null, "Plot_No": null, "Road_Wdth": "30'", "Plot_Size": "18 M", "__source_file": "PCSIR.shp" }, "geometry": { "type": "Polygon", "coordinates": [ [ [ 74.264393554242972, 31.450585422560913 ], [ 74.264553539202169, 31.450824638048839 ], [ 74.264623725512777, 31.450784694419109 ], [ 74.264712842739257, 31.450727961652554 ], [ 74.264539882701726, 31.450506321378352 ], [ 74.264523059614888, 31.450515877688005 ], [ 74.264523024731076, 31.450515897336643 ], [ 74.264522990906684, 31.45051591608917 ], [ 74.264473441718479, 31.450542934704821 ], [ 74.264445781651006, 31.450557212371052 ], [ 74.264446299521779, 31.450558011107542 ], [ 74.264393554242972, 31.450585422560913 ] ] ] } },
{ "type": "Feature", "properties": { "OBJECTID": 193072, "SHAPE_Leng": 195.18128611500001, "SHAPE_Area": 2038.1414233099999, "Town": "Allama Iqbal Town", "UC_N0": "UC_120", "Landuse": "R", "KA": null, "Name": null, "Plot_No": null, "Road_Wdth": "30'", "Plot_Size": "18 M", "__source_file": "PCSIR.shp" }, "geometry": { "type": "Polygon", "coordinates": [ [ [ 74.264175560933467, 31.450977902266743 ], [ 74.264046811165969, 31.450741686342365 ], [ 74.263980828947965, 31.450767067816749 ], [ 74.263930842254254, 31.450785127316678 ], [ 74.264052708092009, 31.451022582255263 ], [ 74.264175560933467, 31.450977902266743 ] ] ] } },
{ "type": "Feature", "properties": { "OBJECTID": 169588, "SHAPE_Leng": 166.260358118, "SHAPE_Area": 1565.98993434, "Town": "Allama Iqbal Town", "UC_N0": "UC_120", "Landuse": "V", "KA": null, "Name": null, "Plot_No": null, "Road_Wdth": "30'", "Plot_Size": "18 M", "__source_file": "PCSIR.shp" }, "geometry": { "type": "Polygon", "coordinates": [ [ [ 74.26368902636213, 31.450872491621158 ], [ 74.263786155744341, 31.451119522988051 ], [ 74.26390637337002, 31.451075801792395 ], [ 74.263786292139301, 31.450837350996039 ], [ 74.26368902636213, 31.450872491621158 ] ] ] } },
{ "type": "Feature", "properties": { "OBJECTID": 169588, "SHAPE_Leng": 166.260358118, "SHAPE_Area": 1565.98993434, "Town": "Allama Iqbal Town", "UC_N0": "UC_120", "Landuse": "V", "KA": null, "Name": null, "Plot_No": null, "Road_Wdth": "30'", "Plot_Size": "18 M", "__source_file": "PCSIR.shp" }, "geometry": { "type": "Polygon", "coordinates": [ [ [ 74.263786155744341, 31.451119522988051 ], [ 74.26368902636213, 31.450872491621158 ], [ 74.263543936983197, 31.450924909988345 ], [ 74.263653874707416, 31.451167631271371 ], [ 74.263786155744341, 31.451119522988051 ] ] ] } },
{ "type": "Feature", "properties": { "OBJECTID": 193072, "SHAPE_Leng": 195.18128611500001, "SHAPE_Area": 2038.1414233099999, "Town": "Allama Iqbal Town", "UC_N0": "UC_120", "Landuse": "V", "KA": null, "Name": null, "Plot_No": null, "Road_Wdth": "30'", "Plot_Size": "18 M", "__source_file": "PCSIR.shp" }, "geometry": { "type": "Polygon", "coordinates": [ [ [ 74.264046811165969, 31.450741686342365 ], [ 74.264175560933467, 31.450977902266743 ], [ 74.264302481715944, 31.450931742650933 ], [ 74.264161632542482, 31.450693762330342 ], [ 74.264066959392281, 31.450733935885697 ], [ 74.264046811165969, 31.450741686342365 ] ] ] } },
{ "type": "Feature", "properties": { "OBJECTID": 193072, "SHAPE_Leng": 195.18128611500001, "SHAPE_Area": 2038.1414233099999, "Town": "Allama Iqbal Town", "UC_N0": "UC_120", "Landuse": "V", "KA": null, "Name": null, "Plot_No": null, "Road_Wdth": "30'", "Plot_Size": "18 M", "__source_file": "PCSIR.shp" }, "geometry": { "type": "Polygon", "coordinates": [ [ [ 74.264298931740271, 31.45063142321818 ], [ 74.264428282300841, 31.450885990267739 ], [ 74.264468410416399, 31.450871396047809 ], [ 74.264504831419998, 31.450852358021237 ], [ 74.264553539202169, 31.450824638048839 ], [ 74.264393554242972, 31.450585422560913 ], [ 74.264375323501909, 31.450594896975552 ], [ 74.264375160778627, 31.450594979947947 ], [ 74.264298931740271, 31.45063142321818 ] ] ] } },
{ "type": "Feature", "properties": { "OBJECTID": 169584, "SHAPE_Leng": 165.13631400200001, "SHAPE_Area": 1546.0762799, "Town": "Allama Iqbal Town", "UC_N0": "UC_120", "Landuse": "V", "KA": null, "Name": null, "Plot_No": null, "Road_Wdth": "30'", "Plot_Size": "18 M", "__source_file": "PCSIR.shp" }, "geometry": { "type": "Polygon", "coordinates": [ [ [ 74.264043750179326, 31.450742863817588 ], [ 74.263903296812927, 31.450503809323742 ], [ 74.26380515391746, 31.450540221368076 ], [ 74.263930842254254, 31.450785127316678 ], [ 74.263980828947965, 31.450767067816749 ], [ 74.264043750179326, 31.450742863817588 ] ] ] } },
{ "type": "Feature", "properties": { "OBJECTID": 169584, "SHAPE_Leng": 165.13631400200001, "SHAPE_Area": 1546.0762799, "Town": "Allama Iqbal Town", "UC_N0": "UC_120", "Landuse": "V", "KA": null, "Name": null, "Plot_No": null, "Road_Wdth": "30'", "Plot_Size": "18 M", "__source_file": "PCSIR.shp" }, "geometry": { "type": "Polygon", "coordinates": [ [ [ 74.264201997322061, 31.450389580653884 ], [ 74.264307009357381, 31.450627561507204 ], [ 74.264375160778627, 31.450594979947947 ], [ 74.264375323501909, 31.450594896975552 ], [ 74.264446299521779, 31.450558011107542 ], [ 74.264445781651006, 31.450557212371052 ], [ 74.264303714489742, 31.450338275412896 ], [ 74.264225780583175, 31.450378979150827 ], [ 74.264201997322061, 31.450389580653884 ] ] ] } },
{ "type": "Feature", "properties": { "OBJECTID": 169584, "SHAPE_Leng": 165.13631400200001, "SHAPE_Area": 1546.0762799, "Town": "Allama Iqbal Town", "UC_N0": "UC_120", "Landuse": "V", "KA": null, "Name": null, "Plot_No": null, "Road_Wdth": "30'", "Plot_Size": "18 M", "__source_file": "PCSIR.shp" }, "geometry": { "type": "Polygon", "coordinates": [ [ [ 74.264164138765665, 31.450692698839482 ], [ 74.264032949110373, 31.450457642209081 ], [ 74.264022202714202, 31.450461588393189 ], [ 74.263986761398357, 31.450472843004452 ], [ 74.263903296812927, 31.450503809323742 ], [ 74.264043750179326, 31.450742863817588 ], [ 74.264066959392281, 31.450733935885697 ], [ 74.264164138765665, 31.450692698839482 ] ] ] } },
{ "type": "Feature", "properties": { "OBJECTID": 169587, "SHAPE_Leng": 222.39634848200001, "SHAPE_Area": 2392.3024506699999, "Town": "Allama Iqbal Town", "UC_N0": "UC_120", "Landuse": "V", "KA": null, "Name": null, "Plot_No": null, "Road_Wdth": "30'", "Plot_Size": "18 M", "__source_file": "PCSIR.shp" }, "geometry": { "type": "Polygon", "coordinates": [ [ [ 74.263540857917846, 31.450638277034709 ], [ 74.263674908799103, 31.450877592070562 ], [ 74.263786292139301, 31.450837350996039 ], [ 74.263663185389206, 31.450592892819387 ], [ 74.263540857917846, 31.450638277034709 ] ] ] } },
{ "type": "Feature", "properties": { "OBJECTID": 169587, "SHAPE_Leng": 222.39634848200001, "SHAPE_Area": 2392.3024506699999, "Town": "Allama Iqbal Town", "UC_N0": "UC_120", "Landuse": "V", "KA": null, "Name": null, "Plot_No": null, "Road_Wdth": "30'", "Plot_Size": "18 M", "__source_file": "PCSIR.shp" }, "geometry": { "type": "Polygon", "coordinates": [ [ [ 74.263533102851113, 31.450928824170166 ], [ 74.263397832210046, 31.450691340212693 ], [ 74.263376151029604, 31.450699384008384 ], [ 74.263297335246321, 31.45072832277949 ], [ 74.263397118892186, 31.450977952681669 ], [ 74.263533102851113, 31.450928824170166 ] ] ] } },
{ "type": "Feature", "properties": { "OBJECTID": 169587, "SHAPE_Leng": 222.39634848200001, "SHAPE_Area": 2392.3024506699999, "Town": "Allama Iqbal Town", "UC_N0": "UC_120", "Landuse": "V", "KA": null, "Name": null, "Plot_No": "520", "Road_Wdth": "30'", "Plot_Size": "18 M", "__source_file": "PCSIR.shp" }, "geometry": { "type": "Polygon", "coordinates": [ [ [ 74.263118736319441, 31.451078526003279 ], [ 74.263011206193667, 31.450833380148968 ], [ 74.262873281891999, 31.450884021193996 ], [ 74.262988539631351, 31.451125563157667 ], [ 74.263114324118092, 31.451080120016346 ], [ 74.263118736319441, 31.451078526003279 ] ] ] } },
{ "type": "Feature", "properties": { "OBJECTID": 169587, "SHAPE_Leng": 222.39634848200001, "SHAPE_Area": 2392.3024506699999, "Town": "Allama Iqbal Town", "UC_N0": "UC_120", "Landuse": "V", "KA": null, "Name": null, "Plot_No": null, "Road_Wdth": "30'", "Plot_Size": "18 M", "__source_file": "PCSIR.shp" }, "geometry": { "type": "Polygon", "coordinates": [ [ [ 74.263262509098965, 31.451026584537964 ], [ 74.263148886583906, 31.450782828455537 ], [ 74.263011206193667, 31.450833380148968 ], [ 74.263118736319441, 31.451078526003279 ], [ 74.263261931468477, 31.451026793223996 ], [ 74.263262509098965, 31.451026584537964 ] ] ] } },
{ "type": "Feature", "properties": { "OBJECTID": 169587, "SHAPE_Leng": 222.39634848200001, "SHAPE_Area": 2392.3024506699999, "Town": "Allama Iqbal Town", "UC_N0": "UC_120", "Landuse": "V", "KA": null, "Name": null, "Plot_No": null, "Road_Wdth": "30'", "Plot_Size": "18 M", "__source_file": "PCSIR.shp" }, "geometry": { "type": "Polygon", "coordinates": [ [ [ 74.263397118892186, 31.450977952681669 ], [ 74.263297335246321, 31.45072832277949 ], [ 74.263148886583906, 31.450782828455537 ], [ 74.263262509098965, 31.451026584537964 ], [ 74.263397118892186, 31.450977952681669 ] ] ] } },
{ "type": "Feature", "properties": { "OBJECTID": 177243, "SHAPE_Leng": 67.521617188999997, "SHAPE_Area": 219.59096537799999, "Town": "Allama Iqbal Town", "UC_N0": "UC_120", "Landuse": "V", "KA": null, "Name": null, "Plot_No": null, "Road_Wdth": "30'", "Plot_Size": "10 M", "__source_file": "PCSIR.shp" }, "geometry": { "type": "Polygon", "coordinates": [ [ [ 74.266423929141638, 31.452278164978026 ], [ 74.266468751418046, 31.452486355713628 ], [ 74.266588007606771, 31.452464488648751 ], [ 74.266530951637137, 31.452266273347192 ], [ 74.266423929141638, 31.452278164978026 ] ] ] } },
{ "type": "Feature", "properties": { "OBJECTID": 177244, "SHAPE_Leng": 80.420901970700001, "SHAPE_Area": 404.38078811399998, "Town": "Allama Iqbal Town", "UC_N0": "UC_120", "Landuse": "V", "KA": null, "Name": null, "Plot_No": null, "Road_Wdth": "30'", "Plot_Size": "10 M", "__source_file": "PCSIR.shp" }, "geometry": { "type": "Polygon", "coordinates": [ [ [ 74.266217604383627, 31.452382694073805 ], [ 74.266268088316011, 31.452557051271725 ], [ 74.26636155921382, 31.452522575386745 ], [ 74.266335596843916, 31.452394754615838 ], [ 74.266335572535468, 31.452394632676238 ], [ 74.266329873920256, 31.45236433218853 ], [ 74.266217604383627, 31.452382694073805 ] ] ] } },
{ "type": "Feature", "properties": { "OBJECTID": 175124, "SHAPE_Leng": 250.931756909, "SHAPE_Area": 2185.39318529, "Town": "Allama Iqbal Town", "UC_N0": "UC_120", "Landuse": "V", "KA": null, "Name": null, "Plot_No": "725", "Road_Wdth": "30'", "Plot_Size": "10 M", "__source_file": "PCSIR.shp" }, "geometry": { "type": "Polygon", "coordinates": [ [ [ 74.266069593278289, 31.45135677019476 ], [ 74.266238455277772, 31.451360869088379 ], [ 74.26623798203137, 31.451321102430093 ], [ 74.266237982347846, 31.451321061831788 ], [ 74.266237983416801, 31.451320924699711 ], [ 74.266239099034607, 31.451245178459711 ], [ 74.266239214297585, 31.451239977791779 ], [ 74.26620718919385, 31.451245693976876 ], [ 74.266163906085609, 31.451259784166407 ], [ 74.266153364021235, 31.451264477592186 ], [ 74.266069593278289, 31.45135677019476 ] ] ] } },
{ "type": "Feature", "properties": { "OBJECTID": 175124, "SHAPE_Leng": 250.931756909, "SHAPE_Area": 2185.39318529, "Town": "Allama Iqbal Town", "UC_N0": "UC_120", "Landuse": "V", "KA": null, "Name": null, "Plot_No": null, "Road_Wdth": "30'", "Plot_Size": "10 M", "__source_file": "PCSIR.shp" }, "geometry": { "type": "Polygon", "coordinates": [ [ [ 74.266293023618758, 31.452134389759866 ], [ 74.266060045503508, 31.452167580044428 ], [ 74.266062397834148, 31.452198999927862 ], [ 74.266066198847156, 31.452225107740759 ], [ 74.266068141186494, 31.452237183423836 ], [ 74.266303661540292, 31.452210672055543 ], [ 74.266299143426878, 31.452181229126243 ], [ 74.266299139463385, 31.452181197525647 ], [ 74.266299123539127, 31.452181080145188 ], [ 74.266293023618758, 31.452134389759866 ] ] ] } },
{ "type": "Feature", "properties": { "OBJECTID": 175124, "SHAPE_Leng": 250.931756909, "SHAPE_Area": 2185.39318529, "Town": "Allama Iqbal Town", "UC_N0": "UC_120", "Landuse": "V", "KA": null, "Name": null, "Plot_No": null, "Road_Wdth": "30'", "Plot_Size": "10 M", "__source_file": "PCSIR.shp" }, "geometry": { "type": "Polygon", "coordinates": [ [ [ 74.266270502250023, 31.451959884071904 ], [ 74.266270339562908, 31.45195809273083 ], [ 74.266266543713883, 31.451921325162498 ], [ 74.266262944708814, 31.451876863179066 ], [ 74.266039375293161, 31.451891488991244 ], [ 74.266046029111592, 31.451980363892879 ], [ 74.266270502250023, 31.451959884071904 ] ] ] } },
{ "type": "Feature", "properties": { "OBJECTID": 175124, "SHAPE_Leng": 250.931756909, "SHAPE_Area": 2185.39318529, "Town": "Allama Iqbal Town", "UC_N0": "UC_120", "Landuse": "V", "KA": null, "Name": null, "Plot_No": null, "Road_Wdth": "30'", "Plot_Size": "10 M", "__source_file": "PCSIR.shp" }, "geometry": { "type": "Polygon", "coordinates": [ [ [ 74.266246545069862, 31.451653425154095 ], [ 74.266241837344964, 31.451561733415037 ], [ 74.266016615913585, 31.451587491372912 ], [ 74.266023160439474, 31.451674906948387 ], [ 74.266246545069862, 31.451653425154095 ] ] ] } },
{ "type": "Feature", "properties": { "OBJECTID": 175124, "SHAPE_Leng": 250.931756909, "SHAPE_Area": 2185.39318529, "Town": "Allama Iqbal Town", "UC_N0": "UC_120", "Landuse": "V", "KA": null, "Name": null, "Plot_No": null, "Road_Wdth": "30'", "Plot_Size": "10 M", "__source_file": "PCSIR.shp" }, "geometry": { "type": "Polygon", "coordinates": [ [ [ 74.266282280228424, 31.452052374899715 ], [ 74.266282166632621, 31.45205130168878 ], [ 74.266281833425694, 31.452049087524138 ], [ 74.266271186579004, 31.45196730027893 ], [ 74.266271153882101, 31.451967039348585 ], [ 74.266271144047266, 31.451966950874176 ], [ 74.266270502250023, 31.451959884071904 ], [ 74.266046029111592, 31.451980363892879 ], [ 74.26605278437448, 31.452070593636709 ], [ 74.266282280228424, 31.452052374899715 ] ] ] } },
{ "type": "Feature", "properties": { "OBJECTID": 175124, "SHAPE_Leng": 250.931756909, "SHAPE_Area": 2185.39318529, "Town": "Allama Iqbal Town", "UC_N0": "UC_120", "Landuse": "V", "KA": null, "Name": null, "Plot_No": null, "Road_Wdth": "30'", "Plot_Size": "10 M", "__source_file": "PCSIR.shp" }, "geometry": { "type": "Polygon", "coordinates": [ [ [ 74.266293023618758, 31.452134389759866 ], [ 74.26629256646703, 31.4521308905992 ], [ 74.266283569386729, 31.452064554388564 ], [ 74.266282280228424, 31.452052374899715 ], [ 74.26605278437448, 31.452070593636709 ], [ 74.266060045503508, 31.452167580044428 ], [ 74.266293023618758, 31.452134389759866 ] ] ] } },
{ "type": "Feature", "properties": { "OBJECTID": 175124, "SHAPE_Leng": 250.931756909, "SHAPE_Area": 2185.39318529, "Town": "Allama Iqbal Town", "UC_N0": "UC_120", "Landuse": "V", "KA": null, "Name": null, "Plot_No": null, "Road_Wdth": "30'", "Plot_Size": "10 M", "__source_file": "PCSIR.shp" }, "geometry": { "type": "Polygon", "coordinates": [ [ [ 74.266239582551947, 31.451455595882987 ], [ 74.266238457002444, 31.451361160340028 ], [ 74.266238457691642, 31.451361071925898 ], [ 74.266238455277772, 31.451360869088379 ], [ 74.266069593278289, 31.45135677019476 ], [ 74.266057317174543, 31.451370295106081 ], [ 74.266051444529111, 31.451379610312074 ], [ 74.266030034486235, 31.451423096679996 ], [ 74.266016822640168, 31.451468918968562 ], [ 74.266016413792826, 31.451473021438446 ], [ 74.266239582551947, 31.451455595882987 ] ] ] } },
{ "type": "Feature", "properties": { "OBJECTID": 175124, "SHAPE_Leng": 250.931756909, "SHAPE_Area": 2185.39318529, "Town": "Allama Iqbal Town", "UC_N0": "UC_120", "Landuse": "V", "KA": null, "Name": null, "Plot_No": null, "Road_Wdth": "30'", "Plot_Size": "10 M", "__source_file": "PCSIR.shp" }, "geometry": { "type": "Polygon", "coordinates": [ [ [ 74.266252924264009, 31.451766509284539 ], [ 74.266251607324662, 31.451752021865406 ], [ 74.266246545069862, 31.451653425154095 ], [ 74.266023160439474, 31.451674906948387 ], [ 74.266030414969194, 31.45177180591703 ], [ 74.266252924264009, 31.451766509284539 ] ] ] } },
{ "type": "Feature", "properties": { "OBJECTID": 175124, "SHAPE_Leng": 250.931756909, "SHAPE_Area": 2185.39318529, "Town": "Allama Iqbal Town", "UC_N0": "UC_120", "Landuse": "V", "KA": null, "Name": null, "Plot_No": null, "Road_Wdth": "30'", "Plot_Size": "10 M", "__source_file": "PCSIR.shp" }, "geometry": { "type": "Polygon", "coordinates": [ [ [ 74.266241837344964, 31.451561733415037 ], [ 74.266240549474588, 31.451536649707865 ], [ 74.266240542769353, 31.45153615976119 ], [ 74.266239582551947, 31.451455595882987 ], [ 74.266016413792826, 31.451473021438446 ], [ 74.266012135633574, 31.451515949466238 ], [ 74.266012744066273, 31.45153577483898 ], [ 74.266016615913585, 31.451587491372912 ], [ 74.266241837344964, 31.451561733415037 ] ] ] } },
{ "type": "Feature", "properties": { "OBJECTID": 177237, "SHAPE_Leng": 151.31903954800001, "SHAPE_Area": 1076.66666403, "Town": "Allama Iqbal Town", "UC_N0": "UC_120", "Landuse": "V", "KA": null, "Name": null, "Plot_No": null, "Road_Wdth": "30'", "Plot_Size": "10 M", "__source_file": "PCSIR.shp" }, "geometry": { "type": "Polygon", "coordinates": [ [ [ 74.266442855002012, 31.451571582960828 ], [ 74.266242124977751, 31.451567335605052 ], [ 74.266246772619041, 31.451657857096055 ], [ 74.266446331909009, 31.451659071615758 ], [ 74.266442796398195, 31.451579103004949 ], [ 74.266442855002012, 31.451571582960828 ] ] ] } },
{ "type": "Feature", "properties": { "OBJECTID": 177237, "SHAPE_Leng": 151.31903954800001, "SHAPE_Area": 1076.66666403, "Town": "Allama Iqbal Town", "UC_N0": "UC_120", "Landuse": "V", "KA": null, "Name": null, "Plot_No": null, "Road_Wdth": "30'", "Plot_Size": "10 M", "__source_file": "PCSIR.shp" }, "geometry": { "type": "Polygon", "coordinates": [ [ [ 74.266452714762053, 31.451772786819859 ], [ 74.266253096690619, 31.451768406119253 ], [ 74.266262855387851, 31.45187575971061 ], [ 74.266461169055518, 31.451866750086364 ], [ 74.266452714762053, 31.451772786819859 ] ] ] } },
{ "type": "Feature", "properties": { "OBJECTID": 177237, "SHAPE_Leng": 151.31903954800001, "SHAPE_Area": 1076.66666403, "Town": "Allama Iqbal Town", "UC_N0": "UC_120", "Landuse": "V", "KA": null, "Name": null, "Plot_No": null, "Road_Wdth": "30'", "Plot_Size": "10 M", "__source_file": "PCSIR.shp" }, "geometry": { "type": "Polygon", "coordinates": [ [ [ 74.26644362916781, 31.451472241711286 ], [ 74.266239671425723, 31.451463052545236 ], [ 74.266240542769353, 31.45153615976119 ], [ 74.266240549474588, 31.451536649707865 ], [ 74.266242124977751, 31.451567335605052 ], [ 74.266442855002012, 31.451571582960828 ], [ 74.26644362916781, 31.451472241711286 ] ] ] } },
{ "type": "Feature", "properties": { "OBJECTID": 177237, "SHAPE_Leng": 151.31903954800001, "SHAPE_Area": 1076.66666403, "Town": "Allama Iqbal Town", "UC_N0": "UC_120", "Landuse": "V", "KA": null, "Name": null, "Plot_No": null, "Road_Wdth": "30'", "Plot_Size": "10 M", "__source_file": "PCSIR.shp" }, "geometry": { "type": "Polygon", "coordinates": [ [ [ 74.266239671425723, 31.451463052545236 ], [ 74.26644362916781, 31.451472241711286 ], [ 74.266444075854395, 31.451414922493051 ], [ 74.266446124612884, 31.451365673633358 ], [ 74.266238457691642, 31.451361071925898 ], [ 74.266238457002444, 31.451361160340028 ], [ 74.266239671425723, 31.451463052545236 ] ] ] } },
{ "type": "Feature", "properties": { "OBJECTID": 177237, "SHAPE_Leng": 151.31903954800001, "SHAPE_Area": 1076.66666403, "Town": "Allama Iqbal Town", "UC_N0": "UC_120", "Landuse": "V", "KA": null, "Name": null, "Plot_No": null, "Road_Wdth": "30'", "Plot_Size": "10 M", "__source_file": "PCSIR.shp" }, "geometry": { "type": "Polygon", "coordinates": [ [ [ 74.266448345699686, 31.451704620869023 ], [ 74.266446331909009, 31.451659071615758 ], [ 74.266246772619041, 31.451657857096055 ], [ 74.266249692444021, 31.451714726066651 ], [ 74.266448345699686, 31.451704620869023 ] ] ] } },
{ "type": "Feature", "properties": { "OBJECTID": 175123, "SHAPE_Leng": 98.433513046900003, "SHAPE_Area": 582.97707759100001, "Town": "Allama Iqbal Town", "UC_N0": "UC_120", "Landuse": "V", "KA": null, "Name": null, "Plot_No": null, "Road_Wdth": "30'", "Plot_Size": "8 M", "__source_file": "PCSIR.shp" }, "geometry": { "type": "Polygon", "coordinates": [ [ [ 74.266797608945723, 31.452176189886238 ], [ 74.266825425173934, 31.452349822270001 ], [ 74.266926285761841, 31.452312072589002 ], [ 74.266902384905379, 31.452192704036921 ], [ 74.266902270740516, 31.452192092577071 ], [ 74.266897113797199, 31.452163975890425 ], [ 74.266797608945723, 31.452176189886238 ] ] ] } },
{ "type": "Feature", "properties": { "OBJECTID": 175123, "SHAPE_Leng": 98.433513046900003, "SHAPE_Area": 582.97707759100001, "Town": "Allama Iqbal Town", "UC_N0": "UC_120", "Landuse": "V", "KA": null, "Name": null, "Plot_No": null, "Road_Wdth": "30'", "Plot_Size": "8 M", "__source_file": "PCSIR.shp" }, "geometry": { "type": "Polygon", "coordinates": [ [ [ 74.266722260067951, 31.452388434361858 ], [ 74.266688164809224, 31.452189623813648 ], [ 74.266596252074862, 31.452200905740501 ], [ 74.266627807507504, 31.452333182099423 ], [ 74.266650534464958, 31.452415279374119 ], [ 74.266722260067951, 31.452388434361858 ] ] ] } },
{ "type": "Feature", "properties": { "OBJECTID": 177247, "SHAPE_Leng": 93.497921438899994, "SHAPE_Area": 529.71816992200002, "Town": "Allama Iqbal Town", "UC_N0": "UC_120", "Landuse": "V", "KA": null, "Name": null, "Plot_No": null, "Road_Wdth": "30'", "Plot_Size": "8 M", "__source_file": "PCSIR.shp" }, "geometry": { "type": "Polygon", "coordinates": [ [ [ 74.267097806949153, 31.452080923475798 ], [ 74.26711026916081, 31.452242742377702 ], [ 74.2671492371379, 31.452228045759572 ], [ 74.267164441744185, 31.452216983958355 ], [ 74.26718577591032, 31.452193474940078 ], [ 74.267185862138476, 31.452193349121902 ], [ 74.267177131038494, 31.452075193383898 ], [ 74.267097806949153, 31.452080923475798 ] ] ] } },
{ "type": "Feature", "properties": { "OBJECTID": 177247, "SHAPE_Leng": 93.497921438899994, "SHAPE_Area": 529.71816992200002, "Town": "Allama Iqbal Town", "UC_N0": "UC_120", "Landuse": "V", "KA": null, "Name": null, "Plot_No": "705", "Road_Wdth": "30'", "Plot_Size": "8 M", "__source_file": "PCSIR.shp" }, "geometry": { "type": "Polygon", "coordinates": [ [ [ 74.26700925476311, 31.452280839480199 ], [ 74.266982612107412, 31.45208924465523 ], [ 74.266885706514984, 31.45209624461652 ], [ 74.266892249076477, 31.452135094886973 ], [ 74.266897113797199, 31.452163975890425 ], [ 74.266902270740516, 31.452192092577071 ], [ 74.266902384905379, 31.452192704036921 ], [ 74.266926285761841, 31.452312072589002 ], [ 74.266975495230142, 31.452293571703581 ], [ 74.26700925476311, 31.452280839480199 ] ] ] } },
{ "type": "Feature", "properties": { "OBJECTID": 177248, "SHAPE_Leng": 140.386847727, "SHAPE_Area": 1181.05519669, "Town": "Allama Iqbal Town", "UC_N0": "UC_120", "Landuse": "V", "KA": null, "Name": null, "Plot_No": "744", "Road_Wdth": "30'", "Plot_Size": "18 M", "__source_file": "PCSIR.shp" }, "geometry": { "type": "Polygon", "coordinates": [ [ [ 74.266825383150234, 31.451469847465962 ], [ 74.266825301458056, 31.45146788969339 ], [ 74.266824061059665, 31.451406759541346 ], [ 74.266823692148805, 31.451320623791567 ], [ 74.266702596791191, 31.451304850777607 ], [ 74.26655427495821, 31.451283383889255 ], [ 74.266541588201392, 31.451281437319707 ], [ 74.266533858726007, 31.45138102578748 ], [ 74.266530480035357, 31.451479370066078 ], [ 74.266825383150234, 31.451469847465962 ] ] ] } },
{ "type": "Feature", "properties": { "OBJECTID": 177250, "SHAPE_Leng": 114.039164074, "SHAPE_Area": 812.69329091899999, "Town": "Allama Iqbal Town", "UC_N0": "UC_120", "Landuse": "V", "KA": null, "Name": null, "Plot_No": null, "Road_Wdth": "30'", "Plot_Size": "18 M", "__source_file": "PCSIR.shp" }, "geometry": { "type": "Polygon", "coordinates": [ [ [ 74.266860729541378, 31.451924027486001 ], [ 74.266555404751472, 31.451959935990097 ], [ 74.266562770828799, 31.452018642291051 ], [ 74.26657226815513, 31.452077126577123 ], [ 74.26687770519996, 31.452047943307655 ], [ 74.266870148907131, 31.451997096661483 ], [ 74.266870124956441, 31.45199692871055 ], [ 74.266870110062783, 31.451996814042666 ], [ 74.266869194313657, 31.451990072788135 ], [ 74.26686781981337, 31.451978181713319 ], [ 74.266867488144797, 31.451978200566064 ], [ 74.266863116608121, 31.451943159283783 ], [ 74.266860729541378, 31.451924027486001 ] ] ] } },
{ "type": "Feature", "properties": { "OBJECTID": 177248, "SHAPE_Leng": 140.386847727, "SHAPE_Area": 1181.05519669, "Town": "Allama Iqbal Town", "UC_N0": "UC_120", "Landuse": "V", "KA": null, "Name": null, "Plot_No": null, "Road_Wdth": "30'", "Plot_Size": "18 M", "__source_file": "PCSIR.shp" }, "geometry": { "type": "Polygon", "coordinates": [ [ [ 74.266829491427274, 31.451568298931626 ], [ 74.266828206036763, 31.451537498558789 ], [ 74.266825383150234, 31.451469847465962 ], [ 74.266530480035357, 31.451479370066078 ], [ 74.266528373244554, 31.451540692744654 ], [ 74.266528849934389, 31.451570852634337 ], [ 74.266829491427274, 31.451568298931626 ] ] ] } },
{ "type": "Feature", "properties": { "OBJECTID": 202789, "SHAPE_Leng": 114.052591831, "SHAPE_Area": 813.90797419600005, "Town": "Allama Iqbal Town", "UC_N0": "UC_120", "Landuse": "V", "KA": null, "Name": null, "Plot_No": null, "Road_Wdth": "30'", "Plot_Size": "18.5 M", "__source_file": "PCSIR.shp" }, "geometry": { "type": "Polygon", "coordinates": [ [ [ 74.266829592633002, 31.451570724010057 ], [ 74.267140824014533, 31.451583888727544 ], [ 74.267132175910092, 31.451466859841016 ], [ 74.266826205530606, 31.451467886748361 ], [ 74.266825301458056, 31.45146788969339 ], [ 74.266828206036763, 31.451537498558789 ], [ 74.266829592633002, 31.451570724010057 ] ] ] } },
{ "type": "Feature", "properties": { "OBJECTID": 175109, "SHAPE_Leng": 249.64966577300001, "SHAPE_Area": 3791.9102009799999, "Town": "Allama Iqbal Town", "UC_N0": "UC_120", "Landuse": "V", "KA": null, "Name": null, "Plot_No": null, "Road_Wdth": "200'", "Plot_Size": "1 K", "__source_file": "PCSIR.shp" }, "geometry": { "type": "Polygon", "coordinates": [ [ [ 74.26779595838488, 31.451597851280813 ], [ 74.267802275374194, 31.451486563867824 ], [ 74.267502715721349, 31.451522483143702 ], [ 74.267500044020537, 31.451644645002649 ], [ 74.26779595838488, 31.451597851280813 ] ] ] } },
{ "type": "Feature", "properties": { "OBJECTID": 175109, "SHAPE_Leng": 249.64966577300001, "SHAPE_Area": 3791.9102009799999, "Town": "Allama Iqbal Town", "UC_N0": "UC_120", "Landuse": "V", "KA": null, "Name": null, "Plot_No": "758", "Road_Wdth": "200'", "Plot_Size": "1 K", "__source_file": "PCSIR.shp" }, "geometry": { "type": "Polygon", "coordinates": [ [ [ 74.267802275374194, 31.451486563867824 ], [ 74.267807670251287, 31.451391521204361 ], [ 74.267755287096065, 31.451390288847342 ], [ 74.267505824630163, 31.451380329627465 ], [ 74.267502715721349, 31.451522483143702 ], [ 74.267802275374194, 31.451486563867824 ] ] ] } },
{ "type": "Feature", "properties": { "OBJECTID": 175109, "SHAPE_Leng": 249.64966577300001, "SHAPE_Area": 3791.9102009799999, "Town": "Allama Iqbal Town", "UC_N0": "UC_120", "Landuse": "V", "KA": null, "Name": null, "Plot_No": null, "Road_Wdth": "200'", "Plot_Size": "1 K", "__source_file": "PCSIR.shp" }, "geometry": { "type": "Polygon", "coordinates": [ [ [ 74.267778973560866, 31.451897074090986 ], [ 74.267787125306114, 31.451753464518784 ], [ 74.267496867457666, 31.451789890753016 ], [ 74.267493595285814, 31.451939507448447 ], [ 74.267778973560866, 31.451897074090986 ] ] ] } },
{ "type": "Feature", "properties": { "OBJECTID": 175109, "SHAPE_Leng": 249.64966577300001, "SHAPE_Area": 3791.9102009799999, "Town": "Allama Iqbal Town", "UC_N0": "UC_120", "Landuse": "V", "KA": null, "Name": null, "Plot_No": null, "Road_Wdth": "200'", "Plot_Size": "1 K", "__source_file": "PCSIR.shp" }, "geometry": { "type": "Polygon", "coordinates": [ [ [ 74.267787125306114, 31.451753464518784 ], [ 74.26779595838488, 31.451597851280813 ], [ 74.267500044020537, 31.451644645002649 ], [ 74.267496867457666, 31.451789890753016 ], [ 74.267787125306114, 31.451753464518784 ] ] ] } },
{ "type": "Feature", "properties": { "OBJECTID": 175109, "SHAPE_Leng": 249.64966577300001, "SHAPE_Area": 3791.9102009799999, "Town": "Allama Iqbal Town", "UC_N0": "UC_120", "Landuse": "R", "KA": null, "Name": null, "Plot_No": null, "Road_Wdth": "30'", "Plot_Size": "1 K", "__source_file": "PCSIR.shp" }, "geometry": { "type": "Polygon", "coordinates": [ [ [ 74.267490412789897, 31.452085023126326 ], [ 74.267493595285814, 31.451939507448447 ], [ 74.26724884872398, 31.45197589867189 ], [ 74.267251723164719, 31.452006422172154 ], [ 74.267262632086329, 31.452122269172126 ], [ 74.267490412789897, 31.452085023126326 ] ] ] } },
{ "type": "Feature", "properties": { "OBJECTID": 175109, "SHAPE_Leng": 249.64966577300001, "SHAPE_Area": 3791.9102009799999, "Town": "Allama Iqbal Town", "UC_N0": "UC_120", "Landuse": "V", "KA": null, "Name": null, "Plot_No": null, "Road_Wdth": "30'", "Plot_Size": "18 M", "__source_file": "PCSIR.shp" }, "geometry": { "type": "Polygon", "coordinates": [ [ [ 74.267500044020537, 31.451644645002649 ], [ 74.267502715721349, 31.451522483143702 ], [ 74.267209461420734, 31.451557645657047 ], [ 74.267221797647395, 31.451688644169728 ], [ 74.267500044020537, 31.451644645002649 ] ] ] } },
{ "type": "Feature", "properties": { "OBJECTID": 175109, "SHAPE_Leng": 249.64966577300001, "SHAPE_Area": 3791.9102009799999, "Town": "Allama Iqbal Town", "UC_N0": "UC_120", "Landuse": "V", "KA": null, "Name": null, "Plot_No": null, "Road_Wdth": "30'", "Plot_Size": "18 M", "__source_file": "PCSIR.shp" }, "geometry": { "type": "Polygon", "coordinates": [ [ [ 74.267496867457666, 31.451789890753055 ], [ 74.267500044020537, 31.451644645002649 ], [ 74.267221797647395, 31.451688644169728 ], [ 74.267234433549433, 31.451822824598487 ], [ 74.267496867457666, 31.451789890753055 ] ] ] } },
{ "type": "Feature", "properties": { "OBJECTID": 175109, "SHAPE_Leng": 249.64966577300001, "SHAPE_Area": 3791.9102009799999, "Town": "Allama Iqbal Town", "UC_N0": "UC_120", "Landuse": "V", "KA": null, "Name": null, "Plot_No": null, "Road_Wdth": "30'", "Plot_Size": "18 M", "__source_file": "PCSIR.shp" }, "geometry": { "type": "Polygon", "coordinates": [ [ [ 74.267493595285814, 31.451939507448447 ], [ 74.267496867457666, 31.451789890753055 ], [ 74.267234433549433, 31.451822824598487 ], [ 74.26724884872398, 31.45197589867189 ], [ 74.267493595285814, 31.451939507448447 ] ] ] } },
{ "type": "Feature", "properties": { "OBJECTID": 175109, "SHAPE_Leng": 249.64966577300001, "SHAPE_Area": 3791.9102009799999, "Town": "Allama Iqbal Town", "UC_N0": "UC_120", "Landuse": "R", "KA": null, "Name": null, "Plot_No": null, "Road_Wdth": "30'", "Plot_Size": "1 K", "__source_file": "PCSIR.shp" }, "geometry": { "type": "Polygon", "coordinates": [ [ [ 74.267490412789897, 31.452085023126326 ], [ 74.267262632086329, 31.452122269172126 ], [ 74.267262848743272, 31.452124569952044 ], [ 74.26726307551165, 31.452134105964859 ], [ 74.267262476548467, 31.452146424227333 ], [ 74.267258582896503, 31.452169624325943 ], [ 74.267245847728972, 31.452203622198287 ], [ 74.267225391128548, 31.452234726667402 ], [ 74.267198049173999, 31.452261664962261 ], [ 74.267170314265002, 31.452280405189619 ], [ 74.267188467987239, 31.452316896383962 ], [ 74.267486946161071, 31.452243529667825 ], [ 74.267490412789897, 31.452085023126326 ] ] ] } },
{ "type": "Feature", "properties": { "OBJECTID": 175109, "SHAPE_Leng": 249.64966577300001, "SHAPE_Area": 3791.9102009799999, "Town": "Allama Iqbal Town", "UC_N0": "UC_120", "Landuse": "V", "KA": null, "Name": null, "Plot_No": null, "Road_Wdth": "30'", "Plot_Size": "18 M", "__source_file": "PCSIR.shp" }, "geometry": { "type": "Polygon", "coordinates": [ [ [ 74.26750433673368, 31.451448363133167 ], [ 74.267200591868502, 31.451463459591768 ], [ 74.267209461420734, 31.451557645657047 ], [ 74.267502715721349, 31.451522483143702 ], [ 74.26750433673368, 31.451448363133167 ] ] ] } },
{ "type": "Feature", "properties": { "OBJECTID": 175109, "SHAPE_Leng": 249.64966577300001, "SHAPE_Area": 3791.9102009799999, "Town": "Allama Iqbal Town", "UC_N0": "UC_120", "Landuse": "V", "KA": null, "Name": null, "Plot_No": "762", "Road_Wdth": "200'", "Plot_Size": "1 K", "__source_file": "PCSIR.shp" }, "geometry": { "type": "Polygon", "coordinates": [ [ [ 74.267772150093549, 31.452017282944016 ], [ 74.267778973560866, 31.451897074090986 ], [ 74.267493595285814, 31.451939507448447 ], [ 74.267490412789897, 31.452085023126326 ], [ 74.267486946161071, 31.452243529667825 ], [ 74.267735630114871, 31.45218240187905 ], [ 74.267741968764355, 31.452156249768148 ], [ 74.267743581186821, 31.452149341625766 ], [ 74.267767290043892, 31.452039748366342 ], [ 74.267772150093549, 31.452017282944016 ] ] ] } },
{ "type": "Feature", "properties": { "OBJECTID": 284725, "SHAPE_Leng": 165.024098014, "SHAPE_Area": 1531.1488419699999, "Town": "Allama Iqbal Town", "UC_N0": "UC_120", "Landuse": "V", "KA": null, "Name": null, "Plot_No": null, "Road_Wdth": "30'", "Plot_Size": "18 M", "__source_file": "PCSIR.shp" }, "geometry": { "type": "Polygon", "coordinates": [ [ [ 74.266056920694226, 31.450839876146787 ], [ 74.265916653011047, 31.450800905795422 ], [ 74.265910364217916, 31.45079895841932 ], [ 74.265804793976415, 31.451023064673166 ], [ 74.265853539522226, 31.451045008300426 ], [ 74.265965736609118, 31.451088821326543 ], [ 74.266056920694226, 31.450839876146787 ] ] ] } },
{ "type": "Feature", "properties": { "OBJECTID": 284725, "SHAPE_Leng": 165.024098014, "SHAPE_Area": 1531.1488419699999, "Town": "Allama Iqbal Town", "UC_N0": "UC_120", "Landuse": "V", "KA": null, "Name": null, "Plot_No": null, "Road_Wdth": "50'", "Plot_Size": "18 M", "__source_file": "PCSIR.shp" }, "geometry": { "type": "Polygon", "coordinates": [ [ [ 74.265910364217916, 31.45079895841932 ], [ 74.265907379232701, 31.450798034094099 ], [ 74.265907321573451, 31.450798140226212 ], [ 74.265894718675042, 31.450794222711689 ], [ 74.265793601582075, 31.45076278793729 ], [ 74.265746889461781, 31.450748317340661 ], [ 74.265743148050518, 31.450747103151322 ], [ 74.26561412813308, 31.45093120054992 ], [ 74.265719702443093, 31.450984759219683 ], [ 74.265804793976415, 31.451023064673166 ], [ 74.265910364217916, 31.45079895841932 ] ] ] } },
{ "type": "Feature", "properties": { "OBJECTID": 193074, "SHAPE_Leng": 136.10289548899999, "SHAPE_Area": 1107.5831407400001, "Town": "Allama Iqbal Town", "UC_N0": "UC_120", "Landuse": "V", "KA": null, "Name": null, "Plot_No": null, "Road_Wdth": "30'", "Plot_Size": "18 M", "__source_file": "PCSIR.shp" }, "geometry": { "type": "Polygon", "coordinates": [ [ [ 74.267252870497998, 31.451056875527417 ], [ 74.267220989268637, 31.4512984487985 ], [ 74.267345121080382, 31.451308667503326 ], [ 74.267370970077224, 31.451066895372097 ], [ 74.267252870497998, 31.451056875527417 ] ] ] } },
{ "type": "Feature", "properties": { "OBJECTID": 193074, "SHAPE_Leng": 136.10289548899999, "SHAPE_Area": 1107.5831407400001, "Town": "Allama Iqbal Town", "UC_N0": "UC_120", "Landuse": "V", "KA": null, "Name": null, "Plot_No": null, "Road_Wdth": "30'", "Plot_Size": "18 M", "__source_file": "PCSIR.shp" }, "geometry": { "type": "Polygon", "coordinates": [ [ [ 74.267081971671615, 31.451038267795376 ], [ 74.267020467439963, 31.451031508646786 ], [ 74.267020206692493, 31.451031475576755 ], [ 74.266945849091954, 31.45102169396344 ], [ 74.26692025859272, 31.451272569127923 ], [ 74.267012773873688, 31.45128130794042 ], [ 74.267049958464639, 31.451284369102421 ], [ 74.267081971671615, 31.451038267795376 ] ] ] } },
{ "type": "Feature", "properties": { "OBJECTID": 284725, "SHAPE_Leng": 165.024098014, "SHAPE_Area": 1531.1488419699999, "Town": "Allama Iqbal Town", "UC_N0": "UC_120", "Landuse": "V", "KA": null, "Name": null, "Plot_No": null, "Road_Wdth": "30'", "Plot_Size": "18 M", "__source_file": "PCSIR.shp" }, "geometry": { "type": "Polygon", "coordinates": [ [ [ 74.26616410318158, 31.450868951294044 ], [ 74.266070581499463, 31.4511252588023 ], [ 74.26613197154721, 31.451145752111408 ], [ 74.266171805177706, 31.451157656930622 ], [ 74.266262093991912, 31.450893299802104 ], [ 74.266224317761768, 31.450883852730428 ], [ 74.266224183308935, 31.450883819480079 ], [ 74.266197460335704, 31.450877136983848 ], [ 74.266165162743633, 31.450869221682204 ], [ 74.26616410318158, 31.450868951294044 ] ] ] } },
{ "type": "Feature", "properties": { "OBJECTID": 226379, "SHAPE_Leng": 196.60823608699999, "SHAPE_Area": 2036.0137988700001, "Town": "Allama Iqbal Town", "UC_N0": "UC_120", "Landuse": "R", "KA": null, "Name": null, "Plot_No": null, "Road_Wdth": "60'", "Plot_Size": "18 M", "__source_file": "PCSIR.shp" }, "geometry": { "type": "Polygon", "coordinates": [ [ [ 74.26693207814894, 31.450772488665091 ], [ 74.266900551434844, 31.45077042570778 ], [ 74.266827519327023, 31.450763043413176 ], [ 74.266798458262585, 31.450999923225673 ], [ 74.266812158943679, 31.451002081280787 ], [ 74.266812784379141, 31.451002179594532 ], [ 74.266940757684978, 31.451020947294904 ], [ 74.26693207814894, 31.450772488665091 ] ] ] } },
{ "type": "Feature", "properties": { "OBJECTID": 226379, "SHAPE_Leng": 196.60823608699999, "SHAPE_Area": 2036.0137988700001, "Town": "Allama Iqbal Town", "UC_N0": "UC_120", "Landuse": "V", "KA": null, "Name": null, "Plot_No": null, "Road_Wdth": "60'", "Plot_Size": "18 M", "__source_file": "PCSIR.shp" }, "geometry": { "type": "Polygon", "coordinates": [ [ [ 74.267224128043637, 31.450782755500917 ], [ 74.267203361961464, 31.450783088934962 ], [ 74.267100334875451, 31.450781239190096 ], [ 74.267079226094253, 31.451037966064497 ], [ 74.267245948074503, 31.451056288209351 ], [ 74.267246247590847, 31.451056313621187 ], [ 74.267224128043637, 31.450782755500917 ] ] ] } },
{ "type": "Feature", "properties": { "OBJECTID": 226379, "SHAPE_Leng": 196.60823608699999, "SHAPE_Area": 2036.0137988700001, "Town": "Allama Iqbal Town", "UC_N0": "UC_120", "Landuse": "V", "KA": null, "Name": null, "Plot_No": null, "Road_Wdth": "60'", "Plot_Size": "18 M", "__source_file": "PCSIR.shp" }, "geometry": { "type": "Polygon", "coordinates": [ [ [ 74.267100334875451, 31.450781239190096 ], [ 74.267052750921039, 31.450780384841348 ], [ 74.26693207814894, 31.450772488665091 ], [ 74.266940757684978, 31.451020947294904 ], [ 74.266945849091954, 31.45102169396344 ], [ 74.267020206692493, 31.451031475576755 ], [ 74.267020467439963, 31.451031508646786 ], [ 74.267079226094253, 31.451037966064497 ], [ 74.267100334875451, 31.450781239190096 ] ] ] } },
{ "type": "Feature", "properties": { "OBJECTID": 226379, "SHAPE_Leng": 196.60823608699999, "SHAPE_Area": 2036.0137988700001, "Town": "Allama Iqbal Town", "UC_N0": "UC_120", "Landuse": "V", "KA": null, "Name": null, "Plot_No": null, "Road_Wdth": "60'", "Plot_Size": "18 M", "__source_file": "PCSIR.shp" }, "geometry": { "type": "Polygon", "coordinates": [ [ [ 74.267410304957295, 31.450784196626337 ], [ 74.267372122262117, 31.451066974619089 ], [ 74.267472438322585, 31.451073874294103 ], [ 74.267472482494995, 31.451073878155629 ], [ 74.267524783085264, 31.451076906485145 ], [ 74.267554031709736, 31.450794319926231 ], [ 74.267448217978696, 31.450785752662309 ], [ 74.267431873443115, 31.450784830940869 ], [ 74.267410304957295, 31.450784196626337 ] ] ] } },
{ "type": "Feature", "properties": { "OBJECTID": 226380, "SHAPE_Leng": 107.880399994, "SHAPE_Area": 730.66980724500002, "Town": "Allama Iqbal Town", "UC_N0": "UC_120", "Landuse": "V", "KA": null, "Name": null, "Plot_No": null, "Road_Wdth": "60'", "Plot_Size": "18 M", "__source_file": "PCSIR.shp" }, "geometry": { "type": "Polygon", "coordinates": [ [ [ 74.266147364629845, 31.450608252513792 ], [ 74.266057472872276, 31.450840029557231 ], [ 74.266133046257991, 31.450861025915824 ], [ 74.266165162743633, 31.450869221682204 ], [ 74.266197460335704, 31.450877136983848 ], [ 74.266277664112778, 31.45065075355491 ], [ 74.266161874493719, 31.45061344995278 ], [ 74.266147364629845, 31.450608252513792 ] ] ] } },
{ "type": "Feature", "properties": { "OBJECTID": 193087, "SHAPE_Leng": 380.67971636099998, "SHAPE_Area": 6363.6102066800004, "Town": "Allama Iqbal Town", "UC_N0": "UC_120", "Landuse": "C", "KA": null, "Name": "Under construction", "Plot_No": null, "Road_Wdth": "60'", "Plot_Size": "11 M", "__source_file": "PCSIR.shp" }, "geometry": { "type": "Polygon", "coordinates": [ [ [ 74.265494853223998, 31.450276542633176 ], [ 74.265492718268973, 31.450274687707154 ], [ 74.265426586776215, 31.450206836451841 ], [ 74.265425299267491, 31.45020526845936 ], [ 74.265282804515238, 31.450351215107627 ], [ 74.265354589131263, 31.450427752472368 ], [ 74.265494853223998, 31.450276542633176 ] ] ] } },
{ "type": "Feature", "properties": { "OBJECTID": 193087, "SHAPE_Leng": 380.67971636099998, "SHAPE_Area": 6363.6102066800004, "Town": "Allama Iqbal Town", "UC_N0": "UC_120", "Landuse": "C", "KA": null, "Name": "Under construction", "Plot_No": null, "Road_Wdth": "60'", "Plot_Size": "11 M", "__source_file": "PCSIR.shp" }, "geometry": { "type": "Polygon", "coordinates": [ [ [ 74.265425299267491, 31.45020526845936 ], [ 74.26536721829163, 31.450134534478199 ], [ 74.26536294809641, 31.450128754302103 ], [ 74.265208073838039, 31.450271536454068 ], [ 74.265282804515238, 31.450351215107627 ], [ 74.265425299267491, 31.45020526845936 ] ] ] } },
{ "type": "Feature", "properties": { "OBJECTID": 193087, "SHAPE_Leng": 380.67971636099998, "SHAPE_Area": 6363.6102066800004, "Town": "Allama Iqbal Town", "UC_N0": "UC_120", "Landuse": "C", "KA": null, "Name": "Under construction", "Plot_No": null, "Road_Wdth": "60'", "Plot_Size": "11 M", "__source_file": "PCSIR.shp" }, "geometry": { "type": "Polygon", "coordinates": [ [ [ 74.265251493597631, 31.449976809782818 ], [ 74.265209666900176, 31.449919665317868 ], [ 74.264986017324773, 31.450034776361647 ], [ 74.265062194944193, 31.450115998294983 ], [ 74.265251493597631, 31.449976809782818 ] ] ] } },
{ "type": "Feature", "properties": { "OBJECTID": 193087, "SHAPE_Leng": 380.67971636099998, "SHAPE_Area": 6363.6102066800004, "Town": "Allama Iqbal Town", "UC_N0": "UC_120", "Landuse": "C", "KA": null, "Name": "Under construction", "Plot_No": null, "Road_Wdth": "60'", "Plot_Size": "11 M", "__source_file": "PCSIR.shp" }, "geometry": { "type": "Polygon", "coordinates": [ [ [ 74.26536294809641, 31.450128754302103 ], [ 74.265357276821575, 31.450121077610195 ], [ 74.265349978280128, 31.4501113611881 ], [ 74.265304124645766, 31.450048715249601 ], [ 74.265137581637049, 31.450196376747339 ], [ 74.265208073838039, 31.450271536454068 ], [ 74.26536294809641, 31.450128754302103 ] ] ] } },
{ "type": "Feature", "properties": { "OBJECTID": 193087, "SHAPE_Leng": 380.67971636099998, "SHAPE_Area": 6363.6102066800004, "Town": "Allama Iqbal Town", "UC_N0": "UC_120", "Landuse": "C", "KA": null, "Name": "Under construction", "Plot_No": null, "Road_Wdth": "60'", "Plot_Size": "11 M", "__source_file": "PCSIR.shp" }, "geometry": { "type": "Polygon", "coordinates": [ [ [ 74.265304124645766, 31.450048715249601 ], [ 74.265251493597631, 31.449976809782818 ], [ 74.265062194944193, 31.450115998294983 ], [ 74.265137581637049, 31.450196376747339 ], [ 74.265304124645766, 31.450048715249601 ] ] ] } },
{ "type": "Feature", "properties": { "OBJECTID": 193087, "SHAPE_Leng": 380.67971636099998, "SHAPE_Area": 6363.6102066800004, "Town": "Allama Iqbal Town", "UC_N0": "UC_120", "Landuse": "C", "KA": null, "Name": "Under construction", "Plot_No": null, "Road_Wdth": "50'", "Plot_Size": "11 M", "__source_file": "PCSIR.shp" }, "geometry": { "type": "Polygon", "coordinates": [ [ [ 74.265573943514255, 31.450344091867393 ], [ 74.265431844565754, 31.450510122687547 ], [ 74.26551440329979, 31.450598147103932 ], [ 74.26565292176565, 31.45040158850323 ], [ 74.265643415354191, 31.450395221130957 ], [ 74.265573943514255, 31.450344091867393 ] ] ] } },
{ "type": "Feature", "properties": { "OBJECTID": 193087, "SHAPE_Leng": 380.67971636099998, "SHAPE_Area": 6363.6102066800004, "Town": "Allama Iqbal Town", "UC_N0": "UC_120", "Landuse": "C", "KA": null, "Name": "Under construction", "Plot_No": null, "Road_Wdth": "50'", "Plot_Size": "11 M", "__source_file": "PCSIR.shp" }, "geometry": { "type": "Polygon", "coordinates": [ [ [ 74.265431844565754, 31.450510122687547 ], [ 74.265305863700647, 31.450657320231347 ], [ 74.265352782080242, 31.450690946905091 ], [ 74.265358940415055, 31.450694384517508 ], [ 74.265371287333522, 31.45069940674442 ], [ 74.265384463777437, 31.450702514694729 ], [ 74.265398069504229, 31.450703614045779 ], [ 74.265411692223196, 31.450702670854977 ], [ 74.265424915993606, 31.450699714314847 ], [ 74.265437340188967, 31.450694834154863 ], [ 74.26544858687798, 31.450688178879574 ], [ 74.265453827172379, 31.450684104709037 ], [ 74.26551440329979, 31.450598147103932 ], [ 74.265431844565754, 31.450510122687547 ] ] ] } },
{ "type": "Feature", "properties": { "OBJECTID": 193087, "SHAPE_Leng": 380.67971636099998, "SHAPE_Area": 6363.6102066800004, "Town": "Allama Iqbal Town", "UC_N0": "UC_120", "Landuse": "C", "KA": null, "Name": "Under construction", "Plot_No": null, "Road_Wdth": "30'", "Plot_Size": "11 M", "__source_file": "PCSIR.shp" }, "geometry": { "type": "Polygon", "coordinates": [ [ [ 74.265208073838039, 31.450271536454068 ], [ 74.265137581637049, 31.450196376747307 ], [ 74.26497864238334, 31.45033729590704 ], [ 74.265046872875189, 31.450420150670283 ], [ 74.265208073838039, 31.450271536454068 ] ] ] } },
{ "type": "Feature", "properties": { "OBJECTID": 193087, "SHAPE_Leng": 380.67971636099998, "SHAPE_Area": 6363.6102066800004, "Town": "Allama Iqbal Town", "UC_N0": "UC_120", "Landuse": "C", "KA": null, "Name": "Under construction", "Plot_No": null, "Road_Wdth": "30'", "Plot_Size": "11 M", "__source_file": "PCSIR.shp" }, "geometry": { "type": "Polygon", "coordinates": [ [ [ 74.265354589131263, 31.450427752472368 ], [ 74.265282804515238, 31.450351215107627 ], [ 74.265130021093555, 31.450507698973784 ], [ 74.265211375457, 31.450582141396108 ], [ 74.265354589131263, 31.450427752472368 ] ] ] } },
{ "type": "Feature", "properties": { "OBJECTID": 193087, "SHAPE_Leng": 380.67971636099998, "SHAPE_Area": 6363.6102066800004, "Town": "Allama Iqbal Town", "UC_N0": "UC_120", "Landuse": "C", "KA": null, "Name": "Under construction", "Plot_No": null, "Road_Wdth": "30'", "Plot_Size": "11 M", "__source_file": "PCSIR.shp" }, "geometry": { "type": "Polygon", "coordinates": [ [ [ 74.265062194944193, 31.450115998294983 ], [ 74.264986017324773, 31.450034776361647 ], [ 74.264823882322801, 31.450118225812435 ], [ 74.264903797149543, 31.450232465321339 ], [ 74.265062194944193, 31.450115998294983 ] ] ] } },
{ "type": "Feature", "properties": { "OBJECTID": 193087, "SHAPE_Leng": 380.67971636099998, "SHAPE_Area": 6363.6102066800004, "Town": "Allama Iqbal Town", "UC_N0": "UC_120", "Landuse": "C", "KA": null, "Name": "Under construction", "Plot_No": null, "Road_Wdth": "30'", "Plot_Size": "11 M", "__source_file": "PCSIR.shp" }, "geometry": { "type": "Polygon", "coordinates": [ [ [ 74.265137581637049, 31.450196376747307 ], [ 74.265062194944193, 31.450115998294983 ], [ 74.264903797149543, 31.450232465321339 ], [ 74.264954709662717, 31.450305245395487 ], [ 74.264977955130846, 31.450336461350496 ], [ 74.26497864238334, 31.45033729590704 ], [ 74.265137581637049, 31.450196376747307 ] ] ] } },
{ "type": "Feature", "properties": { "OBJECTID": 193087, "SHAPE_Leng": 380.67971636099998, "SHAPE_Area": 6363.6102066800004, "Town": "Allama Iqbal Town", "UC_N0": "UC_120", "Landuse": "C", "KA": null, "Name": "Under construction", "Plot_No": null, "Road_Wdth": "60'", "Plot_Size": "11 M", "__source_file": "PCSIR.shp" }, "geometry": { "type": "Polygon", "coordinates": [ [ [ 74.265528959860717, 31.450306175695982 ], [ 74.265494853223998, 31.450276542633176 ], [ 74.265354589131263, 31.450427752472368 ], [ 74.265392792646708, 31.450468485317074 ], [ 74.265528959860717, 31.450306175695982 ] ] ] } },
{ "type": "Feature", "properties": { "OBJECTID": 193087, "SHAPE_Leng": 380.67971636099998, "SHAPE_Area": 6363.6102066800004, "Town": "Allama Iqbal Town", "UC_N0": "UC_120", "Landuse": "C", "KA": null, "Name": "Under construction", "Plot_No": null, "Road_Wdth": "60'", "Plot_Size": "11 M", "__source_file": "PCSIR.shp" }, "geometry": { "type": "Polygon", "coordinates": [ [ [ 74.265528959860717, 31.450306175695982 ], [ 74.265392792646708, 31.450468485317074 ], [ 74.265431844565754, 31.450510122687547 ], [ 74.265573943514255, 31.450344091867393 ], [ 74.265565158571135, 31.450337626396898 ], [ 74.265528959860717, 31.450306175695982 ] ] ] } },
{ "type": "Feature", "properties": { "OBJECTID": 193087, "SHAPE_Leng": 380.67971636099998, "SHAPE_Area": 6363.6102066800004, "Town": "Allama Iqbal Town", "UC_N0": "UC_120", "Landuse": "C", "KA": null, "Name": "Under construction", "Plot_No": null, "Road_Wdth": "30'", "Plot_Size": "11 M", "__source_file": "PCSIR.shp" }, "geometry": { "type": "Polygon", "coordinates": [ [ [ 74.265392792646708, 31.450468485317039 ], [ 74.265262902002448, 31.45062331267496 ], [ 74.265302995173414, 31.450655264339982 ], [ 74.265305863700647, 31.450657320231347 ], [ 74.265431844565754, 31.450510122687547 ], [ 74.265392792646708, 31.450468485317039 ] ] ] } },
{ "type": "Feature", "properties": { "OBJECTID": 193087, "SHAPE_Leng": 380.67971636099998, "SHAPE_Area": 6363.6102066800004, "Town": "Allama Iqbal Town", "UC_N0": "UC_120", "Landuse": "C", "KA": null, "Name": "Under construction", "Plot_No": null, "Road_Wdth": "30'", "Plot_Size": "11 M", "__source_file": "PCSIR.shp" }, "geometry": { "type": "Polygon", "coordinates": [ [ [ 74.265392792646708, 31.450468485317039 ], [ 74.265354589131263, 31.450427752472368 ], [ 74.265211375457, 31.450582141396108 ], [ 74.265212289111517, 31.450582977424748 ], [ 74.265262902002448, 31.45062331267496 ], [ 74.265392792646708, 31.450468485317039 ] ] ] } },
{ "type": "Feature", "properties": { "OBJECTID": 193087, "SHAPE_Leng": 380.67971636099998, "SHAPE_Area": 6363.6102066800004, "Town": "Allama Iqbal Town", "UC_N0": "UC_120", "Landuse": "Pb", "KA": null, "Name": "Temporay site Office", "Plot_No": null, "Road_Wdth": "60'", "Plot_Size": "2.1 K", "__source_file": "PCSIR.shp" }, "geometry": { "type": "Polygon", "coordinates": [ [ [ 74.265183435136834, 31.449883826919699 ], [ 74.265151732222819, 31.449840513674957 ], [ 74.265062751057201, 31.449712590190579 ], [ 74.264669240746755, 31.449897162314631 ], [ 74.264797627100947, 31.450080693486878 ], [ 74.265183435136834, 31.449883826919699 ] ] ] } },
{ "type": "Feature", "properties": { "OBJECTID": 193087, "SHAPE_Leng": 380.67971636099998, "SHAPE_Area": 6363.6102066800004, "Town": "Allama Iqbal Town", "UC_N0": "UC_120", "Landuse": "C", "KA": null, "Name": "Under Construction", "Plot_No": null, "Road_Wdth": "60'", "Plot_Size": "6.79 K", "__source_file": "PCSIR.shp" }, "geometry": { "type": "Polygon", "coordinates": [ [ [ 74.265038056416159, 31.449677087948135 ], [ 74.264960703837986, 31.449565881838105 ], [ 74.264846997046362, 31.449395388977628 ], [ 74.264846458243895, 31.449393497527677 ], [ 74.264841788349713, 31.449376825570475 ], [ 74.264443745073009, 31.449574809171306 ], [ 74.26464235201486, 31.449858724163722 ], [ 74.265038056416159, 31.449677087948135 ] ] ] } },
{ "type": "Feature", "properties": { "OBJECTID": 0, "SHAPE_Leng": 0.0, "SHAPE_Area": 0.0, "Town": null, "UC_N0": null, "Landuse": null, "KA": null, "Name": null, "Plot_No": null, "Road_Wdth": "30'", "Plot_Size": "9 M", "__source_file": "PCSIR.shp" }, "geometry": { "type": "Polygon", "coordinates": [ [ [ 74.262981307049571, 31.450765216210684 ], [ 74.262954499818761, 31.450611250732141 ], [ 74.262793778676595, 31.450655251220098 ], [ 74.262866123955519, 31.450816936265909 ], [ 74.262981307049571, 31.450765216210684 ] ] ] } },
{ "type": "Feature", "properties": { "OBJECTID": 175151, "SHAPE_Leng": 138.93165329499999, "SHAPE_Area": 1158.32169034, "Town": "Allama Iqbal Town", "UC_N0": "UC_120", "Landuse": "R", "KA": null, "Name": null, "Plot_No": null, "Road_Wdth": "30'", "Plot_Size": "18 M", "__source_file": "PCSIR.shp" }, "geometry": { "type": "Polygon", "coordinates": [ [ [ 74.263095711554797, 31.449717305551566 ], [ 74.262803122407362, 31.4497418110324 ], [ 74.26282282297916, 31.44985496333317 ], [ 74.263114104238824, 31.4498168738155 ], [ 74.263095711554797, 31.449717305551566 ] ] ] } },
{ "type": "Feature", "properties": { "OBJECTID": 175151, "SHAPE_Leng": 138.93165329499999, "SHAPE_Area": 1158.32169034, "Town": "Allama Iqbal Town", "UC_N0": "UC_120", "Landuse": "R", "KA": null, "Name": null, "Plot_No": null, "Road_Wdth": "30'", "Plot_Size": "18 M", "__source_file": "PCSIR.shp" }, "geometry": { "type": "Polygon", "coordinates": [ [ [ 74.263068298861626, 31.449568907352667 ], [ 74.263046164731591, 31.449449084246996 ], [ 74.262757539212757, 31.449479998174599 ], [ 74.262775774900305, 31.449584737325459 ], [ 74.263068298861626, 31.449568907352667 ] ] ] } },
{ "type": "Feature", "properties": { "OBJECTID": 175132, "SHAPE_Leng": 226.662419113, "SHAPE_Area": 2403.92815759, "Town": "Allama Iqbal Town", "UC_N0": "UC_120", "Landuse": "R", "KA": null, "Name": null, "Plot_No": null, "Road_Wdth": "30'", "Plot_Size": "18 M", "__source_file": "PCSIR.shp" }, "geometry": { "type": "Polygon", "coordinates": [ [ [ 74.263157436384688, 31.450051448769258 ], [ 74.263136892891751, 31.449940237133678 ], [ 74.262844522557401, 31.449979598884081 ], [ 74.262866778329439, 31.450107425048799 ], [ 74.263157436384688, 31.450051448769258 ] ] ] } },
{ "type": "Feature", "properties": { "OBJECTID": 175132, "SHAPE_Leng": 226.662419113, "SHAPE_Area": 2403.92815759, "Town": "Allama Iqbal Town", "UC_N0": "UC_120", "Landuse": "R", "KA": null, "Name": null, "Plot_No": null, "Road_Wdth": "30'", "Plot_Size": "18 M", "__source_file": "PCSIR.shp" }, "geometry": { "type": "Polygon", "coordinates": [ [ [ 74.263251096378539, 31.450558471375221 ], [ 74.262955434360777, 31.450616618217673 ], [ 74.262981307049571, 31.450765216210684 ], [ 74.263269702339713, 31.450659192974385 ], [ 74.263251096378539, 31.450558471375221 ] ] ] } },
{ "type": "Feature", "properties": { "OBJECTID": 175132, "SHAPE_Leng": 226.662419113, "SHAPE_Area": 2403.92815759, "Town": "Allama Iqbal Town", "UC_N0": "UC_120", "Landuse": "R", "KA": null, "Name": null, "Plot_No": null, "Road_Wdth": "30'", "Plot_Size": "18 M", "__source_file": "PCSIR.shp" }, "geometry": { "type": "Polygon", "coordinates": [ [ [ 74.263251096378539, 31.450558471375221 ], [ 74.263223045282487, 31.450406619045999 ], [ 74.262926214855042, 31.450448797474184 ], [ 74.262955434360777, 31.450616618217673 ], [ 74.263251096378539, 31.450558471375221 ] ] ] } },
{ "type": "Feature", "properties": { "OBJECTID": 175132, "SHAPE_Leng": 226.662419113, "SHAPE_Area": 2403.92815759, "Town": "Allama Iqbal Town", "UC_N0": "UC_120", "Landuse": "R", "KA": null, "Name": null, "Plot_No": null, "Road_Wdth": "30'", "Plot_Size": "18 M", "__source_file": "PCSIR.shp" }, "geometry": { "type": "Polygon", "coordinates": [ [ [ 74.263223045282487, 31.450406619045999 ], [ 74.263193437842659, 31.450246341065061 ], [ 74.262895312419332, 31.45027131028511 ], [ 74.262926214855042, 31.450448797474184 ], [ 74.263223045282487, 31.450406619045999 ] ] ] } },
{ "type": "Feature", "properties": { "OBJECTID": 175132, "SHAPE_Leng": 226.662419113, "SHAPE_Area": 2403.92815759, "Town": "Allama Iqbal Town", "UC_N0": "UC_120", "Landuse": "R", "KA": null, "Name": null, "Plot_No": null, "Road_Wdth": "30'", "Plot_Size": "18 M", "__source_file": "PCSIR.shp" }, "geometry": { "type": "Polygon", "coordinates": [ [ [ 74.263173364486917, 31.450137674939871 ], [ 74.263157436384688, 31.450051448769258 ], [ 74.262866778329439, 31.450107425048799 ], [ 74.262879455220002, 31.450180234699875 ], [ 74.263173364486917, 31.450137674939871 ] ] ] } },
{ "type": "Feature", "properties": { "OBJECTID": 175147, "SHAPE_Leng": 271.46071308500001, "SHAPE_Area": 3004.5717252, "Town": "Allama Iqbal Town", "UC_N0": "UC_120", "Landuse": "R", "KA": null, "Name": null, "Plot_No": null, "Road_Wdth": "30'", "Plot_Size": "18 M", "__source_file": "PCSIR.shp" }, "geometry": { "type": "Polygon", "coordinates": [ [ [ 74.262819739933093, 31.448247672699267 ], [ 74.262534772316457, 31.448282930083145 ], [ 74.262561065017564, 31.448415784288176 ], [ 74.262841099441658, 31.448371861762709 ], [ 74.262819739933093, 31.448247672699267 ] ] ] } },
{ "type": "Feature", "properties": { "OBJECTID": 175147, "SHAPE_Leng": 271.46071308500001, "SHAPE_Area": 3004.5717252, "Town": "Allama Iqbal Town", "UC_N0": "UC_120", "Landuse": "R", "KA": null, "Name": null, "Plot_No": null, "Road_Wdth": "30'", "Plot_Size": "18 M", "__source_file": "PCSIR.shp" }, "geometry": { "type": "Polygon", "coordinates": [ [ [ 74.262819739933093, 31.448247672699267 ], [ 74.262796722113904, 31.448113841488325 ], [ 74.262506465801394, 31.448139899886339 ], [ 74.262534772316457, 31.448282930083145 ], [ 74.262819739933093, 31.448247672699267 ] ] ] } },
{ "type": "Feature", "properties": { "OBJECTID": 175147, "SHAPE_Leng": 271.46071308500001, "SHAPE_Area": 3004.5717252, "Town": "Allama Iqbal Town", "UC_N0": "UC_120", "Landuse": "R", "KA": null, "Name": null, "Plot_No": null, "Road_Wdth": "30'", "Plot_Size": "18 M", "__source_file": "PCSIR.shp" }, "geometry": { "type": "Polygon", "coordinates": [ [ [ 74.262796722113904, 31.448113841488325 ], [ 74.262772601677852, 31.447973599004158 ], [ 74.262476678191206, 31.447989384386613 ], [ 74.262495061650583, 31.44808227565057 ], [ 74.262506465801394, 31.448139899886339 ], [ 74.262796722113904, 31.448113841488325 ] ] ] } },
{ "type": "Feature", "properties": { "OBJECTID": 175147, "SHAPE_Leng": 271.46071308500001, "SHAPE_Area": 3004.5717252, "Town": "Allama Iqbal Town", "UC_N0": "UC_120", "Landuse": "R", "KA": null, "Name": null, "Plot_No": null, "Road_Wdth": "30'", "Plot_Size": "18 M", "__source_file": "PCSIR.shp" }, "geometry": { "type": "Polygon", "coordinates": [ [ [ 74.262772601677852, 31.447973599004158 ], [ 74.262743984030834, 31.447807208048498 ], [ 74.262448850605196, 31.447851558749178 ], [ 74.262473944400952, 31.447975570582354 ], [ 74.262476678191206, 31.447989384386613 ], [ 74.262772601677852, 31.447973599004158 ] ] ] } },
{ "type": "Feature", "properties": { "OBJECTID": 191469, "SHAPE_Leng": 193.51792651700001, "SHAPE_Area": 1829.1515065200001, "Town": "Allama Iqbal Town", "UC_N0": "UC_120", "Landuse": "R", "KA": null, "Name": null, "Plot_No": null, "Road_Wdth": "30'", "Plot_Size": "18 M", "__source_file": "PCSIR.shp" }, "geometry": { "type": "Polygon", "coordinates": [ [ [ 74.262881675418342, 31.44860777586829 ], [ 74.262863911672781, 31.448504493845803 ], [ 74.262585981789343, 31.448541685300853 ], [ 74.262603879128719, 31.448632120108634 ], [ 74.262881675418342, 31.44860777586829 ] ] ] } },
{ "type": "Feature", "properties": { "OBJECTID": 191469, "SHAPE_Leng": 193.51792651700001, "SHAPE_Area": 1829.1515065200001, "Town": "Allama Iqbal Town", "UC_N0": "UC_120", "Landuse": "R", "KA": null, "Name": null, "Plot_No": null, "Road_Wdth": "30'", "Plot_Size": "18 M", "__source_file": "PCSIR.shp" }, "geometry": { "type": "Polygon", "coordinates": [ [ [ 74.262953580366457, 31.449025843619403 ], [ 74.262684892577795, 31.449062746106836 ], [ 74.26270342879647, 31.449169213009558 ], [ 74.262784470390443, 31.449153203029276 ], [ 74.262888492700213, 31.449139324575796 ], [ 74.262972085017338, 31.449133432272173 ], [ 74.262953580366457, 31.449025843619403 ] ] ] } },
{ "type": "Feature", "properties": { "OBJECTID": 191469, "SHAPE_Leng": 193.51792651700001, "SHAPE_Area": 1829.1515065200001, "Town": "Allama Iqbal Town", "UC_N0": "UC_120", "Landuse": "R", "KA": null, "Name": null, "Plot_No": null, "Road_Wdth": "30'", "Plot_Size": "18 M", "__source_file": "PCSIR.shp" }, "geometry": { "type": "Polygon", "coordinates": [ [ [ 74.262953580366457, 31.449025843619403 ], [ 74.262933938723663, 31.448911644077967 ], [ 74.26266344842125, 31.448939576527479 ], [ 74.262684892577795, 31.449062746106836 ], [ 74.262953580366457, 31.449025843619403 ] ] ] } },
{ "type": "Feature", "properties": { "OBJECTID": 191469, "SHAPE_Leng": 193.51792651700001, "SHAPE_Area": 1829.1515065200001, "Town": "Allama Iqbal Town", "UC_N0": "UC_120", "Landuse": "R", "KA": null, "Name": null, "Plot_No": null, "Road_Wdth": "30'", "Plot_Size": "18 M", "__source_file": "PCSIR.shp" }, "geometry": { "type": "Polygon", "coordinates": [ [ [ 74.262933938723663, 31.448911644077967 ], [ 74.262911163559153, 31.448779225426339 ], [ 74.262637421124481, 31.44880160652087 ], [ 74.262654103548755, 31.448885901948277 ], [ 74.26266344842125, 31.448939576527479 ], [ 74.262933938723663, 31.448911644077967 ] ] ] } },
{ "type": "Feature", "properties": { "OBJECTID": 175147, "SHAPE_Leng": 271.46071308500001, "SHAPE_Area": 3004.5717252, "Town": "Allama Iqbal Town", "UC_N0": "UC_120", "Landuse": "R", "KA": null, "Name": null, "Plot_No": null, "Road_Wdth": "30'", "Plot_Size": "18 M", "__source_file": "PCSIR.shp" }, "geometry": { "type": "Polygon", "coordinates": [ [ [ 74.262729940385071, 31.447725554182128 ], [ 74.262430850865982, 31.447762605066124 ], [ 74.262448850605196, 31.447851558749178 ], [ 74.262743984030834, 31.447807208048498 ], [ 74.262729940385071, 31.447725554182128 ] ] ] } },
{ "type": "Feature", "properties": { "OBJECTID": 175147, "SHAPE_Leng": 271.46071308500001, "SHAPE_Area": 3004.5717252, "Town": "Allama Iqbal Town", "UC_N0": "UC_120", "Landuse": "R", "KA": null, "Name": null, "Plot_No": null, "Road_Wdth": "30'", "Plot_Size": "18 M", "__source_file": "PCSIR.shp" }, "geometry": { "type": "Polygon", "coordinates": [ [ [ 74.262729940385071, 31.447725554182128 ], [ 74.262712922761608, 31.44762660855779 ], [ 74.26241201809863, 31.447669534431519 ], [ 74.262430850865982, 31.447762605066124 ], [ 74.262729940385071, 31.447725554182128 ] ] ] } },
{ "type": "Feature", "properties": { "OBJECTID": 175147, "SHAPE_Leng": 271.46071308500001, "SHAPE_Area": 3004.5717252, "Town": "Allama Iqbal Town", "UC_N0": "UC_120", "Landuse": "R", "KA": null, "Name": null, "Plot_No": null, "Road_Wdth": "30'", "Plot_Size": "18 M", "__source_file": "PCSIR.shp" }, "geometry": { "type": "Polygon", "coordinates": [ [ [ 74.262556325856423, 31.44764894814876 ], [ 74.262517504547148, 31.447450084757815 ], [ 74.262381344314193, 31.447517945675546 ], [ 74.26241201809863, 31.447669534431519 ], [ 74.262556325856423, 31.44764894814876 ] ] ] } },
{ "type": "Feature", "properties": { "OBJECTID": 169572, "SHAPE_Leng": 139.675325636, "SHAPE_Area": 1214.7166540200001, "Town": "Allama Iqbal Town", "UC_N0": "UC_120", "Landuse": "V", "KA": null, "Name": null, "Plot_No": null, "Road_Wdth": "30'", "Plot_Size": "18 M", "__source_file": "PCSIR.shp" }, "geometry": { "type": "Polygon", "coordinates": [ [ [ 74.263735487252049, 31.449690517777412 ], [ 74.26356325057597, 31.449434920123927 ], [ 74.263467341360467, 31.449482073249126 ], [ 74.263642552718281, 31.449734882643472 ], [ 74.263735487252049, 31.449690517777412 ] ] ] } },
{ "type": "Feature", "properties": { "OBJECTID": 169572, "SHAPE_Leng": 139.675325636, "SHAPE_Area": 1214.7166540200001, "Town": "Allama Iqbal Town", "UC_N0": "UC_120", "Landuse": "V", "KA": null, "Name": null, "Plot_No": null, "Road_Wdth": "30'", "Plot_Size": "18 M", "__source_file": "PCSIR.shp" }, "geometry": { "type": "Polygon", "coordinates": [ [ [ 74.26385333643853, 31.449634259055053 ], [ 74.263668074394772, 31.449383384368041 ], [ 74.263586438903573, 31.449423519719467 ], [ 74.26356325057597, 31.449434920123927 ], [ 74.263735487252049, 31.449690517777412 ], [ 74.26385333643853, 31.449634259055053 ] ] ] } },
{ "type": "Feature", "properties": { "OBJECTID": 169579, "SHAPE_Leng": 143.247246988, "SHAPE_Area": 1276.80363429, "Town": "Allama Iqbal Town", "UC_N0": "UC_120", "Landuse": "V", "KA": null, "Name": null, "Plot_No": null, "Road_Wdth": "30'", "Plot_Size": "18 M", "__source_file": "PCSIR.shp" }, "geometry": { "type": "Polygon", "coordinates": [ [ [ 74.26418299048926, 31.44947688800745 ], [ 74.264023186740445, 31.449208795787232 ], [ 74.263912942686304, 31.449262996799092 ], [ 74.264082537948127, 31.449524842501759 ], [ 74.26418299048926, 31.44947688800745 ] ] ] } },
{ "type": "Feature", "properties": { "OBJECTID": 169579, "SHAPE_Leng": 143.247246988, "SHAPE_Area": 1276.80363429, "Town": "Allama Iqbal Town", "UC_N0": "UC_120", "Landuse": "V", "KA": null, "Name": null, "Plot_No": null, "Road_Wdth": "30'", "Plot_Size": "18 M", "__source_file": "PCSIR.shp" }, "geometry": { "type": "Polygon", "coordinates": [ [ [ 74.264142783936478, 31.449149995967158 ], [ 74.264310192197343, 31.449416163688173 ], [ 74.264434617274375, 31.449356764693523 ], [ 74.264260592863067, 31.449092076353693 ], [ 74.264143154831672, 31.449149813616671 ], [ 74.264142783936478, 31.449149995967158 ] ] ] } },
{ "type": "Feature", "properties": { "OBJECTID": 169561, "SHAPE_Leng": 139.60657057899999, "SHAPE_Area": 1158.55905291, "Town": "Allama Iqbal Town", "UC_N0": "UC_120", "Landuse": "R", "KA": null, "Name": null, "Plot_No": "461", "Road_Wdth": "30'", "Plot_Size": "18 M", "__source_file": "PCSIR.shp" }, "geometry": { "type": "Polygon", "coordinates": [ [ [ 74.26335112054322, 31.448586519265859 ], [ 74.263311424021353, 31.448520637854394 ], [ 74.262999480063073, 31.448678446150097 ], [ 74.26301126019446, 31.44874616818662 ], [ 74.26335112054322, 31.448586519265859 ] ] ] } },
{ "type": "Feature", "properties": { "OBJECTID": 193070, "SHAPE_Leng": 301.31921746699999, "SHAPE_Area": 5522.1860933899998, "Town": "Allama Iqbal Town", "UC_N0": "UC_120", "Landuse": "R", "KA": null, "Name": null, "Plot_No": null, "Road_Wdth": "30'", "Plot_Size": "18 M", "__source_file": "PCSIR.shp" }, "geometry": { "type": "Polygon", "coordinates": [ [ [ 74.264050820168507, 31.448479767224171 ], [ 74.26392042656029, 31.448541889014958 ], [ 74.26407172800117, 31.448798368601576 ], [ 74.264197660190987, 31.44873861603903 ], [ 74.264050820168507, 31.448479767224171 ] ] ] } },
{ "type": "Feature", "properties": { "OBJECTID": 193070, "SHAPE_Leng": 301.31921746699999, "SHAPE_Area": 5522.1860933899998, "Town": "Allama Iqbal Town", "UC_N0": "UC_120", "Landuse": "R", "KA": null, "Name": null, "Plot_No": null, "Road_Wdth": "30'", "Plot_Size": "18 M", "__source_file": "PCSIR.shp" }, "geometry": { "type": "Polygon", "coordinates": [ [ [ 74.2637946578769, 31.448601807205179 ], [ 74.26360573143441, 31.448691814371383 ], [ 74.263764240091916, 31.448944265244577 ], [ 74.263953772980557, 31.448854335957584 ], [ 74.2637946578769, 31.448601807205179 ] ] ] } },
{ "type": "Feature", "properties": { "OBJECTID": 193070, "SHAPE_Leng": 301.31921746699999, "SHAPE_Area": 5522.1860933899998, "Town": "Allama Iqbal Town", "UC_N0": "UC_120", "Landuse": "R", "KA": null, "Name": null, "Plot_No": null, "Road_Wdth": "60'", "Plot_Size": "18 M", "__source_file": "PCSIR.shp" }, "geometry": { "type": "Polygon", "coordinates": [ [ [ 74.264173201361103, 31.448252125460471 ], [ 74.264086642563854, 31.448128459466364 ], [ 74.263903958621825, 31.448220878896567 ], [ 74.263977807323712, 31.448351059983306 ], [ 74.264173201361103, 31.448252125460471 ] ] ] } },
{ "type": "Feature", "properties": { "OBJECTID": 193070, "SHAPE_Leng": 301.31921746699999, "SHAPE_Area": 5522.1860933899998, "Town": "Allama Iqbal Town", "UC_N0": "UC_120", "Landuse": "R", "KA": null, "Name": null, "Plot_No": "388", "Road_Wdth": "60'", "Plot_Size": "18 M", "__source_file": "PCSIR.shp" }, "geometry": { "type": "Polygon", "coordinates": [ [ [ 74.264354746530572, 31.448511496638936 ], [ 74.264127850884236, 31.448615556758135 ], [ 74.264197660190987, 31.44873861603903 ], [ 74.264434920572896, 31.448626039700144 ], [ 74.264354746530572, 31.448511496638936 ] ] ] } },
{ "type": "Feature", "properties": { "OBJECTID": 169561, "SHAPE_Leng": 139.60657057899999, "SHAPE_Area": 1158.55905291, "Town": "Allama Iqbal Town", "UC_N0": "UC_120", "Landuse": "V", "KA": null, "Name": null, "Plot_No": null, "Road_Wdth": "30'", "Plot_Size": "18 M", "__source_file": "PCSIR.shp" }, "geometry": { "type": "Polygon", "coordinates": [ [ [ 74.263398653556479, 31.44866540619276 ], [ 74.26335112054322, 31.448586519265859 ], [ 74.26301126019446, 31.44874616818662 ], [ 74.26302381975286, 31.4488183709182 ], [ 74.263398653556479, 31.44866540619276 ] ] ] } },
{ "type": "Feature", "properties": { "OBJECTID": 193070, "SHAPE_Leng": 301.31921746699999, "SHAPE_Area": 5522.1860933899998, "Town": "Allama Iqbal Town", "UC_N0": "UC_120", "Landuse": "V", "KA": null, "Name": null, "Plot_No": null, "Road_Wdth": "30'", "Plot_Size": "18 M", "__source_file": "PCSIR.shp" }, "geometry": { "type": "Polygon", "coordinates": [ [ [ 74.26392042656029, 31.448541889014958 ], [ 74.2637946578769, 31.448601807205179 ], [ 74.263953772980557, 31.448854335957584 ], [ 74.26407172800117, 31.448798368601576 ], [ 74.26392042656029, 31.448541889014958 ] ] ] } },
{ "type": "Feature", "properties": { "OBJECTID": 193070, "SHAPE_Leng": 301.31921746699999, "SHAPE_Area": 5522.1860933899998, "Town": "Allama Iqbal Town", "UC_N0": "UC_120", "Landuse": "V", "KA": null, "Name": null, "Plot_No": null, "Road_Wdth": "30'", "Plot_Size": "18 M", "__source_file": "PCSIR.shp" }, "geometry": { "type": "Polygon", "coordinates": [ [ [ 74.26392042656029, 31.448541889014958 ], [ 74.263770798275587, 31.448288244159919 ], [ 74.263639074654591, 31.44835488235627 ], [ 74.2637946578769, 31.448601807205179 ], [ 74.26392042656029, 31.448541889014958 ] ] ] } },
{ "type": "Feature", "properties": { "OBJECTID": 193070, "SHAPE_Leng": 301.31921746699999, "SHAPE_Area": 5522.1860933899998, "Town": "Allama Iqbal Town", "UC_N0": "UC_120", "Landuse": "V", "KA": null, "Name": null, "Plot_No": null, "Road_Wdth": "30'", "Plot_Size": "18 M", "__source_file": "PCSIR.shp" }, "geometry": { "type": "Polygon", "coordinates": [ [ [ 74.264050820168507, 31.448479767224171 ], [ 74.263903958621825, 31.448220878896567 ], [ 74.263770798275587, 31.448288244159919 ], [ 74.26392042656029, 31.448541889014958 ], [ 74.264050820168507, 31.448479767224171 ] ] ] } },
{ "type": "Feature", "properties": { "OBJECTID": 193070, "SHAPE_Leng": 301.31921746699999, "SHAPE_Area": 5522.1860933899998, "Town": "Allama Iqbal Town", "UC_N0": "UC_120", "Landuse": "V", "KA": null, "Name": null, "Plot_No": null, "Road_Wdth": "30'", "Plot_Size": "18 M", "__source_file": "PCSIR.shp" }, "geometry": { "type": "Polygon", "coordinates": [ [ [ 74.26360573143441, 31.448691814371383 ], [ 74.263453215767029, 31.44844890686656 ], [ 74.263311424021353, 31.448520637854394 ], [ 74.263457202532237, 31.448762575271513 ], [ 74.26360573143441, 31.448691814371383 ] ] ] } },
{ "type": "Feature", "properties": { "OBJECTID": 193070, "SHAPE_Leng": 301.31921746699999, "SHAPE_Area": 5522.1860933899998, "Town": "Allama Iqbal Town", "UC_N0": "UC_120", "Landuse": "V", "KA": null, "Name": null, "Plot_No": null, "Road_Wdth": "30'", "Plot_Size": "18 M", "__source_file": "PCSIR.shp" }, "geometry": { "type": "Polygon", "coordinates": [ [ [ 74.26360573143441, 31.448691814371383 ], [ 74.263457202532237, 31.448762575271513 ], [ 74.263457481760994, 31.448763038684739 ], [ 74.263610603923937, 31.449017161972733 ], [ 74.263764240091916, 31.448944265244577 ], [ 74.26360573143441, 31.448691814371383 ] ] ] } },
{ "type": "Feature", "properties": { "OBJECTID": 193070, "SHAPE_Leng": 301.31921746699999, "SHAPE_Area": 5522.1860933899998, "Town": "Allama Iqbal Town", "UC_N0": "UC_120", "Landuse": "V", "KA": null, "Name": null, "Plot_No": null, "Road_Wdth": "30'", "Plot_Size": "18 M", "__source_file": "PCSIR.shp" }, "geometry": { "type": "Polygon", "coordinates": [ [ [ 74.2637946578769, 31.448601807205179 ], [ 74.263639074654591, 31.44835488235627 ], [ 74.263453215767029, 31.44844890686656 ], [ 74.26360573143441, 31.448691814371383 ], [ 74.2637946578769, 31.448601807205179 ] ] ] } },
{ "type": "Feature", "properties": { "OBJECTID": 193070, "SHAPE_Leng": 301.31921746699999, "SHAPE_Area": 5522.1860933899998, "Town": "Allama Iqbal Town", "UC_N0": "UC_120", "Landuse": "V", "KA": null, "Name": null, "Plot_No": null, "Road_Wdth": "60'", "Plot_Size": "18 M", "__source_file": "PCSIR.shp" }, "geometry": { "type": "Polygon", "coordinates": [ [ [ 74.264173201361103, 31.448252125460471 ], [ 74.263977807323712, 31.448351059983306 ], [ 74.264050820168492, 31.448479767224171 ], [ 74.264262087080795, 31.448379115519 ], [ 74.264173201361103, 31.448252125460471 ] ] ] } },
{ "type": "Feature", "properties": { "OBJECTID": 169558, "SHAPE_Leng": 206.37713471800001, "SHAPE_Area": 1395.9506728399999, "Town": "Allama Iqbal Town", "UC_N0": "UC_120", "Landuse": "R", "KA": null, "Name": null, "Plot_No": null, "Road_Wdth": "30'", "Plot_Size": "18 M", "__source_file": "PCSIR.shp" }, "geometry": { "type": "Polygon", "coordinates": [ [ [ 74.263057290144573, 31.448010516501206 ], [ 74.263020534001328, 31.44793673563175 ], [ 74.262882636531614, 31.448006725715299 ], [ 74.262894522931163, 31.448075059889455 ], [ 74.263057290144573, 31.448010516501206 ] ] ] } },
{ "type": "Feature", "properties": { "OBJECTID": 169558, "SHAPE_Leng": 206.37713471800001, "SHAPE_Area": 1395.9506728399999, "Town": "Allama Iqbal Town", "UC_N0": "UC_120", "Landuse": "R", "KA": null, "Name": null, "Plot_No": "392", "Road_Wdth": "60'", "Plot_Size": "18 M", "__source_file": "PCSIR.shp" }, "geometry": { "type": "Polygon", "coordinates": [ [ [ 74.263960911246087, 31.447948826779999 ], [ 74.263774455366914, 31.448043926782542 ], [ 74.263857795114944, 31.448157801575171 ], [ 74.264042006538531, 31.448064687249637 ], [ 74.263960911246087, 31.447948826779999 ] ] ] } },
{ "type": "Feature", "properties": { "OBJECTID": 169558, "SHAPE_Leng": 206.37713471800001, "SHAPE_Area": 1395.9506728399999, "Town": "Allama Iqbal Town", "UC_N0": "UC_120", "Landuse": "V", "KA": null, "Name": null, "Plot_No": null, "Road_Wdth": "30'", "Plot_Size": "18 M", "__source_file": "PCSIR.shp" }, "geometry": { "type": "Polygon", "coordinates": [ [ [ 74.263102085316859, 31.448100434003297 ], [ 74.263057290144573, 31.448010516501206 ], [ 74.262894522931163, 31.448075059889455 ], [ 74.262912928737776, 31.448180873543436 ], [ 74.263102085316859, 31.448100434003297 ] ] ] } },
{ "type": "Feature", "properties": { "OBJECTID": 169558, "SHAPE_Leng": 206.37713471800001, "SHAPE_Area": 1395.9506728399999, "Town": "Allama Iqbal Town", "UC_N0": "UC_120", "Landuse": "V", "KA": null, "Name": null, "Plot_No": null, "Road_Wdth": "30'", "Plot_Size": "18 M", "__source_file": "PCSIR.shp" }, "geometry": { "type": "Polygon", "coordinates": [ [ [ 74.263102085316859, 31.448100434003297 ], [ 74.262912928737776, 31.448180873543436 ], [ 74.262920707701753, 31.448225594177682 ], [ 74.262933289734761, 31.448297927180828 ], [ 74.263145407702822, 31.448187395001035 ], [ 74.263102085316859, 31.448100434003297 ] ] ] } },
{ "type": "Feature", "properties": { "OBJECTID": 169558, "SHAPE_Leng": 206.37713471800001, "SHAPE_Area": 1395.9506728399999, "Town": "Allama Iqbal Town", "UC_N0": "UC_120", "Landuse": "V", "KA": null, "Name": null, "Plot_No": null, "Road_Wdth": "30'", "Plot_Size": "18 M", "__source_file": "PCSIR.shp" }, "geometry": { "type": "Polygon", "coordinates": [ [ [ 74.263028516498707, 31.448248305709949 ], [ 74.263123200633842, 31.448529117207855 ], [ 74.263276935415291, 31.448451409437624 ], [ 74.263145407702822, 31.448187395001035 ], [ 74.263028516498707, 31.448248305709949 ] ] ] } },
{ "type": "Feature", "properties": { "OBJECTID": 169558, "SHAPE_Leng": 206.37713471800001, "SHAPE_Area": 1395.9506728399999, "Town": "Allama Iqbal Town", "UC_N0": "UC_120", "Landuse": "V", "KA": null, "Name": null, "Plot_No": null, "Road_Wdth": "30'", "Plot_Size": "18 M", "__source_file": "PCSIR.shp" }, "geometry": { "type": "Polygon", "coordinates": [ [ [ 74.263082902934855, 31.448409603653467 ], [ 74.263028516498707, 31.448248305709949 ], [ 74.262933289734761, 31.448297927180828 ], [ 74.26295783204759, 31.448439018476638 ], [ 74.262958900632512, 31.448445161707127 ], [ 74.263082902934855, 31.448409603653467 ] ] ] } },
{ "type": "Feature", "properties": { "OBJECTID": 169558, "SHAPE_Leng": 206.37713471800001, "SHAPE_Area": 1395.9506728399999, "Town": "Allama Iqbal Town", "UC_N0": "UC_120", "Landuse": "V", "KA": null, "Name": null, "Plot_No": null, "Road_Wdth": "30'", "Plot_Size": "18 M", "__source_file": "PCSIR.shp" }, "geometry": { "type": "Polygon", "coordinates": [ [ [ 74.263082902934855, 31.448409603653467 ], [ 74.262958900632512, 31.448445161707127 ], [ 74.262985602386067, 31.448598668233718 ], [ 74.263123200633842, 31.448529117207855 ], [ 74.263082902934855, 31.448409603653467 ] ] ] } },
{ "type": "Feature", "properties": { "OBJECTID": 169558, "SHAPE_Leng": 206.37713471800001, "SHAPE_Area": 1395.9506728399999, "Town": "Allama Iqbal Town", "UC_N0": "UC_120", "Landuse": "V", "KA": null, "Name": null, "Plot_No": null, "Road_Wdth": "30'", "Plot_Size": "18 M", "__source_file": "PCSIR.shp" }, "geometry": { "type": "Polygon", "coordinates": [ [ [ 74.263407330307828, 31.448050909357633 ], [ 74.263236657772296, 31.447827041148706 ], [ 74.263136994992649, 31.4478776254685 ], [ 74.263271958674352, 31.448121450482986 ], [ 74.263407330307828, 31.448050909357633 ] ] ] } },
{ "type": "Feature", "properties": { "OBJECTID": 169558, "SHAPE_Leng": 206.37713471800001, "SHAPE_Area": 1395.9506728399999, "Town": "Allama Iqbal Town", "UC_N0": "UC_120", "Landuse": "V", "KA": null, "Name": null, "Plot_No": null, "Road_Wdth": "30'", "Plot_Size": "18 M", "__source_file": "PCSIR.shp" }, "geometry": { "type": "Polygon", "coordinates": [ [ [ 74.263271958674352, 31.448121450482986 ], [ 74.263136994992649, 31.4478776254685 ], [ 74.263020534001328, 31.44793673563175 ], [ 74.263145407702822, 31.448187395001035 ], [ 74.263271958674352, 31.448121450482986 ] ] ] } },
{ "type": "Feature", "properties": { "OBJECTID": 169558, "SHAPE_Leng": 206.37713471800001, "SHAPE_Area": 1395.9506728399999, "Town": "Allama Iqbal Town", "UC_N0": "UC_120", "Landuse": "V", "KA": null, "Name": null, "Plot_No": null, "Road_Wdth": "30'", "Plot_Size": "18 M", "__source_file": "PCSIR.shp" }, "geometry": { "type": "Polygon", "coordinates": [ [ [ 74.263532422502522, 31.447985724545624 ], [ 74.26335861207032, 31.447765142480804 ], [ 74.263236657772296, 31.447827041148706 ], [ 74.263407330307828, 31.448050909357633 ], [ 74.263532422502522, 31.447985724545624 ] ] ] } },
{ "type": "Feature", "properties": { "OBJECTID": 169558, "SHAPE_Leng": 206.37713471800001, "SHAPE_Area": 1395.9506728399999, "Town": "Allama Iqbal Town", "UC_N0": "UC_120", "Landuse": "V", "KA": null, "Name": null, "Plot_No": null, "Road_Wdth": "30'", "Plot_Size": "18 M", "__source_file": "PCSIR.shp" }, "geometry": { "type": "Polygon", "coordinates": [ [ [ 74.26335861207032, 31.447765142480804 ], [ 74.263532422502522, 31.447985724545624 ], [ 74.263676799568159, 31.447910490232847 ], [ 74.263513057405802, 31.447686752496629 ], [ 74.263470671059594, 31.447708266062737 ], [ 74.26335861207032, 31.447765142480804 ] ] ] } },
{ "type": "Feature", "properties": { "OBJECTID": 169558, "SHAPE_Leng": 206.37713471800001, "SHAPE_Area": 1395.9506728399999, "Town": "Allama Iqbal Town", "UC_N0": "UC_120", "Landuse": "V", "KA": null, "Name": null, "Plot_No": null, "Road_Wdth": "30'", "Plot_Size": "18 M", "__source_file": "PCSIR.shp" }, "geometry": { "type": "Polygon", "coordinates": [ [ [ 74.263722071769166, 31.448226406172328 ], [ 74.26353242250255, 31.44798572454566 ], [ 74.263407330307828, 31.448050909357683 ], [ 74.263591459550469, 31.448292427062 ], [ 74.263722071769166, 31.448226406172328 ] ] ] } },
{ "type": "Feature", "properties": { "OBJECTID": 169558, "SHAPE_Leng": 206.37713471800001, "SHAPE_Area": 1395.9506728399999, "Town": "Allama Iqbal Town", "UC_N0": "UC_120", "Landuse": "V", "KA": null, "Name": null, "Plot_No": null, "Road_Wdth": "30'", "Plot_Size": "18 M", "__source_file": "PCSIR.shp" }, "geometry": { "type": "Polygon", "coordinates": [ [ [ 74.263415759118928, 31.448381238444746 ], [ 74.26327195867438, 31.448121450482986 ], [ 74.263145407702822, 31.448187395001035 ], [ 74.263276935415291, 31.448451409437624 ], [ 74.263415759118928, 31.448381238444746 ] ] ] } },
{ "type": "Feature", "properties": { "OBJECTID": 169558, "SHAPE_Leng": 206.37713471800001, "SHAPE_Area": 1395.9506728399999, "Town": "Allama Iqbal Town", "UC_N0": "UC_120", "Landuse": "R", "KA": null, "Name": null, "Plot_No": null, "Road_Wdth": "30'", "Plot_Size": "18 M", "__source_file": "PCSIR.shp" }, "geometry": { "type": "Polygon", "coordinates": [ [ [ 74.26353242250255, 31.44798572454566 ], [ 74.263722071769166, 31.448226406172328 ], [ 74.263798341738791, 31.448187853691628 ], [ 74.263857795114944, 31.448157801575171 ], [ 74.263676799568159, 31.447910490232847 ], [ 74.26353242250255, 31.44798572454566 ] ] ] } },
{ "type": "Feature", "properties": { "OBJECTID": 169558, "SHAPE_Leng": 206.37713471800001, "SHAPE_Area": 1395.9506728399999, "Town": "Allama Iqbal Town", "UC_N0": "UC_120", "Landuse": "V", "KA": null, "Name": null, "Plot_No": "395", "Road_Wdth": "60'", "Plot_Size": "18 M", "__source_file": "PCSIR.shp" }, "geometry": { "type": "Polygon", "coordinates": [ [ [ 74.263784356306644, 31.447696579817411 ], [ 74.263708165030963, 31.447587723578973 ], [ 74.263513057405802, 31.447686752496629 ], [ 74.263588489051514, 31.447789822659011 ], [ 74.263784356306644, 31.447696579817411 ] ] ] } },
{ "type": "Feature", "properties": { "OBJECTID": 169558, "SHAPE_Leng": 206.37713471800001, "SHAPE_Area": 1395.9506728399999, "Town": "Allama Iqbal Town", "UC_N0": "UC_120", "Landuse": "V", "KA": null, "Name": null, "Plot_No": null, "Road_Wdth": "60'", "Plot_Size": "18 M", "__source_file": "PCSIR.shp" }, "geometry": { "type": "Polygon", "coordinates": [ [ [ 74.263861741645755, 31.447807141741173 ], [ 74.263829152952496, 31.447760581684687 ], [ 74.263784356306644, 31.447696579817411 ], [ 74.263588489051514, 31.447789822659011 ], [ 74.263676038535564, 31.447909450358743 ], [ 74.263861741645755, 31.447807141741173 ] ] ] } },
{ "type": "Feature", "properties": { "OBJECTID": 169558, "SHAPE_Leng": 206.37713471800001, "SHAPE_Area": 1395.9506728399999, "Town": "Allama Iqbal Town", "UC_N0": "UC_120", "Landuse": "V", "KA": null, "Name": null, "Plot_No": null, "Road_Wdth": "60'", "Plot_Size": "18 M", "__source_file": "PCSIR.shp" }, "geometry": { "type": "Polygon", "coordinates": [ [ [ 74.263960911246087, 31.447948826779999 ], [ 74.263958532830614, 31.447945428743758 ], [ 74.263861741645755, 31.447807141741173 ], [ 74.263676038535564, 31.447909450358743 ], [ 74.263774455366914, 31.448043926782542 ], [ 74.263960911246087, 31.447948826779999 ] ] ] } },
{ "type": "Feature", "properties": { "OBJECTID": 169553, "SHAPE_Leng": 202.532131881, "SHAPE_Area": 2163.2267112099998, "Town": "Allama Iqbal Town", "UC_N0": "UC_120", "Landuse": "R", "KA": null, "Name": null, "Plot_No": null, "Road_Wdth": "30'", "Plot_Size": "18 M", "__source_file": "PCSIR.shp" }, "geometry": { "type": "Polygon", "coordinates": [ [ [ 74.263141161889322, 31.447468469536716 ], [ 74.262993195753808, 31.447213003283199 ], [ 74.262874415518752, 31.447272202816301 ], [ 74.262991500935371, 31.447542164620025 ], [ 74.26303567129483, 31.447520414491979 ], [ 74.263141161889322, 31.447468469536716 ] ] ] } },
{ "type": "Feature", "properties": { "OBJECTID": 169552, "SHAPE_Leng": 109.756720126, "SHAPE_Area": 751.49203284800001, "Town": "Allama Iqbal Town", "UC_N0": "UC_120", "Landuse": "R", "KA": null, "Name": null, "Plot_No": null, "Road_Wdth": "30'", "Plot_Size": "18 M", "__source_file": "PCSIR.shp" }, "geometry": { "type": "Polygon", "coordinates": [ [ [ 74.262891151600499, 31.447591577998431 ], [ 74.262988342845716, 31.447850858483449 ], [ 74.263100713936538, 31.447793973668926 ], [ 74.262991500935371, 31.447542164620025 ], [ 74.262891151600499, 31.447591577998431 ] ] ] } },
{ "type": "Feature", "properties": { "OBJECTID": 169553, "SHAPE_Leng": 202.532131881, "SHAPE_Area": 2163.2267112099998, "Town": "Allama Iqbal Town", "UC_N0": "UC_120", "Landuse": "V", "KA": null, "Name": null, "Plot_No": "399", "Road_Wdth": "60'", "Plot_Size": "18 M", "__source_file": "PCSIR.shp" }, "geometry": { "type": "Polygon", "coordinates": [ [ [ 74.263141457482021, 31.447139110044997 ], [ 74.263308897127743, 31.447385873811438 ], [ 74.263500325563115, 31.447291611080221 ], [ 74.263329625860379, 31.447045327023122 ], [ 74.263141457482021, 31.447139110044997 ] ] ] } },
{ "type": "Feature", "properties": { "OBJECTID": 169552, "SHAPE_Leng": 109.756720126, "SHAPE_Area": 751.49203284800001, "Town": "Allama Iqbal Town", "UC_N0": "UC_120", "Landuse": "V", "KA": null, "Name": null, "Plot_No": null, "Road_Wdth": "60'", "Plot_Size": "18 M", "__source_file": "PCSIR.shp" }, "geometry": { "type": "Polygon", "coordinates": [ [ [ 74.263308897127743, 31.447385873811438 ], [ 74.263461784657622, 31.447611190127031 ], [ 74.26365583406195, 31.447512956685625 ], [ 74.263541366258295, 31.447349414442858 ], [ 74.263500325563115, 31.447291611080221 ], [ 74.263308897127743, 31.447385873811438 ] ] ] } },
{ "type": "Feature", "properties": { "OBJECTID": 169552, "SHAPE_Leng": 109.756720126, "SHAPE_Area": 751.49203284800001, "Town": "Allama Iqbal Town", "UC_N0": "UC_120", "Landuse": "V", "KA": null, "Name": null, "Plot_No": null, "Road_Wdth": "30'", "Plot_Size": "18 M", "__source_file": "PCSIR.shp" }, "geometry": { "type": "Polygon", "coordinates": [ [ [ 74.263277778561019, 31.447704339368386 ], [ 74.263141161889322, 31.447468469536716 ], [ 74.26303567129483, 31.447520414491979 ], [ 74.262991500935371, 31.447542164620025 ], [ 74.263100713936538, 31.447793973668926 ], [ 74.263180612406615, 31.447753527134235 ], [ 74.263277778561019, 31.447704339368386 ] ] ] } },
{ "type": "Feature", "properties": { "OBJECTID": 169552, "SHAPE_Leng": 109.756720126, "SHAPE_Area": 751.49203284800001, "Town": "Allama Iqbal Town", "UC_N0": "UC_120", "Landuse": "R", "KA": null, "Name": null, "Plot_No": null, "Road_Wdth": "30'", "Plot_Size": "18 M", "__source_file": "PCSIR.shp" }, "geometry": { "type": "Polygon", "coordinates": [ [ [ 74.263141161889322, 31.447468469536716 ], [ 74.263277778561019, 31.447704339368386 ], [ 74.263301313825366, 31.447692425251457 ], [ 74.263418945712615, 31.447632876376471 ], [ 74.26346036632485, 31.447611908126351 ], [ 74.263461784657622, 31.447611190127031 ], [ 74.263308897127743, 31.447385873811438 ], [ 74.263303208762224, 31.447388674855379 ], [ 74.263262855816265, 31.447408545291985 ], [ 74.263150188560971, 31.44746402467818 ], [ 74.263141161889322, 31.447468469536716 ] ] ] } },
{ "type": "Feature", "properties": { "OBJECTID": 169552, "SHAPE_Leng": 109.756720126, "SHAPE_Area": 751.49203284800001, "Town": "Allama Iqbal Town", "UC_N0": "UC_120", "Landuse": "V", "KA": null, "Name": null, "Plot_No": null, "Road_Wdth": "30'", "Plot_Size": "18 M", "__source_file": "PCSIR.shp" }, "geometry": { "type": "Polygon", "coordinates": [ [ [ 74.262988342845716, 31.447850858483449 ], [ 74.262891151600499, 31.447591577998431 ], [ 74.262816792239633, 31.447628193474724 ], [ 74.262866272581121, 31.447912653049638 ], [ 74.262988342845716, 31.447850858483449 ] ] ] } },
{ "type": "Feature", "properties": { "OBJECTID": 169553, "SHAPE_Leng": 202.532131881, "SHAPE_Area": 2163.2267112099998, "Town": "Allama Iqbal Town", "UC_N0": "UC_120", "Landuse": "V", "KA": null, "Name": null, "Plot_No": "437", "Road_Wdth": "30'", "Plot_Size": "15 M", "__source_file": "PCSIR.shp" }, "geometry": { "type": "Polygon", "coordinates": [ [ [ 74.262911021749858, 31.447356605339635 ], [ 74.262874415518752, 31.447272202816301 ], [ 74.26276440681292, 31.447327030492303 ], [ 74.262778666579109, 31.447409009843238 ], [ 74.262911021749858, 31.447356605339635 ] ] ] } },
{ "type": "Feature", "properties": { "OBJECTID": 169553, "SHAPE_Leng": 202.532131881, "SHAPE_Area": 2163.2267112099998, "Town": "Allama Iqbal Town", "UC_N0": "UC_120", "Landuse": "V", "KA": null, "Name": null, "Plot_No": null, "Road_Wdth": "30'", "Plot_Size": "15 M", "__source_file": "PCSIR.shp" }, "geometry": { "type": "Polygon", "coordinates": [ [ [ 74.262954512335654, 31.447456880826039 ], [ 74.262911021749858, 31.447356605339635 ], [ 74.262778666579109, 31.447409009843238 ], [ 74.262798871409842, 31.447525167117607 ], [ 74.262954512335654, 31.447456880826039 ] ] ] } },
{ "type": "Feature", "properties": { "OBJECTID": 169553, "SHAPE_Leng": 202.532131881, "SHAPE_Area": 2163.2267112099998, "Town": "Allama Iqbal Town", "UC_N0": "UC_120", "Landuse": "V", "KA": null, "Name": null, "Plot_No": null, "Road_Wdth": "30'", "Plot_Size": "18 M", "__source_file": "PCSIR.shp" }, "geometry": { "type": "Polygon", "coordinates": [ [ [ 74.262954512335654, 31.447456880826039 ], [ 74.262798871409842, 31.447525167117607 ], [ 74.262816792239633, 31.447628193474724 ], [ 74.262991500935371, 31.447542164620025 ], [ 74.262954512335654, 31.447456880826039 ] ] ] } },
{ "type": "Feature", "properties": { "OBJECTID": 191314, "SHAPE_Leng": 255.425514451, "SHAPE_Area": 2992.2540589800001, "Town": "Allama Iqbal Town", "UC_N0": "UC_120", "Landuse": "R", "KA": null, "Name": null, "Plot_No": null, "Road_Wdth": "30'", "Plot_Size": "18 M", "__source_file": "PCSIR.shp" }, "geometry": { "type": "Polygon", "coordinates": [ [ [ 74.262776567902378, 31.447228926296429 ], [ 74.262650122771888, 31.446963636051382 ], [ 74.262519929030077, 31.447026932934389 ], [ 74.262628477717712, 31.447302899011984 ], [ 74.262776567902378, 31.447228926296429 ] ] ] } },
{ "type": "Feature", "properties": { "OBJECTID": 191314, "SHAPE_Leng": 255.425514451, "SHAPE_Area": 2992.2540589800001, "Town": "Allama Iqbal Town", "UC_N0": "UC_120", "Landuse": "V", "KA": null, "Name": null, "Plot_No": null, "Road_Wdth": "30'", "Plot_Size": "18 M", "__source_file": "PCSIR.shp" }, "geometry": { "type": "Polygon", "coordinates": [ [ [ 74.262802332532061, 31.446889634735179 ], [ 74.262950065733961, 31.44714226180519 ], [ 74.263099242379013, 31.447067745753365 ], [ 74.262951098006297, 31.446817307931152 ], [ 74.262802332532061, 31.446889634735179 ] ] ] } },
{ "type": "Feature", "properties": { "OBJECTID": 169542, "SHAPE_Leng": 130.60952639600001, "SHAPE_Area": 1032.9805961100001, "Town": "Allama Iqbal Town", "UC_N0": "UC_120", "Landuse": "V", "KA": null, "Name": null, "Plot_No": null, "Road_Wdth": "30'", "Plot_Size": "18 M", "__source_file": "PCSIR.shp" }, "geometry": { "type": "Polygon", "coordinates": [ [ [ 74.262650122771888, 31.446963636051382 ], [ 74.262525818057597, 31.446702834988912 ], [ 74.262501392318526, 31.446714730602142 ], [ 74.262413889903314, 31.446757345360986 ], [ 74.262519929030077, 31.447026932934389 ], [ 74.262650122771888, 31.446963636051382 ] ] ] } },
{ "type": "Feature", "properties": { "OBJECTID": 169542, "SHAPE_Leng": 130.60952639600001, "SHAPE_Area": 1032.9805961100001, "Town": "Allama Iqbal Town", "UC_N0": "UC_120", "Landuse": "R", "KA": null, "Name": null, "Plot_No": null, "Road_Wdth": "30'", "Plot_Size": "18 M", "__source_file": "PCSIR.shp" }, "geometry": { "type": "Polygon", "coordinates": [ [ [ 74.262802332532061, 31.446889634735179 ], [ 74.262656015133857, 31.446639427236985 ], [ 74.262617194987158, 31.446658333314257 ], [ 74.262525818057597, 31.446702834988912 ], [ 74.262650122771888, 31.446963636051382 ], [ 74.262657562450585, 31.446960019062349 ], [ 74.262776376414152, 31.446902254052155 ], [ 74.262802332532061, 31.446889634735179 ] ] ] } },
{ "type": "Feature", "properties": { "OBJECTID": 191314, "SHAPE_Leng": 255.425514451, "SHAPE_Area": 2992.2540589800001, "Town": "Allama Iqbal Town", "UC_N0": "UC_120", "Landuse": "V", "KA": null, "Name": null, "Plot_No": null, "Road_Wdth": "60'", "Plot_Size": "18 M", "__source_file": "PCSIR.shp" }, "geometry": { "type": "Polygon", "coordinates": [ [ [ 74.263208958373085, 31.446864005733506 ], [ 74.263036181839539, 31.446961142194837 ], [ 74.263099242379013, 31.447067745753365 ], [ 74.263282807045343, 31.446976051945786 ], [ 74.263208958373085, 31.446864005733506 ] ] ] } },
{ "type": "Feature", "properties": { "OBJECTID": 191314, "SHAPE_Leng": 255.425514451, "SHAPE_Area": 2992.2540589800001, "Town": "Allama Iqbal Town", "UC_N0": "UC_120", "Landuse": "V", "KA": null, "Name": null, "Plot_No": null, "Road_Wdth": "60'", "Plot_Size": "18 M", "__source_file": "PCSIR.shp" }, "geometry": { "type": "Polygon", "coordinates": [ [ [ 74.263208958373085, 31.446864005733506 ], [ 74.263123073099919, 31.446733696715736 ], [ 74.262951098006297, 31.446817307931152 ], [ 74.263036181839539, 31.446961142194837 ], [ 74.263208958373085, 31.446864005733506 ] ] ] } },
{ "type": "Feature", "properties": { "OBJECTID": 169542, "SHAPE_Leng": 130.60952639600001, "SHAPE_Area": 1032.9805961100001, "Town": "Allama Iqbal Town", "UC_N0": "UC_120", "Landuse": "V", "KA": null, "Name": null, "Plot_No": null, "Road_Wdth": "60'", "Plot_Size": "18 M", "__source_file": "PCSIR.shp" }, "geometry": { "type": "Polygon", "coordinates": [ [ [ 74.263044908425172, 31.44661078829704 ], [ 74.262881158638393, 31.446699075027439 ], [ 74.262951098006297, 31.446817307931152 ], [ 74.263123073099919, 31.446733696715736 ], [ 74.263111381811242, 31.446715580438859 ], [ 74.263044908425172, 31.44661078829704 ] ] ] } },
{ "type": "Feature", "properties": { "OBJECTID": 169542, "SHAPE_Leng": 130.60952639600001, "SHAPE_Area": 1032.9805961100001, "Town": "Allama Iqbal Town", "UC_N0": "UC_120", "Landuse": "V", "KA": null, "Name": null, "Plot_No": "403", "Road_Wdth": "60'", "Plot_Size": "18 M", "__source_file": "PCSIR.shp" }, "geometry": { "type": "Polygon", "coordinates": [ [ [ 74.263044908425172, 31.44661078829704 ], [ 74.262988913128837, 31.446522514161718 ], [ 74.262972787092352, 31.446490286811166 ], [ 74.262970754746547, 31.446486142924662 ], [ 74.262803411429189, 31.446567642534841 ], [ 74.262881158638393, 31.446699075027439 ], [ 74.263044908425172, 31.44661078829704 ] ] ] } },
{ "type": "Feature", "properties": { "OBJECTID": 191314, "SHAPE_Leng": 255.425514451, "SHAPE_Area": 2992.2540589800001, "Town": "Allama Iqbal Town", "UC_N0": "UC_120", "Landuse": "V", "KA": null, "Name": null, "Plot_No": "430", "Road_Wdth": "30'", "Plot_Size": "18 M", "__source_file": "PCSIR.shp" }, "geometry": { "type": "Polygon", "coordinates": [ [ [ 74.262491727147506, 31.447371207204203 ], [ 74.262398509238309, 31.447085963948084 ], [ 74.262303321284435, 31.447132241619009 ], [ 74.262305190731368, 31.447141593124616 ], [ 74.26236451051777, 31.447434752881136 ], [ 74.262491727147506, 31.447371207204203 ] ] ] } },
{ "type": "Feature", "properties": { "OBJECTID": 191314, "SHAPE_Leng": 255.425514451, "SHAPE_Area": 2992.2540589800001, "Town": "Allama Iqbal Town", "UC_N0": "UC_120", "Landuse": "V", "KA": null, "Name": null, "Plot_No": null, "Road_Wdth": "30'", "Plot_Size": "18 M", "__source_file": "PCSIR.shp" }, "geometry": { "type": "Polygon", "coordinates": [ [ [ 74.262398509238309, 31.447085963948084 ], [ 74.262491727147506, 31.447371207204203 ], [ 74.262628477717712, 31.447302899011984 ], [ 74.262519929030077, 31.447026932934389 ], [ 74.262398509238309, 31.447085963948084 ] ] ] } },
{ "type": "Feature", "properties": { "OBJECTID": 169542, "SHAPE_Leng": 130.60952639600001, "SHAPE_Area": 1032.9805961100001, "Town": "Allama Iqbal Town", "UC_N0": "UC_120", "Landuse": "V", "KA": null, "Name": null, "Plot_No": null, "Road_Wdth": "30'", "Plot_Size": "9 M", "__source_file": "PCSIR.shp" }, "geometry": { "type": "Polygon", "coordinates": [ [ [ 74.262442330580384, 31.446829651404656 ], [ 74.262413889903314, 31.446757345360986 ], [ 74.262244839126112, 31.446839674899458 ], [ 74.262258280528187, 31.446906917903625 ], [ 74.262442330580384, 31.446829651404656 ] ] ] } },
{ "type": "Feature", "properties": { "OBJECTID": 169542, "SHAPE_Leng": 130.60952639600001, "SHAPE_Area": 1032.9805961100001, "Town": "Allama Iqbal Town", "UC_N0": "UC_120", "Landuse": "V", "KA": null, "Name": null, "Plot_No": null, "Road_Wdth": "30'", "Plot_Size": "9 M", "__source_file": "PCSIR.shp" }, "geometry": { "type": "Polygon", "coordinates": [ [ [ 74.262482948738494, 31.446932916620295 ], [ 74.262442330580384, 31.446829651404656 ], [ 74.262258280528187, 31.446906917903625 ], [ 74.262279466213627, 31.44701290287399 ], [ 74.262482948738494, 31.446932916620295 ] ] ] } },
{ "type": "Feature", "properties": { "OBJECTID": 169542, "SHAPE_Leng": 130.60952639600001, "SHAPE_Area": 1032.9805961100001, "Town": "Allama Iqbal Town", "UC_N0": "UC_120", "Landuse": "V", "KA": null, "Name": null, "Plot_No": null, "Road_Wdth": "30'", "Plot_Size": "18 M", "__source_file": "PCSIR.shp" }, "geometry": { "type": "Polygon", "coordinates": [ [ [ 74.262482948738494, 31.446932916620295 ], [ 74.262279466213627, 31.44701290287399 ], [ 74.262303321284435, 31.447132241619009 ], [ 74.262519929030077, 31.447026932934389 ], [ 74.262482948738494, 31.446932916620295 ] ] ] } },
{ "type": "Feature", "properties": { "OBJECTID": 191316, "SHAPE_Leng": 183.05379408499999, "SHAPE_Area": 1094.4534788000001, "Town": "Allama Iqbal Town", "UC_N0": "UC_120", "Landuse": "V", "KA": null, "Name": null, "Plot_No": null, "Road_Wdth": "60'", "Plot_Size": "18 M", "__source_file": "PCSIR.shp" }, "geometry": { "type": "Polygon", "coordinates": [ [ [ 74.262724284181132, 31.446378766049826 ], [ 74.262776323078441, 31.446502982818316 ], [ 74.262939955489145, 31.446420819612964 ], [ 74.262896105462829, 31.446318148454164 ], [ 74.262887387692786, 31.446296078572278 ], [ 74.262724284181132, 31.446378766049826 ] ] ] } },
{ "type": "Feature", "properties": { "OBJECTID": 169548, "SHAPE_Leng": 90.834552838299999, "SHAPE_Area": 421.02233372900002, "Town": "Allama Iqbal Town", "UC_N0": "UC_120", "Landuse": "V", "KA": null, "Name": null, "Plot_No": "403", "Road_Wdth": "60'", "Plot_Size": "18 M", "__source_file": "PCSIR.shp" }, "geometry": { "type": "Polygon", "coordinates": [ [ [ 74.262676751780418, 31.446265305982941 ], [ 74.262724284181132, 31.446378766049826 ], [ 74.262887387692786, 31.446296078572278 ], [ 74.262847852426773, 31.446186972289457 ], [ 74.262676751780418, 31.446265305982941 ] ] ] } },
{ "type": "Feature", "properties": { "OBJECTID": 191316, "SHAPE_Leng": 183.05379408499999, "SHAPE_Area": 1094.4534788000001, "Town": "Allama Iqbal Town", "UC_N0": "UC_120", "Landuse": "V", "KA": null, "Name": null, "Plot_No": null, "Road_Wdth": "30'", "Plot_Size": "5 M", "__source_file": "PCSIR.shp" }, "geometry": { "type": "Polygon", "coordinates": [ [ [ 74.262649803482532, 31.446416524904087 ], [ 74.262703694351941, 31.44653945108433 ], [ 74.262776323078441, 31.446502982818316 ], [ 74.262724284181132, 31.446378766049826 ], [ 74.262649803482532, 31.446416524904087 ] ] ] } },
{ "type": "Feature", "properties": { "OBJECTID": 191316, "SHAPE_Leng": 183.05379408499999, "SHAPE_Area": 1094.4534788000001, "Town": "Allama Iqbal Town", "UC_N0": "UC_120", "Landuse": "V", "KA": null, "Name": null, "Plot_No": null, "Road_Wdth": "30'", "Plot_Size": "5 M", "__source_file": "PCSIR.shp" }, "geometry": { "type": "Polygon", "coordinates": [ [ [ 74.262703694351941, 31.44653945108433 ], [ 74.262649803482532, 31.446416524904087 ], [ 74.262604856808551, 31.446439311105905 ], [ 74.262567120603777, 31.446458442101171 ], [ 74.262614931923778, 31.446584020293624 ], [ 74.262703694351941, 31.44653945108433 ] ] ] } },
{ "type": "Feature", "properties": { "OBJECTID": 191316, "SHAPE_Leng": 183.05379408499999, "SHAPE_Area": 1094.4534788000001, "Town": "Allama Iqbal Town", "UC_N0": "UC_120", "Landuse": "V", "KA": null, "Name": null, "Plot_No": null, "Road_Wdth": "30'", "Plot_Size": "5 M", "__source_file": "PCSIR.shp" }, "geometry": { "type": "Polygon", "coordinates": [ [ [ 74.2624982991736, 31.446642583532704 ], [ 74.262455983041121, 31.44651478445282 ], [ 74.262360593149893, 31.44656314309703 ], [ 74.262400082407297, 31.446691899660237 ], [ 74.2624982991736, 31.446642583532704 ] ] ] } },
{ "type": "Feature", "properties": { "OBJECTID": 169548, "SHAPE_Leng": 90.834552838299999, "SHAPE_Area": 421.02233372900002, "Town": "Allama Iqbal Town", "UC_N0": "UC_120", "Landuse": "V", "KA": null, "Name": null, "Plot_No": null, "Road_Wdth": "30'", "Plot_Size": "5 M", "__source_file": "PCSIR.shp" }, "geometry": { "type": "Polygon", "coordinates": [ [ [ 74.262599095498118, 31.44630085864198 ], [ 74.262649803482532, 31.446416524904087 ], [ 74.262724284181132, 31.446378766049826 ], [ 74.262676751780418, 31.446265305982941 ], [ 74.262599095498118, 31.44630085864198 ] ] ] } },
{ "type": "Feature", "properties": { "OBJECTID": 169548, "SHAPE_Leng": 90.834552838299999, "SHAPE_Area": 421.02233372900002, "Town": "Allama Iqbal Town", "UC_N0": "UC_120", "Landuse": "V", "KA": null, "Name": null, "Plot_No": null, "Road_Wdth": "30'", "Plot_Size": "5 M", "__source_file": "PCSIR.shp" }, "geometry": { "type": "Polygon", "coordinates": [ [ [ 74.262649803482532, 31.446416524904087 ], [ 74.262599095498118, 31.44630085864198 ], [ 74.262539829303478, 31.446327991886609 ], [ 74.262520775638748, 31.446336715014752 ], [ 74.262567120603748, 31.446458442101171 ], [ 74.262604856808551, 31.446439311105905 ], [ 74.262649803482532, 31.446416524904087 ] ] ] } },
{ "type": "Feature", "properties": { "OBJECTID": 169548, "SHAPE_Leng": 90.834552838299999, "SHAPE_Area": 421.02233372900002, "Town": "Allama Iqbal Town", "UC_N0": "UC_120", "Landuse": "V", "KA": null, "Name": null, "Plot_No": null, "Road_Wdth": "30'", "Plot_Size": "5 M", "__source_file": "PCSIR.shp" }, "geometry": { "type": "Polygon", "coordinates": [ [ [ 74.262455983041121, 31.446514784452788 ], [ 74.262413312150684, 31.446385913611369 ], [ 74.262392758058112, 31.446395323579626 ], [ 74.262319420827083, 31.446428898443614 ], [ 74.262360593149893, 31.44656314309703 ], [ 74.262455983041121, 31.446514784452788 ] ] ] } },
{ "type": "Feature", "properties": { "OBJECTID": 191316, "SHAPE_Leng": 183.05379408499999, "SHAPE_Area": 1094.4534788000001, "Town": "Allama Iqbal Town", "UC_N0": "UC_120", "Landuse": "V", "KA": null, "Name": null, "Plot_No": "419", "Road_Wdth": "30'", "Plot_Size": "5 M", "__source_file": "PCSIR.shp" }, "geometry": { "type": "Polygon", "coordinates": [ [ [ 74.262310991527457, 31.446736633430717 ], [ 74.262273479211984, 31.446607306075936 ], [ 74.262205298585229, 31.446641870618198 ], [ 74.262232154124959, 31.446776218699451 ], [ 74.262310991527457, 31.446736633430717 ] ] ] } },
{ "type": "Feature", "properties": { "OBJECTID": 191316, "SHAPE_Leng": 183.05379408499999, "SHAPE_Area": 1094.4534788000001, "Town": "Allama Iqbal Town", "UC_N0": "UC_120", "Landuse": "V", "KA": null, "Name": null, "Plot_No": null, "Road_Wdth": "30'", "Plot_Size": "5 M", "__source_file": "PCSIR.shp" }, "geometry": { "type": "Polygon", "coordinates": [ [ [ 74.262273479211984, 31.446607306075936 ], [ 74.262310991527457, 31.446736633430717 ], [ 74.262400082407297, 31.446691899660237 ], [ 74.262360593149893, 31.44656314309703 ], [ 74.262273479211984, 31.446607306075936 ] ] ] } },
{ "type": "Feature", "properties": { "OBJECTID": 169548, "SHAPE_Leng": 90.834552838299999, "SHAPE_Area": 421.02233372900002, "Town": "Allama Iqbal Town", "UC_N0": "UC_120", "Landuse": "V", "KA": null, "Name": null, "Plot_No": null, "Road_Wdth": "30'", "Plot_Size": "5 M", "__source_file": "PCSIR.shp" }, "geometry": { "type": "Polygon", "coordinates": [ [ [ 74.262340956683673, 31.446499117352445 ], [ 74.262191576006146, 31.446573219711116 ], [ 74.262205298585229, 31.446641870618198 ], [ 74.262360593149893, 31.44656314309703 ], [ 74.262340956683673, 31.446499117352445 ] ] ] } },
{ "type": "Feature", "properties": { "OBJECTID": 169548, "SHAPE_Leng": 90.834552838299999, "SHAPE_Area": 421.02233372900002, "Town": "Allama Iqbal Town", "UC_N0": "UC_120", "Landuse": "V", "KA": null, "Name": null, "Plot_No": null, "Road_Wdth": "30'", "Plot_Size": "5 M", "__source_file": "PCSIR.shp" }, "geometry": { "type": "Polygon", "coordinates": [ [ [ 74.262340956683673, 31.446499117352445 ], [ 74.262319420827083, 31.446428898443614 ], [ 74.262175864849809, 31.446494620290466 ], [ 74.262191576006146, 31.446573219711116 ], [ 74.262340956683673, 31.446499117352445 ] ] ] } },
{ "type": "Feature", "properties": { "OBJECTID": 165912, "SHAPE_Leng": 131.40989862800001, "SHAPE_Area": 1058.5124410799999, "Town": "Allama Iqbal Town", "UC_N0": "UC_120", "Landuse": "V", "KA": null, "Name": null, "Plot_No": null, "Road_Wdth": "30'", "Plot_Size": "18 M", "__source_file": "PCSIR.shp" }, "geometry": { "type": "Polygon", "coordinates": [ [ [ 74.26248105995586, 31.446296931801211 ], [ 74.26236014430188, 31.446054059242694 ], [ 74.262208124315322, 31.446106832892337 ], [ 74.262270531921473, 31.446279526418639 ], [ 74.262306417896909, 31.446378831731817 ], [ 74.26248105995586, 31.446296931801211 ] ] ] } },
{ "type": "Feature", "properties": { "OBJECTID": 165917, "SHAPE_Leng": 42.024828159199998, "SHAPE_Area": 104.404343324, "Town": "Allama Iqbal Town", "UC_N0": "UC_120", "Landuse": "V", "KA": null, "Name": null, "Plot_No": null, "Road_Wdth": null, "Plot_Size": "5 M", "__source_file": "PCSIR.shp" }, "geometry": { "type": "Polygon", "coordinates": [ [ [ 74.262233399886753, 31.446288569647923 ], [ 74.262261359156781, 31.446399962554953 ], [ 74.262306417896909, 31.446378831731817 ], [ 74.262270531921473, 31.446279526418639 ], [ 74.262233399886753, 31.446288569647923 ] ] ] } },
{ "type": "Feature", "properties": { "OBJECTID": 165916, "SHAPE_Leng": 62.0675994188, "SHAPE_Area": 226.29002046799999, "Town": "Allama Iqbal Town", "UC_N0": "UC_120", "Landuse": "V", "KA": null, "Name": null, "Plot_No": null, "Road_Wdth": "30'", "Plot_Size": "9 M", "__source_file": "PCSIR.shp" }, "geometry": { "type": "Polygon", "coordinates": [ [ [ 74.262240258478812, 31.446195754217833 ], [ 74.262208124315322, 31.446106832892337 ], [ 74.262111877687715, 31.446140244595711 ], [ 74.262112531685801, 31.446173083056074 ], [ 74.262113611201457, 31.446183183373499 ], [ 74.262120961006545, 31.446219951752397 ], [ 74.262240258478812, 31.446195754217833 ] ] ] } },
{ "type": "Feature", "properties": { "OBJECTID": 191397, "SHAPE_Leng": 439.37056581000002, "SHAPE_Area": 5534.9153243800001, "Town": "Allama Iqbal Town", "UC_N0": "UC_120", "Landuse": "V", "KA": null, "Name": null, "Plot_No": null, "Road_Wdth": "200'", "Plot_Size": "18 M", "__source_file": "PCSIR.shp" }, "geometry": { "type": "Polygon", "coordinates": [ [ [ 74.267938988996377, 31.450364875414234 ], [ 74.267645117306358, 31.450293850992466 ], [ 74.267642296192278, 31.450306142347369 ], [ 74.267639596668076, 31.450317645624761 ], [ 74.267635168531626, 31.450337196793907 ], [ 74.267620782417126, 31.450399882361715 ], [ 74.267619984394543, 31.45040343066859 ], [ 74.267923173766505, 31.450445729188999 ], [ 74.267938988996377, 31.450364875414234 ] ] ] } },
{ "type": "Feature", "properties": { "OBJECTID": 191397, "SHAPE_Leng": 439.37056581000002, "SHAPE_Area": 5534.9153243800001, "Town": "Allama Iqbal Town", "UC_N0": "UC_120", "Landuse": "V", "KA": null, "Name": null, "Plot_No": null, "Road_Wdth": "200'", "Plot_Size": "18 M", "__source_file": "PCSIR.shp" }, "geometry": { "type": "Polygon", "coordinates": [ [ [ 74.267961411300135, 31.450251190383 ], [ 74.267666267210558, 31.450203719450805 ], [ 74.26764751311913, 31.45028341263642 ], [ 74.267645117306358, 31.450293850992466 ], [ 74.267938988996377, 31.450364875414234 ], [ 74.267959552490737, 31.450259746390504 ], [ 74.267961411300135, 31.450251190383 ] ] ] } },
{ "type": "Feature", "properties": { "OBJECTID": 191397, "SHAPE_Leng": 439.37056581000002, "SHAPE_Area": 5534.9153243800001, "Town": "Allama Iqbal Town", "UC_N0": "UC_120", "Landuse": "V", "KA": null, "Name": null, "Plot_No": null, "Road_Wdth": "200'", "Plot_Size": "18 M", "__source_file": "PCSIR.shp" }, "geometry": { "type": "Polygon", "coordinates": [ [ [ 74.267984302016387, 31.450149747787812 ], [ 74.267691739876341, 31.450095505215913 ], [ 74.267691607916518, 31.450096037033234 ], [ 74.267666267210558, 31.450203719450805 ], [ 74.267961411300135, 31.450251190383 ], [ 74.267965826436154, 31.450230867724397 ], [ 74.267983152282397, 31.450154306445903 ], [ 74.267984302016387, 31.450149747787812 ] ] ] } },
{ "type": "Feature", "properties": { "OBJECTID": 191397, "SHAPE_Leng": 439.37056581000002, "SHAPE_Area": 5534.9153243800001, "Town": "Allama Iqbal Town", "UC_N0": "UC_120", "Landuse": "V", "KA": null, "Name": null, "Plot_No": null, "Road_Wdth": "200'", "Plot_Size": "18 M", "__source_file": "PCSIR.shp" }, "geometry": { "type": "Polygon", "coordinates": [ [ [ 74.268285255234019, 31.44916923259278 ], [ 74.267946251909379, 31.449110604504813 ], [ 74.267930040050089, 31.449168997236786 ], [ 74.267921247262009, 31.449200643072039 ], [ 74.267921011306811, 31.449201510759494 ], [ 74.268251389233967, 31.449269102611318 ], [ 74.268285255234019, 31.44916923259278 ] ] ] } },
{ "type": "Feature", "properties": { "OBJECTID": 191397, "SHAPE_Leng": 439.37056581000002, "SHAPE_Area": 5534.9153243800001, "Town": "Allama Iqbal Town", "UC_N0": "UC_120", "Landuse": "V", "KA": null, "Name": null, "Plot_No": "54", "Road_Wdth": "200'", "Plot_Size": "18 M", "__source_file": "PCSIR.shp" }, "geometry": { "type": "Polygon", "coordinates": [ [ [ 74.267923173766505, 31.450445729188999 ], [ 74.267619984394543, 31.45040343066859 ], [ 74.267593309656093, 31.450522036366849 ], [ 74.267904634353997, 31.45054841713339 ], [ 74.267915479852206, 31.450485063499279 ], [ 74.267923173766505, 31.450445729188999 ] ] ] } },
{ "type": "Feature", "properties": { "OBJECTID": 191397, "SHAPE_Leng": 439.37056581000002, "SHAPE_Area": 5534.9153243800001, "Town": "Allama Iqbal Town", "UC_N0": "UC_120", "Landuse": "V", "KA": null, "Name": null, "Plot_No": null, "Road_Wdth": "200'", "Plot_Size": "18 M", "__source_file": "PCSIR.shp" }, "geometry": { "type": "Polygon", "coordinates": [ [ [ 74.268044633513625, 31.449913409550952 ], [ 74.267751165959226, 31.449856008762627 ], [ 74.267721923566484, 31.449973860364683 ], [ 74.268014177508419, 31.450031292261048 ], [ 74.268039222071238, 31.449931990992688 ], [ 74.268044633513625, 31.449913409550952 ] ] ] } },
{ "type": "Feature", "properties": { "OBJECTID": 191397, "SHAPE_Leng": 439.37056581000002, "SHAPE_Area": 5534.9153243800001, "Town": "Allama Iqbal Town", "UC_N0": "UC_120", "Landuse": "V", "KA": null, "Name": null, "Plot_No": null, "Road_Wdth": "200'", "Plot_Size": "18 M", "__source_file": "PCSIR.shp" }, "geometry": { "type": "Polygon", "coordinates": [ [ [ 74.268014177508419, 31.450031292261048 ], [ 74.267721923566484, 31.449973860364683 ], [ 74.267691739876341, 31.450095505215913 ], [ 74.267984302016387, 31.450149747787812 ], [ 74.268014177508419, 31.450031292261048 ] ] ] } },
{ "type": "Feature", "properties": { "OBJECTID": 191397, "SHAPE_Leng": 439.37056581000002, "SHAPE_Area": 5534.9153243800001, "Town": "Allama Iqbal Town", "UC_N0": "UC_120", "Landuse": "V", "KA": null, "Name": null, "Plot_No": null, "Road_Wdth": "200'", "Plot_Size": "18 M", "__source_file": "PCSIR.shp" }, "geometry": { "type": "Polygon", "coordinates": [ [ [ 74.267976766323031, 31.449000909876975 ], [ 74.268325151906936, 31.449051577970749 ], [ 74.268393579109485, 31.448849786551676 ], [ 74.267976766323031, 31.449000909876975 ] ] ] } },
{ "type": "Feature", "properties": { "OBJECTID": 191397, "SHAPE_Leng": 439.37056581000002, "SHAPE_Area": 5534.9153243800001, "Town": "Allama Iqbal Town", "UC_N0": "UC_120", "Landuse": "V", "KA": null, "Name": null, "Plot_No": null, "Road_Wdth": "200'", "Plot_Size": "18 M", "__source_file": "PCSIR.shp" }, "geometry": { "type": "Polygon", "coordinates": [ [ [ 74.268172855800771, 31.449500694931402 ], [ 74.267854775189392, 31.449447589783471 ], [ 74.267854602065185, 31.449448239765221 ], [ 74.267834468475556, 31.449525061066765 ], [ 74.267832452571, 31.44953256959392 ], [ 74.267828218955614, 31.449548906352767 ], [ 74.267824838251826, 31.449561802387361 ], [ 74.267824312035316, 31.44956383732524 ], [ 74.268132162894162, 31.449623992097212 ], [ 74.268166341628088, 31.449519904941123 ], [ 74.268172855800771, 31.449500694931402 ] ] ] } },
{ "type": "Feature", "properties": { "OBJECTID": 191397, "SHAPE_Leng": 439.37056581000002, "SHAPE_Area": 5534.9153243800001, "Town": "Allama Iqbal Town", "UC_N0": "UC_120", "Landuse": "V", "KA": null, "Name": null, "Plot_No": null, "Road_Wdth": "200'", "Plot_Size": "18 M", "__source_file": "PCSIR.shp" }, "geometry": { "type": "Polygon", "coordinates": [ [ [ 74.26821063870112, 31.449389274647121 ], [ 74.267889152459588, 31.44931876024809 ], [ 74.26788265684273, 31.449342910098423 ], [ 74.267854775189392, 31.449447589783471 ], [ 74.268172855800771, 31.449500694931402 ], [ 74.26821063870112, 31.449389274647121 ] ] ] } },
{ "type": "Feature", "properties": { "OBJECTID": 191397, "SHAPE_Leng": 439.37056581000002, "SHAPE_Area": 5534.9153243800001, "Town": "Allama Iqbal Town", "UC_N0": "UC_120", "Landuse": "V", "KA": null, "Name": null, "Plot_No": "43A", "Road_Wdth": "200'", "Plot_Size": "18 M", "__source_file": "PCSIR.shp" }, "geometry": { "type": "Polygon", "coordinates": [ [ [ 74.268325151906936, 31.449051577970749 ], [ 74.267976766323031, 31.449000909876975 ], [ 74.267963270565573, 31.44904930572531 ], [ 74.267946251909379, 31.449110604504813 ], [ 74.268285255234019, 31.44916923259278 ], [ 74.268325151906936, 31.449051577970749 ] ] ] } },
{ "type": "Feature", "properties": { "OBJECTID": 191397, "SHAPE_Leng": 439.37056581000002, "SHAPE_Area": 5534.9153243800001, "Town": "Allama Iqbal Town", "UC_N0": "UC_120", "Landuse": "V", "KA": null, "Name": null, "Plot_No": null, "Road_Wdth": "200'", "Plot_Size": "18 M", "__source_file": "PCSIR.shp" }, "geometry": { "type": "Polygon", "coordinates": [ [ [ 74.268251389233967, 31.449269102611318 ], [ 74.267921011306811, 31.449201510759494 ], [ 74.267891932558385, 31.449308443060779 ], [ 74.267890348228477, 31.449314318320891 ], [ 74.267889724015561, 31.449316635277391 ], [ 74.267889152459588, 31.44931876024809 ], [ 74.26821063870112, 31.449389274647121 ], [ 74.268251389233967, 31.449269102611318 ] ] ] } },
{ "type": "Feature", "properties": { "OBJECTID": 191397, "SHAPE_Leng": 439.37056581000002, "SHAPE_Area": 5534.9153243800001, "Town": "Allama Iqbal Town", "UC_N0": "UC_120", "Landuse": "V", "KA": null, "Name": null, "Plot_No": null, "Road_Wdth": "200'", "Plot_Size": "18 M", "__source_file": "PCSIR.shp" }, "geometry": { "type": "Polygon", "coordinates": [ [ [ 74.268085008836223, 31.449774771272597 ], [ 74.267786106341489, 31.449715192920031 ], [ 74.267751165959226, 31.449856008762627 ], [ 74.268044633513625, 31.449913409550952 ], [ 74.268085008836223, 31.449774771272597 ] ] ] } },
{ "type": "Feature", "properties": { "OBJECTID": 194073, "SHAPE_Leng": 221.90206856699999, "SHAPE_Area": 2344.0954102400001, "Town": "Allama Iqbal Town", "UC_N0": "UC_120", "Landuse": "V", "KA": null, "Name": null, "Plot_No": null, "Road_Wdth": "30'", "Plot_Size": "18 M", "__source_file": "PCSIR.shp" }, "geometry": { "type": "Polygon", "coordinates": [ [ [ 74.267666267210558, 31.450203719450805 ], [ 74.267375847281954, 31.450127597704501 ], [ 74.267345718275791, 31.450246189586856 ], [ 74.267344718126822, 31.450250289893997 ], [ 74.26764751311913, 31.45028341263642 ], [ 74.267666267210558, 31.450203719450805 ] ] ] } },
{ "type": "Feature", "properties": { "OBJECTID": 194073, "SHAPE_Leng": 221.90206856699999, "SHAPE_Area": 2344.0954102400001, "Town": "Allama Iqbal Town", "UC_N0": "UC_120", "Landuse": "V", "KA": null, "Name": null, "Plot_No": null, "Road_Wdth": "30'", "Plot_Size": "18 M", "__source_file": "PCSIR.shp" }, "geometry": { "type": "Polygon", "coordinates": [ [ [ 74.26769277916766, 31.450091316719838 ], [ 74.26740422171622, 31.450015911763259 ], [ 74.267375847281954, 31.450127597704501 ], [ 74.267666267210558, 31.450203719450805 ], [ 74.267691607916518, 31.450096037033234 ], [ 74.26769277916766, 31.450091316719838 ] ] ] } },
{ "type": "Feature", "properties": { "OBJECTID": 194073, "SHAPE_Leng": 221.90206856699999, "SHAPE_Area": 2344.0954102400001, "Town": "Allama Iqbal Town", "UC_N0": "UC_120", "Landuse": "V", "KA": null, "Name": null, "Plot_No": null, "Road_Wdth": "30'", "Plot_Size": "18 M", "__source_file": "PCSIR.shp" }, "geometry": { "type": "Polygon", "coordinates": [ [ [ 74.267722782282164, 31.44997039960526 ], [ 74.267435618835648, 31.449892327757485 ], [ 74.26740422171622, 31.450015911763259 ], [ 74.26769277916766, 31.450091316719838 ], [ 74.267722782282164, 31.44997039960526 ] ] ] } },
{ "type": "Feature", "properties": { "OBJECTID": 194073, "SHAPE_Leng": 221.90206856699999, "SHAPE_Area": 2344.0954102400001, "Town": "Allama Iqbal Town", "UC_N0": "UC_120", "Landuse": "V", "KA": null, "Name": null, "Plot_No": null, "Road_Wdth": "30'", "Plot_Size": "18 M", "__source_file": "PCSIR.shp" }, "geometry": { "type": "Polygon", "coordinates": [ [ [ 74.267753155540561, 31.44984799041454 ], [ 74.267471047299296, 31.449757264768717 ], [ 74.267453739654286, 31.449821001203333 ], [ 74.267435618835648, 31.449892327757485 ], [ 74.267722782282164, 31.44997039960526 ], [ 74.267753155540561, 31.44984799041454 ] ] ] } },
{ "type": "Feature", "properties": { "OBJECTID": 194073, "SHAPE_Leng": 221.90206856699999, "SHAPE_Area": 2344.0954102400001, "Town": "Allama Iqbal Town", "UC_N0": "UC_120", "Landuse": "V", "KA": null, "Name": null, "Plot_No": null, "Road_Wdth": "30'", "Plot_Size": "18 M", "__source_file": "PCSIR.shp" }, "geometry": { "type": "Polygon", "coordinates": [ [ [ 74.267504835993407, 31.449632835620818 ], [ 74.267787760892716, 31.449708524778366 ], [ 74.267808243352917, 31.449625976663665 ], [ 74.267824838251826, 31.449561802387361 ], [ 74.267536291481676, 31.449516998343071 ], [ 74.267504835993407, 31.449632835620818 ] ] ] } },
{ "type": "Feature", "properties": { "OBJECTID": 191378, "SHAPE_Leng": 197.93078679300001, "SHAPE_Area": 2075.2092700500002, "Town": "Allama Iqbal Town", "UC_N0": "UC_120", "Landuse": "R", "KA": null, "Name": null, "Plot_No": null, "Road_Wdth": "60'", "Plot_Size": "18 M", "__source_file": "PCSIR.shp" }, "geometry": { "type": "Polygon", "coordinates": [ [ [ 74.266567139634716, 31.45027788637001 ], [ 74.266519582588728, 31.450265745778218 ], [ 74.266429788679929, 31.450238261329787 ], [ 74.266304834124313, 31.450495156234176 ], [ 74.266402335789579, 31.450526212617163 ], [ 74.266439592338941, 31.450535876623622 ], [ 74.266567139634716, 31.45027788637001 ] ] ] } },
{ "type": "Feature", "properties": { "OBJECTID": 191378, "SHAPE_Leng": 197.93078679300001, "SHAPE_Area": 2075.2092700500002, "Town": "Allama Iqbal Town", "UC_N0": "UC_120", "Landuse": "R", "KA": null, "Name": null, "Plot_No": null, "Road_Wdth": "60'", "Plot_Size": "18 M", "__source_file": "PCSIR.shp" }, "geometry": { "type": "Polygon", "coordinates": [ [ [ 74.266730088989476, 31.450314839853124 ], [ 74.266649501476365, 31.450298912048734 ], [ 74.266567139634716, 31.45027788637001 ], [ 74.266439592338941, 31.450535876623622 ], [ 74.266521804447692, 31.450557201643832 ], [ 74.266601759935284, 31.45057298002909 ], [ 74.266730088989476, 31.450314839853124 ] ] ] } },
{ "type": "Feature", "properties": { "OBJECTID": 191378, "SHAPE_Leng": 197.93078679300001, "SHAPE_Area": 2075.2092700500002, "Town": "Allama Iqbal Town", "UC_N0": "UC_120", "Landuse": "R", "KA": null, "Name": null, "Plot_No": null, "Road_Wdth": "60'", "Plot_Size": "18 M", "__source_file": "PCSIR.shp" }, "geometry": { "type": "Polygon", "coordinates": [ [ [ 74.266892636900621, 31.450340749671305 ], [ 74.266781600287345, 31.450325020828902 ], [ 74.266730088989476, 31.450314839853124 ], [ 74.266601759935284, 31.45057298002909 ], [ 74.266643440893972, 31.450581205311646 ], [ 74.266766691317187, 31.450598114883665 ], [ 74.266779987832294, 31.450599416251379 ], [ 74.266892636900621, 31.450340749671305 ] ] ] } },
{ "type": "Feature", "properties": { "OBJECTID": 191378, "SHAPE_Leng": 197.93078679300001, "SHAPE_Area": 2075.2092700500002, "Town": "Allama Iqbal Town", "UC_N0": "UC_120", "Landuse": "R", "KA": null, "Name": null, "Plot_No": null, "Road_Wdth": "60'", "Plot_Size": "18 M", "__source_file": "PCSIR.shp" }, "geometry": { "type": "Polygon", "coordinates": [ [ [ 74.266980948499352, 31.450349661796146 ], [ 74.266915350438424, 31.450343967134966 ], [ 74.266892636900621, 31.450340749671305 ], [ 74.266779987832294, 31.450599416251379 ], [ 74.266807901653067, 31.450602148251662 ], [ 74.266924300474983, 31.450614460445294 ], [ 74.266980948499352, 31.450349661796146 ] ] ] } },
{ "type": "Feature", "properties": { "OBJECTID": 194072, "SHAPE_Leng": 234.92731236399999, "SHAPE_Area": 2525.9283578, "Town": "Allama Iqbal Town", "UC_N0": "UC_120", "Landuse": "V", "KA": null, "Name": null, "Plot_No": "274", "Road_Wdth": "30'", "Plot_Size": "18 M", "__source_file": "PCSIR.shp" }, "geometry": { "type": "Polygon", "coordinates": [ [ [ 74.266389927158926, 31.449951892256518 ], [ 74.266336169752492, 31.449927405621398 ], [ 74.266313409816263, 31.449915677148109 ], [ 74.266156987663649, 31.450129651453626 ], [ 74.266268279057158, 31.450178779117518 ], [ 74.266286912785844, 31.450186292009189 ], [ 74.266389927158926, 31.449951892256518 ] ] ] } },
{ "type": "Feature", "properties": { "OBJECTID": 194072, "SHAPE_Leng": 234.92731236399999, "SHAPE_Area": 2525.9283578, "Town": "Allama Iqbal Town", "UC_N0": "UC_120", "Landuse": "V", "KA": null, "Name": null, "Plot_No": null, "Road_Wdth": "30'", "Plot_Size": "18 M", "__source_file": "PCSIR.shp" }, "geometry": { "type": "Polygon", "coordinates": [ [ [ 74.266522235298979, 31.450003367530883 ], [ 74.266519013579909, 31.450002449698854 ], [ 74.266425757431193, 31.449968213017037 ], [ 74.266389927158926, 31.449951892256518 ], [ 74.266286912785844, 31.450186292009189 ], [ 74.266295198757135, 31.450189632810265 ], [ 74.26639233206015, 31.450225646621909 ], [ 74.266425852090322, 31.450236935558717 ], [ 74.266522235298979, 31.450003367530883 ] ] ] } },
{ "type": "Feature", "properties": { "OBJECTID": 194072, "SHAPE_Leng": 234.92731236399999, "SHAPE_Area": 2525.9283578, "Town": "Allama Iqbal Town", "UC_N0": "UC_120", "Landuse": "V", "KA": null, "Name": null, "Plot_No": null, "Road_Wdth": "30'", "Plot_Size": "18 M", "__source_file": "PCSIR.shp" }, "geometry": { "type": "Polygon", "coordinates": [ [ [ 74.266666863046069, 31.450040559199802 ], [ 74.266615285436842, 31.450029876440553 ], [ 74.266522235298979, 31.450003367530883 ], [ 74.266425852090322, 31.450236935558717 ], [ 74.266429788679929, 31.450238261329787 ], [ 74.266519582588728, 31.450265745778218 ], [ 74.26656462438288, 31.450277244264932 ], [ 74.266666863046069, 31.450040559199802 ] ] ] } },
{ "type": "Feature", "properties": { "OBJECTID": 194072, "SHAPE_Leng": 234.92731236399999, "SHAPE_Area": 2525.9283578, "Town": "Allama Iqbal Town", "UC_N0": "UC_120", "Landuse": "V", "KA": null, "Name": null, "Plot_No": null, "Road_Wdth": "30'", "Plot_Size": "18 M", "__source_file": "PCSIR.shp" }, "geometry": { "type": "Polygon", "coordinates": [ [ [ 74.266828145171203, 31.450064221819709 ], [ 74.266799661462287, 31.45006134869929 ], [ 74.266743291583666, 31.450054960354244 ], [ 74.266713896719054, 31.450050300798413 ], [ 74.266666863046069, 31.450040559199802 ], [ 74.26656462438288, 31.450277244264932 ], [ 74.266649501476365, 31.450298912048734 ], [ 74.266730088989476, 31.450314839853124 ], [ 74.266828145171203, 31.450064221819709 ] ] ] } },
{ "type": "Feature", "properties": { "OBJECTID": 194072, "SHAPE_Leng": 234.92731236399999, "SHAPE_Area": 2525.9283578, "Town": "Allama Iqbal Town", "UC_N0": "UC_120", "Landuse": "V", "KA": null, "Name": null, "Plot_No": null, "Road_Wdth": "30'", "Plot_Size": "18 M", "__source_file": "PCSIR.shp" }, "geometry": { "type": "Polygon", "coordinates": [ [ [ 74.266999457378276, 31.450081501756788 ], [ 74.266915350438424, 31.450343967134966 ], [ 74.267050225217375, 31.450355675769579 ], [ 74.267099398894487, 31.450358127898671 ], [ 74.267158221697258, 31.450097316216898 ], [ 74.267140420709467, 31.450095720284082 ], [ 74.266999457378276, 31.450081501756788 ] ] ] } },
{ "type": "Feature", "properties": { "OBJECTID": 191399, "SHAPE_Leng": 329.53191113700001, "SHAPE_Area": 4510.9754057199998, "Town": "Allama Iqbal Town", "UC_N0": "UC_120", "Landuse": "V", "KA": null, "Name": null, "Plot_No": null, "Road_Wdth": "30'", "Plot_Size": "18 M", "__source_file": "PCSIR.shp" }, "geometry": { "type": "Polygon", "coordinates": [ [ [ 74.267080227143168, 31.449823909564358 ], [ 74.266811404521377, 31.449793131423583 ], [ 74.266779601605847, 31.449897128887454 ], [ 74.267047377730748, 31.449928673605754 ], [ 74.267080227143168, 31.449823909564358 ] ] ] } },
{ "type": "Feature", "properties": { "OBJECTID": 191399, "SHAPE_Leng": 329.53191113700001, "SHAPE_Area": 4510.9754057199998, "Town": "Allama Iqbal Town", "UC_N0": "UC_120", "Landuse": "V", "KA": null, "Name": null, "Plot_No": null, "Road_Wdth": "30'", "Plot_Size": "18 M", "__source_file": "PCSIR.shp" }, "geometry": { "type": "Polygon", "coordinates": [ [ [ 74.267047377730748, 31.449928673605754 ], [ 74.266779601605847, 31.449897128887454 ], [ 74.266747584716072, 31.450001825809746 ], [ 74.2667878562618, 31.450008801378303 ], [ 74.266885634309219, 31.450020406994355 ], [ 74.26690817518147, 31.450022032797143 ], [ 74.267015842742822, 31.450029245419909 ], [ 74.267047377730748, 31.449928673605754 ] ] ] } },
{ "type": "Feature", "properties": { "OBJECTID": 191399, "SHAPE_Leng": 329.53191113700001, "SHAPE_Area": 4510.9754057199998, "Town": "Allama Iqbal Town", "UC_N0": "UC_120", "Landuse": "V", "KA": null, "Name": null, "Plot_No": null, "Road_Wdth": "30'", "Plot_Size": "18 M", "__source_file": "PCSIR.shp" }, "geometry": { "type": "Polygon", "coordinates": [ [ [ 74.26696199822814, 31.449300677846857 ], [ 74.267230655105507, 31.449344158307934 ], [ 74.267266689309039, 31.449229235709662 ], [ 74.267029827042975, 31.449198520745117 ], [ 74.267014132770214, 31.4492110332233 ], [ 74.266989146636135, 31.449238824946942 ], [ 74.266971713431701, 31.449270571036873 ], [ 74.266966590627305, 31.449285660313436 ], [ 74.26696199822814, 31.449300677846857 ] ] ] } },
{ "type": "Feature", "properties": { "OBJECTID": 191399, "SHAPE_Leng": 329.53191113700001, "SHAPE_Area": 4510.9754057199998, "Town": "Allama Iqbal Town", "UC_N0": "UC_120", "Landuse": "V", "KA": null, "Name": null, "Plot_No": null, "Road_Wdth": "30'", "Plot_Size": "18 M", "__source_file": "PCSIR.shp" }, "geometry": { "type": "Polygon", "coordinates": [ [ [ 74.267115554507654, 31.449711242504986 ], [ 74.266847075635141, 31.449676484421886 ], [ 74.266811404521377, 31.449793131423583 ], [ 74.267080227143168, 31.449823909564358 ], [ 74.267115554507654, 31.449711242504986 ] ] ] } },
{ "type": "Feature", "properties": { "OBJECTID": 191399, "SHAPE_Leng": 329.53191113700001, "SHAPE_Area": 4510.9754057199998, "Town": "Allama Iqbal Town", "UC_N0": "UC_120", "Landuse": "V", "KA": null, "Name": null, "Plot_No": null, "Road_Wdth": "30'", "Plot_Size": "18 M", "__source_file": "PCSIR.shp" }, "geometry": { "type": "Polygon", "coordinates": [ [ [ 74.267230655105507, 31.449344158307934 ], [ 74.26696199822814, 31.449300677846857 ], [ 74.266924913548081, 31.449421947695619 ], [ 74.267193186177536, 31.449463656300434 ], [ 74.267230655105507, 31.449344158307934 ] ] ] } },
{ "type": "Feature", "properties": { "OBJECTID": 191399, "SHAPE_Leng": 329.53191113700001, "SHAPE_Area": 4510.9754057199998, "Town": "Allama Iqbal Town", "UC_N0": "UC_120", "Landuse": "R", "KA": null, "Name": null, "Plot_No": null, "Road_Wdth": "30'", "Plot_Size": "18 M", "__source_file": "PCSIR.shp" }, "geometry": { "type": "Polygon", "coordinates": [ [ [ 74.2671546073299, 31.449586693768438 ], [ 74.266885380802506, 31.449551223088285 ], [ 74.266861588697424, 31.449629025618247 ], [ 74.266847075635141, 31.449676484421886 ], [ 74.267115554507654, 31.449711242504986 ], [ 74.2671546073299, 31.449586693768438 ] ] ] } },
{ "type": "Feature", "properties": { "OBJECTID": 191399, "SHAPE_Leng": 329.53191113700001, "SHAPE_Area": 4510.9754057199998, "Town": "Allama Iqbal Town", "UC_N0": "UC_120", "Landuse": "R", "KA": null, "Name": null, "Plot_No": null, "Road_Wdth": "30'", "Plot_Size": "18 M", "__source_file": "PCSIR.shp" }, "geometry": { "type": "Polygon", "coordinates": [ [ [ 74.267193186177536, 31.449463656300434 ], [ 74.266924913548081, 31.449421947695619 ], [ 74.26690040768537, 31.449502083627813 ], [ 74.266885380802506, 31.449551223088285 ], [ 74.2671546073299, 31.449586693768438 ], [ 74.267193186177536, 31.449463656300434 ] ] ] } },
{ "type": "Feature", "properties": { "OBJECTID": 191399, "SHAPE_Leng": 329.53191113700001, "SHAPE_Area": 4510.9754057199998, "Town": "Allama Iqbal Town", "UC_N0": "UC_120", "Landuse": "V", "KA": null, "Name": null, "Plot_No": null, "Road_Wdth": "30'", "Plot_Size": "18 M", "__source_file": "PCSIR.shp" }, "geometry": { "type": "Polygon", "coordinates": [ [ [ 74.267346316979072, 31.449963888735507 ], [ 74.267047377730748, 31.449928673605754 ], [ 74.267015842742822, 31.450029245419909 ], [ 74.26732281983557, 31.450049809235555 ], [ 74.267346316979072, 31.449963888735507 ] ] ] } },
{ "type": "Feature", "properties": { "OBJECTID": 191399, "SHAPE_Leng": 329.53191113700001, "SHAPE_Area": 4510.9754057199998, "Town": "Allama Iqbal Town", "UC_N0": "UC_120", "Landuse": "V", "KA": null, "Name": null, "Plot_No": null, "Road_Wdth": "30'", "Plot_Size": "18 M", "__source_file": "PCSIR.shp" }, "geometry": { "type": "Polygon", "coordinates": [ [ [ 74.267230655105507, 31.449344158307934 ], [ 74.267503711430209, 31.449388350175635 ], [ 74.267533628775539, 31.449278951652186 ], [ 74.267325854712112, 31.449236907874521 ], [ 74.267266689309039, 31.449229235709662 ], [ 74.267230655105507, 31.449344158307934 ] ] ] } },
{ "type": "Feature", "properties": { "OBJECTID": 191399, "SHAPE_Leng": 329.53191113700001, "SHAPE_Area": 4510.9754057199998, "Town": "Allama Iqbal Town", "UC_N0": "UC_120", "Landuse": "V", "KA": null, "Name": null, "Plot_No": null, "Road_Wdth": "30'", "Plot_Size": "18 M", "__source_file": "PCSIR.shp" }, "geometry": { "type": "Polygon", "coordinates": [ [ [ 74.267375357187163, 31.449857699032968 ], [ 74.267080227143168, 31.449823909564358 ], [ 74.267047377730748, 31.449928673605754 ], [ 74.267346316979072, 31.449963888735507 ], [ 74.267375357187163, 31.449857699032968 ] ] ] } },
{ "type": "Feature", "properties": { "OBJECTID": 191399, "SHAPE_Leng": 329.53191113700001, "SHAPE_Area": 4510.9754057199998, "Town": "Allama Iqbal Town", "UC_N0": "UC_120", "Landuse": "V", "KA": null, "Name": null, "Plot_No": null, "Road_Wdth": "30'", "Plot_Size": "18 M", "__source_file": "PCSIR.shp" }, "geometry": { "type": "Polygon", "coordinates": [ [ [ 74.267405156155107, 31.449748734547956 ], [ 74.267115554507654, 31.449711242504986 ], [ 74.267080227143168, 31.449823909564358 ], [ 74.267375357187163, 31.449857699032968 ], [ 74.267405156155107, 31.449748734547956 ] ] ] } },
{ "type": "Feature", "properties": { "OBJECTID": 191399, "SHAPE_Leng": 329.53191113700001, "SHAPE_Area": 4510.9754057199998, "Town": "Allama Iqbal Town", "UC_N0": "UC_120", "Landuse": "V", "KA": null, "Name": null, "Plot_No": null, "Road_Wdth": "30'", "Plot_Size": "18 M", "__source_file": "PCSIR.shp" }, "geometry": { "type": "Polygon", "coordinates": [ [ [ 74.267503711430209, 31.449388350175635 ], [ 74.267230655105507, 31.449344158307934 ], [ 74.267193186177536, 31.449463656300434 ], [ 74.267471293231281, 31.449506893242187 ], [ 74.267503711430209, 31.449388350175635 ] ] ] } },
{ "type": "Feature", "properties": { "OBJECTID": 191399, "SHAPE_Leng": 329.53191113700001, "SHAPE_Area": 4510.9754057199998, "Town": "Allama Iqbal Town", "UC_N0": "UC_120", "Landuse": "V", "KA": null, "Name": null, "Plot_No": null, "Road_Wdth": "30'", "Plot_Size": "18 M", "__source_file": "PCSIR.shp" }, "geometry": { "type": "Polygon", "coordinates": [ [ [ 74.267471293231281, 31.449506893242187 ], [ 74.267193186177536, 31.449463656300434 ], [ 74.2671546073299, 31.449586693768477 ], [ 74.267439215676532, 31.449624190365274 ], [ 74.267471293231281, 31.449506893242187 ] ] ] } },
{ "type": "Feature", "properties": { "OBJECTID": 191399, "SHAPE_Leng": 329.53191113700001, "SHAPE_Area": 4510.9754057199998, "Town": "Allama Iqbal Town", "UC_N0": "UC_120", "Landuse": "V", "KA": null, "Name": null, "Plot_No": null, "Road_Wdth": "30'", "Plot_Size": "18 M", "__source_file": "PCSIR.shp" }, "geometry": { "type": "Polygon", "coordinates": [ [ [ 74.267422173664457, 31.449686507300065 ], [ 74.267134875437151, 31.449649623511004 ], [ 74.267115554507654, 31.449711242504986 ], [ 74.267405156155107, 31.449748734547956 ], [ 74.267422173664457, 31.449686507300065 ] ] ] } },
{ "type": "Feature", "properties": { "OBJECTID": 191380, "SHAPE_Leng": 429.85043787900003, "SHAPE_Area": 6992.9400664100003, "Town": "Allama Iqbal Town", "UC_N0": "UC_120", "Landuse": "C", "KA": null, "Name": "Temporary Shops", "Plot_No": null, "Road_Wdth": "60'", "Plot_Size": "5.44 K", "__source_file": "PCSIR.shp" }, "geometry": { "type": "Polygon", "coordinates": [ [ [ 74.265755705915481, 31.449304559516577 ], [ 74.265229460464852, 31.449566566694159 ], [ 74.265352701063662, 31.44974925424853 ], [ 74.265375280749751, 31.449785812902647 ], [ 74.265424779368516, 31.449858789976815 ], [ 74.265951575487193, 31.449593443977893 ], [ 74.265755705915481, 31.449304559516577 ] ] ] } },
{ "type": "Feature", "properties": { "OBJECTID": 191380, "SHAPE_Leng": 429.85043787900003, "SHAPE_Area": 6992.9400664100003, "Town": "Allama Iqbal Town", "UC_N0": "UC_120", "Landuse": "V", "KA": null, "Name": null, "Plot_No": null, "Road_Wdth": "60'", "Plot_Size": "18 M", "__source_file": "PCSIR.shp" }, "geometry": { "type": "Polygon", "coordinates": [ [ [ 74.265055012992278, 31.448799818723902 ], [ 74.265004895652524, 31.44872476707047 ], [ 74.264749285158004, 31.448854763262251 ], [ 74.264806608262788, 31.448939738820073 ], [ 74.265055012992278, 31.448799818723902 ] ] ] } },
{ "type": "Feature", "properties": { "OBJECTID": 191380, "SHAPE_Leng": 429.85043787900003, "SHAPE_Area": 6992.9400664100003, "Town": "Allama Iqbal Town", "UC_N0": "UC_120", "Landuse": "R", "KA": null, "Name": null, "Plot_No": null, "Road_Wdth": "60'", "Plot_Size": "18 M", "__source_file": "PCSIR.shp" }, "geometry": { "type": "Polygon", "coordinates": [ [ [ 74.265184386944199, 31.448993557999671 ], [ 74.265118668144808, 31.448895143306625 ], [ 74.264868697797439, 31.449031779921409 ], [ 74.264897285360433, 31.449074157859783 ], [ 74.26492673968572, 31.449117820523163 ], [ 74.265184386944199, 31.448993557999671 ] ] ] } },
{ "type": "Feature", "properties": { "OBJECTID": 191380, "SHAPE_Leng": 429.85043787900003, "SHAPE_Area": 6992.9400664100003, "Town": "Allama Iqbal Town", "UC_N0": "UC_120", "Landuse": "R", "KA": null, "Name": null, "Plot_No": null, "Road_Wdth": "60'", "Plot_Size": "18 M", "__source_file": "PCSIR.shp" }, "geometry": { "type": "Polygon", "coordinates": [ [ [ 74.265118668144808, 31.448895143306625 ], [ 74.265055012992278, 31.448799818723902 ], [ 74.264806608262788, 31.448939738820073 ], [ 74.264814963759392, 31.448952124962485 ], [ 74.264868697797439, 31.449031779921409 ], [ 74.265118668144808, 31.448895143306625 ] ] ] } },
{ "type": "Feature", "properties": { "OBJECTID": 191380, "SHAPE_Leng": 429.85043787900003, "SHAPE_Area": 6992.9400664100003, "Town": "Allama Iqbal Town", "UC_N0": "UC_120", "Landuse": "V", "KA": null, "Name": null, "Plot_No": null, "Road_Wdth": "60'", "Plot_Size": "18 M", "__source_file": "PCSIR.shp" }, "geometry": { "type": "Polygon", "coordinates": [ [ [ 74.265260166211149, 31.44910703807016 ], [ 74.265184386944199, 31.448993557999671 ], [ 74.26492673968572, 31.449117820523163 ], [ 74.265002185095184, 31.449229659487447 ], [ 74.265260166211149, 31.44910703807016 ] ] ] } },
{ "type": "Feature", "properties": { "OBJECTID": 191380, "SHAPE_Leng": 429.85043787900003, "SHAPE_Area": 6992.9400664100003, "Town": "Allama Iqbal Town", "UC_N0": "UC_120", "Landuse": "V", "KA": null, "Name": null, "Plot_No": null, "Road_Wdth": "60'", "Plot_Size": "18 M", "__source_file": "PCSIR.shp" }, "geometry": { "type": "Polygon", "coordinates": [ [ [ 74.265351686985014, 31.44924409075605 ], [ 74.265097412290075, 31.449370822189127 ], [ 74.26518725559545, 31.449504003483426 ], [ 74.265444408218258, 31.449382940666013 ], [ 74.265351686985014, 31.44924409075605 ] ] ] } },
{ "type": "Feature", "properties": { "OBJECTID": 191380, "SHAPE_Leng": 429.85043787900003, "SHAPE_Area": 6992.9400664100003, "Town": "Allama Iqbal Town", "UC_N0": "UC_120", "Landuse": "V", "KA": null, "Name": null, "Plot_No": null, "Road_Wdth": "60'", "Plot_Size": "18 M", "__source_file": "PCSIR.shp" }, "geometry": { "type": "Polygon", "coordinates": [ [ [ 74.265351686985014, 31.44924409075605 ], [ 74.265260166211149, 31.44910703807016 ], [ 74.265002185095184, 31.449229659487447 ], [ 74.265097412290075, 31.449370822189127 ], [ 74.265351686985014, 31.44924409075605 ] ] ] } },
{ "type": "Feature", "properties": { "OBJECTID": 191380, "SHAPE_Leng": 429.85043787900003, "SHAPE_Area": 6992.9400664100003, "Town": "Allama Iqbal Town", "UC_N0": "UC_120", "Landuse": "V", "KA": null, "Name": null, "Plot_No": null, "Road_Wdth": "30'", "Plot_Size": "18 M", "__source_file": "PCSIR.shp" }, "geometry": { "type": "Polygon", "coordinates": [ [ [ 74.265314416515622, 31.448653702315418 ], [ 74.265270882169176, 31.448589492996977 ], [ 74.265004895652524, 31.44872476707047 ], [ 74.265055012992278, 31.448799818723902 ], [ 74.265314416515622, 31.448653702315418 ] ] ] } },
{ "type": "Feature", "properties": { "OBJECTID": 191380, "SHAPE_Leng": 429.85043787900003, "SHAPE_Area": 6992.9400664100003, "Town": "Allama Iqbal Town", "UC_N0": "UC_120", "Landuse": "V", "KA": null, "Name": null, "Plot_No": null, "Road_Wdth": "30'", "Plot_Size": "18 M", "__source_file": "PCSIR.shp" }, "geometry": { "type": "Polygon", "coordinates": [ [ [ 74.265380921795241, 31.44875179153734 ], [ 74.265314416515622, 31.448653702315418 ], [ 74.265055012992278, 31.448799818723902 ], [ 74.265118668144808, 31.448895143306625 ], [ 74.265380921795241, 31.44875179153734 ] ] ] } },
{ "type": "Feature", "properties": { "OBJECTID": 191380, "SHAPE_Leng": 429.85043787900003, "SHAPE_Area": 6992.9400664100003, "Town": "Allama Iqbal Town", "UC_N0": "UC_120", "Landuse": "V", "KA": null, "Name": null, "Plot_No": null, "Road_Wdth": "30'", "Plot_Size": "18 M", "__source_file": "PCSIR.shp" }, "geometry": { "type": "Polygon", "coordinates": [ [ [ 74.265456017437174, 31.448862550476257 ], [ 74.265380921795241, 31.44875179153734 ], [ 74.265118668144808, 31.448895143306625 ], [ 74.265184386944199, 31.448993557999671 ], [ 74.265456017437174, 31.448862550476257 ] ] ] } },
{ "type": "Feature", "properties": { "OBJECTID": 191380, "SHAPE_Leng": 429.85043787900003, "SHAPE_Area": 6992.9400664100003, "Town": "Allama Iqbal Town", "UC_N0": "UC_120", "Landuse": "V", "KA": null, "Name": null, "Plot_No": null, "Road_Wdth": "30'", "Plot_Size": "18 M", "__source_file": "PCSIR.shp" }, "geometry": { "type": "Polygon", "coordinates": [ [ [ 74.265533648108203, 31.448977048025668 ], [ 74.265456017437174, 31.448862550476257 ], [ 74.265184386944199, 31.448993557999671 ], [ 74.265260166211149, 31.44910703807016 ], [ 74.265533648108203, 31.448977048025668 ] ] ] } },
{ "type": "Feature", "properties": { "OBJECTID": 191380, "SHAPE_Leng": 429.85043787900003, "SHAPE_Area": 6992.9400664100003, "Town": "Allama Iqbal Town", "UC_N0": "UC_120", "Landuse": "V", "KA": null, "Name": null, "Plot_No": null, "Road_Wdth": "30'", "Plot_Size": "18 M", "__source_file": "PCSIR.shp" }, "geometry": { "type": "Polygon", "coordinates": [ [ [ 74.265623017028602, 31.449108857931552 ], [ 74.265533648108203, 31.448977048025668 ], [ 74.265260166211149, 31.44910703807016 ], [ 74.265351686985014, 31.44924409075605 ], [ 74.265623017028602, 31.449108857931552 ] ] ] } },
{ "type": "Feature", "properties": { "OBJECTID": 177259, "SHAPE_Leng": 170.279626675, "SHAPE_Area": 1634.6835211600001, "Town": "Allama Iqbal Town", "UC_N0": "UC_120", "Landuse": "R", "KA": null, "Name": null, "Plot_No": null, "Road_Wdth": "60'", "Plot_Size": "18 M", "__source_file": "PCSIR.shp" }, "geometry": { "type": "Polygon", "coordinates": [ [ [ 74.264903428068664, 31.448553422794568 ], [ 74.264899713945113, 31.448548039052913 ], [ 74.264837749558524, 31.448458219664328 ], [ 74.264574904309811, 31.44859626069718 ], [ 74.264638028919265, 31.448689836839034 ], [ 74.264903428068664, 31.448553422794568 ] ] ] } },
{ "type": "Feature", "properties": { "OBJECTID": 191473, "SHAPE_Leng": 166.806727322, "SHAPE_Area": 1561.7671245700001, "Town": "Allama Iqbal Town", "UC_N0": "UC_120", "Landuse": "V", "KA": null, "Name": null, "Plot_No": null, "Road_Wdth": "30'", "Plot_Size": "18 M", "__source_file": "PCSIR.shp" }, "geometry": { "type": "Polygon", "coordinates": [ [ [ 74.265089315281543, 31.448321698250641 ], [ 74.264834191291754, 31.44845306183511 ], [ 74.264899713945113, 31.448548039052913 ], [ 74.265152220718051, 31.448414478885226 ], [ 74.265089315281543, 31.448321698250641 ] ] ] } },
{ "type": "Feature", "properties": { "OBJECTID": 191473, "SHAPE_Leng": 166.806727322, "SHAPE_Area": 1561.7671245700001, "Town": "Allama Iqbal Town", "UC_N0": "UC_120", "Landuse": "V", "KA": null, "Name": null, "Plot_No": null, "Road_Wdth": "30'", "Plot_Size": "18 M", "__source_file": "PCSIR.shp" }, "geometry": { "type": "Polygon", "coordinates": [ [ [ 74.26499915051096, 31.448188711846186 ], [ 74.264935452771837, 31.44809476210466 ], [ 74.264671744386987, 31.448217588806102 ], [ 74.264672692351851, 31.448218962916769 ], [ 74.264742543490343, 31.448320214991753 ], [ 74.26499915051096, 31.448188711846186 ] ] ] } },
{ "type": "Feature", "properties": { "OBJECTID": 191473, "SHAPE_Leng": 166.806727322, "SHAPE_Area": 1561.7671245700001, "Town": "Allama Iqbal Town", "UC_N0": "UC_120", "Landuse": "V", "KA": null, "Name": null, "Plot_No": null, "Road_Wdth": "30'", "Plot_Size": "18 M", "__source_file": "PCSIR.shp" }, "geometry": { "type": "Polygon", "coordinates": [ [ [ 74.264935452771837, 31.44809476210466 ], [ 74.264861660705733, 31.447985923660909 ], [ 74.264604719793695, 31.448120434022773 ], [ 74.264671744386987, 31.448217588806102 ], [ 74.264935452771837, 31.44809476210466 ] ] ] } },
{ "type": "Feature", "properties": { "OBJECTID": 177259, "SHAPE_Leng": 170.279626675, "SHAPE_Area": 1634.6835211600001, "Town": "Allama Iqbal Town", "UC_N0": "UC_120", "Landuse": "V", "KA": null, "Name": null, "Plot_No": null, "Road_Wdth": "60'", "Plot_Size": "18 M", "__source_file": "PCSIR.shp" }, "geometry": { "type": "Polygon", "coordinates": [ [ [ 74.264740494167015, 31.448317244417627 ], [ 74.264672692351851, 31.448218962916769 ], [ 74.264415117052295, 31.448359390548372 ], [ 74.264484750113937, 31.448462615429676 ], [ 74.264740494167015, 31.448317244417627 ] ] ] } },
{ "type": "Feature", "properties": { "OBJECTID": 177259, "SHAPE_Leng": 170.279626675, "SHAPE_Area": 1634.6835211600001, "Town": "Allama Iqbal Town", "UC_N0": "UC_120", "Landuse": "V", "KA": null, "Name": null, "Plot_No": "340", "Road_Wdth": "60'", "Plot_Size": "18 M", "__source_file": "PCSIR.shp" }, "geometry": { "type": "Polygon", "coordinates": [ [ [ 74.264903428068664, 31.448553422794568 ], [ 74.264638028919265, 31.448689836839034 ], [ 74.264706723666791, 31.448791669929168 ], [ 74.264974811299098, 31.448656894946321 ], [ 74.264903428068664, 31.448553422794568 ] ] ] } },
{ "type": "Feature", "properties": { "OBJECTID": 191474, "SHAPE_Leng": 172.68008807300001, "SHAPE_Area": 1650.5848948600001, "Town": "Allama Iqbal Town", "UC_N0": "UC_120", "Landuse": "V", "KA": null, "Name": null, "Plot_No": null, "Road_Wdth": "60'", "Plot_Size": "18 M", "__source_file": "PCSIR.shp" }, "geometry": { "type": "Polygon", "coordinates": [ [ [ 74.264534965664211, 31.448019322061217 ], [ 74.264291084183469, 31.448175522087684 ], [ 74.264345473430765, 31.448256149525243 ], [ 74.264604719793695, 31.448120434022773 ], [ 74.264534965664211, 31.448019322061217 ] ] ] } },
{ "type": "Feature", "properties": { "OBJECTID": 191474, "SHAPE_Leng": 172.68008807300001, "SHAPE_Area": 1650.5848948600001, "Town": "Allama Iqbal Town", "UC_N0": "UC_120", "Landuse": "V", "KA": null, "Name": null, "Plot_No": null, "Road_Wdth": "60'", "Plot_Size": "18 M", "__source_file": "PCSIR.shp" }, "geometry": { "type": "Polygon", "coordinates": [ [ [ 74.264534965664211, 31.448019322061217 ], [ 74.264532707687422, 31.448016049011141 ], [ 74.264463377739688, 31.44791555219421 ], [ 74.264203891506739, 31.448046266020818 ], [ 74.264291084183469, 31.448175522087684 ], [ 74.264534965664211, 31.448019322061217 ] ] ] } },
{ "type": "Feature", "properties": { "OBJECTID": 191474, "SHAPE_Leng": 172.68008807300001, "SHAPE_Area": 1650.5848948600001, "Town": "Allama Iqbal Town", "UC_N0": "UC_120", "Landuse": "V", "KA": null, "Name": null, "Plot_No": null, "Road_Wdth": "60'", "Plot_Size": "18 M", "__source_file": "PCSIR.shp" }, "geometry": { "type": "Polygon", "coordinates": [ [ [ 74.264463377739688, 31.44791555219421 ], [ 74.264458910032914, 31.447909076047651 ], [ 74.264384556853429, 31.447801297772745 ], [ 74.264382072184929, 31.44779769606097 ], [ 74.26412412200979, 31.447928013856846 ], [ 74.264203891506739, 31.448046266020818 ], [ 74.264463377739688, 31.44791555219421 ] ] ] } },
{ "type": "Feature", "properties": { "OBJECTID": 177258, "SHAPE_Leng": 147.156250126, "SHAPE_Area": 1264.0725222399999, "Town": "Allama Iqbal Town", "UC_N0": "UC_120", "Landuse": "R", "KA": null, "Name": null, "Plot_No": null, "Road_Wdth": "60'", "Plot_Size": "18 M", "__source_file": "PCSIR.shp" }, "geometry": { "type": "Polygon", "coordinates": [ [ [ 74.263361192339644, 31.446274826898662 ], [ 74.263327228107656, 31.446222031923966 ], [ 74.263102133374943, 31.446313220499128 ], [ 74.263127683231033, 31.446361881076523 ], [ 74.263361192339644, 31.446274826898662 ] ] ] } },
{ "type": "Feature", "properties": { "OBJECTID": 177258, "SHAPE_Leng": 147.156250126, "SHAPE_Area": 1264.0725222399999, "Town": "Allama Iqbal Town", "UC_N0": "UC_120", "Landuse": "R", "KA": null, "Name": null, "Plot_No": null, "Road_Wdth": "60'", "Plot_Size": "18 M", "__source_file": "PCSIR.shp" }, "geometry": { "type": "Polygon", "coordinates": [ [ [ 74.263415381995614, 31.446359060711938 ], [ 74.263361192339644, 31.446274826898662 ], [ 74.263127683231033, 31.446361881076523 ], [ 74.263184336274449, 31.446469778546732 ], [ 74.263415381995614, 31.446359060711938 ] ] ] } },
{ "type": "Feature", "properties": { "OBJECTID": 177258, "SHAPE_Leng": 147.156250126, "SHAPE_Area": 1264.0725222399999, "Town": "Allama Iqbal Town", "UC_N0": "UC_120", "Landuse": "R", "KA": null, "Name": null, "Plot_No": null, "Road_Wdth": "60'", "Plot_Size": "18 M", "__source_file": "PCSIR.shp" }, "geometry": { "type": "Polygon", "coordinates": [ [ [ 74.26348112563447, 31.446461254106968 ], [ 74.263415381995614, 31.446359060711938 ], [ 74.263184336274449, 31.446469778546732 ], [ 74.263241106013723, 31.44657789799869 ], [ 74.26348112563447, 31.446461254106968 ] ] ] } },
{ "type": "Feature", "properties": { "OBJECTID": 177258, "SHAPE_Leng": 147.156250126, "SHAPE_Area": 1264.0725222399999, "Town": "Allama Iqbal Town", "UC_N0": "UC_120", "Landuse": "R", "KA": null, "Name": null, "Plot_No": "331", "Road_Wdth": "60'", "Plot_Size": "18 M", "__source_file": "PCSIR.shp" }, "geometry": { "type": "Polygon", "coordinates": [ [ [ 74.263954955261369, 31.447197778097991 ], [ 74.263720310248416, 31.44732938869052 ], [ 74.263791292753112, 31.447434616434112 ], [ 74.264031675594794, 31.447317031471631 ], [ 74.263954955261369, 31.447197778097991 ] ] ] } },
{ "type": "Feature", "properties": { "OBJECTID": 177258, "SHAPE_Leng": 147.156250126, "SHAPE_Area": 1264.0725222399999, "Town": "Allama Iqbal Town", "UC_N0": "UC_120", "Landuse": "R", "KA": null, "Name": null, "Plot_No": null, "Road_Wdth": "60'", "Plot_Size": "18 M", "__source_file": "PCSIR.shp" }, "geometry": { "type": "Polygon", "coordinates": [ [ [ 74.263799402857913, 31.446955987831455 ], [ 74.263725862503378, 31.446841676396335 ], [ 74.263472153460498, 31.446961507092883 ], [ 74.263494460559528, 31.446994576451072 ], [ 74.263549323578729, 31.447075908722169 ], [ 74.263799402857913, 31.446955987831455 ] ] ] } },
{ "type": "Feature", "properties": { "OBJECTID": 177258, "SHAPE_Leng": 147.156250126, "SHAPE_Area": 1264.0725222399999, "Town": "Allama Iqbal Town", "UC_N0": "UC_120", "Landuse": "R", "KA": null, "Name": null, "Plot_No": null, "Road_Wdth": "60'", "Plot_Size": "18 M", "__source_file": "PCSIR.shp" }, "geometry": { "type": "Polygon", "coordinates": [ [ [ 74.263637745011749, 31.446704705782192 ], [ 74.263564297671707, 31.446590538235782 ], [ 74.263306276012898, 31.446702016089642 ], [ 74.263338458408228, 31.446763308737513 ], [ 74.263351932686547, 31.446783283907717 ], [ 74.263375764684767, 31.446818614140067 ], [ 74.263637745011749, 31.446704705782192 ] ] ] } },
{ "type": "Feature", "properties": { "OBJECTID": 177258, "SHAPE_Leng": 147.156250126, "SHAPE_Area": 1264.0725222399999, "Town": "Allama Iqbal Town", "UC_N0": "UC_120", "Landuse": "R", "KA": null, "Name": null, "Plot_No": null, "Road_Wdth": "60'", "Plot_Size": "18 M", "__source_file": "PCSIR.shp" }, "geometry": { "type": "Polygon", "coordinates": [ [ [ 74.263564297671707, 31.446590538235782 ], [ 74.26348112563447, 31.446461254106968 ], [ 74.263241106013723, 31.44657789799869 ], [ 74.263286144905265, 31.446663675552998 ], [ 74.263306276012898, 31.446702016089642 ], [ 74.263564297671707, 31.446590538235782 ] ] ] } },
{ "type": "Feature", "properties": { "OBJECTID": 177258, "SHAPE_Leng": 147.156250126, "SHAPE_Area": 1264.0725222399999, "Town": "Allama Iqbal Town", "UC_N0": "UC_120", "Landuse": "R", "KA": null, "Name": null, "Plot_No": null, "Road_Wdth": "60'", "Plot_Size": "18 M", "__source_file": "PCSIR.shp" }, "geometry": { "type": "Polygon", "coordinates": [ [ [ 74.263725862503378, 31.446841676396335 ], [ 74.263637745011749, 31.446704705782192 ], [ 74.263375764684767, 31.446818614140067 ], [ 74.2634238972025, 31.44688996908047 ], [ 74.263472153460498, 31.446961507092883 ], [ 74.263725862503378, 31.446841676396335 ] ] ] } },
{ "type": "Feature", "properties": { "OBJECTID": 177258, "SHAPE_Leng": 147.156250126, "SHAPE_Area": 1264.0725222399999, "Town": "Allama Iqbal Town", "UC_N0": "UC_120", "Landuse": "R", "KA": null, "Name": null, "Plot_No": null, "Road_Wdth": "60'", "Plot_Size": "18 M", "__source_file": "PCSIR.shp" }, "geometry": { "type": "Polygon", "coordinates": [ [ [ 74.263893723405843, 31.447102599623683 ], [ 74.263799402857913, 31.446955987831455 ], [ 74.263549323578729, 31.447075908722169 ], [ 74.263650788459373, 31.447226325995214 ], [ 74.263893723405843, 31.447102599623683 ] ] ] } },
{ "type": "Feature", "properties": { "OBJECTID": 177258, "SHAPE_Leng": 147.156250126, "SHAPE_Area": 1264.0725222399999, "Town": "Allama Iqbal Town", "UC_N0": "UC_120", "Landuse": "R", "KA": null, "Name": null, "Plot_No": "299", "Road_Wdth": "30'", "Plot_Size": "18 M", "__source_file": "PCSIR.shp" }, "geometry": { "type": "Polygon", "coordinates": [ [ [ 74.263632894316601, 31.446173533350283 ], [ 74.263592826881606, 31.446114433933079 ], [ 74.263327228107656, 31.446222031923966 ], [ 74.263361192339644, 31.446274826898662 ], [ 74.263632894316601, 31.446173533350283 ] ] ] } },
{ "type": "Feature", "properties": { "OBJECTID": 177258, "SHAPE_Leng": 147.156250126, "SHAPE_Area": 1264.0725222399999, "Town": "Allama Iqbal Town", "UC_N0": "UC_120", "Landuse": "R", "KA": null, "Name": null, "Plot_No": null, "Road_Wdth": "30'", "Plot_Size": "18 M", "__source_file": "PCSIR.shp" }, "geometry": { "type": "Polygon", "coordinates": [ [ [ 74.263674493933721, 31.446234892643528 ], [ 74.263632894316601, 31.446173533350283 ], [ 74.263361192339644, 31.446274826898662 ], [ 74.263415381995614, 31.446359060711938 ], [ 74.263674493933721, 31.446234892643528 ] ] ] } },
{ "type": "Feature", "properties": { "OBJECTID": 177258, "SHAPE_Leng": 147.156250126, "SHAPE_Area": 1264.0725222399999, "Town": "Allama Iqbal Town", "UC_N0": "UC_120", "Landuse": "R", "KA": null, "Name": null, "Plot_No": null, "Road_Wdth": "30'", "Plot_Size": "18 M", "__source_file": "PCSIR.shp" }, "geometry": { "type": "Polygon", "coordinates": [ [ [ 74.264224720305847, 31.447046467950297 ], [ 74.264168051868467, 31.446962883629901 ], [ 74.263893723405843, 31.447102599623733 ], [ 74.263954955261369, 31.447197778097991 ], [ 74.264224720305847, 31.447046467950297 ] ] ] } },
{ "type": "Feature", "properties": { "OBJECTID": 177258, "SHAPE_Leng": 147.156250126, "SHAPE_Area": 1264.0725222399999, "Town": "Allama Iqbal Town", "UC_N0": "UC_120", "Landuse": "R", "KA": null, "Name": null, "Plot_No": null, "Road_Wdth": "30'", "Plot_Size": "18 M", "__source_file": "PCSIR.shp" }, "geometry": { "type": "Polygon", "coordinates": [ [ [ 74.263742005459733, 31.446334471799211 ], [ 74.26372815729556, 31.44631404578254 ], [ 74.263674493933721, 31.446234892643528 ], [ 74.263415381995614, 31.446359060711938 ], [ 74.26348112563447, 31.446461254106968 ], [ 74.263742005459733, 31.446334471799211 ] ] ] } },
{ "type": "Feature", "properties": { "OBJECTID": 177258, "SHAPE_Leng": 147.156250126, "SHAPE_Area": 1264.0725222399999, "Town": "Allama Iqbal Town", "UC_N0": "UC_120", "Landuse": "R", "KA": null, "Name": null, "Plot_No": null, "Road_Wdth": "30'", "Plot_Size": "18 M", "__source_file": "PCSIR.shp" }, "geometry": { "type": "Polygon", "coordinates": [ [ [ 74.263912129256511, 31.446585403354618 ], [ 74.263836018604607, 31.446473140776224 ], [ 74.263564297671735, 31.446590538235782 ], [ 74.263637745011778, 31.446704705782192 ], [ 74.263912129256511, 31.446585403354618 ] ] ] } },
{ "type": "Feature", "properties": { "OBJECTID": 177258, "SHAPE_Leng": 147.156250126, "SHAPE_Area": 1264.0725222399999, "Town": "Allama Iqbal Town", "UC_N0": "UC_120", "Landuse": "R", "KA": null, "Name": null, "Plot_No": null, "Road_Wdth": "30'", "Plot_Size": "18 M", "__source_file": "PCSIR.shp" }, "geometry": { "type": "Polygon", "coordinates": [ [ [ 74.264074076393072, 31.446824272295679 ], [ 74.264016954022324, 31.446740018505746 ], [ 74.263998554167642, 31.446712879004519 ], [ 74.263725862503392, 31.446841676396335 ], [ 74.263799402857913, 31.446955987831455 ], [ 74.264074076393072, 31.446824272295679 ] ] ] } },
{ "type": "Feature", "properties": { "OBJECTID": 177258, "SHAPE_Leng": 147.156250126, "SHAPE_Area": 1264.0725222399999, "Town": "Allama Iqbal Town", "UC_N0": "UC_120", "Landuse": "R", "KA": null, "Name": null, "Plot_No": null, "Road_Wdth": "30'", "Plot_Size": "18 M", "__source_file": "PCSIR.shp" }, "geometry": { "type": "Polygon", "coordinates": [ [ [ 74.263836018604607, 31.446473140776224 ], [ 74.263802021636167, 31.446422995430598 ], [ 74.263742005459733, 31.446334471799211 ], [ 74.26348112563447, 31.446461254106968 ], [ 74.263564297671735, 31.446590538235782 ], [ 74.263836018604607, 31.446473140776224 ] ] ] } },
{ "type": "Feature", "properties": { "OBJECTID": 177258, "SHAPE_Leng": 147.156250126, "SHAPE_Area": 1264.0725222399999, "Town": "Allama Iqbal Town", "UC_N0": "UC_120", "Landuse": "R", "KA": null, "Name": null, "Plot_No": null, "Road_Wdth": "30'", "Plot_Size": "18 M", "__source_file": "PCSIR.shp" }, "geometry": { "type": "Polygon", "coordinates": [ [ [ 74.264224720305847, 31.447046467950297 ], [ 74.263954955261369, 31.447197778097991 ], [ 74.264031675594794, 31.447317031471631 ], [ 74.264047166375818, 31.447309454021006 ], [ 74.264314395996465, 31.4471787354437 ], [ 74.264236309560104, 31.447063561746926 ], [ 74.264224720305847, 31.447046467950297 ] ] ] } },
{ "type": "Feature", "properties": { "OBJECTID": 177258, "SHAPE_Leng": 147.156250126, "SHAPE_Area": 1264.0725222399999, "Town": "Allama Iqbal Town", "UC_N0": "UC_120", "Landuse": "R", "KA": null, "Name": null, "Plot_No": null, "Road_Wdth": "30'", "Plot_Size": "18 M", "__source_file": "PCSIR.shp" }, "geometry": { "type": "Polygon", "coordinates": [ [ [ 74.263998554167642, 31.446712879004519 ], [ 74.263912129256511, 31.446585403354618 ], [ 74.263637745011778, 31.446704705782192 ], [ 74.263725862503392, 31.446841676396335 ], [ 74.263998554167642, 31.446712879004519 ] ] ] } },
{ "type": "Feature", "properties": { "OBJECTID": 177258, "SHAPE_Leng": 147.156250126, "SHAPE_Area": 1264.0725222399999, "Town": "Allama Iqbal Town", "UC_N0": "UC_120", "Landuse": "V", "KA": null, "Name": null, "Plot_No": null, "Road_Wdth": "30'", "Plot_Size": "9 M", "__source_file": "PCSIR.shp" }, "geometry": { "type": "Polygon", "coordinates": [ [ [ 74.263375516879833, 31.446014392510801 ], [ 74.263434431319226, 31.4461384144067 ], [ 74.263571682000276, 31.446083245224568 ], [ 74.26349980594054, 31.445977227829086 ], [ 74.263375516879833, 31.446014392510801 ] ] ] } },
{ "type": "Feature", "properties": { "OBJECTID": 177258, "SHAPE_Leng": 147.156250126, "SHAPE_Area": 1264.0725222399999, "Town": "Allama Iqbal Town", "UC_N0": "UC_120", "Landuse": "V", "KA": null, "Name": null, "Plot_No": null, "Road_Wdth": "60'", "Plot_Size": "15 M", "__source_file": "PCSIR.shp" }, "geometry": { "type": "Polygon", "coordinates": [ [ [ 74.263233644871107, 31.446219121993714 ], [ 74.263171691024979, 31.44607533962585 ], [ 74.263003618567339, 31.446125595157554 ], [ 74.263084254811091, 31.446279170128388 ], [ 74.263233644871107, 31.446219121993714 ] ] ] } },
{ "type": "Feature", "properties": { "OBJECTID": 177258, "SHAPE_Leng": 147.156250126, "SHAPE_Area": 1264.0725222399999, "Town": "Allama Iqbal Town", "UC_N0": "UC_120", "Landuse": "V", "KA": null, "Name": null, "Plot_No": null, "Road_Wdth": "30'", "Plot_Size": "15 M", "__source_file": "PCSIR.shp" }, "geometry": { "type": "Polygon", "coordinates": [ [ [ 74.263434431319226, 31.4461384144067 ], [ 74.263375516879833, 31.446014392510801 ], [ 74.263222528917581, 31.44606013847687 ], [ 74.263171691024979, 31.44607533962585 ], [ 74.263233644871107, 31.446219121993714 ], [ 74.263434431319226, 31.4461384144067 ] ] ] } },
{ "type": "Feature", "properties": { "OBJECTID": 177258, "SHAPE_Leng": 147.156250126, "SHAPE_Area": 1264.0725222399999, "Town": "Allama Iqbal Town", "UC_N0": "UC_120", "Landuse": "V", "KA": null, "Name": null, "Plot_No": null, "Road_Wdth": "60'", "Plot_Size": "18 M", "__source_file": "PCSIR.shp" }, "geometry": { "type": "Polygon", "coordinates": [ [ [ 74.263954955261369, 31.447197778097991 ], [ 74.263893723405843, 31.447102599623683 ], [ 74.263650788459373, 31.447226325995214 ], [ 74.263713371486787, 31.447319102335225 ], [ 74.263720310248416, 31.44732938869052 ], [ 74.263954955261369, 31.447197778097991 ] ] ] } },
{ "type": "Feature", "properties": { "OBJECTID": 194106, "SHAPE_Leng": 121.987455289, "SHAPE_Area": 858.18839407600001, "Town": "Allama Iqbal Town", "UC_N0": "UC_120", "Landuse": "R", "KA": null, "Name": null, "Plot_No": "304", "Road_Wdth": "30'", "Plot_Size": "9 M", "__source_file": "PCSIR.shp" }, "geometry": { "type": "Polygon", "coordinates": [ [ [ 74.264745197881396, 31.445514175091049 ], [ 74.264638117398093, 31.445338542202901 ], [ 74.264553403223019, 31.445365401763166 ], [ 74.264638859609605, 31.445541469118634 ], [ 74.264741094657694, 31.44551522828186 ], [ 74.264745197881396, 31.445514175091049 ] ] ] } },
{ "type": "Feature", "properties": { "OBJECTID": 194106, "SHAPE_Leng": 121.987455289, "SHAPE_Area": 858.18839407600001, "Town": "Allama Iqbal Town", "UC_N0": "UC_120", "Landuse": "R", "KA": null, "Name": null, "Plot_No": null, "Road_Wdth": "30'", "Plot_Size": "9 M", "__source_file": "PCSIR.shp" }, "geometry": { "type": "Polygon", "coordinates": [ [ [ 74.264987120738169, 31.445452079513025 ], [ 74.264869902637187, 31.445265051777817 ], [ 74.264829547464529, 31.445277846931528 ], [ 74.264933835739484, 31.445465756490723 ], [ 74.264978641828847, 31.445454255844485 ], [ 74.264987120738169, 31.445452079513025 ] ] ] } },
{ "type": "Feature", "properties": { "OBJECTID": 194106, "SHAPE_Leng": 121.987455289, "SHAPE_Area": 858.18839407600001, "Town": "Allama Iqbal Town", "UC_N0": "UC_120", "Landuse": "R", "KA": null, "Name": null, "Plot_No": null, "Road_Wdth": "30'", "Plot_Size": "9 M", "__source_file": "PCSIR.shp" }, "geometry": { "type": "Polygon", "coordinates": [ [ [ 74.264933835739484, 31.445465756490723 ], [ 74.264829547464529, 31.445277846931528 ], [ 74.264779146658029, 31.445293827166516 ], [ 74.264886572975996, 31.445477887686007 ], [ 74.264933835739484, 31.445465756490723 ] ] ] } },
{ "type": "Feature", "properties": { "OBJECTID": 194106, "SHAPE_Leng": 121.987455289, "SHAPE_Area": 858.18839407600001, "Town": "Allama Iqbal Town", "UC_N0": "UC_120", "Landuse": "R", "KA": null, "Name": null, "Plot_No": null, "Road_Wdth": "30'", "Plot_Size": "9 M", "__source_file": "PCSIR.shp" }, "geometry": { "type": "Polygon", "coordinates": [ [ [ 74.264886572975996, 31.445477887686007 ], [ 74.264779146658029, 31.445293827166516 ], [ 74.264725401727361, 31.445310867671722 ], [ 74.264839097985956, 31.445490073333801 ], [ 74.264886572975996, 31.445477887686007 ] ] ] } },
{ "type": "Feature", "properties": { "OBJECTID": 191417, "SHAPE_Leng": 199.57790251500001, "SHAPE_Area": 1619.0139303599999, "Town": "Allama Iqbal Town", "UC_N0": "UC_120", "Landuse": "V", "KA": null, "Name": null, "Plot_No": null, "Road_Wdth": "30'", "Plot_Size": "9 M", "__source_file": "PCSIR.shp" }, "geometry": { "type": "Polygon", "coordinates": [ [ [ 74.263773346959013, 31.445612724257344 ], [ 74.26384809703697, 31.445787164760542 ], [ 74.263937640854351, 31.445759343311778 ], [ 74.263853706814089, 31.445587245926934 ], [ 74.263773346959013, 31.445612724257344 ] ] ] } },
{ "type": "Feature", "properties": { "OBJECTID": 191417, "SHAPE_Leng": 199.57790251500001, "SHAPE_Area": 1619.0139303599999, "Town": "Allama Iqbal Town", "UC_N0": "UC_120", "Landuse": "V", "KA": null, "Name": null, "Plot_No": null, "Road_Wdth": "30'", "Plot_Size": "9 M", "__source_file": "PCSIR.shp" }, "geometry": { "type": "Polygon", "coordinates": [ [ [ 74.263489436657792, 31.445898600481936 ], [ 74.263406938524611, 31.445728894722581 ], [ 74.263308840846435, 31.445759996471505 ], [ 74.263384907959235, 31.445931077291164 ], [ 74.263489436657792, 31.445898600481936 ] ] ] } },
{ "type": "Feature", "properties": { "OBJECTID": 191417, "SHAPE_Leng": 199.57790251500001, "SHAPE_Area": 1619.0139303599999, "Town": "Allama Iqbal Town", "UC_N0": "UC_120", "Landuse": "R", "KA": null, "Name": null, "Plot_No": null, "Road_Wdth": "30'", "Plot_Size": "9 M", "__source_file": "PCSIR.shp" }, "geometry": { "type": "Polygon", "coordinates": [ [ [ 74.263250503371012, 31.445972836306261 ], [ 74.26318613344057, 31.445798900568793 ], [ 74.263075947833414, 31.445833834530408 ], [ 74.263146459326961, 31.44600516228785 ], [ 74.263250503371012, 31.445972836306261 ] ] ] } },
{ "type": "Feature", "properties": { "OBJECTID": 191417, "SHAPE_Leng": 199.57790251500001, "SHAPE_Area": 1619.0139303599999, "Town": "Allama Iqbal Town", "UC_N0": "UC_120", "Landuse": "V", "KA": null, "Name": null, "Plot_No": null, "Road_Wdth": "30'", "Plot_Size": "9 M", "__source_file": "PCSIR.shp" }, "geometry": { "type": "Polygon", "coordinates": [ [ [ 74.263709821917516, 31.445830126968978 ], [ 74.263667889754259, 31.445646159678738 ], [ 74.263544650753872, 31.445685232713448 ], [ 74.263608010590801, 31.44586175972162 ], [ 74.263709821917516, 31.445830126968978 ] ] ] } },
{ "type": "Feature", "properties": { "OBJECTID": 191417, "SHAPE_Leng": 199.57790251500001, "SHAPE_Area": 1619.0139303599999, "Town": "Allama Iqbal Town", "UC_N0": "UC_120", "Landuse": "V", "KA": null, "Name": null, "Plot_No": null, "Road_Wdth": "30'", "Plot_Size": "9 M", "__source_file": "PCSIR.shp" }, "geometry": { "type": "Polygon", "coordinates": [ [ [ 74.26384809703697, 31.445787164760542 ], [ 74.263773346959013, 31.445612724257344 ], [ 74.263667889754259, 31.445646159678738 ], [ 74.263709821917516, 31.445830126968978 ], [ 74.26384809703697, 31.445787164760542 ] ] ] } },
{ "type": "Feature", "properties": { "OBJECTID": 191417, "SHAPE_Leng": 199.57790251500001, "SHAPE_Area": 1619.0139303599999, "Town": "Allama Iqbal Town", "UC_N0": "UC_120", "Landuse": "V", "KA": null, "Name": null, "Plot_No": null, "Road_Wdth": "30'", "Plot_Size": "9 M", "__source_file": "PCSIR.shp" }, "geometry": { "type": "Polygon", "coordinates": [ [ [ 74.263384907959235, 31.445931077291164 ], [ 74.263308840846435, 31.445759996471505 ], [ 74.26318613344057, 31.445798900568793 ], [ 74.263250503371012, 31.445972836306261 ], [ 74.263384907959235, 31.445931077291164 ] ] ] } },
{ "type": "Feature", "properties": { "OBJECTID": 191421, "SHAPE_Leng": 109.00408313299999, "SHAPE_Area": 700.989364206, "Town": "Allama Iqbal Town", "UC_N0": "UC_120", "Landuse": "R", "KA": null, "Name": null, "Plot_No": null, "Road_Wdth": "30'", "Plot_Size": "9 M", "__source_file": "PCSIR.shp" }, "geometry": { "type": "Polygon", "coordinates": [ [ [ 74.264220915257454, 31.44547082014634 ], [ 74.264289759509452, 31.445649937790556 ], [ 74.264358031743853, 31.445628725032382 ], [ 74.264284503278901, 31.445450659003615 ], [ 74.264220915257454, 31.44547082014634 ] ] ] } },
{ "type": "Feature", "properties": { "OBJECTID": 191421, "SHAPE_Leng": 109.00408313299999, "SHAPE_Area": 700.989364206, "Town": "Allama Iqbal Town", "UC_N0": "UC_120", "Landuse": "V", "KA": null, "Name": null, "Plot_No": null, "Road_Wdth": "30'", "Plot_Size": "9 M", "__source_file": "PCSIR.shp" }, "geometry": { "type": "Polygon", "coordinates": [ [ [ 74.264111131030631, 31.445705438944159 ], [ 74.26404049411336, 31.44552802403987 ], [ 74.263945502819965, 31.4455581416196 ], [ 74.264031797617534, 31.445730088304789 ], [ 74.264111131030631, 31.445705438944159 ] ] ] } },
{ "type": "Feature", "properties": { "OBJECTID": 191421, "SHAPE_Leng": 109.00408313299999, "SHAPE_Area": 700.989364206, "Town": "Allama Iqbal Town", "UC_N0": "UC_120", "Landuse": "R", "KA": null, "Name": null, "Plot_No": null, "Road_Wdth": "30'", "Plot_Size": "9 M", "__source_file": "PCSIR.shp" }, "geometry": { "type": "Polygon", "coordinates": [ [ [ 74.264196472743564, 31.445678922699454 ], [ 74.264130984026508, 31.445499333566669 ], [ 74.26404049411336, 31.44552802403987 ], [ 74.264111131030631, 31.445705438944159 ], [ 74.264196472743564, 31.445678922699454 ] ] ] } },
{ "type": "Feature", "properties": { "OBJECTID": 193110, "SHAPE_Leng": 197.19608086599999, "SHAPE_Area": 1942.10390691, "Town": "Allama Iqbal Town", "UC_N0": "UC_120", "Landuse": "R", "KA": null, "Name": null, "Plot_No": null, "Road_Wdth": "30'", "Plot_Size": "18.5 M", "__source_file": "PCSIR.shp" }, "geometry": { "type": "Polygon", "coordinates": [ [ [ 74.266916423951841, 31.449023176218443 ], [ 74.266793112980537, 31.448802300612744 ], [ 74.266667720169607, 31.448864229318009 ], [ 74.266807058375534, 31.449077880618749 ], [ 74.266916423951841, 31.449023176218443 ] ] ] } },
{ "type": "Feature", "properties": { "OBJECTID": 193110, "SHAPE_Leng": 197.19608086599999, "SHAPE_Area": 1942.10390691, "Town": "Allama Iqbal Town", "UC_N0": "UC_120", "Landuse": "R", "KA": null, "Name": null, "Plot_No": null, "Road_Wdth": "30'", "Plot_Size": "18.5 M", "__source_file": "PCSIR.shp" }, "geometry": { "type": "Polygon", "coordinates": [ [ [ 74.266476578739386, 31.449243184779611 ], [ 74.266352365981945, 31.449019974786481 ], [ 74.266217546229271, 31.449086558458568 ], [ 74.266358030378782, 31.449302481687429 ], [ 74.266476578739386, 31.449243184779611 ] ] ] } },
{ "type": "Feature", "properties": { "OBJECTID": 193110, "SHAPE_Leng": 197.19608086599999, "SHAPE_Area": 1942.10390691, "Town": "Allama Iqbal Town", "UC_N0": "UC_120", "Landuse": "R", "KA": null, "Name": null, "Plot_No": null, "Road_Wdth": "30'", "Plot_Size": "18.5 M", "__source_file": "PCSIR.shp" }, "geometry": { "type": "Polygon", "coordinates": [ [ [ 74.266626344165701, 31.44916827308742 ], [ 74.26649247570478, 31.448950778294357 ], [ 74.266352365981945, 31.449019974786481 ], [ 74.266476578739386, 31.449243184779611 ], [ 74.266626344165701, 31.44916827308742 ] ] ] } },
{ "type": "Feature", "properties": { "OBJECTID": 191400, "SHAPE_Leng": 251.89120159699999, "SHAPE_Area": 2739.0092115900002, "Town": "Allama Iqbal Town", "UC_N0": "UC_120", "Landuse": "R", "KA": null, "Name": null, "Plot_No": null, "Road_Wdth": "30'", "Plot_Size": "18.5 M", "__source_file": "PCSIR.shp" }, "geometry": { "type": "Polygon", "coordinates": [ [ [ 74.266493999041785, 31.448950025956997 ], [ 74.266350249894288, 31.448731789765361 ], [ 74.266220820698379, 31.448792600897136 ], [ 74.266361396253032, 31.449015514981816 ], [ 74.266493999041785, 31.448950025956997 ] ] ] } },
{ "type": "Feature", "properties": { "OBJECTID": 191400, "SHAPE_Leng": 251.89120159699999, "SHAPE_Area": 2739.0092115900002, "Town": "Allama Iqbal Town", "UC_N0": "UC_120", "Landuse": "R", "KA": null, "Name": null, "Plot_No": null, "Road_Wdth": "30'", "Plot_Size": "18.5 M", "__source_file": "PCSIR.shp" }, "geometry": { "type": "Polygon", "coordinates": [ [ [ 74.266106703443015, 31.449141300695839 ], [ 74.265959544379115, 31.448915358557212 ], [ 74.265823995454667, 31.448979044313631 ], [ 74.265971718865273, 31.449207965410128 ], [ 74.266102966185059, 31.449143146423037 ], [ 74.266106703443015, 31.449141300695839 ] ] ] } },
{ "type": "Feature", "properties": { "OBJECTID": 191400, "SHAPE_Leng": 251.89120159699999, "SHAPE_Area": 2739.0092115900002, "Town": "Allama Iqbal Town", "UC_N0": "UC_120", "Landuse": "R", "KA": null, "Name": null, "Plot_No": null, "Road_Wdth": "30'", "Plot_Size": "18.5 M", "__source_file": "PCSIR.shp" }, "geometry": { "type": "Polygon", "coordinates": [ [ [ 74.266361396253032, 31.449015514981816 ], [ 74.266220820698379, 31.448792600897136 ], [ 74.266075364815748, 31.448860941769542 ], [ 74.266214603361817, 31.44908801186287 ], [ 74.266217546229271, 31.449086558458568 ], [ 74.266361396253032, 31.449015514981816 ] ] ] } },
{ "type": "Feature", "properties": { "OBJECTID": 193110, "SHAPE_Leng": 197.19608086599999, "SHAPE_Area": 1942.10390691, "Town": "Allama Iqbal Town", "UC_N0": "UC_120", "Landuse": "V", "KA": null, "Name": null, "Plot_No": null, "Road_Wdth": "30'", "Plot_Size": "18.5 M", "__source_file": "PCSIR.shp" }, "geometry": { "type": "Polygon", "coordinates": [ [ [ 74.266793112980537, 31.448802300612744 ], [ 74.266916423951841, 31.449023176218443 ], [ 74.267008382519478, 31.448977178639485 ], [ 74.266867166870028, 31.448765726955724 ], [ 74.266793112980537, 31.448802300612744 ] ] ] } },
{ "type": "Feature", "properties": { "OBJECTID": 191400, "SHAPE_Leng": 251.89120159699999, "SHAPE_Area": 2739.0092115900002, "Town": "Allama Iqbal Town", "UC_N0": "UC_120", "Landuse": "V", "KA": null, "Name": null, "Plot_No": "109", "Road_Wdth": "30'", "Plot_Size": "18.5 M", "__source_file": "PCSIR.shp" }, "geometry": { "type": "Polygon", "coordinates": [ [ [ 74.26662931136616, 31.448600674548182 ], [ 74.266781559233848, 31.448808006758522 ], [ 74.266867166870028, 31.448765726955724 ], [ 74.266726456377498, 31.448555031365714 ], [ 74.26662931136616, 31.448600674548182 ] ] ] } },
{ "type": "Feature", "properties": { "OBJECTID": 191400, "SHAPE_Leng": 251.89120159699999, "SHAPE_Area": 2739.0092115900002, "Town": "Allama Iqbal Town", "UC_N0": "UC_120", "Landuse": "V", "KA": null, "Name": null, "Plot_No": null, "Road_Wdth": "30'", "Plot_Size": "18.5 M", "__source_file": "PCSIR.shp" }, "geometry": { "type": "Polygon", "coordinates": [ [ [ 74.266214603361817, 31.44908801186287 ], [ 74.266075364815748, 31.448860941769542 ], [ 74.265959544379115, 31.448915358557212 ], [ 74.266106703443015, 31.449141300695839 ], [ 74.266214603361817, 31.44908801186287 ] ] ] } },
{ "type": "Feature", "properties": { "OBJECTID": 191400, "SHAPE_Leng": 251.89120159699999, "SHAPE_Area": 2739.0092115900002, "Town": "Allama Iqbal Town", "UC_N0": "UC_120", "Landuse": "V", "KA": null, "Name": null, "Plot_No": null, "Road_Wdth": "30'", "Plot_Size": "18.5 M", "__source_file": "PCSIR.shp" }, "geometry": { "type": "Polygon", "coordinates": [ [ [ 74.266781559233848, 31.448808006758522 ], [ 74.26662931136616, 31.448600674548182 ], [ 74.266510593916465, 31.44865645328986 ], [ 74.266659786342927, 31.448868147650668 ], [ 74.266781559233848, 31.448808006758522 ] ] ] } },
{ "type": "Feature", "properties": { "OBJECTID": 191401, "SHAPE_Leng": 199.02097975800001, "SHAPE_Area": 1998.2174436099999, "Town": "Allama Iqbal Town", "UC_N0": "UC_120", "Landuse": "R", "KA": null, "Name": null, "Plot_No": null, "Road_Wdth": "30'", "Plot_Size": "18.5 M", "__source_file": "PCSIR.shp" }, "geometry": { "type": "Polygon", "coordinates": [ [ [ 74.2661699113319, 31.448730040811338 ], [ 74.266017964933056, 31.448512222434715 ], [ 74.265907092173677, 31.448566883363046 ], [ 74.266057955533938, 31.448782069264499 ], [ 74.2661699113319, 31.448730040811338 ] ] ] } },
{ "type": "Feature", "properties": { "OBJECTID": 191401, "SHAPE_Leng": 199.02097975800001, "SHAPE_Area": 1998.2174436099999, "Town": "Allama Iqbal Town", "UC_N0": "UC_120", "Landuse": "R", "KA": null, "Name": null, "Plot_No": null, "Road_Wdth": "30'", "Plot_Size": "18.5 M", "__source_file": "PCSIR.shp" }, "geometry": { "type": "Polygon", "coordinates": [ [ [ 74.266057955533938, 31.448782069264499 ], [ 74.265907092173677, 31.448566883363046 ], [ 74.265797966776233, 31.448620682674161 ], [ 74.265918469473704, 31.448846891448692 ], [ 74.266057955533938, 31.448782069264499 ] ] ] } },
{ "type": "Feature", "properties": { "OBJECTID": 192599, "SHAPE_Leng": 197.67943160199999, "SHAPE_Area": 1975.7878221399999, "Town": "Allama Iqbal Town", "UC_N0": "UC_120", "Landuse": "R", "KA": null, "Name": null, "Plot_No": null, "Road_Wdth": "30'", "Plot_Size": "18.5 M", "__source_file": "PCSIR.shp" }, "geometry": { "type": "Polygon", "coordinates": [ [ [ 74.266139259326764, 31.448163362441825 ], [ 74.266271093429211, 31.448387427979597 ], [ 74.266272355316616, 31.448386805856494 ], [ 74.266393686494638, 31.448326988527967 ], [ 74.266247481739114, 31.448110254831466 ], [ 74.266139259326764, 31.448163362441825 ] ] ] } },
{ "type": "Feature", "properties": { "OBJECTID": 191401, "SHAPE_Leng": 199.02097975800001, "SHAPE_Area": 1998.2174436099999, "Town": "Allama Iqbal Town", "UC_N0": "UC_120", "Landuse": "V", "KA": null, "Name": null, "Plot_No": null, "Road_Wdth": "30'", "Plot_Size": "18.5 M", "__source_file": "PCSIR.shp" }, "geometry": { "type": "Polygon", "coordinates": [ [ [ 74.266150427217937, 31.448446917530742 ], [ 74.266311133425063, 31.448664411408789 ], [ 74.266424264164115, 31.448611836573569 ], [ 74.266272355316616, 31.448386805856494 ], [ 74.266150427217937, 31.448446917530742 ] ] ] } },
{ "type": "Feature", "properties": { "OBJECTID": 191401, "SHAPE_Leng": 199.02097975800001, "SHAPE_Area": 1998.2174436099999, "Town": "Allama Iqbal Town", "UC_N0": "UC_120", "Landuse": "V", "KA": null, "Name": null, "Plot_No": null, "Road_Wdth": "30'", "Plot_Size": "18.5 M", "__source_file": "PCSIR.shp" }, "geometry": { "type": "Polygon", "coordinates": [ [ [ 74.266311133425063, 31.448664411408789 ], [ 74.266150427217937, 31.448446917530742 ], [ 74.266017964933056, 31.448512222434715 ], [ 74.2661699113319, 31.448730040811338 ], [ 74.266311133425063, 31.448664411408789 ] ] ] } },
{ "type": "Feature", "properties": { "OBJECTID": 192599, "SHAPE_Leng": 197.67943160199999, "SHAPE_Area": 1975.7878221399999, "Town": "Allama Iqbal Town", "UC_N0": "UC_120", "Landuse": "V", "KA": null, "Name": null, "Plot_No": null, "Road_Wdth": "30'", "Plot_Size": "18.5 M", "__source_file": "PCSIR.shp" }, "geometry": { "type": "Polygon", "coordinates": [ [ [ 74.266021585649909, 31.448510437397101 ], [ 74.265881028521818, 31.448290082533806 ], [ 74.265757327844966, 31.448350785134522 ], [ 74.265906491291986, 31.448567179600843 ], [ 74.266021585649909, 31.448510437397101 ] ] ] } },
{ "type": "Feature", "properties": { "OBJECTID": 192599, "SHAPE_Leng": 197.67943160199999, "SHAPE_Area": 1975.7878221399999, "Town": "Allama Iqbal Town", "UC_N0": "UC_120", "Landuse": "V", "KA": null, "Name": null, "Plot_No": null, "Road_Wdth": "30'", "Plot_Size": "18.5 M", "__source_file": "PCSIR.shp" }, "geometry": { "type": "Polygon", "coordinates": [ [ [ 74.266271093429211, 31.448387427979597 ], [ 74.266139259326764, 31.448163362441825 ], [ 74.266012722439854, 31.448225457256854 ], [ 74.266154999353617, 31.448444663429314 ], [ 74.266271093429211, 31.448387427979597 ] ] ] } },
{ "type": "Feature", "properties": { "OBJECTID": 192599, "SHAPE_Leng": 197.67943160199999, "SHAPE_Area": 1975.7878221399999, "Town": "Allama Iqbal Town", "UC_N0": "UC_120", "Landuse": "V", "KA": null, "Name": null, "Plot_No": null, "Road_Wdth": "30'", "Plot_Size": "18.5 M", "__source_file": "PCSIR.shp" }, "geometry": { "type": "Polygon", "coordinates": [ [ [ 74.266154999353617, 31.448444663429314 ], [ 74.266012722439854, 31.448225457256854 ], [ 74.265881028521818, 31.448290082533806 ], [ 74.266021585649909, 31.448510437397101 ], [ 74.266154999353617, 31.448444663429314 ] ] ] } },
{ "type": "Feature", "properties": { "OBJECTID": 192613, "SHAPE_Leng": 166.15736279699999, "SHAPE_Area": 1544.6708330399999, "Town": "Allama Iqbal Town", "UC_N0": "UC_120", "Landuse": "R", "KA": null, "Name": null, "Plot_No": null, "Road_Wdth": "30'", "Plot_Size": "18.5 M", "__source_file": "PCSIR.shp" }, "geometry": { "type": "Polygon", "coordinates": [ [ [ 74.265700929796822, 31.448297181086883 ], [ 74.265554707948326, 31.448078475766426 ], [ 74.265429154916276, 31.448138797176835 ], [ 74.265558358313228, 31.448367244519048 ], [ 74.265700929796822, 31.448297181086883 ] ] ] } },
{ "type": "Feature", "properties": { "OBJECTID": 192613, "SHAPE_Leng": 166.15736279699999, "SHAPE_Area": 1544.6708330399999, "Town": "Allama Iqbal Town", "UC_N0": "UC_120", "Landuse": "V", "KA": null, "Name": null, "Plot_No": null, "Road_Wdth": "30'", "Plot_Size": "18.5 M", "__source_file": "PCSIR.shp" }, "geometry": { "type": "Polygon", "coordinates": [ [ [ 74.265554707948326, 31.448078475766426 ], [ 74.265700929796822, 31.448297181086883 ], [ 74.265804770013773, 31.448246151065483 ], [ 74.265663956557106, 31.448025987580756 ], [ 74.265554707948326, 31.448078475766426 ] ] ] } },
{ "type": "Feature", "properties": { "OBJECTID": 192613, "SHAPE_Leng": 166.15736279699999, "SHAPE_Area": 1544.6708330399999, "Town": "Allama Iqbal Town", "UC_N0": "UC_120", "Landuse": "V", "KA": null, "Name": null, "Plot_No": null, "Road_Wdth": "30'", "Plot_Size": "18.5 M", "__source_file": "PCSIR.shp" }, "geometry": { "type": "Polygon", "coordinates": [ [ [ 74.26542724097996, 31.448431678841263 ], [ 74.265276673653943, 31.448212055861692 ], [ 74.265156209458723, 31.448269931861777 ], [ 74.265305734350008, 31.448491390023836 ], [ 74.26542724097996, 31.448431678841263 ] ] ] } },
{ "type": "Feature", "properties": { "OBJECTID": 192614, "SHAPE_Leng": 142.531487693, "SHAPE_Area": 1203.0512896, "Town": "Allama Iqbal Town", "UC_N0": "UC_120", "Landuse": "V", "KA": null, "Name": null, "Plot_No": null, "Road_Wdth": "30'", "Plot_Size": "18.5 M", "__source_file": "PCSIR.shp" }, "geometry": { "type": "Polygon", "coordinates": [ [ [ 74.266213784441007, 31.448045149389344 ], [ 74.26606211122737, 31.447834693714661 ], [ 74.265965470803366, 31.447881124837377 ], [ 74.266097676910391, 31.44810220838896 ], [ 74.266213784441007, 31.448045149389344 ] ] ] } },
{ "type": "Feature", "properties": { "OBJECTID": 192614, "SHAPE_Leng": 142.531487693, "SHAPE_Area": 1203.0512896, "Town": "Allama Iqbal Town", "UC_N0": "UC_120", "Landuse": "V", "KA": null, "Name": null, "Plot_No": null, "Road_Wdth": "30'", "Plot_Size": "18.5 M", "__source_file": "PCSIR.shp" }, "geometry": { "type": "Polygon", "coordinates": [ [ [ 74.26606211122737, 31.447834693714661 ], [ 74.266213784441007, 31.448045149389344 ], [ 74.266343403118782, 31.447981450366221 ], [ 74.266200872406145, 31.447768025364713 ], [ 74.26606211122737, 31.447834693714661 ] ] ] } },
{ "type": "Feature", "properties": { "OBJECTID": 191396, "SHAPE_Leng": 140.835005744, "SHAPE_Area": 1196.85635241, "Town": "Allama Iqbal Town", "UC_N0": "UC_120", "Landuse": "V", "KA": null, "Name": null, "Plot_No": null, "Road_Wdth": "30'", "Plot_Size": "18.5 M", "__source_file": "PCSIR.shp" }, "geometry": { "type": "Polygon", "coordinates": [ [ [ 74.265410778011343, 31.447849866145205 ], [ 74.26555615498998, 31.448077780540377 ], [ 74.265663956557106, 31.448025987580756 ], [ 74.26551753964344, 31.447797063679761 ], [ 74.265410778011343, 31.447849866145205 ] ] ] } },
{ "type": "Feature", "properties": { "OBJECTID": 191396, "SHAPE_Leng": 140.835005744, "SHAPE_Area": 1196.85635241, "Town": "Allama Iqbal Town", "UC_N0": "UC_120", "Landuse": "V", "KA": null, "Name": null, "Plot_No": null, "Road_Wdth": "30'", "Plot_Size": "18.5 M", "__source_file": "PCSIR.shp" }, "geometry": { "type": "Polygon", "coordinates": [ [ [ 74.26555615498998, 31.448077780540377 ], [ 74.265410778011343, 31.447849866145205 ], [ 74.26527360358692, 31.447917710034218 ], [ 74.265435344905299, 31.448135823228178 ], [ 74.26555615498998, 31.448077780540377 ] ] ] } },
{ "type": "Feature", "properties": { "OBJECTID": 194054, "SHAPE_Leng": 145.99621716, "SHAPE_Area": 1277.180575, "Town": "Allama Iqbal Town", "UC_N0": "UC_120", "Landuse": "V", "KA": null, "Name": null, "Plot_No": null, "Road_Wdth": "30'", "Plot_Size": "18.5 M", "__source_file": "PCSIR.shp" }, "geometry": { "type": "Polygon", "coordinates": [ [ [ 74.266080860510087, 31.447825685563036 ], [ 74.265926864618848, 31.447594616093873 ], [ 74.265816612719178, 31.447649145616538 ], [ 74.265955758836043, 31.447885790968623 ], [ 74.266080860510087, 31.447825685563036 ] ] ] } },
{ "type": "Feature", "properties": { "OBJECTID": 194054, "SHAPE_Leng": 145.99621716, "SHAPE_Area": 1277.180575, "Town": "Allama Iqbal Town", "UC_N0": "UC_120", "Landuse": "V", "KA": null, "Name": null, "Plot_No": "141", "Road_Wdth": "30'", "Plot_Size": "18.5 M", "__source_file": "PCSIR.shp" }, "geometry": { "type": "Polygon", "coordinates": [ [ [ 74.265926864618848, 31.447594616093873 ], [ 74.266080860510087, 31.447825685563036 ], [ 74.266200872406145, 31.447768025364713 ], [ 74.266044436192942, 31.447533775653358 ], [ 74.266037570895378, 31.447538968323002 ], [ 74.266005264181118, 31.447557478223928 ], [ 74.265988967149752, 31.447563900712677 ], [ 74.265926864618848, 31.447594616093873 ] ] ] } },
{ "type": "Feature", "properties": { "OBJECTID": 191404, "SHAPE_Leng": 332.72063422100001, "SHAPE_Area": 6134.7245700499998, "Town": "Allama Iqbal Town", "UC_N0": "UC_120", "Landuse": "R", "KA": null, "Name": null, "Plot_No": "267", "Road_Wdth": "30'", "Plot_Size": "18 M", "__source_file": "PCSIR.shp" }, "geometry": { "type": "Polygon", "coordinates": [ [ [ 74.265141730841549, 31.447765585064225 ], [ 74.264900628921779, 31.447892371258263 ], [ 74.264970095753412, 31.447994622657429 ], [ 74.265216145450395, 31.447873917030002 ], [ 74.265141730841549, 31.447765585064225 ] ] ] } },
{ "type": "Feature", "properties": { "OBJECTID": 191404, "SHAPE_Leng": 332.72063422100001, "SHAPE_Area": 6134.7245700499998, "Town": "Allama Iqbal Town", "UC_N0": "UC_120", "Landuse": "V", "KA": null, "Name": null, "Plot_No": null, "Road_Wdth": "30'", "Plot_Size": "18 M", "__source_file": "PCSIR.shp" }, "geometry": { "type": "Polygon", "coordinates": [ [ [ 74.264667548276748, 31.447075268528561 ], [ 74.264622468505891, 31.447009640638672 ], [ 74.264382939829545, 31.447130352972842 ], [ 74.264430518939619, 31.447200388174586 ], [ 74.264667548276748, 31.447075268528561 ] ] ] } },
{ "type": "Feature", "properties": { "OBJECTID": 191404, "SHAPE_Leng": 332.72063422100001, "SHAPE_Area": 6134.7245700499998, "Town": "Allama Iqbal Town", "UC_N0": "UC_120", "Landuse": "V", "KA": null, "Name": null, "Plot_No": null, "Road_Wdth": "30'", "Plot_Size": "18 M", "__source_file": "PCSIR.shp" }, "geometry": { "type": "Polygon", "coordinates": [ [ [ 74.264959303493654, 31.447500008121924 ], [ 74.264904485791007, 31.447420204408356 ], [ 74.26466297493775, 31.447542555572923 ], [ 74.264714036748785, 31.447617716453351 ], [ 74.264959303493654, 31.447500008121924 ] ] ] } },
{ "type": "Feature", "properties": { "OBJECTID": 191404, "SHAPE_Leng": 332.72063422100001, "SHAPE_Area": 6134.7245700499998, "Town": "Allama Iqbal Town", "UC_N0": "UC_120", "Landuse": "V", "KA": null, "Name": null, "Plot_No": null, "Road_Wdth": "30'", "Plot_Size": "18 M", "__source_file": "PCSIR.shp" }, "geometry": { "type": "Polygon", "coordinates": [ [ [ 74.264739262820854, 31.447179671551343 ], [ 74.264667548276748, 31.447075268528561 ], [ 74.264430518939619, 31.447200388174586 ], [ 74.264498541780313, 31.447300515802215 ], [ 74.264739262820854, 31.447179671551343 ] ] ] } },
{ "type": "Feature", "properties": { "OBJECTID": 191404, "SHAPE_Leng": 332.72063422100001, "SHAPE_Area": 6134.7245700499998, "Town": "Allama Iqbal Town", "UC_N0": "UC_120", "Landuse": "V", "KA": null, "Name": null, "Plot_No": null, "Road_Wdth": "30'", "Plot_Size": "18 M", "__source_file": "PCSIR.shp" }, "geometry": { "type": "Polygon", "coordinates": [ [ [ 74.264811093215172, 31.447284242961125 ], [ 74.264739262820854, 31.447179671551343 ], [ 74.264498541780313, 31.447300515802215 ], [ 74.264567895926575, 31.447402602819057 ], [ 74.264811093215172, 31.447284242961125 ] ] ] } },
{ "type": "Feature", "properties": { "OBJECTID": 191404, "SHAPE_Leng": 332.72063422100001, "SHAPE_Area": 6134.7245700499998, "Town": "Allama Iqbal Town", "UC_N0": "UC_120", "Landuse": "V", "KA": null, "Name": null, "Plot_No": null, "Road_Wdth": "30'", "Plot_Size": "18 M", "__source_file": "PCSIR.shp" }, "geometry": { "type": "Polygon", "coordinates": [ [ [ 74.265141730841549, 31.447765585064225 ], [ 74.265050618702219, 31.447632944623987 ], [ 74.264809741581303, 31.44775858964686 ], [ 74.264900628921779, 31.447892371258263 ], [ 74.265141730841549, 31.447765585064225 ] ] ] } },
{ "type": "Feature", "properties": { "OBJECTID": 191404, "SHAPE_Leng": 332.72063422100001, "SHAPE_Area": 6134.7245700499998, "Town": "Allama Iqbal Town", "UC_N0": "UC_120", "Landuse": "V", "KA": null, "Name": null, "Plot_No": null, "Road_Wdth": "30'", "Plot_Size": "18 M", "__source_file": "PCSIR.shp" }, "geometry": { "type": "Polygon", "coordinates": [ [ [ 74.265050618702219, 31.447632944623987 ], [ 74.264959303493654, 31.447500008121924 ], [ 74.264714036748785, 31.447617716453351 ], [ 74.264809741581303, 31.44775858964686 ], [ 74.265050618702219, 31.447632944623987 ] ] ] } },
{ "type": "Feature", "properties": { "OBJECTID": 191404, "SHAPE_Leng": 332.72063422100001, "SHAPE_Area": 6134.7245700499998, "Town": "Allama Iqbal Town", "UC_N0": "UC_120", "Landuse": "V", "KA": null, "Name": null, "Plot_No": null, "Road_Wdth": "30'", "Plot_Size": "18 M", "__source_file": "PCSIR.shp" }, "geometry": { "type": "Polygon", "coordinates": [ [ [ 74.264904485791007, 31.447420204408356 ], [ 74.264811093215172, 31.447284242961125 ], [ 74.264567895926575, 31.447402602819057 ], [ 74.26466297493775, 31.447542555572923 ], [ 74.264904485791007, 31.447420204408356 ] ] ] } },
{ "type": "Feature", "properties": { "OBJECTID": 191404, "SHAPE_Leng": 332.72063422100001, "SHAPE_Area": 6134.7245700499998, "Town": "Allama Iqbal Town", "UC_N0": "UC_120", "Landuse": "V", "KA": null, "Name": null, "Plot_No": "279", "Road_Wdth": "30'", "Plot_Size": "18 M", "__source_file": "PCSIR.shp" }, "geometry": { "type": "Polygon", "coordinates": [ [ [ 74.264927936116649, 31.446937817831664 ], [ 74.26488684061033, 31.446876407376745 ], [ 74.264622468505891, 31.447009640638672 ], [ 74.264667548276748, 31.447075268528561 ], [ 74.264927936116649, 31.446937817831664 ] ] ] } },
{ "type": "Feature", "properties": { "OBJECTID": 191404, "SHAPE_Leng": 332.72063422100001, "SHAPE_Area": 6134.7245700499998, "Town": "Allama Iqbal Town", "UC_N0": "UC_120", "Landuse": "V", "KA": null, "Name": null, "Plot_No": null, "Road_Wdth": "30'", "Plot_Size": "18 M", "__source_file": "PCSIR.shp" }, "geometry": { "type": "Polygon", "coordinates": [ [ [ 74.265220322872764, 31.447374738943321 ], [ 74.265163079011444, 31.447289198324444 ], [ 74.264904485791021, 31.447420204408356 ], [ 74.264959303493654, 31.447500008121924 ], [ 74.265220322872764, 31.447374738943321 ] ] ] } },
{ "type": "Feature", "properties": { "OBJECTID": 191404, "SHAPE_Leng": 332.72063422100001, "SHAPE_Area": 6134.7245700499998, "Town": "Allama Iqbal Town", "UC_N0": "UC_120", "Landuse": "V", "KA": null, "Name": null, "Plot_No": null, "Road_Wdth": "30'", "Plot_Size": "18 M", "__source_file": "PCSIR.shp" }, "geometry": { "type": "Polygon", "coordinates": [ [ [ 74.265074103234738, 31.447156239730059 ], [ 74.265001639468352, 31.447047955101393 ], [ 74.264739262820854, 31.447179671551343 ], [ 74.264811093215172, 31.447284242961071 ], [ 74.265074103234738, 31.447156239730059 ] ] ] } },
{ "type": "Feature", "properties": { "OBJECTID": 191404, "SHAPE_Leng": 332.72063422100001, "SHAPE_Area": 6134.7245700499998, "Town": "Allama Iqbal Town", "UC_N0": "UC_120", "Landuse": "V", "KA": null, "Name": null, "Plot_No": null, "Road_Wdth": "30'", "Plot_Size": "18 M", "__source_file": "PCSIR.shp" }, "geometry": { "type": "Polygon", "coordinates": [ [ [ 74.265001639468352, 31.447047955101393 ], [ 74.264927936116649, 31.446937817831664 ], [ 74.264667548276748, 31.447075268528561 ], [ 74.264739262820854, 31.447179671551343 ], [ 74.265001639468352, 31.447047955101393 ] ] ] } },
{ "type": "Feature", "properties": { "OBJECTID": 191404, "SHAPE_Leng": 332.72063422100001, "SHAPE_Area": 6134.7245700499998, "Town": "Allama Iqbal Town", "UC_N0": "UC_120", "Landuse": "V", "KA": null, "Name": null, "Plot_No": null, "Road_Wdth": "30'", "Plot_Size": "18 M", "__source_file": "PCSIR.shp" }, "geometry": { "type": "Polygon", "coordinates": [ [ [ 74.265393336008344, 31.447633274759855 ], [ 74.265141730841549, 31.447765585064225 ], [ 74.265216145450395, 31.447873917030002 ], [ 74.265470779622916, 31.44774899924775 ], [ 74.265393336008344, 31.447633274759855 ] ] ] } },
{ "type": "Feature", "properties": { "OBJECTID": 191404, "SHAPE_Leng": 332.72063422100001, "SHAPE_Area": 6134.7245700499998, "Town": "Allama Iqbal Town", "UC_N0": "UC_120", "Landuse": "V", "KA": null, "Name": null, "Plot_No": null, "Road_Wdth": "30'", "Plot_Size": "18 M", "__source_file": "PCSIR.shp" }, "geometry": { "type": "Polygon", "coordinates": [ [ [ 74.265304494755426, 31.447500518304917 ], [ 74.265220322872764, 31.447374738943321 ], [ 74.264959303493654, 31.447500008121924 ], [ 74.265050618702219, 31.447632944623987 ], [ 74.265304494755426, 31.447500518304917 ] ] ] } },
{ "type": "Feature", "properties": { "OBJECTID": 191404, "SHAPE_Leng": 332.72063422100001, "SHAPE_Area": 6134.7245700499998, "Town": "Allama Iqbal Town", "UC_N0": "UC_120", "Landuse": "V", "KA": null, "Name": null, "Plot_No": null, "Road_Wdth": "30'", "Plot_Size": "18 M", "__source_file": "PCSIR.shp" }, "geometry": { "type": "Polygon", "coordinates": [ [ [ 74.265393336008344, 31.447633274759855 ], [ 74.265304494755426, 31.447500518304917 ], [ 74.265050618702219, 31.447632944623987 ], [ 74.265141730841549, 31.447765585064225 ], [ 74.265393336008344, 31.447633274759855 ] ] ] } },
{ "type": "Feature", "properties": { "OBJECTID": 194058, "SHAPE_Leng": 165.02533460500001, "SHAPE_Area": 1497.77839034, "Town": "Allama Iqbal Town", "UC_N0": "UC_120", "Landuse": "R", "KA": null, "Name": null, "Plot_No": null, "Road_Wdth": "30'", "Plot_Size": "18 M", "__source_file": "PCSIR.shp" }, "geometry": { "type": "Polygon", "coordinates": [ [ [ 74.265265982129918, 31.44679728767181 ], [ 74.265208990670601, 31.446714055154686 ], [ 74.264966413600447, 31.446836305351429 ], [ 74.265016868184475, 31.44691138083261 ], [ 74.265265982129918, 31.44679728767181 ] ] ] } },
{ "type": "Feature", "properties": { "OBJECTID": 191403, "SHAPE_Leng": 276.04991339700001, "SHAPE_Area": 3142.93229354, "Town": "Allama Iqbal Town", "UC_N0": "UC_120", "Landuse": "R", "KA": null, "Name": null, "Plot_No": null, "Road_Wdth": "30'", "Plot_Size": "18 M", "__source_file": "PCSIR.shp" }, "geometry": { "type": "Polygon", "coordinates": [ [ [ 74.265537575463057, 31.446686309972659 ], [ 74.265467985810417, 31.44658352958983 ], [ 74.265208990670601, 31.446714055154686 ], [ 74.265269135066205, 31.446801892336179 ], [ 74.265537575463057, 31.446686309972659 ] ] ] } },
{ "type": "Feature", "properties": { "OBJECTID": 191403, "SHAPE_Leng": 276.04991339700001, "SHAPE_Area": 3142.93229354, "Town": "Allama Iqbal Town", "UC_N0": "UC_120", "Landuse": "R", "KA": null, "Name": null, "Plot_No": null, "Road_Wdth": "30'", "Plot_Size": "18 M", "__source_file": "PCSIR.shp" }, "geometry": { "type": "Polygon", "coordinates": [ [ [ 74.265832717639697, 31.447122217097597 ], [ 74.265766635609225, 31.44702461834477 ], [ 74.265505033832397, 31.447146406107283 ], [ 74.265576178179572, 31.447250307785037 ], [ 74.265832717639697, 31.447122217097597 ] ] ] } },
{ "type": "Feature", "properties": { "OBJECTID": 191403, "SHAPE_Leng": 276.04991339700001, "SHAPE_Area": 3142.93229354, "Town": "Allama Iqbal Town", "UC_N0": "UC_120", "Landuse": "R", "KA": null, "Name": null, "Plot_No": null, "Road_Wdth": "30'", "Plot_Size": "18 M", "__source_file": "PCSIR.shp" }, "geometry": { "type": "Polygon", "coordinates": [ [ [ 74.265766635609225, 31.44702461834477 ], [ 74.265697168736878, 31.446922020154148 ], [ 74.265429532336498, 31.447036141731001 ], [ 74.265504905429793, 31.447146218583388 ], [ 74.265505033832397, 31.447146406107283 ], [ 74.265766635609225, 31.44702461834477 ] ] ] } },
{ "type": "Feature", "properties": { "OBJECTID": 191403, "SHAPE_Leng": 276.04991339700001, "SHAPE_Area": 3142.93229354, "Town": "Allama Iqbal Town", "UC_N0": "UC_120", "Landuse": "R", "KA": null, "Name": null, "Plot_No": null, "Road_Wdth": "30'", "Plot_Size": "18 M", "__source_file": "PCSIR.shp" }, "geometry": { "type": "Polygon", "coordinates": [ [ [ 74.265985611092447, 31.447348029636636 ], [ 74.265905755800446, 31.447230089319071 ], [ 74.265646240374622, 31.447352628433794 ], [ 74.265724992894391, 31.447467640573151 ], [ 74.265728341718386, 31.447472531250956 ], [ 74.265985611092447, 31.447348029636636 ] ] ] } },
{ "type": "Feature", "properties": { "OBJECTID": 194058, "SHAPE_Leng": 165.02533460500001, "SHAPE_Area": 1497.77839034, "Town": "Allama Iqbal Town", "UC_N0": "UC_120", "Landuse": "V", "KA": null, "Name": null, "Plot_No": null, "Road_Wdth": "30'", "Plot_Size": "18 M", "__source_file": "PCSIR.shp" }, "geometry": { "type": "Polygon", "coordinates": [ [ [ 74.265432384177728, 31.447040306640549 ], [ 74.265186333363047, 31.447163540851466 ], [ 74.265258275129412, 31.447270587960155 ], [ 74.265504905429793, 31.447146218583388 ], [ 74.265432384177728, 31.447040306640549 ] ] ] } },
{ "type": "Feature", "properties": { "OBJECTID": 194058, "SHAPE_Leng": 165.02533460500001, "SHAPE_Area": 1497.77839034, "Town": "Allama Iqbal Town", "UC_N0": "UC_120", "Landuse": "V", "KA": null, "Name": null, "Plot_No": null, "Road_Wdth": "30'", "Plot_Size": "18 M", "__source_file": "PCSIR.shp" }, "geometry": { "type": "Polygon", "coordinates": [ [ [ 74.265432384177728, 31.447040306640549 ], [ 74.265358349246924, 31.446932183796566 ], [ 74.265100028260306, 31.447035121175237 ], [ 74.265186333363047, 31.447163540851466 ], [ 74.265432384177728, 31.447040306640549 ] ] ] } },
{ "type": "Feature", "properties": { "OBJECTID": 191403, "SHAPE_Leng": 276.04991339700001, "SHAPE_Area": 3142.93229354, "Town": "Allama Iqbal Town", "UC_N0": "UC_120", "Landuse": "V", "KA": null, "Name": null, "Plot_No": null, "Road_Wdth": "30'", "Plot_Size": "18 M", "__source_file": "PCSIR.shp" }, "geometry": { "type": "Polygon", "coordinates": [ [ [ 74.265985611092447, 31.447348029636636 ], [ 74.265728341718386, 31.447472531250956 ], [ 74.265805283696224, 31.447584898423059 ], [ 74.265986202476924, 31.447496142157227 ], [ 74.265996545126484, 31.447482956749855 ], [ 74.266007770284972, 31.447462674980049 ], [ 74.266014716489337, 31.447441029787711 ], [ 74.266017172339545, 31.447418679489164 ], [ 74.266015065191894, 31.447396303044453 ], [ 74.266013376957957, 31.447389037671684 ], [ 74.265985611092447, 31.447348029636636 ] ] ] } },
{ "type": "Feature", "properties": { "OBJECTID": 191403, "SHAPE_Leng": 276.04991339700001, "SHAPE_Area": 3142.93229354, "Town": "Allama Iqbal Town", "UC_N0": "UC_120", "Landuse": "V", "KA": null, "Name": null, "Plot_No": null, "Road_Wdth": "30'", "Plot_Size": "18 M", "__source_file": "PCSIR.shp" }, "geometry": { "type": "Polygon", "coordinates": [ [ [ 74.265905755800446, 31.447230089319071 ], [ 74.265832717639697, 31.447122217097597 ], [ 74.265576178179572, 31.447250307785037 ], [ 74.265579819200113, 31.447255625250882 ], [ 74.265642398528811, 31.447347017698174 ], [ 74.265646240374622, 31.447352628433794 ], [ 74.265905755800446, 31.447230089319071 ] ] ] } },
{ "type": "Feature", "properties": { "OBJECTID": 191403, "SHAPE_Leng": 276.04991339700001, "SHAPE_Area": 3142.93229354, "Town": "Allama Iqbal Town", "UC_N0": "UC_120", "Landuse": "V", "KA": null, "Name": null, "Plot_No": null, "Road_Wdth": "30'", "Plot_Size": "18 M", "__source_file": "PCSIR.shp" }, "geometry": { "type": "Polygon", "coordinates": [ [ [ 74.265697168736878, 31.446922020154148 ], [ 74.265624148819171, 31.446814174061142 ], [ 74.265357795662894, 31.44693137532472 ], [ 74.265429532336498, 31.447036141731001 ], [ 74.265697168736878, 31.446922020154148 ] ] ] } },
{ "type": "Feature", "properties": { "OBJECTID": 191402, "SHAPE_Leng": 114.245790089, "SHAPE_Area": 815.479034039, "Town": "Allama Iqbal Town", "UC_N0": "UC_120", "Landuse": "R", "KA": null, "Name": null, "Plot_No": null, "Road_Wdth": "30'", "Plot_Size": "18 M", "__source_file": "PCSIR.shp" }, "geometry": { "type": "Polygon", "coordinates": [ [ [ 74.264383566839939, 31.446619756104891 ], [ 74.264131314768505, 31.44675996451495 ], [ 74.264193379403025, 31.446851322814442 ], [ 74.264458184621773, 31.446725894171639 ], [ 74.264383566839939, 31.446619756104891 ] ] ] } },
{ "type": "Feature", "properties": { "OBJECTID": 194065, "SHAPE_Leng": 163.83562877099999, "SHAPE_Area": 1523.81235795, "Town": "Allama Iqbal Town", "UC_N0": "UC_120", "Landuse": "V", "KA": null, "Name": null, "Plot_No": "248", "Road_Wdth": "30'", "Plot_Size": "18 M", "__source_file": "PCSIR.shp" }, "geometry": { "type": "Polygon", "coordinates": [ [ [ 74.264022658247868, 31.445808658431535 ], [ 74.264124356788315, 31.445977602921676 ], [ 74.264251076438057, 31.445926348948699 ], [ 74.264145463636495, 31.445768523813349 ], [ 74.264022658247868, 31.445808658431535 ] ] ] } },
{ "type": "Feature", "properties": { "OBJECTID": 194065, "SHAPE_Leng": 163.83562877099999, "SHAPE_Area": 1523.81235795, "Town": "Allama Iqbal Town", "UC_N0": "UC_120", "Landuse": "V", "KA": null, "Name": null, "Plot_No": null, "Road_Wdth": "30'", "Plot_Size": "18 M", "__source_file": "PCSIR.shp" }, "geometry": { "type": "Polygon", "coordinates": [ [ [ 74.264124356788315, 31.445977602921676 ], [ 74.264022658247868, 31.445808658431535 ], [ 74.263852454198016, 31.44586428338037 ], [ 74.263974679597467, 31.446038142237075 ], [ 74.264124356788315, 31.445977602921676 ] ] ] } },
{ "type": "Feature", "properties": { "OBJECTID": 194064, "SHAPE_Leng": 196.52290603500001, "SHAPE_Area": 1943.0364453699999, "Town": "Allama Iqbal Town", "UC_N0": "UC_120", "Landuse": "V", "KA": null, "Name": null, "Plot_No": "251", "Road_Wdth": "30'", "Plot_Size": "18 M", "__source_file": "PCSIR.shp" }, "geometry": { "type": "Polygon", "coordinates": [ [ [ 74.263827733866037, 31.446097576522178 ], [ 74.263714592134448, 31.445909338461263 ], [ 74.263582722387881, 31.445952434995917 ], [ 74.263712881041812, 31.446144030204536 ], [ 74.263827733866037, 31.446097576522178 ] ] ] } },
{ "type": "Feature", "properties": { "OBJECTID": 194064, "SHAPE_Leng": 196.52290603500001, "SHAPE_Area": 1943.0364453699999, "Town": "Allama Iqbal Town", "UC_N0": "UC_120", "Landuse": "V", "KA": null, "Name": null, "Plot_No": null, "Road_Wdth": "30'", "Plot_Size": "18 M", "__source_file": "PCSIR.shp" }, "geometry": { "type": "Polygon", "coordinates": [ [ [ 74.263714592134448, 31.445909338461263 ], [ 74.263827733866037, 31.446097576522178 ], [ 74.263974679597467, 31.446038142237075 ], [ 74.263852454198016, 31.44586428338037 ], [ 74.263714592134448, 31.445909338461263 ] ] ] } },
{ "type": "Feature", "properties": { "OBJECTID": 194064, "SHAPE_Leng": 196.52290603500001, "SHAPE_Area": 1943.0364453699999, "Town": "Allama Iqbal Town", "UC_N0": "UC_120", "Landuse": "V", "KA": null, "Name": null, "Plot_No": null, "Road_Wdth": "30'", "Plot_Size": "18 M", "__source_file": "PCSIR.shp" }, "geometry": { "type": "Polygon", "coordinates": [ [ [ 74.264145840943044, 31.446281608503881 ], [ 74.263896836406886, 31.446414813324633 ], [ 74.263967451289545, 31.446518758269338 ], [ 74.264223796972985, 31.446392495651978 ], [ 74.264154875171073, 31.446294459085085 ], [ 74.264145840943044, 31.446281608503881 ] ] ] } },
{ "type": "Feature", "properties": { "OBJECTID": 194064, "SHAPE_Leng": 196.52290603500001, "SHAPE_Area": 1943.0364453699999, "Town": "Allama Iqbal Town", "UC_N0": "UC_120", "Landuse": "V", "KA": null, "Name": null, "Plot_No": null, "Road_Wdth": "30'", "Plot_Size": "18 M", "__source_file": "PCSIR.shp" }, "geometry": { "type": "Polygon", "coordinates": [ [ [ 74.264047890200885, 31.446142279903597 ], [ 74.263974679597467, 31.446038142237075 ], [ 74.263712881041812, 31.446144030204536 ], [ 74.263805219680251, 31.446279953318442 ], [ 74.264047890200885, 31.446142279903597 ] ] ] } },
{ "type": "Feature", "properties": { "OBJECTID": 194063, "SHAPE_Leng": 194.527336058, "SHAPE_Area": 1905.72006592, "Town": "Allama Iqbal Town", "UC_N0": "UC_120", "Landuse": "V", "KA": null, "Name": null, "Plot_No": "240", "Road_Wdth": "30'", "Plot_Size": "18 M", "__source_file": "PCSIR.shp" }, "geometry": { "type": "Polygon", "coordinates": [ [ [ 74.264785269998427, 31.446724625525512 ], [ 74.264537174381672, 31.446838251193441 ], [ 74.264605059845437, 31.446934812351444 ], [ 74.264845166986007, 31.446814132078824 ], [ 74.264785269998427, 31.446724625525512 ] ] ] } },
{ "type": "Feature", "properties": { "OBJECTID": 194063, "SHAPE_Leng": 194.527336058, "SHAPE_Area": 1905.72006592, "Town": "Allama Iqbal Town", "UC_N0": "UC_120", "Landuse": "V", "KA": null, "Name": null, "Plot_No": null, "Road_Wdth": "30'", "Plot_Size": "18 M", "__source_file": "PCSIR.shp" }, "geometry": { "type": "Polygon", "coordinates": [ [ [ 74.264561421416047, 31.446390117568349 ], [ 74.26449090988713, 31.446284748152596 ], [ 74.264234152987413, 31.44640722627344 ], [ 74.264301884378199, 31.446503568752647 ], [ 74.264302444738945, 31.446504365826122 ], [ 74.264561421416047, 31.446390117568349 ] ] ] } },
{ "type": "Feature", "properties": { "OBJECTID": 194063, "SHAPE_Leng": 194.527336058, "SHAPE_Area": 1905.72006592, "Town": "Allama Iqbal Town", "UC_N0": "UC_120", "Landuse": "V", "KA": null, "Name": null, "Plot_No": null, "Road_Wdth": "30'", "Plot_Size": "18 M", "__source_file": "PCSIR.shp" }, "geometry": { "type": "Polygon", "coordinates": [ [ [ 74.264710860028728, 31.446613431348041 ], [ 74.264640619977243, 31.446508468190224 ], [ 74.264377695936432, 31.44661140518345 ], [ 74.264454952715369, 31.44672129703865 ], [ 74.264710860028728, 31.446613431348041 ] ] ] } },
{ "type": "Feature", "properties": { "OBJECTID": 194063, "SHAPE_Leng": 194.527336058, "SHAPE_Area": 1905.72006592, "Town": "Allama Iqbal Town", "UC_N0": "UC_120", "Landuse": "V", "KA": null, "Name": null, "Plot_No": null, "Road_Wdth": "30'", "Plot_Size": "18 M", "__source_file": "PCSIR.shp" }, "geometry": { "type": "Polygon", "coordinates": [ [ [ 74.264319921249324, 31.44602922858887 ], [ 74.264251076438057, 31.445926348948699 ], [ 74.263974679597467, 31.446038142237075 ], [ 74.264047395247005, 31.446141575862438 ], [ 74.264319921249324, 31.44602922858887 ] ] ] } },
{ "type": "Feature", "properties": { "OBJECTID": 194063, "SHAPE_Leng": 194.527336058, "SHAPE_Area": 1905.72006592, "Town": "Allama Iqbal Town", "UC_N0": "UC_120", "Landuse": "V", "KA": null, "Name": null, "Plot_No": null, "Road_Wdth": "30'", "Plot_Size": "18 M", "__source_file": "PCSIR.shp" }, "geometry": { "type": "Polygon", "coordinates": [ [ [ 74.264785269998427, 31.446724625525512 ], [ 74.264710860028728, 31.446613431348041 ], [ 74.264454952715369, 31.44672129703865 ], [ 74.264458184621773, 31.446725894171639 ], [ 74.264532223748148, 31.446831209339507 ], [ 74.264537174381672, 31.446838251193441 ], [ 74.264785269998427, 31.446724625525512 ] ] ] } },
{ "type": "Feature", "properties": { "OBJECTID": 194063, "SHAPE_Leng": 194.527336058, "SHAPE_Area": 1905.72006592, "Town": "Allama Iqbal Town", "UC_N0": "UC_120", "Landuse": "V", "KA": null, "Name": null, "Plot_No": null, "Road_Wdth": "30'", "Plot_Size": "18 M", "__source_file": "PCSIR.shp" }, "geometry": { "type": "Polygon", "coordinates": [ [ [ 74.264640619977243, 31.446508468190224 ], [ 74.264561421416047, 31.446390117568349 ], [ 74.264302444738945, 31.446504365826122 ], [ 74.264377695936432, 31.44661140518345 ], [ 74.264640619977243, 31.446508468190224 ] ] ] } },
{ "type": "Feature", "properties": { "OBJECTID": 194063, "SHAPE_Leng": 194.527336058, "SHAPE_Area": 1905.72006592, "Town": "Allama Iqbal Town", "UC_N0": "UC_120", "Landuse": "V", "KA": null, "Name": null, "Plot_No": null, "Road_Wdth": "30'", "Plot_Size": "18 M", "__source_file": "PCSIR.shp" }, "geometry": { "type": "Polygon", "coordinates": [ [ [ 74.264403157591786, 31.446153614160039 ], [ 74.264319921249324, 31.44602922858887 ], [ 74.264047395247005, 31.446141575862438 ], [ 74.264141049097873, 31.446274792425019 ], [ 74.264403157591786, 31.446153614160039 ] ] ] } },
{ "type": "Feature", "properties": { "OBJECTID": 177257, "SHAPE_Leng": 422.84259946899999, "SHAPE_Area": 6181.7860888100004, "Town": "Allama Iqbal Town", "UC_N0": "UC_120", "Landuse": "R", "KA": null, "Name": null, "Plot_No": null, "Road_Wdth": "30'", "Plot_Size": "18 M", "__source_file": "PCSIR.shp" }, "geometry": { "type": "Polygon", "coordinates": [ [ [ 74.264725405837808, 31.446004514211772 ], [ 74.264648533895098, 31.44589387343073 ], [ 74.264409200620989, 31.446007177191706 ], [ 74.264487837836725, 31.44612419018214 ], [ 74.264725405837808, 31.446004514211772 ] ] ] } },
{ "type": "Feature", "properties": { "OBJECTID": 177257, "SHAPE_Leng": 422.84259946899999, "SHAPE_Area": 6181.7860888100004, "Town": "Allama Iqbal Town", "UC_N0": "UC_120", "Landuse": "R", "KA": null, "Name": null, "Plot_No": null, "Road_Wdth": "30'", "Plot_Size": "18 M", "__source_file": "PCSIR.shp" }, "geometry": { "type": "Polygon", "coordinates": [ [ [ 74.264916358022717, 31.446279347882225 ], [ 74.264817224327786, 31.446136666965877 ], [ 74.264585784381751, 31.44626993492388 ], [ 74.264634785208386, 31.446342847775817 ], [ 74.264675821116199, 31.446403908963571 ], [ 74.264916358022717, 31.446279347882225 ] ] ] } },
{ "type": "Feature", "properties": { "OBJECTID": 177257, "SHAPE_Leng": 422.84259946899999, "SHAPE_Area": 6181.7860888100004, "Town": "Allama Iqbal Town", "UC_N0": "UC_120", "Landuse": "R", "KA": null, "Name": null, "Plot_No": null, "Road_Wdth": "30'", "Plot_Size": "18 M", "__source_file": "PCSIR.shp" }, "geometry": { "type": "Polygon", "coordinates": [ [ [ 74.265014595844249, 31.446420738891216 ], [ 74.264916358022717, 31.446279347882225 ], [ 74.264675821116199, 31.446403908963571 ], [ 74.26477264059055, 31.44654797540618 ], [ 74.265014595844249, 31.446420738891216 ] ] ] } },
{ "type": "Feature", "properties": { "OBJECTID": 177257, "SHAPE_Leng": 422.84259946899999, "SHAPE_Area": 6181.7860888100004, "Town": "Allama Iqbal Town", "UC_N0": "UC_120", "Landuse": "V", "KA": null, "Name": null, "Plot_No": null, "Road_Wdth": "30'", "Plot_Size": "18 M", "__source_file": "PCSIR.shp" }, "geometry": { "type": "Polygon", "coordinates": [ [ [ 74.264367349684818, 31.445696007775794 ], [ 74.264454902067129, 31.445851643147979 ], [ 74.264585653844946, 31.445803370772353 ], [ 74.264484466353181, 31.445657732152242 ], [ 74.264367349684818, 31.445696007775794 ] ] ] } },
{ "type": "Feature", "properties": { "OBJECTID": 177257, "SHAPE_Leng": 422.84259946899999, "SHAPE_Area": 6181.7860888100004, "Town": "Allama Iqbal Town", "UC_N0": "UC_120", "Landuse": "R", "KA": null, "Name": null, "Plot_No": "213", "Road_Wdth": "30'", "Plot_Size": "18 M", "__source_file": "PCSIR.shp" }, "geometry": { "type": "Polygon", "coordinates": [ [ [ 74.26463955352321, 31.445607046916273 ], [ 74.264743138540737, 31.445745228599822 ], [ 74.264868059452382, 31.445699108542559 ], [ 74.264818810964115, 31.445626509169763 ], [ 74.264813892802124, 31.445621034205971 ], [ 74.264799885968173, 31.445608863088292 ], [ 74.264783626155435, 31.445598962571818 ], [ 74.264765607738923, 31.445591633227711 ], [ 74.264746379374756, 31.44558709744534 ], [ 74.264728172973591, 31.445585513293384 ], [ 74.264718716073901, 31.445585677350046 ], [ 74.26468816760412, 31.445590937007491 ], [ 74.264677486435076, 31.445594649705516 ], [ 74.26463955352321, 31.445607046916273 ] ] ] } },
{ "type": "Feature", "properties": { "OBJECTID": 177257, "SHAPE_Leng": 422.84259946899999, "SHAPE_Area": 6181.7860888100004, "Town": "Allama Iqbal Town", "UC_N0": "UC_120", "Landuse": "R", "KA": null, "Name": null, "Plot_No": null, "Road_Wdth": "30'", "Plot_Size": "18 M", "__source_file": "PCSIR.shp" }, "geometry": { "type": "Polygon", "coordinates": [ [ [ 74.264743138540737, 31.445745228599822 ], [ 74.26463955352321, 31.445607046916273 ], [ 74.264611262757114, 31.445616292877354 ], [ 74.264484466353181, 31.445657732152242 ], [ 74.264585653844946, 31.445803370772353 ], [ 74.264743138540737, 31.445745228599822 ] ] ] } },
{ "type": "Feature", "properties": { "OBJECTID": 177257, "SHAPE_Leng": 422.84259946899999, "SHAPE_Area": 6181.7860888100004, "Town": "Allama Iqbal Town", "UC_N0": "UC_120", "Landuse": "V", "KA": null, "Name": null, "Plot_No": null, "Road_Wdth": "30'", "Plot_Size": "18 M", "__source_file": "PCSIR.shp" }, "geometry": { "type": "Polygon", "coordinates": [ [ [ 74.265098083177563, 31.446540899537418 ], [ 74.264853648030382, 31.446668513303674 ], [ 74.264924659859105, 31.446774177583961 ], [ 74.265173326518834, 31.44664919456379 ], [ 74.265098083177563, 31.446540899537418 ] ] ] } },
{ "type": "Feature", "properties": { "OBJECTID": 177257, "SHAPE_Leng": 422.84259946899999, "SHAPE_Area": 6181.7860888100004, "Town": "Allama Iqbal Town", "UC_N0": "UC_120", "Landuse": "V", "KA": null, "Name": null, "Plot_No": null, "Road_Wdth": "30'", "Plot_Size": "18 M", "__source_file": "PCSIR.shp" }, "geometry": { "type": "Polygon", "coordinates": [ [ [ 74.265098083177563, 31.446540899537418 ], [ 74.265014595844249, 31.446420738891216 ], [ 74.26477264059055, 31.44654797540618 ], [ 74.264853648030382, 31.446668513303674 ], [ 74.265098083177563, 31.446540899537418 ] ] ] } },
{ "type": "Feature", "properties": { "OBJECTID": 177257, "SHAPE_Leng": 422.84259946899999, "SHAPE_Area": 6181.7860888100004, "Town": "Allama Iqbal Town", "UC_N0": "UC_120", "Landuse": "V", "KA": null, "Name": null, "Plot_No": null, "Road_Wdth": "30'", "Plot_Size": "18 M", "__source_file": "PCSIR.shp" }, "geometry": { "type": "Polygon", "coordinates": [ [ [ 74.264817224327786, 31.446136666965877 ], [ 74.264725405837808, 31.446004514211772 ], [ 74.264487837836725, 31.44612419018214 ], [ 74.264557620287576, 31.44622802691012 ], [ 74.264585784381751, 31.44626993492388 ], [ 74.264817224327786, 31.446136666965877 ] ] ] } },
{ "type": "Feature", "properties": { "OBJECTID": 177257, "SHAPE_Leng": 422.84259946899999, "SHAPE_Area": 6181.7860888100004, "Town": "Allama Iqbal Town", "UC_N0": "UC_120", "Landuse": "V", "KA": null, "Name": null, "Plot_No": null, "Road_Wdth": "30'", "Plot_Size": "18 M", "__source_file": "PCSIR.shp" }, "geometry": { "type": "Polygon", "coordinates": [ [ [ 74.265349916353912, 31.446409422576735 ], [ 74.265098083177563, 31.446540899537418 ], [ 74.265173326518834, 31.44664919456379 ], [ 74.265426313165705, 31.4465220394178 ], [ 74.265349916353912, 31.446409422576735 ] ] ] } },
{ "type": "Feature", "properties": { "OBJECTID": 177257, "SHAPE_Leng": 422.84259946899999, "SHAPE_Area": 6181.7860888100004, "Town": "Allama Iqbal Town", "UC_N0": "UC_120", "Landuse": "V", "KA": null, "Name": null, "Plot_No": null, "Road_Wdth": "30'", "Plot_Size": "18 M", "__source_file": "PCSIR.shp" }, "geometry": { "type": "Polygon", "coordinates": [ [ [ 74.264986136366602, 31.445873169144679 ], [ 74.264914701614572, 31.445767865008673 ], [ 74.264648533895098, 31.44589387343073 ], [ 74.264725405837808, 31.446004514211772 ], [ 74.264986136366602, 31.445873169144679 ] ] ] } },
{ "type": "Feature", "properties": { "OBJECTID": 177257, "SHAPE_Leng": 422.84259946899999, "SHAPE_Area": 6181.7860888100004, "Town": "Allama Iqbal Town", "UC_N0": "UC_120", "Landuse": "V", "KA": null, "Name": null, "Plot_No": null, "Road_Wdth": "30'", "Plot_Size": "18 M", "__source_file": "PCSIR.shp" }, "geometry": { "type": "Polygon", "coordinates": [ [ [ 74.265349916353912, 31.446409422576735 ], [ 74.265267405937934, 31.446287793297934 ], [ 74.265014595844249, 31.446420738891216 ], [ 74.265098083177563, 31.446540899537418 ], [ 74.265349916353912, 31.446409422576735 ] ] ] } },
{ "type": "Feature", "properties": { "OBJECTID": 177257, "SHAPE_Leng": 422.84259946899999, "SHAPE_Area": 6181.7860888100004, "Town": "Allama Iqbal Town", "UC_N0": "UC_120", "Landuse": "V", "KA": null, "Name": null, "Plot_No": null, "Road_Wdth": "30'", "Plot_Size": "18 M", "__source_file": "PCSIR.shp" }, "geometry": { "type": "Polygon", "coordinates": [ [ [ 74.265067228447904, 31.445992708463429 ], [ 74.264995200317017, 31.445886530569606 ], [ 74.264986136366602, 31.445873169144679 ], [ 74.264725405837808, 31.446004514211772 ], [ 74.264817224327786, 31.446136666965909 ], [ 74.265067228447904, 31.445992708463429 ] ] ] } },
{ "type": "Feature", "properties": { "OBJECTID": 177257, "SHAPE_Leng": 422.84259946899999, "SHAPE_Area": 6181.7860888100004, "Town": "Allama Iqbal Town", "UC_N0": "UC_120", "Landuse": "V", "KA": null, "Name": null, "Plot_No": null, "Road_Wdth": "30'", "Plot_Size": "18 M", "__source_file": "PCSIR.shp" }, "geometry": { "type": "Polygon", "coordinates": [ [ [ 74.265267405937934, 31.446287793297934 ], [ 74.265215989313546, 31.446211999447847 ], [ 74.265171904577542, 31.446147013248229 ], [ 74.264916358022717, 31.446279347882225 ], [ 74.265014595844249, 31.446420738891216 ], [ 74.265267405937934, 31.446287793297934 ] ] ] } },
{ "type": "Feature", "properties": { "OBJECTID": 177257, "SHAPE_Leng": 422.84259946899999, "SHAPE_Area": 6181.7860888100004, "Town": "Allama Iqbal Town", "UC_N0": "UC_120", "Landuse": "V", "KA": null, "Name": null, "Plot_No": null, "Road_Wdth": "30'", "Plot_Size": "1 K", "__source_file": "PCSIR.shp" }, "geometry": { "type": "Polygon", "coordinates": [ [ [ 74.264454902067129, 31.445851643147979 ], [ 74.264367349684818, 31.445696007775794 ], [ 74.264317509929953, 31.445712296172431 ], [ 74.264230205142056, 31.445740828655925 ], [ 74.264298596247215, 31.445842596077657 ], [ 74.264334539206857, 31.445896079865882 ], [ 74.264454902067129, 31.445851643147979 ] ] ] } },
{ "type": "Feature", "properties": { "OBJECTID": 177257, "SHAPE_Leng": 422.84259946899999, "SHAPE_Area": 6181.7860888100004, "Town": "Allama Iqbal Town", "UC_N0": "UC_120", "Landuse": "R", "KA": null, "Name": null, "Plot_No": null, "Road_Wdth": "30'", "Plot_Size": "18 M", "__source_file": "PCSIR.shp" }, "geometry": { "type": "Polygon", "coordinates": [ [ [ 74.264908663401371, 31.445758964520774 ], [ 74.264868059452382, 31.445699108542559 ], [ 74.264743138540737, 31.445745228599822 ], [ 74.264585653844918, 31.445803370772353 ], [ 74.264620456063739, 31.445853461300061 ], [ 74.264648533895098, 31.44589387343073 ], [ 74.264914701614572, 31.445767865008673 ], [ 74.264909407296471, 31.445760060482858 ], [ 74.264908663401371, 31.445758964520774 ] ] ] } },
{ "type": "Feature", "properties": { "OBJECTID": 177257, "SHAPE_Leng": 422.84259946899999, "SHAPE_Area": 6181.7860888100004, "Town": "Allama Iqbal Town", "UC_N0": "UC_120", "Landuse": "V", "KA": null, "Name": null, "Plot_No": null, "Road_Wdth": "30'", "Plot_Size": "18 M", "__source_file": "PCSIR.shp" }, "geometry": { "type": "Polygon", "coordinates": [ [ [ 74.264620456063739, 31.445853461300061 ], [ 74.264585653844918, 31.445803370772353 ], [ 74.264454902067129, 31.445851643147979 ], [ 74.264334539206857, 31.445896079865882 ], [ 74.264394617090375, 31.44598547671044 ], [ 74.264409200620989, 31.446007177191706 ], [ 74.264648533895098, 31.44589387343073 ], [ 74.264620456063739, 31.445853461300061 ] ] ] } },
{ "type": "Feature", "properties": { "OBJECTID": 194105, "SHAPE_Leng": 140.50784203200001, "SHAPE_Area": 1028.92002284, "Town": "Allama Iqbal Town", "UC_N0": "UC_120", "Landuse": "V", "KA": null, "Name": null, "Plot_No": "197", "Road_Wdth": "30'", "Plot_Size": "9 M", "__source_file": "PCSIR.shp" }, "geometry": { "type": "Polygon", "coordinates": [ [ [ 74.265102268886793, 31.445541165998325 ], [ 74.26506633338677, 31.44548295263893 ], [ 74.265048666857524, 31.445484470775941 ], [ 74.26500330314407, 31.445493630639191 ], [ 74.264960780450892, 31.445509984897285 ], [ 74.264922635639849, 31.445532943294054 ], [ 74.264890249593833, 31.445561675589889 ], [ 74.264876411832148, 31.445578124956931 ], [ 74.264912935691839, 31.445632130256381 ], [ 74.265102268886793, 31.445541165998325 ] ] ] } },
{ "type": "Feature", "properties": { "OBJECTID": 194105, "SHAPE_Leng": 140.50784203200001, "SHAPE_Area": 1028.92002284, "Town": "Allama Iqbal Town", "UC_N0": "UC_120", "Landuse": "V", "KA": null, "Name": null, "Plot_No": null, "Road_Wdth": "30'", "Plot_Size": "9 M", "__source_file": "PCSIR.shp" }, "geometry": { "type": "Polygon", "coordinates": [ [ [ 74.265197982054715, 31.445696215381414 ], [ 74.265168516454338, 31.445648482880618 ], [ 74.265149127316633, 31.445617073728616 ], [ 74.264964091303526, 31.445707770392843 ], [ 74.26501058316461, 31.445776514453815 ], [ 74.265197982054715, 31.445696215381414 ] ] ] } },
{ "type": "Feature", "properties": { "OBJECTID": 194105, "SHAPE_Leng": 140.50784203200001, "SHAPE_Area": 1028.92002284, "Town": "Allama Iqbal Town", "UC_N0": "UC_120", "Landuse": "V", "KA": null, "Name": null, "Plot_No": null, "Road_Wdth": "30'", "Plot_Size": "9 M", "__source_file": "PCSIR.shp" }, "geometry": { "type": "Polygon", "coordinates": [ [ [ 74.265149127316633, 31.445617073728616 ], [ 74.265102268886793, 31.445541165998325 ], [ 74.264912935691839, 31.445632130256381 ], [ 74.264964091303526, 31.445707770392843 ], [ 74.265149127316633, 31.445617073728616 ] ] ] } },
{ "type": "Feature", "properties": { "OBJECTID": 194105, "SHAPE_Leng": 140.50784203200001, "SHAPE_Area": 1028.92002284, "Town": "Allama Iqbal Town", "UC_N0": "UC_120", "Landuse": "V", "KA": null, "Name": null, "Plot_No": null, "Road_Wdth": "30'", "Plot_Size": "9 M", "__source_file": "PCSIR.shp" }, "geometry": { "type": "Polygon", "coordinates": [ [ [ 74.265257823476006, 31.44579315471783 ], [ 74.265080915077661, 31.445880508808219 ], [ 74.265137776036369, 31.445964584511422 ], [ 74.265314296159985, 31.445884636705706 ], [ 74.265257823476006, 31.44579315471783 ] ] ] } },
{ "type": "Feature", "properties": { "OBJECTID": 194102, "SHAPE_Leng": 172.25869407299999, "SHAPE_Area": 1661.8983303099999, "Town": "Allama Iqbal Town", "UC_N0": "UC_120", "Landuse": "V", "KA": null, "Name": null, "Plot_No": "189", "Road_Wdth": "30'", "Plot_Size": "12 M", "__source_file": "PCSIR.shp" }, "geometry": { "type": "Polygon", "coordinates": [ [ [ 74.265453894244487, 31.446101529765393 ], [ 74.265283160387213, 31.446179553181214 ], [ 74.265348614054517, 31.446276333671562 ], [ 74.265511954197549, 31.446197782679231 ], [ 74.265453894244487, 31.446101529765393 ] ] ] } },
{ "type": "Feature", "properties": { "OBJECTID": 194102, "SHAPE_Leng": 172.25869407299999, "SHAPE_Area": 1661.8983303099999, "Town": "Allama Iqbal Town", "UC_N0": "UC_120", "Landuse": "V", "KA": null, "Name": null, "Plot_No": null, "Road_Wdth": "30'", "Plot_Size": "9 M", "__source_file": "PCSIR.shp" }, "geometry": { "type": "Polygon", "coordinates": [ [ [ 74.265411391099178, 31.446031067088956 ], [ 74.265238512166718, 31.446113535714492 ], [ 74.265283160387213, 31.446179553181214 ], [ 74.265453894244487, 31.446101529765393 ], [ 74.265411391099178, 31.446031067088956 ] ] ] } },
{ "type": "Feature", "properties": { "OBJECTID": 194102, "SHAPE_Leng": 172.25869407299999, "SHAPE_Area": 1661.8983303099999, "Town": "Allama Iqbal Town", "UC_N0": "UC_120", "Landuse": "V", "KA": null, "Name": null, "Plot_No": null, "Road_Wdth": "30'", "Plot_Size": "9 M", "__source_file": "PCSIR.shp" }, "geometry": { "type": "Polygon", "coordinates": [ [ [ 74.265411391099178, 31.446031067088956 ], [ 74.265368221235008, 31.445959498990028 ], [ 74.265362116007779, 31.445962101795036 ], [ 74.265186678925019, 31.446036894243505 ], [ 74.265238512166718, 31.446113535714492 ], [ 74.265411391099178, 31.446031067088956 ] ] ] } },
{ "type": "Feature", "properties": { "OBJECTID": 194103, "SHAPE_Leng": 129.72882236300001, "SHAPE_Area": 1011.66287804, "Town": "Allama Iqbal Town", "UC_N0": "UC_120", "Landuse": "R", "KA": null, "Name": null, "Plot_No": null, "Road_Wdth": "30'", "Plot_Size": "15 M", "__source_file": "PCSIR.shp" }, "geometry": { "type": "Polygon", "coordinates": [ [ [ 74.266135501890332, 31.445632385173273 ], [ 74.266272962211147, 31.445831805754956 ], [ 74.266354742158356, 31.445792476415971 ], [ 74.266345155900211, 31.445777771167915 ], [ 74.266225393397178, 31.44559406144322 ], [ 74.266135501890332, 31.445632385173273 ] ] ] } },
{ "type": "Feature", "properties": { "OBJECTID": 194103, "SHAPE_Leng": 129.72882236300001, "SHAPE_Area": 1011.66287804, "Town": "Allama Iqbal Town", "UC_N0": "UC_120", "Landuse": "V", "KA": null, "Name": null, "Plot_No": null, "Road_Wdth": "30'", "Plot_Size": "15 M", "__source_file": "PCSIR.shp" }, "geometry": { "type": "Polygon", "coordinates": [ [ [ 74.266121715579501, 31.445904542553027 ], [ 74.26598040751476, 31.445698506824417 ], [ 74.265858203930378, 31.445750605888477 ], [ 74.266002011896788, 31.445962109660218 ], [ 74.266121715579501, 31.445904542553027 ] ] ] } },
{ "type": "Feature", "properties": { "OBJECTID": 194102, "SHAPE_Leng": 172.25869407299999, "SHAPE_Area": 1661.8983303099999, "Town": "Allama Iqbal Town", "UC_N0": "UC_120", "Landuse": "R", "KA": null, "Name": null, "Plot_No": null, "Road_Wdth": "30'", "Plot_Size": "18 M", "__source_file": "PCSIR.shp" }, "geometry": { "type": "Polygon", "coordinates": [ [ [ 74.265611950616943, 31.445855590941711 ], [ 74.265754542399719, 31.446081120313924 ], [ 74.265872462961596, 31.446024411216541 ], [ 74.265720298236616, 31.445809399364823 ], [ 74.265611950616943, 31.445855590941711 ] ] ] } },
{ "type": "Feature", "properties": { "OBJECTID": 194102, "SHAPE_Leng": 172.25869407299999, "SHAPE_Area": 1661.8983303099999, "Town": "Allama Iqbal Town", "UC_N0": "UC_120", "Landuse": "R", "KA": null, "Name": null, "Plot_No": null, "Road_Wdth": "30'", "Plot_Size": "18 M", "__source_file": "PCSIR.shp" }, "geometry": { "type": "Polygon", "coordinates": [ [ [ 74.265624091080568, 31.446143855360923 ], [ 74.26548723273423, 31.445908761441704 ], [ 74.26546297115334, 31.445919104767789 ], [ 74.265368221235008, 31.445959498990028 ], [ 74.265453894244487, 31.446101529765393 ], [ 74.265511954197549, 31.446197782679231 ], [ 74.265624091080568, 31.446143855360923 ] ] ] } },
{ "type": "Feature", "properties": { "OBJECTID": 194102, "SHAPE_Leng": 172.25869407299999, "SHAPE_Area": 1661.8983303099999, "Town": "Allama Iqbal Town", "UC_N0": "UC_120", "Landuse": "R", "KA": null, "Name": null, "Plot_No": null, "Road_Wdth": "30'", "Plot_Size": "18 M", "__source_file": "PCSIR.shp" }, "geometry": { "type": "Polygon", "coordinates": [ [ [ 74.265754542399719, 31.446081120313924 ], [ 74.265611950616943, 31.445855590941711 ], [ 74.26548723273423, 31.445908761441704 ], [ 74.265624091080568, 31.446143855360923 ], [ 74.265754542399719, 31.446081120313924 ] ] ] } },
{ "type": "Feature", "properties": { "OBJECTID": 194115, "SHAPE_Leng": 420.07361596700002, "SHAPE_Area": 6730.6310486100001, "Town": "Allama Iqbal Town", "UC_N0": "UC_120", "Landuse": "R", "KA": null, "Name": null, "Plot_No": null, "Road_Wdth": "30'", "Plot_Size": "18 M", "__source_file": "PCSIR.shp" }, "geometry": { "type": "Polygon", "coordinates": [ [ [ 74.265801828884207, 31.446467699318095 ], [ 74.265741073408407, 31.446375863064315 ], [ 74.265499256536629, 31.446494224338608 ], [ 74.265565996949192, 31.44659290672017 ], [ 74.265801828884207, 31.446467699318095 ] ] ] } },
{ "type": "Feature", "properties": { "OBJECTID": 194115, "SHAPE_Leng": 420.07361596700002, "SHAPE_Area": 6730.6310486100001, "Town": "Allama Iqbal Town", "UC_N0": "UC_120", "Landuse": "R", "KA": null, "Name": null, "Plot_No": null, "Road_Wdth": "30'", "Plot_Size": "18 M", "__source_file": "PCSIR.shp" }, "geometry": { "type": "Polygon", "coordinates": [ [ [ 74.266127132972144, 31.446959416252938 ], [ 74.26605418149579, 31.446849146167384 ], [ 74.265823818485316, 31.446974119428688 ], [ 74.265895836022509, 31.447080603303586 ], [ 74.266127132972144, 31.446959416252938 ] ] ] } },
{ "type": "Feature", "properties": { "OBJECTID": 194115, "SHAPE_Leng": 420.07361596700002, "SHAPE_Area": 6730.6310486100001, "Town": "Allama Iqbal Town", "UC_N0": "UC_120", "Landuse": "R", "KA": null, "Name": null, "Plot_No": "180", "Road_Wdth": "30'", "Plot_Size": "18 M", "__source_file": "PCSIR.shp" }, "geometry": { "type": "Polygon", "coordinates": [ [ [ 74.266211949004528, 31.447087619881334 ], [ 74.265978532830971, 31.447202877019624 ], [ 74.266059103196199, 31.447322006269935 ], [ 74.266289041175384, 31.447204148163426 ], [ 74.266211949004528, 31.447087619881334 ] ] ] } },
{ "type": "Feature", "properties": { "OBJECTID": 194115, "SHAPE_Leng": 420.07361596700002, "SHAPE_Area": 6730.6310486100001, "Town": "Allama Iqbal Town", "UC_N0": "UC_120", "Landuse": "R", "KA": null, "Name": null, "Plot_No": null, "Road_Wdth": "30'", "Plot_Size": "18 M", "__source_file": "PCSIR.shp" }, "geometry": { "type": "Polygon", "coordinates": [ [ [ 74.26605418149579, 31.446849146167384 ], [ 74.265975240085027, 31.446729821639494 ], [ 74.265745378709823, 31.446858139427796 ], [ 74.265823818485316, 31.446974119428688 ], [ 74.26605418149579, 31.446849146167384 ] ] ] } },
{ "type": "Feature", "properties": { "OBJECTID": 194115, "SHAPE_Leng": 420.07361596700002, "SHAPE_Area": 6730.6310486100001, "Town": "Allama Iqbal Town", "UC_N0": "UC_120", "Landuse": "R", "KA": null, "Name": null, "Plot_No": null, "Road_Wdth": "30'", "Plot_Size": "18 M", "__source_file": "PCSIR.shp" }, "geometry": { "type": "Polygon", "coordinates": [ [ [ 74.266211949004528, 31.447087619881334 ], [ 74.266127132972144, 31.446959416252938 ], [ 74.265895836022509, 31.447080603303586 ], [ 74.265978532830971, 31.447202877019624 ], [ 74.266211949004528, 31.447087619881334 ] ] ] } },
{ "type": "Feature", "properties": { "OBJECTID": 194115, "SHAPE_Leng": 420.07361596700002, "SHAPE_Area": 6730.6310486100001, "Town": "Allama Iqbal Town", "UC_N0": "UC_120", "Landuse": "R", "KA": null, "Name": null, "Plot_No": null, "Road_Wdth": "30'", "Plot_Size": "18 M", "__source_file": "PCSIR.shp" }, "geometry": { "type": "Polygon", "coordinates": [ [ [ 74.266078645257139, 31.446320731552692 ], [ 74.266024198662805, 31.44623728174869 ], [ 74.265741073408407, 31.446375863064315 ], [ 74.265801828884207, 31.446467699318095 ], [ 74.266078645257139, 31.446320731552692 ] ] ] } },
{ "type": "Feature", "properties": { "OBJECTID": 194115, "SHAPE_Leng": 420.07361596700002, "SHAPE_Area": 6730.6310486100001, "Town": "Allama Iqbal Town", "UC_N0": "UC_120", "Landuse": "R", "KA": null, "Name": null, "Plot_No": null, "Road_Wdth": "30'", "Plot_Size": "18 M", "__source_file": "PCSIR.shp" }, "geometry": { "type": "Polygon", "coordinates": [ [ [ 74.266489563261075, 31.446950537511633 ], [ 74.266211949004528, 31.447087619881334 ], [ 74.266289041175384, 31.447204148163426 ], [ 74.266314462509968, 31.447191118039019 ], [ 74.266349764408872, 31.447173521122107 ], [ 74.26656631787553, 31.447068176782995 ], [ 74.266489563261075, 31.446950537511633 ] ] ] } },
{ "type": "Feature", "properties": { "OBJECTID": 194115, "SHAPE_Leng": 420.07361596700002, "SHAPE_Area": 6730.6310486100001, "Town": "Allama Iqbal Town", "UC_N0": "UC_120", "Landuse": "R", "KA": null, "Name": null, "Plot_No": null, "Road_Wdth": "30'", "Plot_Size": "18 M", "__source_file": "PCSIR.shp" }, "geometry": { "type": "Polygon", "coordinates": [ [ [ 74.266326883642762, 31.446701202704357 ], [ 74.266246687623536, 31.446578287802282 ], [ 74.265975240085041, 31.446729821639494 ], [ 74.266054181495818, 31.446849146167384 ], [ 74.266326883642762, 31.446701202704357 ] ] ] } },
{ "type": "Feature", "properties": { "OBJECTID": 194115, "SHAPE_Leng": 420.07361596700002, "SHAPE_Area": 6730.6310486100001, "Town": "Allama Iqbal Town", "UC_N0": "UC_120", "Landuse": "V", "KA": null, "Name": null, "Plot_No": "189", "Road_Wdth": "30'", "Plot_Size": "18 M", "__source_file": "PCSIR.shp" }, "geometry": { "type": "Polygon", "coordinates": [ [ [ 74.265684718504474, 31.446290678406381 ], [ 74.265641868431317, 31.446225907193217 ], [ 74.265630388919874, 31.446231462189616 ], [ 74.265397700336919, 31.446344062871976 ], [ 74.265442536808536, 31.446410358354484 ], [ 74.265684718504474, 31.446290678406381 ] ] ] } },
{ "type": "Feature", "properties": { "OBJECTID": 194115, "SHAPE_Leng": 420.07361596700002, "SHAPE_Area": 6730.6310486100001, "Town": "Allama Iqbal Town", "UC_N0": "UC_120", "Landuse": "V", "KA": null, "Name": null, "Plot_No": null, "Road_Wdth": "30'", "Plot_Size": "18 M", "__source_file": "PCSIR.shp" }, "geometry": { "type": "Polygon", "coordinates": [ [ [ 74.265741073408407, 31.446375863064315 ], [ 74.265684718504474, 31.446290678406381 ], [ 74.265442536808536, 31.446410358354484 ], [ 74.265499256536629, 31.446494224338608 ], [ 74.265741073408407, 31.446375863064315 ] ] ] } },
{ "type": "Feature", "properties": { "OBJECTID": 194115, "SHAPE_Leng": 420.07361596700002, "SHAPE_Area": 6730.6310486100001, "Town": "Allama Iqbal Town", "UC_N0": "UC_120", "Landuse": "V", "KA": null, "Name": null, "Plot_No": null, "Road_Wdth": "30'", "Plot_Size": "18 M", "__source_file": "PCSIR.shp" }, "geometry": { "type": "Polygon", "coordinates": [ [ [ 74.265887708480548, 31.446597512129177 ], [ 74.265801828884207, 31.446467699318095 ], [ 74.265565996949192, 31.44659290672017 ], [ 74.265654561751973, 31.446723858278727 ], [ 74.265887708480548, 31.446597512129177 ] ] ] } },
{ "type": "Feature", "properties": { "OBJECTID": 194115, "SHAPE_Leng": 420.07361596700002, "SHAPE_Area": 6730.6310486100001, "Town": "Allama Iqbal Town", "UC_N0": "UC_120", "Landuse": "V", "KA": null, "Name": null, "Plot_No": null, "Road_Wdth": "30'", "Plot_Size": "18 M", "__source_file": "PCSIR.shp" }, "geometry": { "type": "Polygon", "coordinates": [ [ [ 74.265975240085027, 31.446729821639494 ], [ 74.265887708480548, 31.446597512129177 ], [ 74.265654561751973, 31.446723858278727 ], [ 74.265745378709823, 31.446858139427796 ], [ 74.265975240085027, 31.446729821639494 ] ] ] } },
{ "type": "Feature", "properties": { "OBJECTID": 194115, "SHAPE_Leng": 420.07361596700002, "SHAPE_Area": 6730.6310486100001, "Town": "Allama Iqbal Town", "UC_N0": "UC_120", "Landuse": "V", "KA": null, "Name": null, "Plot_No": "171", "Road_Wdth": "30'", "Plot_Size": "18 M", "__source_file": "PCSIR.shp" }, "geometry": { "type": "Polygon", "coordinates": [ [ [ 74.26596777336124, 31.446150799019549 ], [ 74.26592681302904, 31.446088019244606 ], [ 74.265688724977863, 31.446203233044415 ], [ 74.265641868431317, 31.446225907193217 ], [ 74.265684718504474, 31.446290678406381 ], [ 74.26596777336124, 31.446150799019549 ] ] ] } },
{ "type": "Feature", "properties": { "OBJECTID": 194115, "SHAPE_Leng": 420.07361596700002, "SHAPE_Area": 6730.6310486100001, "Town": "Allama Iqbal Town", "UC_N0": "UC_120", "Landuse": "V", "KA": null, "Name": null, "Plot_No": null, "Road_Wdth": "30'", "Plot_Size": "18 M", "__source_file": "PCSIR.shp" }, "geometry": { "type": "Polygon", "coordinates": [ [ [ 74.266024198662805, 31.44623728174869 ], [ 74.26596777336124, 31.446150799019549 ], [ 74.265684718504474, 31.446290678406381 ], [ 74.265741073408407, 31.446375863064315 ], [ 74.266024198662805, 31.44623728174869 ] ] ] } },
{ "type": "Feature", "properties": { "OBJECTID": 194115, "SHAPE_Leng": 420.07361596700002, "SHAPE_Area": 6730.6310486100001, "Town": "Allama Iqbal Town", "UC_N0": "UC_120", "Landuse": "V", "KA": null, "Name": null, "Plot_No": null, "Road_Wdth": "30'", "Plot_Size": "18 M", "__source_file": "PCSIR.shp" }, "geometry": { "type": "Polygon", "coordinates": [ [ [ 74.266401546885163, 31.446815637295639 ], [ 74.266326883642762, 31.446701202704357 ], [ 74.266054181495818, 31.446849146167384 ], [ 74.266127132972173, 31.446959416252938 ], [ 74.266401546885163, 31.446815637295639 ] ] ] } },
{ "type": "Feature", "properties": { "OBJECTID": 194115, "SHAPE_Leng": 420.07361596700002, "SHAPE_Area": 6730.6310486100001, "Town": "Allama Iqbal Town", "UC_N0": "UC_120", "Landuse": "V", "KA": null, "Name": null, "Plot_No": null, "Road_Wdth": "30'", "Plot_Size": "18 M", "__source_file": "PCSIR.shp" }, "geometry": { "type": "Polygon", "coordinates": [ [ [ 74.266162182891179, 31.446448768820499 ], [ 74.26613994449265, 31.446414684135743 ], [ 74.266078645257139, 31.446320731552692 ], [ 74.265801828884207, 31.446467699318095 ], [ 74.265887708480562, 31.446597512129177 ], [ 74.266162182891179, 31.446448768820499 ] ] ] } },
{ "type": "Feature", "properties": { "OBJECTID": 194115, "SHAPE_Leng": 420.07361596700002, "SHAPE_Area": 6730.6310486100001, "Town": "Allama Iqbal Town", "UC_N0": "UC_120", "Landuse": "V", "KA": null, "Name": null, "Plot_No": null, "Road_Wdth": "30'", "Plot_Size": "18 M", "__source_file": "PCSIR.shp" }, "geometry": { "type": "Polygon", "coordinates": [ [ [ 74.266489563261075, 31.446950537511633 ], [ 74.266401546885163, 31.446815637295639 ], [ 74.266127132972173, 31.446959416252938 ], [ 74.266211949004528, 31.447087619881334 ], [ 74.266489563261075, 31.446950537511633 ] ] ] } },
{ "type": "Feature", "properties": { "OBJECTID": 194088, "SHAPE_Leng": 247.274578048, "SHAPE_Area": 3335.5663705500001, "Town": "Allama Iqbal Town", "UC_N0": "UC_120", "Landuse": "R", "KA": null, "Name": null, "Plot_No": null, "Road_Wdth": "30'", "Plot_Size": "18 M", "__source_file": "PCSIR.shp" }, "geometry": { "type": "Polygon", "coordinates": [ [ [ 74.266477757995347, 31.446168572019747 ], [ 74.266320256644107, 31.445896014070975 ], [ 74.266234667348982, 31.445937432144593 ], [ 74.266383504337909, 31.446209250133318 ], [ 74.266477757995347, 31.446168572019747 ] ] ] } },
{ "type": "Feature", "properties": { "OBJECTID": 194088, "SHAPE_Leng": 247.274578048, "SHAPE_Area": 3335.5663705500001, "Town": "Allama Iqbal Town", "UC_N0": "UC_120", "Landuse": "R", "KA": null, "Name": null, "Plot_No": null, "Road_Wdth": "30'", "Plot_Size": "18 M", "__source_file": "PCSIR.shp" }, "geometry": { "type": "Polygon", "coordinates": [ [ [ 74.266320256644107, 31.445896014070975 ], [ 74.266477757995347, 31.446168572019747 ], [ 74.266574339332479, 31.446126889213673 ], [ 74.266504935487276, 31.445916527353212 ], [ 74.266439046893225, 31.445921795282032 ], [ 74.266397782618313, 31.445858497889823 ], [ 74.266320256644107, 31.445896014070975 ] ] ] } },
{ "type": "Feature", "properties": { "OBJECTID": 194088, "SHAPE_Leng": 247.274578048, "SHAPE_Area": 3335.5663705500001, "Town": "Allama Iqbal Town", "UC_N0": "UC_120", "Landuse": "R", "KA": null, "Name": null, "Plot_No": null, "Road_Wdth": "30'", "Plot_Size": "18 M", "__source_file": "PCSIR.shp" }, "geometry": { "type": "Polygon", "coordinates": [ [ [ 74.266426171521132, 31.446500981801606 ], [ 74.26628524506917, 31.446251656881319 ], [ 74.266146861671416, 31.446311380211625 ], [ 74.26630394184636, 31.446551538476964 ], [ 74.266426171521132, 31.446500981801606 ] ] ] } },
{ "type": "Feature", "properties": { "OBJECTID": 194089, "SHAPE_Leng": 213.25623082499999, "SHAPE_Area": 2785.1726098499998, "Town": "Allama Iqbal Town", "UC_N0": "UC_120", "Landuse": "V", "KA": null, "Name": null, "Plot_No": null, "Road_Wdth": "30'", "Plot_Size": "1 K", "__source_file": "PCSIR.shp" }, "geometry": { "type": "Polygon", "coordinates": [ [ [ 74.266818522682684, 31.446681375043923 ], [ 74.266925457453596, 31.446903991013318 ], [ 74.266986522860037, 31.446882393987526 ], [ 74.267064857075411, 31.446860443563526 ], [ 74.266989609794635, 31.446685823850963 ], [ 74.26696133040457, 31.446620197184362 ], [ 74.266818522682684, 31.446681375043923 ] ] ] } },
{ "type": "Feature", "properties": { "OBJECTID": 194089, "SHAPE_Leng": 213.25623082499999, "SHAPE_Area": 2785.1726098499998, "Town": "Allama Iqbal Town", "UC_N0": "UC_120", "Landuse": "V", "KA": null, "Name": null, "Plot_No": null, "Road_Wdth": "30'", "Plot_Size": "1 K", "__source_file": "PCSIR.shp" }, "geometry": { "type": "Polygon", "coordinates": [ [ [ 74.26674985426709, 31.446980862449642 ], [ 74.266638656198168, 31.446758428283005 ], [ 74.266482904152767, 31.446825150796883 ], [ 74.266623209385926, 31.447039659257086 ], [ 74.266644073686592, 31.447029857833687 ], [ 74.26674985426709, 31.446980862449642 ] ] ] } },
{ "type": "Feature", "properties": { "OBJECTID": 194089, "SHAPE_Leng": 213.25623082499999, "SHAPE_Area": 2785.1726098499998, "Town": "Allama Iqbal Town", "UC_N0": "UC_120", "Landuse": "V", "KA": null, "Name": null, "Plot_No": null, "Road_Wdth": "30'", "Plot_Size": "1 K", "__source_file": "PCSIR.shp" }, "geometry": { "type": "Polygon", "coordinates": [ [ [ 74.266925457453596, 31.446903991013318 ], [ 74.266818522682684, 31.446681375043923 ], [ 74.266638656198168, 31.446758428283005 ], [ 74.26674985426709, 31.446980862449642 ], [ 74.266767297916928, 31.446972782897202 ], [ 74.266799422213836, 31.446956570626359 ], [ 74.266891159689209, 31.446916121099559 ], [ 74.266925457453596, 31.446903991013318 ] ] ] } },
{ "type": "Feature", "properties": { "OBJECTID": 194089, "SHAPE_Leng": 213.25623082499999, "SHAPE_Area": 2785.1726098499998, "Town": "Allama Iqbal Town", "UC_N0": "UC_120", "Landuse": "V", "KA": null, "Name": null, "Plot_No": "155", "Road_Wdth": "30'", "Plot_Size": "1 K", "__source_file": "PCSIR.shp" }, "geometry": { "type": "Polygon", "coordinates": [ [ [ 74.266707527169856, 31.446450304266108 ], [ 74.266818522682684, 31.446681375043923 ], [ 74.26696133040457, 31.446620197184362 ], [ 74.266947083889121, 31.446587135921533 ], [ 74.266909092959409, 31.446498971329419 ], [ 74.266864533915921, 31.446395564823177 ], [ 74.266861083390921, 31.446387558570908 ], [ 74.266707527169856, 31.446450304266108 ] ] ] } },
{ "type": "Feature", "properties": { "OBJECTID": 194089, "SHAPE_Leng": 213.25623082499999, "SHAPE_Area": 2785.1726098499998, "Town": "Allama Iqbal Town", "UC_N0": "UC_120", "Landuse": "V", "KA": null, "Name": null, "Plot_No": "150", "Road_Wdth": "30'", "Plot_Size": "1 K", "__source_file": "PCSIR.shp" }, "geometry": { "type": "Polygon", "coordinates": [ [ [ 74.266638656198168, 31.446758428283005 ], [ 74.266522431179467, 31.446525937290652 ], [ 74.266336806840101, 31.446601785812188 ], [ 74.266482904152767, 31.446825150796883 ], [ 74.266638656198168, 31.446758428283005 ] ] ] } },
{ "type": "Feature", "properties": { "OBJECTID": 194088, "SHAPE_Leng": 247.274578048, "SHAPE_Area": 3335.5663705500001, "Town": "Allama Iqbal Town", "UC_N0": "UC_120", "Landuse": "V", "KA": null, "Name": null, "Plot_No": null, "Road_Wdth": "30'", "Plot_Size": "18 M", "__source_file": "PCSIR.shp" }, "geometry": { "type": "Polygon", "coordinates": [ [ [ 74.266383504337909, 31.446209250133318 ], [ 74.266234667348982, 31.445937432144593 ], [ 74.266134919532789, 31.445985701640947 ], [ 74.26628524506917, 31.446251656881319 ], [ 74.266383504337909, 31.446209250133318 ] ] ] } },
{ "type": "Feature", "properties": { "OBJECTID": 194088, "SHAPE_Leng": 247.274578048, "SHAPE_Area": 3335.5663705500001, "Town": "Allama Iqbal Town", "UC_N0": "UC_120", "Landuse": "V", "KA": null, "Name": null, "Plot_No": null, "Road_Wdth": "30'", "Plot_Size": "18 M", "__source_file": "PCSIR.shp" }, "geometry": { "type": "Polygon", "coordinates": [ [ [ 74.26628524506917, 31.446251656881319 ], [ 74.266134919532789, 31.445985701640947 ], [ 74.265982187849488, 31.446059610593121 ], [ 74.266146861671416, 31.446311380211625 ], [ 74.26628524506917, 31.446251656881319 ] ] ] } },
{ "type": "Feature", "properties": { "OBJECTID": 194088, "SHAPE_Leng": 247.274578048, "SHAPE_Area": 3335.5663705500001, "Town": "Allama Iqbal Town", "UC_N0": "UC_120", "Landuse": "V", "KA": null, "Name": null, "Plot_No": null, "Road_Wdth": "30'", "Plot_Size": "18 M", "__source_file": "PCSIR.shp" }, "geometry": { "type": "Polygon", "coordinates": [ [ [ 74.266521627058253, 31.446461499333243 ], [ 74.266383504337909, 31.446209250133318 ], [ 74.26628524506917, 31.446251656881319 ], [ 74.266426171521132, 31.446500981801606 ], [ 74.266521627058253, 31.446461499333243 ] ] ] } },
{ "type": "Feature", "properties": { "OBJECTID": 194088, "SHAPE_Leng": 247.274578048, "SHAPE_Area": 3335.5663705500001, "Town": "Allama Iqbal Town", "UC_N0": "UC_120", "Landuse": "V", "KA": null, "Name": null, "Plot_No": null, "Road_Wdth": "30'", "Plot_Size": "18 M", "__source_file": "PCSIR.shp" }, "geometry": { "type": "Polygon", "coordinates": [ [ [ 74.266622839424997, 31.446419635600989 ], [ 74.266477757995347, 31.446168572019747 ], [ 74.266383504337909, 31.446209250133318 ], [ 74.266521627058253, 31.446461499333243 ], [ 74.266622839424997, 31.446419635600989 ] ] ] } },
{ "type": "Feature", "properties": { "OBJECTID": 191450, "SHAPE_Leng": 145.491938382, "SHAPE_Area": 1283.0802646899999, "Town": "Allama Iqbal Town", "UC_N0": "UC_120", "Landuse": "R", "KA": null, "Name": null, "Plot_No": "142", "Road_Wdth": "30'", "Plot_Size": "18 M", "__source_file": "PCSIR.shp" }, "geometry": { "type": "Polygon", "coordinates": [ [ [ 74.266346016800142, 31.447236707813349 ], [ 74.266501754081588, 31.447465316566266 ], [ 74.26660801424994, 31.447415314111552 ], [ 74.266442323216282, 31.44718817104318 ], [ 74.266346016800142, 31.447236707813349 ] ] ] } },
{ "type": "Feature", "properties": { "OBJECTID": 191440, "SHAPE_Leng": 207.821053248, "SHAPE_Area": 2441.0525182699998, "Town": "Allama Iqbal Town", "UC_N0": "UC_120", "Landuse": "R", "KA": null, "Name": null, "Plot_No": null, "Road_Wdth": "30'", "Plot_Size": "18 M", "__source_file": "PCSIR.shp" }, "geometry": { "type": "Polygon", "coordinates": [ [ [ 74.266818062791572, 31.447316471976968 ], [ 74.266687890795296, 31.447069539865829 ], [ 74.266572261622059, 31.447124397828652 ], [ 74.266734882866146, 31.447355613852075 ], [ 74.266818062791572, 31.447316471976968 ] ] ] } },
{ "type": "Feature", "properties": { "OBJECTID": 191440, "SHAPE_Leng": 207.821053248, "SHAPE_Area": 2441.0525182699998, "Town": "Allama Iqbal Town", "UC_N0": "UC_120", "Landuse": "R", "KA": null, "Name": null, "Plot_No": null, "Road_Wdth": "30'", "Plot_Size": "18 M", "__source_file": "PCSIR.shp" }, "geometry": { "type": "Polygon", "coordinates": [ [ [ 74.267293668679486, 31.447244887750987 ], [ 74.267152889142153, 31.446901876873042 ], [ 74.267104037307377, 31.446907399429747 ], [ 74.267041463368244, 31.446920604340193 ], [ 74.267176449803785, 31.447254726812197 ], [ 74.267218336577599, 31.447249901304616 ], [ 74.267293668679486, 31.447244887750987 ] ] ] } },
{ "type": "Feature", "properties": { "OBJECTID": 191440, "SHAPE_Leng": 207.821053248, "SHAPE_Area": 2441.0525182699998, "Town": "Allama Iqbal Town", "UC_N0": "UC_120", "Landuse": "R", "KA": null, "Name": null, "Plot_No": null, "Road_Wdth": "30'", "Plot_Size": "18 M", "__source_file": "PCSIR.shp" }, "geometry": { "type": "Polygon", "coordinates": [ [ [ 74.267152889142153, 31.446901876873042 ], [ 74.267293668679486, 31.447244887750987 ], [ 74.267370111914076, 31.447239800202567 ], [ 74.267402223559415, 31.447238601649108 ], [ 74.267378736563884, 31.447158217939315 ], [ 74.267333662592677, 31.447028105474509 ], [ 74.267280507704157, 31.446900254662832 ], [ 74.267279468975815, 31.446897957969671 ], [ 74.267260505607993, 31.446897184555233 ], [ 74.267247719082349, 31.446896907509284 ], [ 74.267181947183929, 31.446898591937405 ], [ 74.267152889142153, 31.446901876873042 ] ] ] } },
{ "type": "Feature", "properties": { "OBJECTID": 191450, "SHAPE_Leng": 145.491938382, "SHAPE_Area": 1283.0802646899999, "Town": "Allama Iqbal Town", "UC_N0": "UC_120", "Landuse": "R", "KA": null, "Name": null, "Plot_No": null, "Road_Wdth": "30'", "Plot_Size": "1 K", "__source_file": "PCSIR.shp" }, "geometry": { "type": "Polygon", "coordinates": [ [ [ 74.266352962788261, 31.447535332366229 ], [ 74.266226581948828, 31.447296900743318 ], [ 74.266219220741092, 31.447300610647989 ], [ 74.266142580122988, 31.447340269871908 ], [ 74.266087464741389, 31.447368790381173 ], [ 74.266095750540202, 31.447381041359147 ], [ 74.266097917142488, 31.447388773215653 ], [ 74.266101859974725, 31.447421913804728 ], [ 74.266097400835861, 31.44745500535339 ], [ 74.26608823529763, 31.447479735175587 ], [ 74.266180318705835, 31.447616571892418 ], [ 74.266260968241639, 31.447578621434552 ], [ 74.266352962788261, 31.447535332366229 ] ] ] } },
{ "type": "Feature", "properties": { "OBJECTID": 191440, "SHAPE_Leng": 207.821053248, "SHAPE_Area": 2441.0525182699998, "Town": "Allama Iqbal Town", "UC_N0": "UC_120", "Landuse": "R", "KA": null, "Name": null, "Plot_No": null, "Road_Wdth": "30'", "Plot_Size": "18 M", "__source_file": "PCSIR.shp" }, "geometry": { "type": "Polygon", "coordinates": [ [ [ 74.267032735653643, 31.447272998355508 ], [ 74.266903869557282, 31.446967276624285 ], [ 74.266902326432401, 31.446967910518101 ], [ 74.266893383599324, 31.446972047469743 ], [ 74.266808416625352, 31.447012358600418 ], [ 74.266687890795296, 31.447069539865829 ], [ 74.266818062791572, 31.447316471976968 ], [ 74.266833820418384, 31.447309056920083 ], [ 74.266917959643081, 31.447291889133396 ], [ 74.266945014309883, 31.447287436264251 ], [ 74.267032735653643, 31.447272998355508 ] ] ] } },
{ "type": "Feature", "properties": { "OBJECTID": 191442, "SHAPE_Leng": 113.456430058, "SHAPE_Area": 798.28328382999996, "Town": "Allama Iqbal Town", "UC_N0": "UC_120", "Landuse": "R", "KA": null, "Name": null, "Plot_No": null, "Road_Wdth": "30'", "Plot_Size": "15 M", "__source_file": "PCSIR.shp" }, "geometry": { "type": "Polygon", "coordinates": [ [ [ 74.266465230178383, 31.447569136596627 ], [ 74.266422128818661, 31.44750278543837 ], [ 74.266420040108756, 31.447503768311336 ], [ 74.266180318705835, 31.447616571892418 ], [ 74.266221179063521, 31.447677291196445 ], [ 74.266465230178383, 31.447569136596627 ] ] ] } },
{ "type": "Feature", "properties": { "OBJECTID": 191442, "SHAPE_Leng": 113.456430058, "SHAPE_Area": 798.28328382999996, "Town": "Allama Iqbal Town", "UC_N0": "UC_120", "Landuse": "R", "KA": null, "Name": null, "Plot_No": null, "Road_Wdth": "30'", "Plot_Size": "15 M", "__source_file": "PCSIR.shp" }, "geometry": { "type": "Polygon", "coordinates": [ [ [ 74.266709160154463, 31.447944645625793 ], [ 74.26664537379439, 31.447846452390142 ], [ 74.26641094513819, 31.447959286169947 ], [ 74.266424021808447, 31.447978718208049 ], [ 74.266482855970253, 31.448066145748616 ], [ 74.266709160154463, 31.447944645625793 ] ] ] } },
{ "type": "Feature", "properties": { "OBJECTID": 191442, "SHAPE_Leng": 113.456430058, "SHAPE_Area": 798.28328382999996, "Town": "Allama Iqbal Town", "UC_N0": "UC_120", "Landuse": "R", "KA": null, "Name": null, "Plot_No": null, "Road_Wdth": "30'", "Plot_Size": "15 M", "__source_file": "PCSIR.shp" }, "geometry": { "type": "Polygon", "coordinates": [ [ [ 74.266528076662595, 31.447665883631988 ], [ 74.266465230178383, 31.447569136596627 ], [ 74.266221179063521, 31.447677291196445 ], [ 74.266290188267604, 31.447779840040823 ], [ 74.266528076662595, 31.447665883631988 ] ] ] } },
{ "type": "Feature", "properties": { "OBJECTID": 191442, "SHAPE_Leng": 113.456430058, "SHAPE_Area": 798.28328382999996, "Town": "Allama Iqbal Town", "UC_N0": "UC_120", "Landuse": "R", "KA": null, "Name": null, "Plot_No": null, "Road_Wdth": "30'", "Plot_Size": "15 M", "__source_file": "PCSIR.shp" }, "geometry": { "type": "Polygon", "coordinates": [ [ [ 74.26664537379439, 31.447846452390142 ], [ 74.26658086622561, 31.447747148682261 ], [ 74.266347351338553, 31.44786478513592 ], [ 74.26641094513819, 31.447959286169947 ], [ 74.26664537379439, 31.447846452390142 ] ] ] } },
{ "type": "Feature", "properties": { "OBJECTID": 191442, "SHAPE_Leng": 113.456430058, "SHAPE_Area": 798.28328382999996, "Town": "Allama Iqbal Town", "UC_N0": "UC_120", "Landuse": "R", "KA": null, "Name": null, "Plot_No": null, "Road_Wdth": "30'", "Plot_Size": "15 M", "__source_file": "PCSIR.shp" }, "geometry": { "type": "Polygon", "coordinates": [ [ [ 74.267012064236056, 31.448410935413659 ], [ 74.266941832069904, 31.448302820661667 ], [ 74.266702516095066, 31.448392559781954 ], [ 74.266777418336986, 31.448503863512581 ], [ 74.267012064236056, 31.448410935413659 ] ] ] } },
{ "type": "Feature", "properties": { "OBJECTID": 191442, "SHAPE_Leng": 113.456430058, "SHAPE_Area": 798.28328382999996, "Town": "Allama Iqbal Town", "UC_N0": "UC_120", "Landuse": "R", "KA": null, "Name": null, "Plot_No": null, "Road_Wdth": "30'", "Plot_Size": "15 M", "__source_file": "PCSIR.shp" }, "geometry": { "type": "Polygon", "coordinates": [ [ [ 74.267095049970223, 31.448538682525889 ], [ 74.267012064236056, 31.448410935413659 ], [ 74.266777418336986, 31.448503863512581 ], [ 74.266856751086024, 31.448621750586582 ], [ 74.267095049970223, 31.448538682525889 ] ] ] } },
{ "type": "Feature", "properties": { "OBJECTID": 191442, "SHAPE_Leng": 113.456430058, "SHAPE_Area": 798.28328382999996, "Town": "Allama Iqbal Town", "UC_N0": "UC_120", "Landuse": "R", "KA": null, "Name": null, "Plot_No": null, "Road_Wdth": "30'", "Plot_Size": "15 M", "__source_file": "PCSIR.shp" }, "geometry": { "type": "Polygon", "coordinates": [ [ [ 74.267178940788483, 31.448667822510085 ], [ 74.267095049970223, 31.448538682525889 ], [ 74.266856751086024, 31.448621750586582 ], [ 74.266949197950325, 31.448759124576462 ], [ 74.267178940788483, 31.448667822510085 ] ] ] } },
{ "type": "Feature", "properties": { "OBJECTID": 191442, "SHAPE_Leng": 113.456430058, "SHAPE_Area": 798.28328382999996, "Town": "Allama Iqbal Town", "UC_N0": "UC_120", "Landuse": "R", "KA": null, "Name": null, "Plot_No": null, "Road_Wdth": "30'", "Plot_Size": "15 M", "__source_file": "PCSIR.shp" }, "geometry": { "type": "Polygon", "coordinates": [ [ [ 74.26658086622561, 31.447747148682261 ], [ 74.266528076662595, 31.447665883631988 ], [ 74.266290188267604, 31.447779840040823 ], [ 74.266345133584551, 31.447861489526893 ], [ 74.266347351338553, 31.44786478513592 ], [ 74.26658086622561, 31.447747148682261 ] ] ] } },
{ "type": "Feature", "properties": { "OBJECTID": 191442, "SHAPE_Leng": 113.456430058, "SHAPE_Area": 798.28328382999996, "Town": "Allama Iqbal Town", "UC_N0": "UC_120", "Landuse": "V", "KA": null, "Name": null, "Plot_No": null, "Road_Wdth": "30'", "Plot_Size": "15 M", "__source_file": "PCSIR.shp" }, "geometry": { "type": "Polygon", "coordinates": [ [ [ 74.267403965935983, 31.449014220090277 ], [ 74.26734267847641, 31.448919876133402 ], [ 74.267103283113585, 31.448988090683972 ], [ 74.267172218473732, 31.449090526224698 ], [ 74.267403965935983, 31.449014220090277 ] ] ] } },
{ "type": "Feature", "properties": { "OBJECTID": 191442, "SHAPE_Leng": 113.456430058, "SHAPE_Area": 798.28328382999996, "Town": "Allama Iqbal Town", "UC_N0": "UC_120", "Landuse": "V", "KA": null, "Name": null, "Plot_No": null, "Road_Wdth": "30'", "Plot_Size": "15 M", "__source_file": "PCSIR.shp" }, "geometry": { "type": "Polygon", "coordinates": [ [ [ 74.267469742822811, 31.449115474688004 ], [ 74.267403965935983, 31.449014220090277 ], [ 74.267172218473732, 31.449090526224698 ], [ 74.267188519841355, 31.449114749450828 ], [ 74.267191832172557, 31.44912010957616 ], [ 74.267203606458764, 31.449134732541761 ], [ 74.26721816398458, 31.449147380216846 ], [ 74.267235062567607, 31.449157668429567 ], [ 74.267253788953894, 31.449165284779433 ], [ 74.267273772421646, 31.449169998640134 ], [ 74.267294407905581, 31.449171664900504 ], [ 74.267315066436467, 31.449170234851213 ], [ 74.267332988584073, 31.449166382911113 ], [ 74.267469742822811, 31.449115474688004 ] ] ] } },
{ "type": "Feature", "properties": { "OBJECTID": 191442, "SHAPE_Leng": 113.456430058, "SHAPE_Area": 798.28328382999996, "Town": "Allama Iqbal Town", "UC_N0": "UC_120", "Landuse": "V", "KA": null, "Name": null, "Plot_No": null, "Road_Wdth": "30'", "Plot_Size": "15 M", "__source_file": "PCSIR.shp" }, "geometry": { "type": "Polygon", "coordinates": [ [ [ 74.266941832069904, 31.448302820661667 ], [ 74.266880477061704, 31.448208371093244 ], [ 74.266646534862716, 31.448309372220596 ], [ 74.266702516095066, 31.448392559781954 ], [ 74.266941832069904, 31.448302820661667 ] ] ] } },
{ "type": "Feature", "properties": { "OBJECTID": 191442, "SHAPE_Leng": 113.456430058, "SHAPE_Area": 798.28328382999996, "Town": "Allama Iqbal Town", "UC_N0": "UC_120", "Landuse": "V", "KA": null, "Name": null, "Plot_No": null, "Road_Wdth": "30'", "Plot_Size": "15 M", "__source_file": "PCSIR.shp" }, "geometry": { "type": "Polygon", "coordinates": [ [ [ 74.267253247977123, 31.448782209293228 ], [ 74.267178940788455, 31.448667822510085 ], [ 74.266949197950325, 31.448759124576462 ], [ 74.267009664412129, 31.448848976147449 ], [ 74.267253247977123, 31.448782209293228 ] ] ] } },
{ "type": "Feature", "properties": { "OBJECTID": 191442, "SHAPE_Leng": 113.456430058, "SHAPE_Area": 798.28328382999996, "Town": "Allama Iqbal Town", "UC_N0": "UC_120", "Landuse": "V", "KA": null, "Name": null, "Plot_No": null, "Road_Wdth": "30'", "Plot_Size": "15 M", "__source_file": "PCSIR.shp" }, "geometry": { "type": "Polygon", "coordinates": [ [ [ 74.266792837190138, 31.448073458372889 ], [ 74.266709160154463, 31.447944645625793 ], [ 74.266482855970253, 31.448066145748616 ], [ 74.266507483659538, 31.448102742429263 ], [ 74.266550575289855, 31.448166776644371 ], [ 74.266792837190138, 31.448073458372889 ] ] ] } },
{ "type": "Feature", "properties": { "OBJECTID": 191442, "SHAPE_Leng": 113.456430058, "SHAPE_Area": 798.28328382999996, "Town": "Allama Iqbal Town", "UC_N0": "UC_120", "Landuse": "V", "KA": null, "Name": null, "Plot_No": null, "Road_Wdth": "30'", "Plot_Size": "15 M", "__source_file": "PCSIR.shp" }, "geometry": { "type": "Polygon", "coordinates": [ [ [ 74.26734267847641, 31.448919876133402 ], [ 74.267253247977123, 31.448782209293228 ], [ 74.267009664412129, 31.448848976147449 ], [ 74.267103283113585, 31.448988090683972 ], [ 74.26734267847641, 31.448919876133402 ] ] ] } },
{ "type": "Feature", "properties": { "OBJECTID": 178290, "SHAPE_Leng": 155.095260131, "SHAPE_Area": 1382.7695853299999, "Town": "Allama Iqbal Town", "UC_N0": "UC_120", "Landuse": "V", "KA": null, "Name": null, "Plot_No": null, "Road_Wdth": "30'", "Plot_Size": "12 M", "__source_file": "PCSIR.shp" }, "geometry": { "type": "Polygon", "coordinates": [ [ [ 74.268633048802599, 31.451494619951053 ], [ 74.268605989506824, 31.451214951425975 ], [ 74.268530078519433, 31.451224763565211 ], [ 74.268556419161158, 31.451519441700942 ], [ 74.268633048802599, 31.451494619951053 ] ] ] } },
{ "type": "Feature", "properties": { "OBJECTID": 178290, "SHAPE_Leng": 155.095260131, "SHAPE_Area": 1382.7695853299999, "Town": "Allama Iqbal Town", "UC_N0": "UC_120", "Landuse": "V", "KA": null, "Name": null, "Plot_No": "2", "Road_Wdth": "200'", "Plot_Size": "18 M", "__source_file": "PCSIR.shp" }, "geometry": { "type": "Polygon", "coordinates": [ [ [ 74.268544303179738, 31.4513838979483 ], [ 74.268530078519433, 31.451224763565211 ], [ 74.26843665917842, 31.451236838742961 ], [ 74.268431963242563, 31.451356676173372 ], [ 74.268431466072286, 31.451393610683226 ], [ 74.268544303179738, 31.4513838979483 ] ] ] } },
{ "type": "Feature", "properties": { "OBJECTID": 178290, "SHAPE_Leng": 155.095260131, "SHAPE_Area": 1382.7695853299999, "Town": "Allama Iqbal Town", "UC_N0": "UC_120", "Landuse": "V", "KA": null, "Name": null, "Plot_No": "1", "Road_Wdth": "200'", "Plot_Size": "18 M", "__source_file": "PCSIR.shp" }, "geometry": { "type": "Polygon", "coordinates": [ [ [ 74.268544303179738, 31.4513838979483 ], [ 74.268431466072286, 31.451393610683226 ], [ 74.268429928751672, 31.451507817075662 ], [ 74.268425481067339, 31.451561854819754 ], [ 74.268556419161158, 31.451519441700942 ], [ 74.268544303179738, 31.4513838979483 ] ] ] } },
{ "type": "Feature", "properties": { "OBJECTID": 178292, "SHAPE_Leng": 130.767193217, "SHAPE_Area": 714.23945388300001, "Town": "Allama Iqbal Town", "UC_N0": "UC_120", "Landuse": "V", "KA": null, "Name": null, "Plot_No": null, "Road_Wdth": "30'", "Plot_Size": "9 M", "__source_file": "PCSIR.shp" }, "geometry": { "type": "Polygon", "coordinates": [ [ [ 74.269280140123101, 31.451127810254594 ], [ 74.269306002754305, 31.451251283376457 ], [ 74.269516221383597, 31.451097293418883 ], [ 74.269280140123101, 31.451127810254594 ] ] ] } },
{ "type": "Feature", "properties": { "OBJECTID": 178292, "SHAPE_Leng": 130.767193217, "SHAPE_Area": 714.23945388300001, "Town": "Allama Iqbal Town", "UC_N0": "UC_120", "Landuse": "V", "KA": null, "Name": null, "Plot_No": null, "Road_Wdth": "30'", "Plot_Size": "9 M", "__source_file": "PCSIR.shp" }, "geometry": { "type": "Polygon", "coordinates": [ [ [ 74.269116785558026, 31.451337927895565 ], [ 74.269084756502579, 31.451153066000746 ], [ 74.268984404055658, 31.451166037672465 ], [ 74.269019138091892, 31.4513695578202 ], [ 74.269116785558026, 31.451337927895565 ] ] ] } },
{ "type": "Feature", "properties": { "OBJECTID": 178290, "SHAPE_Leng": 155.095260131, "SHAPE_Area": 1382.7695853299999, "Town": "Allama Iqbal Town", "UC_N0": "UC_120", "Landuse": "V", "KA": null, "Name": null, "Plot_No": null, "Road_Wdth": "30'", "Plot_Size": "10 M", "__source_file": "PCSIR.shp" }, "geometry": { "type": "Polygon", "coordinates": [ [ [ 74.268924256317518, 31.451400291940619 ], [ 74.268889941037543, 31.451178247862977 ], [ 74.268830030962022, 31.451185991891784 ], [ 74.268726394909407, 31.451199387909288 ], [ 74.268773882450418, 31.451449001188013 ], [ 74.268860144287871, 31.451421059198797 ], [ 74.268924256317518, 31.451400291940619 ] ] ] } },
{ "type": "Feature", "properties": { "OBJECTID": 178285, "SHAPE_Leng": 115.44522598099999, "SHAPE_Area": 830.42323053799998, "Town": "Allama Iqbal Town", "UC_N0": "UC_120", "Landuse": "V", "KA": null, "Name": null, "Plot_No": null, "Road_Wdth": "30'", "Plot_Size": "18 M", "__source_file": "PCSIR.shp" }, "geometry": { "type": "Polygon", "coordinates": [ [ [ 74.269676949765852, 31.450502244785874 ], [ 74.269644264369063, 31.450387878234725 ], [ 74.269333325823666, 31.450453707746487 ], [ 74.269367841618845, 31.450575165890882 ], [ 74.269676949765852, 31.450502244785874 ] ] ] } },
{ "type": "Feature", "properties": { "OBJECTID": 178286, "SHAPE_Leng": 120.164935935, "SHAPE_Area": 829.37005388900002, "Town": "Allama Iqbal Town", "UC_N0": "UC_120", "Landuse": "V", "KA": null, "Name": null, "Plot_No": "21", "Road_Wdth": "30'", "Plot_Size": "18 M", "__source_file": "PCSIR.shp" }, "geometry": { "type": "Polygon", "coordinates": [ [ [ 74.269793194673923, 31.450842154043261 ], [ 74.269471547431266, 31.450940092700616 ], [ 74.269516221383597, 31.451097293418883 ], [ 74.269827879326471, 31.450881181171336 ], [ 74.269822405181571, 31.450875943221405 ], [ 74.269793194673923, 31.450842154043261 ] ] ] } },
{ "type": "Feature", "properties": { "OBJECTID": 178282, "SHAPE_Leng": 282.46646144300001, "SHAPE_Area": 4860.6291142, "Town": "Allama Iqbal Town", "UC_N0": "UC_120", "Landuse": "V", "KA": null, "Name": null, "Plot_No": null, "Road_Wdth": "30'", "Plot_Size": "18 M", "__source_file": "PCSIR.shp" }, "geometry": { "type": "Polygon", "coordinates": [ [ [ 74.269201822970132, 31.450822140988407 ], [ 74.269143549763129, 31.450570539294162 ], [ 74.26902402953607, 31.450586089617875 ], [ 74.269068731153865, 31.450835713696836 ], [ 74.269201822970132, 31.450822140988407 ] ] ] } },
{ "type": "Feature", "properties": { "OBJECTID": 178282, "SHAPE_Leng": 282.46646144300001, "SHAPE_Area": 4860.6291142, "Town": "Allama Iqbal Town", "UC_N0": "UC_120", "Landuse": "V", "KA": null, "Name": null, "Plot_No": null, "Road_Wdth": "30'", "Plot_Size": "18 M", "__source_file": "PCSIR.shp" }, "geometry": { "type": "Polygon", "coordinates": [ [ [ 74.269143549763129, 31.450570539294162 ], [ 74.269201822970132, 31.450822140988407 ], [ 74.269360835419263, 31.450805924705943 ], [ 74.269282934309402, 31.450552404351395 ], [ 74.269143549763129, 31.450570539294162 ] ] ] } },
{ "type": "Feature", "properties": { "OBJECTID": 178282, "SHAPE_Leng": 282.46646144300001, "SHAPE_Area": 4860.6291142, "Town": "Allama Iqbal Town", "UC_N0": "UC_120", "Landuse": "V", "KA": null, "Name": null, "Plot_No": null, "Road_Wdth": "30'", "Plot_Size": "18 M", "__source_file": "PCSIR.shp" }, "geometry": { "type": "Polygon", "coordinates": [ [ [ 74.269068731153865, 31.450835713696836 ], [ 74.26902402953607, 31.450586089617875 ], [ 74.268867248068759, 31.450606487682879 ], [ 74.268912947171813, 31.450851600372154 ], [ 74.269068731153865, 31.450835713696836 ] ] ] } },
{ "type": "Feature", "properties": { "OBJECTID": 178282, "SHAPE_Leng": 282.46646144300001, "SHAPE_Area": 4860.6291142, "Town": "Allama Iqbal Town", "UC_N0": "UC_120", "Landuse": "V", "KA": null, "Name": null, "Plot_No": null, "Road_Wdth": "30'", "Plot_Size": "18 M", "__source_file": "PCSIR.shp" }, "geometry": { "type": "Polygon", "coordinates": [ [ [ 74.268912947171813, 31.450851600372154 ], [ 74.268867248068759, 31.450606487682879 ], [ 74.268680422133613, 31.450630794422771 ], [ 74.268703272655486, 31.450872982435179 ], [ 74.268912947171813, 31.450851600372154 ] ] ] } },
{ "type": "Feature", "properties": { "OBJECTID": 178282, "SHAPE_Leng": 282.46646144300001, "SHAPE_Area": 4860.6291142, "Town": "Allama Iqbal Town", "UC_N0": "UC_120", "Landuse": "V", "KA": null, "Name": null, "Plot_No": null, "Road_Wdth": "30'", "Plot_Size": "18 M", "__source_file": "PCSIR.shp" }, "geometry": { "type": "Polygon", "coordinates": [ [ [ 74.269260709481316, 31.45107638935918 ], [ 74.269201822970132, 31.450822140988407 ], [ 74.269068731153865, 31.450835713696836 ], [ 74.269114961137532, 31.451093871185027 ], [ 74.269260709481316, 31.45107638935918 ] ] ] } },
{ "type": "Feature", "properties": { "OBJECTID": 178282, "SHAPE_Leng": 282.46646144300001, "SHAPE_Area": 4860.6291142, "Town": "Allama Iqbal Town", "UC_N0": "UC_120", "Landuse": "V", "KA": null, "Name": null, "Plot_No": null, "Road_Wdth": "30'", "Plot_Size": "18 M", "__source_file": "PCSIR.shp" }, "geometry": { "type": "Polygon", "coordinates": [ [ [ 74.269114961137532, 31.451093871185027 ], [ 74.269068731153865, 31.450835713696836 ], [ 74.268912947171813, 31.450851600372154 ], [ 74.26896154740038, 31.451112272251915 ], [ 74.269114961137532, 31.451093871185027 ] ] ] } },
{ "type": "Feature", "properties": { "OBJECTID": 178282, "SHAPE_Leng": 282.46646144300001, "SHAPE_Area": 4860.6291142, "Town": "Allama Iqbal Town", "UC_N0": "UC_120", "Landuse": "V", "KA": null, "Name": null, "Plot_No": null, "Road_Wdth": "30'", "Plot_Size": "18 M", "__source_file": "PCSIR.shp" }, "geometry": { "type": "Polygon", "coordinates": [ [ [ 74.26896154740038, 31.451112272251915 ], [ 74.268912947171813, 31.450851600372154 ], [ 74.268703272655486, 31.450872982435179 ], [ 74.268728487305694, 31.451140226060133 ], [ 74.26896154740038, 31.451112272251915 ] ] ] } },
{ "type": "Feature", "properties": { "OBJECTID": 178282, "SHAPE_Leng": 282.46646144300001, "SHAPE_Area": 4860.6291142, "Town": "Allama Iqbal Town", "UC_N0": "UC_120", "Landuse": "V", "KA": null, "Name": null, "Plot_No": null, "Road_Wdth": "200'", "Plot_Size": "18 M", "__source_file": "PCSIR.shp" }, "geometry": { "type": "Polygon", "coordinates": [ [ [ 74.268716919814949, 31.451017625355053 ], [ 74.268703272655486, 31.450872982435179 ], [ 74.268465442380631, 31.450897235321193 ], [ 74.26846061615484, 31.45093481125668 ], [ 74.26845293028515, 31.451022112073712 ], [ 74.268716919814949, 31.451017625355053 ] ] ] } },
{ "type": "Feature", "properties": { "OBJECTID": 178282, "SHAPE_Leng": 282.46646144300001, "SHAPE_Area": 4860.6291142, "Town": "Allama Iqbal Town", "UC_N0": "UC_120", "Landuse": "V", "KA": null, "Name": null, "Plot_No": null, "Road_Wdth": "200'", "Plot_Size": "18 M", "__source_file": "PCSIR.shp" }, "geometry": { "type": "Polygon", "coordinates": [ [ [ 74.268692551620688, 31.450759352517569 ], [ 74.268680422133613, 31.450630794422771 ], [ 74.268498535573073, 31.450654458257233 ], [ 74.268487584234236, 31.450724843283492 ], [ 74.268482955987025, 31.450760877946706 ], [ 74.268692551620688, 31.450759352517569 ] ] ] } },
{ "type": "Feature", "properties": { "OBJECTID": 178282, "SHAPE_Leng": 282.46646144300001, "SHAPE_Area": 4860.6291142, "Town": "Allama Iqbal Town", "UC_N0": "UC_120", "Landuse": "V", "KA": null, "Name": null, "Plot_No": null, "Road_Wdth": "200'", "Plot_Size": "18 M", "__source_file": "PCSIR.shp" }, "geometry": { "type": "Polygon", "coordinates": [ [ [ 74.268692551620688, 31.450759352517569 ], [ 74.268482955987025, 31.450760877946706 ], [ 74.268465442380631, 31.450897235321193 ], [ 74.268703272655486, 31.450872982435179 ], [ 74.268692551620688, 31.450759352517569 ] ] ] } },
{ "type": "Feature", "properties": { "OBJECTID": 178282, "SHAPE_Leng": 282.46646144300001, "SHAPE_Area": 4860.6291142, "Town": "Allama Iqbal Town", "UC_N0": "UC_120", "Landuse": "V", "KA": null, "Name": null, "Plot_No": null, "Road_Wdth": "30'", "Plot_Size": "18 M", "__source_file": "PCSIR.shp" }, "geometry": { "type": "Polygon", "coordinates": [ [ [ 74.269399313416343, 31.450931146490401 ], [ 74.269232427858853, 31.450954280808467 ], [ 74.269260709481316, 31.45107638935918 ], [ 74.269361120082209, 31.45106434548099 ], [ 74.269362837384165, 31.451063839203954 ], [ 74.26937594761624, 31.451058688297454 ], [ 74.269387815763196, 31.451051665404492 ], [ 74.269398081306022, 31.451042981394277 ], [ 74.26940643171595, 31.4510329015433 ], [ 74.269412613083617, 31.451021732062546 ], [ 74.269416438608019, 31.451009811123665 ], [ 74.269417790750353, 31.450997502555492 ], [ 74.269416629778874, 31.45098517965295 ], [ 74.269412989622523, 31.45097321703307 ], [ 74.269410773414663, 31.450968441543537 ], [ 74.269399313416343, 31.450931146490401 ] ] ] } },
{ "type": "Feature", "properties": { "OBJECTID": 178282, "SHAPE_Leng": 282.46646144300001, "SHAPE_Area": 4860.6291142, "Town": "Allama Iqbal Town", "UC_N0": "UC_120", "Landuse": "V", "KA": null, "Name": null, "Plot_No": null, "Road_Wdth": "30'", "Plot_Size": "18 M", "__source_file": "PCSIR.shp" }, "geometry": { "type": "Polygon", "coordinates": [ [ [ 74.269399313416343, 31.450931146490401 ], [ 74.269360835419263, 31.450805924705943 ], [ 74.269201822970132, 31.450822140988407 ], [ 74.269232427858853, 31.450954280808467 ], [ 74.269399313416343, 31.450931146490401 ] ] ] } },
{ "type": "Feature", "properties": { "OBJECTID": 178279, "SHAPE_Leng": 605.87202426500005, "SHAPE_Area": 12862.0723707, "Town": "Allama Iqbal Town", "UC_N0": "UC_120", "Landuse": "V", "KA": null, "Name": null, "Plot_No": "30", "Road_Wdth": "30'", "Plot_Size": "18 M", "__source_file": "PCSIR.shp" }, "geometry": { "type": "Polygon", "coordinates": [ [ [ 74.269010697150506, 31.450532452362197 ], [ 74.268990587010265, 31.45021397093705 ], [ 74.26875102350489, 31.450198323265482 ], [ 74.268777057253885, 31.450563537309264 ], [ 74.269010697150506, 31.450532452362197 ] ] ] } },
{ "type": "Feature", "properties": { "OBJECTID": 178279, "SHAPE_Leng": 605.87202426500005, "SHAPE_Area": 12862.0723707, "Town": "Allama Iqbal Town", "UC_N0": "UC_120", "Landuse": "V", "KA": null, "Name": null, "Plot_No": "31", "Road_Wdth": "200'", "Plot_Size": "18 M", "__source_file": "PCSIR.shp" }, "geometry": { "type": "Polygon", "coordinates": [ [ [ 74.268766506327466, 31.450415524096165 ], [ 74.268543126787449, 31.450419758580558 ], [ 74.268522960199533, 31.450515672159653 ], [ 74.26850777784928, 31.450599363408688 ], [ 74.268777057253885, 31.450563537309264 ], [ 74.268766506327466, 31.450415524096165 ] ] ] } },
{ "type": "Feature", "properties": { "OBJECTID": 178279, "SHAPE_Leng": 605.87202426500005, "SHAPE_Area": 12862.0723707, "Town": "Allama Iqbal Town", "UC_N0": "UC_120", "Landuse": "V", "KA": null, "Name": null, "Plot_No": null, "Road_Wdth": "200'", "Plot_Size": "18 M", "__source_file": "PCSIR.shp" }, "geometry": { "type": "Polygon", "coordinates": [ [ [ 74.268766506327466, 31.450415524096165 ], [ 74.26875102350489, 31.450198323265482 ], [ 74.268596777795892, 31.45018824809317 ], [ 74.268566677333666, 31.450307750413948 ], [ 74.268543126787449, 31.450419758580558 ], [ 74.268766506327466, 31.450415524096165 ] ] ] } },
{ "type": "Feature", "properties": { "OBJECTID": 178279, "SHAPE_Leng": 605.87202426500005, "SHAPE_Area": 12862.0723707, "Town": "Allama Iqbal Town", "UC_N0": "UC_120", "Landuse": "V", "KA": null, "Name": null, "Plot_No": "29", "Road_Wdth": "30'", "Plot_Size": "18 M", "__source_file": "PCSIR.shp" }, "geometry": { "type": "Polygon", "coordinates": [ [ [ 74.269228703230738, 31.450375911693378 ], [ 74.269001340753107, 31.450384276655825 ], [ 74.269010697150506, 31.450532452362197 ], [ 74.269266352211801, 31.450498437863317 ], [ 74.269228703230738, 31.450375911693378 ] ] ] } },
{ "type": "Feature", "properties": { "OBJECTID": 178279, "SHAPE_Leng": 605.87202426500005, "SHAPE_Area": 12862.0723707, "Town": "Allama Iqbal Town", "UC_N0": "UC_120", "Landuse": "V", "KA": null, "Name": null, "Plot_No": null, "Road_Wdth": "30'", "Plot_Size": "18 M", "__source_file": "PCSIR.shp" }, "geometry": { "type": "Polygon", "coordinates": [ [ [ 74.269228703230738, 31.450375911693378 ], [ 74.26918909383788, 31.450247005144103 ], [ 74.269182896609138, 31.450226531777489 ], [ 74.268990587010265, 31.45021397093705 ], [ 74.269001340753107, 31.450384276655825 ], [ 74.269228703230738, 31.450375911693378 ] ] ] } },
{ "type": "Feature", "properties": { "OBJECTID": 178279, "SHAPE_Leng": 605.87202426500005, "SHAPE_Area": 12862.0723707, "Town": "Allama Iqbal Town", "UC_N0": "UC_120", "Landuse": "V", "KA": null, "Name": null, "Plot_No": null, "Road_Wdth": null, "Plot_Size": null, "__source_file": "PCSIR.shp" }, "geometry": { "type": "Polygon", "coordinates": [ [ [ 74.26964262198571, 31.448525617173377 ], [ 74.269162832508414, 31.448362162596993 ], [ 74.269015352217707, 31.448800869232844 ], [ 74.268857290255156, 31.449295711286357 ], [ 74.268707372640193, 31.449792413063058 ], [ 74.268643538396461, 31.450013135375194 ], [ 74.268618694359276, 31.450101236593483 ], [ 74.268596777795892, 31.45018824809317 ], [ 74.26875102350489, 31.450198323265482 ], [ 74.268990587010265, 31.45021397093705 ], [ 74.269182896609138, 31.450226531777489 ], [ 74.269177536725238, 31.450208824683425 ], [ 74.269169206558416, 31.450155437576328 ], [ 74.269169624716881, 31.450101576190711 ], [ 74.269170123374536, 31.450096449883226 ], [ 74.26966783794775, 31.448530477784864 ], [ 74.26964262198571, 31.448525617173377 ] ] ] } },
{ "type": "Feature", "properties": { "OBJECTID": 175095, "SHAPE_Leng": 115.402554585, "SHAPE_Area": 551.75932134499999, "Town": "Allama Iqbal Town", "UC_N0": "UC_120", "Landuse": "R", "KA": null, "Name": null, "Plot_No": null, "Road_Wdth": "30'", "Plot_Size": "10 M", "__source_file": "PCSIR.shp" }, "geometry": { "type": "Polygon", "coordinates": [ [ [ 74.263880486042453, 31.453055890002329 ], [ 74.263854938710111, 31.453005425616283 ], [ 74.263634531052105, 31.453085941810123 ], [ 74.263664435163307, 31.45314037542213 ], [ 74.263880486042453, 31.453055890002329 ] ] ] } },
{ "type": "Feature", "properties": { "OBJECTID": 172738, "SHAPE_Leng": 72.829625512800007, "SHAPE_Area": 309.49480197299999, "Town": "Allama Iqbal Town", "UC_N0": "UC_120", "Landuse": "V", "KA": null, "Name": null, "Plot_No": null, "Road_Wdth": "30'", "Plot_Size": "10 M", "__source_file": "PCSIR.shp" }, "geometry": { "type": "Polygon", "coordinates": [ [ [ 74.26402743163338, 31.453346157918002 ], [ 74.263799295919867, 31.453407575953111 ], [ 74.263816299446248, 31.453442380115455 ], [ 74.264049732812907, 31.45339020978696 ], [ 74.26402743163338, 31.453346157918002 ] ] ] } },
{ "type": "Feature", "properties": { "OBJECTID": 175095, "SHAPE_Leng": 115.402554585, "SHAPE_Area": 551.75932134499999, "Town": "Allama Iqbal Town", "UC_N0": "UC_120", "Landuse": "V", "KA": null, "Name": null, "Plot_No": null, "Road_Wdth": "30'", "Plot_Size": "10 M", "__source_file": "PCSIR.shp" }, "geometry": { "type": "Polygon", "coordinates": [ [ [ 74.263880486042453, 31.453055890002329 ], [ 74.263664435163307, 31.45314037542213 ], [ 74.263688803385804, 31.453184732160739 ], [ 74.263690170782837, 31.453184212497678 ], [ 74.263904259224987, 31.453102849806552 ], [ 74.263880486042453, 31.453055890002329 ] ] ] } },
{ "type": "Feature", "properties": { "OBJECTID": 172741, "SHAPE_Leng": 65.684232494900002, "SHAPE_Area": 234.52032320399999, "Town": "Allama Iqbal Town", "UC_N0": "UC_120", "Landuse": "V", "KA": null, "Name": null, "Plot_No": null, "Road_Wdth": "30'", "Plot_Size": "10 M", "__source_file": "PCSIR.shp" }, "geometry": { "type": "Polygon", "coordinates": [ [ [ 74.26379737492087, 31.453403643898689 ], [ 74.263568258060872, 31.4534513492742 ], [ 74.263591091563342, 31.45349271075715 ], [ 74.263816299446248, 31.453442380115455 ], [ 74.26379737492087, 31.453403643898689 ] ] ] } },
{ "type": "Feature", "properties": { "OBJECTID": 177178, "SHAPE_Leng": 197.06662306199999, "SHAPE_Area": 1303.68098265, "Town": "Allama Iqbal Town", "UC_N0": "UC_120", "Landuse": "V", "KA": null, "Name": null, "Plot_No": null, "Road_Wdth": "30'", "Plot_Size": "9 M", "__source_file": "PCSIR.shp" }, "geometry": { "type": "Polygon", "coordinates": [ [ [ 74.26317575570468, 31.453330153866702 ], [ 74.263142602559981, 31.453265644009946 ], [ 74.262950734071481, 31.453335733095816 ], [ 74.262975166835787, 31.453385604280093 ], [ 74.26317575570468, 31.453330153866702 ] ] ] } },
{ "type": "Feature", "properties": { "OBJECTID": 177178, "SHAPE_Leng": 197.06662306199999, "SHAPE_Area": 1303.68098265, "Town": "Allama Iqbal Town", "UC_N0": "UC_120", "Landuse": "V", "KA": null, "Name": null, "Plot_No": null, "Road_Wdth": "30'", "Plot_Size": "9 M", "__source_file": "PCSIR.shp" }, "geometry": { "type": "Polygon", "coordinates": [ [ [ 74.263259446298704, 31.45349299978071 ], [ 74.263055127609647, 31.453548816876285 ], [ 74.263083243534894, 31.453606206580393 ], [ 74.263293479837657, 31.453559222374306 ], [ 74.263259446298704, 31.45349299978071 ] ] ] } },
{ "type": "Feature", "properties": { "OBJECTID": 177178, "SHAPE_Leng": 197.06662306199999, "SHAPE_Area": 1303.68098265, "Town": "Allama Iqbal Town", "UC_N0": "UC_120", "Landuse": "V", "KA": null, "Name": null, "Plot_No": null, "Road_Wdth": "30'", "Plot_Size": "9 M", "__source_file": "PCSIR.shp" }, "geometry": { "type": "Polygon", "coordinates": [ [ [ 74.263259446298704, 31.45349299978071 ], [ 74.263222592310427, 31.453421289032352 ], [ 74.263022991752294, 31.453483222348616 ], [ 74.263042403746539, 31.453522845138789 ], [ 74.263055127609647, 31.453548816876285 ], [ 74.263259446298704, 31.45349299978071 ] ] ] } },
{ "type": "Feature", "properties": { "OBJECTID": 177178, "SHAPE_Leng": 197.06662306199999, "SHAPE_Area": 1303.68098265, "Town": "Allama Iqbal Town", "UC_N0": "UC_120", "Landuse": "V", "KA": null, "Name": null, "Plot_No": null, "Road_Wdth": "30'", "Plot_Size": "9 M", "__source_file": "PCSIR.shp" }, "geometry": { "type": "Polygon", "coordinates": [ [ [ 74.263222592310427, 31.453421289032352 ], [ 74.26317575570468, 31.453330153866702 ], [ 74.262975166835787, 31.453385604280093 ], [ 74.26300074461389, 31.453437812560317 ], [ 74.263022991752294, 31.453483222348616 ], [ 74.263222592310427, 31.453421289032352 ] ] ] } },
{ "type": "Feature", "properties": { "OBJECTID": 177178, "SHAPE_Leng": 197.06662306199999, "SHAPE_Area": 1303.68098265, "Town": "Allama Iqbal Town", "UC_N0": "UC_120", "Landuse": "V", "KA": null, "Name": null, "Plot_No": null, "Road_Wdth": "30'", "Plot_Size": "9 M", "__source_file": "PCSIR.shp" }, "geometry": { "type": "Polygon", "coordinates": [ [ [ 74.263392199450806, 31.453270320132091 ], [ 74.263345792668858, 31.453191418733141 ], [ 74.263142602559981, 31.453265644009946 ], [ 74.26317575570468, 31.453330153866702 ], [ 74.263392199450806, 31.453270320132091 ] ] ] } },
{ "type": "Feature", "properties": { "OBJECTID": 177178, "SHAPE_Leng": 197.06662306199999, "SHAPE_Area": 1303.68098265, "Town": "Allama Iqbal Town", "UC_N0": "UC_120", "Landuse": "V", "KA": null, "Name": null, "Plot_No": null, "Road_Wdth": "30'", "Plot_Size": "9 M", "__source_file": "PCSIR.shp" }, "geometry": { "type": "Polygon", "coordinates": [ [ [ 74.263486662888454, 31.453430926825547 ], [ 74.263259446298662, 31.45349299978071 ], [ 74.263293479837657, 31.453559222374306 ], [ 74.26353091259395, 31.45350615975363 ], [ 74.263486662888454, 31.453430926825547 ] ] ] } },
{ "type": "Feature", "properties": { "OBJECTID": 177178, "SHAPE_Leng": 197.06662306199999, "SHAPE_Area": 1303.68098265, "Town": "Allama Iqbal Town", "UC_N0": "UC_120", "Landuse": "R", "KA": null, "Name": null, "Plot_No": null, "Road_Wdth": "30'", "Plot_Size": "9 M", "__source_file": "PCSIR.shp" }, "geometry": { "type": "Polygon", "coordinates": [ [ [ 74.263486662888454, 31.453430926825547 ], [ 74.263450992798084, 31.453370280780138 ], [ 74.263441113725861, 31.453353484380042 ], [ 74.263222592310427, 31.453421289032352 ], [ 74.263259446298662, 31.45349299978071 ], [ 74.263486662888454, 31.453430926825547 ] ] ] } },
{ "type": "Feature", "properties": { "OBJECTID": 177172, "SHAPE_Leng": 149.45708429000001, "SHAPE_Area": 509.477489601, "Town": "Allama Iqbal Town", "UC_N0": "UC_120", "Landuse": "V", "KA": null, "Name": null, "Plot_No": null, "Road_Wdth": "30'", "Plot_Size": "7 M", "__source_file": "PCSIR.shp" }, "geometry": { "type": "Polygon", "coordinates": [ [ [ 74.262806378352323, 31.453610991254397 ], [ 74.262655707751236, 31.453651822899513 ], [ 74.262673617471123, 31.453697750284327 ], [ 74.262829370807864, 31.453662942695765 ], [ 74.262806378352323, 31.453610991254397 ] ] ] } },
{ "type": "Feature", "properties": { "OBJECTID": 177172, "SHAPE_Leng": 149.45708429000001, "SHAPE_Area": 509.477489601, "Town": "Allama Iqbal Town", "UC_N0": "UC_120", "Landuse": "V", "KA": null, "Name": null, "Plot_No": null, "Road_Wdth": "30'", "Plot_Size": "7 M", "__source_file": "PCSIR.shp" }, "geometry": { "type": "Polygon", "coordinates": [ [ [ 74.262806378352323, 31.453610991254397 ], [ 74.262780969068899, 31.453553578921458 ], [ 74.262634466735847, 31.453597352736434 ], [ 74.262655707751236, 31.453651822899513 ], [ 74.262806378352323, 31.453610991254397 ] ] ] } },
{ "type": "Feature", "properties": { "OBJECTID": 177172, "SHAPE_Leng": 149.45708429000001, "SHAPE_Area": 509.477489601, "Town": "Allama Iqbal Town", "UC_N0": "UC_120", "Landuse": "V", "KA": null, "Name": null, "Plot_No": null, "Road_Wdth": "30'", "Plot_Size": "7 M", "__source_file": "PCSIR.shp" }, "geometry": { "type": "Polygon", "coordinates": [ [ [ 74.262749560646256, 31.453482611418202 ], [ 74.262721600249634, 31.453419434653895 ], [ 74.262584601784212, 31.45346947949518 ], [ 74.262608414472155, 31.453530544586492 ], [ 74.262749560646256, 31.453482611418202 ] ] ] } },
{ "type": "Feature", "properties": { "OBJECTID": 177172, "SHAPE_Leng": 149.45708429000001, "SHAPE_Area": 509.477489601, "Town": "Allama Iqbal Town", "UC_N0": "UC_120", "Landuse": "V", "KA": null, "Name": null, "Plot_No": null, "Road_Wdth": "30'", "Plot_Size": "7 M", "__source_file": "PCSIR.shp" }, "geometry": { "type": "Polygon", "coordinates": [ [ [ 74.262780969068899, 31.453553578921458 ], [ 74.262749560646256, 31.453482611418202 ], [ 74.262608414472155, 31.453530544586492 ], [ 74.262634466735847, 31.453597352736434 ], [ 74.262780969068899, 31.453553578921458 ] ] ] } },
{ "type": "Feature", "properties": { "OBJECTID": 177172, "SHAPE_Leng": 149.45708429000001, "SHAPE_Area": 509.477489601, "Town": "Allama Iqbal Town", "UC_N0": "UC_120", "Landuse": "V", "KA": null, "Name": null, "Plot_No": null, "Road_Wdth": "30'", "Plot_Size": "7 M", "__source_file": "PCSIR.shp" }, "geometry": { "type": "Polygon", "coordinates": [ [ [ 74.2629858736356, 31.45356234785778 ], [ 74.262806378352323, 31.453610991254397 ], [ 74.262829370807864, 31.453662942695765 ], [ 74.263013270908544, 31.45362184462012 ], [ 74.2629858736356, 31.45356234785778 ] ] ] } },
{ "type": "Feature", "properties": { "OBJECTID": 177172, "SHAPE_Leng": 149.45708429000001, "SHAPE_Area": 509.477489601, "Town": "Allama Iqbal Town", "UC_N0": "UC_120", "Landuse": "R", "KA": null, "Name": null, "Plot_No": null, "Road_Wdth": "30'", "Plot_Size": "7 M", "__source_file": "PCSIR.shp" }, "geometry": { "type": "Polygon", "coordinates": [ [ [ 74.2629858736356, 31.45356234785778 ], [ 74.262973081732511, 31.453534568539506 ], [ 74.262957541173066, 31.453500820202159 ], [ 74.262780969068899, 31.453553578921458 ], [ 74.262806378352323, 31.453610991254397 ], [ 74.2629858736356, 31.45356234785778 ] ] ] } },
{ "type": "Feature", "properties": { "OBJECTID": 177172, "SHAPE_Leng": 149.45708429000001, "SHAPE_Area": 509.477489601, "Town": "Allama Iqbal Town", "UC_N0": "UC_120", "Landuse": "V", "KA": null, "Name": null, "Plot_No": null, "Road_Wdth": "30'", "Plot_Size": "7 M", "__source_file": "PCSIR.shp" }, "geometry": { "type": "Polygon", "coordinates": [ [ [ 74.262922165140395, 31.453423994740572 ], [ 74.262891488692162, 31.453357374852803 ], [ 74.262732180108159, 31.453415569877095 ], [ 74.262721600249634, 31.453419434653895 ], [ 74.262749560646256, 31.453482611418202 ], [ 74.262922165140395, 31.453423994740572 ] ] ] } },
{ "type": "Feature", "properties": { "OBJECTID": 177172, "SHAPE_Leng": 149.45708429000001, "SHAPE_Area": 509.477489601, "Town": "Allama Iqbal Town", "UC_N0": "UC_120", "Landuse": "R", "KA": null, "Name": null, "Plot_No": null, "Road_Wdth": "30'", "Plot_Size": "5 M", "__source_file": "PCSIR.shp" }, "geometry": { "type": "Polygon", "coordinates": [ [ [ 74.262403212285179, 31.453584212625756 ], [ 74.262383437009859, 31.45354296352987 ], [ 74.262370151177805, 31.453547816731934 ], [ 74.262234196790743, 31.453597478858018 ], [ 74.262253030961176, 31.45363264520514 ], [ 74.262403212285179, 31.453584212625756 ] ] ] } },
{ "type": "Feature", "properties": { "OBJECTID": 177172, "SHAPE_Leng": 149.45708429000001, "SHAPE_Area": 509.477489601, "Town": "Allama Iqbal Town", "UC_N0": "UC_120", "Landuse": "R", "KA": null, "Name": null, "Plot_No": null, "Road_Wdth": "30'", "Plot_Size": "5 M", "__source_file": "PCSIR.shp" }, "geometry": { "type": "Polygon", "coordinates": [ [ [ 74.26242708625233, 31.453634011100259 ], [ 74.262403212285179, 31.453584212625756 ], [ 74.262253030961176, 31.45363264520514 ], [ 74.262277318897887, 31.453677994546251 ], [ 74.262278806992413, 31.453680773127786 ], [ 74.26242708625233, 31.453634011100259 ] ] ] } },
{ "type": "Feature", "properties": { "OBJECTID": 177172, "SHAPE_Leng": 149.45708429000001, "SHAPE_Area": 509.477489601, "Town": "Allama Iqbal Town", "UC_N0": "UC_120", "Landuse": "R", "KA": null, "Name": null, "Plot_No": null, "Road_Wdth": "30'", "Plot_Size": "5 M", "__source_file": "PCSIR.shp" }, "geometry": { "type": "Polygon", "coordinates": [ [ [ 74.262572701516319, 31.45352955308827 ], [ 74.262553380747121, 31.453480884352704 ], [ 74.262553170665527, 31.453480961094204 ], [ 74.262383437009859, 31.45354296352987 ], [ 74.262403212285179, 31.453584212625756 ], [ 74.262572701516319, 31.45352955308827 ] ] ] } },
{ "type": "Feature", "properties": { "OBJECTID": 177172, "SHAPE_Leng": 149.45708429000001, "SHAPE_Area": 509.477489601, "Town": "Allama Iqbal Town", "UC_N0": "UC_120", "Landuse": "V", "KA": null, "Name": null, "Plot_No": null, "Road_Wdth": "30'", "Plot_Size": "5 M", "__source_file": "PCSIR.shp" }, "geometry": { "type": "Polygon", "coordinates": [ [ [ 74.262619802331997, 31.453648199136808 ], [ 74.262454431897751, 31.453691051045489 ], [ 74.262478543423043, 31.453741344918171 ], [ 74.262642255817909, 31.453704758926769 ], [ 74.262619802331997, 31.453648199136808 ] ] ] } },
{ "type": "Feature", "properties": { "OBJECTID": 177172, "SHAPE_Leng": 149.45708429000001, "SHAPE_Area": 509.477489601, "Town": "Allama Iqbal Town", "UC_N0": "UC_120", "Landuse": "R", "KA": null, "Name": null, "Plot_No": null, "Road_Wdth": "30'", "Plot_Size": "5 M", "__source_file": "PCSIR.shp" }, "geometry": { "type": "Polygon", "coordinates": [ [ [ 74.26259335383908, 31.453581575930105 ], [ 74.262572701516319, 31.45352955308827 ], [ 74.262403212285179, 31.453584212625756 ], [ 74.26242708625233, 31.453634011100291 ], [ 74.26259335383908, 31.453581575930105 ] ] ] } },
{ "type": "Feature", "properties": { "OBJECTID": 177172, "SHAPE_Leng": 149.45708429000001, "SHAPE_Area": 509.477489601, "Town": "Allama Iqbal Town", "UC_N0": "UC_120", "Landuse": "R", "KA": null, "Name": null, "Plot_No": null, "Road_Wdth": "30'", "Plot_Size": "5 M", "__source_file": "PCSIR.shp" }, "geometry": { "type": "Polygon", "coordinates": [ [ [ 74.262619802331997, 31.453648199136808 ], [ 74.26259335383908, 31.453581575930105 ], [ 74.26242708625233, 31.453634011100291 ], [ 74.262454431897751, 31.453691051045489 ], [ 74.262619802331997, 31.453648199136808 ] ] ] } },
{ "type": "Feature", "properties": { "OBJECTID": 177172, "SHAPE_Leng": 149.45708429000001, "SHAPE_Area": 509.477489601, "Town": "Allama Iqbal Town", "UC_N0": "UC_120", "Landuse": "R", "KA": null, "Name": null, "Plot_No": null, "Road_Wdth": "30'", "Plot_Size": "5 M", "__source_file": "PCSIR.shp" }, "geometry": { "type": "Polygon", "coordinates": [ [ [ 74.262454431897751, 31.453691051045489 ], [ 74.26242708625233, 31.453634011100259 ], [ 74.262278806992413, 31.453680773127786 ], [ 74.262305043149141, 31.453729761452891 ], [ 74.262307710409146, 31.453734741775314 ], [ 74.26232912939841, 31.453774735340886 ], [ 74.262478543423043, 31.453741344918171 ], [ 74.262454431897751, 31.453691051045489 ] ] ] } },
{ "type": "Feature", "properties": { "OBJECTID": 177180, "SHAPE_Leng": 45.291177732800001, "SHAPE_Area": 127.566768525, "Town": "Allama Iqbal Town", "UC_N0": "UC_120", "Landuse": "R", "KA": null, "Name": null, "Plot_No": null, "Road_Wdth": "30'", "Plot_Size": "5 M", "__source_file": "PCSIR.shp" }, "geometry": { "type": "Polygon", "coordinates": [ [ [ 74.262193709161878, 31.453666928589211 ], [ 74.262077241191037, 31.453711289242225 ], [ 74.262096342927023, 31.453752208369139 ], [ 74.262215515290237, 31.45370693287779 ], [ 74.262193709161878, 31.453666928589211 ] ] ] } },
{ "type": "Feature", "properties": { "OBJECTID": 0, "SHAPE_Leng": 0.0, "SHAPE_Area": 0.0, "Town": null, "UC_N0": null, "Landuse": "V", "KA": null, "Name": null, "Plot_No": null, "Road_Wdth": "30'", "Plot_Size": "18 M", "__source_file": "PCSIR.shp" }, "geometry": { "type": "Polygon", "coordinates": [ [ [ 74.260928665973907, 31.454023040577862 ], [ 74.260925596742908, 31.453999703654038 ], [ 74.260770355887885, 31.454052639354703 ], [ 74.260928665973907, 31.454023040577862 ] ] ] } },
{ "type": "Feature", "properties": { "OBJECTID": 0, "SHAPE_Leng": 0.0, "SHAPE_Area": 0.0, "Town": null, "UC_N0": null, "Landuse": "V", "KA": null, "Name": null, "Plot_No": null, "Road_Wdth": "30'", "Plot_Size": "18 M", "__source_file": "PCSIR.shp" }, "geometry": { "type": "Polygon", "coordinates": [ [ [ 74.261008929118731, 31.454008033928641 ], [ 74.261000181799346, 31.453974270748443 ], [ 74.260925596742908, 31.453999703654038 ], [ 74.260928665973907, 31.454023040577862 ], [ 74.261008929118731, 31.454008033928641 ] ] ] } },
{ "type": "Feature", "properties": { "OBJECTID": 0, "SHAPE_Leng": 0.0, "SHAPE_Area": 0.0, "Town": null, "UC_N0": null, "Landuse": "V", "KA": null, "Name": null, "Plot_No": null, "Road_Wdth": "30'", "Plot_Size": "18 M", "__source_file": "PCSIR.shp" }, "geometry": { "type": "Polygon", "coordinates": [ [ [ 74.261074367555665, 31.453995798986281 ], [ 74.261065933534198, 31.453951849886813 ], [ 74.261000181799346, 31.453974270748443 ], [ 74.261008929118731, 31.454008033928641 ], [ 74.261074367555665, 31.453995798986281 ] ] ] } },
{ "type": "Feature", "properties": { "OBJECTID": 0, "SHAPE_Leng": 0.0, "SHAPE_Area": 0.0, "Town": null, "UC_N0": null, "Landuse": "V", "KA": null, "Name": null, "Plot_No": null, "Road_Wdth": "30'", "Plot_Size": "18 M", "__source_file": "PCSIR.shp" }, "geometry": { "type": "Polygon", "coordinates": [ [ [ 74.261146520870668, 31.453982308528882 ], [ 74.261135136159197, 31.453928252248392 ], [ 74.261065933534198, 31.453951849886813 ], [ 74.261074367555665, 31.453995798986281 ], [ 74.261146520870668, 31.453982308528882 ] ] ] } },
{ "type": "Feature", "properties": { "OBJECTID": 0, "SHAPE_Leng": 0.0, "SHAPE_Area": 0.0, "Town": null, "UC_N0": null, "Landuse": "V", "KA": null, "Name": null, "Plot_No": null, "Road_Wdth": "30'", "Plot_Size": "18 M", "__source_file": "PCSIR.shp" }, "geometry": { "type": "Polygon", "coordinates": [ [ [ 74.261208468794379, 31.453970726131043 ], [ 74.261192866490688, 31.453908566548407 ], [ 74.261135136159197, 31.453928252248392 ], [ 74.261146520870668, 31.453982308528882 ], [ 74.261208468794379, 31.453970726131043 ] ] ] } },
{ "type": "Feature", "properties": { "OBJECTID": 0, "SHAPE_Leng": 0.0, "SHAPE_Area": 0.0, "Town": null, "UC_N0": null, "Landuse": "V", "KA": null, "Name": null, "Plot_No": null, "Road_Wdth": "30'", "Plot_Size": "18 M", "__source_file": "PCSIR.shp" }, "geometry": { "type": "Polygon", "coordinates": [ [ [ 74.261301164780662, 31.453953394709156 ], [ 74.261268216759262, 31.453882872502646 ], [ 74.261192866490688, 31.453908566548407 ], [ 74.261208468794379, 31.453970726131043 ], [ 74.261301164780662, 31.453953394709156 ] ] ] } },
{ "type": "Feature", "properties": { "OBJECTID": 0, "SHAPE_Leng": 0.0, "SHAPE_Area": 0.0, "Town": null, "UC_N0": null, "Landuse": "V", "KA": null, "Name": null, "Plot_No": null, "Road_Wdth": "30'", "Plot_Size": "18 M", "__source_file": "PCSIR.shp" }, "geometry": { "type": "Polygon", "coordinates": [ [ [ 74.261373638602322, 31.453939844185577 ], [ 74.261343133426166, 31.453857326254436 ], [ 74.261268216759262, 31.453882872502646 ], [ 74.261301164780662, 31.453953394709156 ], [ 74.261373638602322, 31.453939844185577 ] ] ] } },
{ "type": "Feature", "properties": { "OBJECTID": 0, "SHAPE_Leng": 0.0, "SHAPE_Area": 0.0, "Town": null, "UC_N0": null, "Landuse": "V", "KA": null, "Name": null, "Plot_No": null, "Road_Wdth": "30'", "Plot_Size": "5 M", "__source_file": "PCSIR.shp" }, "geometry": { "type": "Polygon", "coordinates": [ [ [ 74.261523278784821, 31.453911865625631 ], [ 74.26147440814924, 31.453812562020971 ], [ 74.261417397996595, 31.45383200231079 ], [ 74.261461962569456, 31.453923330078933 ], [ 74.261523278784821, 31.453911865625631 ] ] ] } },
{ "type": "Feature", "properties": { "OBJECTID": 0, "SHAPE_Leng": 0.0, "SHAPE_Area": 0.0, "Town": null, "UC_N0": null, "Landuse": "V", "KA": null, "Name": null, "Plot_No": null, "Road_Wdth": "30'", "Plot_Size": "5 M", "__source_file": "PCSIR.shp" }, "geometry": { "type": "Polygon", "coordinates": [ [ [ 74.261586791190354, 31.453899990510838 ], [ 74.261536339957416, 31.453791443423309 ], [ 74.26147440814924, 31.453812562020971 ], [ 74.261523278784821, 31.453911865625631 ], [ 74.261586791190354, 31.453899990510838 ] ] ] } },
{ "type": "Feature", "properties": { "OBJECTID": 0, "SHAPE_Leng": 0.0, "SHAPE_Area": 0.0, "Town": null, "UC_N0": null, "Landuse": "V", "KA": null, "Name": null, "Plot_No": null, "Road_Wdth": "30'", "Plot_Size": "5 M", "__source_file": "PCSIR.shp" }, "geometry": { "type": "Polygon", "coordinates": [ [ [ 74.261648365209481, 31.453888477789203 ], [ 74.261595488830011, 31.453771273762921 ], [ 74.261536339957416, 31.453791443423309 ], [ 74.261586791190354, 31.453899990510838 ], [ 74.261648365209481, 31.453888477789203 ] ] ] } },
{ "type": "Feature", "properties": { "OBJECTID": 0, "SHAPE_Leng": 0.0, "SHAPE_Area": 0.0, "Town": null, "UC_N0": null, "Landuse": "V", "KA": null, "Name": null, "Plot_No": null, "Road_Wdth": "30'", "Plot_Size": "5 M", "__source_file": "PCSIR.shp" }, "geometry": { "type": "Polygon", "coordinates": [ [ [ 74.261461962569456, 31.453923330078933 ], [ 74.261417397996595, 31.45383200231079 ], [ 74.261343133426166, 31.453857326254436 ], [ 74.261373638602322, 31.453939844185577 ], [ 74.261461962569456, 31.453923330078933 ] ] ] } },
{ "type": "Feature", "properties": { "OBJECTID": 0, "SHAPE_Leng": 0.0, "SHAPE_Area": 0.0, "Town": null, "UC_N0": null, "Landuse": "V", "KA": null, "Name": null, "Plot_No": null, "Road_Wdth": "30'", "Plot_Size": "5 M", "__source_file": "PCSIR.shp" }, "geometry": { "type": "Polygon", "coordinates": [ [ [ 74.261595488830011, 31.453771273762921 ], [ 74.261648365209481, 31.453888477789203 ], [ 74.261698026434615, 31.453879192422889 ], [ 74.261704325642341, 31.453858193701127 ], [ 74.261649942743702, 31.453752705043058 ], [ 74.261595488830011, 31.453771273762921 ] ] ] } },
{ "type": "Feature", "properties": { "OBJECTID": 185596, "SHAPE_Leng": 63.925980637800002, "SHAPE_Area": 230.78602700600001, "Town": "Allama Iqbal Town", "UC_N0": "UC_120", "Landuse": null, "KA": null, "Name": null, "Plot_No": null, "Road_Wdth": "120'", "Plot_Size": "11 M", "__source_file": "PCSIR.shp" }, "geometry": { "type": "Polygon", "coordinates": [ [ [ 74.259562647580807, 31.453332034988073 ], [ 74.259476172620978, 31.45328071563614 ], [ 74.259339583692565, 31.453432919435311 ], [ 74.259432922419009, 31.453482355896035 ], [ 74.259562647580807, 31.453332034988073 ] ] ] } },
{ "type": "Feature", "properties": { "OBJECTID": 185596, "SHAPE_Leng": 63.925980637800002, "SHAPE_Area": 230.78602700600001, "Town": "Allama Iqbal Town", "UC_N0": "UC_120", "Landuse": null, "KA": null, "Name": null, "Plot_No": null, "Road_Wdth": "120'", "Plot_Size": "11 M", "__source_file": "PCSIR.shp" }, "geometry": { "type": "Polygon", "coordinates": [ [ [ 74.259387946273122, 31.45322835678984 ], [ 74.259301953428249, 31.453177323325331 ], [ 74.259161075063062, 31.453338372764229 ], [ 74.259249010954548, 31.453384947854534 ], [ 74.259387946273122, 31.45322835678984 ] ] ] } },
{ "type": "Feature", "properties": { "OBJECTID": 185596, "SHAPE_Leng": 63.925980637800002, "SHAPE_Area": 230.78602700600001, "Town": "Allama Iqbal Town", "UC_N0": "UC_120", "Landuse": null, "KA": null, "Name": null, "Plot_No": null, "Road_Wdth": "120'", "Plot_Size": "11 M", "__source_file": "PCSIR.shp" }, "geometry": { "type": "Polygon", "coordinates": [ [ [ 74.259476172620978, 31.45328071563614 ], [ 74.259387946273122, 31.45322835678984 ], [ 74.259249010954548, 31.453384947854534 ], [ 74.259339583692565, 31.453432919435311 ], [ 74.259476172620978, 31.45328071563614 ] ] ] } },
{ "type": "Feature", "properties": { "OBJECTID": 185596, "SHAPE_Leng": 63.925980637800002, "SHAPE_Area": 230.78602700600001, "Town": "Allama Iqbal Town", "UC_N0": "UC_120", "Landuse": null, "KA": null, "Name": null, "Plot_No": null, "Road_Wdth": "120'", "Plot_Size": "11 M", "__source_file": "PCSIR.shp" }, "geometry": { "type": "Polygon", "coordinates": [ [ [ 74.259562647580807, 31.453332034988073 ], [ 74.259432922419009, 31.453482355896035 ], [ 74.259559305774133, 31.45354929411414 ], [ 74.259686732062818, 31.453405673854654 ], [ 74.259562647580807, 31.453332034988073 ] ] ] } },
{ "type": "Feature", "properties": { "OBJECTID": 185596, "SHAPE_Leng": 63.925980637800002, "SHAPE_Area": 230.78602700600001, "Town": "Allama Iqbal Town", "UC_N0": "UC_120", "Landuse": null, "KA": null, "Name": null, "Plot_No": null, "Road_Wdth": "30'", "Plot_Size": "11 M", "__source_file": "PCSIR.shp" }, "geometry": { "type": "Polygon", "coordinates": [ [ [ 74.259732202122578, 31.453135560268773 ], [ 74.25965140967763, 31.45308544449475 ], [ 74.259476172620978, 31.45328071563614 ], [ 74.259562647580807, 31.453332034988073 ], [ 74.259732202122578, 31.453135560268773 ] ] ] } },
{ "type": "Feature", "properties": { "OBJECTID": 185596, "SHAPE_Leng": 63.925980637800002, "SHAPE_Area": 230.78602700600001, "Town": "Allama Iqbal Town", "UC_N0": "UC_120", "Landuse": null, "KA": null, "Name": null, "Plot_No": null, "Road_Wdth": "30'", "Plot_Size": "11 M", "__source_file": "PCSIR.shp" }, "geometry": { "type": "Polygon", "coordinates": [ [ [ 74.259563259153111, 31.45303076436559 ], [ 74.25947697454113, 31.452977241549952 ], [ 74.259301953428249, 31.453177323325331 ], [ 74.259387946273122, 31.45322835678984 ], [ 74.259563259153111, 31.45303076436559 ] ] ] } },
{ "type": "Feature", "properties": { "OBJECTID": 185596, "SHAPE_Leng": 63.925980637800002, "SHAPE_Area": 230.78602700600001, "Town": "Allama Iqbal Town", "UC_N0": "UC_120", "Landuse": null, "KA": null, "Name": null, "Plot_No": null, "Road_Wdth": "30'", "Plot_Size": "11 M", "__source_file": "PCSIR.shp" }, "geometry": { "type": "Polygon", "coordinates": [ [ [ 74.25965140967763, 31.45308544449475 ], [ 74.259563259153111, 31.45303076436559 ], [ 74.259387946273122, 31.45322835678984 ], [ 74.259476172620978, 31.45328071563614 ], [ 74.25965140967763, 31.45308544449475 ] ] ] } },
{ "type": "Feature", "properties": { "OBJECTID": 165390, "SHAPE_Leng": 256.68819670200003, "SHAPE_Area": 4036.4077464400002, "Town": "Allama Iqbal Town", "UC_N0": "UC_120", "Landuse": "V", "KA": null, "Name": null, "Plot_No": null, "Road_Wdth": "30", "Plot_Size": "12 M", "__source_file": "PCSIR.shp" }, "geometry": { "type": "Polygon", "coordinates": [ [ [ 74.256882572546431, 31.453185860252717 ], [ 74.2567797396608, 31.453121148473766 ], [ 74.25666897695227, 31.453161809244229 ], [ 74.25671082504229, 31.4531956676107 ], [ 74.256789576241417, 31.453259383366213 ], [ 74.256882572546431, 31.453185860252717 ] ] ] } },
{ "type": "Feature", "properties": { "OBJECTID": 165390, "SHAPE_Leng": 256.68819670200003, "SHAPE_Area": 4036.4077464400002, "Town": "Allama Iqbal Town", "UC_N0": "UC_120", "Landuse": "V", "KA": null, "Name": null, "Plot_No": null, "Road_Wdth": "30", "Plot_Size": "12 M", "__source_file": "PCSIR.shp" }, "geometry": { "type": "Polygon", "coordinates": [ [ [ 74.25660526216447, 31.453268137414508 ], [ 74.256536925572149, 31.453210284871187 ], [ 74.256331600517669, 31.453285658649971 ], [ 74.256442200561892, 31.453380080180583 ], [ 74.25660526216447, 31.453268137414508 ] ] ] } },
{ "type": "Feature", "properties": { "OBJECTID": 165390, "SHAPE_Leng": 256.68819670200003, "SHAPE_Area": 4036.4077464400002, "Town": "Allama Iqbal Town", "UC_N0": "UC_120", "Landuse": "V", "KA": null, "Name": null, "Plot_No": null, "Road_Wdth": "120'", "Plot_Size": "18 M", "__source_file": "PCSIR.shp" }, "geometry": { "type": "Polygon", "coordinates": [ [ [ 74.258748439578156, 31.453641855421051 ], [ 74.258640592823312, 31.453576808553532 ], [ 74.25844047344188, 31.453790436155387 ], [ 74.258546370167622, 31.453856067409085 ], [ 74.258754417943166, 31.453645461216613 ], [ 74.258748439578156, 31.453641855421051 ] ] ] } },
{ "type": "Feature", "properties": { "OBJECTID": 165390, "SHAPE_Leng": 256.68819670200003, "SHAPE_Area": 4036.4077464400002, "Town": "Allama Iqbal Town", "UC_N0": "UC_120", "Landuse": "V", "KA": null, "Name": null, "Plot_No": null, "Road_Wdth": "120'", "Plot_Size": "18 M", "__source_file": "PCSIR.shp" }, "geometry": { "type": "Polygon", "coordinates": [ [ [ 74.258997096431628, 31.453791830036376 ], [ 74.258876656404382, 31.453719188092904 ], [ 74.258663261236521, 31.453928512382774 ], [ 74.258785177845013, 31.45400407177809 ], [ 74.258997976669846, 31.453792360940614 ], [ 74.258997096431628, 31.453791830036376 ] ] ] } },
{ "type": "Feature", "properties": { "OBJECTID": 165390, "SHAPE_Leng": 256.68819670200003, "SHAPE_Area": 4036.4077464400002, "Town": "Allama Iqbal Town", "UC_N0": "UC_120", "Landuse": "R", "KA": null, "Name": null, "Plot_No": null, "Road_Wdth": "120'", "Plot_Size": "18 M", "__source_file": "PCSIR.shp" }, "geometry": { "type": "Polygon", "coordinates": [ [ [ 74.258538351770738, 31.453515142607333 ], [ 74.258429424372707, 31.453449443771735 ], [ 74.258255172081064, 31.453650545588669 ], [ 74.258243918535513, 31.453663533061171 ], [ 74.258241052193767, 31.453666841043191 ], [ 74.258345253695609, 31.453731421984987 ], [ 74.258538351770738, 31.453515142607333 ] ] ] } },
{ "type": "Feature", "properties": { "OBJECTID": 191447, "SHAPE_Leng": 98.048301545599998, "SHAPE_Area": 589.06281588599995, "Town": "Allama Iqbal Town", "UC_N0": "UC_120", "Landuse": "V", "KA": null, "Name": null, "Plot_No": null, "Road_Wdth": "30'", "Plot_Size": "18 M", "__source_file": "PCSIR.shp" }, "geometry": { "type": "Polygon", "coordinates": [ [ [ 74.268423572783988, 31.448182765344249 ], [ 74.268395259645246, 31.448108506703566 ], [ 74.268127251541799, 31.448225344103818 ], [ 74.268176309738465, 31.448318550311548 ], [ 74.268423572783988, 31.448182765344249 ] ] ] } },
{ "type": "Feature", "properties": { "OBJECTID": 191437, "SHAPE_Leng": 125.475347551, "SHAPE_Area": 792.68130501099995, "Town": "Allama Iqbal Town", "UC_N0": "UC_120", "Landuse": "V", "KA": null, "Name": null, "Plot_No": null, "Road_Wdth": "30'", "Plot_Size": "18 M", "__source_file": "PCSIR.shp" }, "geometry": { "type": "Polygon", "coordinates": [ [ [ 74.268514558480234, 31.448421398693387 ], [ 74.268466965802148, 31.448296574693963 ], [ 74.268219689634563, 31.448400968086641 ], [ 74.268287968949849, 31.44853069066825 ], [ 74.268514558480234, 31.448421398693387 ] ] ] } },
{ "type": "Feature", "properties": { "OBJECTID": 191428, "SHAPE_Leng": 144.34327105200001, "SHAPE_Area": 1264.8891195799999, "Town": "Allama Iqbal Town", "UC_N0": "UC_120", "Landuse": "V", "KA": null, "Name": null, "Plot_No": null, "Road_Wdth": "30'", "Plot_Size": "18 M", "__source_file": "PCSIR.shp" }, "geometry": { "type": "Polygon", "coordinates": [ [ [ 74.268150579392781, 31.448405021385675 ], [ 74.267856053632926, 31.448502035704763 ], [ 74.26791866230954, 31.448618334557569 ], [ 74.268198817821883, 31.44849822877876 ], [ 74.268150579392781, 31.448405021385675 ] ] ] } },
{ "type": "Feature", "properties": { "OBJECTID": 191428, "SHAPE_Leng": 144.34327105200001, "SHAPE_Area": 1264.8891195799999, "Town": "Allama Iqbal Town", "UC_N0": "UC_120", "Landuse": "V", "KA": null, "Name": null, "Plot_No": null, "Road_Wdth": "30'", "Plot_Size": "18 M", "__source_file": "PCSIR.shp" }, "geometry": { "type": "Polygon", "coordinates": [ [ [ 74.268150579392781, 31.448405021385675 ], [ 74.268086701073543, 31.448281593932908 ], [ 74.267805685686525, 31.44840847467011 ], [ 74.267825568987803, 31.4484454087874 ], [ 74.267856053632926, 31.448502035704763 ], [ 74.268150579392781, 31.448405021385675 ] ] ] } }
]
}
