{
"type": "FeatureCollection",
"name": "revenu",
"crs": { "type": "name", "properties": { "name": "urn:ogc:def:crs:OGC:1.3:CRS84" } },
"features": [
{ "type": "Feature", "properties": { "OBJECTID": 162813, "SHAPE_Leng": 535.29305893200001, "SHAPE_Area": 17211.999595400001, "Town": "Allama Iqbal Town", "UC_N0": "UC_120", "Landuse": "P", "KA": null, "Name": "Abdullah Park", "Plot_No": null, "Block": "A", "Plot_Size": "38.73K", "Road_Width": null, "Classifica": null, "Category": null, "MAP": null, "__source_file": "revenu.shp" }, "geometry": { "type": "Polygon", "coordinates": [ [ [ 74.283573741874008, 31.45166921592914 ], [ 74.283549368397956, 31.451368721098792 ], [ 74.281830388650519, 31.451394039442299 ], [ 74.281835089649064, 31.452324367819386 ], [ 74.281845105537244, 31.452584848034594 ], [ 74.28231722732643, 31.452593886605339 ], [ 74.282351089522763, 31.452593144339964 ], [ 74.282419790914773, 31.452586095811874 ], [ 74.282486918942652, 31.452571720473831 ], [ 74.282551416239912, 31.452550246082044 ], [ 74.28261226458865, 31.45252201158781 ], [ 74.282668506009827, 31.452487461842036 ], [ 74.282683046040503, 31.452476922262271 ], [ 74.283573797530778, 31.451687761510623 ], [ 74.283573639669811, 31.451675177271635 ], [ 74.283573741874008, 31.45166921592914 ] ] ] } },
{ "type": "Feature", "properties": { "OBJECTID": 162817, "SHAPE_Leng": 96.523844805500005, "SHAPE_Area": 519.31812704699996, "Town": "Allama Iqbal Town", "UC_N0": "UC_120", "Landuse": "R", "KA": null, "Name": null, "Plot_No": "53", "Block": "A", "Plot_Size": "1K", "Road_Width": null, "Classifica": null, "Category": null, "MAP": null, "__source_file": "revenu.shp" }, "geometry": { "type": "Polygon", "coordinates": [ [ [ 74.278342390993586, 31.454364707154543 ], [ 74.278276176808546, 31.454365484392579 ], [ 74.278004860415038, 31.454368670269073 ], [ 74.278005011090315, 31.454408848137081 ], [ 74.278001328822455, 31.454509919076585 ], [ 74.27833720217231, 31.454516810339982 ], [ 74.278342390993586, 31.454364707154543 ] ] ] } },
{ "type": "Feature", "properties": { "OBJECTID": 160829, "SHAPE_Leng": 54.829320479899998, "SHAPE_Area": 164.870074692, "Town": "Allama Iqbal Town", "UC_N0": "UC_120", "Landuse": "R", "KA": null, "Name": null, "Plot_No": "149", "Block": "A", "Plot_Size": "5M", "Road_Width": null, "Classifica": null, "Category": null, "MAP": null, "__source_file": "revenu.shp" }, "geometry": { "type": "Polygon", "coordinates": [ [ [ 74.279627127224316, 31.453356106079816 ], [ 74.279626951184554, 31.453340878219354 ], [ 74.279626173233311, 31.45327379423318 ], [ 74.279550850544609, 31.453275832744882 ], [ 74.279431640415453, 31.453279057951999 ], [ 74.27943229621772, 31.453357542682131 ], [ 74.279627127224316, 31.453356106079816 ] ] ] } },
{ "type": "Feature", "properties": { "OBJECTID": 160830, "SHAPE_Leng": 38.002521970700002, "SHAPE_Area": 84.280121594999997, "Town": "Allama Iqbal Town", "UC_N0": "UC_120", "Landuse": "R", "KA": null, "Name": null, "Plot_No": "150", "Block": "A", "Plot_Size": "5M", "Road_Width": null, "Classifica": null, "Category": null, "MAP": null, "__source_file": "revenu.shp" }, "geometry": { "type": "Polygon", "coordinates": [ [ [ 74.279626173233325, 31.45327379423318 ], [ 74.279624937584103, 31.453167227158048 ], [ 74.279551703057706, 31.45316692982318 ], [ 74.279430698649065, 31.453166438593168 ], [ 74.279431640415467, 31.453279057951999 ], [ 74.279550850544638, 31.453275832744882 ], [ 74.279626173233325, 31.45327379423318 ] ] ] } },
{ "type": "Feature", "properties": { "OBJECTID": 160831, "SHAPE_Leng": 51.137989344499999, "SHAPE_Area": 140.92904566000001, "Town": "Allama Iqbal Town", "UC_N0": "UC_120", "Landuse": "R", "KA": null, "Name": null, "Plot_No": "108", "Block": "A", "Plot_Size": "10M", "Road_Width": null, "Classifica": null, "Category": null, "MAP": null, "__source_file": "revenu.shp" }, "geometry": { "type": "Polygon", "coordinates": [ [ [ 74.282261008038731, 31.453281385698741 ], [ 74.282264772366375, 31.453177915111517 ], [ 74.282163704109948, 31.453177506601168 ], [ 74.282162454379986, 31.453343719467611 ], [ 74.282178762008144, 31.453333414509213 ], [ 74.282261008038731, 31.453281385698741 ] ] ] } },
{ "type": "Feature", "properties": { "OBJECTID": 160832, "SHAPE_Leng": 60.262486928199998, "SHAPE_Area": 210.83301541500001, "Town": "Allama Iqbal Town", "UC_N0": "UC_120", "Landuse": "C", "KA": null, "Name": null, "Plot_No": "105", "Block": "A", "Plot_Size": "10M", "Road_Width": null, "Classifica": null, "Category": null, "MAP": null, "__source_file": "revenu.shp" }, "geometry": { "type": "Polygon", "coordinates": [ [ [ 74.281891792747871, 31.453514747614395 ], [ 74.2817709777364, 31.453375583860886 ], [ 74.281678745150828, 31.453437179490678 ], [ 74.281798663321851, 31.453573594630221 ], [ 74.281891792747871, 31.453514747614395 ] ] ] } },
{ "type": "Feature", "properties": { "OBJECTID": 160833, "SHAPE_Leng": 59.570443190500001, "SHAPE_Area": 181.81140826500001, "Town": "Allama Iqbal Town", "UC_N0": "UC_120", "Landuse": "C", "KA": null, "Name": null, "Plot_No": "91", "Block": "A", "Plot_Size": "10M", "Road_Width": null, "Classifica": null, "Category": null, "MAP": null, "__source_file": "revenu.shp" }, "geometry": { "type": "Polygon", "coordinates": [ [ [ 74.280661263395388, 31.454355721256778 ], [ 74.280515694341631, 31.454213879351929 ], [ 74.280444533057675, 31.454261400419565 ], [ 74.280593461032723, 31.454407032575723 ], [ 74.280661263395388, 31.454355721256778 ] ] ] } },
{ "type": "Feature", "properties": { "OBJECTID": 160834, "SHAPE_Leng": 62.919114321800002, "SHAPE_Area": 195.54146418400001, "Town": "Allama Iqbal Town", "UC_N0": "UC_120", "Landuse": "R", "KA": null, "Name": null, "Plot_No": "127", "Block": "A", "Plot_Size": "10M", "Road_Width": null, "Classifica": null, "Category": null, "MAP": null, "__source_file": "revenu.shp" }, "geometry": { "type": "Polygon", "coordinates": [ [ [ 74.280515694341631, 31.454213879351929 ], [ 74.280356514442545, 31.454058773871161 ], [ 74.280285529768051, 31.454105914202596 ], [ 74.280444533057675, 31.454261400419565 ], [ 74.280515694341631, 31.454213879351929 ] ] ] } },
{ "type": "Feature", "properties": { "OBJECTID": 160835, "SHAPE_Leng": 68.505286898500003, "SHAPE_Area": 259.99010551200001, "Town": "Allama Iqbal Town", "UC_N0": "UC_120", "Landuse": "R", "KA": null, "Name": null, "Plot_No": "126", "Block": "A", "Plot_Size": "10M", "Road_Width": null, "Classifica": null, "Category": null, "MAP": null, "__source_file": "revenu.shp" }, "geometry": { "type": "Polygon", "coordinates": [ [ [ 74.280608009893669, 31.45415223091403 ], [ 74.280453422584273, 31.453994418504269 ], [ 74.280356514442545, 31.454058773871161 ], [ 74.280515694341631, 31.454213879351929 ], [ 74.280608009893669, 31.45415223091403 ] ] ] } },
{ "type": "Feature", "properties": { "OBJECTID": 160836, "SHAPE_Leng": 62.954783602699997, "SHAPE_Area": 223.899585057, "Town": "Allama Iqbal Town", "UC_N0": "UC_120", "Landuse": "C", "KA": null, "Name": null, "Plot_No": "92", "Block": "A", "Plot_Size": "10M", "Road_Width": null, "Classifica": null, "Category": null, "MAP": null, "__source_file": "revenu.shp" }, "geometry": { "type": "Polygon", "coordinates": [ [ [ 74.280745153220181, 31.454292235382912 ], [ 74.280608009893669, 31.45415223091403 ], [ 74.280515694341631, 31.454213879351929 ], [ 74.280661263395388, 31.454355721256778 ], [ 74.280745153220181, 31.454292235382912 ] ] ] } },
{ "type": "Feature", "properties": { "OBJECTID": 160837, "SHAPE_Leng": 66.233371974199997, "SHAPE_Area": 234.76222373100001, "Town": "Allama Iqbal Town", "UC_N0": "UC_120", "Landuse": "R", "KA": null, "Name": null, "Plot_No": "125", "Block": "A", "Plot_Size": "10M", "Road_Width": null, "Classifica": null, "Category": null, "MAP": null, "__source_file": "revenu.shp" }, "geometry": { "type": "Polygon", "coordinates": [ [ [ 74.280692941374127, 31.454095512204287 ], [ 74.280539569156062, 31.453937209594148 ], [ 74.280453422584273, 31.453994418504269 ], [ 74.280608009893669, 31.45415223091403 ], [ 74.280692941374127, 31.454095512204287 ] ] ] } },
{ "type": "Feature", "properties": { "OBJECTID": 160838, "SHAPE_Leng": 60.251023790399998, "SHAPE_Area": 202.894068885, "Town": "Allama Iqbal Town", "UC_N0": "UC_120", "Landuse": "C", "KA": null, "Name": null, "Plot_No": "93", "Block": "A", "Plot_Size": "10M", "Road_Width": null, "Classifica": null, "Category": null, "MAP": null, "__source_file": "revenu.shp" }, "geometry": { "type": "Polygon", "coordinates": [ [ [ 74.280824994851102, 31.45423181323704 ], [ 74.280692941374127, 31.454095512204287 ], [ 74.280608009893669, 31.45415223091403 ], [ 74.280745153220181, 31.454292235382912 ], [ 74.280824994851102, 31.45423181323704 ] ] ] } },
{ "type": "Feature", "properties": { "OBJECTID": 160839, "SHAPE_Leng": 68.363221821899998, "SHAPE_Area": 259.31553485000001, "Town": "Allama Iqbal Town", "UC_N0": "UC_120", "Landuse": "R", "KA": null, "Name": null, "Plot_No": "124", "Block": "A", "Plot_Size": "10M", "Road_Width": null, "Classifica": null, "Category": null, "MAP": null, "__source_file": "revenu.shp" }, "geometry": { "type": "Polygon", "coordinates": [ [ [ 74.280788606980167, 31.454031625979482 ], [ 74.280633114170953, 31.453875087152504 ], [ 74.280539569156062, 31.453937209594148 ], [ 74.280692941374127, 31.454095512204287 ], [ 74.280788606980167, 31.454031625979482 ] ] ] } },
{ "type": "Feature", "properties": { "OBJECTID": 160840, "SHAPE_Leng": 61.840920353800001, "SHAPE_Area": 224.29921717400001, "Town": "Allama Iqbal Town", "UC_N0": "UC_120", "Landuse": "C", "KA": null, "Name": null, "Plot_No": "94", "Block": "A", "Plot_Size": "10M", "Road_Width": null, "Classifica": null, "Category": null, "MAP": null, "__source_file": "revenu.shp" }, "geometry": { "type": "Polygon", "coordinates": [ [ [ 74.280917738558017, 31.454161626505872 ], [ 74.280788606980167, 31.454031625979482 ], [ 74.280692941374127, 31.454095512204287 ], [ 74.280824994851102, 31.45423181323704 ], [ 74.280917738558017, 31.454161626505872 ] ] ] } },
{ "type": "Feature", "properties": { "OBJECTID": 160841, "SHAPE_Leng": 68.333263473200006, "SHAPE_Area": 259.35253953500001, "Town": "Allama Iqbal Town", "UC_N0": "UC_120", "Landuse": "R", "KA": null, "Name": null, "Plot_No": "123", "Block": "A", "Plot_Size": "10M", "Road_Width": null, "Classifica": null, "Category": null, "MAP": null, "__source_file": "revenu.shp" }, "geometry": { "type": "Polygon", "coordinates": [ [ [ 74.280881756836763, 31.453969419937138 ], [ 74.280729463400505, 31.453811101953789 ], [ 74.280633114170953, 31.453875087152504 ], [ 74.280788606980167, 31.454031625979482 ], [ 74.280881756836763, 31.453969419937138 ] ] ] } },
{ "type": "Feature", "properties": { "OBJECTID": 160842, "SHAPE_Leng": 59.311102230800003, "SHAPE_Area": 205.64251609199999, "Town": "Allama Iqbal Town", "UC_N0": "UC_120", "Landuse": "C", "KA": null, "Name": null, "Plot_No": "95", "Block": "A", "Plot_Size": "10M", "Road_Width": null, "Classifica": null, "Category": null, "MAP": null, "__source_file": "revenu.shp" }, "geometry": { "type": "Polygon", "coordinates": [ [ [ 74.281003915660861, 31.454096409295719 ], [ 74.280881756836763, 31.453969419937138 ], [ 74.280788606980167, 31.454031625979482 ], [ 74.280917738558017, 31.454161626505872 ], [ 74.281003915660861, 31.454096409295719 ] ] ] } },
{ "type": "Feature", "properties": { "OBJECTID": 160843, "SHAPE_Leng": 57.810338888399997, "SHAPE_Area": 196.818083261, "Town": "Allama Iqbal Town", "UC_N0": "UC_120", "Landuse": "C", "KA": null, "Name": null, "Plot_No": "96", "Block": "A", "Plot_Size": "10M", "Road_Width": null, "Classifica": null, "Category": null, "MAP": null, "__source_file": "revenu.shp" }, "geometry": { "type": "Polygon", "coordinates": [ [ [ 74.281089337865964, 31.454031763408853 ], [ 74.280974469664329, 31.453907506399812 ], [ 74.280881756836763, 31.453969419937138 ], [ 74.281003915660861, 31.454096409295719 ], [ 74.281089337865964, 31.454031763408853 ] ] ] } },
{ "type": "Feature", "properties": { "OBJECTID": 160844, "SHAPE_Leng": 56.777773453999998, "SHAPE_Area": 191.403602151, "Town": "Allama Iqbal Town", "UC_N0": "UC_120", "Landuse": "C", "KA": null, "Name": null, "Plot_No": "97", "Block": "A", "Plot_Size": "10M", "Road_Width": null, "Classifica": null, "Category": null, "MAP": null, "__source_file": "revenu.shp" }, "geometry": { "type": "Polygon", "coordinates": [ [ [ 74.281177663914931, 31.45396599063999 ], [ 74.281066671429429, 31.453845932770886 ], [ 74.280974469664329, 31.453907506399812 ], [ 74.281089337865964, 31.454031763408853 ], [ 74.28116908696407, 31.453971409993873 ], [ 74.281177663914931, 31.45396599063999 ] ] ] } },
{ "type": "Feature", "properties": { "OBJECTID": 160845, "SHAPE_Leng": 55.6651836769, "SHAPE_Area": 183.35062092300001, "Town": "Allama Iqbal Town", "UC_N0": "UC_120", "Landuse": "C", "KA": null, "Name": null, "Plot_No": "98", "Block": "A", "Plot_Size": "10M", "Road_Width": null, "Classifica": null, "Category": null, "MAP": null, "__source_file": "revenu.shp" }, "geometry": { "type": "Polygon", "coordinates": [ [ [ 74.281267765216526, 31.453909057858166 ], [ 74.28115624110454, 31.45378611627368 ], [ 74.281066671429429, 31.453845932770886 ], [ 74.281177663914931, 31.45396599063999 ], [ 74.281267765216526, 31.453909057858166 ] ] ] } },
{ "type": "Feature", "properties": { "OBJECTID": 160846, "SHAPE_Leng": 57.572131054499998, "SHAPE_Area": 198.01550669400001, "Town": "Allama Iqbal Town", "UC_N0": "UC_120", "Landuse": "C", "KA": null, "Name": null, "Plot_No": "99", "Block": "A", "Plot_Size": "10M", "Road_Width": null, "Classifica": null, "Category": null, "MAP": null, "__source_file": "revenu.shp" }, "geometry": { "type": "Polygon", "coordinates": [ [ [ 74.281363279074057, 31.453848705267507 ], [ 74.281251489286007, 31.45372250794366 ], [ 74.28115624110454, 31.45378611627368 ], [ 74.281267765216526, 31.453909057858166 ], [ 74.281363279074057, 31.453848705267507 ] ] ] } },
{ "type": "Feature", "properties": { "OBJECTID": 160847, "SHAPE_Leng": 67.278102414299994, "SHAPE_Area": 251.00928704200001, "Town": "Allama Iqbal Town", "UC_N0": "UC_120", "Landuse": "R", "KA": null, "Name": null, "Plot_No": "113", "Block": "A", "Plot_Size": "10M", "Road_Width": null, "Classifica": null, "Category": null, "MAP": null, "__source_file": "revenu.shp" }, "geometry": { "type": "Polygon", "coordinates": [ [ [ 74.2817709777364, 31.453375583860886 ], [ 74.281629923185733, 31.453213105727894 ], [ 74.281536379480784, 31.453275228923832 ], [ 74.281678745150828, 31.453437179490678 ], [ 74.2817709777364, 31.453375583860886 ] ] ] } },
{ "type": "Feature", "properties": { "OBJECTID": 160848, "SHAPE_Leng": 55.951614685199999, "SHAPE_Area": 179.86683455299999, "Town": "Allama Iqbal Town", "UC_N0": "UC_120", "Landuse": "C", "KA": null, "Name": null, "Plot_No": "101", "Block": "A", "Plot_Size": "10M", "Road_Width": null, "Classifica": null, "Category": null, "MAP": null, "__source_file": "revenu.shp" }, "geometry": { "type": "Polygon", "coordinates": [ [ [ 74.2815309562924, 31.453742753812879 ], [ 74.281415072163455, 31.453613264895818 ], [ 74.281330884182182, 31.453669486630993 ], [ 74.281447120375006, 31.453795727778939 ], [ 74.2815309562924, 31.453742753812879 ] ] ] } },
{ "type": "Feature", "properties": { "OBJECTID": 160849, "SHAPE_Leng": 66.262804728700004, "SHAPE_Area": 238.98603875800001, "Town": "Allama Iqbal Town", "UC_N0": "UC_120", "Landuse": "R", "KA": null, "Name": null, "Plot_No": "115", "Block": "A", "Plot_Size": "10M", "Road_Width": null, "Classifica": null, "Category": null, "MAP": null, "__source_file": "revenu.shp" }, "geometry": { "type": "Polygon", "coordinates": [ [ [ 74.281593219288368, 31.45349429522356 ], [ 74.281450014082111, 31.453332585259282 ], [ 74.281361402810489, 31.453391432042835 ], [ 74.281505403047902, 31.453552940856433 ], [ 74.281593219288368, 31.45349429522356 ] ] ] } },
{ "type": "Feature", "properties": { "OBJECTID": 160850, "SHAPE_Leng": 58.132282575799998, "SHAPE_Area": 195.30470417399999, "Town": "Allama Iqbal Town", "UC_N0": "UC_120", "Landuse": "C", "KA": null, "Name": null, "Plot_No": "103", "Block": "A", "Plot_Size": "10M", "Road_Width": null, "Classifica": null, "Category": null, "MAP": null, "__source_file": "revenu.shp" }, "geometry": { "type": "Polygon", "coordinates": [ [ [ 74.28171196063127, 31.453628380609096 ], [ 74.281593219288368, 31.45349429522356 ], [ 74.281505403047902, 31.453552940856433 ], [ 74.281622861386325, 31.453684680555124 ], [ 74.28171196063127, 31.453628380609096 ] ] ] } },
{ "type": "Feature", "properties": { "OBJECTID": 160851, "SHAPE_Leng": 65.662173061700003, "SHAPE_Area": 232.54915371300001, "Town": "Allama Iqbal Town", "UC_N0": "UC_120", "Landuse": "R", "KA": null, "Name": null, "Plot_No": "114", "Block": "A", "Plot_Size": "10M", "Road_Width": null, "Classifica": null, "Category": null, "MAP": null, "__source_file": "revenu.shp" }, "geometry": { "type": "Polygon", "coordinates": [ [ [ 74.281678745150828, 31.453437179490678 ], [ 74.281536379480784, 31.453275228923832 ], [ 74.281450014082111, 31.453332585259282 ], [ 74.281593219288368, 31.45349429522356 ], [ 74.281678745150828, 31.453437179490678 ] ] ] } },
{ "type": "Feature", "properties": { "OBJECTID": 160852, "SHAPE_Leng": 58.127645049000002, "SHAPE_Area": 192.97638409000001, "Town": "Allama Iqbal Town", "UC_N0": "UC_120", "Landuse": "C", "KA": null, "Name": null, "Plot_No": "104", "Block": "A", "Plot_Size": "10M", "Road_Width": null, "Classifica": null, "Category": null, "MAP": null, "__source_file": "revenu.shp" }, "geometry": { "type": "Polygon", "coordinates": [ [ [ 74.281798663321851, 31.453573594630221 ], [ 74.281678745150828, 31.453437179490678 ], [ 74.281593219288368, 31.45349429522356 ], [ 74.28171196063127, 31.453628380609096 ], [ 74.281798663321851, 31.453573594630221 ] ] ] } },
{ "type": "Feature", "properties": { "OBJECTID": 160853, "SHAPE_Leng": 66.892733751199998, "SHAPE_Area": 245.75111758099999, "Town": "Allama Iqbal Town", "UC_N0": "UC_120", "Landuse": "R", "KA": null, "Name": null, "Plot_No": "116", "Block": "A", "Plot_Size": "10M", "Road_Width": null, "Classifica": null, "Category": null, "MAP": null, "__source_file": "revenu.shp" }, "geometry": { "type": "Polygon", "coordinates": [ [ [ 74.281505403047902, 31.453552940856433 ], [ 74.281361402810489, 31.453391432042835 ], [ 74.281270545650656, 31.453451770171821 ], [ 74.281415072163455, 31.453613264895818 ], [ 74.281505403047902, 31.453552940856433 ] ] ] } },
{ "type": "Feature", "properties": { "OBJECTID": 160854, "SHAPE_Leng": 58.1966005767, "SHAPE_Area": 198.078836126, "Town": "Allama Iqbal Town", "UC_N0": "UC_120", "Landuse": "C", "KA": null, "Name": null, "Plot_No": "102", "Block": "A", "Plot_Size": "10M", "Road_Width": null, "Classifica": null, "Category": null, "MAP": null, "__source_file": "revenu.shp" }, "geometry": { "type": "Polygon", "coordinates": [ [ [ 74.281622861386325, 31.453684680555124 ], [ 74.281505403047902, 31.453552940856433 ], [ 74.281415072163455, 31.453613264895818 ], [ 74.2815309562924, 31.453742753812879 ], [ 74.281622861386325, 31.453684680555124 ] ] ] } },
{ "type": "Feature", "properties": { "OBJECTID": 160855, "SHAPE_Leng": 69.809686610399993, "SHAPE_Area": 278.26359166999998, "Town": "Allama Iqbal Town", "UC_N0": "UC_120", "Landuse": "R", "KA": null, "Name": null, "Plot_No": "117", "Block": "A", "Plot_Size": "10M", "Road_Width": null, "Classifica": null, "Category": null, "MAP": null, "__source_file": "revenu.shp" }, "geometry": { "type": "Polygon", "coordinates": [ [ [ 74.281330884182182, 31.453669486630993 ], [ 74.281415072163455, 31.453613264895818 ], [ 74.281270545650656, 31.453451770171821 ], [ 74.28116544781345, 31.453521565745344 ], [ 74.281315291254586, 31.453679900148042 ], [ 74.281330884182182, 31.453669486630993 ] ] ] } },
{ "type": "Feature", "properties": { "OBJECTID": 160856, "SHAPE_Leng": 54.8489202998, "SHAPE_Area": 172.131907122, "Town": "Allama Iqbal Town", "UC_N0": "UC_120", "Landuse": "C", "KA": null, "Name": null, "Plot_No": "100", "Block": "A", "Plot_Size": "10M", "Road_Width": null, "Classifica": null, "Category": null, "MAP": null, "__source_file": "revenu.shp" }, "geometry": { "type": "Polygon", "coordinates": [ [ [ 74.281447120375006, 31.453795727778939 ], [ 74.281330884182182, 31.453669486630993 ], [ 74.281315291254586, 31.453679900148042 ], [ 74.281251489286007, 31.45372250794366 ], [ 74.281363279074057, 31.453848705267507 ], [ 74.281447120375006, 31.453795727778939 ] ] ] } },
{ "type": "Feature", "properties": { "OBJECTID": 160857, "SHAPE_Leng": 156.77180191100001, "SHAPE_Area": 971.15660871399996, "Town": "Allama Iqbal Town", "UC_N0": "UC_120", "Landuse": "P", "KA": null, "Name": "PARK", "Plot_No": null, "Block": "A", "Plot_Size": "1.37K", "Road_Width": null, "Classifica": null, "Category": null, "MAP": null, "__source_file": "revenu.shp" }, "geometry": { "type": "Polygon", "coordinates": [ [ [ 74.280221363441797, 31.454688625312745 ], [ 74.280362643033087, 31.454581708755914 ], [ 74.279651008791902, 31.454577802128885 ], [ 74.280035124072526, 31.454841429721764 ], [ 74.280221363441797, 31.454688625312745 ] ] ] } },
{ "type": "Feature", "properties": { "OBJECTID": 160858, "SHAPE_Leng": 72.457145635100005, "SHAPE_Area": 300.52769581199999, "Town": "Allama Iqbal Town", "UC_N0": "UC_120", "Landuse": "R", "KA": null, "Name": null, "Plot_No": "128", "Block": "A", "Plot_Size": "10M", "Road_Width": null, "Classifica": null, "Category": null, "MAP": null, "__source_file": "revenu.shp" }, "geometry": { "type": "Polygon", "coordinates": [ [ [ 74.280444533057675, 31.454261400419565 ], [ 74.280285529768051, 31.454105914202596 ], [ 74.280263240259742, 31.454119426998954 ], [ 74.280238321661528, 31.454131838736558 ], [ 74.280245787193067, 31.454339617338078 ], [ 74.280245818519518, 31.454340475531094 ], [ 74.280281928281951, 31.454334104830117 ], [ 74.280337246530081, 31.454318273041469 ], [ 74.280389287278183, 31.454295704838831 ], [ 74.280436938568215, 31.454266882985507 ], [ 74.280444533057675, 31.454261400419565 ] ] ] } },
{ "type": "Feature", "properties": { "OBJECTID": 160859, "SHAPE_Leng": 67.553170854300006, "SHAPE_Area": 271.715764331, "Town": "Allama Iqbal Town", "UC_N0": "UC_120", "Landuse": "R", "KA": null, "Name": null, "Plot_No": "134", "Block": "A", "Plot_Size": "10M", "Road_Width": null, "Classifica": null, "Category": null, "MAP": null, "__source_file": "revenu.shp" }, "geometry": { "type": "Polygon", "coordinates": [ [ [ 74.279575043444368, 31.454353325081048 ], [ 74.279574238746804, 31.45416351476095 ], [ 74.279439039271978, 31.454164685879263 ], [ 74.279439783932602, 31.454253834507604 ], [ 74.279437394130497, 31.454271107712596 ], [ 74.279437047982384, 31.454316321722313 ], [ 74.2794436321837, 31.454355240192712 ], [ 74.279575043444368, 31.454353325081048 ] ] ] } },
{ "type": "Feature", "properties": { "OBJECTID": 160860, "SHAPE_Leng": 73.892817917499997, "SHAPE_Area": 333.417432502, "Town": "Allama Iqbal Town", "UC_N0": "UC_120", "Landuse": "R", "KA": null, "Name": null, "Plot_No": "83", "Block": "A", "Plot_Size": "10M", "Road_Width": null, "Classifica": null, "Category": null, "MAP": null, "__source_file": "revenu.shp" }, "geometry": { "type": "Polygon", "coordinates": [ [ [ 74.279679449325627, 31.454521365448702 ], [ 74.279677433603084, 31.454351832166065 ], [ 74.279575043444368, 31.454353325081048 ], [ 74.2794436321837, 31.454355240192712 ], [ 74.279445174978889, 31.454361032140753 ], [ 74.27946155289321, 31.454404023320105 ], [ 74.2794857638157, 31.454444206626274 ], [ 74.279517181085765, 31.454480540067728 ], [ 74.279550112376143, 31.454508554472394 ], [ 74.27956840624752, 31.454521109898053 ], [ 74.279679449325627, 31.454521365448702 ] ] ] } },
{ "type": "Feature", "properties": { "OBJECTID": 160861, "SHAPE_Leng": 61.3314712771, "SHAPE_Area": 202.91956003600001, "Town": "Allama Iqbal Town", "UC_N0": "UC_120", "Landuse": "R", "KA": null, "Name": null, "Plot_No": "133", "Block": "A", "Plot_Size": "10M", "Road_Width": null, "Classifica": null, "Category": null, "MAP": null, "__source_file": "revenu.shp" }, "geometry": { "type": "Polygon", "coordinates": [ [ [ 74.279781621591212, 31.454350313189799 ], [ 74.279779200934144, 31.454161739754163 ], [ 74.279675183122976, 31.454162640760529 ], [ 74.279574238746804, 31.45416351476095 ], [ 74.279575043444368, 31.454353325081062 ], [ 74.279677433603098, 31.454351832166083 ], [ 74.279781621591212, 31.454350313189799 ] ] ] } },
{ "type": "Feature", "properties": { "OBJECTID": 160862, "SHAPE_Leng": 57.596889841200003, "SHAPE_Area": 187.16497657, "Town": "Allama Iqbal Town", "UC_N0": "UC_120", "Landuse": "Pb", "KA": null, "Name": null, "Plot_No": "84", "Block": "A", "Plot_Size": "10M", "Road_Width": null, "Classifica": null, "Category": null, "MAP": null, "__source_file": "revenu.shp" }, "geometry": { "type": "Polygon", "coordinates": [ [ [ 74.27978382085837, 31.454521605040917 ], [ 74.279781621591212, 31.454350313189774 ], [ 74.279677433603084, 31.454351832166065 ], [ 74.279679449325627, 31.454521365448702 ], [ 74.27978382085837, 31.454521605040917 ] ] ] } },
{ "type": "Feature", "properties": { "OBJECTID": 161773, "SHAPE_Leng": 61.8814164311, "SHAPE_Area": 210.862615393, "Town": "Allama Iqbal Town", "UC_N0": "UC_120", "Landuse": "R", "KA": null, "Name": null, "Plot_No": "130", "Block": "A", "Plot_Size": "10M", "Road_Width": null, "Classifica": null, "Category": null, "MAP": null, "__source_file": "revenu.shp" }, "geometry": { "type": "Polygon", "coordinates": [ [ [ 74.280134752563811, 31.454345164543664 ], [ 74.280137007444353, 31.454159743599877 ], [ 74.280116685402618, 31.454161642245552 ], [ 74.280064682705046, 31.454161349948123 ], [ 74.280045967536367, 31.454159429469691 ], [ 74.280029004716909, 31.454159575914403 ], [ 74.280026417361839, 31.454346743499357 ], [ 74.280134752563811, 31.454345164543664 ] ] ] } },
{ "type": "Feature", "properties": { "OBJECTID": 161774, "SHAPE_Leng": 64.333111000599999, "SHAPE_Area": 219.32346285599999, "Town": "Allama Iqbal Town", "UC_N0": "UC_120", "Landuse": "R", "KA": null, "Name": null, "Plot_No": "129", "Block": "A", "Plot_Size": "10M", "Road_Width": null, "Classifica": null, "Category": null, "MAP": null, "__source_file": "revenu.shp" }, "geometry": { "type": "Polygon", "coordinates": [ [ [ 74.280245787193067, 31.454339617338078 ], [ 74.280238321661528, 31.454131838736558 ], [ 74.280217321426917, 31.454140396526622 ], [ 74.280168025393976, 31.454154594797213 ], [ 74.280137007444353, 31.454159743599877 ], [ 74.280134752563811, 31.454345164543664 ], [ 74.280174232253003, 31.454344588864831 ], [ 74.280224506530331, 31.454342863050215 ], [ 74.280226164314925, 31.454342708161477 ], [ 74.280226841877692, 31.454342600995407 ], [ 74.280245787193067, 31.454339617338078 ] ] ] } },
{ "type": "Feature", "properties": { "OBJECTID": 161775, "SHAPE_Leng": 67.906245612600003, "SHAPE_Area": 253.73231433000001, "Town": "Allama Iqbal Town", "UC_N0": "UC_120", "Landuse": "C", "KA": null, "Name": null, "Plot_No": "90", "Block": "A", "Plot_Size": "10M", "Road_Width": null, "Classifica": null, "Category": null, "MAP": null, "__source_file": "revenu.shp" }, "geometry": { "type": "Polygon", "coordinates": [ [ [ 74.280593461032723, 31.454407032575723 ], [ 74.280444533057675, 31.454261400419565 ], [ 74.280436938568215, 31.454266882985507 ], [ 74.280389287278183, 31.454295704838831 ], [ 74.280340952057159, 31.454316928794384 ], [ 74.280503278665392, 31.454475280134091 ], [ 74.280593461032723, 31.454407032575723 ] ] ] } },
{ "type": "Feature", "properties": { "OBJECTID": 161776, "SHAPE_Leng": 83.344839945499999, "SHAPE_Area": 280.10003136300003, "Town": "Allama Iqbal Town", "UC_N0": "UC_120", "Landuse": "C", "KA": null, "Name": null, "Plot_No": "106", "Block": "A", "Plot_Size": "10M", "Road_Width": null, "Classifica": null, "Category": null, "MAP": null, "__source_file": "revenu.shp" }, "geometry": { "type": "Polygon", "coordinates": [ [ [ 74.282138619009658, 31.453358781175023 ], [ 74.282061649472396, 31.453362298802244 ], [ 74.281918350318492, 31.453368848625772 ], [ 74.281809388287968, 31.453373828784397 ], [ 74.2817709777364, 31.453375583860886 ], [ 74.281891792747871, 31.453514747614395 ], [ 74.282138619009658, 31.453358781175023 ] ] ] } },
{ "type": "Feature", "properties": { "OBJECTID": 161777, "SHAPE_Leng": 65.398833406799994, "SHAPE_Area": 233.07353115399999, "Town": "Allama Iqbal Town", "UC_N0": "UC_120", "Landuse": "R", "KA": null, "Name": null, "Plot_No": "112", "Block": "A", "Plot_Size": "10M", "Road_Width": null, "Classifica": null, "Category": null, "MAP": null, "__source_file": "revenu.shp" }, "geometry": { "type": "Polygon", "coordinates": [ [ [ 74.281809388287968, 31.453373828784397 ], [ 74.281797458645343, 31.453176026358388 ], [ 74.281686431227257, 31.453175577866208 ], [ 74.281629923185733, 31.453213105727894 ], [ 74.2817709777364, 31.453375583860886 ], [ 74.281809388287968, 31.453373828784397 ] ] ] } },
{ "type": "Feature", "properties": { "OBJECTID": 161778, "SHAPE_Leng": 64.684829176099996, "SHAPE_Area": 231.46354998000001, "Town": "Allama Iqbal Town", "UC_N0": "UC_120", "Landuse": "R", "KA": null, "Name": null, "Plot_No": "111", "Block": "A", "Plot_Size": "10M", "Road_Width": null, "Classifica": null, "Category": null, "MAP": null, "__source_file": "revenu.shp" }, "geometry": { "type": "Polygon", "coordinates": [ [ [ 74.281918350318492, 31.453368848625772 ], [ 74.281913629304654, 31.453176495469872 ], [ 74.281797458645343, 31.453176026358388 ], [ 74.281809388287968, 31.453373828784397 ], [ 74.281918350318492, 31.453368848625772 ] ] ] } },
{ "type": "Feature", "properties": { "OBJECTID": 161779, "SHAPE_Leng": 69.413645358500005, "SHAPE_Area": 288.22726910699998, "Town": "Allama Iqbal Town", "UC_N0": "UC_120", "Landuse": "R", "KA": null, "Name": null, "Plot_No": "110", "Block": "A", "Plot_Size": "10M", "Road_Width": null, "Classifica": null, "Category": null, "MAP": null, "__source_file": "revenu.shp" }, "geometry": { "type": "Polygon", "coordinates": [ [ [ 74.282061649472396, 31.453362298802244 ], [ 74.28206017316576, 31.453177087815792 ], [ 74.281913629304654, 31.453176495469872 ], [ 74.281918350318492, 31.453368848625772 ], [ 74.282061649472396, 31.453362298802244 ] ] ] } },
{ "type": "Feature", "properties": { "OBJECTID": 161780, "SHAPE_Leng": 58.9271070303, "SHAPE_Area": 194.73878730300001, "Town": "Allama Iqbal Town", "UC_N0": "UC_120", "Landuse": "R", "KA": null, "Name": null, "Plot_No": "109", "Block": "A", "Plot_Size": "10M", "Road_Width": null, "Classifica": null, "Category": null, "MAP": null, "__source_file": "revenu.shp" }, "geometry": { "type": "Polygon", "coordinates": [ [ [ 74.282138619009658, 31.453358781175023 ], [ 74.282162454379986, 31.453343719467611 ], [ 74.282163704109948, 31.453177506601168 ], [ 74.28206017316576, 31.453177087815792 ], [ 74.282061649472396, 31.453362298802244 ], [ 74.282138619009658, 31.453358781175023 ] ] ] } },
{ "type": "Feature", "properties": { "OBJECTID": 161781, "SHAPE_Leng": 45.756862703899998, "SHAPE_Area": 86.528191863299995, "Town": "Allama Iqbal Town", "UC_N0": "UC_120", "Landuse": "V", "KA": null, "Name": null, "Plot_No": "107", "Block": "A", "Plot_Size": "10M", "Road_Width": null, "Classifica": null, "Category": null, "MAP": null, "__source_file": "revenu.shp" }, "geometry": { "type": "Polygon", "coordinates": [ [ [ 74.282264772366375, 31.453177915111517 ], [ 74.282261008038731, 31.453281385698741 ], [ 74.282423558141844, 31.453178555792586 ], [ 74.282264772366375, 31.453177915111517 ] ] ] } },
{ "type": "Feature", "properties": { "OBJECTID": 161783, "SHAPE_Leng": 211.55563277100001, "SHAPE_Area": 1837.2565565899999, "Town": "Allama Iqbal Town", "UC_N0": "UC_120", "Landuse": "V", "KA": null, "Name": null, "Plot_No": "135", "Block": "A", "Plot_Size": "1K", "Road_Width": null, "Classifica": null, "Category": null, "MAP": null, "__source_file": "revenu.shp" }, "geometry": { "type": "Polygon", "coordinates": [ [ [ 74.27934156181071, 31.453814545675229 ], [ 74.279180513542329, 31.453808440324924 ], [ 74.279164174851616, 31.454093132389058 ], [ 74.2791806267238, 31.454095047891247 ], [ 74.279278416328424, 31.454108112079719 ], [ 74.279338014328545, 31.454116838134478 ], [ 74.27934156181071, 31.453814545675229 ] ] ] } },
{ "type": "Feature", "properties": { "OBJECTID": 161794, "SHAPE_Leng": 89.638515125599994, "SHAPE_Area": 457.334033578, "Town": "Allama Iqbal Town", "UC_N0": "UC_120", "Landuse": "R", "KA": null, "Name": null, "Plot_No": "428", "Block": "A", "Plot_Size": "1K", "Road_Width": null, "Classifica": null, "Category": null, "MAP": null, "__source_file": "revenu.shp" }, "geometry": { "type": "Polygon", "coordinates": [ [ [ 74.283817880788831, 31.451374391036722 ], [ 74.283652653695839, 31.451373086334357 ], [ 74.283661313478461, 31.451628900711174 ], [ 74.283774561924957, 31.451639854595133 ], [ 74.283774632401659, 31.45163985950035 ], [ 74.28379059683337, 31.45164070934635 ], [ 74.283827047293229, 31.451642649044434 ], [ 74.283827017234032, 31.451641758378553 ], [ 74.283817880788831, 31.451374391036722 ] ] ] } },
{ "type": "Feature", "properties": { "OBJECTID": 161795, "SHAPE_Leng": 87.159321808800001, "SHAPE_Area": 421.942052246, "Town": "Allama Iqbal Town", "UC_N0": "UC_120", "Landuse": "R", "KA": null, "Name": null, "Plot_No": "425", "Block": "A", "Plot_Size": "1K", "Road_Width": null, "Classifica": null, "Category": null, "MAP": null, "__source_file": "revenu.shp" }, "geometry": { "type": "Polygon", "coordinates": [ [ [ 74.284048696011638, 31.451374793414029 ], [ 74.284040404887719, 31.451639318968919 ], [ 74.284128627472043, 31.451631005442682 ], [ 74.284128661176382, 31.451631002022147 ], [ 74.284128770736089, 31.451630988198833 ], [ 74.284129606149463, 31.451630880089649 ], [ 74.284132950006224, 31.451371372339793 ], [ 74.284048696011638, 31.451374793414029 ] ] ] } },
{ "type": "Feature", "properties": { "OBJECTID": 161796, "SHAPE_Leng": 86.221346500799996, "SHAPE_Area": 414.39763010600001, "Town": "Allama Iqbal Town", "UC_N0": "UC_120", "Landuse": "R", "KA": null, "Name": null, "Plot_No": "424", "Block": "A", "Plot_Size": "1K", "Road_Width": null, "Classifica": null, "Category": null, "MAP": null, "__source_file": "revenu.shp" }, "geometry": { "type": "Polygon", "coordinates": [ [ [ 74.284196147422122, 31.451621850770078 ], [ 74.284213637131828, 31.45161892695269 ], [ 74.284245091636365, 31.451613667713964 ], [ 74.284245166459883, 31.451613654598674 ], [ 74.284245222319569, 31.451613644084109 ], [ 74.284245283441265, 31.451613633598946 ], [ 74.284257735278842, 31.451611237394889 ], [ 74.284287308107821, 31.451605548997652 ], [ 74.284297694573212, 31.451603214329165 ], [ 74.284303792347984, 31.451601982577419 ], [ 74.284310095705806, 31.451600427172469 ], [ 74.284253628271472, 31.451350101887389 ], [ 74.284132950006224, 31.451371372339775 ], [ 74.284129606149463, 31.451630880089635 ], [ 74.284130706079679, 31.451630725640808 ], [ 74.284193949454206, 31.451622187648457 ], [ 74.284196147422122, 31.451621850770078 ] ] ] } },
{ "type": "Feature", "properties": { "OBJECTID": 161797, "SHAPE_Leng": 81.404746583000005, "SHAPE_Area": 351.43534381400002, "Town": "Allama Iqbal Town", "UC_N0": "UC_120", "Landuse": "R", "KA": null, "Name": null, "Plot_No": "423A", "Block": "A", "Plot_Size": "1K", "Road_Width": null, "Classifica": null, "Category": null, "MAP": null, "__source_file": "revenu.shp" }, "geometry": { "type": "Polygon", "coordinates": [ [ [ 74.284328776506001, 31.451596431833583 ], [ 74.284359973281468, 31.451589216903201 ], [ 74.284360058704436, 31.451589193922594 ], [ 74.284406234264367, 31.45157722492964 ], [ 74.284420479721021, 31.451573133521659 ], [ 74.284434453053066, 31.451569119987791 ], [ 74.2844474053814, 31.451565400287816 ], [ 74.284463997049841, 31.451560298856936 ], [ 74.284468605461484, 31.451558947803196 ], [ 74.284346085346428, 31.451326871896452 ], [ 74.284253628271472, 31.451350101887389 ], [ 74.284310095705806, 31.451600427172469 ], [ 74.284328776506001, 31.451596431833583 ] ] ] } },
{ "type": "Feature", "properties": { "OBJECTID": 161812, "SHAPE_Leng": 113.049353121, "SHAPE_Area": 723.93588130499995, "Town": "Allama Iqbal Town", "UC_N0": "UC_120", "Landuse": "R", "KA": null, "Name": null, "Plot_No": "70", "Block": "A", "Plot_Size": "1K", "Road_Width": null, "Classifica": null, "Category": null, "MAP": null, "__source_file": "revenu.shp" }, "geometry": { "type": "Polygon", "coordinates": [ [ [ 74.279152351910042, 31.454541594481057 ], [ 74.27912147503578, 31.454519860985805 ], [ 74.279093633388797, 31.454500264016581 ], [ 74.278760351816487, 31.454567324036635 ], [ 74.278770180538373, 31.454579186814247 ], [ 74.278797409061397, 31.45460283680821 ], [ 74.278797961850557, 31.454603217953622 ], [ 74.27892815599148, 31.454700892663062 ], [ 74.279152351910042, 31.454541594481057 ] ] ] } },
{ "type": "Feature", "properties": { "OBJECTID": 161813, "SHAPE_Leng": 82.553546032100002, "SHAPE_Area": 370.36241652899997, "Town": "Allama Iqbal Town", "UC_N0": "UC_120", "Landuse": "R", "KA": null, "Name": null, "Plot_No": "66", "Block": "A", "Plot_Size": "1K", "Road_Width": null, "Classifica": null, "Category": null, "MAP": null, "__source_file": "revenu.shp" }, "geometry": { "type": "Polygon", "coordinates": [ [ [ 74.279569171605502, 31.45484557991205 ], [ 74.279560163008881, 31.45483875622887 ], [ 74.27949168554224, 31.454786891817218 ], [ 74.279465292853956, 31.45476690249097 ], [ 74.279264089328379, 31.454952917321503 ], [ 74.279368728294443, 31.455031419638324 ], [ 74.279569171605502, 31.45484557991205 ] ] ] } },
{ "type": "Feature", "properties": { "OBJECTID": 161814, "SHAPE_Leng": 113.863614531, "SHAPE_Area": 811.65480675100002, "Town": "Allama Iqbal Town", "UC_N0": "UC_120", "Landuse": "R", "KA": null, "Name": null, "Plot_No": "71", "Block": "A", "Plot_Size": "1K", "Road_Width": null, "Classifica": null, "Category": null, "MAP": null, "__source_file": "revenu.shp" }, "geometry": { "type": "Polygon", "coordinates": [ [ [ 74.27903164638532, 31.454266421777149 ], [ 74.278739689278765, 31.454242925929741 ], [ 74.278735934203553, 31.454384807884956 ], [ 74.278937635174529, 31.454390460130682 ], [ 74.27902291285875, 31.454392850214226 ], [ 74.27903164638532, 31.454266421777149 ] ] ] } },
{ "type": "Feature", "properties": { "OBJECTID": 161815, "SHAPE_Leng": 85.481718619700004, "SHAPE_Area": 418.99957261999998, "Town": "Allama Iqbal Town", "UC_N0": "UC_120", "Landuse": "R", "KA": null, "Name": null, "Plot_No": "74", "Block": "A", "Plot_Size": "1K", "Road_Width": null, "Classifica": null, "Category": null, "MAP": null, "__source_file": "revenu.shp" }, "geometry": { "type": "Polygon", "coordinates": [ [ [ 74.279197247993338, 31.45415722721177 ], [ 74.279147892036733, 31.454396352387629 ], [ 74.279186622296351, 31.454397437402445 ], [ 74.279362897754538, 31.454402376579619 ], [ 74.279350189870172, 31.454370245380662 ], [ 74.27933802030978, 31.454320729510549 ], [ 74.279334195992803, 31.454270232960393 ], [ 74.279336639387012, 31.454234004291283 ], [ 74.279337302633934, 31.454177485369893 ], [ 74.279223738821145, 31.454160798436913 ], [ 74.279197247993338, 31.45415722721177 ] ] ] } },
{ "type": "Feature", "properties": { "OBJECTID": 161817, "SHAPE_Leng": 108.18813152600001, "SHAPE_Area": 718.75154335100001, "Town": "Allama Iqbal Town", "UC_N0": "UC_120", "Landuse": "V", "KA": null, "Name": null, "Plot_No": "75", "Block": "A", "Plot_Size": "10M", "Road_Width": null, "Classifica": null, "Category": null, "MAP": null, "__source_file": "revenu.shp" }, "geometry": { "type": "Polygon", "coordinates": [ [ [ 74.279398407035984, 31.45446234974013 ], [ 74.279370457665493, 31.4544177777078 ], [ 74.279362897754538, 31.454402376579619 ], [ 74.279186622296351, 31.454397437402445 ], [ 74.279147892036733, 31.454396352387629 ], [ 74.27912147503578, 31.454519860985805 ], [ 74.27923822667033, 31.454602039584923 ], [ 74.279398407035984, 31.45446234974013 ] ] ] } },
{ "type": "Feature", "properties": { "OBJECTID": 161818, "SHAPE_Leng": 89.398977204600001, "SHAPE_Area": 467.28160852899998, "Town": "Allama Iqbal Town", "UC_N0": "UC_120", "Landuse": "V", "KA": null, "Name": null, "Plot_No": "68", "Block": "A", "Plot_Size": "1K", "Road_Width": null, "Classifica": null, "Category": null, "MAP": null, "__source_file": "revenu.shp" }, "geometry": { "type": "Polygon", "coordinates": [ [ [ 74.279371176260341, 31.454695619521136 ], [ 74.27923822667033, 31.454602039584923 ], [ 74.279033034902696, 31.454779575049088 ], [ 74.279169083299905, 31.454881641830855 ], [ 74.279371176260341, 31.454695619521136 ] ] ] } },
{ "type": "Feature", "properties": { "OBJECTID": 161819, "SHAPE_Leng": 109.746154011, "SHAPE_Area": 597.92541377199996, "Town": "Allama Iqbal Town", "UC_N0": "UC_120", "Landuse": "V", "KA": null, "Name": null, "Plot_No": "70A", "Block": "A", "Plot_Size": "1K", "Road_Width": null, "Classifica": null, "Category": null, "MAP": null, "__source_file": "revenu.shp" }, "geometry": { "type": "Polygon", "coordinates": [ [ [ 74.279121475035765, 31.454519860985805 ], [ 74.279147892036718, 31.454396352387597 ], [ 74.27902291285875, 31.454392850214226 ], [ 74.278937635174529, 31.454390460130668 ], [ 74.278735934203539, 31.454384807884942 ], [ 74.278733144424578, 31.454490240728113 ], [ 74.27873720387494, 31.454519489391721 ], [ 74.278749765347655, 31.45455092420832 ], [ 74.278760351816473, 31.454567324036617 ], [ 74.279093633388797, 31.454500264016563 ], [ 74.279121475035765, 31.454519860985805 ] ] ] } },
{ "type": "Feature", "properties": { "OBJECTID": 161820, "SHAPE_Leng": 65.470974663500002, "SHAPE_Area": 237.87396252900001, "Town": "Allama Iqbal Town", "UC_N0": "UC_120", "Landuse": "R", "KA": null, "Name": null, "Plot_No": "80", "Block": "A", "Plot_Size": "10M", "Road_Width": null, "Classifica": null, "Category": null, "MAP": null, "__source_file": "revenu.shp" }, "geometry": { "type": "Polygon", "coordinates": [ [ [ 74.279807821696608, 31.454761058144761 ], [ 74.279719637086046, 31.454700855638926 ], [ 74.279560163008881, 31.45483875622887 ], [ 74.279569171605502, 31.45484557991205 ], [ 74.279648420988252, 31.454905602345558 ], [ 74.279807821696608, 31.454761058144761 ] ] ] } },
{ "type": "Feature", "properties": { "OBJECTID": 161821, "SHAPE_Leng": 85.315534795199994, "SHAPE_Area": 409.331625508, "Town": "Allama Iqbal Town", "UC_N0": "UC_120", "Landuse": "R", "KA": null, "Name": null, "Plot_No": "64", "Block": "A", "Plot_Size": "1K", "Road_Width": null, "Classifica": null, "Category": null, "MAP": null, "__source_file": "revenu.shp" }, "geometry": { "type": "Polygon", "coordinates": [ [ [ 74.279808831861473, 31.455027095966738 ], [ 74.27968899376927, 31.45493633208574 ], [ 74.279484146135687, 31.455118008710254 ], [ 74.279595869085995, 31.455201824204991 ], [ 74.279808831861473, 31.455027095966738 ] ] ] } },
{ "type": "Feature", "properties": { "OBJECTID": 161822, "SHAPE_Leng": 85.824745662300003, "SHAPE_Area": 416.85900859700001, "Town": "Allama Iqbal Town", "UC_N0": "UC_120", "Landuse": "R", "KA": null, "Name": null, "Plot_No": "65", "Block": "A", "Plot_Size": "1K", "Road_Width": null, "Classifica": null, "Category": null, "MAP": null, "__source_file": "revenu.shp" }, "geometry": { "type": "Polygon", "coordinates": [ [ [ 74.27968899376927, 31.45493633208574 ], [ 74.279648420988252, 31.454905602345558 ], [ 74.279569171605502, 31.45484557991205 ], [ 74.279368728294443, 31.455031419638324 ], [ 74.279484146135687, 31.455118008710254 ], [ 74.27968899376927, 31.45493633208574 ] ] ] } },
{ "type": "Feature", "properties": { "OBJECTID": 161823, "SHAPE_Leng": 80.220960932799997, "SHAPE_Area": 336.62200211599998, "Town": "Allama Iqbal Town", "UC_N0": "UC_120", "Landuse": "R", "KA": null, "Name": null, "Plot_No": "67", "Block": "A", "Plot_Size": "1K", "Road_Width": null, "Classifica": null, "Category": null, "MAP": null, "__source_file": "revenu.shp" }, "geometry": { "type": "Polygon", "coordinates": [ [ [ 74.279465292853956, 31.45476690249097 ], [ 74.279371176260341, 31.454695619521136 ], [ 74.279169083299905, 31.454881641830855 ], [ 74.279264089328379, 31.454952917321503 ], [ 74.279465292853956, 31.45476690249097 ] ] ] } },
{ "type": "Feature", "properties": { "OBJECTID": 161824, "SHAPE_Leng": 87.166976314400003, "SHAPE_Area": 472.13552701399999, "Town": "Allama Iqbal Town", "UC_N0": "UC_120", "Landuse": "R", "KA": null, "Name": null, "Plot_No": "82", "Block": "A", "Plot_Size": "10M", "Road_Width": null, "Classifica": null, "Category": null, "MAP": null, "__source_file": "revenu.shp" }, "geometry": { "type": "Polygon", "coordinates": [ [ [ 74.279892008510544, 31.454818530908398 ], [ 74.27974451319146, 31.454978381841286 ], [ 74.279808831861502, 31.455027095966756 ], [ 74.279985359732976, 31.454882259896461 ], [ 74.279892008510544, 31.454818530908398 ] ] ] } },
{ "type": "Feature", "properties": { "OBJECTID": 161825, "SHAPE_Leng": 71.871195274300007, "SHAPE_Area": 317.94219511699998, "Town": "Allama Iqbal Town", "UC_N0": "UC_120", "Landuse": "R", "KA": null, "Name": null, "Plot_No": "78", "Block": "A", "Plot_Size": "10M", "Road_Width": null, "Classifica": null, "Category": null, "MAP": null, "__source_file": "revenu.shp" }, "geometry": { "type": "Polygon", "coordinates": [ [ [ 74.279645286734734, 31.454650097791966 ], [ 74.279545061723724, 31.45458167583562 ], [ 74.279513370740332, 31.454564731501517 ], [ 74.279371176260341, 31.454695619521136 ], [ 74.279465292853956, 31.45476690249097 ], [ 74.27949168554224, 31.454786891817218 ], [ 74.279645286734734, 31.454650097791966 ] ] ] } },
{ "type": "Feature", "properties": { "OBJECTID": 162229, "SHAPE_Leng": 60.280719044800001, "SHAPE_Area": 187.88791017899999, "Town": "Allama Iqbal Town", "UC_N0": "UC_120", "Landuse": "V", "KA": null, "Name": null, "Plot_No": "79", "Block": "A", "Plot_Size": "10M", "Road_Width": null, "Classifica": null, "Category": null, "MAP": null, "__source_file": "revenu.shp" }, "geometry": { "type": "Polygon", "coordinates": [ [ [ 74.279719637086046, 31.454700855638926 ], [ 74.279645286734734, 31.454650097791966 ], [ 74.27949168554224, 31.454786891817218 ], [ 74.279560163008881, 31.45483875622887 ], [ 74.279719637086046, 31.454700855638926 ] ] ] } },
{ "type": "Feature", "properties": { "OBJECTID": 162235, "SHAPE_Leng": 75.464286055499997, "SHAPE_Area": 303.23308748599999, "Town": "Allama Iqbal Town", "UC_N0": "UC_120", "Landuse": "R", "KA": null, "Name": null, "Plot_No": null, "Block": "A", "Plot_Size": "1K", "Road_Width": null, "Classifica": null, "Category": null, "MAP": null, "__source_file": "revenu.shp" }, "geometry": { "type": "Polygon", "coordinates": [ [ [ 74.278507353997654, 31.454106073355739 ], [ 74.278453560623646, 31.45410542927582 ], [ 74.278390254275564, 31.454105289152317 ], [ 74.278280943518681, 31.454106616634185 ], [ 74.278181134725813, 31.454109562033093 ], [ 74.278138903405463, 31.454111308017051 ], [ 74.277983477569421, 31.454120295970647 ], [ 74.277989752144308, 31.454163550667658 ], [ 74.278000231819902, 31.454265056921187 ], [ 74.278001669861808, 31.454286139219054 ], [ 74.278004860415038, 31.454368670269091 ], [ 74.278276176808561, 31.454365484392579 ], [ 74.2783423909936, 31.454364707154575 ], [ 74.278511826771876, 31.454362716860473 ], [ 74.278641412145404, 31.454361194814432 ], [ 74.278642992631987, 31.454242453644596 ], [ 74.278643982377588, 31.454168106781037 ], [ 74.278644756886663, 31.454109895917419 ], [ 74.278599412811658, 31.454108286286001 ], [ 74.278507353997654, 31.454106073355739 ] ] ] } },
{ "type": "Feature", "properties": { "OBJECTID": 162237, "SHAPE_Leng": 93.263125417400005, "SHAPE_Area": 476.59830472099998, "Town": "Allama Iqbal Town", "UC_N0": "UC_120", "Landuse": "R", "KA": null, "Name": null, "Plot_No": "63", "Block": "A", "Plot_Size": "1K", "Road_Width": null, "Classifica": null, "Category": null, "MAP": null, "__source_file": "revenu.shp" }, "geometry": { "type": "Polygon", "coordinates": [ [ [ 74.279395997780853, 31.455170311947946 ], [ 74.279166044290378, 31.455371745380056 ], [ 74.279279922858308, 31.455461044376758 ], [ 74.279520520841672, 31.455263644025035 ], [ 74.279395997780853, 31.455170311947946 ] ] ] } },
{ "type": "Feature", "properties": { "OBJECTID": 162238, "SHAPE_Leng": 90.445828483400007, "SHAPE_Area": 438.98422218399998, "Town": "Allama Iqbal Town", "UC_N0": "UC_120", "Landuse": "R", "KA": null, "Name": null, "Plot_No": "43", "Block": "A", "Plot_Size": "1K", "Road_Width": null, "Classifica": null, "Category": null, "MAP": null, "__source_file": "revenu.shp" }, "geometry": { "type": "Polygon", "coordinates": [ [ [ 74.279279922858308, 31.455461044376758 ], [ 74.279166044290378, 31.455371745380056 ], [ 74.278936149159932, 31.455573125480868 ], [ 74.279045146010588, 31.455653667263391 ], [ 74.279279922858308, 31.455461044376758 ] ] ] } },
{ "type": "Feature", "properties": { "OBJECTID": 162239, "SHAPE_Leng": 108.31983027299999, "SHAPE_Area": 717.79649666, "Town": "Allama Iqbal Town", "UC_N0": "UC_120", "Landuse": "R", "KA": null, "Name": null, "Plot_No": "61", "Block": "A", "Plot_Size": "1K", "Road_Width": null, "Classifica": null, "Category": null, "MAP": null, "__source_file": "revenu.shp" }, "geometry": { "type": "Polygon", "coordinates": [ [ [ 74.279299656622101, 31.455098102655388 ], [ 74.279208164032994, 31.455029527277382 ], [ 74.278989879181935, 31.455233602822197 ], [ 74.279083366326788, 31.455306912273503 ], [ 74.279299656622101, 31.455098102655388 ] ] ] } },
{ "type": "Feature", "properties": { "OBJECTID": 162240, "SHAPE_Leng": 107.44860964, "SHAPE_Area": 699.15980463599999, "Town": "Allama Iqbal Town", "UC_N0": "UC_120", "Landuse": "R", "KA": null, "Name": null, "Plot_No": "45", "Block": "A", "Plot_Size": "1K", "Road_Width": null, "Classifica": null, "Category": null, "MAP": null, "__source_file": "revenu.shp" }, "geometry": { "type": "Polygon", "coordinates": [ [ [ 74.279086074580448, 31.45530903599154 ], [ 74.278989879181935, 31.455233602822197 ], [ 74.278763318363332, 31.455445413974694 ], [ 74.278852981848814, 31.455511669939696 ], [ 74.279086074580448, 31.45530903599154 ] ] ] } },
{ "type": "Feature", "properties": { "OBJECTID": 162241, "SHAPE_Leng": 88.335997618700006, "SHAPE_Area": 416.22049958700001, "Town": "Allama Iqbal Town", "UC_N0": "UC_120", "Landuse": "R", "KA": null, "Name": null, "Plot_No": "60", "Block": "A", "Plot_Size": "1K", "Road_Width": null, "Classifica": null, "Category": null, "MAP": null, "__source_file": "revenu.shp" }, "geometry": { "type": "Polygon", "coordinates": [ [ [ 74.279208164032994, 31.455029527277375 ], [ 74.279099920583079, 31.454948396207403 ], [ 74.278884242097305, 31.455150764797704 ], [ 74.278989879181935, 31.455233602822197 ], [ 74.279208164032994, 31.455029527277375 ] ] ] } },
{ "type": "Feature", "properties": { "OBJECTID": 162242, "SHAPE_Leng": 133.57087531, "SHAPE_Area": 1114.58849543, "Town": "Allama Iqbal Town", "UC_N0": "UC_120", "Landuse": "V", "KA": null, "Name": null, "Plot_No": "47", "Block": "A", "Plot_Size": "1K", "Road_Width": null, "Classifica": null, "Category": null, "MAP": null, "__source_file": "revenu.shp" }, "geometry": { "type": "Polygon", "coordinates": [ [ [ 74.278884242097291, 31.455150764797743 ], [ 74.278723440190873, 31.455024668280632 ], [ 74.278487939751173, 31.455240972216107 ], [ 74.278567739988191, 31.455300893756366 ], [ 74.278630483107605, 31.455347257087887 ], [ 74.278884242097291, 31.455150764797743 ] ] ] } },
{ "type": "Feature", "properties": { "OBJECTID": 162243, "SHAPE_Leng": 101.408616928, "SHAPE_Area": 619.54925247400001, "Town": "Allama Iqbal Town", "UC_N0": "UC_120", "Landuse": "R", "KA": null, "Name": null, "Plot_No": "59", "Block": "A", "Plot_Size": "1K", "Road_Width": null, "Classifica": null, "Category": null, "MAP": null, "__source_file": "revenu.shp" }, "geometry": { "type": "Polygon", "coordinates": [ [ [ 74.279014420569624, 31.45488431201624 ], [ 74.278797723303043, 31.455082919159906 ], [ 74.278884242097291, 31.455150764797743 ], [ 74.279099920583079, 31.454948396207403 ], [ 74.279014420569624, 31.45488431201624 ] ] ] } },
{ "type": "Feature", "properties": { "OBJECTID": 162244, "SHAPE_Leng": 95.810828000100003, "SHAPE_Area": 492.64268109099999, "Town": "Allama Iqbal Town", "UC_N0": "UC_120", "Landuse": "R", "KA": null, "Name": null, "Plot_No": "48", "Block": "A", "Plot_Size": "1K", "Road_Width": null, "Classifica": null, "Category": null, "MAP": null, "__source_file": "revenu.shp" }, "geometry": { "type": "Polygon", "coordinates": [ [ [ 74.278723440190845, 31.455024668280632 ], [ 74.278605706404448, 31.45493234447116 ], [ 74.278371211014715, 31.455153321069435 ], [ 74.278487939751173, 31.455240972216082 ], [ 74.278723440190845, 31.455024668280632 ] ] ] } },
{ "type": "Feature", "properties": { "OBJECTID": 162245, "SHAPE_Leng": 90.208541012599994, "SHAPE_Area": 456.69163100600002, "Town": "Allama Iqbal Town", "UC_N0": "UC_120", "Landuse": "R", "KA": null, "Name": null, "Plot_No": "57A", "Block": "A", "Plot_Size": "1K", "Road_Width": null, "Classifica": null, "Category": null, "MAP": null, "__source_file": "revenu.shp" }, "geometry": { "type": "Polygon", "coordinates": [ [ [ 74.278938338517278, 31.454827286679024 ], [ 74.278815162373974, 31.454734963095468 ], [ 74.278605706404448, 31.45493234447116 ], [ 74.278723440190845, 31.455024668280632 ], [ 74.278938338517278, 31.454827286679024 ] ] ] } },
{ "type": "Feature", "properties": { "OBJECTID": 162246, "SHAPE_Leng": 90.446166667100002, "SHAPE_Area": 398.234420946, "Town": "Allama Iqbal Town", "UC_N0": "UC_120", "Landuse": "R", "KA": null, "Name": null, "Plot_No": "48A", "Block": "A", "Plot_Size": "1K", "Road_Width": null, "Classifica": null, "Category": null, "MAP": null, "__source_file": "revenu.shp" }, "geometry": { "type": "Polygon", "coordinates": [ [ [ 74.278605706404448, 31.45493234447116 ], [ 74.278513631805026, 31.454860142184135 ], [ 74.27827536460731, 31.455081349984756 ], [ 74.278371211014715, 31.455153321069435 ], [ 74.278605706404448, 31.45493234447116 ] ] ] } },
{ "type": "Feature", "properties": { "OBJECTID": 162247, "SHAPE_Leng": 82.3493590506, "SHAPE_Area": 345.880744628, "Town": "Allama Iqbal Town", "UC_N0": "UC_120", "Landuse": "R", "KA": null, "Name": null, "Plot_No": "57", "Block": "A", "Plot_Size": "1K", "Road_Width": null, "Classifica": null, "Category": null, "MAP": null, "__source_file": "revenu.shp" }, "geometry": { "type": "Polygon", "coordinates": [ [ [ 74.278815162373974, 31.454734963095468 ], [ 74.278734259681713, 31.454674324544815 ], [ 74.278722702930821, 31.454666150256919 ], [ 74.278722629675158, 31.454666095710827 ], [ 74.278513631805026, 31.454860142184135 ], [ 74.278605706404448, 31.45493234447116 ], [ 74.278815162373974, 31.454734963095468 ] ] ] } },
{ "type": "Feature", "properties": { "OBJECTID": 162248, "SHAPE_Leng": 111.35361300700001, "SHAPE_Area": 707.72959795400004, "Town": "Allama Iqbal Town", "UC_N0": "UC_120", "Landuse": "R", "KA": null, "Name": null, "Plot_No": "50", "Block": "A", "Plot_Size": "1K", "Road_Width": null, "Classifica": null, "Category": null, "MAP": null, "__source_file": "revenu.shp" }, "geometry": { "type": "Polygon", "coordinates": [ [ [ 74.278436086179397, 31.454799332185313 ], [ 74.27839596643814, 31.454767870897935 ], [ 74.278369141186715, 31.454724576222382 ], [ 74.278369121494777, 31.454724536413512 ], [ 74.278368190262213, 31.45472272400831 ], [ 74.278367057769202, 31.454720530632112 ], [ 74.278108641745533, 31.454956157652877 ], [ 74.278190895902355, 31.455017922434156 ], [ 74.278436086179397, 31.454799332185313 ] ] ] } },
{ "type": "Feature", "properties": { "OBJECTID": 162249, "SHAPE_Leng": 120.120747795, "SHAPE_Area": 902.06191842400005, "Town": "Allama Iqbal Town", "UC_N0": "UC_120", "Landuse": "R", "KA": null, "Name": null, "Plot_No": "51", "Block": "A", "Plot_Size": "1K", "Road_Width": null, "Classifica": null, "Category": null, "MAP": null, "__source_file": "revenu.shp" }, "geometry": { "type": "Polygon", "coordinates": [ [ [ 74.278346597688767, 31.45466987678677 ], [ 74.277949170216033, 31.454836409416142 ], [ 74.278108641745533, 31.454956157652877 ], [ 74.278367057769202, 31.454720530632112 ], [ 74.278365922932181, 31.454717819365015 ], [ 74.278365439587091, 31.454716891860233 ], [ 74.278364427702471, 31.45471475419928 ], [ 74.278363064707236, 31.454711875637159 ], [ 74.278357962799191, 31.454701100479291 ], [ 74.278348022921946, 31.454675051347685 ], [ 74.278346597688767, 31.45466987678677 ] ] ] } },
{ "type": "Feature", "properties": { "OBJECTID": 162250, "SHAPE_Leng": 94.175467905000005, "SHAPE_Area": 466.19912874, "Town": "Allama Iqbal Town", "UC_N0": "UC_120", "Landuse": "R", "KA": null, "Name": null, "Plot_No": "52", "Block": "A", "Plot_Size": "1K", "Road_Width": null, "Classifica": null, "Category": null, "MAP": null, "__source_file": "revenu.shp" }, "geometry": { "type": "Polygon", "coordinates": [ [ [ 74.278338690409441, 31.454641168001714 ], [ 74.278335347646518, 31.454623471856031 ], [ 74.278333905871534, 31.454613435492114 ], [ 74.278335973584376, 31.454552818468699 ], [ 74.27833720217231, 31.454516810339982 ], [ 74.278001328822455, 31.454509919076585 ], [ 74.277999772168371, 31.454531738752848 ], [ 74.27798728769146, 31.454645059212023 ], [ 74.278338690409441, 31.454641168001714 ] ] ] } },
{ "type": "Feature", "properties": { "OBJECTID": 162251, "SHAPE_Leng": 90.561749847399994, "SHAPE_Area": 446.15682225, "Town": "Allama Iqbal Town", "UC_N0": "UC_120", "Landuse": "R", "KA": null, "Name": null, "Plot_No": "55", "Block": "A", "Plot_Size": "1K", "Road_Width": null, "Classifica": null, "Category": null, "MAP": null, "__source_file": "revenu.shp" }, "geometry": { "type": "Polygon", "coordinates": [ [ [ 74.278642586438991, 31.454473611811842 ], [ 74.278336323541737, 31.454542561730847 ], [ 74.27833597358439, 31.454552818468699 ], [ 74.278333905871548, 31.454613435492114 ], [ 74.278335347646518, 31.454623471856031 ], [ 74.278338690409441, 31.454641168001736 ], [ 74.278348022921946, 31.454675051347685 ], [ 74.278357962799191, 31.454701100479291 ], [ 74.278358794553824, 31.454700787582251 ], [ 74.278657810425258, 31.454588518172681 ], [ 74.278642586438991, 31.454473611811842 ] ] ] } },
{ "type": "Feature", "properties": { "OBJECTID": 162253, "SHAPE_Leng": 66.271929175400004, "SHAPE_Area": 248.21595611500001, "Town": "Allama Iqbal Town", "UC_N0": "UC_120", "Landuse": "C", "KA": null, "Name": null, "Plot_No": "327", "Block": "A", "Plot_Size": "10M", "Road_Width": null, "Classifica": null, "Category": null, "MAP": null, "__source_file": "revenu.shp" }, "geometry": { "type": "Polygon", "coordinates": [ [ [ 74.28113766203937, 31.451727123356896 ], [ 74.281131157891608, 31.451921573498456 ], [ 74.281256050422385, 31.451923051209505 ], [ 74.281253715909514, 31.451726249881688 ], [ 74.28113766203937, 31.451727123356896 ] ] ] } },
{ "type": "Feature", "properties": { "OBJECTID": 162255, "SHAPE_Leng": 90.583962716599999, "SHAPE_Area": 455.54905540200002, "Town": "Allama Iqbal Town", "UC_N0": "UC_120", "Landuse": "R", "KA": null, "Name": null, "Plot_No": "340", "Block": "A", "Plot_Size": "1K", "Road_Width": null, "Classifica": null, "Category": null, "MAP": null, "__source_file": "revenu.shp" }, "geometry": { "type": "Polygon", "coordinates": [ [ [ 74.281591195712423, 31.450738645570105 ], [ 74.28159523393002, 31.450209467293949 ], [ 74.28155581712079, 31.450209830263098 ], [ 74.281416396956004, 31.450211113379449 ], [ 74.281412609227459, 31.450739690581376 ], [ 74.281486951574323, 31.450739255692067 ], [ 74.281591195712423, 31.450738645570105 ] ] ] } },
{ "type": "Feature", "properties": { "OBJECTID": 162256, "SHAPE_Leng": 71.542651989899994, "SHAPE_Area": 289.92228503799998, "Town": "Allama Iqbal Town", "UC_N0": "UC_120", "Landuse": "R", "KA": null, "Name": null, "Plot_No": "333", "Block": "A", "Plot_Size": "1K", "Road_Width": null, "Classifica": null, "Category": null, "MAP": null, "__source_file": "revenu.shp" }, "geometry": { "type": "Polygon", "coordinates": [ [ [ 74.281012990011718, 31.45111934333152 ], [ 74.28101346231027, 31.451006664199706 ], [ 74.280962257854029, 31.451007085913947 ], [ 74.28076718203485, 31.451008691935982 ], [ 74.280767598946269, 31.451119968583782 ], [ 74.281012990011718, 31.45111934333152 ] ] ] } },
{ "type": "Feature", "properties": { "OBJECTID": 162261, "SHAPE_Leng": 243.033980447, "SHAPE_Area": 3405.2481456800001, "Town": "Allama Iqbal Town", "UC_N0": "UC_120", "Landuse": "C", "KA": null, "Name": null, "Plot_No": "21", "Block": "A", "Plot_Size": "7.5M", "Road_Width": null, "Classifica": null, "Category": null, "MAP": null, "__source_file": "revenu.shp" }, "geometry": { "type": "Polygon", "coordinates": [ [ [ 74.281777469730912, 31.451953128104986 ], [ 74.281542518411229, 31.451951914351746 ], [ 74.281543749784447, 31.452039251301521 ], [ 74.281779013126254, 31.452040591563563 ], [ 74.281777469730912, 31.451953128104986 ] ] ] } },
{ "type": "Feature", "properties": { "OBJECTID": 162262, "SHAPE_Leng": 85.464657355699998, "SHAPE_Area": 431.88988701099998, "Town": "Allama Iqbal Town", "UC_N0": "UC_120", "Landuse": "R", "KA": null, "Name": null, "Plot_No": "252", "Block": "A", "Plot_Size": "5M", "Road_Width": null, "Classifica": null, "Category": null, "MAP": null, "__source_file": "revenu.shp" }, "geometry": { "type": "Polygon", "coordinates": [ [ [ 74.280661444208889, 31.452621251995261 ], [ 74.280660568137691, 31.452769169022734 ], [ 74.280766202446841, 31.452769511239133 ], [ 74.280773795065514, 31.452622248285259 ], [ 74.280735868080683, 31.452621911702263 ], [ 74.280661444208889, 31.452621251995261 ] ] ] } },
{ "type": "Feature", "properties": { "OBJECTID": 162263, "SHAPE_Leng": 227.077844634, "SHAPE_Area": 3074.1211715700001, "Town": "Allama Iqbal Town", "UC_N0": "UC_120", "Landuse": "C", "KA": null, "Name": null, "Plot_No": "29", "Block": "A", "Plot_Size": "7.5M", "Road_Width": null, "Classifica": null, "Category": null, "MAP": null, "__source_file": "revenu.shp" }, "geometry": { "type": "Polygon", "coordinates": [ [ [ 74.281789591709341, 31.452640095301057 ], [ 74.281553676630608, 31.452634970040314 ], [ 74.2815537252702, 31.452733123982146 ], [ 74.281791455271517, 31.452745696575811 ], [ 74.281789591709341, 31.452640095301057 ] ] ] } },
{ "type": "Feature", "properties": { "OBJECTID": 162264, "SHAPE_Leng": 46.977754035700002, "SHAPE_Area": 124.460621883, "Town": "Allama Iqbal Town", "UC_N0": "UC_120", "Landuse": "C", "KA": null, "Name": null, "Plot_No": "291", "Block": "A", "Plot_Size": "5M", "Road_Width": null, "Classifica": null, "Category": null, "MAP": null, "__source_file": "revenu.shp" }, "geometry": { "type": "Polygon", "coordinates": [ [ [ 74.280968900744455, 31.452277968756231 ], [ 74.280972381013328, 31.452139115800613 ], [ 74.280887084929176, 31.452139668188089 ], [ 74.280884101467436, 31.45227877384621 ], [ 74.280968900744455, 31.452277968756231 ] ] ] } },
{ "type": "Feature", "properties": { "OBJECTID": 162265, "SHAPE_Leng": 50.457107451299997, "SHAPE_Area": 151.114058024, "Town": "Allama Iqbal Town", "UC_N0": "UC_120", "Landuse": "R", "KA": null, "Name": null, "Plot_No": "229", "Block": "A", "Plot_Size": "5M", "Road_Width": null, "Classifica": null, "Category": null, "MAP": null, "__source_file": "revenu.shp" }, "geometry": { "type": "Polygon", "coordinates": [ [ [ 74.281168423023558, 31.453101398526261 ], [ 74.281173067185719, 31.452961980100877 ], [ 74.281113199333376, 31.452961924686409 ], [ 74.281068248975757, 31.452961883506209 ], [ 74.281067188555141, 31.453100992729627 ], [ 74.281168423023558, 31.453101398526261 ] ] ] } },
{ "type": "Feature", "properties": { "OBJECTID": 162521, "SHAPE_Leng": 56.803650087100003, "SHAPE_Area": 181.085306925, "Town": "Allama Iqbal Town", "UC_N0": "UC_120", "Landuse": "R", "KA": null, "Name": null, "Plot_No": "141", "Block": "A", "Plot_Size": "5M", "Road_Width": null, "Classifica": null, "Category": null, "MAP": null, "__source_file": "revenu.shp" }, "geometry": { "type": "Polygon", "coordinates": [ [ [ 74.279634633127927, 31.454003564980137 ], [ 74.27943766622937, 31.454000344905207 ], [ 74.279438397539735, 31.454087938023022 ], [ 74.279635640385237, 31.454090468545427 ], [ 74.279634633127927, 31.454003564980137 ] ] ] } },
{ "type": "Feature", "properties": { "OBJECTID": 162522, "SHAPE_Leng": 46.611143109700002, "SHAPE_Area": 131.546219576, "Town": "Allama Iqbal Town", "UC_N0": "UC_120", "Landuse": "R", "KA": null, "Name": null, "Plot_No": "172", "Block": "A", "Plot_Size": "5M", "Road_Width": null, "Classifica": null, "Category": null, "MAP": null, "__source_file": "revenu.shp" }, "geometry": { "type": "Polygon", "coordinates": [ [ [ 74.279778888212391, 31.454005923558839 ], [ 74.279634633127927, 31.454003564980137 ], [ 74.279635640385237, 31.454090468545427 ], [ 74.279779738481707, 31.45409231648372 ], [ 74.279778888212391, 31.454005923558839 ] ] ] } },
{ "type": "Feature", "properties": { "OBJECTID": 162523, "SHAPE_Leng": 51.768563188000002, "SHAPE_Area": 134.260394679, "Town": "Allama Iqbal Town", "UC_N0": "UC_120", "Landuse": "R", "KA": null, "Name": null, "Plot_No": "142", "Block": "A", "Plot_Size": "5M", "Road_Width": null, "Classifica": null, "Category": null, "MAP": null, "__source_file": "revenu.shp" }, "geometry": { "type": "Polygon", "coordinates": [ [ [ 74.279633861125788, 31.453936941169488 ], [ 74.279437140656285, 31.453937431532225 ], [ 74.27943766622937, 31.454000344905207 ], [ 74.279634633127927, 31.454003564980137 ], [ 74.279633861125788, 31.453936941169488 ] ] ] } },
{ "type": "Feature", "properties": { "OBJECTID": 162524, "SHAPE_Leng": 42.495257299800002, "SHAPE_Area": 103.30631841, "Town": "Allama Iqbal Town", "UC_N0": "UC_120", "Landuse": "R", "KA": null, "Name": null, "Plot_No": "171", "Block": "A", "Plot_Size": "5M", "Road_Width": null, "Classifica": null, "Category": null, "MAP": null, "__source_file": "revenu.shp" }, "geometry": { "type": "Polygon", "coordinates": [ [ [ 74.279778205323311, 31.453936580939878 ], [ 74.279633861125788, 31.453936941169488 ], [ 74.279634633127927, 31.454003564980137 ], [ 74.279778888212391, 31.454005923558839 ], [ 74.279778205323311, 31.453936580939878 ] ] ] } },
{ "type": "Feature", "properties": { "OBJECTID": 162525, "SHAPE_Leng": 39.501310357800001, "SHAPE_Area": 82.558577496500007, "Town": "Allama Iqbal Town", "UC_N0": "UC_120", "Landuse": "R", "KA": null, "Name": null, "Plot_No": "168", "Block": "A", "Plot_Size": "5M", "Road_Width": null, "Classifica": null, "Category": null, "MAP": null, "__source_file": "revenu.shp" }, "geometry": { "type": "Polygon", "coordinates": [ [ [ 74.279776443632358, 31.453757619905652 ], [ 74.279631772185667, 31.45375676931241 ], [ 74.27963239985381, 31.453810898286601 ], [ 74.279776977568957, 31.453811905340192 ], [ 74.279776443632358, 31.453757619905652 ] ] ] } },
{ "type": "Feature", "properties": { "OBJECTID": 162526, "SHAPE_Leng": 39.926770539099998, "SHAPE_Area": 85.549975898, "Town": "Allama Iqbal Town", "UC_N0": "UC_120", "Landuse": "R", "KA": null, "Name": null, "Plot_No": "169", "Block": "A", "Plot_Size": "5M", "Road_Width": null, "Classifica": null, "Category": null, "MAP": null, "__source_file": "revenu.shp" }, "geometry": { "type": "Polygon", "coordinates": [ [ [ 74.279776977568957, 31.453811905340192 ], [ 74.27963239985381, 31.453810898286601 ], [ 74.279632700921823, 31.453836880481557 ], [ 74.279633052264089, 31.453867157555219 ], [ 74.279777530851419, 31.453868063904352 ], [ 74.279776977568957, 31.453811905340192 ] ] ] } },
{ "type": "Feature", "properties": { "OBJECTID": 162527, "SHAPE_Leng": 42.773125788100003, "SHAPE_Area": 105.16695514600001, "Town": "Allama Iqbal Town", "UC_N0": "UC_120", "Landuse": "R", "KA": null, "Name": null, "Plot_No": "170", "Block": "A", "Plot_Size": "5M", "Road_Width": null, "Classifica": null, "Category": null, "MAP": null, "__source_file": "revenu.shp" }, "geometry": { "type": "Polygon", "coordinates": [ [ [ 74.279778205323311, 31.453936580939878 ], [ 74.279777530851419, 31.453868063904352 ], [ 74.279633052264089, 31.453867157555219 ], [ 74.279633861125788, 31.453936941169488 ], [ 74.279778205323311, 31.453936580939878 ] ] ] } },
{ "type": "Feature", "properties": { "OBJECTID": 162528, "SHAPE_Leng": 43.102917972100002, "SHAPE_Area": 107.204855596, "Town": "Allama Iqbal Town", "UC_N0": "UC_120", "Landuse": "R", "KA": null, "Name": null, "Plot_No": "167", "Block": "A", "Plot_Size": "5M", "Road_Width": null, "Classifica": null, "Category": null, "MAP": null, "__source_file": "revenu.shp" }, "geometry": { "type": "Polygon", "coordinates": [ [ [ 74.279775761691994, 31.453688290822789 ], [ 74.279630944742593, 31.453685425642799 ], [ 74.279631095047264, 31.453698377943532 ], [ 74.279631772185667, 31.45375676931241 ], [ 74.279776443632358, 31.453757619905652 ], [ 74.279775761691994, 31.453688290822789 ] ] ] } },
{ "type": "Feature", "properties": { "OBJECTID": 162529, "SHAPE_Leng": 43.122413481899997, "SHAPE_Area": 107.27043569, "Town": "Allama Iqbal Town", "UC_N0": "UC_120", "Landuse": "R", "KA": null, "Name": null, "Plot_No": "166", "Block": "A", "Plot_Size": "5M", "Road_Width": null, "Classifica": null, "Category": null, "MAP": null, "__source_file": "revenu.shp" }, "geometry": { "type": "Polygon", "coordinates": [ [ [ 74.279775059729872, 31.453616901844416 ], [ 74.279630142317956, 31.453616176179874 ], [ 74.279630944742593, 31.453685425642799 ], [ 74.279775761691994, 31.453688290822789 ], [ 74.279775059729872, 31.453616901844416 ] ] ] } },
{ "type": "Feature", "properties": { "OBJECTID": 162530, "SHAPE_Leng": 45.333937090799999, "SHAPE_Area": 122.46187206, "Town": "Allama Iqbal Town", "UC_N0": "UC_120", "Landuse": "R", "KA": null, "Name": null, "Plot_No": "165", "Block": "A", "Plot_Size": "5M", "Road_Width": null, "Classifica": null, "Category": null, "MAP": null, "__source_file": "revenu.shp" }, "geometry": { "type": "Polygon", "coordinates": [ [ [ 74.279775059729872, 31.453616901844416 ], [ 74.279774271419228, 31.453536853715701 ], [ 74.279629210232798, 31.453535815072552 ], [ 74.279630142317956, 31.453616176179874 ], [ 74.279775059729872, 31.453616901844416 ] ] ] } },
{ "type": "Feature", "properties": { "OBJECTID": 162531, "SHAPE_Leng": 40.660265882899999, "SHAPE_Area": 89.992039167000001, "Town": "Allama Iqbal Town", "UC_N0": "UC_120", "Landuse": "R", "KA": null, "Name": null, "Plot_No": "162", "Block": "A", "Plot_Size": "5M", "Road_Width": null, "Classifica": null, "Category": null, "MAP": null, "__source_file": "revenu.shp" }, "geometry": { "type": "Polygon", "coordinates": [ [ [ 74.279772932385626, 31.453400862664733 ], [ 74.279772374146006, 31.453344114012765 ], [ 74.279626951184554, 31.453340878219354 ], [ 74.279627127224316, 31.453356106079816 ], [ 74.279627655895993, 31.453401717485946 ], [ 74.279772932385626, 31.453400862664733 ] ] ] } },
{ "type": "Feature", "properties": { "OBJECTID": 162532, "SHAPE_Leng": 43.462565746700001, "SHAPE_Area": 109.225977464, "Town": "Allama Iqbal Town", "UC_N0": "UC_120", "Landuse": "R", "KA": null, "Name": null, "Plot_No": "161", "Block": "A", "Plot_Size": "5M", "Road_Width": null, "Classifica": null, "Category": null, "MAP": null, "__source_file": "revenu.shp" }, "geometry": { "type": "Polygon", "coordinates": [ [ [ 74.279771631205207, 31.453268589897775 ], [ 74.279626173233311, 31.45327379423318 ], [ 74.279626951184554, 31.453340878219354 ], [ 74.279772374146006, 31.453344114012765 ], [ 74.279771631205207, 31.453268589897775 ] ] ] } },
{ "type": "Feature", "properties": { "OBJECTID": 162533, "SHAPE_Leng": 50.659601274400003, "SHAPE_Area": 158.97221249699999, "Town": "Allama Iqbal Town", "UC_N0": "UC_120", "Landuse": "R", "KA": null, "Name": null, "Plot_No": "160", "Block": "A", "Plot_Size": "5M", "Road_Width": null, "Classifica": null, "Category": null, "MAP": null, "__source_file": "revenu.shp" }, "geometry": { "type": "Polygon", "coordinates": [ [ [ 74.279771631205207, 31.453268589897775 ], [ 74.279770639420221, 31.453167818290105 ], [ 74.279624937584103, 31.453167227158033 ], [ 74.279626173233311, 31.45327379423318 ], [ 74.279771631205207, 31.453268589897775 ] ] ] } },
{ "type": "Feature", "properties": { "OBJECTID": 162534, "SHAPE_Leng": 59.891243495600001, "SHAPE_Area": 210.41808451599999, "Town": "Allama Iqbal Town", "UC_N0": "UC_120", "Landuse": "R", "KA": null, "Name": null, "Plot_No": "143", "Block": "A", "Plot_Size": "5M", "Road_Width": null, "Classifica": null, "Category": null, "MAP": null, "__source_file": "revenu.shp" }, "geometry": { "type": "Polygon", "coordinates": [ [ [ 74.279633861125788, 31.453936941169488 ], [ 74.279633052264089, 31.453867157555219 ], [ 74.279632700921823, 31.453836880481557 ], [ 74.279436278590694, 31.453834198490586 ], [ 74.279437140656285, 31.453937431532225 ], [ 74.279633861125788, 31.453936941169488 ] ] ] } },
{ "type": "Feature", "properties": { "OBJECTID": 162535, "SHAPE_Leng": 50.435546608899998, "SHAPE_Area": 122.743675043, "Town": "Allama Iqbal Town", "UC_N0": "UC_120", "Landuse": "R", "KA": null, "Name": null, "Plot_No": "145", "Block": "A", "Plot_Size": "5M", "Road_Width": null, "Classifica": null, "Category": null, "MAP": null, "__source_file": "revenu.shp" }, "geometry": { "type": "Polygon", "coordinates": [ [ [ 74.279630944742593, 31.453685425642799 ], [ 74.279630142317956, 31.453616176179874 ], [ 74.279434457834299, 31.453616295241122 ], [ 74.279435132844227, 31.453697082556186 ], [ 74.279435638944136, 31.453757590487246 ], [ 74.279631772185667, 31.453756769312427 ], [ 74.279631095047279, 31.453698377943546 ], [ 74.279630944742593, 31.453685425642799 ] ] ] } },
{ "type": "Feature", "properties": { "OBJECTID": 162536, "SHAPE_Leng": 54.673146970499999, "SHAPE_Area": 161.970446987, "Town": "Allama Iqbal Town", "UC_N0": "UC_120", "Landuse": "R", "KA": null, "Name": null, "Plot_No": "144", "Block": "A", "Plot_Size": "5M", "Road_Width": null, "Classifica": null, "Category": null, "MAP": null, "__source_file": "revenu.shp" }, "geometry": { "type": "Polygon", "coordinates": [ [ [ 74.27963239985381, 31.453810898286601 ], [ 74.279631772185667, 31.45375676931241 ], [ 74.279435638944136, 31.453757590487246 ], [ 74.279436278590694, 31.453834198490586 ], [ 74.279632700921823, 31.453836880481557 ], [ 74.27963239985381, 31.453810898286601 ] ] ] } },
{ "type": "Feature", "properties": { "OBJECTID": 162538, "SHAPE_Leng": 54.778021488500002, "SHAPE_Area": 163.66064295300001, "Town": "Allama Iqbal Town", "UC_N0": "UC_120", "Landuse": "R", "KA": null, "Name": null, "Plot_No": "146", "Block": "A", "Plot_Size": "5M", "Road_Width": null, "Classifica": null, "Category": null, "MAP": null, "__source_file": "revenu.shp" }, "geometry": { "type": "Polygon", "coordinates": [ [ [ 74.279630142317956, 31.453616176179874 ], [ 74.279629210232798, 31.453535815072552 ], [ 74.279433801629679, 31.453537725702606 ], [ 74.279434457834313, 31.453616295241122 ], [ 74.279630142317956, 31.453616176179874 ] ] ] } },
{ "type": "Feature", "properties": { "OBJECTID": 162539, "SHAPE_Leng": 60.8349909493, "SHAPE_Area": 220.10301922299999, "Town": "Allama Iqbal Town", "UC_N0": "UC_120", "Landuse": "R", "KA": null, "Name": null, "Plot_No": "147", "Block": "A", "Plot_Size": "5M", "Road_Width": null, "Classifica": null, "Category": null, "MAP": null, "__source_file": "revenu.shp" }, "geometry": { "type": "Polygon", "coordinates": [ [ [ 74.279629210232798, 31.453535815072552 ], [ 74.279627954904356, 31.453427556217012 ], [ 74.279432917218813, 31.453431912162294 ], [ 74.279433801629679, 31.453537725702606 ], [ 74.279629210232798, 31.453535815072552 ] ] ] } },
{ "type": "Feature", "properties": { "OBJECTID": 162540, "SHAPE_Leng": 53.214236215699998, "SHAPE_Area": 149.704042356, "Town": "Allama Iqbal Town", "UC_N0": "UC_120", "Landuse": "R", "KA": null, "Name": null, "Plot_No": "148", "Block": "A", "Plot_Size": "5M", "Road_Width": null, "Classifica": null, "Category": null, "MAP": null, "__source_file": "revenu.shp" }, "geometry": { "type": "Polygon", "coordinates": [ [ [ 74.279627954904356, 31.453427556217012 ], [ 74.279627655895993, 31.453401717485946 ], [ 74.279627127224316, 31.453356106079816 ], [ 74.27943229621772, 31.453357542682131 ], [ 74.279432917218813, 31.453431912162294 ], [ 74.279627954904356, 31.453427556217012 ] ] ] } },
{ "type": "Feature", "properties": { "OBJECTID": 162542, "SHAPE_Leng": 65.655392407899996, "SHAPE_Area": 262.066291568, "Town": "Allama Iqbal Town", "UC_N0": "UC_120", "Landuse": "R", "KA": null, "Name": null, "Plot_No": "85", "Block": "A", "Plot_Size": "10M", "Road_Width": null, "Classifica": null, "Category": null, "MAP": null, "__source_file": "revenu.shp" }, "geometry": { "type": "Polygon", "coordinates": [ [ [ 74.279927343951599, 31.454521934748449 ], [ 74.279926571331458, 31.454348199570017 ], [ 74.279781621591212, 31.454350313189774 ], [ 74.27978382085837, 31.454521605040917 ], [ 74.279927343951599, 31.454521934748449 ] ] ] } },
{ "type": "Feature", "properties": { "OBJECTID": 162543, "SHAPE_Leng": 69.408902033499999, "SHAPE_Area": 288.81940297599999, "Town": "Allama Iqbal Town", "UC_N0": "UC_120", "Landuse": "R", "KA": null, "Name": null, "Plot_No": "132", "Block": "A", "Plot_Size": "10M", "Road_Width": null, "Classifica": null, "Category": null, "MAP": null, "__source_file": "revenu.shp" }, "geometry": { "type": "Polygon", "coordinates": [ [ [ 74.279926571331458, 31.454348199570017 ], [ 74.27992573526727, 31.454160470504366 ], [ 74.279779200934129, 31.454161739754163 ], [ 74.279781621591212, 31.454350313189774 ], [ 74.279926571331458, 31.454348199570017 ] ] ] } },
{ "type": "Feature", "properties": { "OBJECTID": 162544, "SHAPE_Leng": 57.372411811900001, "SHAPE_Area": 180.625045761, "Town": "Allama Iqbal Town", "UC_N0": "UC_120", "Landuse": "C", "KA": null, "Name": null, "Plot_No": "86", "Block": "A", "Plot_Size": "10M", "Road_Width": null, "Classifica": null, "Category": null, "MAP": null, "__source_file": "revenu.shp" }, "geometry": { "type": "Polygon", "coordinates": [ [ [ 74.280023992524875, 31.454522156889812 ], [ 74.280026417361839, 31.454346743499357 ], [ 74.279926571331458, 31.454348199570017 ], [ 74.279927343951599, 31.454521934748449 ], [ 74.280023992524875, 31.454522156889812 ] ] ] } },
{ "type": "Feature", "properties": { "OBJECTID": 162545, "SHAPE_Leng": 60.856007886500002, "SHAPE_Area": 200.47577904299999, "Town": "Allama Iqbal Town", "UC_N0": "UC_120", "Landuse": "R", "KA": null, "Name": null, "Plot_No": "131", "Block": "A", "Plot_Size": "10M", "Road_Width": null, "Classifica": null, "Category": null, "MAP": null, "__source_file": "revenu.shp" }, "geometry": { "type": "Polygon", "coordinates": [ [ [ 74.280026417361839, 31.454346743499357 ], [ 74.280029004716909, 31.454159575914403 ], [ 74.27992573526727, 31.454160470504366 ], [ 74.279926571331458, 31.454348199570017 ], [ 74.280026417361839, 31.454346743499357 ] ] ] } },
{ "type": "Feature", "properties": { "OBJECTID": 162546, "SHAPE_Leng": 59.704653633600003, "SHAPE_Area": 201.41128996399999, "Town": "Allama Iqbal Town", "UC_N0": "UC_120", "Landuse": "C", "KA": null, "Name": null, "Plot_No": "87", "Block": "A", "Plot_Size": "10M", "Road_Width": null, "Classifica": null, "Category": null, "MAP": null, "__source_file": "revenu.shp" }, "geometry": { "type": "Polygon", "coordinates": [ [ [ 74.280132597067436, 31.454522405557395 ], [ 74.280134752563811, 31.454345164543664 ], [ 74.280026417361839, 31.454346743499357 ], [ 74.280023992524875, 31.454522156889812 ], [ 74.280132597067436, 31.454522405557395 ] ] ] } },
{ "type": "Feature", "properties": { "OBJECTID": 162863, "SHAPE_Leng": 85.653593461400007, "SHAPE_Area": 458.25124549899999, "Town": "Allama Iqbal Town", "UC_N0": "UC_120", "Landuse": "C", "KA": null, "Name": null, "Plot_No": "352", "Block": "A", "Plot_Size": "1K", "Road_Width": null, "Classifica": null, "Category": null, "MAP": null, "__source_file": "revenu.shp" }, "geometry": { "type": "Polygon", "coordinates": [ [ [ 74.281540103730222, 31.450901850142767 ], [ 74.281309993725984, 31.450896547170924 ], [ 74.281310709916923, 31.451000810529472 ], [ 74.281541435236505, 31.451004005004091 ], [ 74.281540103730222, 31.450901850142767 ] ] ] } },
{ "type": "Feature", "properties": { "OBJECTID": 162864, "SHAPE_Leng": 149.96271240799999, "SHAPE_Area": 1185.5646456300001, "Town": "Allama Iqbal Town", "UC_N0": "UC_120", "Landuse": "V", "KA": null, "Name": null, "Plot_No": "120", "Block": "A", "Plot_Size": "10M", "Road_Width": null, "Classifica": null, "Category": null, "MAP": null, "__source_file": "revenu.shp" }, "geometry": { "type": "Polygon", "coordinates": [ [ [ 74.28115624110454, 31.453786116273694 ], [ 74.28102671498587, 31.453613698244371 ], [ 74.280918001433463, 31.453685894702346 ], [ 74.281066671429429, 31.453845932770903 ], [ 74.28115624110454, 31.453786116273694 ] ] ] } },
{ "type": "Feature", "properties": { "OBJECTID": 162865, "SHAPE_Leng": 259.707241286, "SHAPE_Area": 2867.1591485399999, "Town": "Allama Iqbal Town", "UC_N0": "UC_120", "Landuse": "O/S", "KA": null, "Name": null, "Plot_No": null, "Block": "A", "Plot_Size": "7K", "Road_Width": null, "Classifica": null, "Category": null, "MAP": null, "__source_file": "revenu.shp" }, "geometry": { "type": "Polygon", "coordinates": [ [ [ 74.280651244377538, 31.453779063099365 ], [ 74.281532219352258, 31.453174954710619 ], [ 74.280636204809582, 31.45317132747973 ], [ 74.280651244377538, 31.453779063099365 ] ] ] } },
{ "type": "Feature", "properties": { "OBJECTID": 162867, "SHAPE_Leng": 49.902856747599998, "SHAPE_Area": 149.22882663, "Town": "Allama Iqbal Town", "UC_N0": "UC_120", "Landuse": "R", "KA": null, "Name": null, "Plot_No": "185", "Block": "A", "Plot_Size": "5M", "Road_Width": null, "Classifica": null, "Category": null, "MAP": null, "__source_file": "revenu.shp" }, "geometry": { "type": "Polygon", "coordinates": [ [ [ 74.280017931469018, 31.453168821572124 ], [ 74.279859881442491, 31.453168180240823 ], [ 74.279861310361554, 31.453257774822138 ], [ 74.280019062517241, 31.453258714017768 ], [ 74.280017931469018, 31.453168821572124 ] ] ] } },
{ "type": "Feature", "properties": { "OBJECTID": 162869, "SHAPE_Leng": 49.636830702499999, "SHAPE_Area": 129.655058545, "Town": "Allama Iqbal Town", "UC_N0": "UC_120", "Landuse": "R", "KA": null, "Name": null, "Plot_No": null, "Block": "A", "Plot_Size": null, "Road_Width": null, "Classifica": null, "Category": null, "MAP": null, "__source_file": "revenu.shp" }, "geometry": { "type": "Polygon", "coordinates": [ [ [ 74.280413730827775, 31.453804555700554 ], [ 74.280264798920712, 31.453803700832083 ], [ 74.280265558126189, 31.453886370664005 ], [ 74.280266048750988, 31.453939888060287 ], [ 74.280266089592899, 31.453944319122183 ], [ 74.280266990801152, 31.454042552248112 ], [ 74.280415846972517, 31.453940478933124 ], [ 74.280428855322256, 31.453931559528961 ], [ 74.280553894107214, 31.45384581786394 ], [ 74.280553581358276, 31.453805358482427 ], [ 74.280413730827775, 31.453804555700554 ] ] ] } },
{ "type": "Feature", "properties": { "OBJECTID": 162870, "SHAPE_Leng": 46.095199413099998, "SHAPE_Area": 127.648350452, "Town": "Allama Iqbal Town", "UC_N0": "UC_120", "Landuse": "R", "KA": null, "Name": null, "Plot_No": "207", "Block": "A", "Plot_Size": "5M", "Road_Width": null, "Classifica": null, "Category": null, "MAP": null, "__source_file": "revenu.shp" }, "geometry": { "type": "Polygon", "coordinates": [ [ [ 74.280405151615767, 31.453253695715304 ], [ 74.280403854102431, 31.453170385879002 ], [ 74.280258984714266, 31.45316979924295 ], [ 74.280259752729506, 31.453253519323642 ], [ 74.280405151615767, 31.453253695715304 ] ] ] } },
{ "type": "Feature", "properties": { "OBJECTID": 162871, "SHAPE_Leng": 45.883031104700002, "SHAPE_Area": 126.463082391, "Town": "Allama Iqbal Town", "UC_N0": "UC_120", "Landuse": "R", "KA": null, "Name": null, "Plot_No": "208", "Block": "A", "Plot_Size": "5M", "Road_Width": null, "Classifica": null, "Category": null, "MAP": null, "__source_file": "revenu.shp" }, "geometry": { "type": "Polygon", "coordinates": [ [ [ 74.280549321237459, 31.453253870450297 ], [ 74.280548680339649, 31.453170973011037 ], [ 74.280403854102431, 31.453170385879002 ], [ 74.280405151615767, 31.453253695715304 ], [ 74.280549321237459, 31.453253870450297 ] ] ] } },
{ "type": "Feature", "properties": { "OBJECTID": 162872, "SHAPE_Leng": 41.947634484799998, "SHAPE_Area": 98.7598893344, "Town": "Allama Iqbal Town", "UC_N0": "UC_120", "Landuse": "R", "KA": null, "Name": null, "Plot_No": "206", "Block": "A", "Plot_Size": "5M", "Road_Width": null, "Classifica": null, "Category": null, "MAP": null, "__source_file": "revenu.shp" }, "geometry": { "type": "Polygon", "coordinates": [ [ [ 74.280406153348522, 31.4533180129295 ], [ 74.280405151615767, 31.453253695715304 ], [ 74.280259752729506, 31.453253519323642 ], [ 74.280260344671305, 31.453318011071573 ], [ 74.280406153348522, 31.4533180129295 ] ] ] } },
{ "type": "Feature", "properties": { "OBJECTID": 162873, "SHAPE_Leng": 41.588502070600001, "SHAPE_Area": 97.352639856699994, "Town": "Allama Iqbal Town", "UC_N0": "UC_120", "Landuse": "R", "KA": null, "Name": null, "Plot_No": "209", "Block": "A", "Plot_Size": "5M", "Road_Width": null, "Classifica": null, "Category": null, "MAP": null, "__source_file": "revenu.shp" }, "geometry": { "type": "Polygon", "coordinates": [ [ [ 74.280549817098162, 31.453318015204214 ], [ 74.280549321237459, 31.453253870450297 ], [ 74.280405151615767, 31.453253695715304 ], [ 74.280406153348522, 31.4533180129295 ], [ 74.280549817098162, 31.453318015204214 ] ] ] } },
{ "type": "Feature", "properties": { "OBJECTID": 162874, "SHAPE_Leng": 43.802423327600003, "SHAPE_Area": 111.340550824, "Town": "Allama Iqbal Town", "UC_N0": "UC_120", "Landuse": "R", "KA": null, "Name": null, "Plot_No": "205", "Block": "A", "Plot_Size": "5M", "Road_Width": null, "Classifica": null, "Category": null, "MAP": null, "__source_file": "revenu.shp" }, "geometry": { "type": "Polygon", "coordinates": [ [ [ 74.280407287056008, 31.453390810908505 ], [ 74.280406153348522, 31.4533180129295 ], [ 74.280260344671305, 31.453318011071573 ], [ 74.280261004563599, 31.453389995286926 ], [ 74.280407287056008, 31.453390810908505 ] ] ] } },
{ "type": "Feature", "properties": { "OBJECTID": 162875, "SHAPE_Leng": 43.474298129700003, "SHAPE_Area": 110.523805771, "Town": "Allama Iqbal Town", "UC_N0": "UC_120", "Landuse": "R", "KA": null, "Name": null, "Plot_No": "210", "Block": "A", "Plot_Size": "5M", "Road_Width": null, "Classifica": null, "Category": null, "MAP": null, "__source_file": "revenu.shp" }, "geometry": { "type": "Polygon", "coordinates": [ [ [ 74.280550385984625, 31.453391607578272 ], [ 74.280549817098162, 31.453318015204214 ], [ 74.280406153348522, 31.4533180129295 ], [ 74.280407287056008, 31.453390810908505 ], [ 74.280550385984625, 31.453391607578272 ] ] ] } },
{ "type": "Feature", "properties": { "OBJECTID": 162876, "SHAPE_Leng": 44.174065665199997, "SHAPE_Area": 113.65657769800001, "Town": "Allama Iqbal Town", "UC_N0": "UC_120", "Landuse": "R", "KA": null, "Name": null, "Plot_No": "204", "Block": "A", "Plot_Size": "5M", "Road_Width": null, "Classifica": null, "Category": null, "MAP": null, "__source_file": "revenu.shp" }, "geometry": { "type": "Polygon", "coordinates": [ [ [ 74.280408434180003, 31.453464469685859 ], [ 74.280407287056008, 31.453390810908505 ], [ 74.280261004563599, 31.453389995286926 ], [ 74.280261680032496, 31.453463658631897 ], [ 74.280408434180003, 31.453464469685859 ] ] ] } },
{ "type": "Feature", "properties": { "OBJECTID": 162877, "SHAPE_Leng": 43.467725122799997, "SHAPE_Area": 110.77015026700001, "Town": "Allama Iqbal Town", "UC_N0": "UC_120", "Landuse": "R", "KA": null, "Name": null, "Plot_No": "211", "Block": "A", "Plot_Size": "5M", "Road_Width": null, "Classifica": null, "Category": null, "MAP": null, "__source_file": "revenu.shp" }, "geometry": { "type": "Polygon", "coordinates": [ [ [ 74.280550954429444, 31.453465257691519 ], [ 74.280550385984625, 31.453391607578272 ], [ 74.280407287056008, 31.453390810908505 ], [ 74.280408434180003, 31.453464469685859 ], [ 74.280550954429444, 31.453465257691519 ] ] ] } },
{ "type": "Feature", "properties": { "OBJECTID": 162878, "SHAPE_Leng": 44.642083682299997, "SHAPE_Area": 116.66530433, "Town": "Allama Iqbal Town", "UC_N0": "UC_120", "Landuse": "R", "KA": null, "Name": null, "Plot_No": "203", "Block": "A", "Plot_Size": "5M", "Road_Width": null, "Classifica": null, "Category": null, "MAP": null, "__source_file": "revenu.shp" }, "geometry": { "type": "Polygon", "coordinates": [ [ [ 74.280409576282764, 31.453537821677269 ], [ 74.280408434180003, 31.453464469685859 ], [ 74.280261680032496, 31.453463658631897 ], [ 74.280262390230419, 31.453541038440747 ], [ 74.280409576282764, 31.453537821677269 ] ] ] } },
{ "type": "Feature", "properties": { "OBJECTID": 162879, "SHAPE_Leng": 42.861003836999998, "SHAPE_Area": 106.96170748, "Town": "Allama Iqbal Town", "UC_N0": "UC_120", "Landuse": "R", "KA": null, "Name": null, "Plot_No": "212", "Block": "A", "Plot_Size": "5M", "Road_Width": null, "Classifica": null, "Category": null, "MAP": null, "__source_file": "revenu.shp" }, "geometry": { "type": "Polygon", "coordinates": [ [ [ 74.2805514906876, 31.453534719489184 ], [ 74.280550954429444, 31.453465257691519 ], [ 74.280408434180003, 31.453464469685859 ], [ 74.280409576282764, 31.453537821677269 ], [ 74.2805514906876, 31.453534719489184 ] ] ] } },
{ "type": "Feature", "properties": { "OBJECTID": 162880, "SHAPE_Leng": 41.199374089300001, "SHAPE_Area": 92.334203802199994, "Town": "Allama Iqbal Town", "UC_N0": "UC_120", "Landuse": "R", "KA": null, "Name": null, "Plot_No": "202", "Block": "A", "Plot_Size": "5M", "Road_Width": null, "Classifica": null, "Category": null, "MAP": null, "__source_file": "revenu.shp" }, "geometry": { "type": "Polygon", "coordinates": [ [ [ 74.280410508169837, 31.453597646312197 ], [ 74.280409576282764, 31.453537821677269 ], [ 74.280262390230419, 31.453541038440747 ], [ 74.280262932718273, 31.453600160760139 ], [ 74.280410508169837, 31.453597646312197 ] ] ] } },
{ "type": "Feature", "properties": { "OBJECTID": 162881, "SHAPE_Leng": 40.270618606100001, "SHAPE_Area": 89.802753390700005, "Town": "Allama Iqbal Town", "UC_N0": "UC_120", "Landuse": "R", "KA": null, "Name": null, "Plot_No": "213", "Block": "A", "Plot_Size": "5M", "Road_Width": null, "Classifica": null, "Category": null, "MAP": null, "__source_file": "revenu.shp" }, "geometry": { "type": "Polygon", "coordinates": [ [ [ 74.28055195850483, 31.453595235329129 ], [ 74.2805514906876, 31.453534719489184 ], [ 74.280409576282764, 31.453537821677269 ], [ 74.280410508169837, 31.453597646312197 ], [ 74.28055195850483, 31.453595235329129 ] ] ] } },
{ "type": "Feature", "properties": { "OBJECTID": 162882, "SHAPE_Leng": 44.680189970999997, "SHAPE_Area": 116.487649664, "Town": "Allama Iqbal Town", "UC_N0": "UC_120", "Landuse": "R", "KA": null, "Name": null, "Plot_No": "201", "Block": "A", "Plot_Size": "5M", "Road_Width": null, "Classifica": null, "Category": null, "MAP": null, "__source_file": "revenu.shp" }, "geometry": { "type": "Polygon", "coordinates": [ [ [ 74.280411679290296, 31.453672847126541 ], [ 74.280410508169837, 31.453597646312197 ], [ 74.280262932718273, 31.453600160760139 ], [ 74.280263614993288, 31.453674585619854 ], [ 74.280411679290296, 31.453672847126541 ] ] ] } },
{ "type": "Feature", "properties": { "OBJECTID": 162883, "SHAPE_Leng": 43.583823185200004, "SHAPE_Area": 112.37589671400001, "Town": "Allama Iqbal Town", "UC_N0": "UC_120", "Landuse": "R", "KA": null, "Name": null, "Plot_No": "214", "Block": "A", "Plot_Size": "5M", "Road_Width": null, "Classifica": null, "Category": null, "MAP": null, "__source_file": "revenu.shp" }, "geometry": { "type": "Polygon", "coordinates": [ [ [ 74.280552545098033, 31.453671192534312 ], [ 74.28055195850483, 31.453595235329129 ], [ 74.280410508169837, 31.453597646312197 ], [ 74.280411679290296, 31.453672847126541 ], [ 74.280552545098033, 31.453671192534312 ] ] ] } },
{ "type": "Feature", "properties": { "OBJECTID": 162884, "SHAPE_Leng": 43.652034094199998, "SHAPE_Area": 108.977936294, "Town": "Allama Iqbal Town", "UC_N0": "UC_120", "Landuse": "R", "KA": null, "Name": null, "Plot_No": "200", "Block": "A", "Plot_Size": "5M", "Road_Width": null, "Classifica": null, "Category": null, "MAP": null, "__source_file": "revenu.shp" }, "geometry": { "type": "Polygon", "coordinates": [ [ [ 74.280411679290296, 31.453672847126541 ], [ 74.280263614993288, 31.453674585619854 ], [ 74.280264242799504, 31.45374305818687 ], [ 74.280412786217113, 31.453743917188074 ], [ 74.280411679290296, 31.453672847126541 ] ] ] } },
{ "type": "Feature", "properties": { "OBJECTID": 162885, "SHAPE_Leng": 49.746673975599997, "SHAPE_Area": 148.61996529499999, "Town": "Allama Iqbal Town", "UC_N0": "UC_120", "Landuse": "R", "KA": null, "Name": null, "Plot_No": "186", "Block": "A", "Plot_Size": "5M", "Road_Width": null, "Classifica": null, "Category": null, "MAP": null, "__source_file": "revenu.shp" }, "geometry": { "type": "Polygon", "coordinates": [ [ [ 74.280017931469018, 31.453168821572124 ], [ 74.280019062517241, 31.453258714017768 ], [ 74.280175685432937, 31.453259646672695 ], [ 74.280174779624858, 31.453169457758229 ], [ 74.280017931469018, 31.453168821572124 ] ] ] } },
{ "type": "Feature", "properties": { "OBJECTID": 162886, "SHAPE_Leng": 42.7485139785, "SHAPE_Area": 107.06326906300001, "Town": "Allama Iqbal Town", "UC_N0": "UC_120", "Landuse": "R", "KA": null, "Name": null, "Plot_No": "215", "Block": "A", "Plot_Size": "5M", "Road_Width": null, "Classifica": null, "Category": null, "MAP": null, "__source_file": "revenu.shp" }, "geometry": { "type": "Polygon", "coordinates": [ [ [ 74.280552545098033, 31.453671192534312 ], [ 74.280411679290296, 31.453672847126541 ], [ 74.280412786217113, 31.453743917188074 ], [ 74.280553113358224, 31.453744728962871 ], [ 74.280552545098033, 31.453671192534312 ] ] ] } },
{ "type": "Feature", "properties": { "OBJECTID": 162887, "SHAPE_Leng": 41.709230697199999, "SHAPE_Area": 94.983080570699997, "Town": "Allama Iqbal Town", "UC_N0": "UC_120", "Landuse": "R", "KA": null, "Name": null, "Plot_No": "199", "Block": "A", "Plot_Size": "5M", "Road_Width": null, "Classifica": null, "Category": null, "MAP": null, "__source_file": "revenu.shp" }, "geometry": { "type": "Polygon", "coordinates": [ [ [ 74.280412786217113, 31.453743917188074 ], [ 74.280264242799504, 31.45374305818687 ], [ 74.280264798920712, 31.453803700832072 ], [ 74.280413730827746, 31.453804555700565 ], [ 74.280412786217113, 31.453743917188074 ] ] ] } },
{ "type": "Feature", "properties": { "OBJECTID": 162888, "SHAPE_Leng": 40.0641149637, "SHAPE_Area": 89.450671473699998, "Town": "Allama Iqbal Town", "UC_N0": "UC_120", "Landuse": "R", "KA": null, "Name": null, "Plot_No": "216", "Block": "A", "Plot_Size": "5M", "Road_Width": null, "Classifica": null, "Category": null, "MAP": null, "__source_file": "revenu.shp" }, "geometry": { "type": "Polygon", "coordinates": [ [ [ 74.280553113358224, 31.453744728962871 ], [ 74.280412786217113, 31.453743917188074 ], [ 74.280413730827746, 31.453804555700565 ], [ 74.280553581358276, 31.453805358482416 ], [ 74.280553113358224, 31.453744728962871 ] ] ] } },
{ "type": "Feature", "properties": { "OBJECTID": 162892, "SHAPE_Leng": 45.115297919600003, "SHAPE_Area": 115.263223079, "Town": "Allama Iqbal Town", "UC_N0": "UC_120", "Landuse": "R", "KA": null, "Name": null, "Plot_No": "173", "Block": "A", "Plot_Size": "5M", "Road_Width": null, "Classifica": null, "Category": null, "MAP": null, "__source_file": "revenu.shp" }, "geometry": { "type": "Polygon", "coordinates": [ [ [ 74.280028677450943, 31.454023355984212 ], [ 74.279873541293711, 31.454024509323467 ], [ 74.279874642412551, 31.454093534002904 ], [ 74.280029585212404, 31.454095521127623 ], [ 74.280028677450943, 31.454023355984212 ] ] ] } },
{ "type": "Feature", "properties": { "OBJECTID": 162893, "SHAPE_Leng": 44.260606889199998, "SHAPE_Area": 114.842810564, "Town": "Allama Iqbal Town", "UC_N0": "UC_120", "Landuse": "R", "KA": null, "Name": null, "Plot_No": "198", "Block": "A", "Plot_Size": "5M", "Road_Width": null, "Classifica": null, "Category": null, "MAP": null, "__source_file": "revenu.shp" }, "geometry": { "type": "Polygon", "coordinates": [ [ [ 74.280183341019296, 31.454022206116569 ], [ 74.280028677450943, 31.454023355984212 ], [ 74.280029585212404, 31.454095521127623 ], [ 74.280070031017516, 31.454096039897575 ], [ 74.280089194567196, 31.454096716918485 ], [ 74.280137290819766, 31.454093381954355 ], [ 74.280183951060621, 31.454082947404704 ], [ 74.280183341019296, 31.454022206116569 ] ] ] } },
{ "type": "Feature", "properties": { "OBJECTID": 162894, "SHAPE_Leng": 44.602199074300003, "SHAPE_Area": 111.346753683, "Town": "Allama Iqbal Town", "UC_N0": "UC_120", "Landuse": "R", "KA": null, "Name": null, "Plot_No": "174", "Block": "A", "Plot_Size": "5M", "Road_Width": null, "Classifica": null, "Category": null, "MAP": null, "__source_file": "revenu.shp" }, "geometry": { "type": "Polygon", "coordinates": [ [ [ 74.280028677450943, 31.454023355984212 ], [ 74.280027833245938, 31.45395622832547 ], [ 74.279872439385315, 31.453955450354279 ], [ 74.279873541293711, 31.454024509323467 ], [ 74.280028677450943, 31.454023355984212 ] ] ] } },
{ "type": "Feature", "properties": { "OBJECTID": 162895, "SHAPE_Leng": 44.078057368099998, "SHAPE_Area": 107.840617674, "Town": "Allama Iqbal Town", "UC_N0": "UC_120", "Landuse": "R", "KA": null, "Name": null, "Plot_No": "197", "Block": "A", "Plot_Size": "5M", "Road_Width": null, "Classifica": null, "Category": null, "MAP": null, "__source_file": "revenu.shp" }, "geometry": { "type": "Polygon", "coordinates": [ [ [ 74.280183341019296, 31.454022206116569 ], [ 74.280182686164878, 31.453957003067984 ], [ 74.280027833245938, 31.45395622832547 ], [ 74.280028677450943, 31.454023355984212 ], [ 74.280183341019296, 31.454022206116569 ] ] ] } },
{ "type": "Feature", "properties": { "OBJECTID": 162896, "SHAPE_Leng": 46.917392383, "SHAPE_Area": 128.26029113300001, "Town": "Allama Iqbal Town", "UC_N0": "UC_120", "Landuse": "R", "KA": null, "Name": null, "Plot_No": "175", "Block": "A", "Plot_Size": "5M", "Road_Width": null, "Classifica": null, "Category": null, "MAP": null, "__source_file": "revenu.shp" }, "geometry": { "type": "Polygon", "coordinates": [ [ [ 74.280027833245938, 31.45395622832547 ], [ 74.280026849599849, 31.453878023252514 ], [ 74.279871188069109, 31.453877031753237 ], [ 74.279872439385315, 31.453955450354279 ], [ 74.280027833245938, 31.45395622832547 ] ] ] } },
{ "type": "Feature", "properties": { "OBJECTID": 162897, "SHAPE_Leng": 46.760406656400001, "SHAPE_Area": 127.44043540600001, "Town": "Allama Iqbal Town", "UC_N0": "UC_120", "Landuse": "R", "KA": null, "Name": null, "Plot_No": "196", "Block": "A", "Plot_Size": "5M", "Road_Width": null, "Classifica": null, "Category": null, "MAP": null, "__source_file": "revenu.shp" }, "geometry": { "type": "Polygon", "coordinates": [ [ [ 74.280182686164878, 31.453957003067984 ], [ 74.280181902834741, 31.453879011143936 ], [ 74.280026849599849, 31.453878023252514 ], [ 74.280027833245938, 31.45395622832547 ], [ 74.280182686164878, 31.453957003067984 ] ] ] } },
{ "type": "Feature", "properties": { "OBJECTID": 162898, "SHAPE_Leng": 44.226148261299997, "SHAPE_Area": 108.22224775700001, "Town": "Allama Iqbal Town", "UC_N0": "UC_120", "Landuse": "R", "KA": null, "Name": null, "Plot_No": "176", "Block": "A", "Plot_Size": "5M", "Road_Width": null, "Classifica": null, "Category": null, "MAP": null, "__source_file": "revenu.shp" }, "geometry": { "type": "Polygon", "coordinates": [ [ [ 74.280026007572673, 31.453811023720629 ], [ 74.279870152589098, 31.453812083698033 ], [ 74.279871188069109, 31.453877031753237 ], [ 74.280026849599849, 31.453878023252514 ], [ 74.280026007572673, 31.453811023720629 ] ] ] } },
{ "type": "Feature", "properties": { "OBJECTID": 162899, "SHAPE_Leng": 44.559949939399999, "SHAPE_Area": 111.130038806, "Town": "Allama Iqbal Town", "UC_N0": "UC_120", "Landuse": "R", "KA": null, "Name": null, "Plot_No": "195", "Block": "A", "Plot_Size": "5M", "Road_Width": null, "Classifica": null, "Category": null, "MAP": null, "__source_file": "revenu.shp" }, "geometry": { "type": "Polygon", "coordinates": [ [ [ 74.280181209996911, 31.453809967103897 ], [ 74.280026007572673, 31.453811023720629 ], [ 74.280026849599849, 31.453878023252514 ], [ 74.280181902834741, 31.453879011143936 ], [ 74.280181209996911, 31.453809967103897 ] ] ] } },
{ "type": "Feature", "properties": { "OBJECTID": 162900, "SHAPE_Leng": 43.315391659699998, "SHAPE_Area": 101.32062498400001, "Town": "Allama Iqbal Town", "UC_N0": "UC_120", "Landuse": "R", "KA": null, "Name": null, "Plot_No": "177", "Block": "A", "Plot_Size": "5M", "Road_Width": null, "Classifica": null, "Category": null, "MAP": null, "__source_file": "revenu.shp" }, "geometry": { "type": "Polygon", "coordinates": [ [ [ 74.280026007572673, 31.453811023720629 ], [ 74.280025244456922, 31.453750356454474 ], [ 74.279869152494996, 31.453749388699688 ], [ 74.279870152589098, 31.453812083698033 ], [ 74.280026007572673, 31.453811023720629 ] ] ] } },
{ "type": "Feature", "properties": { "OBJECTID": 162901, "SHAPE_Leng": 42.736312016799999, "SHAPE_Area": 97.566089900600005, "Town": "Allama Iqbal Town", "UC_N0": "UC_120", "Landuse": "R", "KA": null, "Name": null, "Plot_No": "194", "Block": "A", "Plot_Size": "5M", "Road_Width": null, "Classifica": null, "Category": null, "MAP": null, "__source_file": "revenu.shp" }, "geometry": { "type": "Polygon", "coordinates": [ [ [ 74.280181209996911, 31.453809967103897 ], [ 74.280180620776306, 31.45375131999705 ], [ 74.280025244456922, 31.453750356454474 ], [ 74.280026007572673, 31.453811023720629 ], [ 74.280181209996911, 31.453809967103897 ] ] ] } },
{ "type": "Feature", "properties": { "OBJECTID": 162902, "SHAPE_Leng": 48.422227956, "SHAPE_Area": 139.01276569300001, "Town": "Allama Iqbal Town", "UC_N0": "UC_120", "Landuse": "R", "KA": null, "Name": null, "Plot_No": "178", "Block": "A", "Plot_Size": "5M", "Road_Width": null, "Classifica": null, "Category": null, "MAP": null, "__source_file": "revenu.shp" }, "geometry": { "type": "Polygon", "coordinates": [ [ [ 74.280024181700284, 31.45366584527601 ], [ 74.279867805440787, 31.453664912914057 ], [ 74.279869152494996, 31.453749388699688 ], [ 74.280025244456922, 31.453750356454474 ], [ 74.280024181700284, 31.45366584527601 ] ] ] } },
{ "type": "Feature", "properties": { "OBJECTID": 162903, "SHAPE_Leng": 48.286889760699999, "SHAPE_Area": 138.405387262, "Town": "Allama Iqbal Town", "UC_N0": "UC_120", "Landuse": "R", "KA": null, "Name": null, "Plot_No": "193", "Block": "A", "Plot_Size": "5M", "Road_Width": null, "Classifica": null, "Category": null, "MAP": null, "__source_file": "revenu.shp" }, "geometry": { "type": "Polygon", "coordinates": [ [ [ 74.280179771805308, 31.453666773028797 ], [ 74.280024181700284, 31.45366584527601 ], [ 74.280025244456922, 31.453750356454474 ], [ 74.280180620776306, 31.45375131999705 ], [ 74.280179771805308, 31.453666773028797 ] ] ] } },
{ "type": "Feature", "properties": { "OBJECTID": 162904, "SHAPE_Leng": 46.030793261600003, "SHAPE_Area": 121.097746489, "Town": "Allama Iqbal Town", "UC_N0": "UC_120", "Landuse": "R", "KA": null, "Name": null, "Plot_No": "179", "Block": "A", "Plot_Size": "5M", "Road_Width": null, "Classifica": null, "Category": null, "MAP": null, "__source_file": "revenu.shp" }, "geometry": { "type": "Polygon", "coordinates": [ [ [ 74.280023256984222, 31.45359231947555 ], [ 74.279866633854894, 31.453591480459327 ], [ 74.279867805440787, 31.453664912914057 ], [ 74.280024181700284, 31.45366584527601 ], [ 74.280023256984222, 31.45359231947555 ] ] ] } },
{ "type": "Feature", "properties": { "OBJECTID": 162905, "SHAPE_Leng": 45.895964519099998, "SHAPE_Area": 120.621890978, "Town": "Allama Iqbal Town", "UC_N0": "UC_120", "Landuse": "R", "KA": null, "Name": null, "Plot_No": "192", "Block": "A", "Plot_Size": "5M", "Road_Width": null, "Classifica": null, "Category": null, "MAP": null, "__source_file": "revenu.shp" }, "geometry": { "type": "Polygon", "coordinates": [ [ [ 74.280179032925687, 31.45359315263677 ], [ 74.280023256984222, 31.45359231947555 ], [ 74.280024181700284, 31.45366584527601 ], [ 74.280179771805308, 31.453666773028797 ], [ 74.280179032925687, 31.45359315263677 ] ] ] } },
{ "type": "Feature", "properties": { "OBJECTID": 162906, "SHAPE_Leng": 42.6863889762, "SHAPE_Area": 96.037846680300007, "Town": "Allama Iqbal Town", "UC_N0": "UC_120", "Landuse": "R", "KA": null, "Name": null, "Plot_No": "180", "Block": "A", "Plot_Size": "5M", "Road_Width": null, "Classifica": null, "Category": null, "MAP": null, "__source_file": "revenu.shp" }, "geometry": { "type": "Polygon", "coordinates": [ [ [ 74.280023256984222, 31.45359231947555 ], [ 74.280022532663921, 31.453534698340889 ], [ 74.279865696273362, 31.453532720418476 ], [ 74.279866633854894, 31.453591480459327 ], [ 74.280023256984222, 31.45359231947555 ] ] ] } },
{ "type": "Feature", "properties": { "OBJECTID": 162907, "SHAPE_Leng": 42.267772594699998, "SHAPE_Area": 93.638938674000002, "Town": "Allama Iqbal Town", "UC_N0": "UC_120", "Landuse": "R", "KA": null, "Name": null, "Plot_No": "191", "Block": "A", "Plot_Size": "5M", "Road_Width": null, "Classifica": null, "Category": null, "MAP": null, "__source_file": "revenu.shp" }, "geometry": { "type": "Polygon", "coordinates": [ [ [ 74.280179032925687, 31.45359315263677 ], [ 74.280178466126998, 31.45353666558341 ], [ 74.280022532663921, 31.453534698340889 ], [ 74.280023256984222, 31.45359231947555 ], [ 74.280179032925687, 31.45359315263677 ] ] ] } },
{ "type": "Feature", "properties": { "OBJECTID": 162908, "SHAPE_Leng": 45.415089088499997, "SHAPE_Area": 116.215602444, "Town": "Allama Iqbal Town", "UC_N0": "UC_120", "Landuse": "R", "KA": null, "Name": null, "Plot_No": "181", "Block": "A", "Plot_Size": "5M", "Road_Width": null, "Classifica": null, "Category": null, "MAP": null, "__source_file": "revenu.shp" }, "geometry": { "type": "Polygon", "coordinates": [ [ [ 74.280021636301683, 31.453463382250188 ], [ 74.279864590063184, 31.453463398872124 ], [ 74.279865696273362, 31.453532720418476 ], [ 74.280022532663921, 31.453534698340889 ], [ 74.280021636301683, 31.453463382250188 ] ] ] } },
{ "type": "Feature", "properties": { "OBJECTID": 162909, "SHAPE_Leng": 45.679345659200003, "SHAPE_Area": 118.799039675, "Town": "Allama Iqbal Town", "UC_N0": "UC_120", "Landuse": "R", "KA": null, "Name": null, "Plot_No": "190", "Block": "A", "Plot_Size": "5M", "Road_Width": null, "Classifica": null, "Category": null, "MAP": null, "__source_file": "revenu.shp" }, "geometry": { "type": "Polygon", "coordinates": [ [ [ 74.280177730060089, 31.453463365496006 ], [ 74.280021636301683, 31.453463382250188 ], [ 74.280022532663921, 31.453534698340889 ], [ 74.280178466126998, 31.45353666558341 ], [ 74.280177730060089, 31.453463365496006 ] ] ] } },
{ "type": "Feature", "properties": { "OBJECTID": 162910, "SHAPE_Leng": 45.775426754900003, "SHAPE_Area": 118.78024059800001, "Town": "Allama Iqbal Town", "UC_N0": "UC_120", "Landuse": "R", "KA": null, "Name": null, "Plot_No": "182", "Block": "A", "Plot_Size": "5M", "Road_Width": null, "Classifica": null, "Category": null, "MAP": null, "__source_file": "revenu.shp" }, "geometry": { "type": "Polygon", "coordinates": [ [ [ 74.280021636301683, 31.453463382250188 ], [ 74.280020729991705, 31.453391302819455 ], [ 74.279863450610918, 31.453391956906678 ], [ 74.279864590063184, 31.453463398872124 ], [ 74.280021636301683, 31.453463382250188 ] ] ] } },
{ "type": "Feature", "properties": { "OBJECTID": 162911, "SHAPE_Leng": 45.729424385800002, "SHAPE_Area": 119.08325011, "Town": "Allama Iqbal Town", "UC_N0": "UC_120", "Landuse": "R", "KA": null, "Name": null, "Plot_No": "189", "Block": "A", "Plot_Size": "5M", "Road_Width": null, "Classifica": null, "Category": null, "MAP": null, "__source_file": "revenu.shp" }, "geometry": { "type": "Polygon", "coordinates": [ [ [ 74.280177730060089, 31.453463365496006 ], [ 74.280177000025731, 31.453390652790947 ], [ 74.280020729991705, 31.453391302819455 ], [ 74.280021636301683, 31.453463382250188 ], [ 74.280177730060089, 31.453463365496006 ] ] ] } },
{ "type": "Feature", "properties": { "OBJECTID": 162912, "SHAPE_Leng": 45.090484126699998, "SHAPE_Area": 113.486754971, "Town": "Allama Iqbal Town", "UC_N0": "UC_120", "Landuse": "R", "KA": null, "Name": null, "Plot_No": "183", "Block": "A", "Plot_Size": "5M", "Road_Width": null, "Classifica": null, "Category": null, "MAP": null, "__source_file": "revenu.shp" }, "geometry": { "type": "Polygon", "coordinates": [ [ [ 74.280020729991705, 31.453391302819455 ], [ 74.280019879912473, 31.453323705061401 ], [ 74.279862345454347, 31.453322635364742 ], [ 74.279863450610918, 31.453391956906678 ], [ 74.280020729991705, 31.453391302819455 ] ] ] } },
{ "type": "Feature", "properties": { "OBJECTID": 162913, "SHAPE_Leng": 44.511045336199999, "SHAPE_Area": 109.906194204, "Town": "Allama Iqbal Town", "UC_N0": "UC_120", "Landuse": "R", "KA": null, "Name": null, "Plot_No": "188", "Block": "A", "Plot_Size": "5M", "Road_Width": null, "Classifica": null, "Category": null, "MAP": null, "__source_file": "revenu.shp" }, "geometry": { "type": "Polygon", "coordinates": [ [ [ 74.280177000025731, 31.453390652790947 ], [ 74.280176338810577, 31.453324767617335 ], [ 74.280019879912473, 31.453323705061401 ], [ 74.280020729991705, 31.453391302819455 ], [ 74.280177000025731, 31.453390652790947 ] ] ] } },
{ "type": "Feature", "properties": { "OBJECTID": 162914, "SHAPE_Leng": 44.352170239000003, "SHAPE_Area": 107.782560406, "Town": "Allama Iqbal Town", "UC_N0": "UC_120", "Landuse": "R", "KA": null, "Name": null, "Plot_No": "184", "Block": "A", "Plot_Size": "5M", "Road_Width": null, "Classifica": null, "Category": null, "MAP": null, "__source_file": "revenu.shp" }, "geometry": { "type": "Polygon", "coordinates": [ [ [ 74.280019062517241, 31.453258714017768 ], [ 74.279861310361554, 31.453257774822138 ], [ 74.279862345454347, 31.453322635364742 ], [ 74.280019879912473, 31.453323705061401 ], [ 74.280019062517241, 31.453258714017768 ] ] ] } },
{ "type": "Feature", "properties": { "OBJECTID": 162915, "SHAPE_Leng": 44.1711268894, "SHAPE_Area": 107.245486852, "Town": "Allama Iqbal Town", "UC_N0": "UC_120", "Landuse": "R", "KA": null, "Name": null, "Plot_No": "187", "Block": "A", "Plot_Size": "5M", "Road_Width": null, "Classifica": null, "Category": null, "MAP": null, "__source_file": "revenu.shp" }, "geometry": { "type": "Polygon", "coordinates": [ [ [ 74.280175685432937, 31.453259646672695 ], [ 74.280019062517241, 31.453258714017768 ], [ 74.280019879912473, 31.453323705061401 ], [ 74.280176338810577, 31.453324767617335 ], [ 74.280175685432937, 31.453259646672695 ] ] ] } },
{ "type": "Feature", "properties": { "OBJECTID": 162916, "SHAPE_Leng": 57.525484262, "SHAPE_Area": 206.46284186899999, "Town": "Allama Iqbal Town", "UC_N0": "UC_120", "Landuse": "R", "KA": null, "Name": null, "Plot_No": "164", "Block": "A", "Plot_Size": "5M", "Road_Width": null, "Classifica": null, "Category": null, "MAP": null, "__source_file": "revenu.shp" }, "geometry": { "type": "Polygon", "coordinates": [ [ [ 74.279773542288169, 31.453462803815047 ], [ 74.279628352617294, 31.453461854771181 ], [ 74.279629210232827, 31.453535815072581 ], [ 74.279774271419228, 31.453536853715701 ], [ 74.279773542288169, 31.453462803815047 ] ] ] } },
{ "type": "Feature", "properties": { "OBJECTID": 166275, "SHAPE_Leng": 85.3912742909, "SHAPE_Area": 420.56214396600001, "Town": "Allama Iqbal Town", "UC_N0": "UC_120", "Landuse": "R", "KA": null, "Name": null, "Plot_No": null, "Block": "A", "Plot_Size": "1K", "Road_Width": null, "Classifica": null, "Category": null, "MAP": null, "__source_file": "revenu.shp" }, "geometry": { "type": "Polygon", "coordinates": [ [ [ 74.285802973705103, 31.450820037778211 ], [ 74.285696462056976, 31.450722893816454 ], [ 74.285480199609268, 31.450880281969198 ], [ 74.285522068312972, 31.450921668803037 ], [ 74.285591173016243, 31.450989977513377 ], [ 74.285802973705103, 31.450820037778211 ] ] ] } },
{ "type": "Feature", "properties": { "OBJECTID": 166276, "SHAPE_Leng": 78.288872639600001, "SHAPE_Area": 332.00374386499999, "Town": "Allama Iqbal Town", "UC_N0": "UC_120", "Landuse": "R", "KA": null, "Name": null, "Plot_No": "412B", "Block": "A", "Plot_Size": "1K", "Road_Width": null, "Classifica": null, "Category": null, "MAP": null, "__source_file": "revenu.shp" }, "geometry": { "type": "Polygon", "coordinates": [ [ [ 74.285696462056976, 31.450722893816454 ], [ 74.285601387227345, 31.450636181046299 ], [ 74.285399596105677, 31.45080060685008 ], [ 74.285415961859982, 31.450816783959223 ], [ 74.285480199609268, 31.450880281969198 ], [ 74.285696462056976, 31.450722893816454 ] ] ] } },
{ "type": "Feature", "properties": { "OBJECTID": 166277, "SHAPE_Leng": 80.537334597799997, "SHAPE_Area": 375.77241021499998, "Town": "Allama Iqbal Town", "UC_N0": "UC_120", "Landuse": "R", "KA": null, "Name": null, "Plot_No": "412", "Block": "A", "Plot_Size": "1K", "Road_Width": null, "Classifica": null, "Category": null, "MAP": null, "__source_file": "revenu.shp" }, "geometry": { "type": "Polygon", "coordinates": [ [ [ 74.285495045318129, 31.450539191243507 ], [ 74.285391205825064, 31.450444484415172 ], [ 74.285374424632352, 31.450457531727853 ], [ 74.285194246964153, 31.450597622031157 ], [ 74.285297696518867, 31.450699880285388 ], [ 74.285495045318129, 31.450539191243507 ] ] ] } },
{ "type": "Feature", "properties": { "OBJECTID": 166278, "SHAPE_Leng": 91.180015295999993, "SHAPE_Area": 406.35252596100003, "Town": "Allama Iqbal Town", "UC_N0": "UC_120", "Landuse": "R", "KA": null, "Name": null, "Plot_No": null, "Block": "A", "Plot_Size": "1K", "Road_Width": null, "Classifica": null, "Category": null, "MAP": null, "__source_file": "revenu.shp" }, "geometry": { "type": "Polygon", "coordinates": [ [ [ 74.286013247367279, 31.45122679269242 ], [ 74.285926798936842, 31.451148223029261 ], [ 74.285880342383905, 31.451106000548148 ], [ 74.285819645607333, 31.451050834698233 ], [ 74.285759867653653, 31.450996504894384 ], [ 74.285671125008349, 31.451069008298028 ], [ 74.285699706477232, 31.451097261235791 ], [ 74.285883763396825, 31.451279196679035 ], [ 74.286013247367279, 31.45122679269242 ] ] ] } },
{ "type": "Feature", "properties": { "OBJECTID": 166279, "SHAPE_Leng": 61.863449021599997, "SHAPE_Area": 231.371530828, "Town": "Allama Iqbal Town", "UC_N0": "UC_120", "Landuse": "R", "KA": null, "Name": null, "Plot_No": null, "Block": "A", "Plot_Size": "1K", "Road_Width": null, "Classifica": null, "Category": null, "MAP": null, "__source_file": "revenu.shp" }, "geometry": { "type": "Polygon", "coordinates": [ [ [ 74.286058574348516, 31.451053155527987 ], [ 74.285926798936842, 31.451148223029261 ], [ 74.286013247367279, 31.45122679269242 ], [ 74.286176566330454, 31.451160768555255 ], [ 74.286058574348516, 31.451053155527987 ] ] ] } },
{ "type": "Feature", "properties": { "OBJECTID": 166280, "SHAPE_Leng": 46.419985767999997, "SHAPE_Area": 111.99414120900001, "Town": "Allama Iqbal Town", "UC_N0": "UC_120", "Landuse": "R", "KA": null, "Name": null, "Plot_No": null, "Block": "A", "Plot_Size": "1K", "Road_Width": null, "Classifica": null, "Category": null, "MAP": null, "__source_file": "revenu.shp" }, "geometry": { "type": "Polygon", "coordinates": [ [ [ 74.286058574348516, 31.451053155527987 ], [ 74.286006172692936, 31.451005362986976 ], [ 74.285880342383905, 31.451106000548148 ], [ 74.285926798936842, 31.451148223029261 ], [ 74.286058574348516, 31.451053155527987 ] ] ] } },
{ "type": "Feature", "properties": { "OBJECTID": 166281, "SHAPE_Leng": 48.385173786000003, "SHAPE_Area": 127.744131579, "Town": "Allama Iqbal Town", "UC_N0": "UC_120", "Landuse": "R", "KA": null, "Name": null, "Plot_No": null, "Block": "A", "Plot_Size": "1K", "Road_Width": null, "Classifica": null, "Category": null, "MAP": null, "__source_file": "revenu.shp" }, "geometry": { "type": "Polygon", "coordinates": [ [ [ 74.285937466871545, 31.450942700151572 ], [ 74.285884666061492, 31.450894544445152 ], [ 74.285759867653653, 31.450996504894384 ], [ 74.285819645607333, 31.451050834698233 ], [ 74.285937466871545, 31.450942700151572 ] ] ] } },
{ "type": "Feature", "properties": { "OBJECTID": 166282, "SHAPE_Leng": 76.313447742099996, "SHAPE_Area": 353.41940879600003, "Town": "Allama Iqbal Town", "UC_N0": "UC_120", "Landuse": "R", "KA": null, "Name": null, "Plot_No": null, "Block": "A", "Plot_Size": "1K", "Road_Width": null, "Classifica": null, "Category": null, "MAP": null, "__source_file": "revenu.shp" }, "geometry": { "type": "Polygon", "coordinates": [ [ [ 74.285765632760445, 31.451327062484637 ], [ 74.285611600104971, 31.451160791887897 ], [ 74.285476529114661, 31.45125818723006 ], [ 74.285606331582713, 31.451391683883429 ], [ 74.285765632760445, 31.451327062484637 ] ] ] } },
{ "type": "Feature", "properties": { "OBJECTID": 166283, "SHAPE_Leng": 73.581784980400002, "SHAPE_Area": 288.24282520600002, "Town": "Allama Iqbal Town", "UC_N0": "UC_120", "Landuse": "R", "KA": null, "Name": null, "Plot_No": null, "Block": "A", "Plot_Size": "1K", "Road_Width": null, "Classifica": null, "Category": null, "MAP": null, "__source_file": "revenu.shp" }, "geometry": { "type": "Polygon", "coordinates": [ [ [ 74.285883763396825, 31.451279196679035 ], [ 74.285699706477232, 31.451097261235791 ], [ 74.285611600104971, 31.451160791887897 ], [ 74.285765632760445, 31.451327062484637 ], [ 74.285883763396825, 31.451279196679035 ] ] ] } },
{ "type": "Feature", "properties": { "OBJECTID": 166284, "SHAPE_Leng": 82.725469835799998, "SHAPE_Area": 380.10400677000001, "Town": "Allama Iqbal Town", "UC_N0": "UC_120", "Landuse": "R", "KA": null, "Name": null, "Plot_No": "416", "Block": "A", "Plot_Size": "1K", "Road_Width": null, "Classifica": null, "Category": null, "MAP": null, "__source_file": "revenu.shp" }, "geometry": { "type": "Polygon", "coordinates": [ [ [ 74.285611600104971, 31.451160791887897 ], [ 74.285699706477232, 31.451097261235791 ], [ 74.285671125008349, 31.451069008298028 ], [ 74.285605979234305, 31.451004613918563 ], [ 74.285382344571588, 31.451161321996654 ], [ 74.285476529114661, 31.45125818723006 ], [ 74.285611600104971, 31.451160791887897 ] ] ] } },
{ "type": "Feature", "properties": { "OBJECTID": 166285, "SHAPE_Leng": 78.482048094199996, "SHAPE_Area": 325.54129397700001, "Town": "Allama Iqbal Town", "UC_N0": "UC_120", "Landuse": "R", "KA": null, "Name": null, "Plot_No": "415A", "Block": "A", "Plot_Size": "1K", "Road_Width": null, "Classifica": null, "Category": null, "MAP": null, "__source_file": "revenu.shp" }, "geometry": { "type": "Polygon", "coordinates": [ [ [ 74.285605979234305, 31.451004613918563 ], [ 74.285591173016243, 31.450989977513377 ], [ 74.285522068312972, 31.450921668803037 ], [ 74.285303771270776, 31.451080512317823 ], [ 74.285382344571588, 31.451161321996654 ], [ 74.285605979234305, 31.451004613918563 ] ] ] } },
{ "type": "Feature", "properties": { "OBJECTID": 166286, "SHAPE_Leng": 84.663019727800005, "SHAPE_Area": 413.24509134300001, "Town": "Allama Iqbal Town", "UC_N0": "UC_120", "Landuse": "R", "KA": null, "Name": null, "Plot_No": "415", "Block": "A", "Plot_Size": "1K", "Road_Width": null, "Classifica": null, "Category": null, "MAP": null, "__source_file": "revenu.shp" }, "geometry": { "type": "Polygon", "coordinates": [ [ [ 74.285522068312972, 31.450921668803037 ], [ 74.285480199609268, 31.450880281969198 ], [ 74.285415961859982, 31.450816783959223 ], [ 74.28520162545577, 31.45097545812698 ], [ 74.285303771270776, 31.451080512317823 ], [ 74.285522068312972, 31.450921668803037 ] ] ] } },
{ "type": "Feature", "properties": { "OBJECTID": 166287, "SHAPE_Leng": 80.411377765300003, "SHAPE_Area": 359.20769849099997, "Town": "Allama Iqbal Town", "UC_N0": "UC_120", "Landuse": "R", "KA": null, "Name": null, "Plot_No": "414", "Block": "A", "Plot_Size": "1K", "Road_Width": null, "Classifica": null, "Category": null, "MAP": null, "__source_file": "revenu.shp" }, "geometry": { "type": "Polygon", "coordinates": [ [ [ 74.285415961859982, 31.450816783959223 ], [ 74.285399596105677, 31.45080060685008 ], [ 74.285320106280864, 31.450722032295857 ], [ 74.285114503963186, 31.450885856244724 ], [ 74.28520162545577, 31.45097545812698 ], [ 74.285415961859982, 31.450816783959223 ] ] ] } },
{ "type": "Feature", "properties": { "OBJECTID": 166288, "SHAPE_Leng": 69.829654316399996, "SHAPE_Area": 277.51439727600001, "Town": "Allama Iqbal Town", "UC_N0": "UC_120", "Landuse": "R", "KA": null, "Name": null, "Plot_No": "442", "Block": "A", "Plot_Size": "1K", "Road_Width": null, "Classifica": null, "Category": null, "MAP": null, "__source_file": "revenu.shp" }, "geometry": { "type": "Polygon", "coordinates": [ [ [ 74.283668925691615, 31.452020438397412 ], [ 74.28350030159794, 31.451874872804854 ], [ 74.28341158071639, 31.451956346472414 ], [ 74.283580668091702, 31.452099673640326 ], [ 74.283668925691615, 31.452020438397412 ] ] ] } },
{ "type": "Feature", "properties": { "OBJECTID": 166289, "SHAPE_Leng": 110.12058636499999, "SHAPE_Area": 481.86013748900001, "Town": "Allama Iqbal Town", "UC_N0": "UC_120", "Landuse": "R", "KA": null, "Name": null, "Plot_No": "441", "Block": "A", "Plot_Size": "1K", "Road_Width": null, "Classifica": null, "Category": null, "MAP": null, "__source_file": "revenu.shp" }, "geometry": { "type": "Polygon", "coordinates": [ [ [ 74.283756069693283, 31.451951984507268 ], [ 74.283612189645183, 31.451829248708592 ], [ 74.283610916621953, 31.451826839860999 ], [ 74.283594854250225, 31.45179128529454 ], [ 74.283594331138517, 31.451789908277352 ], [ 74.283593944300705, 31.45178887937973 ], [ 74.28350030159794, 31.451874872804854 ], [ 74.283668925691615, 31.452020438397412 ], [ 74.283756069693283, 31.451951984507268 ] ] ] } },
{ "type": "Feature", "properties": { "OBJECTID": 166290, "SHAPE_Leng": 64.853153858200002, "SHAPE_Area": 245.34438381699999, "Town": "Allama Iqbal Town", "UC_N0": "UC_120", "Landuse": "R", "KA": null, "Name": null, "Plot_No": "455", "Block": "A", "Plot_Size": "1K", "Road_Width": null, "Classifica": null, "Category": null, "MAP": null, "__source_file": "revenu.shp" }, "geometry": { "type": "Polygon", "coordinates": [ [ [ 74.28381806475987, 31.452149182875733 ], [ 74.283668925691615, 31.452020438397412 ], [ 74.283580668091702, 31.452099673640326 ], [ 74.283734978016568, 31.452230473537366 ], [ 74.28381806475987, 31.452149182875733 ] ] ] } },
{ "type": "Feature", "properties": { "OBJECTID": 166291, "SHAPE_Leng": 63.561395480800002, "SHAPE_Area": 215.820196573, "Town": "Allama Iqbal Town", "UC_N0": "UC_120", "Landuse": "R", "KA": null, "Name": null, "Plot_No": "448", "Block": "A", "Plot_Size": "1K", "Road_Width": null, "Classifica": null, "Category": null, "MAP": null, "__source_file": "revenu.shp" }, "geometry": { "type": "Polygon", "coordinates": [ [ [ 74.283200463361382, 31.452441006077599 ], [ 74.283035515255662, 31.452301688524312 ], [ 74.282962603655974, 31.452368643313534 ], [ 74.283131269034527, 31.452503125981309 ], [ 74.283200463361382, 31.452441006077599 ] ] ] } },
{ "type": "Feature", "properties": { "OBJECTID": 166292, "SHAPE_Leng": 60.385729542500002, "SHAPE_Area": 193.383952714, "Town": "Allama Iqbal Town", "UC_N0": "UC_120", "Landuse": "R", "KA": null, "Name": null, "Plot_No": "449", "Block": "A", "Plot_Size": "1K", "Road_Width": null, "Classifica": null, "Category": null, "MAP": null, "__source_file": "revenu.shp" }, "geometry": { "type": "Polygon", "coordinates": [ [ [ 74.283360787725556, 31.452576417073224 ], [ 74.283200463361382, 31.452441006077599 ], [ 74.283131269034527, 31.452503125981309 ], [ 74.283289416283523, 31.45262922111964 ], [ 74.283327585557558, 31.452601609127683 ], [ 74.283360787725556, 31.452576417073224 ] ] ] } },
{ "type": "Feature", "properties": { "OBJECTID": 166293, "SHAPE_Leng": 65.712048280700003, "SHAPE_Area": 238.07922195, "Town": "Allama Iqbal Town", "UC_N0": "UC_120", "Landuse": "R", "KA": null, "Name": null, "Plot_No": "447", "Block": "A", "Plot_Size": "1K", "Road_Width": null, "Classifica": null, "Category": null, "MAP": null, "__source_file": "revenu.shp" }, "geometry": { "type": "Polygon", "coordinates": [ [ [ 74.283279098460895, 31.452370411117737 ], [ 74.283112846398737, 31.452230674950705 ], [ 74.283035515255662, 31.452301688524312 ], [ 74.283200463361382, 31.452441006077599 ], [ 74.283279098460895, 31.452370411117737 ] ] ] } },
{ "type": "Feature", "properties": { "OBJECTID": 166294, "SHAPE_Leng": 64.947216975800004, "SHAPE_Area": 234.829052588, "Town": "Allama Iqbal Town", "UC_N0": "UC_120", "Landuse": "R", "KA": null, "Name": null, "Plot_No": "450", "Block": "A", "Plot_Size": "1K", "Road_Width": null, "Classifica": null, "Category": null, "MAP": null, "__source_file": "revenu.shp" }, "geometry": { "type": "Polygon", "coordinates": [ [ [ 74.283443423672594, 31.452508526718656 ], [ 74.283279098460895, 31.452370411117737 ], [ 74.283200463361382, 31.452441006077599 ], [ 74.283360787725556, 31.452576417073224 ], [ 74.283423780697163, 31.452525380489412 ], [ 74.283443423672594, 31.452508526718656 ] ] ] } },
{ "type": "Feature", "properties": { "OBJECTID": 166295, "SHAPE_Leng": 66.352995546200006, "SHAPE_Area": 243.685710839, "Town": "Allama Iqbal Town", "UC_N0": "UC_120", "Landuse": "R", "KA": null, "Name": null, "Plot_No": "446", "Block": "A", "Plot_Size": "1K", "Road_Width": null, "Classifica": null, "Category": null, "MAP": null, "__source_file": "revenu.shp" }, "geometry": { "type": "Polygon", "coordinates": [ [ [ 74.283357595681082, 31.45229993984351 ], [ 74.283193084635599, 31.452156991669117 ], [ 74.283112846398737, 31.452230674950705 ], [ 74.283279098460895, 31.452370411117737 ], [ 74.283357595681082, 31.45229993984351 ] ] ] } },
{ "type": "Feature", "properties": { "OBJECTID": 166296, "SHAPE_Leng": 64.859359123700003, "SHAPE_Area": 231.61123075699999, "Town": "Allama Iqbal Town", "UC_N0": "UC_120", "Landuse": "R", "KA": null, "Name": null, "Plot_No": "451", "Block": "A", "Plot_Size": "1K", "Road_Width": null, "Classifica": null, "Category": null, "MAP": null, "__source_file": "revenu.shp" }, "geometry": { "type": "Polygon", "coordinates": [ [ [ 74.283518370455937, 31.452439641447846 ], [ 74.283357595681082, 31.45229993984351 ], [ 74.283279098460895, 31.452370411117737 ], [ 74.283443423672594, 31.452508526718656 ], [ 74.283513872789726, 31.452443995696321 ], [ 74.283518370455937, 31.452439641447846 ] ] ] } },
{ "type": "Feature", "properties": { "OBJECTID": 166297, "SHAPE_Leng": 65.473106264999998, "SHAPE_Area": 232.544002226, "Town": "Allama Iqbal Town", "UC_N0": "UC_120", "Landuse": "R", "KA": null, "Name": null, "Plot_No": "445", "Block": "A", "Plot_Size": "1K", "Road_Width": null, "Classifica": null, "Category": null, "MAP": null, "__source_file": "revenu.shp" }, "geometry": { "type": "Polygon", "coordinates": [ [ [ 74.283435619107905, 31.452229892621876 ], [ 74.283265758491368, 31.452090255556339 ], [ 74.283193084635599, 31.452156991669117 ], [ 74.283357595681082, 31.45229993984351 ], [ 74.283435619107905, 31.452229892621876 ] ] ] } },
{ "type": "Feature", "properties": { "OBJECTID": 166298, "SHAPE_Leng": 65.076726457800007, "SHAPE_Area": 236.57409691300001, "Town": "Allama Iqbal Town", "UC_N0": "UC_120", "Landuse": "V", "KA": null, "Name": null, "Plot_No": "452", "Block": "A", "Plot_Size": "1K", "Road_Width": null, "Classifica": null, "Category": null, "MAP": null, "__source_file": "revenu.shp" }, "geometry": { "type": "Polygon", "coordinates": [ [ [ 74.28359694768082, 31.452362514748277 ], [ 74.283435619107905, 31.452229892621876 ], [ 74.283357595681082, 31.45229993984351 ], [ 74.283518370455937, 31.452439641447846 ], [ 74.283566155543383, 31.452391470902644 ], [ 74.28359694768082, 31.452362514748277 ] ] ] } },
{ "type": "Feature", "properties": { "OBJECTID": 166299, "SHAPE_Leng": 66.837073919199995, "SHAPE_Area": 246.53912488700001, "Town": "Allama Iqbal Town", "UC_N0": "UC_120", "Landuse": "R", "KA": null, "Name": null, "Plot_No": "444", "Block": "A", "Plot_Size": "1K", "Road_Width": null, "Classifica": null, "Category": null, "MAP": null, "__source_file": "revenu.shp" }, "geometry": { "type": "Polygon", "coordinates": [ [ [ 74.283515774520055, 31.452157931925271 ], [ 74.283344484056528, 31.452017962162738 ], [ 74.283265758491368, 31.452090255556339 ], [ 74.283435619107905, 31.452229892621876 ], [ 74.283515774520055, 31.452157931925271 ] ] ] } },
{ "type": "Feature", "properties": { "OBJECTID": 166300, "SHAPE_Leng": 64.283440463100007, "SHAPE_Area": 233.136590066, "Town": "Allama Iqbal Town", "UC_N0": "UC_120", "Landuse": "R", "KA": null, "Name": null, "Plot_No": "453", "Block": "A", "Plot_Size": "1K", "Road_Width": null, "Classifica": null, "Category": null, "MAP": null, "__source_file": "revenu.shp" }, "geometry": { "type": "Polygon", "coordinates": [ [ [ 74.283675145837975, 31.452288161127509 ], [ 74.283515774520055, 31.452157931925271 ], [ 74.283435619107905, 31.452229892621876 ], [ 74.28359694768082, 31.452362514748277 ], [ 74.283675145837975, 31.452288161127509 ] ] ] } },
{ "type": "Feature", "properties": { "OBJECTID": 166301, "SHAPE_Leng": 63.350761749500002, "SHAPE_Area": 205.88209161699999, "Town": "Allama Iqbal Town", "UC_N0": "UC_120", "Landuse": "R", "KA": null, "Name": null, "Plot_No": "443", "Block": "A", "Plot_Size": "1K", "Road_Width": null, "Classifica": null, "Category": null, "MAP": null, "__source_file": "revenu.shp" }, "geometry": { "type": "Polygon", "coordinates": [ [ [ 74.283580668091702, 31.452099673640326 ], [ 74.28341158071639, 31.451956346472414 ], [ 74.283344484056528, 31.452017962162738 ], [ 74.283515774520055, 31.452157931925271 ], [ 74.283580668091702, 31.452099673640326 ] ] ] } },
{ "type": "Feature", "properties": { "OBJECTID": 166302, "SHAPE_Leng": 59.024540840999997, "SHAPE_Area": 181.50650034700001, "Town": "Allama Iqbal Town", "UC_N0": "UC_120", "Landuse": "V", "KA": null, "Name": null, "Plot_No": "454", "Block": "A", "Plot_Size": "1K", "Road_Width": null, "Classifica": null, "Category": null, "MAP": null, "__source_file": "revenu.shp" }, "geometry": { "type": "Polygon", "coordinates": [ [ [ 74.283734978016568, 31.452230473537366 ], [ 74.283580668091702, 31.452099673640326 ], [ 74.283515774520055, 31.452157931925271 ], [ 74.283675145837975, 31.452288161127509 ], [ 74.283712954211097, 31.452251790888837 ], [ 74.283734978016568, 31.452230473537366 ] ] ] } },
{ "type": "Feature", "properties": { "OBJECTID": 171044, "SHAPE_Leng": 45.916098249100003, "SHAPE_Area": 121.193237862, "Town": "Allama Iqbal Town", "UC_N0": "UC_120", "Landuse": "R", "KA": null, "Name": null, "Plot_No": "274", "Block": "A", "Plot_Size": "5M", "Road_Width": null, "Classifica": null, "Category": null, "MAP": null, "__source_file": "revenu.shp" }, "geometry": { "type": "Polygon", "coordinates": [ [ [ 74.280246098778548, 31.452417976573582 ], [ 74.280247158008876, 31.45228482113863 ], [ 74.280159496896502, 31.452285652973703 ], [ 74.280160572821131, 31.452418278168498 ], [ 74.280246098778548, 31.452417976573582 ] ] ] } },
{ "type": "Feature", "properties": { "OBJECTID": 171046, "SHAPE_Leng": 45.559213943099998, "SHAPE_Area": 118.182576517, "Town": "Allama Iqbal Town", "UC_N0": "UC_120", "Landuse": "R", "KA": null, "Name": null, "Plot_No": "275", "Block": "A", "Plot_Size": "5M", "Road_Width": null, "Classifica": null, "Category": null, "MAP": null, "__source_file": "revenu.shp" }, "geometry": { "type": "Polygon", "coordinates": [ [ [ 74.280330825901359, 31.452417677650896 ], [ 74.280330671098753, 31.45228402819053 ], [ 74.280247158008876, 31.45228482113863 ], [ 74.280246098778548, 31.452417976573582 ], [ 74.280330825901359, 31.452417677650896 ] ] ] } },
{ "type": "Feature", "properties": { "OBJECTID": 171047, "SHAPE_Leng": 46.763628764300002, "SHAPE_Area": 121.474562429, "Town": "Allama Iqbal Town", "UC_N0": "UC_120", "Landuse": "C", "KA": null, "Name": null, "Plot_No": "298", "Block": "A", "Plot_Size": "5M", "Road_Width": null, "Classifica": null, "Category": null, "MAP": null, "__source_file": "revenu.shp" }, "geometry": { "type": "Polygon", "coordinates": [ [ [ 74.280412012812121, 31.452283256371299 ], [ 74.280413195470487, 31.452142734945138 ], [ 74.280330508548346, 31.452143270042434 ], [ 74.280330671098753, 31.45228402819053 ], [ 74.280412012812121, 31.452283256371299 ] ] ] } },
{ "type": "Feature", "properties": { "OBJECTID": 171048, "SHAPE_Leng": 45.018257601099997, "SHAPE_Area": 113.79476023700001, "Town": "Allama Iqbal Town", "UC_N0": "UC_120", "Landuse": "R", "KA": null, "Name": null, "Plot_No": "276", "Block": "A", "Plot_Size": "5M", "Road_Width": null, "Classifica": null, "Category": null, "MAP": null, "__source_file": "revenu.shp" }, "geometry": { "type": "Polygon", "coordinates": [ [ [ 74.28041088314562, 31.452417395743055 ], [ 74.280412012812121, 31.452283256371299 ], [ 74.280330671098753, 31.45228402819053 ], [ 74.280330825901359, 31.452417677650896 ], [ 74.28041088314562, 31.452417395743055 ] ] ] } },
{ "type": "Feature", "properties": { "OBJECTID": 171049, "SHAPE_Leng": 45.326611310600001, "SHAPE_Area": 110.486496528, "Town": "Allama Iqbal Town", "UC_N0": "UC_120", "Landuse": "C", "KA": null, "Name": null, "Plot_No": "297", "Block": "A", "Plot_Size": "5M", "Road_Width": null, "Classifica": null, "Category": null, "MAP": null, "__source_file": "revenu.shp" }, "geometry": { "type": "Polygon", "coordinates": [ [ [ 74.280486785678178, 31.452282546844749 ], [ 74.280487865455868, 31.452142252199938 ], [ 74.280413195470487, 31.452142734945138 ], [ 74.280412012812121, 31.452283256371299 ], [ 74.280486785678178, 31.452282546844749 ] ] ] } },
{ "type": "Feature", "properties": { "OBJECTID": 171050, "SHAPE_Leng": 44.0048113864, "SHAPE_Area": 105.868980748, "Town": "Allama Iqbal Town", "UC_N0": "UC_120", "Landuse": "R", "KA": null, "Name": null, "Plot_No": "277", "Block": "A", "Plot_Size": "5M", "Road_Width": null, "Classifica": null, "Category": null, "MAP": null, "__source_file": "revenu.shp" }, "geometry": { "type": "Polygon", "coordinates": [ [ [ 74.28048574954019, 31.452417131541171 ], [ 74.280486785678178, 31.452282546844749 ], [ 74.280412012812121, 31.452283256371299 ], [ 74.28041088314562, 31.452417395743055 ], [ 74.28048574954019, 31.452417131541171 ] ] ] } },
{ "type": "Feature", "properties": { "OBJECTID": 171051, "SHAPE_Leng": 46.516876236199998, "SHAPE_Area": 119.91677590800001, "Town": "Allama Iqbal Town", "UC_N0": "UC_120", "Landuse": "C", "KA": null, "Name": null, "Plot_No": "296", "Block": "A", "Plot_Size": "5M", "Road_Width": null, "Classifica": null, "Category": null, "MAP": null, "__source_file": "revenu.shp" }, "geometry": { "type": "Polygon", "coordinates": [ [ [ 74.280566922244091, 31.452281786201652 ], [ 74.280570199787121, 31.452141719531696 ], [ 74.280487865455868, 31.452142252199938 ], [ 74.280486785678178, 31.452282546844749 ], [ 74.280566922244091, 31.452281786201652 ] ] ] } },
{ "type": "Feature", "properties": { "OBJECTID": 171052, "SHAPE_Leng": 44.9190712949, "SHAPE_Area": 112.270592467, "Town": "Allama Iqbal Town", "UC_N0": "UC_120", "Landuse": "R", "KA": null, "Name": null, "Plot_No": "278", "Block": "A", "Plot_Size": "5M", "Road_Width": null, "Classifica": null, "Category": null, "MAP": null, "__source_file": "revenu.shp" }, "geometry": { "type": "Polygon", "coordinates": [ [ [ 74.280563760760373, 31.452416856088607 ], [ 74.280566922244091, 31.452281786201652 ], [ 74.280486785678178, 31.452282546844749 ], [ 74.28048574954019, 31.452417131541171 ], [ 74.280563760760373, 31.452416856088607 ] ] ] } },
{ "type": "Feature", "properties": { "OBJECTID": 171053, "SHAPE_Leng": 44.675592445, "SHAPE_Area": 105.771202081, "Town": "Allama Iqbal Town", "UC_N0": "UC_120", "Landuse": "C", "KA": null, "Name": null, "Plot_No": "295", "Block": "A", "Plot_Size": "5M", "Road_Width": null, "Classifica": null, "Category": null, "MAP": null, "__source_file": "revenu.shp" }, "geometry": { "type": "Polygon", "coordinates": [ [ [ 74.280638078616462, 31.452281110406762 ], [ 74.280642585840397, 31.452141250934506 ], [ 74.280570199787121, 31.452141719531696 ], [ 74.280566922244091, 31.452281786201652 ], [ 74.280638078616462, 31.452281110406762 ] ] ] } },
{ "type": "Feature", "properties": { "OBJECTID": 171054, "SHAPE_Leng": 43.406531680299999, "SHAPE_Area": 100.504473718, "Town": "Allama Iqbal Town", "UC_N0": "UC_120", "Landuse": "R", "KA": null, "Name": null, "Plot_No": "279", "Block": "A", "Plot_Size": "5M", "Road_Width": null, "Classifica": null, "Category": null, "MAP": null, "__source_file": "revenu.shp" }, "geometry": { "type": "Polygon", "coordinates": [ [ [ 74.280633710998657, 31.452416609297654 ], [ 74.280638078616462, 31.452281110406762 ], [ 74.280566922244091, 31.452281786201652 ], [ 74.280563760760373, 31.452416856088607 ], [ 74.280633710998657, 31.452416609297654 ] ] ] } },
{ "type": "Feature", "properties": { "OBJECTID": 171055, "SHAPE_Leng": 44.783984003500002, "SHAPE_Area": 106.786933426, "Town": "Allama Iqbal Town", "UC_N0": "UC_120", "Landuse": "C", "KA": null, "Name": null, "Plot_No": "294", "Block": "A", "Plot_Size": "5M", "Road_Width": null, "Classifica": null, "Category": null, "MAP": null, "__source_file": "revenu.shp" }, "geometry": { "type": "Polygon", "coordinates": [ [ [ 74.280710594860466, 31.452280421457868 ], [ 74.280715217125575, 31.452140780966847 ], [ 74.280642585840397, 31.452141250934506 ], [ 74.280638078616462, 31.452281110406762 ], [ 74.280710594860466, 31.452280421457868 ] ] ] } },
{ "type": "Feature", "properties": { "OBJECTID": 171056, "SHAPE_Leng": 43.865685753699999, "SHAPE_Area": 103.532659068, "Town": "Allama Iqbal Town", "UC_N0": "UC_120", "Landuse": "R", "KA": null, "Name": null, "Plot_No": "280", "Block": "A", "Plot_Size": "5M", "Road_Width": null, "Classifica": null, "Category": null, "MAP": null, "__source_file": "revenu.shp" }, "geometry": { "type": "Polygon", "coordinates": [ [ [ 74.280706095636745, 31.452416353584042 ], [ 74.280710594860466, 31.452280421457868 ], [ 74.280638078616462, 31.452281110406762 ], [ 74.280633710998657, 31.452416609297654 ], [ 74.280706095636745, 31.452416353584042 ] ] ] } },
{ "type": "Feature", "properties": { "OBJECTID": 171057, "SHAPE_Leng": 49.8976558098, "SHAPE_Area": 146.554529573, "Town": "Allama Iqbal Town", "UC_N0": "UC_120", "Landuse": "C", "KA": null, "Name": null, "Plot_No": "293", "Block": "A", "Plot_Size": "5M", "Road_Width": null, "Classifica": null, "Category": null, "MAP": null, "__source_file": "revenu.shp" }, "geometry": { "type": "Polygon", "coordinates": [ [ [ 74.280810466388417, 31.452279472851188 ], [ 74.280814918849458, 31.452140135451991 ], [ 74.280715217125575, 31.452140780966847 ], [ 74.280710594860466, 31.452280421457868 ], [ 74.280810466388417, 31.452279472851188 ] ] ] } },
{ "type": "Feature", "properties": { "OBJECTID": 171058, "SHAPE_Leng": 49.203887360300001, "SHAPE_Area": 143.35722230600001, "Town": "Allama Iqbal Town", "UC_N0": "UC_120", "Landuse": "R", "KA": null, "Name": null, "Plot_No": "281", "Block": "A", "Plot_Size": "5M", "Road_Width": null, "Classifica": null, "Category": null, "MAP": null, "__source_file": "revenu.shp" }, "geometry": { "type": "Polygon", "coordinates": [ [ [ 74.280806103782439, 31.452416001218765 ], [ 74.280810466388417, 31.452279472851188 ], [ 74.280710594860466, 31.452280421457868 ], [ 74.280706095636745, 31.452416353584042 ], [ 74.280806103782439, 31.452416001218765 ] ] ] } },
{ "type": "Feature", "properties": { "OBJECTID": 171059, "SHAPE_Leng": 44.725202033099997, "SHAPE_Area": 106.86723116500001, "Town": "Allama Iqbal Town", "UC_N0": "UC_120", "Landuse": "C", "KA": null, "Name": null, "Plot_No": "292", "Block": "A", "Plot_Size": "5M", "Road_Width": null, "Classifica": null, "Category": null, "MAP": null, "__source_file": "revenu.shp" }, "geometry": { "type": "Polygon", "coordinates": [ [ [ 74.280884101467436, 31.45227877384621 ], [ 74.280887084929176, 31.452139668188089 ], [ 74.280814918849458, 31.452140135451991 ], [ 74.280810466388417, 31.452279472851188 ], [ 74.280884101467436, 31.45227877384621 ] ] ] } },
{ "type": "Feature", "properties": { "OBJECTID": 171060, "SHAPE_Leng": 44.450941854699998, "SHAPE_Area": 107.054102258, "Town": "Allama Iqbal Town", "UC_N0": "UC_120", "Landuse": "R", "KA": null, "Name": null, "Plot_No": "282", "Block": "A", "Plot_Size": "5M", "Road_Width": null, "Classifica": null, "Category": null, "MAP": null, "__source_file": "revenu.shp" }, "geometry": { "type": "Polygon", "coordinates": [ [ [ 74.280881163836966, 31.452415736068644 ], [ 74.280884101467436, 31.45227877384621 ], [ 74.280810466388417, 31.452279472851188 ], [ 74.280806103782439, 31.452416001218765 ], [ 74.280881163836966, 31.452415736068644 ] ] ] } },
{ "type": "Feature", "properties": { "OBJECTID": 171061, "SHAPE_Leng": 46.7666037977, "SHAPE_Area": 123.01008279, "Town": "Allama Iqbal Town", "UC_N0": "UC_120", "Landuse": "C", "KA": null, "Name": null, "Plot_No": "289", "Block": "A", "Plot_Size": "5M", "Road_Width": null, "Classifica": null, "Category": null, "MAP": null, "__source_file": "revenu.shp" }, "geometry": { "type": "Polygon", "coordinates": [ [ [ 74.281052633806112, 31.452277173865376 ], [ 74.281057070848533, 31.452138568073405 ], [ 74.280972381013328, 31.452139115800613 ], [ 74.280968900744455, 31.452277968756231 ], [ 74.281052633806112, 31.452277173865376 ] ] ] } },
{ "type": "Feature", "properties": { "OBJECTID": 171062, "SHAPE_Leng": 46.3597226527, "SHAPE_Area": 120.723306149, "Town": "Allama Iqbal Town", "UC_N0": "UC_120", "Landuse": "R", "KA": null, "Name": null, "Plot_No": "284", "Block": "A", "Plot_Size": "5M", "Road_Width": null, "Classifica": null, "Category": null, "MAP": null, "__source_file": "revenu.shp" }, "geometry": { "type": "Polygon", "coordinates": [ [ [ 74.281048216317686, 31.452415146400966 ], [ 74.281052633806112, 31.452277173865376 ], [ 74.280968900744455, 31.452277968756231 ], [ 74.280965454179267, 31.452415438784875 ], [ 74.281048216317686, 31.452415146400966 ] ] ] } },
{ "type": "Feature", "properties": { "OBJECTID": 171063, "SHAPE_Leng": 48.057830954400004, "SHAPE_Area": 137.651369816, "Town": "Allama Iqbal Town", "UC_N0": "UC_120", "Landuse": "R", "KA": null, "Name": null, "Plot_No": "316", "Block": "A", "Plot_Size": "5M", "Road_Width": null, "Classifica": null, "Category": null, "MAP": null, "__source_file": "revenu.shp" }, "geometry": { "type": "Polygon", "coordinates": [ [ [ 74.280216309941281, 31.451836407891982 ], [ 74.280063578636444, 31.451835455710714 ], [ 74.280064365500962, 31.451886465973619 ], [ 74.280064721699986, 31.451909560757603 ], [ 74.280216258967371, 31.45191073873519 ], [ 74.280216274430188, 31.451888484506185 ], [ 74.280216309941281, 31.451836407891982 ] ] ] } },
{ "type": "Feature", "properties": { "OBJECTID": 171068, "SHAPE_Leng": 63.035059780099999, "SHAPE_Area": 247.43314746900001, "Town": "Allama Iqbal Town", "UC_N0": "UC_120", "Landuse": "R", "KA": null, "Name": null, "Plot_No": "310", "Block": "A", "Plot_Size": "5M", "Road_Width": null, "Classifica": null, "Category": null, "MAP": null, "__source_file": "revenu.shp" }, "geometry": { "type": "Polygon", "coordinates": [ [ [ 74.28053145053309, 31.45206470287302 ], [ 74.28054456648583, 31.45191462681667 ], [ 74.280454672178564, 31.451913562464451 ], [ 74.280453494906823, 31.452064815909608 ], [ 74.28053145053309, 31.45206470287302 ] ] ] } },
{ "type": "Feature", "properties": { "OBJECTID": 171069, "SHAPE_Leng": 57.079390289499997, "SHAPE_Area": 174.291523216, "Town": "Allama Iqbal Town", "UC_N0": "UC_120", "Landuse": "C", "KA": null, "Name": null, "Plot_No": "319", "Block": "A", "Plot_Size": "10M", "Road_Width": null, "Classifica": null, "Category": null, "MAP": null, "__source_file": "revenu.shp" }, "geometry": { "type": "Polygon", "coordinates": [ [ [ 74.28031126655921, 31.451733342732435 ], [ 74.280216380751583, 31.451734056425231 ], [ 74.280216321622859, 31.451819276789628 ], [ 74.280216274430188, 31.451888484506153 ], [ 74.280216258967371, 31.45191073873519 ], [ 74.280284812550121, 31.451911550714151 ], [ 74.28030775284617, 31.451911822167066 ], [ 74.28031126655921, 31.451733342732435 ] ] ] } },
{ "type": "Feature", "properties": { "OBJECTID": 171070, "SHAPE_Leng": 62.330966223200001, "SHAPE_Area": 224.05732431000001, "Town": "Allama Iqbal Town", "UC_N0": "UC_120", "Landuse": "C", "KA": null, "Name": null, "Plot_No": "320", "Block": "A", "Plot_Size": "10M", "Road_Width": null, "Classifica": null, "Category": null, "MAP": null, "__source_file": "revenu.shp" }, "geometry": { "type": "Polygon", "coordinates": [ [ [ 74.280428577130081, 31.451732459924042 ], [ 74.28031126655921, 31.451733342732435 ], [ 74.28030775284617, 31.451911822167066 ], [ 74.28035220643919, 31.451912348922853 ], [ 74.280427305677506, 31.45191323820266 ], [ 74.280428577130081, 31.451732459924042 ] ] ] } },
{ "type": "Feature", "properties": { "OBJECTID": 171071, "SHAPE_Leng": 62.624607256200001, "SHAPE_Area": 224.781694961, "Town": "Allama Iqbal Town", "UC_N0": "UC_120", "Landuse": "C", "KA": null, "Name": null, "Plot_No": "321", "Block": "A", "Plot_Size": "10M", "Road_Width": null, "Classifica": null, "Category": null, "MAP": null, "__source_file": "revenu.shp" }, "geometry": { "type": "Polygon", "coordinates": [ [ [ 74.280545963480918, 31.4517315765316 ], [ 74.280428577130081, 31.451732459924042 ], [ 74.280427305677506, 31.45191323820266 ], [ 74.280454672178578, 31.451913562464433 ], [ 74.28054456648583, 31.45191462681667 ], [ 74.280545963480918, 31.4517315765316 ] ] ] } },
{ "type": "Feature", "properties": { "OBJECTID": 171072, "SHAPE_Leng": 62.353065277699997, "SHAPE_Area": 219.714440663, "Town": "Allama Iqbal Town", "UC_N0": "UC_120", "Landuse": "C", "KA": null, "Name": null, "Plot_No": "322", "Block": "A", "Plot_Size": "10M", "Road_Width": null, "Classifica": null, "Category": null, "MAP": null, "__source_file": "revenu.shp" }, "geometry": { "type": "Polygon", "coordinates": [ [ [ 74.280658129386453, 31.45173073228208 ], [ 74.280545963480918, 31.4517315765316 ], [ 74.28054456648583, 31.45191462681667 ], [ 74.280614401845767, 31.451915453939101 ], [ 74.280658976464139, 31.451915982170398 ], [ 74.280658129386453, 31.45173073228208 ] ] ] } },
{ "type": "Feature", "properties": { "OBJECTID": 171073, "SHAPE_Leng": 62.334798095799997, "SHAPE_Area": 217.138814704, "Town": "Allama Iqbal Town", "UC_N0": "UC_120", "Landuse": "C", "KA": null, "Name": null, "Plot_No": "323", "Block": "A", "Plot_Size": "10M", "Road_Width": null, "Classifica": null, "Category": null, "MAP": null, "__source_file": "revenu.shp" }, "geometry": { "type": "Polygon", "coordinates": [ [ [ 74.280770639462418, 31.451729885355803 ], [ 74.280658129386453, 31.45173073228208 ], [ 74.280658976464139, 31.451915982170398 ], [ 74.28069361474563, 31.451916392331665 ], [ 74.280767779499669, 31.451917270750556 ], [ 74.280770639462418, 31.451729885355803 ] ] ] } },
{ "type": "Feature", "properties": { "OBJECTID": 171074, "SHAPE_Leng": 73.738415696700002, "SHAPE_Area": 332.56674857000002, "Town": "Allama Iqbal Town", "UC_N0": "UC_120", "Landuse": "R", "KA": null, "Name": null, "Plot_No": "302", "Block": "A", "Plot_Size": "5M", "Road_Width": null, "Classifica": null, "Category": null, "MAP": null, "__source_file": "revenu.shp" }, "geometry": { "type": "Polygon", "coordinates": [ [ [ 74.281189756964849, 31.452063745359542 ], [ 74.281190815697315, 31.451922279376532 ], [ 74.281131157893228, 31.45192157339822 ], [ 74.281107613019728, 31.451921294683814 ], [ 74.281109529691747, 31.452063862133375 ], [ 74.281189756964849, 31.452063745359542 ] ] ] } },
{ "type": "Feature", "properties": { "OBJECTID": 171075, "SHAPE_Leng": 64.3140402059, "SHAPE_Area": 235.21087861399999, "Town": "Allama Iqbal Town", "UC_N0": "UC_120", "Landuse": "C", "KA": null, "Name": null, "Plot_No": "324", "Block": "A", "Plot_Size": "10M", "Road_Width": null, "Classifica": null, "Category": null, "MAP": null, "__source_file": "revenu.shp" }, "geometry": { "type": "Polygon", "coordinates": [ [ [ 74.280890484469126, 31.451728983875551 ], [ 74.280770639462418, 31.451729885355803 ], [ 74.280767779499669, 31.451917270750556 ], [ 74.280843930055781, 31.451918172005172 ], [ 74.280884846688693, 31.451918657063633 ], [ 74.280890484469126, 31.451728983875551 ] ] ] } },
{ "type": "Feature", "properties": { "OBJECTID": 171076, "SHAPE_Leng": 67.005153496299997, "SHAPE_Area": 260.99626691700001, "Town": "Allama Iqbal Town", "UC_N0": "UC_120", "Landuse": "C", "KA": null, "Name": null, "Plot_No": "325", "Block": "A", "Plot_Size": "10M", "Road_Width": null, "Classifica": null, "Category": null, "MAP": null, "__source_file": "revenu.shp" }, "geometry": { "type": "Polygon", "coordinates": [ [ [ 74.281020389361885, 31.451728006125453 ], [ 74.280890484469126, 31.451728983875551 ], [ 74.280884846688693, 31.451918657063633 ], [ 74.280928959333536, 31.451919178998374 ], [ 74.281014515841932, 31.451920192503611 ], [ 74.281020389361885, 31.451728006125453 ] ] ] } },
{ "type": "Feature", "properties": { "OBJECTID": 171077, "SHAPE_Leng": 65.098387970800005, "SHAPE_Area": 238.13951704799999, "Town": "Allama Iqbal Town", "UC_N0": "UC_120", "Landuse": "C", "KA": null, "Name": null, "Plot_No": "326", "Block": "A", "Plot_Size": "10M", "Road_Width": null, "Classifica": null, "Category": null, "MAP": null, "__source_file": "revenu.shp" }, "geometry": { "type": "Polygon", "coordinates": [ [ [ 74.28113766203937, 31.451727123356896 ], [ 74.281020389361885, 31.451728006125453 ], [ 74.281014515841932, 31.451920192503611 ], [ 74.28103629013448, 31.451920450063017 ], [ 74.281131157891608, 31.451921573498456 ], [ 74.28113766203937, 31.451727123356896 ] ] ] } },
{ "type": "Feature", "properties": { "OBJECTID": 171078, "SHAPE_Leng": 47.421255123199998, "SHAPE_Area": 113.379401441, "Town": "Allama Iqbal Town", "UC_N0": "UC_120", "Landuse": "R", "KA": null, "Name": null, "Plot_No": "313", "Block": "A", "Plot_Size": "5M", "Road_Width": null, "Classifica": null, "Category": null, "MAP": null, "__source_file": "revenu.shp" }, "geometry": { "type": "Polygon", "coordinates": [ [ [ 74.280287447655837, 31.452065056783084 ], [ 74.280284812550121, 31.451911550714151 ], [ 74.280216258967371, 31.45191073873519 ], [ 74.280216233511752, 31.451947237257986 ], [ 74.280216190614723, 31.452008588410106 ], [ 74.2802161516355, 31.452065160490637 ], [ 74.280287447655837, 31.452065056783084 ] ] ] } },
{ "type": "Feature", "properties": { "OBJECTID": 171918, "SHAPE_Leng": 94.368491624399994, "SHAPE_Area": 518.70174648099999, "Town": "Allama Iqbal Town", "UC_N0": "UC_120", "Landuse": "R", "KA": null, "Name": null, "Plot_No": "56", "Block": "A", "Plot_Size": "1K", "Road_Width": null, "Classifica": null, "Category": null, "MAP": null, "__source_file": "revenu.shp" }, "geometry": { "type": "Polygon", "coordinates": [ [ [ 74.278722702930821, 31.454666150256919 ], [ 74.278657810425244, 31.454588518172681 ], [ 74.27835879455381, 31.454700787582237 ], [ 74.278357962799191, 31.454701100479291 ], [ 74.27836306470725, 31.454711875637141 ], [ 74.278364427702442, 31.454714754199305 ], [ 74.278365439587091, 31.454716891860233 ], [ 74.278365922932181, 31.454717819365015 ], [ 74.278367057769202, 31.454720530632091 ], [ 74.278368190262199, 31.45472272400831 ], [ 74.278369121494777, 31.45472453641348 ], [ 74.278369141186687, 31.454724576222365 ], [ 74.278395966438126, 31.454767870897914 ], [ 74.278513631805026, 31.454860142184135 ], [ 74.278722629675158, 31.454666095710827 ], [ 74.278722702930821, 31.454666150256919 ] ] ] } },
{ "type": "Feature", "properties": { "OBJECTID": 173396, "SHAPE_Leng": 87.109394454899999, "SHAPE_Area": 410.41292689599999, "Town": "Allama Iqbal Town", "UC_N0": "UC_120", "Landuse": "R", "KA": null, "Name": null, "Plot_No": "138", "Block": "A", "Plot_Size": "1K", "Road_Width": null, "Classifica": null, "Category": null, "MAP": null, "__source_file": "revenu.shp" }, "geometry": { "type": "Polygon", "coordinates": [ [ [ 74.279023503424796, 31.453534787003232 ], [ 74.278879408263862, 31.453533494912023 ], [ 74.278877362822897, 31.453801157614105 ], [ 74.278895969948508, 31.453801369740443 ], [ 74.278918622742623, 31.453801860873135 ], [ 74.27902290082352, 31.453804122866906 ], [ 74.27902354830789, 31.453804136911817 ], [ 74.27902361307352, 31.453803650976585 ], [ 74.279023503424796, 31.453534787003232 ] ] ] } },
{ "type": "Feature", "properties": { "OBJECTID": 173397, "SHAPE_Leng": 89.680806031299994, "SHAPE_Area": 445.93038887300003, "Town": "Allama Iqbal Town", "UC_N0": "UC_120", "Landuse": "R", "KA": null, "Name": null, "Plot_No": "139", "Block": "A", "Plot_Size": "1K", "Road_Width": null, "Classifica": null, "Category": null, "MAP": null, "__source_file": "revenu.shp" }, "geometry": { "type": "Polygon", "coordinates": [ [ [ 74.279180407214994, 31.453537855323148 ], [ 74.279065088898548, 31.453535430695197 ], [ 74.279023503424796, 31.453534787003232 ], [ 74.27902361307352, 31.453803650976585 ], [ 74.27902354830789, 31.453804136911817 ], [ 74.279085753786688, 31.453805485822372 ], [ 74.279176177615639, 31.453808277384045 ], [ 74.279180513542329, 31.453808440324924 ], [ 74.279180407214994, 31.453537855323148 ] ] ] } },
{ "type": "Feature", "properties": { "OBJECTID": 173846, "SHAPE_Leng": 66.1007219384, "SHAPE_Area": 227.34619741899999, "Town": "Allama Iqbal Town", "UC_N0": "UC_120", "Landuse": "R", "KA": null, "Name": null, "Plot_No": "332A", "Block": "A", "Plot_Size": "1K", "Road_Width": null, "Classifica": null, "Category": null, "MAP": null, "__source_file": "revenu.shp" }, "geometry": { "type": "Polygon", "coordinates": [ [ [ 74.281012990011718, 31.45111934333152 ], [ 74.280767598946269, 31.451119968583782 ], [ 74.280767920540413, 31.451205565523065 ], [ 74.281012609596814, 31.451209933764559 ], [ 74.281012990011718, 31.45111934333152 ] ] ] } },
{ "type": "Feature", "properties": { "OBJECTID": 173847, "SHAPE_Leng": 65.139601537100006, "SHAPE_Area": 229.42104184300001, "Town": "Allama Iqbal Town", "UC_N0": "UC_120", "Landuse": "R", "KA": null, "Name": null, "Plot_No": "343A", "Block": "A", "Plot_Size": "1K", "Road_Width": null, "Classifica": null, "Category": null, "MAP": null, "__source_file": "revenu.shp" }, "geometry": { "type": "Polygon", "coordinates": [ [ [ 74.28124650825832, 31.451118747523669 ], [ 74.281012990011718, 31.45111934333152 ], [ 74.281012609596814, 31.451209933764559 ], [ 74.28124763962802, 31.451214129145946 ], [ 74.28124650825832, 31.451118747523669 ] ] ] } },
{ "type": "Feature", "properties": { "OBJECTID": 173848, "SHAPE_Leng": 64.514568968500001, "SHAPE_Area": 238.062554973, "Town": "Allama Iqbal Town", "UC_N0": "UC_120", "Landuse": "C", "KA": null, "Name": null, "Plot_No": "355", "Block": "A", "Plot_Size": "1K", "Road_Width": null, "Classifica": null, "Category": null, "MAP": null, "__source_file": "revenu.shp" }, "geometry": { "type": "Polygon", "coordinates": [ [ [ 74.281758936400095, 31.450902818486501 ], [ 74.281540103730237, 31.450901850142753 ], [ 74.281541435236505, 31.451004005004073 ], [ 74.281760775434449, 31.451007040488285 ], [ 74.281758936400095, 31.450902818486501 ] ] ] } },
{ "type": "Feature", "properties": { "OBJECTID": 173849, "SHAPE_Leng": 62.622324925900003, "SHAPE_Area": 242.91713740500001, "Town": "Allama Iqbal Town", "UC_N0": "UC_120", "Landuse": "E", "KA": null, "Name": "Sterling Foumdation School", "Plot_No": null, "Block": "A", "Plot_Size": "3.38K", "Road_Width": null, "Classifica": null, "Category": null, "MAP": null, "__source_file": "revenu.shp" }, "geometry": { "type": "Polygon", "coordinates": [ [ [ 74.281767788264773, 31.451404509735358 ], [ 74.281765949361557, 31.451300269696084 ], [ 74.281545325342023, 31.451302501429865 ], [ 74.281312799360506, 31.451304853665452 ], [ 74.281313504570562, 31.451407539124496 ], [ 74.281314225252686, 31.451512471212776 ], [ 74.28131510662314, 31.451640742996631 ], [ 74.281493129554988, 31.451638215858431 ], [ 74.281549690009626, 31.451637413464933 ], [ 74.281625087112332, 31.45163634317289 ], [ 74.281771842633546, 31.451634260107149 ], [ 74.281769590568274, 31.451506650086483 ], [ 74.281767788264773, 31.451404509735358 ] ] ] } },
{ "type": "Feature", "properties": { "OBJECTID": 173854, "SHAPE_Leng": 62.743706312199997, "SHAPE_Area": 218.367617473, "Town": "Allama Iqbal Town", "UC_N0": "UC_120", "Landuse": "C", "KA": null, "Name": null, "Plot_No": "358", "Block": "A", "Plot_Size": "1K", "Road_Width": null, "Classifica": null, "Category": null, "MAP": null, "__source_file": "revenu.shp" }, "geometry": { "type": "Polygon", "coordinates": [ [ [ 74.281765949361571, 31.451300269696073 ], [ 74.281764314432166, 31.451207642455518 ], [ 74.281544080811159, 31.451207014515617 ], [ 74.281545325342023, 31.451302501429865 ], [ 74.281765949361571, 31.451300269696073 ] ] ] } },
{ "type": "Feature", "properties": { "OBJECTID": 173855, "SHAPE_Leng": 65.638836991999995, "SHAPE_Area": 237.249544738, "Town": "Allama Iqbal Town", "UC_N0": "UC_120", "Landuse": "C", "KA": null, "Name": null, "Plot_No": "349", "Block": "A", "Plot_Size": "1K", "Road_Width": null, "Classifica": null, "Category": null, "MAP": null, "__source_file": "revenu.shp" }, "geometry": { "type": "Polygon", "coordinates": [ [ [ 74.281545325342023, 31.451302501429865 ], [ 74.281544080811159, 31.451207014515617 ], [ 74.281312122189206, 31.451206352888928 ], [ 74.281312799360506, 31.451304853665413 ], [ 74.281545325342023, 31.451302501429865 ] ] ] } },
{ "type": "Feature", "properties": { "OBJECTID": 173856, "SHAPE_Leng": 62.686036894499999, "SHAPE_Area": 218.13722682299999, "Town": "Allama Iqbal Town", "UC_N0": "UC_120", "Landuse": "C", "KA": null, "Name": null, "Plot_No": "357", "Block": "A", "Plot_Size": "1K", "Road_Width": null, "Classifica": null, "Category": null, "MAP": null, "__source_file": "revenu.shp" }, "geometry": { "type": "Polygon", "coordinates": [ [ [ 74.281764314432166, 31.451207642455518 ], [ 74.281762665002674, 31.451114157114802 ], [ 74.281542845781118, 31.451112213345482 ], [ 74.281544080811159, 31.451207014515617 ], [ 74.281764314432166, 31.451207642455518 ] ] ] } },
{ "type": "Feature", "properties": { "OBJECTID": 173857, "SHAPE_Leng": 65.197543344899998, "SHAPE_Area": 232.98486112800001, "Town": "Allama Iqbal Town", "UC_N0": "UC_120", "Landuse": "C", "KA": null, "Name": null, "Plot_No": "350", "Block": "A", "Plot_Size": "1K", "Road_Width": null, "Classifica": null, "Category": null, "MAP": null, "__source_file": "revenu.shp" }, "geometry": { "type": "Polygon", "coordinates": [ [ [ 74.281544080811159, 31.451207014515617 ], [ 74.281542845781118, 31.451112213345482 ], [ 74.281311461025894, 31.451110166412001 ], [ 74.281312122189206, 31.451206352888928 ], [ 74.281544080811159, 31.451207014515617 ] ] ] } },
{ "type": "Feature", "properties": { "OBJECTID": 173858, "SHAPE_Leng": 65.600977519500006, "SHAPE_Area": 248.93514267399999, "Town": "Allama Iqbal Town", "UC_N0": "UC_120", "Landuse": "C", "KA": null, "Name": null, "Plot_No": "356", "Block": "A", "Plot_Size": "1K", "Road_Width": null, "Classifica": null, "Category": null, "MAP": null, "__source_file": "revenu.shp" }, "geometry": { "type": "Polygon", "coordinates": [ [ [ 74.281760775434449, 31.451007040488285 ], [ 74.281541435236505, 31.451004005004073 ], [ 74.281542845781118, 31.451112213345482 ], [ 74.281762665002674, 31.451114157114802 ], [ 74.281760775434449, 31.451007040488285 ] ] ] } },
{ "type": "Feature", "properties": { "OBJECTID": 173859, "SHAPE_Leng": 68.028987456799996, "SHAPE_Area": 264.68486515799998, "Town": "Allama Iqbal Town", "UC_N0": "UC_120", "Landuse": "C", "KA": null, "Name": null, "Plot_No": "351", "Block": "A", "Plot_Size": "1K", "Road_Width": null, "Classifica": null, "Category": null, "MAP": null, "__source_file": "revenu.shp" }, "geometry": { "type": "Polygon", "coordinates": [ [ [ 74.281541435236505, 31.451004005004073 ], [ 74.281310709916923, 31.451000810529457 ], [ 74.281311461025894, 31.451110166412001 ], [ 74.281542845781118, 31.451112213345482 ], [ 74.281541435236505, 31.451004005004073 ] ] ] } },
{ "type": "Feature", "properties": { "OBJECTID": 173860, "SHAPE_Leng": 61.399923707200003, "SHAPE_Area": 206.19208977900001, "Town": "Allama Iqbal Town", "UC_N0": "UC_120", "Landuse": "C", "KA": null, "Name": null, "Plot_No": "354", "Block": "A", "Plot_Size": "1K", "Road_Width": null, "Classifica": null, "Category": null, "MAP": null, "__source_file": "revenu.shp" }, "geometry": { "type": "Polygon", "coordinates": [ [ [ 74.281758936400095, 31.450902818486501 ], [ 74.281757342691719, 31.450812513802898 ], [ 74.281538947141584, 31.450813042899842 ], [ 74.281540103730237, 31.450901850142753 ], [ 74.281758936400095, 31.450902818486501 ] ] ] } },
{ "type": "Feature", "properties": { "OBJECTID": 173871, "SHAPE_Leng": 60.954640766899999, "SHAPE_Area": 230.33631848799999, "Town": "Allama Iqbal Town", "UC_N0": "UC_120", "Landuse": "R", "KA": null, "Name": null, "Plot_No": "233", "Block": "A", "Plot_Size": "5M", "Road_Width": null, "Classifica": null, "Category": null, "MAP": null, "__source_file": "revenu.shp" }, "geometry": { "type": "Polygon", "coordinates": [ [ [ 74.281047069081097, 31.452836754600352 ], [ 74.281036447100718, 31.452961854121497 ], [ 74.281068248975757, 31.452961883506209 ], [ 74.28111319933339, 31.452961924686441 ], [ 74.28111421664812, 31.452836855663239 ], [ 74.281047069081097, 31.452836754600352 ] ] ] } },
{ "type": "Feature", "properties": { "OBJECTID": 173872, "SHAPE_Leng": 49.7090145548, "SHAPE_Area": 152.178018417, "Town": "Allama Iqbal Town", "UC_N0": "UC_120", "Landuse": "R", "KA": null, "Name": null, "Plot_No": "244", "Block": "A", "Plot_Size": "5M", "Road_Width": null, "Classifica": null, "Category": null, "MAP": null, "__source_file": "revenu.shp" }, "geometry": { "type": "Polygon", "coordinates": [ [ [ 74.280194498751143, 31.452961074927209 ], [ 74.280195459319714, 31.452835466072674 ], [ 74.280079004811085, 31.452835289741323 ], [ 74.280080944134667, 31.452960969026734 ], [ 74.280194498751143, 31.452961074927209 ] ] ] } },
{ "type": "Feature", "properties": { "OBJECTID": 173873, "SHAPE_Leng": 51.4848295372, "SHAPE_Area": 160.68046676700001, "Town": "Allama Iqbal Town", "UC_N0": "UC_120", "Landuse": "R", "KA": null, "Name": null, "Plot_No": "217", "Block": "A", "Plot_Size": "5M", "Road_Width": null, "Classifica": null, "Category": null, "MAP": null, "__source_file": "revenu.shp" }, "geometry": { "type": "Polygon", "coordinates": [ [ [ 74.28019345555667, 31.453097487473823 ], [ 74.280194498751143, 31.452961074927209 ], [ 74.280080944134667, 31.452960969026734 ], [ 74.280083042859189, 31.453097043753807 ], [ 74.28019345555667, 31.453097487473823 ] ] ] } },
{ "type": "Feature", "properties": { "OBJECTID": 173874, "SHAPE_Leng": 45.343463484700003, "SHAPE_Area": 121.855720046, "Town": "Allama Iqbal Town", "UC_N0": "UC_120", "Landuse": "R", "KA": null, "Name": null, "Plot_No": "241", "Block": "A", "Plot_Size": "5M", "Road_Width": null, "Classifica": null, "Category": null, "MAP": null, "__source_file": "revenu.shp" }, "geometry": { "type": "Polygon", "coordinates": [ [ [ 74.280474439133144, 31.452961334211871 ], [ 74.280477621889645, 31.452835893920355 ], [ 74.28038518426149, 31.452835753538942 ], [ 74.280382446147357, 31.452961249556523 ], [ 74.280474439133144, 31.452961334211871 ] ] ] } },
{ "type": "Feature", "properties": { "OBJECTID": 173876, "SHAPE_Leng": 40.600269773900003, "SHAPE_Area": 88.904759183300001, "Town": "Allama Iqbal Town", "UC_N0": "UC_120", "Landuse": "R", "KA": null, "Name": null, "Plot_No": "240", "Block": "A", "Plot_Size": "5M", "Road_Width": null, "Classifica": null, "Category": null, "MAP": null, "__source_file": "revenu.shp" }, "geometry": { "type": "Polygon", "coordinates": [ [ [ 74.280541647850768, 31.452961396875452 ], [ 74.280545022813314, 31.452835996456802 ], [ 74.280477621889645, 31.452835893920355 ], [ 74.280474439133144, 31.452961334211871 ], [ 74.280541647850768, 31.452961396875452 ] ] ] } },
{ "type": "Feature", "properties": { "OBJECTID": 173877, "SHAPE_Leng": 43.211041276499998, "SHAPE_Area": 97.082110705299996, "Town": "Allama Iqbal Town", "UC_N0": "UC_120", "Landuse": "R", "KA": null, "Name": null, "Plot_No": "221", "Block": "A", "Plot_Size": "5M", "Road_Width": null, "Classifica": null, "Category": null, "MAP": null, "__source_file": "revenu.shp" }, "geometry": { "type": "Polygon", "coordinates": [ [ [ 74.280537948001296, 31.453098869960368 ], [ 74.280541647850768, 31.452961396875452 ], [ 74.280474439133144, 31.452961334211871 ], [ 74.280470956517604, 31.453098601002246 ], [ 74.280537948001296, 31.453098869960368 ] ] ] } },
{ "type": "Feature", "properties": { "OBJECTID": 173878, "SHAPE_Leng": 40.548599459099997, "SHAPE_Area": 88.564824178600006, "Town": "Allama Iqbal Town", "UC_N0": "UC_120", "Landuse": "R", "KA": null, "Name": null, "Plot_No": "239", "Block": "A", "Plot_Size": "5M", "Road_Width": null, "Classifica": null, "Category": null, "MAP": null, "__source_file": "revenu.shp" }, "geometry": { "type": "Polygon", "coordinates": [ [ [ 74.280608371391097, 31.452961458583125 ], [ 74.280612436373744, 31.452836098126514 ], [ 74.280545022813314, 31.452835996456802 ], [ 74.280541647850768, 31.452961396875452 ], [ 74.280608371391097, 31.452961458583125 ] ] ] } },
{ "type": "Feature", "properties": { "OBJECTID": 173879, "SHAPE_Leng": 43.1145272288, "SHAPE_Area": 96.128130254699997, "Town": "Allama Iqbal Town", "UC_N0": "UC_120", "Landuse": "R", "KA": null, "Name": null, "Plot_No": "222", "Block": "A", "Plot_Size": "5M", "Road_Width": null, "Classifica": null, "Category": null, "MAP": null, "__source_file": "revenu.shp" }, "geometry": { "type": "Polygon", "coordinates": [ [ [ 74.280603907049453, 31.453099134889033 ], [ 74.280608371391097, 31.452961458583125 ], [ 74.280541647850768, 31.452961396875452 ], [ 74.280537948001296, 31.453098869960368 ], [ 74.280603907049453, 31.453099134889033 ] ] ] } },
{ "type": "Feature", "properties": { "OBJECTID": 173880, "SHAPE_Leng": 48.718076238000002, "SHAPE_Area": 145.31220414699999, "Town": "Allama Iqbal Town", "UC_N0": "UC_120", "Landuse": "R", "KA": null, "Name": null, "Plot_No": "243", "Block": "A", "Plot_Size": "5M", "Road_Width": null, "Classifica": null, "Category": null, "MAP": null, "__source_file": "revenu.shp" }, "geometry": { "type": "Polygon", "coordinates": [ [ [ 74.280266972901558, 31.452961142063604 ], [ 74.280304356097361, 31.452961177094277 ], [ 74.280305348654466, 31.452835632475345 ], [ 74.280195459319714, 31.452835466072674 ], [ 74.280194498751143, 31.452961074927209 ], [ 74.280266972901558, 31.452961142063604 ] ] ] } },
{ "type": "Feature", "properties": { "OBJECTID": 173881, "SHAPE_Leng": 42.833624779799997, "SHAPE_Area": 104.38566766700001, "Town": "Allama Iqbal Town", "UC_N0": "UC_120", "Landuse": "R", "KA": null, "Name": null, "Plot_No": "242", "Block": "A", "Plot_Size": "5M", "Road_Width": null, "Classifica": null, "Category": null, "MAP": null, "__source_file": "revenu.shp" }, "geometry": { "type": "Polygon", "coordinates": [ [ [ 74.280351780771269, 31.452961220716023 ], [ 74.280382446147357, 31.452961249556523 ], [ 74.28038518426149, 31.452835753538942 ], [ 74.280305348654466, 31.452835632475345 ], [ 74.280304356097361, 31.452961177094277 ], [ 74.280351780771269, 31.452961220716023 ] ] ] } },
{ "type": "Feature", "properties": { "OBJECTID": 173882, "SHAPE_Leng": 44.032216286500002, "SHAPE_Area": 104.164425884, "Town": "Allama Iqbal Town", "UC_N0": "UC_120", "Landuse": "R", "KA": null, "Name": null, "Plot_No": "218", "Block": "A", "Plot_Size": "5M", "Road_Width": null, "Classifica": null, "Category": null, "MAP": null, "__source_file": "revenu.shp" }, "geometry": { "type": "Polygon", "coordinates": [ [ [ 74.28026587021823, 31.453097778029623 ], [ 74.280266972901558, 31.452961142063604 ], [ 74.280194498751143, 31.452961074927209 ], [ 74.28019345555667, 31.453097487473823 ], [ 74.28026587021823, 31.453097778029623 ] ] ] } },
{ "type": "Feature", "properties": { "OBJECTID": 173883, "SHAPE_Leng": 46.235647243300001, "SHAPE_Area": 120.62775701299999, "Town": "Allama Iqbal Town", "UC_N0": "UC_120", "Landuse": "R", "KA": null, "Name": null, "Plot_No": "219", "Block": "A", "Plot_Size": "5M", "Road_Width": null, "Classifica": null, "Category": null, "MAP": null, "__source_file": "revenu.shp" }, "geometry": { "type": "Polygon", "coordinates": [ [ [ 74.280348555559371, 31.453098110012633 ], [ 74.280351780771269, 31.452961220716023 ], [ 74.280304356097361, 31.452961177094277 ], [ 74.280266972901558, 31.452961142063604 ], [ 74.28026587021823, 31.453097778029623 ], [ 74.280348555559371, 31.453098110012633 ] ] ] } },
{ "type": "Feature", "properties": { "OBJECTID": 173884, "SHAPE_Leng": 45.450992310300002, "SHAPE_Area": 122.663129923, "Town": "Allama Iqbal Town", "UC_N0": "UC_120", "Landuse": "R", "KA": null, "Name": null, "Plot_No": "238", "Block": "A", "Plot_Size": "5M", "Road_Width": null, "Classifica": null, "Category": null, "MAP": null, "__source_file": "revenu.shp" }, "geometry": { "type": "Polygon", "coordinates": [ [ [ 74.280661315136683, 31.452961507826494 ], [ 74.280701879909728, 31.452961545271737 ], [ 74.2807047782361, 31.4528362378061 ], [ 74.280612436373744, 31.452836098126514 ], [ 74.280608371391097, 31.452961458583125 ], [ 74.280661315136683, 31.452961507826494 ] ] ] } },
{ "type": "Feature", "properties": { "OBJECTID": 173885, "SHAPE_Leng": 43.139227495, "SHAPE_Area": 106.672351615, "Town": "Allama Iqbal Town", "UC_N0": "UC_120", "Landuse": "R", "KA": null, "Name": null, "Plot_No": "237", "Block": "A", "Plot_Size": "5M", "Road_Width": null, "Classifica": null, "Category": null, "MAP": null, "__source_file": "revenu.shp" }, "geometry": { "type": "Polygon", "coordinates": [ [ [ 74.280783673552676, 31.452961621146052 ], [ 74.280784672784549, 31.452836358951672 ], [ 74.2807047782361, 31.4528362378061 ], [ 74.280701879909728, 31.452961545271737 ], [ 74.280783673552676, 31.452961621146052 ] ] ] } },
{ "type": "Feature", "properties": { "OBJECTID": 173886, "SHAPE_Leng": 43.238561957800002, "SHAPE_Area": 107.39513583599999, "Town": "Allama Iqbal Town", "UC_N0": "UC_120", "Landuse": "R", "KA": null, "Name": null, "Plot_No": "236", "Block": "A", "Plot_Size": "5M", "Road_Width": null, "Classifica": null, "Category": null, "MAP": null, "__source_file": "revenu.shp" }, "geometry": { "type": "Polygon", "coordinates": [ [ [ 74.280828583916147, 31.452961662201581 ], [ 74.280864174787041, 31.452961695125055 ], [ 74.280867017441153, 31.452836482977141 ], [ 74.280784672784549, 31.452836358951672 ], [ 74.280783673552676, 31.452961621146052 ], [ 74.280828583916147, 31.452961662201581 ] ] ] } },
{ "type": "Feature", "properties": { "OBJECTID": 173887, "SHAPE_Leng": 41.687641043299998, "SHAPE_Area": 96.665573382700003, "Town": "Allama Iqbal Town", "UC_N0": "UC_120", "Landuse": "R", "KA": null, "Name": null, "Plot_No": "235", "Block": "A", "Plot_Size": "5M", "Road_Width": null, "Classifica": null, "Category": null, "MAP": null, "__source_file": "revenu.shp" }, "geometry": { "type": "Polygon", "coordinates": [ [ [ 74.280908535768646, 31.45296173577464 ], [ 74.280938433908005, 31.452961763783406 ], [ 74.280939388036359, 31.452836592457526 ], [ 74.280867017441153, 31.452836482977141 ], [ 74.280864174787041, 31.452961695125055 ], [ 74.280908535768646, 31.45296173577464 ] ] ] } },
{ "type": "Feature", "properties": { "OBJECTID": 173888, "SHAPE_Leng": 56.206700620699998, "SHAPE_Area": 197.410440091, "Town": "Allama Iqbal Town", "UC_N0": "UC_120", "Landuse": "R", "KA": null, "Name": null, "Plot_No": "232", "Block": "A", "Plot_Size": "5M", "Road_Width": null, "Classifica": null, "Category": null, "MAP": null, "__source_file": "revenu.shp" }, "geometry": { "type": "Polygon", "coordinates": [ [ [ 74.281208388670535, 31.452962012410918 ], [ 74.281191991991747, 31.452836973088949 ], [ 74.28111421664812, 31.452836855663239 ], [ 74.28111319933339, 31.452961924686441 ], [ 74.281173067185719, 31.452961980100852 ], [ 74.281208388670535, 31.452962012410918 ] ] ] } },
{ "type": "Feature", "properties": { "OBJECTID": 173889, "SHAPE_Leng": 40.932227448900001, "SHAPE_Area": 79.303108056300005, "Town": "Allama Iqbal Town", "UC_N0": "UC_120", "Landuse": "R", "KA": null, "Name": null, "Plot_No": "223", "Block": "A", "Plot_Size": "5M", "Road_Width": null, "Classifica": null, "Category": null, "MAP": null, "__source_file": "revenu.shp" }, "geometry": { "type": "Polygon", "coordinates": [ [ [ 74.280660274236595, 31.453099361251553 ], [ 74.280661315136683, 31.452961507826494 ], [ 74.280608371391097, 31.452961458583125 ], [ 74.280603907049453, 31.453099134889033 ], [ 74.280660274236595, 31.453099361251553 ] ] ] } },
{ "type": "Feature", "properties": { "OBJECTID": 173890, "SHAPE_Leng": 62.403166122000002, "SHAPE_Area": 243.29704088400001, "Town": "Allama Iqbal Town", "UC_N0": "UC_120", "Landuse": "R", "KA": null, "Name": null, "Plot_No": "225", "Block": "A", "Plot_Size": "5M", "Road_Width": null, "Classifica": null, "Category": null, "MAP": null, "__source_file": "revenu.shp" }, "geometry": { "type": "Polygon", "coordinates": [ [ [ 74.280741342241953, 31.452961581884768 ], [ 74.280732879485342, 31.453099652290867 ], [ 74.280827534055973, 31.45310003165341 ], [ 74.280828583916147, 31.452961662201581 ], [ 74.280783673552691, 31.452961621146063 ], [ 74.280741342241953, 31.452961581884768 ] ] ] } },
{ "type": "Feature", "properties": { "OBJECTID": 173891, "SHAPE_Leng": 45.528312106900003, "SHAPE_Area": 113.75759240799999, "Town": "Allama Iqbal Town", "UC_N0": "UC_120", "Landuse": "R", "KA": null, "Name": null, "Plot_No": "226", "Block": "A", "Plot_Size": "5M", "Road_Width": null, "Classifica": null, "Category": null, "MAP": null, "__source_file": "revenu.shp" }, "geometry": { "type": "Polygon", "coordinates": [ [ [ 74.280903569091038, 31.45310033676347 ], [ 74.280908535768646, 31.45296173577464 ], [ 74.280864174787041, 31.452961695125055 ], [ 74.280828583916147, 31.452961662201581 ], [ 74.280827534055973, 31.45310003165341 ], [ 74.280903569091038, 31.45310033676347 ] ] ] } },
{ "type": "Feature", "properties": { "OBJECTID": 173892, "SHAPE_Leng": 46.7829172056, "SHAPE_Area": 123.18288628099999, "Town": "Allama Iqbal Town", "UC_N0": "UC_120", "Landuse": "R", "KA": null, "Name": null, "Plot_No": "227", "Block": "A", "Plot_Size": "5M", "Road_Width": null, "Classifica": null, "Category": null, "MAP": null, "__source_file": "revenu.shp" }, "geometry": { "type": "Polygon", "coordinates": [ [ [ 74.280989808505026, 31.45310068287289 ], [ 74.280990901950346, 31.452961812024331 ], [ 74.280938433908005, 31.452961763783406 ], [ 74.280908535768646, 31.45296173577464 ], [ 74.280903569091038, 31.45310033676347 ], [ 74.280989808505026, 31.45310068287289 ] ] ] } },
{ "type": "Feature", "properties": { "OBJECTID": 173893, "SHAPE_Leng": 45.513623211300001, "SHAPE_Area": 113.24642087, "Town": "Allama Iqbal Town", "UC_N0": "UC_120", "Landuse": "R", "KA": null, "Name": null, "Plot_No": "228", "Block": "A", "Plot_Size": "5M", "Road_Width": null, "Classifica": null, "Category": null, "MAP": null, "__source_file": "revenu.shp" }, "geometry": { "type": "Polygon", "coordinates": [ [ [ 74.281067188555141, 31.453100992729627 ], [ 74.281068248975757, 31.452961883506209 ], [ 74.280990901950346, 31.452961812024331 ], [ 74.280989808505026, 31.45310068287289 ], [ 74.281067188555141, 31.453100992729627 ] ] ] } },
{ "type": "Feature", "properties": { "OBJECTID": 173894, "SHAPE_Leng": 48.634659446100002, "SHAPE_Area": 136.82631605899999, "Town": "Allama Iqbal Town", "UC_N0": "UC_120", "Landuse": "R", "KA": null, "Name": null, "Plot_No": "230", "Block": "A", "Plot_Size": "5M", "Road_Width": null, "Classifica": null, "Category": null, "MAP": null, "__source_file": "revenu.shp" }, "geometry": { "type": "Polygon", "coordinates": [ [ [ 74.281263724618697, 31.45296206300937 ], [ 74.281173067185719, 31.452961980100877 ], [ 74.281168423023558, 31.453101398526261 ], [ 74.281263931214028, 31.453101781132005 ], [ 74.281263724618697, 31.45296206300937 ] ] ] } },
{ "type": "Feature", "properties": { "OBJECTID": 173915, "SHAPE_Leng": 48.2094725436, "SHAPE_Area": 136.70640177199999, "Town": "Allama Iqbal Town", "UC_N0": "UC_120", "Landuse": "R", "KA": null, "Name": null, "Plot_No": "272", "Block": "A", "Plot_Size": "5M", "Road_Width": null, "Classifica": null, "Category": null, "MAP": null, "__source_file": "revenu.shp" }, "geometry": { "type": "Polygon", "coordinates": [ [ [ 74.280173199324352, 31.452481422868477 ], [ 74.280073545065164, 31.452481457339797 ], [ 74.280075622453623, 31.452616055012491 ], [ 74.280168226202136, 31.452616876827538 ], [ 74.280173199324352, 31.452481422868477 ] ] ] } },
{ "type": "Feature", "properties": { "OBJECTID": 173916, "SHAPE_Leng": 47.1601204993, "SHAPE_Area": 120.88957177100001, "Town": "Allama Iqbal Town", "UC_N0": "UC_120", "Landuse": "R", "KA": null, "Name": null, "Plot_No": "258", "Block": "A", "Plot_Size": "5M", "Road_Width": null, "Classifica": null, "Category": null, "MAP": null, "__source_file": "revenu.shp" }, "geometry": { "type": "Polygon", "coordinates": [ [ [ 74.281263228892385, 31.452626586305342 ], [ 74.281185766856709, 31.452625899882225 ], [ 74.281182311810738, 31.452770858343321 ], [ 74.281263442924299, 31.452771120561202 ], [ 74.281263228892385, 31.452626586305342 ] ] ] } },
{ "type": "Feature", "properties": { "OBJECTID": 173917, "SHAPE_Leng": 46.529759665699999, "SHAPE_Area": 115.592784299, "Town": "Allama Iqbal Town", "UC_N0": "UC_120", "Landuse": "R", "KA": null, "Name": null, "Plot_No": "259", "Block": "A", "Plot_Size": "5M", "Road_Width": null, "Classifica": null, "Category": null, "MAP": null, "__source_file": "revenu.shp" }, "geometry": { "type": "Polygon", "coordinates": [ [ [ 74.281189217800119, 31.452481063195254 ], [ 74.281185766856709, 31.452625899882225 ], [ 74.281263228892385, 31.452626586305342 ], [ 74.281263062903776, 31.452514076841698 ], [ 74.281262671087262, 31.45248103691695 ], [ 74.281189217800119, 31.452481063195254 ] ] ] } },
{ "type": "Feature", "properties": { "OBJECTID": 173918, "SHAPE_Leng": 47.977737384100003, "SHAPE_Area": 127.03776863900001, "Town": "Allama Iqbal Town", "UC_N0": "UC_120", "Landuse": "R", "KA": null, "Name": null, "Plot_No": "257", "Block": "A", "Plot_Size": "5M", "Road_Width": null, "Classifica": null, "Category": null, "MAP": null, "__source_file": "revenu.shp" }, "geometry": { "type": "Polygon", "coordinates": [ [ [ 74.281182311810738, 31.452770858343321 ], [ 74.281185766856709, 31.452625899882225 ], [ 74.281102126254495, 31.452625158884622 ], [ 74.28109981780031, 31.452770591131095 ], [ 74.281182311810738, 31.452770858343321 ] ] ] } },
{ "type": "Feature", "properties": { "OBJECTID": 177105, "SHAPE_Leng": 48.032295778300004, "SHAPE_Area": 128.14025307099999, "Town": "Allama Iqbal Town", "UC_N0": "UC_120", "Landuse": "R", "KA": null, "Name": null, "Plot_No": "260", "Block": "A", "Plot_Size": "5M", "Road_Width": null, "Classifica": null, "Category": null, "MAP": null, "__source_file": "revenu.shp" }, "geometry": { "type": "Polygon", "coordinates": [ [ [ 74.281189217800119, 31.452481063195254 ], [ 74.281104412681358, 31.452481093384119 ], [ 74.281102126254495, 31.452625158884622 ], [ 74.281185766856709, 31.452625899882225 ], [ 74.281189217800119, 31.452481063195254 ] ] ] } },
{ "type": "Feature", "properties": { "OBJECTID": 177106, "SHAPE_Leng": 46.1893786483, "SHAPE_Area": 112.212412808, "Town": "Allama Iqbal Town", "UC_N0": "UC_120", "Landuse": "R", "KA": null, "Name": null, "Plot_No": "256", "Block": "A", "Plot_Size": "5M", "Road_Width": null, "Classifica": null, "Category": null, "MAP": null, "__source_file": "revenu.shp" }, "geometry": { "type": "Polygon", "coordinates": [ [ [ 74.28109981780031, 31.452770591131095 ], [ 74.281102126254495, 31.452625158884622 ], [ 74.281028370734163, 31.452624504899006 ], [ 74.281027269294228, 31.452770356235924 ], [ 74.28109981780031, 31.452770591131095 ] ] ] } },
{ "type": "Feature", "properties": { "OBJECTID": 177107, "SHAPE_Leng": 45.993520907499999, "SHAPE_Area": 112.55815626099999, "Town": "Allama Iqbal Town", "UC_N0": "UC_120", "Landuse": "R", "KA": null, "Name": null, "Plot_No": "261", "Block": "A", "Plot_Size": "5M", "Road_Width": null, "Classifica": null, "Category": null, "MAP": null, "__source_file": "revenu.shp" }, "geometry": { "type": "Polygon", "coordinates": [ [ [ 74.281104412681358, 31.452481093384119 ], [ 74.281029453325544, 31.452481120139865 ], [ 74.281028370734163, 31.452624504899006 ], [ 74.281102126254495, 31.452625158884622 ], [ 74.281104412681358, 31.452481093384119 ] ] ] } },
{ "type": "Feature", "properties": { "OBJECTID": 177108, "SHAPE_Leng": 47.550897215500001, "SHAPE_Area": 122.740981585, "Town": "Allama Iqbal Town", "UC_N0": "UC_120", "Landuse": "R", "KA": null, "Name": null, "Plot_No": "255", "Block": "A", "Plot_Size": "5M", "Road_Width": null, "Classifica": null, "Category": null, "MAP": null, "__source_file": "revenu.shp" }, "geometry": { "type": "Polygon", "coordinates": [ [ [ 74.281027269294228, 31.452770356235924 ], [ 74.281028370734163, 31.452624504899006 ], [ 74.280951126547535, 31.452623820459078 ], [ 74.280944953144896, 31.452770089922335 ], [ 74.281027269294228, 31.452770356235924 ] ] ] } },
{ "type": "Feature", "properties": { "OBJECTID": 177109, "SHAPE_Leng": 45.927655772100003, "SHAPE_Area": 112.64965226699999, "Town": "Allama Iqbal Town", "UC_N0": "UC_120", "Landuse": "R", "KA": null, "Name": null, "Plot_No": "262", "Block": "A", "Plot_Size": "5M", "Road_Width": null, "Classifica": null, "Category": null, "MAP": null, "__source_file": "revenu.shp" }, "geometry": { "type": "Polygon", "coordinates": [ [ [ 74.281029453325544, 31.452481120139865 ], [ 74.280957147225152, 31.452481145506756 ], [ 74.280951126547535, 31.452623820459078 ], [ 74.281028370734163, 31.452624504899006 ], [ 74.281029453325544, 31.452481120139865 ] ] ] } },
{ "type": "Feature", "properties": { "OBJECTID": 177110, "SHAPE_Leng": 45.779788852599999, "SHAPE_Area": 107.95753668499999, "Town": "Allama Iqbal Town", "UC_N0": "UC_120", "Landuse": "R", "KA": null, "Name": null, "Plot_No": "254", "Block": "A", "Plot_Size": "5M", "Road_Width": null, "Classifica": null, "Category": null, "MAP": null, "__source_file": "revenu.shp" }, "geometry": { "type": "Polygon", "coordinates": [ [ [ 74.280944953144896, 31.452770089922335 ], [ 74.280951126547535, 31.452623820459078 ], [ 74.280878646521785, 31.452623178058914 ], [ 74.280877495263098, 31.452769871792071 ], [ 74.280944953144896, 31.452770089922335 ] ] ] } },
{ "type": "Feature", "properties": { "OBJECTID": 177111, "SHAPE_Leng": 45.804764754899999, "SHAPE_Area": 112.34253152799999, "Town": "Allama Iqbal Town", "UC_N0": "UC_120", "Landuse": "R", "KA": null, "Name": null, "Plot_No": "263", "Block": "A", "Plot_Size": "5M", "Road_Width": null, "Classifica": null, "Category": null, "MAP": null, "__source_file": "revenu.shp" }, "geometry": { "type": "Polygon", "coordinates": [ [ [ 74.280957147225152, 31.452481145506756 ], [ 74.280879760898841, 31.452481172985742 ], [ 74.280878646521785, 31.452623178058914 ], [ 74.280951126547535, 31.452623820459078 ], [ 74.280957147225152, 31.452481145506756 ] ] ] } },
{ "type": "Feature", "properties": { "OBJECTID": 177112, "SHAPE_Leng": 43.294487895899998, "SHAPE_Area": 93.290713243400006, "Town": "Allama Iqbal Town", "UC_N0": "UC_120", "Landuse": "R", "KA": null, "Name": null, "Plot_No": "264", "Block": "A", "Plot_Size": "5M", "Road_Width": null, "Classifica": null, "Category": null, "MAP": null, "__source_file": "revenu.shp" }, "geometry": { "type": "Polygon", "coordinates": [ [ [ 74.280879760898841, 31.452481172985742 ], [ 74.28081721425697, 31.452481195325081 ], [ 74.280816186278614, 31.452622624359318 ], [ 74.280878646521785, 31.452623178058914 ], [ 74.280879760898841, 31.452481172985742 ] ] ] } },
{ "type": "Feature", "properties": { "OBJECTID": 177115, "SHAPE_Leng": 46.733337497100003, "SHAPE_Area": 122.019201232, "Town": "Allama Iqbal Town", "UC_N0": "UC_120", "Landuse": "R", "KA": null, "Name": null, "Plot_No": "266", "Block": "A", "Plot_Size": "5M", "Road_Width": null, "Classifica": null, "Category": null, "MAP": null, "__source_file": "revenu.shp" }, "geometry": { "type": "Polygon", "coordinates": [ [ [ 74.28066247739055, 31.452481250268182 ], [ 74.280582681986616, 31.452481278473442 ], [ 74.280575266414303, 31.452620487334396 ], [ 74.280661429567203, 31.452621251865462 ], [ 74.28066247739055, 31.452481250268182 ] ] ] } },
{ "type": "Feature", "properties": { "OBJECTID": 177116, "SHAPE_Leng": 46.649133919599997, "SHAPE_Area": 121.97870994900001, "Town": "Allama Iqbal Town", "UC_N0": "UC_120", "Landuse": "R", "KA": null, "Name": null, "Plot_No": "267", "Block": "A", "Plot_Size": "5M", "Road_Width": null, "Classifica": null, "Category": null, "MAP": null, "__source_file": "revenu.shp" }, "geometry": { "type": "Polygon", "coordinates": [ [ [ 74.280582681986616, 31.452481278473442 ], [ 74.280497789518634, 31.452481308672187 ], [ 74.280493337012686, 31.452619760964186 ], [ 74.280575266414303, 31.452620487334396 ], [ 74.280582681986616, 31.452481278473442 ] ] ] } },
{ "type": "Feature", "properties": { "OBJECTID": 177117, "SHAPE_Leng": 61.803503940600002, "SHAPE_Area": 238.65329035900001, "Town": "Allama Iqbal Town", "UC_N0": "UC_120", "Landuse": "R", "KA": null, "Name": null, "Plot_No": "268", "Block": "A", "Plot_Size": "5M", "Road_Width": null, "Classifica": null, "Category": null, "MAP": null, "__source_file": "revenu.shp" }, "geometry": { "type": "Polygon", "coordinates": [ [ [ 74.280406751709336, 31.452481340707465 ], [ 74.280405703526014, 31.452618983750458 ], [ 74.280493337012686, 31.452619760964186 ], [ 74.280497789518648, 31.452481308672187 ], [ 74.280406751709336, 31.452481340707465 ] ] ] } },
{ "type": "Feature", "properties": { "OBJECTID": 177118, "SHAPE_Leng": 44.5775705402, "SHAPE_Area": 108.180846925, "Town": "Allama Iqbal Town", "UC_N0": "UC_120", "Landuse": "R", "KA": null, "Name": null, "Plot_No": "270", "Block": "A", "Plot_Size": "5M", "Road_Width": null, "Classifica": null, "Category": null, "MAP": null, "__source_file": "revenu.shp" }, "geometry": { "type": "Polygon", "coordinates": [ [ [ 74.280330484185441, 31.452481367495363 ], [ 74.280258108626711, 31.452481392979507 ], [ 74.280253533751505, 31.452617634117786 ], [ 74.280331544055571, 31.452618325989729 ], [ 74.280330484185441, 31.452481367495363 ] ] ] } },
{ "type": "Feature", "properties": { "OBJECTID": 177119, "SHAPE_Leng": 46.302243771100002, "SHAPE_Area": 121.783398078, "Town": "Allama Iqbal Town", "UC_N0": "UC_120", "Landuse": "R", "KA": null, "Name": null, "Plot_No": "271", "Block": "A", "Plot_Size": "5M", "Road_Width": null, "Classifica": null, "Category": null, "MAP": null, "__source_file": "revenu.shp" }, "geometry": { "type": "Polygon", "coordinates": [ [ [ 74.280258108626711, 31.452481392979507 ], [ 74.280173199324352, 31.452481422868477 ], [ 74.280168226202136, 31.452616876827538 ], [ 74.280253533751505, 31.452617634117786 ], [ 74.280258108626711, 31.452481392979507 ] ] ] } },
{ "type": "Feature", "properties": { "OBJECTID": 177120, "SHAPE_Leng": 50.474916988899999, "SHAPE_Area": 142.26988193299999, "Town": "Allama Iqbal Town", "UC_N0": "UC_120", "Landuse": "R", "KA": null, "Name": null, "Plot_No": "245", "Block": "A", "Plot_Size": "5M", "Road_Width": null, "Classifica": null, "Category": null, "MAP": null, "__source_file": "revenu.shp" }, "geometry": { "type": "Polygon", "coordinates": [ [ [ 74.28016432482174, 31.452767560070392 ], [ 74.280168226202136, 31.452616876827538 ], [ 74.280075622453623, 31.452616055012491 ], [ 74.280077955769713, 31.452767279444014 ], [ 74.28016432482174, 31.452767560070392 ] ] ] } },
{ "type": "Feature", "properties": { "OBJECTID": 177121, "SHAPE_Leng": 64.441142817599996, "SHAPE_Area": 259.223266088, "Town": "Allama Iqbal Town", "UC_N0": "UC_120", "Landuse": "R", "KA": null, "Name": null, "Plot_No": "247", "Block": "A", "Plot_Size": "5M", "Road_Width": null, "Classifica": null, "Category": null, "MAP": null, "__source_file": "revenu.shp" }, "geometry": { "type": "Polygon", "coordinates": [ [ [ 74.280252781762528, 31.452617627442514 ], [ 74.280237815367784, 31.452767798361364 ], [ 74.280328652937669, 31.452768092841232 ], [ 74.280331544055585, 31.452618325989729 ], [ 74.280253533751505, 31.452617634117786 ], [ 74.280252781762528, 31.452617627442514 ] ] ] } },
{ "type": "Feature", "properties": { "OBJECTID": 177122, "SHAPE_Leng": 64.0754051057, "SHAPE_Area": 256.31193795899998, "Town": "Allama Iqbal Town", "UC_N0": "UC_120", "Landuse": "R", "KA": null, "Name": null, "Plot_No": "249", "Block": "A", "Plot_Size": "5M", "Road_Width": null, "Classifica": null, "Category": null, "MAP": null, "__source_file": "revenu.shp" }, "geometry": { "type": "Polygon", "coordinates": [ [ [ 74.280405703526014, 31.452618983750458 ], [ 74.28040456614238, 31.452768339130817 ], [ 74.280492821085815, 31.452768625404822 ], [ 74.280493337012686, 31.452619760964186 ], [ 74.280405703526014, 31.452618983750458 ] ] ] } },
{ "type": "Feature", "properties": { "OBJECTID": 177123, "SHAPE_Leng": 53.136372514000001, "SHAPE_Area": 167.31763572200001, "Town": "Allama Iqbal Town", "UC_N0": "UC_120", "Landuse": "R", "KA": null, "Name": null, "Plot_No": "253", "Block": "A", "Plot_Size": "5M", "Road_Width": null, "Classifica": null, "Category": null, "MAP": null, "__source_file": "revenu.shp" }, "geometry": { "type": "Polygon", "coordinates": [ [ [ 74.280877495263098, 31.452769871792071 ], [ 74.280878646521785, 31.452623178058914 ], [ 74.280816186278614, 31.452622624359318 ], [ 74.280773795065514, 31.452622248285259 ], [ 74.280766202446841, 31.452769511239133 ], [ 74.280877495263098, 31.452769871792071 ] ] ] } },
{ "type": "Feature", "properties": { "OBJECTID": 177124, "SHAPE_Leng": 46.4910710929, "SHAPE_Area": 122.159025927, "Town": "Allama Iqbal Town", "UC_N0": "UC_120", "Landuse": "R", "KA": null, "Name": null, "Plot_No": "283", "Block": "A", "Plot_Size": "5M", "Road_Width": null, "Classifica": null, "Category": null, "MAP": null, "__source_file": "revenu.shp" }, "geometry": { "type": "Polygon", "coordinates": [ [ [ 74.280965454179267, 31.452415438784875 ], [ 74.280968900744455, 31.452277968756231 ], [ 74.280884101467436, 31.45227877384621 ], [ 74.280881163836966, 31.452415736068644 ], [ 74.280965454179267, 31.452415438784875 ] ] ] } },
{ "type": "Feature", "properties": { "OBJECTID": 177125, "SHAPE_Leng": 51.491951892199999, "SHAPE_Area": 159.36186884200001, "Town": "Allama Iqbal Town", "UC_N0": "UC_120", "Landuse": "R", "KA": null, "Name": null, "Plot_No": "286", "Block": "A", "Plot_Size": "5M", "Road_Width": null, "Classifica": null, "Category": null, "MAP": null, "__source_file": "revenu.shp" }, "geometry": { "type": "Polygon", "coordinates": [ [ [ 74.281260228737679, 31.452275201909821 ], [ 74.281152038007619, 31.452276229586918 ], [ 74.281152155497921, 31.45241477974184 ], [ 74.281261880190286, 31.45241439223248 ], [ 74.281260228737679, 31.452275201909821 ] ] ] } },
{ "type": "Feature", "properties": { "OBJECTID": 177126, "SHAPE_Leng": 51.032946511799999, "SHAPE_Area": 156.26752757099999, "Town": "Allama Iqbal Town", "UC_N0": "UC_120", "Landuse": "C", "KA": null, "Name": null, "Plot_No": "287", "Block": "A", "Plot_Size": "5M", "Road_Width": null, "Classifica": null, "Category": null, "MAP": null, "__source_file": "revenu.shp" }, "geometry": { "type": "Polygon", "coordinates": [ [ [ 74.281260228737679, 31.452275201909821 ], [ 74.281258591936208, 31.452137263054485 ], [ 74.281151920523754, 31.452137953705904 ], [ 74.281152038007619, 31.452276229586918 ], [ 74.281260228737679, 31.452275201909821 ] ] ] } },
{ "type": "Feature", "properties": { "OBJECTID": 177128, "SHAPE_Leng": 49.153622048400003, "SHAPE_Area": 141.595687239, "Town": "Allama Iqbal Town", "UC_N0": "UC_120", "Landuse": "C", "KA": null, "Name": null, "Plot_No": "288", "Block": "A", "Plot_Size": "5M", "Road_Width": null, "Classifica": null, "Category": null, "MAP": null, "__source_file": "revenu.shp" }, "geometry": { "type": "Polygon", "coordinates": [ [ [ 74.281095761268361, 31.452276764530019 ], [ 74.281152038007619, 31.452276229586918 ], [ 74.281151920523754, 31.452137953705904 ], [ 74.281057070848533, 31.452138568073405 ], [ 74.281052633806112, 31.452277173865376 ], [ 74.281095761268361, 31.452276764530019 ] ] ] } },
{ "type": "Feature", "properties": { "OBJECTID": 177129, "SHAPE_Leng": 38.944333727100002, "SHAPE_Area": 63.679530752700003, "Town": "Allama Iqbal Town", "UC_N0": "UC_120", "Landuse": "R", "KA": null, "Name": null, "Plot_No": "285", "Block": "A", "Plot_Size": "5M", "Road_Width": null, "Classifica": null, "Category": null, "MAP": null, "__source_file": "revenu.shp" }, "geometry": { "type": "Polygon", "coordinates": [ [ [ 74.281152155497921, 31.452414779741865 ], [ 74.281152038007633, 31.452276229586928 ], [ 74.281095761268361, 31.452276764529994 ], [ 74.281052633806141, 31.452277173865376 ], [ 74.2810482163177, 31.45241514640098 ], [ 74.28109267116433, 31.452414989923632 ], [ 74.281152155497921, 31.452414779741865 ] ] ] } },
{ "type": "Feature", "properties": { "OBJECTID": 177130, "SHAPE_Leng": 48.352261060799997, "SHAPE_Area": 133.264726279, "Town": "Allama Iqbal Town", "UC_N0": "UC_120", "Landuse": "C", "KA": null, "Name": null, "Plot_No": "300", "Block": "A", "Plot_Size": "5M", "Road_Width": null, "Classifica": null, "Category": null, "MAP": null, "__source_file": "revenu.shp" }, "geometry": { "type": "Polygon", "coordinates": [ [ [ 74.280159496896502, 31.452285652973703 ], [ 74.280158351307122, 31.452144384056311 ], [ 74.280068352630963, 31.452144966309618 ], [ 74.280070535906191, 31.452286497291393 ], [ 74.280159496896502, 31.452285652973703 ] ] ] } },
{ "type": "Feature", "properties": { "OBJECTID": 177131, "SHAPE_Leng": 46.157496813000002, "SHAPE_Area": 123.34644152, "Town": "Allama Iqbal Town", "UC_N0": "UC_120", "Landuse": "R", "KA": null, "Name": null, "Plot_No": "273", "Block": "A", "Plot_Size": "5M", "Road_Width": null, "Classifica": null, "Category": null, "MAP": null, "__source_file": "revenu.shp" }, "geometry": { "type": "Polygon", "coordinates": [ [ [ 74.280160572821131, 31.452418278168498 ], [ 74.280159496896502, 31.452285652973703 ], [ 74.280070535906191, 31.452286497291393 ], [ 74.280072574578313, 31.452418588365806 ], [ 74.280160572821131, 31.452418278168498 ] ] ] } },
{ "type": "Feature", "properties": { "OBJECTID": 177132, "SHAPE_Leng": 48.164372309299999, "SHAPE_Area": 131.99325481, "Town": "Allama Iqbal Town", "UC_N0": "UC_120", "Landuse": "C", "KA": null, "Name": null, "Plot_No": "299", "Block": "A", "Plot_Size": "5M", "Road_Width": null, "Classifica": null, "Category": null, "MAP": null, "__source_file": "revenu.shp" }, "geometry": { "type": "Polygon", "coordinates": [ [ [ 74.280330671098753, 31.45228402819053 ], [ 74.28033050854836, 31.452143270042459 ], [ 74.280248280517625, 31.452143802251655 ], [ 74.280158351307108, 31.452144384056311 ], [ 74.280159496896502, 31.452285652973707 ], [ 74.280247158008876, 31.45228482113863 ], [ 74.280330671098753, 31.45228402819053 ] ] ] } },
{ "type": "Feature", "properties": { "OBJECTID": 177133, "SHAPE_Leng": 46.596835090100001, "SHAPE_Area": 107.415939577, "Town": "Allama Iqbal Town", "UC_N0": "UC_120", "Landuse": "R", "KA": null, "Name": null, "Plot_No": "312", "Block": "A", "Plot_Size": "5M", "Road_Width": null, "Classifica": null, "Category": null, "MAP": null, "__source_file": "revenu.shp" }, "geometry": { "type": "Polygon", "coordinates": [ [ [ 74.28035333400743, 31.452064961437163 ], [ 74.28035220643919, 31.451912348922853 ], [ 74.28030775284617, 31.451911822167066 ], [ 74.280284812550121, 31.451911550714151 ], [ 74.280287447655837, 31.452065056783084 ], [ 74.28035333400743, 31.452064961437163 ] ] ] } },
{ "type": "Feature", "properties": { "OBJECTID": 177134, "SHAPE_Leng": 52.935185327200003, "SHAPE_Area": 162.11389291899999, "Town": "Allama Iqbal Town", "UC_N0": "UC_120", "Landuse": "R", "KA": null, "Name": null, "Plot_No": "311", "Block": "A", "Plot_Size": "5M", "Road_Width": null, "Classifica": null, "Category": null, "MAP": null, "__source_file": "revenu.shp" }, "geometry": { "type": "Polygon", "coordinates": [ [ [ 74.280453494906823, 31.452064815909608 ], [ 74.280454672178578, 31.451913562464433 ], [ 74.280427305677506, 31.45191323820266 ], [ 74.28035220643919, 31.451912348922853 ], [ 74.28035333400743, 31.452064961437163 ], [ 74.280453494906823, 31.452064815909608 ] ] ] } },
{ "type": "Feature", "properties": { "OBJECTID": 177135, "SHAPE_Leng": 48.140984089, "SHAPE_Area": 124.94845557399999, "Town": "Allama Iqbal Town", "UC_N0": "UC_120", "Landuse": "R", "KA": null, "Name": null, "Plot_No": "308", "Block": "A", "Plot_Size": "5M", "Road_Width": null, "Classifica": null, "Category": null, "MAP": null, "__source_file": "revenu.shp" }, "geometry": { "type": "Polygon", "coordinates": [ [ [ 74.280686968270345, 31.452064477124534 ], [ 74.28069361474563, 31.451916392331665 ], [ 74.280658976464139, 31.451915982170398 ], [ 74.280614401845767, 31.451915453939101 ], [ 74.280606557910332, 31.452064593921538 ], [ 74.280686968270345, 31.452064477124534 ] ] ] } },
{ "type": "Feature", "properties": { "OBJECTID": 177136, "SHAPE_Leng": 47.2435488295, "SHAPE_Area": 118.717048639, "Town": "Allama Iqbal Town", "UC_N0": "UC_120", "Landuse": "R", "KA": null, "Name": null, "Plot_No": "307", "Block": "A", "Plot_Size": "5M", "Road_Width": null, "Classifica": null, "Category": null, "MAP": null, "__source_file": "revenu.shp" }, "geometry": { "type": "Polygon", "coordinates": [ [ [ 74.280765533664763, 31.452064362548104 ], [ 74.280767779499669, 31.451917270750556 ], [ 74.28069361474563, 31.451916392331665 ], [ 74.280686968270345, 31.452064477124534 ], [ 74.280765533664763, 31.452064362548104 ] ] ] } },
{ "type": "Feature", "properties": { "OBJECTID": 177137, "SHAPE_Leng": 47.282316692199998, "SHAPE_Area": 120.114170376, "Town": "Allama Iqbal Town", "UC_N0": "UC_120", "Landuse": "R", "KA": null, "Name": null, "Plot_No": "306", "Block": "A", "Plot_Size": "5M", "Road_Width": null, "Classifica": null, "Category": null, "MAP": null, "__source_file": "revenu.shp" }, "geometry": { "type": "Polygon", "coordinates": [ [ [ 74.280844990497215, 31.45206424661307 ], [ 74.280843930055781, 31.451918172005172 ], [ 74.280767779499669, 31.451917270750556 ], [ 74.280765533664763, 31.452064362548104 ], [ 74.280844990497215, 31.45206424661307 ] ] ] } },
{ "type": "Feature", "properties": { "OBJECTID": 177138, "SHAPE_Leng": 48.208101755800001, "SHAPE_Area": 128.62332070299999, "Town": "Allama Iqbal Town", "UC_N0": "UC_120", "Landuse": "R", "KA": null, "Name": null, "Plot_No": "305", "Block": "A", "Plot_Size": "5M", "Road_Width": null, "Classifica": null, "Category": null, "MAP": null, "__source_file": "revenu.shp" }, "geometry": { "type": "Polygon", "coordinates": [ [ [ 74.280927823632197, 31.452064126125688 ], [ 74.280928959333536, 31.451919178998374 ], [ 74.280884846688693, 31.451918657063633 ], [ 74.280843930055781, 31.451918172005172 ], [ 74.280844990497215, 31.45206424661307 ], [ 74.280927823632197, 31.452064126125688 ] ] ] } },
{ "type": "Feature", "properties": { "OBJECTID": 179431, "SHAPE_Leng": 71.914343128699997, "SHAPE_Area": 312.69540745199998, "Town": "Allama Iqbal Town", "UC_N0": "UC_120", "Landuse": "R", "KA": null, "Name": null, "Plot_No": "342", "Block": "A", "Plot_Size": "1K", "Road_Width": null, "Classifica": null, "Category": null, "MAP": null, "__source_file": "revenu.shp" }, "geometry": { "type": "Polygon", "coordinates": [ [ [ 74.28124515589235, 31.451004756236298 ], [ 74.281242889669912, 31.450813760190211 ], [ 74.281089699157562, 31.450814131109858 ], [ 74.281088197659756, 31.451006048835417 ], [ 74.28124515589235, 31.451004756236298 ] ] ] } },
{ "type": "Feature", "properties": { "OBJECTID": 179432, "SHAPE_Leng": 80.460295096899998, "SHAPE_Area": 402.83036420399998, "Town": "Allama Iqbal Town", "UC_N0": "UC_120", "Landuse": "R", "KA": null, "Name": null, "Plot_No": "334", "Block": "A", "Plot_Size": "1K", "Road_Width": null, "Classifica": null, "Category": null, "MAP": null, "__source_file": "revenu.shp" }, "geometry": { "type": "Polygon", "coordinates": [ [ [ 74.280962257854029, 31.451007085913947 ], [ 74.280967314088329, 31.450814427570347 ], [ 74.280766455661421, 31.45081491304828 ], [ 74.28076718203485, 31.451008691935982 ], [ 74.280962257854029, 31.451007085913947 ] ] ] } },
{ "type": "Feature", "properties": { "OBJECTID": 179433, "SHAPE_Leng": 66.228288133899994, "SHAPE_Area": 251.42500994299999, "Town": "Allama Iqbal Town", "UC_N0": "UC_120", "Landuse": "R", "KA": null, "Name": null, "Plot_No": "335", "Block": "A", "Plot_Size": "1K", "Road_Width": null, "Classifica": null, "Category": null, "MAP": null, "__source_file": "revenu.shp" }, "geometry": { "type": "Polygon", "coordinates": [ [ [ 74.28101346231027, 31.451006664199706 ], [ 74.281088197659756, 31.451006048835417 ], [ 74.281089699157562, 31.450814131109858 ], [ 74.280967314088329, 31.450814427570347 ], [ 74.280962257854029, 31.451007085913947 ], [ 74.28101346231027, 31.451006664199706 ] ] ] } },
{ "type": "Feature", "properties": { "OBJECTID": 179434, "SHAPE_Leng": 69.329897792200001, "SHAPE_Area": 277.65134168700001, "Town": "Allama Iqbal Town", "UC_N0": "UC_120", "Landuse": "R", "KA": null, "Name": null, "Plot_No": "343", "Block": "A", "Plot_Size": "1K", "Road_Width": null, "Classifica": null, "Category": null, "MAP": null, "__source_file": "revenu.shp" }, "geometry": { "type": "Polygon", "coordinates": [ [ [ 74.28124650825832, 31.451118747523669 ], [ 74.28124515589235, 31.451004756236298 ], [ 74.281088197659756, 31.451006048835417 ], [ 74.28101346231027, 31.451006664199706 ], [ 74.281012990011718, 31.45111934333152 ], [ 74.28124650825832, 31.451118747523669 ] ] ] } },
{ "type": "Feature", "properties": { "OBJECTID": 179435, "SHAPE_Leng": 63.883493698300001, "SHAPE_Area": 206.32464170700001, "Town": "Allama Iqbal Town", "UC_N0": "UC_120", "Landuse": "R", "KA": null, "Name": null, "Plot_No": "328", "Block": "A", "Plot_Size": "1K", "Road_Width": null, "Classifica": null, "Category": null, "MAP": null, "__source_file": "revenu.shp" }, "geometry": { "type": "Polygon", "coordinates": [ [ [ 74.281010783645812, 31.451645061049348 ], [ 74.281011114367402, 31.451566351764246 ], [ 74.280769266335867, 31.451564968691798 ], [ 74.280769579629577, 31.451648483239961 ], [ 74.281010783645812, 31.451645061049348 ] ] ] } },
{ "type": "Feature", "properties": { "OBJECTID": 179436, "SHAPE_Leng": 62.779914929900002, "SHAPE_Area": 193.93745585400001, "Town": "Allama Iqbal Town", "UC_N0": "UC_120", "Landuse": "R", "KA": null, "Name": null, "Plot_No": "348", "Block": "A", "Plot_Size": "1K", "Road_Width": null, "Classifica": null, "Category": null, "MAP": null, "__source_file": "revenu.shp" }, "geometry": { "type": "Polygon", "coordinates": [ [ [ 74.281251835293091, 31.451567728055252 ], [ 74.281011114367402, 31.451566351764246 ], [ 74.281010783645812, 31.451645061049348 ], [ 74.281252711817075, 31.451641628032224 ], [ 74.281251835293091, 31.451567728055252 ] ] ] } },
{ "type": "Feature", "properties": { "OBJECTID": 179437, "SHAPE_Leng": 67.013446982800005, "SHAPE_Area": 241.449024436, "Town": "Allama Iqbal Town", "UC_N0": "UC_120", "Landuse": "R", "KA": null, "Name": null, "Plot_No": "329", "Block": "A", "Plot_Size": "1K", "Road_Width": null, "Classifica": null, "Category": null, "MAP": null, "__source_file": "revenu.shp" }, "geometry": { "type": "Polygon", "coordinates": [ [ [ 74.28101151340654, 31.451471257525981 ], [ 74.280768913646938, 31.451470769755264 ], [ 74.280769266335867, 31.451564968691798 ], [ 74.281011114367402, 31.451566351764246 ], [ 74.28101151340654, 31.451471257525981 ] ] ] } },
{ "type": "Feature", "properties": { "OBJECTID": 179438, "SHAPE_Leng": 66.780634046200007, "SHAPE_Area": 241.44308251199999, "Town": "Allama Iqbal Town", "UC_N0": "UC_120", "Landuse": "R", "KA": null, "Name": null, "Plot_No": "347", "Block": "A", "Plot_Size": "1K", "Road_Width": null, "Classifica": null, "Category": null, "MAP": null, "__source_file": "revenu.shp" }, "geometry": { "type": "Polygon", "coordinates": [ [ [ 74.281250695936464, 31.451471738292621 ], [ 74.28101151340654, 31.451471257525981 ], [ 74.281011114367402, 31.451566351764246 ], [ 74.281251835293091, 31.451567728055252 ], [ 74.281250695936464, 31.451471738292621 ] ] ] } },
{ "type": "Feature", "properties": { "OBJECTID": 179439, "SHAPE_Leng": 65.707611740299996, "SHAPE_Area": 225.51292355000001, "Town": "Allama Iqbal Town", "UC_N0": "UC_120", "Landuse": "R", "KA": null, "Name": null, "Plot_No": "330", "Block": "A", "Plot_Size": "1K", "Road_Width": null, "Classifica": null, "Category": null, "MAP": null, "__source_file": "revenu.shp" }, "geometry": { "type": "Polygon", "coordinates": [ [ [ 74.28101151340654, 31.451471257525981 ], [ 74.281011885079266, 31.451382639314705 ], [ 74.280768585665584, 31.451383116609382 ], [ 74.280768913646938, 31.451470769755264 ], [ 74.28101151340654, 31.451471257525981 ] ] ] } },
{ "type": "Feature", "properties": { "OBJECTID": 179440, "SHAPE_Leng": 65.067911492199997, "SHAPE_Area": 223.75213545400001, "Town": "Allama Iqbal Town", "UC_N0": "UC_120", "Landuse": "R", "KA": null, "Name": null, "Plot_No": "346", "Block": "A", "Plot_Size": "1K", "Road_Width": null, "Classifica": null, "Category": null, "MAP": null, "__source_file": "revenu.shp" }, "geometry": { "type": "Polygon", "coordinates": [ [ [ 74.281250695936464, 31.451471738292621 ], [ 74.281249633819996, 31.451382172815016 ], [ 74.281011885079266, 31.451382639314705 ], [ 74.28101151340654, 31.451471257525981 ], [ 74.281250695936464, 31.451471738292621 ] ] ] } },
{ "type": "Feature", "properties": { "OBJECTID": 179441, "SHAPE_Leng": 67.1220624921, "SHAPE_Area": 240.93162998700001, "Town": "Allama Iqbal Town", "UC_N0": "UC_120", "Landuse": "R", "KA": null, "Name": null, "Plot_No": "331", "Block": "A", "Plot_Size": "1K", "Road_Width": null, "Classifica": null, "Category": null, "MAP": null, "__source_file": "revenu.shp" }, "geometry": { "type": "Polygon", "coordinates": [ [ [ 74.281011885079266, 31.451382639314705 ], [ 74.281012285114144, 31.451287276215826 ], [ 74.280768239238256, 31.451290714940612 ], [ 74.280768585665584, 31.451383116609382 ], [ 74.281011885079266, 31.451382639314705 ] ] ] } },
{ "type": "Feature", "properties": { "OBJECTID": 179442, "SHAPE_Leng": 66.493478902999996, "SHAPE_Area": 241.57599649900001, "Town": "Allama Iqbal Town", "UC_N0": "UC_120", "Landuse": "R", "KA": null, "Name": null, "Plot_No": "345", "Block": "A", "Plot_Size": "1K", "Road_Width": null, "Classifica": null, "Category": null, "MAP": null, "__source_file": "revenu.shp" }, "geometry": { "type": "Polygon", "coordinates": [ [ [ 74.281249633819996, 31.451382172815016 ], [ 74.281248468385996, 31.451283947185907 ], [ 74.281012285114144, 31.451287276215826 ], [ 74.281011885079266, 31.451382639314705 ], [ 74.281249633819996, 31.451382172815016 ] ] ] } },
{ "type": "Feature", "properties": { "OBJECTID": 179443, "SHAPE_Leng": 64.457880793499996, "SHAPE_Area": 209.097760257, "Town": "Allama Iqbal Town", "UC_N0": "UC_120", "Landuse": "R", "KA": null, "Name": null, "Plot_No": "332", "Block": "A", "Plot_Size": "1K", "Road_Width": null, "Classifica": null, "Category": null, "MAP": null, "__source_file": "revenu.shp" }, "geometry": { "type": "Polygon", "coordinates": [ [ [ 74.281012285114144, 31.451287276215826 ], [ 74.281012609596814, 31.451209933764559 ], [ 74.280767920540413, 31.451205565523065 ], [ 74.280768239238256, 31.451290714940612 ], [ 74.281012285114144, 31.451287276215826 ] ] ] } },
{ "type": "Feature", "properties": { "OBJECTID": 179444, "SHAPE_Leng": 61.093724128399998, "SHAPE_Area": 182.57879682000001, "Town": "Allama Iqbal Town", "UC_N0": "UC_120", "Landuse": "R", "KA": null, "Name": null, "Plot_No": "344", "Block": "A", "Plot_Size": "1K", "Road_Width": null, "Classifica": null, "Category": null, "MAP": null, "__source_file": "revenu.shp" }, "geometry": { "type": "Polygon", "coordinates": [ [ [ 74.281248468385996, 31.451283947185907 ], [ 74.28124763962802, 31.451214129145946 ], [ 74.281012609596814, 31.451209933764559 ], [ 74.281012285114144, 31.451287276215826 ], [ 74.281248468385996, 31.451283947185907 ] ] ] } },
{ "type": "Feature", "properties": { "OBJECTID": 188745, "SHAPE_Leng": 87.709666597899997, "SHAPE_Area": 401.53445587700003, "Town": "Allama Iqbal Town", "UC_N0": "UC_120", "Landuse": "R", "KA": null, "Name": null, "Plot_No": "432", "Block": "A", "Plot_Size": "1K", "Road_Width": null, "Classifica": null, "Category": null, "MAP": null, "__source_file": "revenu.shp" }, "geometry": { "type": "Polygon", "coordinates": [ [ [ 74.284380061789165, 31.451854953727679 ], [ 74.284287308107821, 31.451605548997652 ], [ 74.284257735278842, 31.451611237394889 ], [ 74.284245283441265, 31.451613633598946 ], [ 74.284245222319569, 31.451613644084109 ], [ 74.284245166459883, 31.451613654598674 ], [ 74.284245091636365, 31.451613667713964 ], [ 74.284213637131828, 31.45161892695269 ], [ 74.284196147422122, 31.451621850770078 ], [ 74.284201258795534, 31.451908940823337 ], [ 74.284321057432138, 31.451875272413002 ], [ 74.284380061789165, 31.451854953727679 ] ] ] } },
{ "type": "Feature", "properties": { "OBJECTID": 188746, "SHAPE_Leng": 112.661249005, "SHAPE_Area": 784.87499889100002, "Town": "Allama Iqbal Town", "UC_N0": "UC_120", "Landuse": "R", "KA": null, "Name": null, "Plot_No": "434", "Block": "A", "Plot_Size": "1K", "Road_Width": null, "Classifica": null, "Category": null, "MAP": null, "__source_file": "revenu.shp" }, "geometry": { "type": "Polygon", "coordinates": [ [ [ 74.284751448447537, 31.451727063128029 ], [ 74.284613122553196, 31.451509153680295 ], [ 74.284611775287757, 31.451509625213454 ], [ 74.284506206714354, 31.45154657390389 ], [ 74.284637012266757, 31.451766470352673 ], [ 74.284751448447537, 31.451727063128029 ] ] ] } },
{ "type": "Feature", "properties": { "OBJECTID": 188747, "SHAPE_Leng": 78.353429413599997, "SHAPE_Area": 347.31448826799999, "Town": "Allama Iqbal Town", "UC_N0": "UC_120", "Landuse": "R", "KA": null, "Name": null, "Plot_No": "439", "Block": "A", "Plot_Size": "1K", "Road_Width": null, "Classifica": null, "Category": null, "MAP": null, "__source_file": "revenu.shp" }, "geometry": { "type": "Polygon", "coordinates": [ [ [ 74.28531263475648, 31.451511062508452 ], [ 74.285193844514723, 31.451305901111667 ], [ 74.285181570910538, 31.451310196909645 ], [ 74.285100811612239, 31.451338463164582 ], [ 74.285223867672244, 31.451547192627839 ], [ 74.285284137557568, 31.451522661493357 ], [ 74.28531263475648, 31.451511062508452 ] ] ] } },
{ "type": "Feature", "properties": { "OBJECTID": 188748, "SHAPE_Leng": 83.017177988599997, "SHAPE_Area": 398.615218207, "Town": "Allama Iqbal Town", "UC_N0": "UC_120", "Landuse": "R", "KA": null, "Name": null, "Plot_No": "438", "Block": "A", "Plot_Size": "1K", "Road_Width": null, "Classifica": null, "Category": null, "MAP": null, "__source_file": "revenu.shp" }, "geometry": { "type": "Polygon", "coordinates": [ [ [ 74.285223867672229, 31.451547192627839 ], [ 74.285100811612224, 31.451338463164561 ], [ 74.285018281562088, 31.451367348335665 ], [ 74.284952086740304, 31.451390517012314 ], [ 74.285080848932921, 31.451605478566798 ], [ 74.285223867672229, 31.451547192627839 ] ] ] } },
{ "type": "Feature", "properties": { "OBJECTID": 188749, "SHAPE_Leng": 81.403510212100002, "SHAPE_Area": 361.51598378800003, "Town": "Allama Iqbal Town", "UC_N0": "UC_120", "Landuse": "R", "KA": null, "Name": null, "Plot_No": "436", "Block": "A", "Plot_Size": "1K", "Road_Width": null, "Classifica": null, "Category": null, "MAP": null, "__source_file": "revenu.shp" }, "geometry": { "type": "Polygon", "coordinates": [ [ [ 74.28494569700058, 31.451660171385374 ], [ 74.284814451352915, 31.451438688972139 ], [ 74.284734531818771, 31.451466661045298 ], [ 74.284684916998913, 31.451484026116162 ], [ 74.284817805650079, 31.451704212310084 ], [ 74.28494569700058, 31.451660171385374 ] ] ] } },
{ "type": "Feature", "properties": { "OBJECTID": 188750, "SHAPE_Leng": 71.612754393900005, "SHAPE_Area": 259.95447700599999, "Town": "Allama Iqbal Town", "UC_N0": "UC_120", "Landuse": "V", "KA": null, "Name": null, "Plot_No": "441", "Block": "A", "Plot_Size": "1K", "Road_Width": null, "Classifica": null, "Category": null, "MAP": null, "__source_file": "revenu.shp" }, "geometry": { "type": "Polygon", "coordinates": [ [ [ 74.285266113407516, 31.451280606933235 ], [ 74.28541380841051, 31.451469906076262 ], [ 74.285479267537639, 31.451443288948294 ], [ 74.285308290442217, 31.451265845023393 ], [ 74.285266113407516, 31.451280606933235 ] ] ] } },
{ "type": "Feature", "properties": { "OBJECTID": 188751, "SHAPE_Leng": 137.10275498, "SHAPE_Area": 1093.1496562899999, "Town": "Allama Iqbal Town", "UC_N0": "UC_120", "Landuse": "R", "KA": null, "Name": null, "Plot_No": "363A", "Block": "A", "Plot_Size": "1K", "Road_Width": null, "Classifica": null, "Category": null, "MAP": null, "__source_file": "revenu.shp" }, "geometry": { "type": "Polygon", "coordinates": [ [ [ 74.282788437798658, 31.451026106271097 ], [ 74.28259361899093, 31.451028246677961 ], [ 74.282591544242095, 31.451294066185433 ], [ 74.282781021919845, 31.451293687810814 ], [ 74.282788437798658, 31.451026106271097 ] ] ] } },
{ "type": "Feature", "properties": { "OBJECTID": 187834, "SHAPE_Leng": 82.646899968499994, "SHAPE_Area": 384.19031606099998, "Town": "Allama Iqbal Town", "UC_N0": "UC_120", "Landuse": "R", "KA": null, "Name": null, "Plot_No": "437", "Block": "A", "Plot_Size": "1K", "Road_Width": null, "Classifica": null, "Category": null, "MAP": null, "__source_file": "revenu.shp" }, "geometry": { "type": "Polygon", "coordinates": [ [ [ 74.285080848932921, 31.451605478566798 ], [ 74.284952086740304, 31.451390517012314 ], [ 74.284878534677546, 31.451416260133652 ], [ 74.284814451352915, 31.451438688972139 ], [ 74.28494569700058, 31.451660171385374 ], [ 74.284952716251638, 31.451657753807549 ], [ 74.285080848932921, 31.451605478566798 ] ] ] } },
{ "type": "Feature", "properties": { "OBJECTID": 187835, "SHAPE_Leng": 88.655291634099996, "SHAPE_Area": 429.19744247699998, "Town": "Allama Iqbal Town", "UC_N0": "UC_120", "Landuse": "R", "KA": null, "Name": null, "Plot_No": "398", "Block": "A", "Plot_Size": "1K", "Road_Width": null, "Classifica": null, "Category": null, "MAP": null, "__source_file": "revenu.shp" }, "geometry": { "type": "Polygon", "coordinates": [ [ [ 74.283312825408387, 31.450728115060993 ], [ 74.283302541970059, 31.450196208320769 ], [ 74.283145664712961, 31.450197409173978 ], [ 74.283095405844264, 31.450197793882378 ], [ 74.283081393038785, 31.450729538627613 ], [ 74.283179097462124, 31.450728937617889 ], [ 74.283312825408387, 31.450728115060993 ] ] ] } },
{ "type": "Feature", "properties": { "OBJECTID": 187837, "SHAPE_Leng": 334.64845964900002, "SHAPE_Area": 5306.6647087299998, "Town": "Allama Iqbal Town", "UC_N0": "UC_120", "Landuse": "E", "KA": null, "Name": "UNIVERSITY OF cAMBRIDGE (International Examination", "Plot_No": null, "Block": "A", "Plot_Size": "12.69K", "Road_Width": null, "Classifica": null, "Category": null, "MAP": null, "__source_file": "revenu.shp" }, "geometry": { "type": "Polygon", "coordinates": [ [ [ 74.283193662266029, 31.452692688323594 ], [ 74.282879815008087, 31.452444667879025 ], [ 74.282773781075207, 31.452542037922335 ], [ 74.282712072589788, 31.452581638437383 ], [ 74.282644706933212, 31.452615873274802 ], [ 74.282573417310914, 31.452643664048836 ], [ 74.282499040822813, 31.452664684325274 ], [ 74.282422449748836, 31.452678687264715 ], [ 74.282344540989456, 31.452685510074616 ], [ 74.282336360082695, 31.452685804375569 ], [ 74.281848987299085, 31.452685783825274 ], [ 74.281865076128838, 31.45310418769132 ], [ 74.282536868794551, 31.453106874411091 ], [ 74.283147746915105, 31.452720424735688 ], [ 74.283193662266029, 31.452692688323594 ] ] ] } },
{ "type": "Feature", "properties": { "OBJECTID": 187839, "SHAPE_Leng": 93.795554715600005, "SHAPE_Area": 534.03360928100005, "Town": "Allama Iqbal Town", "UC_N0": "UC_120", "Landuse": "R", "KA": null, "Name": null, "Plot_No": null, "Block": "A", "Plot_Size": null, "Road_Width": null, "Classifica": null, "Category": null, "MAP": null, "__source_file": "revenu.shp" }, "geometry": { "type": "Polygon", "coordinates": [ [ [ 74.285816392024586, 31.450349959363432 ], [ 74.285673844019399, 31.45022472931398 ], [ 74.285461426144622, 31.450389887224055 ], [ 74.285603067357201, 31.450518386630915 ], [ 74.285816392024586, 31.450349959363432 ] ] ] } },
{ "type": "Feature", "properties": { "OBJECTID": 187840, "SHAPE_Leng": 81.8476570272, "SHAPE_Area": 386.04365254800001, "Town": "Allama Iqbal Town", "UC_N0": "UC_120", "Landuse": "R", "KA": null, "Name": null, "Plot_No": "412A", "Block": "A", "Plot_Size": "1K", "Road_Width": null, "Classifica": null, "Category": null, "MAP": null, "__source_file": "revenu.shp" }, "geometry": { "type": "Polygon", "coordinates": [ [ [ 74.285601387227345, 31.450636181046299 ], [ 74.285495045318129, 31.450539191243507 ], [ 74.285297696518867, 31.450699880285388 ], [ 74.285320106280864, 31.450722032295857 ], [ 74.285399596105677, 31.45080060685008 ], [ 74.285601387227345, 31.450636181046299 ] ] ] } },
{ "type": "Feature", "properties": { "OBJECTID": 187841, "SHAPE_Leng": 175.18088568900001, "SHAPE_Area": 1818.7600222200001, "Town": "Allama Iqbal Town", "UC_N0": "UC_120", "Landuse": "R", "KA": null, "Name": null, "Plot_No": null, "Block": "A", "Plot_Size": null, "Road_Width": null, "Classifica": null, "Category": null, "MAP": null, "__source_file": "revenu.shp" }, "geometry": { "type": "Polygon", "coordinates": [ [ [ 74.286494393782846, 31.450622284026394 ], [ 74.28630076785565, 31.450775485226224 ], [ 74.286079466543839, 31.450950583202843 ], [ 74.286269699026633, 31.451123163043849 ], [ 74.286572669290493, 31.451001037392324 ], [ 74.286779599446646, 31.450890716936769 ], [ 74.286494393782846, 31.450622284026394 ] ] ] } },
{ "type": "Feature", "properties": { "OBJECTID": 187842, "SHAPE_Leng": 93.840057183300004, "SHAPE_Area": 532.77963481400002, "Town": "Allama Iqbal Town", "UC_N0": "UC_120", "Landuse": "R", "KA": null, "Name": null, "Plot_No": null, "Block": "A", "Plot_Size": null, "Road_Width": null, "Classifica": null, "Category": null, "MAP": null, "__source_file": "revenu.shp" }, "geometry": { "type": "Polygon", "coordinates": [ [ [ 74.28602775297243, 31.450183080733947 ], [ 74.285891882718161, 31.450055199508725 ], [ 74.285673844019399, 31.45022472931398 ], [ 74.285816392024586, 31.450349959363432 ], [ 74.28602775297243, 31.450183080733947 ] ] ] } },
{ "type": "Feature", "properties": { "OBJECTID": 187843, "SHAPE_Leng": 90.353284112799997, "SHAPE_Area": 502.31060567200001, "Town": "Allama Iqbal Town", "UC_N0": "UC_120", "Landuse": "R", "KA": null, "Name": null, "Plot_No": null, "Block": "A", "Plot_Size": null, "Road_Width": null, "Classifica": null, "Category": null, "MAP": null, "__source_file": "revenu.shp" }, "geometry": { "type": "Polygon", "coordinates": [ [ [ 74.286494393782846, 31.450622284026394 ], [ 74.286351428952045, 31.450487726080304 ], [ 74.286158013647835, 31.45065007592186 ], [ 74.28630076785565, 31.450775485226224 ], [ 74.286494393782846, 31.450622284026394 ] ] ] } },
{ "type": "Feature", "properties": { "OBJECTID": 187844, "SHAPE_Leng": 94.923701459200004, "SHAPE_Area": 540.70428445300001, "Town": "Allama Iqbal Town", "UC_N0": "UC_120", "Landuse": "R", "KA": null, "Name": null, "Plot_No": null, "Block": "A", "Plot_Size": null, "Road_Width": null, "Classifica": null, "Category": null, "MAP": null, "__source_file": "revenu.shp" }, "geometry": { "type": "Polygon", "coordinates": [ [ [ 74.28630076785565, 31.450775485226224 ], [ 74.286158013647835, 31.45065007592186 ], [ 74.285945160618525, 31.450828739438432 ], [ 74.286079466543839, 31.450950583202843 ], [ 74.28630076785565, 31.450775485226224 ] ] ] } },
{ "type": "Feature", "properties": { "OBJECTID": 187845, "SHAPE_Leng": 81.474957631799995, "SHAPE_Area": 383.35998028799997, "Town": "Allama Iqbal Town", "UC_N0": "UC_120", "Landuse": "R", "KA": null, "Name": null, "Plot_No": null, "Block": "A", "Plot_Size": null, "Road_Width": null, "Classifica": null, "Category": null, "MAP": null, "__source_file": "revenu.shp" }, "geometry": { "type": "Polygon", "coordinates": [ [ [ 74.286351428952045, 31.450487726080304 ], [ 74.286247260325695, 31.450389682570268 ], [ 74.286049025360839, 31.450554329529815 ], [ 74.286158013647835, 31.45065007592186 ], [ 74.286351428952045, 31.450487726080304 ] ] ] } },
{ "type": "Feature", "properties": { "OBJECTID": 187846, "SHAPE_Leng": 86.177526900999993, "SHAPE_Area": 420.030625171, "Town": "Allama Iqbal Town", "UC_N0": "UC_120", "Landuse": "R", "KA": null, "Name": null, "Plot_No": null, "Block": "A", "Plot_Size": null, "Road_Width": null, "Classifica": null, "Category": null, "MAP": null, "__source_file": "revenu.shp" }, "geometry": { "type": "Polygon", "coordinates": [ [ [ 74.286158013647835, 31.45065007592186 ], [ 74.286049025360839, 31.450554329529815 ], [ 74.285836893104133, 31.450730517566754 ], [ 74.285945160618525, 31.450828739438432 ], [ 74.286158013647835, 31.45065007592186 ] ] ] } },
{ "type": "Feature", "properties": { "OBJECTID": 187847, "SHAPE_Leng": 83.712220947399999, "SHAPE_Area": 406.93982253000001, "Town": "Allama Iqbal Town", "UC_N0": "UC_120", "Landuse": "R", "KA": null, "Name": null, "Plot_No": null, "Block": "A", "Plot_Size": null, "Road_Width": null, "Classifica": null, "Category": null, "MAP": null, "__source_file": "revenu.shp" }, "geometry": { "type": "Polygon", "coordinates": [ [ [ 74.286247260325695, 31.450389682570268 ], [ 74.28614090269906, 31.450289577818577 ], [ 74.285933466533152, 31.450452810056351 ], [ 74.286049025360839, 31.450554329529815 ], [ 74.286247260325695, 31.450389682570268 ] ] ] } },
{ "type": "Feature", "properties": { "OBJECTID": 187848, "SHAPE_Leng": 88.0734706569, "SHAPE_Area": 449.67784536400001, "Town": "Allama Iqbal Town", "UC_N0": "UC_120", "Landuse": "R", "KA": null, "Name": null, "Plot_No": null, "Block": "A", "Plot_Size": null, "Road_Width": null, "Classifica": null, "Category": null, "MAP": null, "__source_file": "revenu.shp" }, "geometry": { "type": "Polygon", "coordinates": [ [ [ 74.286049025360839, 31.450554329529815 ], [ 74.285933466533152, 31.450452810056351 ], [ 74.285717825331261, 31.450622497640147 ], [ 74.285836893104133, 31.450730517566754 ], [ 74.286049025360839, 31.450554329529815 ] ] ] } },
{ "type": "Feature", "properties": { "OBJECTID": 187849, "SHAPE_Leng": 85.953464259599997, "SHAPE_Area": 430.95004143599999, "Town": "Allama Iqbal Town", "UC_N0": "UC_120", "Landuse": "R", "KA": null, "Name": null, "Plot_No": null, "Block": "A", "Plot_Size": null, "Road_Width": null, "Classifica": null, "Category": null, "MAP": null, "__source_file": "revenu.shp" }, "geometry": { "type": "Polygon", "coordinates": [ [ [ 74.28614090269906, 31.450289577818577 ], [ 74.28602775297243, 31.450183080733947 ], [ 74.285816392024586, 31.450349959363432 ], [ 74.285933466533152, 31.450452810056351 ], [ 74.28614090269906, 31.450289577818577 ] ] ] } },
{ "type": "Feature", "properties": { "OBJECTID": 187850, "SHAPE_Leng": 87.1751723454, "SHAPE_Area": 440.14301578700002, "Town": "Allama Iqbal Town", "UC_N0": "UC_120", "Landuse": "R", "KA": null, "Name": null, "Plot_No": null, "Block": "A", "Plot_Size": null, "Road_Width": null, "Classifica": null, "Category": null, "MAP": null, "__source_file": "revenu.shp" }, "geometry": { "type": "Polygon", "coordinates": [ [ [ 74.285933466533152, 31.450452810056351 ], [ 74.285816392024586, 31.450349959363432 ], [ 74.285603067357201, 31.450518386630915 ], [ 74.285717825331261, 31.450622497640147 ], [ 74.285933466533152, 31.450452810056351 ] ] ] } },
{ "type": "Feature", "properties": { "OBJECTID": 188296, "SHAPE_Leng": 93.061581448200002, "SHAPE_Area": 497.785036838, "Town": "Allama Iqbal Town", "UC_N0": "UC_120", "Landuse": "R", "KA": null, "Name": null, "Plot_No": "374", "Block": "A", "Plot_Size": "1K", "Road_Width": null, "Classifica": null, "Category": null, "MAP": null, "__source_file": "revenu.shp" }, "geometry": { "type": "Polygon", "coordinates": [ [ [ 74.28441323895818, 31.450963225995814 ], [ 74.28445115580918, 31.451220961623406 ], [ 74.284592894460914, 31.451159822042033 ], [ 74.284460545543268, 31.450944394261587 ], [ 74.28441323895818, 31.450963225995814 ] ] ] } },
{ "type": "Feature", "properties": { "OBJECTID": 188297, "SHAPE_Leng": 90.816442037200005, "SHAPE_Area": 378.55865671800001, "Town": "Allama Iqbal Town", "UC_N0": "UC_120", "Landuse": "R", "KA": null, "Name": null, "Plot_No": "417", "Block": "A", "Plot_Size": "1K", "Road_Width": null, "Classifica": null, "Category": null, "MAP": null, "__source_file": "revenu.shp" }, "geometry": { "type": "Polygon", "coordinates": [ [ [ 74.285231662522961, 31.451292664686214 ], [ 74.285308290442202, 31.451265845023393 ], [ 74.285075737903057, 31.451024494407779 ], [ 74.284982120717643, 31.451064593707468 ], [ 74.285181570910538, 31.451310196909645 ], [ 74.285231662522961, 31.451292664686214 ] ] ] } },
{ "type": "Feature", "properties": { "OBJECTID": 188299, "SHAPE_Leng": 89.8595439833, "SHAPE_Area": 431.03273781299998, "Town": "Allama Iqbal Town", "UC_N0": "UC_120", "Landuse": "R", "KA": null, "Name": null, "Plot_No": "420", "Block": "A", "Plot_Size": "1K", "Road_Width": null, "Classifica": null, "Category": null, "MAP": null, "__source_file": "revenu.shp" }, "geometry": { "type": "Polygon", "coordinates": [ [ [ 74.284952086740304, 31.451390517012314 ], [ 74.285018281562088, 31.451367348335665 ], [ 74.284869489199991, 31.451112837643542 ], [ 74.284742548292016, 31.451167210699005 ], [ 74.284878534677546, 31.451416260133652 ], [ 74.284952086740304, 31.451390517012314 ] ] ] } },
{ "type": "Feature", "properties": { "OBJECTID": 188300, "SHAPE_Leng": 89.954437733299997, "SHAPE_Area": 450.13958365000002, "Town": "Allama Iqbal Town", "UC_N0": "UC_120", "Landuse": "R", "KA": null, "Name": null, "Plot_No": "421", "Block": "A", "Plot_Size": "1K", "Road_Width": null, "Classifica": null, "Category": null, "MAP": null, "__source_file": "revenu.shp" }, "geometry": { "type": "Polygon", "coordinates": [ [ [ 74.284814451352915, 31.451438688972139 ], [ 74.284878534677546, 31.451416260133652 ], [ 74.284742548292016, 31.451167210699005 ], [ 74.28459808279014, 31.451229089715511 ], [ 74.284734531818771, 31.451466661045298 ], [ 74.284814451352915, 31.451438688972139 ] ] ] } },
{ "type": "Feature", "properties": { "OBJECTID": 188301, "SHAPE_Leng": 82.915306356599999, "SHAPE_Area": 363.63750843700001, "Town": "Allama Iqbal Town", "UC_N0": "UC_120", "Landuse": "R", "KA": null, "Name": null, "Plot_No": "422", "Block": "A", "Plot_Size": "1K", "Road_Width": null, "Classifica": null, "Category": null, "MAP": null, "__source_file": "revenu.shp" }, "geometry": { "type": "Polygon", "coordinates": [ [ [ 74.284684916998913, 31.451484026116162 ], [ 74.284734531818771, 31.451466661045298 ], [ 74.28459808279014, 31.451229089715511 ], [ 74.284506178807447, 31.451271097418498 ], [ 74.284478886353881, 31.451282098287017 ], [ 74.284611775287729, 31.451509625213454 ], [ 74.284684916998913, 31.451484026116162 ] ] ] } },
{ "type": "Feature", "properties": { "OBJECTID": 188302, "SHAPE_Leng": 84.6717833963, "SHAPE_Area": 396.51754605799999, "Town": "Allama Iqbal Town", "UC_N0": "UC_120", "Landuse": "R", "KA": null, "Name": null, "Plot_No": "423", "Block": "A", "Plot_Size": "1K", "Road_Width": null, "Classifica": null, "Category": null, "MAP": null, "__source_file": "revenu.shp" }, "geometry": { "type": "Polygon", "coordinates": [ [ [ 74.284611775287729, 31.451509625213454 ], [ 74.284478886353881, 31.451282098287017 ], [ 74.284408919830668, 31.45130743892619 ], [ 74.284346085346428, 31.451326871896452 ], [ 74.284468605461484, 31.451558947803196 ], [ 74.284468637626475, 31.45155900843206 ], [ 74.284468703033156, 31.451558988046244 ], [ 74.284471443916075, 31.451558116468846 ], [ 74.284490907549085, 31.45155192855702 ], [ 74.284611775287729, 31.451509625213454 ] ] ] } },
{ "type": "Feature", "properties": { "OBJECTID": 188303, "SHAPE_Leng": 88.784421610600006, "SHAPE_Area": 440.28997139299997, "Town": "Allama Iqbal Town", "UC_N0": "UC_120", "Landuse": "R", "KA": null, "Name": null, "Plot_No": "427", "Block": "A", "Plot_Size": "1K", "Road_Width": null, "Classifica": null, "Category": null, "MAP": null, "__source_file": "revenu.shp" }, "geometry": { "type": "Polygon", "coordinates": [ [ [ 74.283976249379407, 31.451377735014091 ], [ 74.283817880788831, 31.451374391036722 ], [ 74.283827017234032, 31.451641758378553 ], [ 74.283827047293229, 31.451642649044434 ], [ 74.283862767545088, 31.451643733849647 ], [ 74.283892519333023, 31.451644131161725 ], [ 74.28389277397342, 31.451644137998755 ], [ 74.28389281501029, 31.451644139130401 ], [ 74.283903036149894, 31.451644170110534 ], [ 74.283923550573491, 31.451643602717382 ], [ 74.283981588461913, 31.451641996407552 ], [ 74.283976249379407, 31.451377735014091 ] ] ] } },
{ "type": "Feature", "properties": { "OBJECTID": 188304, "SHAPE_Leng": 88.231726168500003, "SHAPE_Area": 461.27187651999998, "Town": "Allama Iqbal Town", "UC_N0": "UC_120", "Landuse": "R", "KA": null, "Name": null, "Plot_No": "383", "Block": "A", "Plot_Size": "1K", "Road_Width": null, "Classifica": null, "Category": null, "MAP": null, "__source_file": "revenu.shp" }, "geometry": { "type": "Polygon", "coordinates": [ [ [ 74.283780925895243, 31.451043301743987 ], [ 74.283783008206427, 31.450798809011705 ], [ 74.283592066862141, 31.450800820492912 ], [ 74.283612362036706, 31.451043525655837 ], [ 74.283780925895243, 31.451043301743987 ] ] ] } },
{ "type": "Feature", "properties": { "OBJECTID": 188305, "SHAPE_Leng": 160.55212684399999, "SHAPE_Area": 1447.1038170500001, "Town": "Allama Iqbal Town", "UC_N0": "UC_120", "Landuse": "V", "KA": null, "Name": null, "Plot_No": "373", "Block": "A", "Plot_Size": "1K", "Road_Width": null, "Classifica": null, "Category": null, "MAP": null, "__source_file": "revenu.shp" }, "geometry": { "type": "Polygon", "coordinates": [ [ [ 74.284214110877997, 31.451014078636987 ], [ 74.284203050073515, 31.451277741860178 ], [ 74.284264982626638, 31.451269468363243 ], [ 74.284347209654285, 31.451253187898953 ], [ 74.2843581024987, 31.450985174602796 ], [ 74.284214110877997, 31.451014078636987 ] ] ] } },
{ "type": "Feature", "properties": { "OBJECTID": 188310, "SHAPE_Leng": 118.777041635, "SHAPE_Area": 493.515389056, "Town": "Allama Iqbal Town", "UC_N0": "UC_120", "Landuse": "R", "KA": null, "Name": null, "Plot_No": "378", "Block": "A", "Plot_Size": "1K", "Road_Width": null, "Classifica": null, "Category": null, "MAP": null, "__source_file": "revenu.shp" }, "geometry": { "type": "Polygon", "coordinates": [ [ [ 74.284460545543254, 31.450944394261587 ], [ 74.284602232736077, 31.450887990829738 ], [ 74.284750245108611, 31.450829069257392 ], [ 74.284849403752204, 31.450789595631907 ], [ 74.284813729352337, 31.450790966320216 ], [ 74.28477040099537, 31.450788402052584 ], [ 74.284365926976093, 31.450792665957106 ], [ 74.2843581024987, 31.450985174602796 ], [ 74.284460545543254, 31.450944394261587 ] ] ] } },
{ "type": "Feature", "properties": { "OBJECTID": 188311, "SHAPE_Leng": 78.590742069300006, "SHAPE_Area": 338.218829282, "Town": "Allama Iqbal Town", "UC_N0": "UC_120", "Landuse": "R", "KA": null, "Name": null, "Plot_No": "377", "Block": "A", "Plot_Size": "1K", "Road_Width": null, "Classifica": null, "Category": null, "MAP": null, "__source_file": "revenu.shp" }, "geometry": { "type": "Polygon", "coordinates": [ [ [ 74.284849403752204, 31.450789595631907 ], [ 74.284750245108611, 31.450829069257392 ], [ 74.284877457128374, 31.451037074317501 ], [ 74.285026084674982, 31.45097296264456 ], [ 74.284849403752204, 31.450789595631907 ] ] ] } },
{ "type": "Feature", "properties": { "OBJECTID": 188312, "SHAPE_Leng": 83.415977758799997, "SHAPE_Area": 405.18160752799997, "Town": "Allama Iqbal Town", "UC_N0": "UC_120", "Landuse": "V", "KA": null, "Name": null, "Plot_No": "376", "Block": "A", "Plot_Size": "1K", "Road_Width": null, "Classifica": null, "Category": null, "MAP": null, "__source_file": "revenu.shp" }, "geometry": { "type": "Polygon", "coordinates": [ [ [ 74.284877457128374, 31.451037074317501 ], [ 74.284750245108611, 31.450829069257392 ], [ 74.284602232736077, 31.450887990829738 ], [ 74.284733093118831, 31.451099346525609 ], [ 74.284877457128374, 31.451037074317501 ] ] ] } },
{ "type": "Feature", "properties": { "OBJECTID": 188313, "SHAPE_Leng": 83.265579566699998, "SHAPE_Area": 397.75614857300002, "Town": "Allama Iqbal Town", "UC_N0": "UC_120", "Landuse": "R", "KA": null, "Name": null, "Plot_No": "375", "Block": "A", "Plot_Size": "1K", "Road_Width": null, "Classifica": null, "Category": null, "MAP": null, "__source_file": "revenu.shp" }, "geometry": { "type": "Polygon", "coordinates": [ [ [ 74.284733093118831, 31.451099346525609 ], [ 74.284602232736077, 31.450887990829738 ], [ 74.284460545543254, 31.450944394261587 ], [ 74.284592894460914, 31.451159822042033 ], [ 74.284733093118831, 31.451099346525609 ] ] ] } },
{ "type": "Feature", "properties": { "OBJECTID": 188314, "SHAPE_Leng": 84.960048260999997, "SHAPE_Area": 410.818026847, "Town": "Allama Iqbal Town", "UC_N0": "UC_120", "Landuse": "R", "KA": null, "Name": null, "Plot_No": "369", "Block": "A", "Plot_Size": "1K", "Road_Width": null, "Classifica": null, "Category": null, "MAP": null, "__source_file": "revenu.shp" }, "geometry": { "type": "Polygon", "coordinates": [ [ [ 74.283778812787119, 31.451291423953087 ], [ 74.283780925895243, 31.451043301743987 ], [ 74.283612362036706, 31.451043525655837 ], [ 74.283633130005072, 31.451291880489102 ], [ 74.283778812787119, 31.451291423953087 ] ] ] } },
{ "type": "Feature", "properties": { "OBJECTID": 188315, "SHAPE_Leng": 80.873188442300005, "SHAPE_Area": 357.277994729, "Town": "Allama Iqbal Town", "UC_N0": "UC_120", "Landuse": "R", "KA": null, "Name": null, "Plot_No": "371", "Block": "A", "Plot_Size": "1K", "Road_Width": null, "Classifica": null, "Category": null, "MAP": null, "__source_file": "revenu.shp" }, "geometry": { "type": "Polygon", "coordinates": [ [ [ 74.284068490128561, 31.451289694356806 ], [ 74.284070448064, 31.451042916488568 ], [ 74.28393539321678, 31.451043096245122 ], [ 74.283929488482983, 31.4512909518577 ], [ 74.283997075951703, 31.451290739634832 ], [ 74.284054657490927, 31.451290157472844 ], [ 74.284068490128561, 31.451289694356806 ] ] ] } },
{ "type": "Feature", "properties": { "OBJECTID": 188316, "SHAPE_Leng": 79.958657770399995, "SHAPE_Area": 345.60309472900002, "Town": "Allama Iqbal Town", "UC_N0": "UC_120", "Landuse": "R", "KA": null, "Name": null, "Plot_No": "381", "Block": "A", "Plot_Size": "1K", "Road_Width": null, "Classifica": null, "Category": null, "MAP": null, "__source_file": "revenu.shp" }, "geometry": { "type": "Polygon", "coordinates": [ [ [ 74.284070448064, 31.451042916488568 ], [ 74.284072409910181, 31.45079575969741 ], [ 74.28394125292678, 31.45079714136282 ], [ 74.28393539321678, 31.451043096245122 ], [ 74.284070448064, 31.451042916488568 ] ] ] } },
{ "type": "Feature", "properties": { "OBJECTID": 188317, "SHAPE_Leng": 83.974782121000004, "SHAPE_Area": 398.46887453699998, "Town": "Allama Iqbal Town", "UC_N0": "UC_120", "Landuse": "R", "KA": null, "Name": null, "Plot_No": "370", "Block": "A", "Plot_Size": "1K", "Road_Width": null, "Classifica": null, "Category": null, "MAP": null, "__source_file": "revenu.shp" }, "geometry": { "type": "Polygon", "coordinates": [ [ [ 74.283929488482983, 31.4512909518577 ], [ 74.28393539321678, 31.451043096245122 ], [ 74.283780925895243, 31.451043301743987 ], [ 74.283778812787119, 31.451291423953087 ], [ 74.283929488482983, 31.4512909518577 ] ] ] } },
{ "type": "Feature", "properties": { "OBJECTID": 188318, "SHAPE_Leng": 84.082082010700006, "SHAPE_Area": 403.77602143899998, "Town": "Allama Iqbal Town", "UC_N0": "UC_120", "Landuse": "R", "KA": null, "Name": null, "Plot_No": "382", "Block": "A", "Plot_Size": "1K", "Road_Width": null, "Classifica": null, "Category": null, "MAP": null, "__source_file": "revenu.shp" }, "geometry": { "type": "Polygon", "coordinates": [ [ [ 74.28393539321678, 31.451043096245122 ], [ 74.28394125292678, 31.45079714136282 ], [ 74.283783008206427, 31.450798809011705 ], [ 74.283780925895243, 31.451043301743987 ], [ 74.28393539321678, 31.451043096245122 ] ] ] } },
{ "type": "Feature", "properties": { "OBJECTID": 188319, "SHAPE_Leng": 96.439233594200005, "SHAPE_Area": 431.35938726299997, "Town": "Allama Iqbal Town", "UC_N0": "UC_120", "Landuse": "R", "KA": null, "Name": null, "Plot_No": "429", "Block": "A", "Plot_Size": "1K", "Road_Width": null, "Classifica": null, "Category": null, "MAP": null, "__source_file": "revenu.shp" }, "geometry": { "type": "Polygon", "coordinates": [ [ [ 74.283912897205383, 31.451930869891704 ], [ 74.283903036149894, 31.451644170110534 ], [ 74.28389281501029, 31.451644139130401 ], [ 74.28389277397342, 31.451644137998755 ], [ 74.283892519333023, 31.451644131161725 ], [ 74.283862767545088, 31.451643733849647 ], [ 74.283827047293229, 31.451642649044434 ], [ 74.28379059683337, 31.45164070934635 ], [ 74.283774632401659, 31.45163985950035 ], [ 74.283774561924957, 31.451639854595133 ], [ 74.283661313478461, 31.451628900711174 ], [ 74.283674543733099, 31.451657537396905 ], [ 74.283710943043047, 31.451722213177447 ], [ 74.283754787666268, 31.45178340016847 ], [ 74.283805627730544, 31.45184047060393 ], [ 74.283862942518866, 31.45189283962802 ], [ 74.283912897205383, 31.451930869891704 ] ] ] } },
{ "type": "Feature", "properties": { "OBJECTID": 188320, "SHAPE_Leng": 94.135819381800005, "SHAPE_Area": 447.41309122500002, "Town": "Allama Iqbal Town", "UC_N0": "UC_120", "Landuse": "R", "KA": null, "Name": null, "Plot_No": "430", "Block": "A", "Plot_Size": "1K", "Road_Width": null, "Classifica": null, "Category": null, "MAP": null, "__source_file": "revenu.shp" }, "geometry": { "type": "Polygon", "coordinates": [ [ [ 74.284045979772685, 31.451952579797929 ], [ 74.284040404887719, 31.451639318968919 ], [ 74.284011037968909, 31.451641178507298 ], [ 74.284010990583326, 31.451641181851322 ], [ 74.283981600771, 31.45164259194603 ], [ 74.283981588461913, 31.451641996407552 ], [ 74.283923550573491, 31.451643602717382 ], [ 74.283903036149894, 31.451644170110534 ], [ 74.283912897205383, 31.451930869891704 ], [ 74.283926169771718, 31.451939987112898 ], [ 74.28397745761535, 31.45197183733401 ], [ 74.284045979772685, 31.451952579797929 ] ] ] } },
{ "type": "Feature", "properties": { "OBJECTID": 188321, "SHAPE_Leng": 97.005868683100005, "SHAPE_Area": 492.03666391100001, "Town": "Allama Iqbal Town", "UC_N0": "UC_120", "Landuse": "R", "KA": null, "Name": null, "Plot_No": "431", "Block": "A", "Plot_Size": "1K", "Road_Width": null, "Classifica": null, "Category": null, "MAP": null, "__source_file": "revenu.shp" }, "geometry": { "type": "Polygon", "coordinates": [ [ [ 74.284201258795534, 31.451908940823337 ], [ 74.284196147422122, 31.451621850770078 ], [ 74.284193949454206, 31.451622187648457 ], [ 74.284130706079679, 31.451630725640808 ], [ 74.284129606149463, 31.451630880089635 ], [ 74.284128770736089, 31.451630988198833 ], [ 74.284128661176382, 31.45163100202214 ], [ 74.284128627472043, 31.451631005442668 ], [ 74.284040404887719, 31.451639318968919 ], [ 74.284045979772685, 31.451952579797929 ], [ 74.284201258795534, 31.451908940823337 ] ] ] } },
{ "type": "Feature", "properties": { "OBJECTID": 188786, "SHAPE_Leng": 113.142898489, "SHAPE_Area": 796.61997775700002, "Town": "Allama Iqbal Town", "UC_N0": "UC_120", "Landuse": "R", "KA": null, "Name": null, "Plot_No": "411", "Block": "A", "Plot_Size": "1K", "Road_Width": null, "Classifica": null, "Category": null, "MAP": null, "__source_file": "revenu.shp" }, "geometry": { "type": "Polygon", "coordinates": [ [ [ 74.285296470954549, 31.449724104744629 ], [ 74.285724488276927, 31.450079138358504 ], [ 74.285830575440343, 31.449997496803917 ], [ 74.285640062431071, 31.449818183228317 ], [ 74.285473132814928, 31.449661065797095 ], [ 74.285425516245951, 31.449616917641993 ], [ 74.285296470954549, 31.449724104744629 ] ] ] } },
{ "type": "Feature", "properties": { "OBJECTID": 188788, "SHAPE_Leng": 94.9618873788, "SHAPE_Area": 559.68606093999995, "Town": "Allama Iqbal Town", "UC_N0": "UC_120", "Landuse": "R", "KA": null, "Name": null, "Plot_No": "409", "Block": "A", "Plot_Size": "1K", "Road_Width": null, "Classifica": null, "Category": null, "MAP": null, "__source_file": "revenu.shp" }, "geometry": { "type": "Polygon", "coordinates": [ [ [ 74.285106705235705, 31.449881726545591 ], [ 74.285502578404618, 31.450249912838935 ], [ 74.285595319997398, 31.450178542145331 ], [ 74.285409729730873, 31.450005964649741 ], [ 74.285196192408051, 31.449807397461893 ], [ 74.285106705235705, 31.449881726545591 ] ] ] } },
{ "type": "Feature", "properties": { "OBJECTID": 188790, "SHAPE_Leng": 79.937039533199993, "SHAPE_Area": 372.33751194199999, "Town": "Allama Iqbal Town", "UC_N0": "UC_120", "Landuse": "R", "KA": null, "Name": null, "Plot_No": "407", "Block": "A", "Plot_Size": "1K", "Road_Width": null, "Classifica": null, "Category": null, "MAP": null, "__source_file": "revenu.shp" }, "geometry": { "type": "Polygon", "coordinates": [ [ [ 74.285244338502864, 31.450140800859639 ], [ 74.285033833119982, 31.449942254835427 ], [ 74.284917541607427, 31.450038847700917 ], [ 74.285130200809121, 31.450233852963553 ], [ 74.285309637397049, 31.450398392865932 ], [ 74.285424076164489, 31.450310325284406 ], [ 74.285244338502864, 31.450140800859639 ] ] ] } },
{ "type": "Feature", "properties": { "OBJECTID": 188792, "SHAPE_Leng": 79.552716581, "SHAPE_Area": 371.758416345, "Town": "Allama Iqbal Town", "UC_N0": "UC_120", "Landuse": "R", "KA": null, "Name": null, "Plot_No": "406", "Block": "A", "Plot_Size": "1K", "Road_Width": null, "Classifica": null, "Category": null, "MAP": null, "__source_file": "revenu.shp" }, "geometry": { "type": "Polygon", "coordinates": [ [ [ 74.285130200809121, 31.450233852963553 ], [ 74.284917541607427, 31.450038847700917 ], [ 74.284855136538781, 31.45009068140229 ], [ 74.284829983007683, 31.450103483409492 ], [ 74.284804464742663, 31.450115392877031 ], [ 74.285018636242967, 31.450324806309673 ], [ 74.285188912319271, 31.450491298188673 ], [ 74.285309637397049, 31.450398392865932 ], [ 74.285130200809121, 31.450233852963553 ] ] ] } },
{ "type": "Feature", "properties": { "OBJECTID": 188794, "SHAPE_Leng": 73.800676427900001, "SHAPE_Area": 303.16543012099999, "Town": "Allama Iqbal Town", "UC_N0": "UC_120", "Landuse": "R", "KA": null, "Name": null, "Plot_No": "404A", "Block": "A", "Plot_Size": "1K", "Road_Width": null, "Classifica": null, "Category": null, "MAP": null, "__source_file": "revenu.shp" }, "geometry": { "type": "Polygon", "coordinates": [ [ [ 74.28501691373755, 31.450623661088663 ], [ 74.284742918830474, 31.450139510443147 ], [ 74.284688173375471, 31.450157476580362 ], [ 74.284689147081593, 31.450445114694862 ], [ 74.284741315646158, 31.450444365753825 ], [ 74.284735246356675, 31.450716798092323 ], [ 74.284741103953323, 31.450717526419186 ], [ 74.284790609556296, 31.450719606408484 ], [ 74.284839813103929, 31.450714484018754 ], [ 74.284887297937502, 31.450702306523997 ], [ 74.284887975348937, 31.450702076629206 ], [ 74.284931716409375, 31.450683419173437 ], [ 74.2849717582301, 31.450658375840671 ], [ 74.284973692073422, 31.450656922321624 ], [ 74.28501691373755, 31.450623661088663 ] ] ] } },
{ "type": "Feature", "properties": { "OBJECTID": 188797, "SHAPE_Leng": 84.070901268200004, "SHAPE_Area": 358.219723311, "Town": "Allama Iqbal Town", "UC_N0": "UC_120", "Landuse": "R", "KA": null, "Name": null, "Plot_No": "404", "Block": "A", "Plot_Size": "1K", "Road_Width": null, "Classifica": null, "Category": null, "MAP": null, "__source_file": "revenu.shp" }, "geometry": { "type": "Polygon", "coordinates": [ [ [ 74.284572392360943, 31.450181435768702 ], [ 74.284572660988147, 31.450718136367865 ], [ 74.284614571557867, 31.450717791478159 ], [ 74.284735246356675, 31.450716798092323 ], [ 74.284741315646158, 31.450444365753825 ], [ 74.284689147081593, 31.450445114694862 ], [ 74.284688173375471, 31.450157476580362 ], [ 74.284679807840362, 31.450159799110818 ], [ 74.284600407905032, 31.450177563514213 ], [ 74.284572392360943, 31.450181435768702 ] ] ] } },
{ "type": "Feature", "properties": { "OBJECTID": 188799, "SHAPE_Leng": 89.307575473399993, "SHAPE_Area": 440.20404131399999, "Town": "Allama Iqbal Town", "UC_N0": "UC_120", "Landuse": "R", "KA": null, "Name": null, "Plot_No": "402", "Block": "A", "Plot_Size": "1K", "Road_Width": null, "Classifica": null, "Category": null, "MAP": null, "__source_file": "revenu.shp" }, "geometry": { "type": "Polygon", "coordinates": [ [ [ 74.284473240325582, 31.450718954463607 ], [ 74.284472838675512, 31.450448220077025 ], [ 74.28445792992693, 31.450187358471144 ], [ 74.284390898789354, 31.450187872225886 ], [ 74.284236988513811, 31.450189051294256 ], [ 74.284237367548272, 31.450451599654532 ], [ 74.284319433788767, 31.450450421580069 ], [ 74.284317340339001, 31.450720237088039 ], [ 74.284473240325582, 31.450718954463607 ] ] ] } },
{ "type": "Feature", "properties": { "OBJECTID": 188800, "SHAPE_Leng": 87.036031904799998, "SHAPE_Area": 407.66173266200002, "Town": "Allama Iqbal Town", "UC_N0": "UC_120", "Landuse": "R", "KA": null, "Name": null, "Plot_No": "401", "Block": "A", "Plot_Size": "1K", "Road_Width": null, "Classifica": null, "Category": null, "MAP": null, "__source_file": "revenu.shp" }, "geometry": { "type": "Polygon", "coordinates": [ [ [ 74.284317340339001, 31.450720237088039 ], [ 74.284319433788767, 31.450450421580069 ], [ 74.284237367548272, 31.450451599654532 ], [ 74.284236988513811, 31.450189051294256 ], [ 74.284062875630809, 31.450190385220104 ], [ 74.284070048999496, 31.450454000993464 ], [ 74.284023625245908, 31.450454667190222 ], [ 74.284024357029807, 31.45072264620579 ], [ 74.284171989598676, 31.450721432317867 ], [ 74.284317340339001, 31.450720237088039 ] ] ] } },
{ "type": "Feature", "properties": { "OBJECTID": 188802, "SHAPE_Leng": 88.786719869500004, "SHAPE_Area": 437.13723561500001, "Town": "Allama Iqbal Town", "UC_N0": "UC_120", "Landuse": "R", "KA": null, "Name": null, "Plot_No": "400", "Block": "A", "Plot_Size": "1K", "Road_Width": null, "Classifica": null, "Category": null, "MAP": null, "__source_file": "revenu.shp" }, "geometry": { "type": "Polygon", "coordinates": [ [ [ 74.284070048999496, 31.450454000993464 ], [ 74.284062875630809, 31.450190385220104 ], [ 74.283861287995904, 31.450191929699265 ], [ 74.283867065855915, 31.450456913674241 ], [ 74.283870605202708, 31.450723910520466 ], [ 74.284024357029807, 31.45072264620579 ], [ 74.284023625245908, 31.450454667190222 ], [ 74.284070048999496, 31.450454000993464 ] ] ] } },
{ "type": "Feature", "properties": { "OBJECTID": 188808, "SHAPE_Leng": 90.392211092799997, "SHAPE_Area": 488.342273761, "Town": "Allama Iqbal Town", "UC_N0": "UC_120", "Landuse": "R", "KA": null, "Name": null, "Plot_No": "413", "Block": "A", "Plot_Size": "1K", "Road_Width": null, "Classifica": null, "Category": null, "MAP": null, "__source_file": "revenu.shp" }, "geometry": { "type": "Polygon", "coordinates": [ [ [ 74.285320106280864, 31.450722032295857 ], [ 74.285297696518867, 31.450699880285388 ], [ 74.285194246964153, 31.450597622031157 ], [ 74.285012734809641, 31.450738749402582 ], [ 74.284985520557356, 31.450753200032207 ], [ 74.285114503963186, 31.450885856244724 ], [ 74.285320106280864, 31.450722032295857 ] ] ] } },
{ "type": "Feature", "properties": { "OBJECTID": 188809, "SHAPE_Leng": 50.689914620400003, "SHAPE_Area": 146.72129498800001, "Town": "Allama Iqbal Town", "UC_N0": "UC_120", "Landuse": "R", "KA": null, "Name": null, "Plot_No": null, "Block": "A", "Plot_Size": "1K", "Road_Width": null, "Classifica": null, "Category": null, "MAP": null, "__source_file": "revenu.shp" }, "geometry": { "type": "Polygon", "coordinates": [ [ [ 74.286006172692936, 31.451005362986976 ], [ 74.285937466871545, 31.450942700151572 ], [ 74.285819645607333, 31.451050834698233 ], [ 74.285880342383905, 31.451106000548148 ], [ 74.286006172692936, 31.451005362986976 ] ] ] } },
{ "type": "Feature", "properties": { "OBJECTID": 188810, "SHAPE_Leng": 78.522866812199993, "SHAPE_Area": 318.52743302, "Town": "Allama Iqbal Town", "UC_N0": "UC_120", "Landuse": "R", "KA": null, "Name": null, "Plot_No": null, "Block": "A", "Plot_Size": "1K", "Road_Width": null, "Classifica": null, "Category": null, "MAP": null, "__source_file": "revenu.shp" }, "geometry": { "type": "Polygon", "coordinates": [ [ [ 74.285759867653653, 31.450996504894384 ], [ 74.285884666061492, 31.450894544445152 ], [ 74.285802973705103, 31.450820037778211 ], [ 74.285591173016243, 31.450989977513377 ], [ 74.285605979234305, 31.451004613918563 ], [ 74.285671125008349, 31.451069008298028 ], [ 74.285759867653653, 31.450996504894384 ] ] ] } },
{ "type": "Feature", "properties": { "OBJECTID": 202786, "SHAPE_Leng": 109.045041508, "SHAPE_Area": 527.78740605400003, "Town": "Allama Iqbal Town", "UC_N0": "UC_120", "Landuse": "C", "KA": null, "Name": null, "Plot_No": "88", "Block": "A", "Plot_Size": "10M", "Road_Width": null, "Classifica": null, "Category": null, "MAP": null, "__source_file": "revenu.shp" }, "geometry": { "type": "Polygon", "coordinates": [ [ [ 74.280294227596073, 31.45450185731351 ], [ 74.280271866641371, 31.454335879966251 ], [ 74.280245818519518, 31.454340475531094 ], [ 74.280245787193081, 31.454339617338078 ], [ 74.280226841877692, 31.454342600995407 ], [ 74.280226164314939, 31.45434270816148 ], [ 74.280224506530331, 31.454342863050233 ], [ 74.280174232253017, 31.454344588864831 ], [ 74.280134752563811, 31.454345164543675 ], [ 74.28013259706745, 31.454522405557395 ], [ 74.280294227596073, 31.45450185731351 ] ] ] } },
{ "type": "Feature", "properties": { "OBJECTID": 201307, "SHAPE_Leng": 65.496507206999993, "SHAPE_Area": 246.41418778299999, "Town": "Allama Iqbal Town", "UC_N0": "UC_116", "Landuse": "C", "KA": null, "Name": "Juice Corner", "Plot_No": "473", "Block": "A", "Plot_Size": "10M", "Road_Width": null, "Classifica": null, "Category": null, "MAP": null, "__source_file": "revenu.shp" }, "geometry": { "type": "Polygon", "coordinates": [ [ [ 74.28243484142817, 31.453313141522976 ], [ 74.282570543800915, 31.453463207047292 ], [ 74.282623007812916, 31.453428612656655 ], [ 74.282495424244274, 31.453275256635148 ], [ 74.28243484142817, 31.453313141522976 ] ] ] } },
{ "type": "Feature", "properties": { "OBJECTID": 201308, "SHAPE_Leng": 69.318118970499995, "SHAPE_Area": 286.214807232, "Town": "Allama Iqbal Town", "UC_N0": "UC_116", "Landuse": "C", "KA": null, "Name": "Clothes and GIF Centre", "Plot_No": "457", "Block": "A", "Plot_Size": "10M", "Road_Width": null, "Classifica": null, "Category": null, "MAP": null, "__source_file": "revenu.shp" }, "geometry": { "type": "Polygon", "coordinates": [ [ [ 74.283908028232815, 31.452225721028682 ], [ 74.284063499624807, 31.452362478114178 ], [ 74.284168892165795, 31.452267180327041 ], [ 74.28400183595177, 31.452144320566102 ], [ 74.283908028232815, 31.452225721028682 ] ] ] } },
{ "type": "Feature", "properties": { "OBJECTID": 201309, "SHAPE_Leng": 70.8033077475, "SHAPE_Area": 262.66117268400001, "Town": "Allama Iqbal Town", "UC_N0": "UC_116", "Landuse": "C", "KA": null, "Name": "Clothes and GIF Centre", "Plot_No": "464", "Block": "A", "Plot_Size": "10M", "Road_Width": null, "Classifica": null, "Category": null, "MAP": null, "__source_file": "revenu.shp" }, "geometry": { "type": "Polygon", "coordinates": [ [ [ 74.28361822019869, 31.452796829375714 ], [ 74.28344323140287, 31.452629037851842 ], [ 74.283399292505095, 31.452667164626995 ], [ 74.283349221357852, 31.452702188602814 ], [ 74.283537171714286, 31.452848893740629 ], [ 74.28361822019869, 31.452796829375714 ] ] ] } },
{ "type": "Feature", "properties": { "OBJECTID": 201310, "SHAPE_Leng": 73.442175613800003, "SHAPE_Area": 285.736564515, "Town": "Allama Iqbal Town", "UC_N0": "UC_116", "Landuse": "C", "KA": null, "Name": "Clothes and GIF Centre", "Plot_No": "463", "Block": "A", "Plot_Size": "10M", "Road_Width": null, "Classifica": null, "Category": null, "MAP": null, "__source_file": "revenu.shp" }, "geometry": { "type": "Polygon", "coordinates": [ [ [ 74.283710577390138, 31.45273285655712 ], [ 74.283524120922806, 31.452558847824168 ], [ 74.28344323140287, 31.452629037851842 ], [ 74.28361822019869, 31.452796829375714 ], [ 74.283706100880835, 31.452740376843497 ], [ 74.283710577390138, 31.45273285655712 ] ] ] } },
{ "type": "Feature", "properties": { "OBJECTID": 201311, "SHAPE_Leng": 70.160607050099998, "SHAPE_Area": 251.964223874, "Town": "Allama Iqbal Town", "UC_N0": "UC_116", "Landuse": "C", "KA": null, "Name": "Clothes and GIF Centre", "Plot_No": "462", "Block": "A", "Plot_Size": "10M", "Road_Width": null, "Classifica": null, "Category": null, "MAP": null, "__source_file": "revenu.shp" }, "geometry": { "type": "Polygon", "coordinates": [ [ [ 74.28376522398132, 31.452641056545112 ], [ 74.283596947868162, 31.452495654526274 ], [ 74.283524120922806, 31.452558847824168 ], [ 74.283710577390138, 31.45273285655712 ], [ 74.28376522398132, 31.452641056545112 ] ] ] } },
{ "type": "Feature", "properties": { "OBJECTID": 201312, "SHAPE_Leng": 64.809325436400002, "SHAPE_Area": 221.71301360800001, "Town": "Allama Iqbal Town", "UC_N0": "UC_116", "Landuse": "C", "KA": null, "Name": "Clothes and GIF Centre", "Plot_No": "461", "Block": "A", "Plot_Size": "10M", "Road_Width": null, "Classifica": null, "Category": null, "MAP": null, "__source_file": "revenu.shp" }, "geometry": { "type": "Polygon", "coordinates": [ [ [ 74.283837512868004, 31.452566817749943 ], [ 74.283667115488711, 31.45243476864394 ], [ 74.283596947868162, 31.452495654526274 ], [ 74.28376522398132, 31.452641056545112 ], [ 74.283776665215981, 31.452621837234453 ], [ 74.283837512868004, 31.452566817749943 ] ] ] } },
{ "type": "Feature", "properties": { "OBJECTID": 201313, "SHAPE_Leng": 63.578514848700003, "SHAPE_Area": 218.101603536, "Town": "Allama Iqbal Town", "UC_N0": "UC_116", "Landuse": "C", "KA": null, "Name": "Clothes and GIF Centre", "Plot_No": "460", "Block": "A", "Plot_Size": "10M", "Road_Width": null, "Classifica": null, "Category": null, "MAP": null, "__source_file": "revenu.shp" }, "geometry": { "type": "Polygon", "coordinates": [ [ [ 74.283902072742151, 31.452508441955732 ], [ 74.283749787731978, 31.452363031195556 ], [ 74.283667115488711, 31.45243476864394 ], [ 74.283837512868004, 31.452566817749943 ], [ 74.283902072742151, 31.452508441955732 ] ] ] } },
{ "type": "Feature", "properties": { "OBJECTID": 201314, "SHAPE_Leng": 62.334390565299998, "SHAPE_Area": 206.791041995, "Town": "Allama Iqbal Town", "UC_N0": "UC_116", "Landuse": "C", "KA": null, "Name": "Clothes and GIF Centre", "Plot_No": "459", "Block": "A", "Plot_Size": "10M", "Road_Width": null, "Classifica": null, "Category": null, "MAP": null, "__source_file": "revenu.shp" }, "geometry": { "type": "Polygon", "coordinates": [ [ [ 74.283972743028201, 31.452444541668726 ], [ 74.283819840739312, 31.452302243830434 ], [ 74.283749787731978, 31.452363031195556 ], [ 74.283902072742151, 31.452508441955732 ], [ 74.283972743028201, 31.452444541668726 ] ] ] } },
{ "type": "Feature", "properties": { "OBJECTID": 201315, "SHAPE_Leng": 67.066491229600004, "SHAPE_Area": 260.23620228300001, "Town": "Allama Iqbal Town", "UC_N0": "UC_116", "Landuse": "C", "KA": null, "Name": "Clothes and GIF Centre", "Plot_No": "458", "Block": "A", "Plot_Size": "10M", "Road_Width": null, "Classifica": null, "Category": null, "MAP": null, "__source_file": "revenu.shp" }, "geometry": { "type": "Polygon", "coordinates": [ [ [ 74.284063499624807, 31.452362478114178 ], [ 74.283908028232815, 31.452225721028682 ], [ 74.283819840739312, 31.452302243830434 ], [ 74.283972743028201, 31.452444541668726 ], [ 74.284063499624807, 31.452362478114178 ] ] ] } },
{ "type": "Feature", "properties": { "OBJECTID": 202660, "SHAPE_Leng": 68.033846894999996, "SHAPE_Area": 258.644538243, "Town": "Allama Iqbal Town", "UC_N0": "UC_116", "Landuse": "C", "KA": null, "Name": "Dry Cleaner Shop", "Plot_No": "501", "Block": "A", "Plot_Size": "10M", "Road_Width": null, "Classifica": null, "Category": null, "MAP": null, "__source_file": "revenu.shp" }, "geometry": { "type": "Polygon", "coordinates": [ [ [ 74.280026286885146, 31.455296491672176 ], [ 74.279870192192575, 31.455147124862837 ], [ 74.279850084065075, 31.455163266302389 ], [ 74.27977305930969, 31.455225098499966 ], [ 74.279950226437606, 31.455363659746407 ], [ 74.279923312413018, 31.455387428244457 ], [ 74.280033874137445, 31.45546738974048 ], [ 74.280073454294808, 31.45542608547936 ], [ 74.280120490831109, 31.455376999915007 ], [ 74.280016087785171, 31.455305498099538 ], [ 74.280026286885146, 31.455296491672176 ] ] ] } },
{ "type": "Feature", "properties": { "OBJECTID": 202665, "SHAPE_Leng": 120.551130958, "SHAPE_Area": 834.989536595, "Town": "Allama Iqbal Town", "UC_N0": "UC_116", "Landuse": "C", "KA": null, "Name": "Dry Cleaner Shop", "Plot_No": "506", "Block": "A", "Plot_Size": "10M", "Road_Width": null, "Classifica": null, "Category": null, "MAP": null, "__source_file": "revenu.shp" }, "geometry": { "type": "Polygon", "coordinates": [ [ [ 74.279618935177041, 31.455624681937113 ], [ 74.279443924805321, 31.455489394820308 ], [ 74.279147454380023, 31.455727760092916 ], [ 74.279318586515018, 31.455853124761855 ], [ 74.279416253309122, 31.455924671343567 ], [ 74.279694598499518, 31.455683171138276 ], [ 74.279618935177041, 31.455624681937113 ] ] ] } },
{ "type": "Feature", "properties": { "OBJECTID": 202675, "SHAPE_Leng": 75.466922388100002, "SHAPE_Area": 331.89882502699999, "Town": "Allama Iqbal Town", "UC_N0": "UC_116", "Landuse": "C", "KA": null, "Name": "Dry Cleaner Shop", "Plot_No": "504", "Block": "A", "Plot_Size": "10M", "Road_Width": null, "Classifica": null, "Category": null, "MAP": null, "__source_file": "revenu.shp" }, "geometry": { "type": "Polygon", "coordinates": [ [ [ 74.27983485370423, 31.455472723534314 ], [ 74.279645085143869, 31.455327830710075 ], [ 74.279544762181246, 31.455408365689642 ], [ 74.279711169285179, 31.45555976946665 ], [ 74.27983485370423, 31.455472723534314 ] ] ] } },
{ "type": "Feature", "properties": { "OBJECTID": 202691, "SHAPE_Leng": 69.918899810100001, "SHAPE_Area": 276.93533473899998, "Town": "Allama Iqbal Town", "UC_N0": "UC_116", "Landuse": "C", "KA": null, "Name": "Dry Cleaner Shop", "Plot_No": "505", "Block": "A", "Plot_Size": "10M", "Road_Width": null, "Classifica": null, "Category": null, "MAP": null, "__source_file": "revenu.shp" }, "geometry": { "type": "Polygon", "coordinates": [ [ [ 74.279711169285179, 31.45555976946665 ], [ 74.279544762181246, 31.455408365689642 ], [ 74.279508041440721, 31.455437843254821 ], [ 74.279443924805307, 31.455489394820308 ], [ 74.279618935177027, 31.455624681937088 ], [ 74.279711169285179, 31.45555976946665 ] ] ] } },
{ "type": "Feature", "properties": { "OBJECTID": 204212, "SHAPE_Leng": 52.509005319300002, "SHAPE_Area": 171.62830900700001, "Town": "Allama Iqbal Town", "UC_N0": "UC_116", "Landuse": "C", "KA": null, "Name": null, "Plot_No": "491", "Block": "A", "Plot_Size": "10M", "Road_Width": null, "Classifica": null, "Category": null, "MAP": null, "__source_file": "revenu.shp" }, "geometry": { "type": "Polygon", "coordinates": [ [ [ 74.280981994200729, 31.454418721099199 ], [ 74.280887782760701, 31.454344867355772 ], [ 74.280783048980339, 31.454416710886516 ], [ 74.280881340694535, 31.454508633039381 ], [ 74.280938835237436, 31.454562401908149 ], [ 74.281040572772014, 31.45446464032602 ], [ 74.280981994200729, 31.454418721099199 ] ] ] } },
{ "type": "Feature", "properties": { "OBJECTID": 204213, "SHAPE_Leng": 74.707146259200002, "SHAPE_Area": 310.19598706, "Town": "Allama Iqbal Town", "UC_N0": "UC_116", "Landuse": "C", "KA": null, "Name": null, "Plot_No": "493", "Block": "A", "Plot_Size": "10M", "Road_Width": null, "Classifica": null, "Category": null, "MAP": null, "__source_file": "revenu.shp" }, "geometry": { "type": "Polygon", "coordinates": [ [ [ 74.280860920608177, 31.454637271458985 ], [ 74.280693659594192, 31.454478028523468 ], [ 74.280589486267559, 31.454549487984234 ], [ 74.280773811214075, 31.454720976253704 ], [ 74.280860920608177, 31.454637271458985 ] ] ] } },
{ "type": "Feature", "properties": { "OBJECTID": 204214, "SHAPE_Leng": 67.655519804600004, "SHAPE_Area": 250.15329416899999, "Town": "Allama Iqbal Town", "UC_N0": "UC_116", "Landuse": "C", "KA": null, "Name": null, "Plot_No": "492", "Block": "A", "Plot_Size": "10M", "Road_Width": null, "Classifica": null, "Category": null, "MAP": null, "__source_file": "revenu.shp" }, "geometry": { "type": "Polygon", "coordinates": [ [ [ 74.280938835237436, 31.454562401908134 ], [ 74.280881340694521, 31.454508633039381 ], [ 74.280783048980339, 31.454416710886516 ], [ 74.280693659594192, 31.454478028523468 ], [ 74.280860920608177, 31.454637271458985 ], [ 74.280938835237436, 31.454562401908134 ] ] ] } },
{ "type": "Feature", "properties": { "OBJECTID": 204216, "SHAPE_Leng": 113.23463933, "SHAPE_Area": 811.53590730600001, "Town": "Allama Iqbal Town", "UC_N0": "UC_116", "Landuse": "C", "KA": null, "Name": null, "Plot_No": "494", "Block": "A", "Plot_Size": "10M", "Road_Width": null, "Classifica": null, "Category": null, "MAP": null, "__source_file": "revenu.shp" }, "geometry": { "type": "Polygon", "coordinates": [ [ [ 74.280463387434494, 31.454644256064647 ], [ 74.280658768754805, 31.454831521896043 ], [ 74.28077381121409, 31.454720976253718 ], [ 74.280589486267559, 31.454549487984256 ], [ 74.280499788743782, 31.454611016676797 ], [ 74.280463387434494, 31.454644256064647 ] ] ] } },
{ "type": "Feature", "properties": { "OBJECTID": 204217, "SHAPE_Leng": 80.275780039400004, "SHAPE_Area": 335.19167534399998, "Town": "Allama Iqbal Town", "UC_N0": "UC_116", "Landuse": "C", "KA": null, "Name": null, "Plot_No": "496", "Block": "A", "Plot_Size": "10M", "Road_Width": null, "Classifica": null, "Category": null, "MAP": null, "__source_file": "revenu.shp" }, "geometry": { "type": "Polygon", "coordinates": [ [ [ 74.280567149765361, 31.454919559388337 ], [ 74.280363990457488, 31.45473501896171 ], [ 74.280275360919433, 31.454815948644889 ], [ 74.280486788494272, 31.454996778790644 ], [ 74.280567149765361, 31.454919559388337 ] ] ] } },
{ "type": "Feature", "properties": { "OBJECTID": 204218, "SHAPE_Leng": 81.147336254699994, "SHAPE_Area": 334.50913026900002, "Town": "Allama Iqbal Town", "UC_N0": "UC_116", "Landuse": "C", "KA": null, "Name": null, "Plot_No": "497", "Block": "A", "Plot_Size": "10M", "Road_Width": null, "Classifica": null, "Category": null, "MAP": null, "__source_file": "revenu.shp" }, "geometry": { "type": "Polygon", "coordinates": [ [ [ 74.280486788494272, 31.454996778790644 ], [ 74.280275360919433, 31.454815948644889 ], [ 74.28022170002869, 31.454864947423594 ], [ 74.280196369103237, 31.454885281985362 ], [ 74.280401278894772, 31.455083973096098 ], [ 74.280462089409511, 31.455020512030661 ], [ 74.280486788494272, 31.454996778790644 ] ] ] } },
{ "type": "Feature", "properties": { "OBJECTID": 204219, "SHAPE_Leng": 81.464589024700004, "SHAPE_Area": 320.09587667, "Town": "Allama Iqbal Town", "UC_N0": "UC_116", "Landuse": "C", "KA": null, "Name": null, "Plot_No": "498", "Block": "A", "Plot_Size": "10M", "Road_Width": null, "Classifica": null, "Category": null, "MAP": null, "__source_file": "revenu.shp" }, "geometry": { "type": "Polygon", "coordinates": [ [ [ 74.280401278894772, 31.455083973096098 ], [ 74.280196369103237, 31.454885281985362 ], [ 74.2801056383326, 31.454958117597386 ], [ 74.280337196311947, 31.455150849617517 ], [ 74.280401278894772, 31.455083973096098 ] ] ] } },
{ "type": "Feature", "properties": { "OBJECTID": 204220, "SHAPE_Leng": 81.501924865700005, "SHAPE_Area": 295.57386693699999, "Town": "Allama Iqbal Town", "UC_N0": "UC_116", "Landuse": "C", "KA": null, "Name": null, "Plot_No": "499", "Block": "A", "Plot_Size": "10M", "Road_Width": null, "Classifica": null, "Category": null, "MAP": null, "__source_file": "revenu.shp" }, "geometry": { "type": "Polygon", "coordinates": [ [ [ 74.280337196311947, 31.455150849617517 ], [ 74.2801056383326, 31.454958117597386 ], [ 74.28003095427762, 31.455018071144018 ], [ 74.280275619624575, 31.455215109296372 ], [ 74.280337196311947, 31.455150849617517 ] ] ] } },
{ "type": "Feature", "properties": { "OBJECTID": 204221, "SHAPE_Leng": 85.121876004499995, "SHAPE_Area": 325.15904606100003, "Town": "Allama Iqbal Town", "UC_N0": "UC_116", "Landuse": "C", "KA": null, "Name": null, "Plot_No": null, "Block": "A", "Plot_Size": "10M", "Road_Width": null, "Classifica": null, "Category": null, "MAP": null, "__source_file": "revenu.shp" }, "geometry": { "type": "Polygon", "coordinates": [ [ [ 74.280275619624575, 31.455215109296372 ], [ 74.28003095427762, 31.455018071144018 ], [ 74.279954861670845, 31.455079155335916 ], [ 74.280119937336721, 31.455213789551834 ], [ 74.280208033592473, 31.455285640828649 ], [ 74.280275619624575, 31.455215109296372 ] ] ] } },
{ "type": "Feature", "properties": { "OBJECTID": 204223, "SHAPE_Leng": 67.673756682499999, "SHAPE_Area": 260.74275365199998, "Town": "Allama Iqbal Town", "UC_N0": "UC_116", "Landuse": "C", "KA": null, "Name": null, "Plot_No": "500", "Block": "A", "Plot_Size": "10M", "Road_Width": null, "Classifica": null, "Category": null, "MAP": null, "__source_file": "revenu.shp" }, "geometry": { "type": "Polygon", "coordinates": [ [ [ 74.27990169073648, 31.455121839014609 ], [ 74.280163849445415, 31.455331751308339 ], [ 74.28016452163601, 31.455331049816628 ], [ 74.280208033592473, 31.455285640828663 ], [ 74.280119937336721, 31.455213789551859 ], [ 74.279954861670845, 31.455079155335927 ], [ 74.27990169073648, 31.455121839014609 ] ] ] } },
{ "type": "Feature", "properties": { "OBJECTID": 204224, "SHAPE_Leng": 66.2988667706, "SHAPE_Area": 232.36720610899999, "Town": "Allama Iqbal Town", "UC_N0": "UC_116", "Landuse": "C", "KA": null, "Name": "Dry Cleaner Shop", "Plot_No": "502", "Block": "A", "Plot_Size": "10M", "Road_Width": null, "Classifica": null, "Category": null, "MAP": null, "__source_file": "revenu.shp" }, "geometry": { "type": "Polygon", "coordinates": [ [ [ 74.279950226437606, 31.455363659746407 ], [ 74.27977305930969, 31.455225098499966 ], [ 74.279693786203609, 31.455288735990063 ], [ 74.279877662715947, 31.455427741070832 ], [ 74.279990284562615, 31.45551287943039 ], [ 74.280033874137445, 31.45546738974048 ], [ 74.279923312413018, 31.455387428244457 ], [ 74.279950226437606, 31.455363659746407 ] ] ] } },
{ "type": "Feature", "properties": { "OBJECTID": 204229, "SHAPE_Leng": 66.201192264100001, "SHAPE_Area": 263.59673438200002, "Town": "Allama Iqbal Town", "UC_N0": "UC_116", "Landuse": "C", "KA": null, "Name": null, "Plot_No": "487", "Block": "A", "Plot_Size": "10M", "Road_Width": null, "Classifica": null, "Category": null, "MAP": null, "__source_file": "revenu.shp" }, "geometry": { "type": "Polygon", "coordinates": [ [ [ 74.281359998573308, 31.454242104394424 ], [ 74.281207908050533, 31.454125271570305 ], [ 74.281101494620771, 31.45419826800947 ], [ 74.281242997327695, 31.45432486949127 ], [ 74.281359998573308, 31.454242104394424 ] ] ] } },
{ "type": "Feature", "properties": { "OBJECTID": 204230, "SHAPE_Leng": 61.893362666900003, "SHAPE_Area": 219.19103341, "Town": "Allama Iqbal Town", "UC_N0": "UC_116", "Landuse": "C", "KA": null, "Name": null, "Plot_No": "490", "Block": "A", "Plot_Size": "10M", "Road_Width": null, "Classifica": null, "Category": null, "MAP": null, "__source_file": "revenu.shp" }, "geometry": { "type": "Polygon", "coordinates": [ [ [ 74.281101990930651, 31.454424613640143 ], [ 74.280957337559428, 31.454297155125069 ], [ 74.280919328769727, 31.454323227740836 ], [ 74.280887782760701, 31.454344867355772 ], [ 74.280981994200729, 31.454418721099199 ], [ 74.281040572772014, 31.45446464032602 ], [ 74.28107866488439, 31.454441113872068 ], [ 74.281101990930651, 31.454424613640143 ] ] ] } },
{ "type": "Feature", "properties": { "OBJECTID": 204231, "SHAPE_Leng": 59.011273719400002, "SHAPE_Area": 194.90214003899999, "Town": "Allama Iqbal Town", "UC_N0": "UC_116", "Landuse": "C", "KA": null, "Name": null, "Plot_No": "488", "Block": "A", "Plot_Size": "10M", "Road_Width": null, "Classifica": null, "Category": null, "MAP": null, "__source_file": "revenu.shp" }, "geometry": { "type": "Polygon", "coordinates": [ [ [ 74.281212195410944, 31.454346657718716 ], [ 74.281242997327695, 31.45432486949127 ], [ 74.281101494620771, 31.45419826800947 ], [ 74.281023030770498, 31.45425209196452 ], [ 74.281157772444004, 31.454385155222582 ], [ 74.281212195410944, 31.454346657718716 ] ] ] } },
{ "type": "Feature", "properties": { "OBJECTID": 204235, "SHAPE_Leng": 67.021685486400003, "SHAPE_Area": 264.50221118500002, "Town": "Allama Iqbal Town", "UC_N0": "UC_116", "Landuse": "C", "KA": null, "Name": "Peco Shop", "Plot_No": "484", "Block": "A", "Plot_Size": "10M", "Road_Width": null, "Classifica": null, "Category": null, "MAP": null, "__source_file": "revenu.shp" }, "geometry": { "type": "Polygon", "coordinates": [ [ [ 74.28171027556094, 31.454021162574556 ], [ 74.281547380877939, 31.453897354895432 ], [ 74.281447254297007, 31.453964022591165 ], [ 74.281589338654626, 31.454097445082464 ], [ 74.28171027556094, 31.454021162574556 ] ] ] } },
{ "type": "Feature", "properties": { "OBJECTID": 204236, "SHAPE_Leng": 61.510017850899999, "SHAPE_Area": 214.94009985, "Town": "Allama Iqbal Town", "UC_N0": "UC_116", "Landuse": "C", "KA": null, "Name": "Peco Shop", "Plot_No": "486", "Block": "A", "Plot_Size": "10M", "Road_Width": null, "Classifica": null, "Category": null, "MAP": null, "__source_file": "revenu.shp" }, "geometry": { "type": "Polygon", "coordinates": [ [ [ 74.281494676834683, 31.454157154819811 ], [ 74.281348479509447, 31.454029790151949 ], [ 74.281301461122354, 31.454061097022716 ], [ 74.281252064421793, 31.454094981722896 ], [ 74.28140656971577, 31.45421272936731 ], [ 74.281494676834683, 31.454157154819811 ] ] ] } },
{ "type": "Feature", "properties": { "OBJECTID": 204237, "SHAPE_Leng": 62.879827517700001, "SHAPE_Area": 228.05620947400001, "Town": "Allama Iqbal Town", "UC_N0": "UC_116", "Landuse": "C", "KA": null, "Name": "Peco Shop", "Plot_No": "485", "Block": "A", "Plot_Size": "10M", "Road_Width": null, "Classifica": null, "Category": null, "MAP": null, "__source_file": "revenu.shp" }, "geometry": { "type": "Polygon", "coordinates": [ [ [ 74.281540746610489, 31.454128095415982 ], [ 74.281589338654626, 31.454097445082464 ], [ 74.281447254297007, 31.453964022591165 ], [ 74.281351260598569, 31.454027939050555 ], [ 74.281348479509447, 31.454029790151949 ], [ 74.281494676834683, 31.454157154819811 ], [ 74.281540746610489, 31.454128095415982 ] ] ] } },
{ "type": "Feature", "properties": { "OBJECTID": 204865, "SHAPE_Leng": 117.46307448500001, "SHAPE_Area": 817.91309462900006, "Town": "Allama Iqbal Town", "UC_N0": "UC_116", "Landuse": "C", "KA": null, "Name": "Juice Corner", "Plot_No": "466", "Block": "A", "Plot_Size": "10M", "Road_Width": null, "Classifica": null, "Category": null, "MAP": null, "__source_file": "revenu.shp" }, "geometry": { "type": "Polygon", "coordinates": [ [ [ 74.283114456517396, 31.452877036172662 ], [ 74.283263935422653, 31.453040575328668 ], [ 74.283365228842158, 31.452968279260777 ], [ 74.283207351841739, 31.452812860051388 ], [ 74.283114456517396, 31.452877036172662 ] ] ] } },
{ "type": "Feature", "properties": { "OBJECTID": 204869, "SHAPE_Leng": 70.222030788799998, "SHAPE_Area": 250.57930378699999, "Town": "Allama Iqbal Town", "UC_N0": "UC_116", "Landuse": "C", "KA": null, "Name": "Juice Corner", "Plot_No": "469", "Block": "A", "Plot_Size": "10M", "Road_Width": null, "Classifica": null, "Category": null, "MAP": null, "__source_file": "revenu.shp" }, "geometry": { "type": "Polygon", "coordinates": [ [ [ 74.28279720540462, 31.453086540978834 ], [ 74.282939014421288, 31.45327247989367 ], [ 74.283065591130153, 31.453182138685921 ], [ 74.282921005607619, 31.453009123227137 ], [ 74.28279720540462, 31.453086540978834 ] ] ] } },
{ "type": "Feature", "properties": { "OBJECTID": 204873, "SHAPE_Leng": 63.687239039300003, "SHAPE_Area": 222.183564015, "Town": "Allama Iqbal Town", "UC_N0": "UC_116", "Landuse": "C", "KA": null, "Name": "Peco Shop", "Plot_No": "483", "Block": "A", "Plot_Size": "10M", "Road_Width": null, "Classifica": null, "Category": null, "MAP": null, "__source_file": "revenu.shp" }, "geometry": { "type": "Polygon", "coordinates": [ [ [ 74.281919448971792, 31.453892533993979 ], [ 74.281787077536961, 31.453737754695272 ], [ 74.28169839508223, 31.453796803406242 ], [ 74.281592795399902, 31.453867116194022 ], [ 74.281760042357831, 31.453997644545659 ], [ 74.281828991625758, 31.453952180942871 ], [ 74.281919448971792, 31.453892533993979 ] ] ] } },
{ "type": "Feature", "properties": { "OBJECTID": 204875, "SHAPE_Leng": 79.8306351767, "SHAPE_Area": 396.357728845, "Town": "Allama Iqbal Town", "UC_N0": "UC_116", "Landuse": "C", "KA": null, "Name": "Peco Shop", "Plot_No": "482", "Block": "A", "Plot_Size": "10M", "Road_Width": null, "Classifica": null, "Category": null, "MAP": null, "__source_file": "revenu.shp" }, "geometry": { "type": "Polygon", "coordinates": [ [ [ 74.282075010157726, 31.453789958593379 ], [ 74.281941285915494, 31.453635076231787 ], [ 74.281787077536961, 31.453737754695272 ], [ 74.281919448971806, 31.45389253399394 ], [ 74.282075010157726, 31.453789958593379 ] ] ] } },
{ "type": "Feature", "properties": { "OBJECTID": 204876, "SHAPE_Leng": 64.161636890500006, "SHAPE_Area": 228.54867941099999, "Town": "Allama Iqbal Town", "UC_N0": "UC_116", "Landuse": "C", "KA": null, "Name": "Juice Corner", "Plot_No": "481", "Block": "A", "Plot_Size": "10M", "Road_Width": null, "Classifica": null, "Category": null, "MAP": null, "__source_file": "revenu.shp" }, "geometry": { "type": "Polygon", "coordinates": [ [ [ 74.281970715116444, 31.453615481097192 ], [ 74.282102881138684, 31.453771580812308 ], [ 74.282162289583738, 31.453732407571572 ], [ 74.282032042489888, 31.453574646839769 ], [ 74.281970715116444, 31.453615481097192 ] ] ] } },
{ "type": "Feature", "properties": { "OBJECTID": 204877, "SHAPE_Leng": 66.052201632099994, "SHAPE_Area": 248.28265059899999, "Town": "Allama Iqbal Town", "UC_N0": "UC_116", "Landuse": "C", "KA": null, "Name": "Juice Corner", "Plot_No": "479", "Block": "A", "Plot_Size": "10M", "Road_Width": null, "Classifica": null, "Category": null, "MAP": null, "__source_file": "revenu.shp" }, "geometry": { "type": "Polygon", "coordinates": [ [ [ 74.282068867877157, 31.453550126899668 ], [ 74.28220779365644, 31.45370240274778 ], [ 74.282261828681044, 31.453666772673127 ], [ 74.28212545518798, 31.45351244856753 ], [ 74.282068867877157, 31.453550126899668 ] ] ] } },
{ "type": "Feature", "properties": { "OBJECTID": 204878, "SHAPE_Leng": 84.357369149299998, "SHAPE_Area": 445.47558607399998, "Town": "Allama Iqbal Town", "UC_N0": "UC_116", "Landuse": "C", "KA": null, "Name": "Juice Corner", "Plot_No": "478", "Block": "A", "Plot_Size": "10M", "Road_Width": null, "Classifica": null, "Category": null, "MAP": null, "__source_file": "revenu.shp" }, "geometry": { "type": "Polygon", "coordinates": [ [ [ 74.282323664315143, 31.45362599866796 ], [ 74.282183773840131, 31.453473617493817 ], [ 74.28212545518798, 31.45351244856753 ], [ 74.282261828681044, 31.453666772673127 ], [ 74.282323664315143, 31.45362599866796 ] ] ] } },
{ "type": "Feature", "properties": { "OBJECTID": 204879, "SHAPE_Leng": 64.936494041800003, "SHAPE_Area": 237.70454801899999, "Town": "Allama Iqbal Town", "UC_N0": "UC_116", "Landuse": "C", "KA": null, "Name": "Juice Corner", "Plot_No": "475", "Block": "A", "Plot_Size": "10M", "Road_Width": null, "Classifica": null, "Category": null, "MAP": null, "__source_file": "revenu.shp" }, "geometry": { "type": "Polygon", "coordinates": [ [ [ 74.282334548699936, 31.453375858393837 ], [ 74.282464436986771, 31.453533173763255 ], [ 74.282526003670455, 31.453492576684262 ], [ 74.282394941957094, 31.45333809224498 ], [ 74.282334548699936, 31.453375858393837 ] ] ] } },
{ "type": "Feature", "properties": { "OBJECTID": 204880, "SHAPE_Leng": 64.212306172300003, "SHAPE_Area": 235.77123558, "Town": "Allama Iqbal Town", "UC_N0": "UC_116", "Landuse": "C", "KA": null, "Name": "Juice Corner", "Plot_No": "471", "Block": "A", "Plot_Size": "10M", "Road_Width": null, "Classifica": null, "Category": null, "MAP": null, "__source_file": "revenu.shp" }, "geometry": { "type": "Polygon", "coordinates": [ [ [ 74.282540981210389, 31.453246768069295 ], [ 74.282661619186584, 31.453403152260556 ], [ 74.28271961621752, 31.453364908885391 ], [ 74.28259040419367, 31.453215861892264 ], [ 74.282540981210389, 31.453246768069295 ] ] ] } },
{ "type": "Feature", "properties": { "OBJECTID": 208913, "SHAPE_Leng": 127.359226718, "SHAPE_Area": 952.58751880600005, "Town": "Allama Iqbal Town", "UC_N0": "UC_116", "Landuse": "C", "KA": null, "Name": null, "Plot_No": "26", "Block": "A", "Plot_Size": "1K", "Road_Width": null, "Classifica": null, "Category": null, "MAP": null, "__source_file": "revenu.shp" }, "geometry": { "type": "Polygon", "coordinates": [ [ [ 74.277475568185267, 31.456199981055825 ], [ 74.277805656309155, 31.456315329937066 ], [ 74.277827279475602, 31.45623733516144 ], [ 74.277533487323936, 31.456024241662654 ], [ 74.277475568185267, 31.456199981055825 ] ] ] } },
{ "type": "Feature", "properties": { "OBJECTID": 208914, "SHAPE_Leng": 176.17078381600001, "SHAPE_Area": 937.65064092099999, "Town": "Allama Iqbal Town", "UC_N0": "UC_116", "Landuse": "P", "KA": null, "Name": null, "Plot_No": null, "Block": "A", "Plot_Size": "3.744K", "Road_Width": null, "Classifica": null, "Category": null, "MAP": null, "__source_file": "revenu.shp" }, "geometry": { "type": "Polygon", "coordinates": [ [ [ 74.278104448578333, 31.456438369883067 ], [ 74.277891167394671, 31.456283674609153 ], [ 74.277686842959596, 31.456970381848222 ], [ 74.278104448578333, 31.456438369883067 ] ] ] } },
{ "type": "Feature", "properties": { "OBJECTID": 208916, "SHAPE_Leng": 112.497722951, "SHAPE_Area": 790.04167132800001, "Town": "Allama Iqbal Town", "UC_N0": "UC_116", "Landuse": "V", "KA": null, "Name": null, "Plot_No": "30", "Block": "A", "Plot_Size": "10M", "Road_Width": null, "Classifica": null, "Category": null, "MAP": null, "__source_file": "revenu.shp" }, "geometry": { "type": "Polygon", "coordinates": [ [ [ 74.277445598226805, 31.457374025947061 ], [ 74.277694403512442, 31.457496801365107 ], [ 74.277747263618195, 31.45743472105271 ], [ 74.277498068590148, 31.457308801069178 ], [ 74.277445598226805, 31.457374025947061 ] ] ] } },
{ "type": "Feature", "properties": { "OBJECTID": 209108, "SHAPE_Leng": 146.23418096699999, "SHAPE_Area": 765.26499291899995, "Town": "Allama Iqbal Town", "UC_N0": "UC_116", "Landuse": "C", "KA": null, "Name": null, "Plot_No": "21", "Block": "A", "Plot_Size": "1K", "Road_Width": null, "Classifica": null, "Category": null, "MAP": null, "__source_file": "revenu.shp" }, "geometry": { "type": "Polygon", "coordinates": [ [ [ 74.27709375705507, 31.457399076843732 ], [ 74.277275293952329, 31.457456361056281 ], [ 74.277412081286371, 31.457320412030253 ], [ 74.277140813112311, 31.457251259445446 ], [ 74.27709375705507, 31.457399076843732 ] ] ] } },
{ "type": "Feature", "properties": { "OBJECTID": 209109, "SHAPE_Leng": 89.740274484799997, "SHAPE_Area": 441.09443106499998, "Town": "Allama Iqbal Town", "UC_N0": "UC_116", "Landuse": "C", "KA": null, "Name": null, "Plot_No": "21A", "Block": "A", "Plot_Size": "1K", "Road_Width": null, "Classifica": null, "Category": null, "MAP": null, "__source_file": "revenu.shp" }, "geometry": { "type": "Polygon", "coordinates": [ [ [ 74.277507802375638, 31.457198469547016 ], [ 74.277180876256281, 31.457125409490704 ], [ 74.277140813112283, 31.457251259445425 ], [ 74.277412081286357, 31.457320412030253 ], [ 74.277507802375638, 31.457198469547016 ] ] ] } },
{ "type": "Feature", "properties": { "OBJECTID": 209110, "SHAPE_Leng": 96.046239750699996, "SHAPE_Area": 456.84183739100001, "Town": "Allama Iqbal Town", "UC_N0": "UC_116", "Landuse": "C", "KA": null, "Name": null, "Plot_No": "22", "Block": "A", "Plot_Size": "1K", "Road_Width": null, "Classifica": null, "Category": null, "MAP": null, "__source_file": "revenu.shp" }, "geometry": { "type": "Polygon", "coordinates": [ [ [ 74.27758975969364, 31.45709406079218 ], [ 74.277218094154122, 31.457008494441002 ], [ 74.277180876256281, 31.457125409490704 ], [ 74.277507802375638, 31.457198469547016 ], [ 74.27758975969364, 31.45709406079218 ] ] ] } },
{ "type": "Feature", "properties": { "OBJECTID": 209111, "SHAPE_Leng": 99.465234994200003, "SHAPE_Area": 486.54269025000002, "Town": "Allama Iqbal Town", "UC_N0": "UC_116", "Landuse": "C", "KA": null, "Name": null, "Plot_No": "22A", "Block": "A", "Plot_Size": "1K", "Road_Width": null, "Classifica": null, "Category": null, "MAP": null, "__source_file": "revenu.shp" }, "geometry": { "type": "Polygon", "coordinates": [ [ [ 74.277623229905501, 31.456973337839688 ], [ 74.277254189192391, 31.456895108862341 ], [ 74.277218094154122, 31.457008494441002 ], [ 74.27758975969364, 31.45709406079218 ], [ 74.277623229905501, 31.456973337839688 ] ] ] } },
{ "type": "Feature", "properties": { "OBJECTID": 209112, "SHAPE_Leng": 96.232903044899999, "SHAPE_Area": 437.97381023499997, "Town": "Allama Iqbal Town", "UC_N0": "UC_116", "Landuse": "C", "KA": null, "Name": null, "Plot_No": "23", "Block": "A", "Plot_Size": "1K", "Road_Width": null, "Classifica": null, "Category": null, "MAP": null, "__source_file": "revenu.shp" }, "geometry": { "type": "Polygon", "coordinates": [ [ [ 74.27765338227799, 31.456864577716544 ], [ 74.277287439011943, 31.456790659096047 ], [ 74.277254189192391, 31.456895108862341 ], [ 74.277623229905501, 31.456973337839688 ], [ 74.27765338227799, 31.456864577716544 ] ] ] } },
{ "type": "Feature", "properties": { "OBJECTID": 209113, "SHAPE_Leng": 97.068128358899997, "SHAPE_Area": 462.52909150699998, "Town": "Allama Iqbal Town", "UC_N0": "UC_116", "Landuse": "C", "KA": null, "Name": null, "Plot_No": "23A", "Block": "A", "Plot_Size": "1K", "Road_Width": null, "Classifica": null, "Category": null, "MAP": null, "__source_file": "revenu.shp" }, "geometry": { "type": "Polygon", "coordinates": [ [ [ 74.277684376733575, 31.456752780930959 ], [ 74.277324358939879, 31.456674682444387 ], [ 74.277287439011943, 31.456790659096047 ], [ 74.27765338227799, 31.456864577716544 ], [ 74.277684376733575, 31.456752780930959 ] ] ] } },
{ "type": "Feature", "properties": { "OBJECTID": 209114, "SHAPE_Leng": 95.502791319899998, "SHAPE_Area": 444.40940537099999, "Town": "Allama Iqbal Town", "UC_N0": "UC_116", "Landuse": "C", "KA": null, "Name": null, "Plot_No": "24", "Block": "A", "Plot_Size": "1K", "Road_Width": null, "Classifica": null, "Category": null, "MAP": null, "__source_file": "revenu.shp" }, "geometry": { "type": "Polygon", "coordinates": [ [ [ 74.277716060625096, 31.456638499685486 ], [ 74.277358504845921, 31.456567417354098 ], [ 74.277324358939879, 31.456674682444387 ], [ 74.277684376733575, 31.456752780930959 ], [ 74.277716060625096, 31.456638499685486 ] ] ] } },
{ "type": "Feature", "properties": { "OBJECTID": 209115, "SHAPE_Leng": 95.260588020399993, "SHAPE_Area": 449.52238989699998, "Town": "Allama Iqbal Town", "UC_N0": "UC_116", "Landuse": "C", "KA": null, "Name": null, "Plot_No": "24A", "Block": "A", "Plot_Size": "1K", "Road_Width": null, "Classifica": null, "Category": null, "MAP": null, "__source_file": "revenu.shp" }, "geometry": { "type": "Polygon", "coordinates": [ [ [ 74.277746519109172, 31.456528635130645 ], [ 74.277395723341627, 31.456450502241896 ], [ 74.277358504845921, 31.456567417354098 ], [ 74.277716060625096, 31.456638499685486 ], [ 74.277746519109172, 31.456528635130645 ] ] ] } },
{ "type": "Feature", "properties": { "OBJECTID": 209116, "SHAPE_Leng": 93.904322522300006, "SHAPE_Area": 435.36833751799998, "Town": "Allama Iqbal Town", "UC_N0": "UC_116", "Landuse": "C", "KA": null, "Name": null, "Plot_No": "25", "Block": "A", "Plot_Size": "1K", "Road_Width": null, "Classifica": null, "Category": null, "MAP": null, "__source_file": "revenu.shp" }, "geometry": { "type": "Polygon", "coordinates": [ [ [ 74.277778509177395, 31.456413249462479 ], [ 74.277429797900311, 31.45634346047672 ], [ 74.277395723341627, 31.456450502241896 ], [ 74.277746519109172, 31.456528635130645 ], [ 74.277778509177395, 31.456413249462479 ] ] ] } },
{ "type": "Feature", "properties": { "OBJECTID": 209118, "SHAPE_Leng": 131.510393075, "SHAPE_Area": 828.65767421500004, "Town": "Allama Iqbal Town", "UC_N0": "UC_116", "Landuse": "R", "KA": null, "Name": null, "Plot_No": "3", "Block": "A", "Plot_Size": "10M", "Road_Width": null, "Classifica": null, "Category": null, "MAP": null, "__source_file": "revenu.shp" }, "geometry": { "type": "Polygon", "coordinates": [ [ [ 74.276953735011645, 31.457965565612284 ], [ 74.277156588224912, 31.45811907569259 ], [ 74.277174379041824, 31.458107524468165 ], [ 74.277217351597685, 31.458057057426998 ], [ 74.276998487342027, 31.457874478383399 ], [ 74.276953735011645, 31.457965565612284 ] ] ] } },
{ "type": "Feature", "properties": { "OBJECTID": 209120, "SHAPE_Leng": 103.891783571, "SHAPE_Area": 669.46236715199996, "Town": "Allama Iqbal Town", "UC_N0": "UC_116", "Landuse": "R", "KA": null, "Name": null, "Plot_No": "37", "Block": "A", "Plot_Size": "10M", "Road_Width": null, "Classifica": null, "Category": null, "MAP": null, "__source_file": "revenu.shp" }, "geometry": { "type": "Polygon", "coordinates": [ [ [ 74.277342814739058, 31.457909713167702 ], [ 74.277123060174517, 31.457761698907099 ], [ 74.277072453320599, 31.457807514839441 ], [ 74.277288485382016, 31.457973517787682 ], [ 74.277342814739058, 31.457909713167702 ] ] ] } },
{ "type": "Feature", "properties": { "OBJECTID": 209122, "SHAPE_Leng": 75.383710092100003, "SHAPE_Area": 303.90098596399997, "Town": "Allama Iqbal Town", "UC_N0": "UC_116", "Landuse": "R", "KA": null, "Name": null, "Plot_No": "35", "Block": "A", "Plot_Size": "10M", "Road_Width": null, "Classifica": null, "Category": null, "MAP": null, "__source_file": "revenu.shp" }, "geometry": { "type": "Polygon", "coordinates": [ [ [ 74.277455947215188, 31.457776849011314 ], [ 74.277229940724183, 31.457642103942167 ], [ 74.277162336377771, 31.457726140913927 ], [ 74.277381079157124, 31.457864775210876 ], [ 74.277455947215188, 31.457776849011314 ] ] ] } },
{ "type": "Feature", "properties": { "OBJECTID": 209126, "SHAPE_Leng": 102.47953257899999, "SHAPE_Area": 635.05187402399997, "Town": "Allama Iqbal Town", "UC_N0": "UC_116", "Landuse": "C", "KA": null, "Name": null, "Plot_No": "20", "Block": "A", "Plot_Size": "10M", "Road_Width": null, "Classifica": null, "Category": null, "MAP": null, "__source_file": "revenu.shp" }, "geometry": { "type": "Polygon", "coordinates": [ [ [ 74.278362174604879, 31.456712545860061 ], [ 74.278112158335276, 31.456545431270484 ], [ 74.278032268912582, 31.456644742285118 ], [ 74.278282076950731, 31.456806616467791 ], [ 74.278362174604879, 31.456712545860061 ] ] ] } },
{ "type": "Feature", "properties": { "OBJECTID": 209127, "SHAPE_Leng": 79.802871037100005, "SHAPE_Area": 304.58933804600002, "Town": "Allama Iqbal Town", "UC_N0": "UC_116", "Landuse": "V", "KA": null, "Name": null, "Plot_No": "21", "Block": "A", "Plot_Size": "10M", "Road_Width": null, "Classifica": null, "Category": null, "MAP": null, "__source_file": "revenu.shp" }, "geometry": { "type": "Polygon", "coordinates": [ [ [ 74.278282076950731, 31.45680661646778 ], [ 74.278032268912554, 31.4566447422851 ], [ 74.277969601968493, 31.456722643537638 ], [ 74.278219454017588, 31.456880163949311 ], [ 74.278282076950731, 31.45680661646778 ] ] ] } },
{ "type": "Feature", "properties": { "OBJECTID": 209128, "SHAPE_Leng": 76.878163155600006, "SHAPE_Area": 266.54627190899998, "Town": "Allama Iqbal Town", "UC_N0": "UC_116", "Landuse": "R", "KA": null, "Name": null, "Plot_No": "22", "Block": "A", "Plot_Size": "10M", "Road_Width": null, "Classifica": null, "Category": null, "MAP": null, "__source_file": "revenu.shp" }, "geometry": { "type": "Polygon", "coordinates": [ [ [ 74.278219454017588, 31.456880163949311 ], [ 74.277969601968493, 31.456722643537638 ], [ 74.277917028943008, 31.45678799667564 ], [ 74.278161310818348, 31.456948449605616 ], [ 74.278219454017588, 31.456880163949311 ] ] ] } },
{ "type": "Feature", "properties": { "OBJECTID": 209129, "SHAPE_Leng": 80.398063510300005, "SHAPE_Area": 323.115347128, "Town": "Allama Iqbal Town", "UC_N0": "UC_116", "Landuse": "V", "KA": null, "Name": null, "Plot_No": "23", "Block": "A", "Plot_Size": "10M", "Road_Width": null, "Classifica": null, "Category": null, "MAP": null, "__source_file": "revenu.shp" }, "geometry": { "type": "Polygon", "coordinates": [ [ [ 74.278161310818348, 31.456948449605616 ], [ 74.277917028943008, 31.45678799667564 ], [ 74.277845966933796, 31.456876333489831 ], [ 74.278097165745393, 31.457023783873602 ], [ 74.278161310818348, 31.456948449605616 ] ] ] } },
{ "type": "Feature", "properties": { "OBJECTID": 209130, "SHAPE_Leng": 86.001771703599999, "SHAPE_Area": 409.85727146900001, "Town": "Allama Iqbal Town", "UC_N0": "UC_116", "Landuse": "R", "KA": null, "Name": null, "Plot_No": "25", "Block": "A", "Plot_Size": "10M", "Road_Width": null, "Classifica": null, "Category": null, "MAP": null, "__source_file": "revenu.shp" }, "geometry": { "type": "Polygon", "coordinates": [ [ [ 74.278058804846893, 31.457068836304142 ], [ 74.277805011711195, 31.456927244521211 ], [ 74.277763211452381, 31.456979205936804 ], [ 74.278006061847165, 31.457130779505011 ], [ 74.278058804846893, 31.457068836304142 ] ] ] } },
{ "type": "Feature", "properties": { "OBJECTID": 209131, "SHAPE_Leng": 97.133303915900001, "SHAPE_Area": 573.67043549100003, "Town": "Allama Iqbal Town", "UC_N0": "UC_116", "Landuse": "V", "KA": null, "Name": null, "Plot_No": "27", "Block": "A", "Plot_Size": "10M", "Road_Width": null, "Classifica": null, "Category": null, "MAP": null, "__source_file": "revenu.shp" }, "geometry": { "type": "Polygon", "coordinates": [ [ [ 74.277950303603419, 31.457196263890193 ], [ 74.277700808276222, 31.457056778725139 ], [ 74.277639574672691, 31.457132897471851 ], [ 74.277882589757851, 31.457275789183971 ], [ 74.277950303603419, 31.457196263890193 ] ] ] } },
{ "type": "Feature", "properties": { "OBJECTID": 209132, "SHAPE_Leng": 76.024424207199999, "SHAPE_Area": 282.76588004199999, "Town": "Allama Iqbal Town", "UC_N0": "UC_116", "Landuse": "R", "KA": null, "Name": null, "Plot_No": "28", "Block": "A", "Plot_Size": "10M", "Road_Width": null, "Classifica": null, "Category": null, "MAP": null, "__source_file": "revenu.shp" }, "geometry": { "type": "Polygon", "coordinates": [ [ [ 74.277882589757851, 31.457275789183949 ], [ 74.277639574672705, 31.457132897471833 ], [ 74.27758036918911, 31.457206494581207 ], [ 74.277818107551326, 31.457351519284625 ], [ 74.277882589757851, 31.457275789183949 ] ] ] } },
{ "type": "Feature", "properties": { "OBJECTID": 209133, "SHAPE_Leng": 93.303235169000004, "SHAPE_Area": 534.34604523899998, "Town": "Allama Iqbal Town", "UC_N0": "UC_116", "Landuse": "R", "KA": null, "Name": null, "Plot_No": "34", "Block": "A", "Plot_Size": "10M", "Road_Width": null, "Classifica": null, "Category": null, "MAP": null, "__source_file": "revenu.shp" }, "geometry": { "type": "Polygon", "coordinates": [ [ [ 74.277521648692812, 31.457699688203071 ], [ 74.277289818724967, 31.457567671441357 ], [ 74.277229940724169, 31.457642103942192 ], [ 74.277455947215202, 31.457776849011346 ], [ 74.277521648692812, 31.457699688203071 ] ] ] } },
{ "type": "Feature", "properties": { "OBJECTID": 209134, "SHAPE_Leng": 72.435561140299995, "SHAPE_Area": 251.64666452200001, "Town": "Allama Iqbal Town", "UC_N0": "UC_116", "Landuse": "R", "KA": null, "Name": null, "Plot_No": "32", "Block": "A", "Plot_Size": "10M", "Road_Width": null, "Classifica": null, "Category": null, "MAP": null, "__source_file": "revenu.shp" }, "geometry": { "type": "Polygon", "coordinates": [ [ [ 74.277605388709205, 31.457601342168189 ], [ 74.277641984021386, 31.457558364466596 ], [ 74.277404574622494, 31.457425021503937 ], [ 74.277353080463655, 31.457489032558325 ], [ 74.277579022342778, 31.457632307587655 ], [ 74.277605388709205, 31.457601342168189 ] ] ] } },
{ "type": "Feature", "properties": { "OBJECTID": 211246, "SHAPE_Leng": 94.367478268200003, "SHAPE_Area": 412.962831419, "Town": "Allama Iqbal Town", "UC_N0": "UC_116", "Landuse": "C", "KA": null, "Name": "Workshop", "Plot_No": "34", "Block": "A", "Plot_Size": "1K", "Road_Width": null, "Classifica": null, "Category": null, "MAP": null, "__source_file": "revenu.shp" }, "geometry": { "type": "Polygon", "coordinates": [ [ [ 74.278051808302109, 31.45539339924597 ], [ 74.277966221498801, 31.455332219939844 ], [ 74.277801201877168, 31.455211921464148 ], [ 74.277678102404835, 31.455585441250385 ], [ 74.27778225791802, 31.455664479470979 ], [ 74.278051808302109, 31.45539339924597 ] ] ] } },
{ "type": "Feature", "properties": { "OBJECTID": 283535, "SHAPE_Leng": 84.247394600700005, "SHAPE_Area": 387.56955772800001, "Town": "Allama Iqbal Town", "UC_N0": "UC_120", "Landuse": "R", "KA": null, "Name": null, "Plot_No": "433", "Block": "A", "Plot_Size": "1K", "Road_Width": null, "Classifica": null, "Category": null, "MAP": null, "__source_file": "revenu.shp" }, "geometry": { "type": "Polygon", "coordinates": [ [ [ 74.284534275805711, 31.45180184854755 ], [ 74.284406234264367, 31.45157722492964 ], [ 74.284360058704436, 31.451589193922594 ], [ 74.284359973281468, 31.451589216903201 ], [ 74.284328776506001, 31.451596431833583 ], [ 74.284310095705806, 31.451600427172469 ], [ 74.284303792347984, 31.451601982577419 ], [ 74.284297694573212, 31.451603214329165 ], [ 74.284287308107821, 31.451605548997652 ], [ 74.284380061789165, 31.451854953727679 ], [ 74.284534275805711, 31.45180184854755 ] ] ] } },
{ "type": "Feature", "properties": { "OBJECTID": 161783, "SHAPE_Leng": 211.55563277100001, "SHAPE_Area": 1837.2565565899999, "Town": "Allama Iqbal Town", "UC_N0": "UC_120", "Landuse": "R", "KA": null, "Name": null, "Plot_No": "140", "Block": "A", "Plot_Size": "1K", "Road_Width": null, "Classifica": null, "Category": null, "MAP": null, "__source_file": "revenu.shp" }, "geometry": { "type": "Polygon", "coordinates": [ [ [ 74.279180407214994, 31.453537855323148 ], [ 74.279180513542329, 31.453808440324924 ], [ 74.27934156181071, 31.453814545675229 ], [ 74.279344749209585, 31.45354293396003 ], [ 74.279180407214994, 31.453537855323148 ] ] ] } },
{ "type": "Feature", "properties": { "OBJECTID": 161783, "SHAPE_Leng": 211.55563277100001, "SHAPE_Area": 1837.2565565899999, "Town": "Allama Iqbal Town", "UC_N0": "UC_120", "Landuse": "R", "KA": null, "Name": null, "Plot_No": "136", "Block": "A", "Plot_Size": "1K", "Road_Width": null, "Classifica": null, "Category": null, "MAP": null, "__source_file": "revenu.shp" }, "geometry": { "type": "Polygon", "coordinates": [ [ [ 74.279180513542329, 31.453808440324924 ], [ 74.279176177615639, 31.453808277384045 ], [ 74.279085753786688, 31.453805485822372 ], [ 74.27902354830789, 31.453804136911817 ], [ 74.27902290082352, 31.453804122866906 ], [ 74.279021274910832, 31.454077570007168 ], [ 74.279065335138981, 31.454081624370829 ], [ 74.279164174851616, 31.454093132389058 ], [ 74.279180513542329, 31.453808440324924 ] ] ] } },
{ "type": "Feature", "properties": { "OBJECTID": 161783, "SHAPE_Leng": 211.55563277100001, "SHAPE_Area": 1837.2565565899999, "Town": "Allama Iqbal Town", "UC_N0": "UC_120", "Landuse": "V", "KA": null, "Name": null, "Plot_No": "137", "Block": "A", "Plot_Size": "1K", "Road_Width": null, "Classifica": null, "Category": null, "MAP": null, "__source_file": "revenu.shp" }, "geometry": { "type": "Polygon", "coordinates": [ [ [ 74.27902290082352, 31.453804122866906 ], [ 74.278918622742623, 31.453801860873135 ], [ 74.278895969948508, 31.453801369740443 ], [ 74.278877362822897, 31.453801157614105 ], [ 74.278875354247162, 31.454064142470948 ], [ 74.279021274910832, 31.454077570007168 ], [ 74.27902290082352, 31.453804122866906 ] ] ] } },
{ "type": "Feature", "properties": { "OBJECTID": 162263, "SHAPE_Leng": 227.077844634, "SHAPE_Area": 3074.1211715700001, "Town": "Allama Iqbal Town", "UC_N0": "UC_120", "Landuse": "C", "KA": null, "Name": null, "Plot_No": "2", "Block": "A", "Plot_Size": "7.5M", "Road_Width": null, "Classifica": null, "Category": null, "MAP": null, "__source_file": "revenu.shp" }, "geometry": { "type": "Polygon", "coordinates": [ [ [ 74.281553880102209, 31.453045599407762 ], [ 74.281553850931545, 31.452986725256384 ], [ 74.281324357749057, 31.452987455787316 ], [ 74.281324748796905, 31.45304437588856 ], [ 74.281553880102209, 31.453045599407762 ] ] ] } },
{ "type": "Feature", "properties": { "OBJECTID": 162263, "SHAPE_Leng": 227.077844634, "SHAPE_Area": 3074.1211715700001, "Town": "Allama Iqbal Town", "UC_N0": "UC_120", "Landuse": "C", "KA": null, "Name": null, "Plot_No": "3", "Block": "A", "Plot_Size": "7.5M", "Road_Width": null, "Classifica": null, "Category": null, "MAP": null, "__source_file": "revenu.shp" }, "geometry": { "type": "Polygon", "coordinates": [ [ [ 74.281553850931545, 31.452986725256384 ], [ 74.281553815193732, 31.452914598846622 ], [ 74.281323848735667, 31.452913364918654 ], [ 74.281324357749057, 31.452987455787316 ], [ 74.281553850931545, 31.452986725256384 ] ] ] } },
{ "type": "Feature", "properties": { "OBJECTID": 162263, "SHAPE_Leng": 227.077844634, "SHAPE_Area": 3074.1211715700001, "Town": "Allama Iqbal Town", "UC_N0": "UC_120", "Landuse": "C", "KA": null, "Name": null, "Plot_No": "7", "Block": "A", "Plot_Size": "7.5M", "Road_Width": null, "Classifica": null, "Category": null, "MAP": null, "__source_file": "revenu.shp" }, "geometry": { "type": "Polygon", "coordinates": [ [ [ 74.281553639509639, 31.452560063196124 ], [ 74.281321411912216, 31.452558667045313 ], [ 74.281321901528813, 31.452629934297129 ], [ 74.281553676630608, 31.452634970040314 ], [ 74.281553639509639, 31.452560063196124 ] ] ] } },
{ "type": "Feature", "properties": { "OBJECTID": 162263, "SHAPE_Leng": 227.077844634, "SHAPE_Area": 3074.1211715700001, "Town": "Allama Iqbal Town", "UC_N0": "UC_120", "Landuse": "C", "KA": null, "Name": null, "Plot_No": "8", "Block": "A", "Plot_Size": "7.5M", "Road_Width": null, "Classifica": null, "Category": null, "MAP": null, "__source_file": "revenu.shp" }, "geometry": { "type": "Polygon", "coordinates": [ [ [ 74.281321411912216, 31.452558667045313 ], [ 74.281553639509639, 31.452560063196124 ], [ 74.281553600294146, 31.452480932365891 ], [ 74.281320878438805, 31.452481016176769 ], [ 74.281321411912216, 31.452558667045313 ] ] ] } },
{ "type": "Feature", "properties": { "OBJECTID": 162263, "SHAPE_Leng": 227.077844634, "SHAPE_Area": 3074.1211715700001, "Town": "Allama Iqbal Town", "UC_N0": "UC_120", "Landuse": "C", "KA": null, "Name": null, "Plot_No": "5", "Block": "A", "Plot_Size": "7.5M", "Road_Width": null, "Classifica": null, "Category": null, "MAP": null, "__source_file": "revenu.shp" }, "geometry": { "type": "Polygon", "coordinates": [ [ [ 74.2815537252702, 31.452733123982146 ], [ 74.28132252645122, 31.452720896370632 ], [ 74.281323143229798, 31.452810673131619 ], [ 74.281553766953252, 31.452817242922578 ], [ 74.2815537252702, 31.452733123982146 ] ] ] } },
{ "type": "Feature", "properties": { "OBJECTID": 162263, "SHAPE_Leng": 227.077844634, "SHAPE_Area": 3074.1211715700001, "Town": "Allama Iqbal Town", "UC_N0": "UC_120", "Landuse": "C", "KA": null, "Name": null, "Plot_No": "6", "Block": "A", "Plot_Size": "7.5M", "Road_Width": null, "Classifica": null, "Category": null, "MAP": null, "__source_file": "revenu.shp" }, "geometry": { "type": "Polygon", "coordinates": [ [ [ 74.281553676630608, 31.452634970040314 ], [ 74.281321901528813, 31.452629934297129 ], [ 74.28132252645122, 31.452720896370632 ], [ 74.2815537252702, 31.452733123982146 ], [ 74.281553676630608, 31.452634970040314 ] ] ] } },
{ "type": "Feature", "properties": { "OBJECTID": 162263, "SHAPE_Leng": 227.077844634, "SHAPE_Area": 3074.1211715700001, "Town": "Allama Iqbal Town", "UC_N0": "UC_120", "Landuse": "C", "KA": null, "Name": null, "Plot_No": "4", "Block": "A", "Plot_Size": "7.5M", "Road_Width": null, "Classifica": null, "Category": null, "MAP": null, "__source_file": "revenu.shp" }, "geometry": { "type": "Polygon", "coordinates": [ [ [ 74.281553815193732, 31.452914598846622 ], [ 74.281553766953252, 31.452817242922578 ], [ 74.281323143229798, 31.452810673131619 ], [ 74.281323848735667, 31.452913364918654 ], [ 74.281553815193732, 31.452914598846622 ] ] ] } },
{ "type": "Feature", "properties": { "OBJECTID": 162263, "SHAPE_Leng": 227.077844634, "SHAPE_Area": 3074.1211715700001, "Town": "Allama Iqbal Town", "UC_N0": "UC_120", "Landuse": "C", "KA": null, "Name": null, "Plot_No": "34", "Block": "A", "Plot_Size": "7.5M", "Road_Width": null, "Classifica": null, "Category": null, "MAP": null, "__source_file": "revenu.shp" }, "geometry": { "type": "Polygon", "coordinates": [ [ [ 74.281796753253502, 31.453046895858332 ], [ 74.281553880102209, 31.453045599407762 ], [ 74.28155390851353, 31.453102942404502 ], [ 74.281797756261724, 31.453103918488267 ], [ 74.281796753253502, 31.453046895858332 ] ] ] } },
{ "type": "Feature", "properties": { "OBJECTID": 162263, "SHAPE_Leng": 227.077844634, "SHAPE_Area": 3074.1211715700001, "Town": "Allama Iqbal Town", "UC_N0": "UC_120", "Landuse": "C", "KA": null, "Name": null, "Plot_No": "33", "Block": "A", "Plot_Size": "7.5M", "Road_Width": null, "Classifica": null, "Category": null, "MAP": null, "__source_file": "revenu.shp" }, "geometry": { "type": "Polygon", "coordinates": [ [ [ 74.281796753253502, 31.453046895858332 ], [ 74.281795681325733, 31.452985955008195 ], [ 74.281553850931545, 31.452986725256384 ], [ 74.281553880102209, 31.453045599407762 ], [ 74.281796753253502, 31.453046895858332 ] ] ] } },
{ "type": "Feature", "properties": { "OBJECTID": 162263, "SHAPE_Leng": 227.077844634, "SHAPE_Area": 3074.1211715700001, "Town": "Allama Iqbal Town", "UC_N0": "UC_120", "Landuse": "C", "KA": null, "Name": null, "Plot_No": "32", "Block": "A", "Plot_Size": "7.5M", "Road_Width": null, "Classifica": null, "Category": null, "MAP": null, "__source_file": "revenu.shp" }, "geometry": { "type": "Polygon", "coordinates": [ [ [ 74.281795681325733, 31.452985955008195 ], [ 74.281794448900456, 31.452915889569653 ], [ 74.281553815193732, 31.452914598846622 ], [ 74.281553850931545, 31.452986725256384 ], [ 74.281795681325733, 31.452985955008195 ] ] ] } },
{ "type": "Feature", "properties": { "OBJECTID": 162263, "SHAPE_Leng": 227.077844634, "SHAPE_Area": 3074.1211715700001, "Town": "Allama Iqbal Town", "UC_N0": "UC_120", "Landuse": "C", "KA": null, "Name": null, "Plot_No": "28", "Block": "A", "Plot_Size": "7.5M", "Road_Width": null, "Classifica": null, "Category": null, "MAP": null, "__source_file": "revenu.shp" }, "geometry": { "type": "Polygon", "coordinates": [ [ [ 74.281788204249935, 31.452561472970341 ], [ 74.281553639509639, 31.452560063196124 ], [ 74.281553676630608, 31.452634970040314 ], [ 74.281789591709341, 31.452640095301057 ], [ 74.281788204249935, 31.452561472970341 ] ] ] } },
{ "type": "Feature", "properties": { "OBJECTID": 162263, "SHAPE_Leng": 227.077844634, "SHAPE_Area": 3074.1211715700001, "Town": "Allama Iqbal Town", "UC_N0": "UC_120", "Landuse": "C", "KA": null, "Name": null, "Plot_No": "27", "Block": "A", "Plot_Size": "7.5M", "Road_Width": null, "Classifica": null, "Category": null, "MAP": null, "__source_file": "revenu.shp" }, "geometry": { "type": "Polygon", "coordinates": [ [ [ 74.281553639509639, 31.452560063196124 ], [ 74.281788204249935, 31.452561472970341 ], [ 74.281786781450094, 31.452480847965418 ], [ 74.281553600294146, 31.452480932365891 ], [ 74.281553639509639, 31.452560063196124 ] ] ] } },
{ "type": "Feature", "properties": { "OBJECTID": 162263, "SHAPE_Leng": 227.077844634, "SHAPE_Area": 3074.1211715700001, "Town": "Allama Iqbal Town", "UC_N0": "UC_120", "Landuse": "C", "KA": null, "Name": null, "Plot_No": "30", "Block": "A", "Plot_Size": "7.5M", "Road_Width": null, "Classifica": null, "Category": null, "MAP": null, "__source_file": "revenu.shp" }, "geometry": { "type": "Polygon", "coordinates": [ [ [ 74.281791455271517, 31.452745696575811 ], [ 74.2815537252702, 31.452733123982146 ], [ 74.281553766953252, 31.452817242922578 ], [ 74.281792833526382, 31.45282405278633 ], [ 74.281791455271517, 31.452745696575811 ] ] ] } },
{ "type": "Feature", "properties": { "OBJECTID": 162263, "SHAPE_Leng": 227.077844634, "SHAPE_Area": 3074.1211715700001, "Town": "Allama Iqbal Town", "UC_N0": "UC_120", "Landuse": "C", "KA": null, "Name": null, "Plot_No": "31", "Block": "A", "Plot_Size": "7.5M", "Road_Width": null, "Classifica": null, "Category": null, "MAP": null, "__source_file": "revenu.shp" }, "geometry": { "type": "Polygon", "coordinates": [ [ [ 74.281794448900456, 31.452915889569653 ], [ 74.281792833526382, 31.45282405278633 ], [ 74.281553766953252, 31.452817242922578 ], [ 74.281553815193732, 31.452914598846622 ], [ 74.281794448900456, 31.452915889569653 ] ] ] } },
{ "type": "Feature", "properties": { "OBJECTID": 162263, "SHAPE_Leng": 227.077844634, "SHAPE_Area": 3074.1211715700001, "Town": "Allama Iqbal Town", "UC_N0": "UC_120", "Landuse": "C", "KA": null, "Name": "Shops", "Plot_No": "1", "Block": "A", "Plot_Size": "7.5M", "Road_Width": null, "Classifica": null, "Category": null, "MAP": null, "__source_file": "revenu.shp" }, "geometry": { "type": "Polygon", "coordinates": [ [ [ 74.281553880102209, 31.453045599407762 ], [ 74.281324748796905, 31.45304437588856 ], [ 74.281325144861668, 31.4531020262779 ], [ 74.28155390851353, 31.453102942404502 ], [ 74.281553880102209, 31.453045599407762 ] ] ] } },
{ "type": "Feature", "properties": { "OBJECTID": 162261, "SHAPE_Leng": 243.033980447, "SHAPE_Area": 3405.2481456800001, "Town": "Allama Iqbal Town", "UC_N0": "UC_120", "Landuse": "C", "KA": null, "Name": null, "Plot_No": "11", "Block": "A", "Plot_Size": "7.5M", "Road_Width": null, "Classifica": null, "Category": null, "MAP": null, "__source_file": "revenu.shp" }, "geometry": { "type": "Polygon", "coordinates": [ [ [ 74.281546775491691, 31.45225385382895 ], [ 74.281545819733637, 31.45218606537809 ], [ 74.281318858072382, 31.452186907177236 ], [ 74.281319309939306, 31.452252684642232 ], [ 74.281546775491691, 31.45225385382895 ] ] ] } },
{ "type": "Feature", "properties": { "OBJECTID": 162261, "SHAPE_Leng": 243.033980447, "SHAPE_Area": 3405.2481456800001, "Town": "Allama Iqbal Town", "UC_N0": "UC_120", "Landuse": "C", "KA": null, "Name": null, "Plot_No": "17", "Block": "A", "Plot_Size": "7.5M", "Road_Width": null, "Classifica": null, "Category": null, "MAP": null, "__source_file": "revenu.shp" }, "geometry": { "type": "Polygon", "coordinates": [ [ [ 74.281540174382073, 31.451785660524493 ], [ 74.281539145477069, 31.451712683823025 ], [ 74.281315623753798, 31.451716094443189 ], [ 74.281316123166945, 31.451788792778061 ], [ 74.281540174382073, 31.451785660524493 ] ] ] } },
{ "type": "Feature", "properties": { "OBJECTID": 162261, "SHAPE_Leng": 243.033980447, "SHAPE_Area": 3405.2481456800001, "Town": "Allama Iqbal Town", "UC_N0": "UC_120", "Landuse": "C", "KA": null, "Name": null, "Plot_No": "13", "Block": "A", "Plot_Size": "7.5M", "Road_Width": null, "Classifica": null, "Category": null, "MAP": null, "__source_file": "revenu.shp" }, "geometry": { "type": "Polygon", "coordinates": [ [ [ 74.281544771029971, 31.45211168460256 ], [ 74.281543749784447, 31.452039251301521 ], [ 74.281317834885868, 31.452037963889477 ], [ 74.281318346852999, 31.452112489927341 ], [ 74.281544771029971, 31.45211168460256 ] ] ] } },
{ "type": "Feature", "properties": { "OBJECTID": 162261, "SHAPE_Leng": 243.033980447, "SHAPE_Area": 3405.2481456800001, "Town": "Allama Iqbal Town", "UC_N0": "UC_120", "Landuse": "C", "KA": null, "Name": null, "Plot_No": "12", "Block": "A", "Plot_Size": "7.5M", "Road_Width": null, "Classifica": null, "Category": null, "MAP": null, "__source_file": "revenu.shp" }, "geometry": { "type": "Polygon", "coordinates": [ [ [ 74.281545819733637, 31.45218606537809 ], [ 74.281544771029971, 31.45211168460256 ], [ 74.281318346852999, 31.452112489927341 ], [ 74.281318858072382, 31.452186907177236 ], [ 74.281545819733637, 31.45218606537809 ] ] ] } },
{ "type": "Feature", "properties": { "OBJECTID": 162261, "SHAPE_Leng": 243.033980447, "SHAPE_Area": 3405.2481456800001, "Town": "Allama Iqbal Town", "UC_N0": "UC_120", "Landuse": "C", "KA": null, "Name": null, "Plot_No": "10", "Block": "A", "Plot_Size": "7.5M", "Road_Width": null, "Classifica": null, "Category": null, "MAP": null, "__source_file": "revenu.shp" }, "geometry": { "type": "Polygon", "coordinates": [ [ [ 74.281547884709013, 31.452332526552762 ], [ 74.281546775491691, 31.45225385382895 ], [ 74.281319309939306, 31.452252684642232 ], [ 74.281319850086632, 31.452331312995394 ], [ 74.281547884709013, 31.452332526552762 ] ] ] } },
{ "type": "Feature", "properties": { "OBJECTID": 162261, "SHAPE_Leng": 243.033980447, "SHAPE_Area": 3405.2481456800001, "Town": "Allama Iqbal Town", "UC_N0": "UC_120", "Landuse": "C", "KA": null, "Name": null, "Plot_No": "16", "Block": "A", "Plot_Size": "7.5M", "Road_Width": null, "Classifica": null, "Category": null, "MAP": null, "__source_file": "revenu.shp" }, "geometry": { "type": "Polygon", "coordinates": [ [ [ 74.281541316588715, 31.451866673285377 ], [ 74.281540174382073, 31.451785660524493 ], [ 74.281316123166945, 31.451788792778061 ], [ 74.28131666481157, 31.451867638711072 ], [ 74.281541316588715, 31.451866673285377 ] ] ] } },
{ "type": "Feature", "properties": { "OBJECTID": 162261, "SHAPE_Leng": 243.033980447, "SHAPE_Area": 3405.2481456800001, "Town": "Allama Iqbal Town", "UC_N0": "UC_120", "Landuse": "C", "KA": null, "Name": null, "Plot_No": "9", "Block": "A", "Plot_Size": "7.5M", "Road_Width": null, "Classifica": null, "Category": null, "MAP": null, "__source_file": "revenu.shp" }, "geometry": { "type": "Polygon", "coordinates": [ [ [ 74.281547884709013, 31.452332526552762 ], [ 74.281319850086632, 31.452331312995394 ], [ 74.281320419390553, 31.4524141856912 ], [ 74.281549024638466, 31.452413377538331 ], [ 74.281547884709013, 31.452332526552762 ] ] ] } },
{ "type": "Feature", "properties": { "OBJECTID": 162261, "SHAPE_Leng": 243.033980447, "SHAPE_Area": 3405.2481456800001, "Town": "Allama Iqbal Town", "UC_N0": "UC_120", "Landuse": "C", "KA": null, "Name": null, "Plot_No": "15", "Block": "A", "Plot_Size": "7.5M", "Road_Width": null, "Classifica": null, "Category": null, "MAP": null, "__source_file": "revenu.shp" }, "geometry": { "type": "Polygon", "coordinates": [ [ [ 74.281542518411229, 31.451951914351746 ], [ 74.281541316588715, 31.451866673285377 ], [ 74.28131666481157, 31.451867638711072 ], [ 74.281317235758237, 31.451950750141815 ], [ 74.281542518411229, 31.451951914351746 ] ] ] } },
{ "type": "Feature", "properties": { "OBJECTID": 162261, "SHAPE_Leng": 243.033980447, "SHAPE_Area": 3405.2481456800001, "Town": "Allama Iqbal Town", "UC_N0": "UC_120", "Landuse": "C", "KA": null, "Name": null, "Plot_No": "14", "Block": "A", "Plot_Size": "7.5M", "Road_Width": null, "Classifica": null, "Category": null, "MAP": null, "__source_file": "revenu.shp" }, "geometry": { "type": "Polygon", "coordinates": [ [ [ 74.281542518411229, 31.451951914351746 ], [ 74.281317235758237, 31.451950750141815 ], [ 74.281317834885868, 31.452037963889477 ], [ 74.281543749784447, 31.452039251301521 ], [ 74.281542518411229, 31.451951914351746 ] ] ] } },
{ "type": "Feature", "properties": { "OBJECTID": 162261, "SHAPE_Leng": 243.033980447, "SHAPE_Area": 3405.2481456800001, "Town": "Allama Iqbal Town", "UC_N0": "UC_120", "Landuse": "C", "KA": null, "Name": null, "Plot_No": "24", "Block": "A", "Plot_Size": "7.5M", "Road_Width": null, "Classifica": null, "Category": null, "MAP": null, "__source_file": "revenu.shp" }, "geometry": { "type": "Polygon", "coordinates": [ [ [ 74.281782797794634, 31.452255066570817 ], [ 74.281781564748186, 31.452185190575666 ], [ 74.281545819733637, 31.45218606537809 ], [ 74.281546775491691, 31.45225385382895 ], [ 74.281782797794634, 31.452255066570817 ] ] ] } },
{ "type": "Feature", "properties": { "OBJECTID": 162261, "SHAPE_Leng": 243.033980447, "SHAPE_Area": 3405.2481456800001, "Town": "Allama Iqbal Town", "UC_N0": "UC_120", "Landuse": "C", "KA": null, "Name": null, "Plot_No": "22", "Block": "A", "Plot_Size": "7.5M", "Road_Width": null, "Classifica": null, "Category": null, "MAP": null, "__source_file": "revenu.shp" }, "geometry": { "type": "Polygon", "coordinates": [ [ [ 74.281780252860372, 31.452110846637609 ], [ 74.281779013126254, 31.452040591563563 ], [ 74.281543749784447, 31.452039251301521 ], [ 74.281544771029971, 31.45211168460256 ], [ 74.281780252860372, 31.452110846637609 ] ] ] } },
{ "type": "Feature", "properties": { "OBJECTID": 162261, "SHAPE_Leng": 243.033980447, "SHAPE_Area": 3405.2481456800001, "Town": "Allama Iqbal Town", "UC_N0": "UC_120", "Landuse": "C", "KA": null, "Name": null, "Plot_No": "18", "Block": "A", "Plot_Size": "7.5M", "Road_Width": null, "Classifica": null, "Category": null, "MAP": null, "__source_file": "revenu.shp" }, "geometry": { "type": "Polygon", "coordinates": [ [ [ 74.281774456768787, 31.451782384818753 ], [ 74.281773163797794, 31.451709112621501 ], [ 74.281539145477069, 31.451712683823025 ], [ 74.281540174382073, 31.451785660524493 ], [ 74.281774456768787, 31.451782384818753 ] ] ] } },
{ "type": "Feature", "properties": { "OBJECTID": 162261, "SHAPE_Leng": 243.033980447, "SHAPE_Area": 3405.2481456800001, "Town": "Allama Iqbal Town", "UC_N0": "UC_120", "Landuse": "C", "KA": null, "Name": null, "Plot_No": "23", "Block": "A", "Plot_Size": "7.5M", "Road_Width": null, "Classifica": null, "Category": null, "MAP": null, "__source_file": "revenu.shp" }, "geometry": { "type": "Polygon", "coordinates": [ [ [ 74.281781564748186, 31.452185190575666 ], [ 74.281780252860372, 31.452110846637609 ], [ 74.281544771029971, 31.45211168460256 ], [ 74.281545819733637, 31.45218606537809 ], [ 74.281781564748186, 31.452185190575666 ] ] ] } },
{ "type": "Feature", "properties": { "OBJECTID": 162261, "SHAPE_Leng": 243.033980447, "SHAPE_Area": 3405.2481456800001, "Town": "Allama Iqbal Town", "UC_N0": "UC_120", "Landuse": "C", "KA": null, "Name": null, "Plot_No": "25", "Block": "A", "Plot_Size": "7.5M", "Road_Width": null, "Classifica": null, "Category": null, "MAP": null, "__source_file": "revenu.shp" }, "geometry": { "type": "Polygon", "coordinates": [ [ [ 74.281784186854125, 31.452333783679975 ], [ 74.281782797794634, 31.452255066570817 ], [ 74.281546775491691, 31.45225385382895 ], [ 74.281547884709013, 31.452332526552762 ], [ 74.281784186854125, 31.452333783679975 ] ] ] } },
{ "type": "Feature", "properties": { "OBJECTID": 162261, "SHAPE_Leng": 243.033980447, "SHAPE_Area": 3405.2481456800001, "Town": "Allama Iqbal Town", "UC_N0": "UC_120", "Landuse": "C", "KA": null, "Name": null, "Plot_No": "26", "Block": "A", "Plot_Size": "7.5M", "Road_Width": null, "Classifica": null, "Category": null, "MAP": null, "__source_file": "revenu.shp" }, "geometry": { "type": "Polygon", "coordinates": [ [ [ 74.281784186854125, 31.452333783679975 ], [ 74.281547884709013, 31.452332526552762 ], [ 74.281549024638466, 31.452413377538331 ], [ 74.281785576621743, 31.452412540862941 ], [ 74.281784186854125, 31.452333783679975 ] ] ] } },
{ "type": "Feature", "properties": { "OBJECTID": 162261, "SHAPE_Leng": 243.033980447, "SHAPE_Area": 3405.2481456800001, "Town": "Allama Iqbal Town", "UC_N0": "UC_120", "Landuse": "C", "KA": null, "Name": null, "Plot_No": "19", "Block": "A", "Plot_Size": "7.5M", "Road_Width": null, "Classifica": null, "Category": null, "MAP": null, "__source_file": "revenu.shp" }, "geometry": { "type": "Polygon", "coordinates": [ [ [ 74.281775926336749, 31.451865664645268 ], [ 74.281774456768787, 31.451782384818753 ], [ 74.281540174382073, 31.451785660524493 ], [ 74.281541316588715, 31.451866673285377 ], [ 74.281775926336749, 31.451865664645268 ] ] ] } },
{ "type": "Feature", "properties": { "OBJECTID": 162261, "SHAPE_Leng": 243.033980447, "SHAPE_Area": 3405.2481456800001, "Town": "Allama Iqbal Town", "UC_N0": "UC_120", "Landuse": "C", "KA": null, "Name": null, "Plot_No": "20", "Block": "A", "Plot_Size": "7.5M", "Road_Width": null, "Classifica": null, "Category": null, "MAP": null, "__source_file": "revenu.shp" }, "geometry": { "type": "Polygon", "coordinates": [ [ [ 74.281777469730912, 31.451953128104986 ], [ 74.281775926336749, 31.451865664645268 ], [ 74.281541316588715, 31.451866673285377 ], [ 74.281542518411229, 31.451951914351746 ], [ 74.281777469730912, 31.451953128104986 ] ] ] } },
{ "type": "Feature", "properties": { "OBJECTID": 171063, "SHAPE_Leng": 48.057830954400004, "SHAPE_Area": 137.651369816, "Town": "Allama Iqbal Town", "UC_N0": "UC_120", "Landuse": "R", "KA": null, "Name": null, "Plot_No": "314", "Block": "A", "Plot_Size": "5M", "Road_Width": null, "Classifica": null, "Category": null, "MAP": null, "__source_file": "revenu.shp" }, "geometry": { "type": "Polygon", "coordinates": [ [ [ 74.280216209179912, 31.451982036714661 ], [ 74.280065721377454, 31.451974383095994 ], [ 74.280066279103821, 31.452010552703147 ], [ 74.280067124834858, 31.452065376729742 ], [ 74.2802161516355, 31.452065160490651 ], [ 74.280216190614723, 31.452008588410106 ], [ 74.280216209179912, 31.451982036714661 ] ] ] } },
{ "type": "Feature", "properties": { "OBJECTID": 162863, "SHAPE_Leng": 85.653593461400007, "SHAPE_Area": 458.25124549899999, "Town": "Allama Iqbal Town", "UC_N0": "UC_120", "Landuse": "C", "KA": null, "Name": null, "Plot_No": "353", "Block": "A", "Plot_Size": "1K", "Road_Width": null, "Classifica": null, "Category": null, "MAP": null, "__source_file": "revenu.shp" }, "geometry": { "type": "Polygon", "coordinates": [ [ [ 74.281309993725984, 31.450896547170924 ], [ 74.281540103730222, 31.450901850142767 ], [ 74.281538947141613, 31.45081304289986 ], [ 74.281309423952536, 31.450813599410719 ], [ 74.281309993725984, 31.450896547170924 ] ] ] } },
{ "type": "Feature", "properties": { "OBJECTID": 166289, "SHAPE_Leng": 110.12058636499999, "SHAPE_Area": 481.86013748900001, "Town": "Allama Iqbal Town", "UC_N0": "UC_120", "Landuse": "R", "KA": null, "Name": null, "Plot_No": "456", "Block": "A", "Plot_Size": "1K", "Road_Width": null, "Classifica": null, "Category": null, "MAP": null, "__source_file": "revenu.shp" }, "geometry": { "type": "Polygon", "coordinates": [ [ [ 74.283756069693283, 31.451951984507268 ], [ 74.283668925691615, 31.452020438397412 ], [ 74.283818064759885, 31.45214918287575 ], [ 74.283896159593439, 31.452071486688876 ], [ 74.283756069693283, 31.451951984507268 ] ] ] } },
{ "type": "Feature", "properties": { "OBJECTID": 0, "SHAPE_Leng": 0.0, "SHAPE_Area": 0.0, "Town": null, "UC_N0": null, "Landuse": "C", "KA": null, "Name": "Dry Cleaner Shop", "Plot_No": "503", "Block": "A", "Plot_Size": "10M", "Road_Width": null, "Classifica": null, "Category": null, "MAP": null, "__source_file": "revenu.shp" }, "geometry": { "type": "Polygon", "coordinates": [ [ [ 74.279877662715947, 31.455427741070832 ], [ 74.279693786203609, 31.455288735990063 ], [ 74.279645085143869, 31.455327830710075 ], [ 74.27983485370423, 31.455472723534314 ], [ 74.279877662715947, 31.455427741070832 ] ] ] } },
{ "type": "Feature", "properties": { "OBJECTID": 188305, "SHAPE_Leng": 160.55212684399999, "SHAPE_Area": 1447.1038170500001, "Town": "Allama Iqbal Town", "UC_N0": "UC_120", "Landuse": "V", "KA": null, "Name": null, "Plot_No": "372", "Block": "A", "Plot_Size": "1K", "Road_Width": null, "Classifica": null, "Category": null, "MAP": null, "__source_file": "revenu.shp" }, "geometry": { "type": "Polygon", "coordinates": [ [ [ 74.284203050073515, 31.451277741860178 ], [ 74.284214110877997, 31.451014078636987 ], [ 74.284070448064, 31.451042916488582 ], [ 74.284068490128561, 31.451289694356838 ], [ 74.284160405545677, 31.451283438674206 ], [ 74.284203050073515, 31.451277741860178 ] ] ] } },
{ "type": "Feature", "properties": { "OBJECTID": 188305, "SHAPE_Leng": 160.55212684399999, "SHAPE_Area": 1447.1038170500001, "Town": "Allama Iqbal Town", "UC_N0": "UC_120", "Landuse": "R", "KA": null, "Name": null, "Plot_No": "379", "Block": "A", "Plot_Size": "1K", "Road_Width": null, "Classifica": null, "Category": null, "MAP": null, "__source_file": "revenu.shp" }, "geometry": { "type": "Polygon", "coordinates": [ [ [ 74.284228674227961, 31.450794112717777 ], [ 74.284214110877997, 31.451014078636987 ], [ 74.2843581024987, 31.450985174602796 ], [ 74.284365926976093, 31.450792665957106 ], [ 74.284228674227961, 31.450794112717777 ] ] ] } },
{ "type": "Feature", "properties": { "OBJECTID": 188305, "SHAPE_Leng": 160.55212684399999, "SHAPE_Area": 1447.1038170500001, "Town": "Allama Iqbal Town", "UC_N0": "UC_120", "Landuse": "R", "KA": null, "Name": null, "Plot_No": "380", "Block": "A", "Plot_Size": "1K", "Road_Width": null, "Classifica": null, "Category": null, "MAP": null, "__source_file": "revenu.shp" }, "geometry": { "type": "Polygon", "coordinates": [ [ [ 74.284214110877997, 31.451014078636987 ], [ 74.284228674227961, 31.450794112717777 ], [ 74.284072409910181, 31.450795759697417 ], [ 74.284070448064, 31.451042916488582 ], [ 74.284214110877997, 31.451014078636987 ] ] ] } },
{ "type": "Feature", "properties": { "OBJECTID": 188751, "SHAPE_Leng": 137.10275498, "SHAPE_Area": 1093.1496562899999, "Town": "Allama Iqbal Town", "UC_N0": "UC_120", "Landuse": "R", "KA": null, "Name": null, "Plot_No": "386", "Block": "A", "Plot_Size": "1K", "Road_Width": null, "Classifica": null, "Category": null, "MAP": null, "__source_file": "revenu.shp" }, "geometry": { "type": "Polygon", "coordinates": [ [ [ 74.283231866615893, 31.451021233366571 ], [ 74.283233413699847, 31.450803419800017 ], [ 74.283111025311541, 31.450804174590839 ], [ 74.28310249383577, 31.451022655221795 ], [ 74.283231866615893, 31.451021233366571 ] ] ] } },
{ "type": "Feature", "properties": { "OBJECTID": 188751, "SHAPE_Leng": 137.10275498, "SHAPE_Area": 1093.1496562899999, "Town": "Allama Iqbal Town", "UC_N0": "UC_120", "Landuse": "R", "KA": null, "Name": null, "Plot_No": "366", "Block": "A", "Plot_Size": "1K", "Road_Width": null, "Classifica": null, "Category": null, "MAP": null, "__source_file": "revenu.shp" }, "geometry": { "type": "Polygon", "coordinates": [ [ [ 74.283231866615893, 31.451021233366571 ], [ 74.28310249383577, 31.451022655221795 ], [ 74.283091934455982, 31.451293066203082 ], [ 74.283178650650072, 31.451292892613672 ], [ 74.283229937782224, 31.45129278992712 ], [ 74.283231866615893, 31.451021233366571 ] ] ] } },
{ "type": "Feature", "properties": { "OBJECTID": 188751, "SHAPE_Leng": 137.10275498, "SHAPE_Area": 1093.1496562899999, "Town": "Allama Iqbal Town", "UC_N0": "UC_120", "Landuse": "R", "KA": null, "Name": null, "Plot_No": "388", "Block": "A", "Plot_Size": "1K", "Road_Width": null, "Classifica": null, "Category": null, "MAP": null, "__source_file": "revenu.shp" }, "geometry": { "type": "Polygon", "coordinates": [ [ [ 74.282926108558485, 31.451024593551271 ], [ 74.282942504931299, 31.450805213835078 ], [ 74.282896652476069, 31.450805496578244 ], [ 74.282794534386426, 31.450806126142005 ], [ 74.282788437798658, 31.451026106271097 ], [ 74.282926108558485, 31.451024593551271 ] ] ] } },
{ "type": "Feature", "properties": { "OBJECTID": 188751, "SHAPE_Leng": 137.10275498, "SHAPE_Area": 1093.1496562899999, "Town": "Allama Iqbal Town", "UC_N0": "UC_120", "Landuse": "R", "KA": null, "Name": null, "Plot_No": "364", "Block": "A", "Plot_Size": "1K", "Road_Width": null, "Classifica": null, "Category": null, "MAP": null, "__source_file": "revenu.shp" }, "geometry": { "type": "Polygon", "coordinates": [ [ [ 74.282926108558485, 31.451024593551271 ], [ 74.282788437798658, 31.451026106271097 ], [ 74.282781021919845, 31.451293687810814 ], [ 74.282906015083128, 31.451293438054147 ], [ 74.282926108558485, 31.451024593551271 ] ] ] } },
{ "type": "Feature", "properties": { "OBJECTID": 188751, "SHAPE_Leng": 137.10275498, "SHAPE_Area": 1093.1496562899999, "Town": "Allama Iqbal Town", "UC_N0": "UC_120", "Landuse": "R", "KA": null, "Name": null, "Plot_No": "361", "Block": "A", "Plot_Size": "1K", "Road_Width": null, "Classifica": null, "Category": null, "MAP": null, "__source_file": "revenu.shp" }, "geometry": { "type": "Polygon", "coordinates": [ [ [ 74.2822849017235, 31.451031637840646 ], [ 74.282146284997424, 31.45103316025979 ], [ 74.282142983796902, 31.451294961051598 ], [ 74.282285285756586, 31.45129467730813 ], [ 74.2822849017235, 31.451031637840646 ] ] ] } },
{ "type": "Feature", "properties": { "OBJECTID": 188751, "SHAPE_Leng": 137.10275498, "SHAPE_Area": 1093.1496562899999, "Town": "Allama Iqbal Town", "UC_N0": "UC_120", "Landuse": "R", "KA": null, "Name": null, "Plot_No": "385", "Block": "A", "Plot_Size": "1K", "Road_Width": null, "Classifica": null, "Category": null, "MAP": null, "__source_file": "revenu.shp" }, "geometry": { "type": "Polygon", "coordinates": [ [ [ 74.283373605190476, 31.451019675456529 ], [ 74.283366146994865, 31.450802601078088 ], [ 74.283233413699847, 31.450803419800017 ], [ 74.283231866615893, 31.451021233366571 ], [ 74.283373605190476, 31.451019675456529 ] ] ] } },
{ "type": "Feature", "properties": { "OBJECTID": 188751, "SHAPE_Leng": 137.10275498, "SHAPE_Area": 1093.1496562899999, "Town": "Allama Iqbal Town", "UC_N0": "UC_120", "Landuse": "R", "KA": null, "Name": null, "Plot_No": "367", "Block": "A", "Plot_Size": "1K", "Road_Width": null, "Classifica": null, "Category": null, "MAP": null, "__source_file": "revenu.shp" }, "geometry": { "type": "Polygon", "coordinates": [ [ [ 74.283373605190476, 31.451019675456529 ], [ 74.283231866615893, 31.451021233366571 ], [ 74.283229937782224, 31.45129278992712 ], [ 74.283310213422411, 31.451292629143325 ], [ 74.283382978300708, 31.451292483339859 ], [ 74.283373605190476, 31.451019675456529 ] ] ] } },
{ "type": "Feature", "properties": { "OBJECTID": 188751, "SHAPE_Leng": 137.10275498, "SHAPE_Area": 1093.1496562899999, "Town": "Allama Iqbal Town", "UC_N0": "UC_120", "Landuse": "R", "KA": null, "Name": null, "Plot_No": "360", "Block": "A", "Plot_Size": "1K", "Road_Width": null, "Classifica": null, "Category": null, "MAP": null, "__source_file": "revenu.shp" }, "geometry": { "type": "Polygon", "coordinates": [ [ [ 74.282146284997424, 31.451033160259822 ], [ 74.281996912456009, 31.451034800641452 ], [ 74.281995000925448, 31.451295255954797 ], [ 74.282142983796902, 31.451294961051598 ], [ 74.282146284997424, 31.451033160259822 ] ] ] } },
{ "type": "Feature", "properties": { "OBJECTID": 188751, "SHAPE_Leng": 137.10275498, "SHAPE_Area": 1093.1496562899999, "Town": "Allama Iqbal Town", "UC_N0": "UC_120", "Landuse": "R", "KA": null, "Name": null, "Plot_No": "384", "Block": "A", "Plot_Size": "1K", "Road_Width": null, "Classifica": null, "Category": null, "MAP": null, "__source_file": "revenu.shp" }, "geometry": { "type": "Polygon", "coordinates": [ [ [ 74.283520924971086, 31.451018056034727 ], [ 74.283503380227472, 31.45080175445511 ], [ 74.283366146994865, 31.450802601078088 ], [ 74.283373605190476, 31.451019675456529 ], [ 74.283520924971086, 31.451018056034727 ] ] ] } },
{ "type": "Feature", "properties": { "OBJECTID": 188751, "SHAPE_Leng": 137.10275498, "SHAPE_Area": 1093.1496562899999, "Town": "Allama Iqbal Town", "UC_N0": "UC_120", "Landuse": "R", "KA": null, "Name": null, "Plot_No": "368", "Block": "A", "Plot_Size": "1K", "Road_Width": null, "Classifica": null, "Category": null, "MAP": null, "__source_file": "revenu.shp" }, "geometry": { "type": "Polygon", "coordinates": [ [ [ 74.283520924971086, 31.451018056034727 ], [ 74.283373605190476, 31.451019675456529 ], [ 74.283382978300708, 31.451292483339859 ], [ 74.283543158628092, 31.451292162196911 ], [ 74.283530282047721, 31.451133415546948 ], [ 74.283523586406602, 31.45105086764902 ], [ 74.283520924971086, 31.451018056034727 ] ] ] } },
{ "type": "Feature", "properties": { "OBJECTID": 188751, "SHAPE_Leng": 137.10275498, "SHAPE_Area": 1093.1496562899999, "Town": "Allama Iqbal Town", "UC_N0": "UC_120", "Landuse": "R", "KA": null, "Name": null, "Plot_No": "389", "Block": "A", "Plot_Size": "1K", "Road_Width": null, "Classifica": null, "Category": null, "MAP": null, "__source_file": "revenu.shp" }, "geometry": { "type": "Polygon", "coordinates": [ [ [ 74.28259361899093, 31.451028246677989 ], [ 74.282595343066063, 31.450807353292326 ], [ 74.282438556040475, 31.450808319195943 ], [ 74.282439915286645, 31.451029935158157 ], [ 74.28259361899093, 31.451028246677989 ] ] ] } },
{ "type": "Feature", "properties": { "OBJECTID": 188751, "SHAPE_Leng": 137.10275498, "SHAPE_Area": 1093.1496562899999, "Town": "Allama Iqbal Town", "UC_N0": "UC_120", "Landuse": "R", "KA": null, "Name": null, "Plot_No": "363", "Block": "A", "Plot_Size": "1K", "Road_Width": null, "Classifica": null, "Category": null, "MAP": null, "__source_file": "revenu.shp" }, "geometry": { "type": "Polygon", "coordinates": [ [ [ 74.28259361899093, 31.451028246677989 ], [ 74.282439915286645, 31.451029935158157 ], [ 74.282441537121912, 31.451294365420051 ], [ 74.282591544242095, 31.451294066185433 ], [ 74.28259361899093, 31.451028246677989 ] ] ] } },
{ "type": "Feature", "properties": { "OBJECTID": 188751, "SHAPE_Leng": 137.10275498, "SHAPE_Area": 1093.1496562899999, "Town": "Allama Iqbal Town", "UC_N0": "UC_120", "Landuse": "R", "KA": null, "Name": null, "Plot_No": "362", "Block": "A", "Plot_Size": "1K", "Road_Width": null, "Classifica": null, "Category": null, "MAP": null, "__source_file": "revenu.shp" }, "geometry": { "type": "Polygon", "coordinates": [ [ [ 74.282439915286645, 31.451029935158196 ], [ 74.2822849017235, 31.451031637840646 ], [ 74.282285285756586, 31.45129467730813 ], [ 74.282441537121912, 31.451294365420051 ], [ 74.282439915286645, 31.451029935158196 ] ] ] } },
{ "type": "Feature", "properties": { "OBJECTID": 188751, "SHAPE_Leng": 137.10275498, "SHAPE_Area": 1093.1496562899999, "Town": "Allama Iqbal Town", "UC_N0": "UC_120", "Landuse": "R", "KA": null, "Name": null, "Plot_No": "359", "Block": "A", "Plot_Size": "1K", "Road_Width": null, "Classifica": null, "Category": null, "MAP": null, "__source_file": "revenu.shp" }, "geometry": { "type": "Polygon", "coordinates": [ [ [ 74.281996912456009, 31.451034800641452 ], [ 74.281828582725979, 31.451036648998507 ], [ 74.281828751199356, 31.451069986548312 ], [ 74.281829891607231, 31.451295584786088 ], [ 74.281995000925448, 31.451295255954797 ], [ 74.281996912456009, 31.451034800641452 ] ] ] } },
{ "type": "Feature", "properties": { "OBJECTID": 188751, "SHAPE_Leng": 137.10275498, "SHAPE_Area": 1093.1496562899999, "Town": "Allama Iqbal Town", "UC_N0": "UC_120", "Landuse": "R", "KA": null, "Name": null, "Plot_No": "387", "Block": "A", "Plot_Size": "1K", "Road_Width": null, "Classifica": null, "Category": null, "MAP": null, "__source_file": "revenu.shp" }, "geometry": { "type": "Polygon", "coordinates": [ [ [ 74.28310249383577, 31.451022655221795 ], [ 74.283111025311541, 31.450804174590839 ], [ 74.283026557911739, 31.450804695447982 ], [ 74.282942504931299, 31.450805213835078 ], [ 74.282926108558485, 31.451024593551271 ], [ 74.28310249383577, 31.451022655221795 ] ] ] } },
{ "type": "Feature", "properties": { "OBJECTID": 188751, "SHAPE_Leng": 137.10275498, "SHAPE_Area": 1093.1496562899999, "Town": "Allama Iqbal Town", "UC_N0": "UC_120", "Landuse": "R", "KA": null, "Name": null, "Plot_No": "365", "Block": "A", "Plot_Size": "1K", "Road_Width": null, "Classifica": null, "Category": null, "MAP": null, "__source_file": "revenu.shp" }, "geometry": { "type": "Polygon", "coordinates": [ [ [ 74.28310249383577, 31.451022655221795 ], [ 74.282926108558485, 31.451024593551271 ], [ 74.282906015083128, 31.451293438054147 ], [ 74.283036404357489, 31.451293177306518 ], [ 74.283091934455982, 31.451293066203082 ], [ 74.28310249383577, 31.451022655221795 ] ] ] } },
{ "type": "Feature", "properties": { "OBJECTID": 188751, "SHAPE_Leng": 137.10275498, "SHAPE_Area": 1093.1496562899999, "Town": "Allama Iqbal Town", "UC_N0": "UC_120", "Landuse": "R", "KA": null, "Name": null, "Plot_No": "388A", "Block": "A", "Plot_Size": "1K", "Road_Width": null, "Classifica": null, "Category": null, "MAP": null, "__source_file": "revenu.shp" }, "geometry": { "type": "Polygon", "coordinates": [ [ [ 74.282788437798658, 31.451026106271097 ], [ 74.282794534386426, 31.450806126142005 ], [ 74.282755226509366, 31.450806368446596 ], [ 74.282595343066063, 31.450807353292326 ], [ 74.28259361899093, 31.451028246677961 ], [ 74.282788437798658, 31.451026106271097 ] ] ] } },
{ "type": "Feature", "properties": { "OBJECTID": 188751, "SHAPE_Leng": 137.10275498, "SHAPE_Area": 1093.1496562899999, "Town": "Allama Iqbal Town", "UC_N0": "UC_120", "Landuse": "R", "KA": null, "Name": null, "Plot_No": "391", "Block": "A", "Plot_Size": "1K", "Road_Width": null, "Classifica": null, "Category": null, "MAP": null, "__source_file": "revenu.shp" }, "geometry": { "type": "Polygon", "coordinates": [ [ [ 74.2822849017235, 31.451031637840646 ], [ 74.282284577056188, 31.450809267259672 ], [ 74.282149097651924, 31.450810101382114 ], [ 74.282146284997424, 31.45103316025979 ], [ 74.2822849017235, 31.451031637840646 ] ] ] } },
{ "type": "Feature", "properties": { "OBJECTID": 188751, "SHAPE_Leng": 137.10275498, "SHAPE_Area": 1093.1496562899999, "Town": "Allama Iqbal Town", "UC_N0": "UC_120", "Landuse": "R", "KA": null, "Name": null, "Plot_No": "390", "Block": "A", "Plot_Size": "1K", "Road_Width": null, "Classifica": null, "Category": null, "MAP": null, "__source_file": "revenu.shp" }, "geometry": { "type": "Polygon", "coordinates": [ [ [ 74.282439915286645, 31.451029935158196 ], [ 74.282438556040475, 31.450808319195943 ], [ 74.282284577056188, 31.450809267259672 ], [ 74.2822849017235, 31.451031637840646 ], [ 74.282439915286645, 31.451029935158196 ] ] ] } },
{ "type": "Feature", "properties": { "OBJECTID": 187835, "SHAPE_Leng": 88.655291634099996, "SHAPE_Area": 429.19744247699998, "Town": "Allama Iqbal Town", "UC_N0": "UC_120", "Landuse": "R", "KA": null, "Name": null, "Plot_No": "392", "Block": "A", "Plot_Size": "1K", "Road_Width": null, "Classifica": null, "Category": null, "MAP": null, "__source_file": "revenu.shp" }, "geometry": { "type": "Polygon", "coordinates": [ [ [ 74.282318429378364, 31.450734227472513 ], [ 74.282324973575697, 31.450203687905606 ], [ 74.282186870846743, 31.450204743889522 ], [ 74.282167847907218, 31.450735152187679 ], [ 74.282318429378364, 31.450734227472513 ] ] ] } },
{ "type": "Feature", "properties": { "OBJECTID": 187835, "SHAPE_Leng": 88.655291634099996, "SHAPE_Area": 429.19744247699998, "Town": "Allama Iqbal Town", "UC_N0": "UC_120", "Landuse": "R", "KA": null, "Name": null, "Plot_No": "393", "Block": "A", "Plot_Size": "1K", "Road_Width": null, "Classifica": null, "Category": null, "MAP": null, "__source_file": "revenu.shp" }, "geometry": { "type": "Polygon", "coordinates": [ [ [ 74.282451951032485, 31.450733407464856 ], [ 74.282500440120955, 31.450202346009394 ], [ 74.282324973575697, 31.450203687905606 ], [ 74.282318429378364, 31.450734227472513 ], [ 74.282451951032485, 31.450733407464856 ] ] ] } },
{ "type": "Feature", "properties": { "OBJECTID": 187835, "SHAPE_Leng": 88.655291634099996, "SHAPE_Area": 429.19744247699998, "Town": "Allama Iqbal Town", "UC_N0": "UC_120", "Landuse": "R", "KA": null, "Name": null, "Plot_No": "399", "Block": "A", "Plot_Size": "1K", "Road_Width": null, "Classifica": null, "Category": null, "MAP": null, "__source_file": "revenu.shp" }, "geometry": { "type": "Polygon", "coordinates": [ [ [ 74.283302541970059, 31.450196208320769 ], [ 74.283312825408387, 31.450728115060993 ], [ 74.283497314805757, 31.450726980054892 ], [ 74.283475864709047, 31.450462527443786 ], [ 74.283454169392073, 31.450195047378507 ], [ 74.283302541970059, 31.450196208320769 ] ] ] } },
{ "type": "Feature", "properties": { "OBJECTID": 187835, "SHAPE_Leng": 88.655291634099996, "SHAPE_Area": 429.19744247699998, "Town": "Allama Iqbal Town", "UC_N0": "UC_120", "Landuse": "R", "KA": null, "Name": null, "Plot_No": "394", "Block": "A", "Plot_Size": "1K", "Road_Width": null, "Classifica": null, "Category": null, "MAP": null, "__source_file": "revenu.shp" }, "geometry": { "type": "Polygon", "coordinates": [ [ [ 74.282667816315836, 31.450732080477984 ], [ 74.282663067145194, 31.450201102360417 ], [ 74.282500440120955, 31.450202346009394 ], [ 74.282451951032485, 31.450733407464856 ], [ 74.282581015411779, 31.450732613779685 ], [ 74.282667816315836, 31.450732080477984 ] ] ] } },
{ "type": "Feature", "properties": { "OBJECTID": 187835, "SHAPE_Leng": 88.655291634099996, "SHAPE_Area": 429.19744247699998, "Town": "Allama Iqbal Town", "UC_N0": "UC_120", "Landuse": "R", "KA": null, "Name": null, "Plot_No": "397", "Block": "A", "Plot_Size": "1K", "Road_Width": null, "Classifica": null, "Category": null, "MAP": null, "__source_file": "revenu.shp" }, "geometry": { "type": "Polygon", "coordinates": [ [ [ 74.282975825101815, 31.450198709138359 ], [ 74.282946616882214, 31.450730367258135 ], [ 74.283030122132104, 31.450729854032922 ], [ 74.283081393038785, 31.450729538627613 ], [ 74.283095405844264, 31.450197793882378 ], [ 74.282975825101815, 31.450198709138359 ] ] ] } },
{ "type": "Feature", "properties": { "OBJECTID": 187835, "SHAPE_Leng": 88.655291634099996, "SHAPE_Area": 429.19744247699998, "Town": "Allama Iqbal Town", "UC_N0": "UC_120", "Landuse": "R", "KA": null, "Name": null, "Plot_No": "394A", "Block": "A", "Plot_Size": "1K", "Road_Width": null, "Classifica": null, "Category": null, "MAP": null, "__source_file": "revenu.shp" }, "geometry": { "type": "Polygon", "coordinates": [ [ [ 74.282778653539467, 31.450731399440269 ], [ 74.282783058242217, 31.450200184302467 ], [ 74.282663067145194, 31.450201102360417 ], [ 74.282667816315836, 31.450732080477984 ], [ 74.282730891662979, 31.450731692919085 ], [ 74.282778653539467, 31.450731399440269 ] ] ] } },
{ "type": "Feature", "properties": { "OBJECTID": 162255, "SHAPE_Leng": 90.583962716599999, "SHAPE_Area": 455.54905540200002, "Town": "Allama Iqbal Town", "UC_N0": "UC_120", "Landuse": "R", "KA": null, "Name": null, "Plot_No": "336", "Block": "A", "Plot_Size": "1K", "Road_Width": null, "Classifica": null, "Category": null, "MAP": null, "__source_file": "revenu.shp" }, "geometry": { "type": "Polygon", "coordinates": [ [ [ 74.28086657724279, 31.450742883532396 ], [ 74.28087084428833, 31.45021613462691 ], [ 74.280764214943247, 31.450217115781506 ], [ 74.280765160344174, 31.450469284415657 ], [ 74.280766187989968, 31.450743470537457 ], [ 74.28086657724279, 31.450742883532396 ] ] ] } },
{ "type": "Feature", "properties": { "OBJECTID": 162255, "SHAPE_Leng": 90.583962716599999, "SHAPE_Area": 455.54905540200002, "Town": "Allama Iqbal Town", "UC_N0": "UC_120", "Landuse": "R", "KA": null, "Name": null, "Plot_No": "337", "Block": "A", "Plot_Size": "1K", "Road_Width": null, "Classifica": null, "Category": null, "MAP": null, "__source_file": "revenu.shp" }, "geometry": { "type": "Polygon", "coordinates": [ [ [ 74.28098393390384, 31.450742197344841 ], [ 74.280987660186966, 31.45021505963836 ], [ 74.28087084428833, 31.45021613462691 ], [ 74.28086657724279, 31.450742883532396 ], [ 74.280921884149421, 31.450742560134049 ], [ 74.28098393390384, 31.450742197344841 ] ] ] } },
{ "type": "Feature", "properties": { "OBJECTID": 162255, "SHAPE_Leng": 90.583962716599999, "SHAPE_Area": 455.54905540200002, "Town": "Allama Iqbal Town", "UC_N0": "UC_120", "Landuse": "R", "KA": null, "Name": null, "Plot_No": "338A", "Block": "A", "Plot_Size": "1K", "Road_Width": null, "Classifica": null, "Category": null, "MAP": null, "__source_file": "revenu.shp" }, "geometry": { "type": "Polygon", "coordinates": [ [ [ 74.281238989011541, 31.450740705913109 ], [ 74.281254170040953, 31.450212606704692 ], [ 74.281120311052248, 31.450213838800604 ], [ 74.281121632283913, 31.45074139221828 ], [ 74.281238989011541, 31.450740705913109 ] ] ] } },
{ "type": "Feature", "properties": { "OBJECTID": 162255, "SHAPE_Leng": 90.583962716599999, "SHAPE_Area": 455.54905540200002, "Town": "Allama Iqbal Town", "UC_N0": "UC_120", "Landuse": "R", "KA": null, "Name": null, "Plot_No": "338", "Block": "A", "Plot_Size": "1K", "Road_Width": null, "Classifica": null, "Category": null, "MAP": null, "__source_file": "revenu.shp" }, "geometry": { "type": "Polygon", "coordinates": [ [ [ 74.281121632283913, 31.45074139221828 ], [ 74.281120311052248, 31.450213838800604 ], [ 74.280987660186966, 31.45021505963836 ], [ 74.28098393390384, 31.450742197344841 ], [ 74.281121632283913, 31.45074139221828 ] ] ] } },
{ "type": "Feature", "properties": { "OBJECTID": 162255, "SHAPE_Leng": 90.583962716599999, "SHAPE_Area": 455.54905540200002, "Town": "Allama Iqbal Town", "UC_N0": "UC_120", "Landuse": "R", "KA": null, "Name": null, "Plot_No": "341", "Block": "A", "Plot_Size": "1K", "Road_Width": null, "Classifica": null, "Category": null, "MAP": null, "__source_file": "revenu.shp" }, "geometry": { "type": "Polygon", "coordinates": [ [ [ 74.28159523393002, 31.450209467293949 ], [ 74.281591195712423, 31.450738645570105 ], [ 74.281626729962113, 31.450738437519895 ], [ 74.281756022445862, 31.450737680230219 ], [ 74.281751229051224, 31.450466030785307 ], [ 74.281746678220301, 31.450208110069383 ], [ 74.281722960290068, 31.450208291044067 ], [ 74.28159523393002, 31.450209467293949 ] ] ] } },
{ "type": "Feature", "properties": { "OBJECTID": 162255, "SHAPE_Leng": 90.583962716599999, "SHAPE_Area": 455.54905540200002, "Town": "Allama Iqbal Town", "UC_N0": "UC_120", "Landuse": "R", "KA": null, "Name": null, "Plot_No": "339", "Block": "A", "Plot_Size": "1K", "Road_Width": null, "Classifica": null, "Category": null, "MAP": null, "__source_file": "revenu.shp" }, "geometry": { "type": "Polygon", "coordinates": [ [ [ 74.281412609227459, 31.450739690581376 ], [ 74.281416396956004, 31.450211113379449 ], [ 74.281254170040953, 31.450212606704692 ], [ 74.281238989011541, 31.450740705913109 ], [ 74.281331901644265, 31.45074016248131 ], [ 74.281412609227459, 31.450739690581376 ] ] ] } },
{ "type": "Feature", "properties": { "OBJECTID": 211246, "SHAPE_Leng": 94.367478268200003, "SHAPE_Area": 412.962831419, "Town": "Allama Iqbal Town", "UC_N0": "UC_116", "Landuse": "R", "KA": null, "Name": null, "Plot_No": "35", "Block": "A", "Plot_Size": "1K", "Road_Width": null, "Classifica": null, "Category": null, "MAP": null, "__source_file": "revenu.shp" }, "geometry": { "type": "Polygon", "coordinates": [ [ [ 74.278051808302109, 31.45539339924597 ], [ 74.27778225791802, 31.455664479470979 ], [ 74.277895535750758, 31.455750439901795 ], [ 74.278177145045078, 31.455482992427193 ], [ 74.278051808302109, 31.45539339924597 ] ] ] } },
{ "type": "Feature", "properties": { "OBJECTID": 211246, "SHAPE_Leng": 94.367478268200003, "SHAPE_Area": 412.962831419, "Town": "Allama Iqbal Town", "UC_N0": "UC_116", "Landuse": "C", "KA": null, "Name": "Marhaba CNG", "Plot_No": "33", "Block": "A", "Plot_Size": "1K", "Road_Width": null, "Classifica": null, "Category": null, "MAP": null, "__source_file": "revenu.shp" }, "geometry": { "type": "Polygon", "coordinates": [ [ [ 74.277895535750758, 31.455750439901795 ], [ 74.277678102404835, 31.455585441250385 ], [ 74.277560037117098, 31.45594368283783 ], [ 74.27763422556248, 31.455998607142206 ], [ 74.277895535750758, 31.455750439901795 ] ] ] } },
{ "type": "Feature", "properties": { "OBJECTID": 211246, "SHAPE_Leng": 94.367478268200003, "SHAPE_Area": 412.962831419, "Town": "Allama Iqbal Town", "UC_N0": "UC_116", "Landuse": "R", "KA": null, "Name": null, "Plot_No": "32", "Block": "A", "Plot_Size": "1K", "Road_Width": null, "Classifica": null, "Category": null, "MAP": null, "__source_file": "revenu.shp" }, "geometry": { "type": "Polygon", "coordinates": [ [ [ 74.277981314344729, 31.455815532475061 ], [ 74.277895535750758, 31.455750439901795 ], [ 74.27763422556248, 31.455998607142206 ], [ 74.277706685863137, 31.456052251937844 ], [ 74.277981314344729, 31.455815532475061 ] ] ] } },
{ "type": "Feature", "properties": { "OBJECTID": 211246, "SHAPE_Leng": 94.367478268200003, "SHAPE_Area": 412.962831419, "Town": "Allama Iqbal Town", "UC_N0": "UC_116", "Landuse": "R", "KA": null, "Name": null, "Plot_No": "31B", "Block": "A", "Plot_Size": "1K", "Road_Width": null, "Classifica": null, "Category": null, "MAP": null, "__source_file": "revenu.shp" }, "geometry": { "type": "Polygon", "coordinates": [ [ [ 74.278071375498897, 31.455883874685838 ], [ 74.277981314344729, 31.455815532475061 ], [ 74.277706685863137, 31.456052251937844 ], [ 74.277803801628068, 31.456124149400132 ], [ 74.278071375498897, 31.455883874685838 ] ] ] } },
{ "type": "Feature", "properties": { "OBJECTID": 211246, "SHAPE_Leng": 94.367478268200003, "SHAPE_Area": 412.962831419, "Town": "Allama Iqbal Town", "UC_N0": "UC_116", "Landuse": "R", "KA": null, "Name": null, "Plot_No": "29", "Block": "A", "Plot_Size": "1K", "Road_Width": null, "Classifica": null, "Category": null, "MAP": null, "__source_file": "revenu.shp" }, "geometry": { "type": "Polygon", "coordinates": [ [ [ 74.278471287173716, 31.456187342618048 ], [ 74.278407724088254, 31.456139108785017 ], [ 74.278151044169292, 31.456381222486282 ], [ 74.278214557860849, 31.456428243161255 ], [ 74.278471287173716, 31.456187342618048 ] ] ] } },
{ "type": "Feature", "properties": { "OBJECTID": 211246, "SHAPE_Leng": 94.367478268200003, "SHAPE_Area": 412.962831419, "Town": "Allama Iqbal Town", "UC_N0": "UC_116", "Landuse": "R", "KA": null, "Name": null, "Plot_No": "40", "Block": "A", "Plot_Size": "1K", "Road_Width": null, "Classifica": null, "Category": null, "MAP": null, "__source_file": "revenu.shp" }, "geometry": { "type": "Polygon", "coordinates": [ [ [ 74.278407724088254, 31.456139108785017 ], [ 74.278471287173716, 31.456187342618048 ], [ 74.278760504853309, 31.455915954663286 ], [ 74.278702819578399, 31.455860757327471 ], [ 74.278407724088254, 31.456139108785017 ] ] ] } },
{ "type": "Feature", "properties": { "OBJECTID": 211246, "SHAPE_Leng": 94.367478268200003, "SHAPE_Area": 412.962831419, "Town": "Allama Iqbal Town", "UC_N0": "UC_116", "Landuse": "R", "KA": null, "Name": null, "Plot_No": "31", "Block": "A", "Plot_Size": "1K", "Road_Width": null, "Classifica": null, "Category": null, "MAP": null, "__source_file": "revenu.shp" }, "geometry": { "type": "Polygon", "coordinates": [ [ [ 74.278245577569166, 31.456016066122032 ], [ 74.278175224868477, 31.455962679776782 ], [ 74.277900638803558, 31.456195840820794 ], [ 74.277974470057657, 31.456250500156685 ], [ 74.27804797557836, 31.456304918238342 ], [ 74.278313321794784, 31.456067472962538 ], [ 74.278245577569166, 31.456016066122032 ] ] ] } },
{ "type": "Feature", "properties": { "OBJECTID": 211246, "SHAPE_Leng": 94.367478268200003, "SHAPE_Area": 412.962831419, "Town": "Allama Iqbal Town", "UC_N0": "UC_116", "Landuse": "R", "KA": null, "Name": null, "Plot_No": "39", "Block": "A", "Plot_Size": "1K", "Road_Width": null, "Classifica": null, "Category": null, "MAP": null, "__source_file": "revenu.shp" }, "geometry": { "type": "Polygon", "coordinates": [ [ [ 74.278615615579412, 31.455796962958935 ], [ 74.278552093549138, 31.455751011289017 ], [ 74.278245577569166, 31.456016066122032 ], [ 74.278313321794784, 31.456067472962538 ], [ 74.278407724088254, 31.456139108784985 ], [ 74.278702819578399, 31.455860757327471 ], [ 74.278615615579412, 31.455796962958935 ] ] ] } },
{ "type": "Feature", "properties": { "OBJECTID": 211246, "SHAPE_Leng": 94.367478268200003, "SHAPE_Area": 412.962831419, "Town": "Allama Iqbal Town", "UC_N0": "UC_116", "Landuse": "R", "KA": null, "Name": null, "Plot_No": "38", "Block": "A", "Plot_Size": "1K", "Road_Width": null, "Classifica": null, "Category": null, "MAP": null, "__source_file": "revenu.shp" }, "geometry": { "type": "Polygon", "coordinates": [ [ [ 74.278175224868477, 31.455962679776782 ], [ 74.278245577569166, 31.456016066122032 ], [ 74.278552093549138, 31.455751011289017 ], [ 74.278482815984532, 31.455701490834453 ], [ 74.278175224868477, 31.455962679776782 ] ] ] } },
{ "type": "Feature", "properties": { "OBJECTID": 211246, "SHAPE_Leng": 94.367478268200003, "SHAPE_Area": 412.962831419, "Town": "Allama Iqbal Town", "UC_N0": "UC_116", "Landuse": "R", "KA": null, "Name": null, "Plot_No": "36", "Block": "A", "Plot_Size": "1K", "Road_Width": null, "Classifica": null, "Category": null, "MAP": null, "__source_file": "revenu.shp" }, "geometry": { "type": "Polygon", "coordinates": [ [ [ 74.277895535750758, 31.455750439901795 ], [ 74.277981314344729, 31.455815532475061 ], [ 74.278280989105511, 31.455557221993384 ], [ 74.278177145045078, 31.455482992427193 ], [ 74.277895535750758, 31.455750439901795 ] ] ] } },
{ "type": "Feature", "properties": { "OBJECTID": 211246, "SHAPE_Leng": 94.367478268200003, "SHAPE_Area": 412.962831419, "Town": "Allama Iqbal Town", "UC_N0": "UC_116", "Landuse": "R", "KA": null, "Name": null, "Plot_No": "37", "Block": "A", "Plot_Size": "1K", "Road_Width": null, "Classifica": null, "Category": null, "MAP": null, "__source_file": "revenu.shp" }, "geometry": { "type": "Polygon", "coordinates": [ [ [ 74.277981314344729, 31.455815532475061 ], [ 74.278071375498897, 31.455883874685838 ], [ 74.278366817175851, 31.455618573261059 ], [ 74.278280989105511, 31.455557221993384 ], [ 74.277981314344729, 31.455815532475061 ] ] ] } },
{ "type": "Feature", "properties": { "OBJECTID": 211246, "SHAPE_Leng": 94.367478268200003, "SHAPE_Area": 412.962831419, "Town": "Allama Iqbal Town", "UC_N0": "UC_116", "Landuse": "R", "KA": null, "Name": null, "Plot_No": "30", "Block": "A", "Plot_Size": "1K", "Road_Width": null, "Classifica": null, "Category": null, "MAP": null, "__source_file": "revenu.shp" }, "geometry": { "type": "Polygon", "coordinates": [ [ [ 74.278407724088254, 31.456139108784985 ], [ 74.278313321794784, 31.456067472962538 ], [ 74.27804797557836, 31.456304918238342 ], [ 74.278088409979176, 31.456334852854287 ], [ 74.278151044169292, 31.456381222486282 ], [ 74.278407724088254, 31.456139108784985 ] ] ] } },
{ "type": "Feature", "properties": { "OBJECTID": 211246, "SHAPE_Leng": 94.367478268200003, "SHAPE_Area": 412.962831419, "Town": "Allama Iqbal Town", "UC_N0": "UC_116", "Landuse": "R", "KA": null, "Name": null, "Plot_No": "41", "Block": "A", "Plot_Size": "1K", "Road_Width": null, "Classifica": null, "Category": null, "MAP": null, "__source_file": "revenu.shp" }, "geometry": { "type": "Polygon", "coordinates": [ [ [ 74.27847128717373, 31.456187342618055 ], [ 74.278571593501141, 31.45626345831019 ], [ 74.278839117413042, 31.455990985318984 ], [ 74.278778003784936, 31.455943968264268 ], [ 74.278760504853309, 31.455915954663286 ], [ 74.27847128717373, 31.456187342618055 ] ] ] } },
{ "type": "Feature", "properties": { "OBJECTID": 211246, "SHAPE_Leng": 94.367478268200003, "SHAPE_Area": 412.962831419, "Town": "Allama Iqbal Town", "UC_N0": "UC_116", "Landuse": "R", "KA": null, "Name": null, "Plot_No": "28", "Block": "A", "Plot_Size": "1K", "Road_Width": null, "Classifica": null, "Category": null, "MAP": null, "__source_file": "revenu.shp" }, "geometry": { "type": "Polygon", "coordinates": [ [ [ 74.278571593501141, 31.45626345831019 ], [ 74.27847128717373, 31.456187342618055 ], [ 74.278214557860849, 31.456428243161255 ], [ 74.278261923135389, 31.456463308825782 ], [ 74.278327618777666, 31.456511944565484 ], [ 74.278571593501141, 31.45626345831019 ] ] ] } },
{ "type": "Feature", "properties": { "OBJECTID": 211246, "SHAPE_Leng": 94.367478268200003, "SHAPE_Area": 412.962831419, "Town": "Allama Iqbal Town", "UC_N0": "UC_116", "Landuse": "R", "KA": null, "Name": null, "Plot_No": "31A", "Block": "A", "Plot_Size": "1K", "Road_Width": null, "Classifica": null, "Category": null, "MAP": null, "__source_file": "revenu.shp" }, "geometry": { "type": "Polygon", "coordinates": [ [ [ 74.278175224868477, 31.455962679776782 ], [ 74.278071375498897, 31.455883874685838 ], [ 74.277803801628068, 31.456124149400132 ], [ 74.277900638803558, 31.456195840820794 ], [ 74.278175224868477, 31.455962679776782 ] ] ] } },
{ "type": "Feature", "properties": { "OBJECTID": 211246, "SHAPE_Leng": 94.367478268200003, "SHAPE_Area": 412.962831419, "Town": "Allama Iqbal Town", "UC_N0": "UC_116", "Landuse": "R", "KA": null, "Name": null, "Plot_No": "37A", "Block": "A", "Plot_Size": "1K", "Road_Width": null, "Classifica": null, "Category": null, "MAP": null, "__source_file": "revenu.shp" }, "geometry": { "type": "Polygon", "coordinates": [ [ [ 74.278071375498897, 31.455883874685838 ], [ 74.278175224868477, 31.455962679776782 ], [ 74.278482815984532, 31.455701490834453 ], [ 74.278366817175851, 31.455618573261059 ], [ 74.278071375498897, 31.455883874685838 ] ] ] } },
{ "type": "Feature", "properties": { "OBJECTID": 211246, "SHAPE_Leng": 94.367478268200003, "SHAPE_Area": 412.962831419, "Town": "Allama Iqbal Town", "UC_N0": "UC_116", "Landuse": "R", "KA": null, "Name": null, "Plot_No": "27", "Block": "A", "Plot_Size": "1K", "Road_Width": null, "Classifica": null, "Category": null, "MAP": null, "__source_file": "revenu.shp" }, "geometry": { "type": "Polygon", "coordinates": [ [ [ 74.278715662885986, 31.456372782478081 ], [ 74.278571593501141, 31.45626345831019 ], [ 74.278327618777666, 31.456511944565484 ], [ 74.278388108937904, 31.4565567263489 ], [ 74.278459697917825, 31.456605733840934 ], [ 74.278715662885986, 31.456372782478081 ] ] ] } },
{ "type": "Feature", "properties": { "OBJECTID": 211246, "SHAPE_Leng": 94.367478268200003, "SHAPE_Area": 412.962831419, "Town": "Allama Iqbal Town", "UC_N0": "UC_116", "Landuse": "R", "KA": null, "Name": null, "Plot_No": "42", "Block": "A", "Plot_Size": "1K", "Road_Width": null, "Classifica": null, "Category": null, "MAP": null, "__source_file": "revenu.shp" }, "geometry": { "type": "Polygon", "coordinates": [ [ [ 74.278571593501141, 31.45626345831019 ], [ 74.278715662885986, 31.456372782478081 ], [ 74.278992801544433, 31.456100964973345 ], [ 74.278889478497419, 31.45602972997315 ], [ 74.278839117413042, 31.455990985318984 ], [ 74.278571593501141, 31.45626345831019 ] ] ] } },
{ "type": "Feature", "properties": { "OBJECTID": 161814, "SHAPE_Leng": 113.863614531, "SHAPE_Area": 811.65480675100002, "Town": "Allama Iqbal Town", "UC_N0": "UC_120", "Landuse": "R", "KA": null, "Name": null, "Plot_No": "72", "Block": "A", "Plot_Size": "1K", "Road_Width": null, "Classifica": null, "Category": null, "MAP": null, "__source_file": "revenu.shp" }, "geometry": { "type": "Polygon", "coordinates": [ [ [ 74.278739689278765, 31.454242925929741 ], [ 74.27903164638532, 31.454266421777149 ], [ 74.279040479570952, 31.454138550253589 ], [ 74.279016325506063, 31.454136045042421 ], [ 74.278808207343374, 31.454118545751811 ], [ 74.278748261377132, 31.454114855521059 ], [ 74.278743086473426, 31.454114565636281 ], [ 74.278739689278765, 31.454242925929741 ] ] ] } },
{ "type": "Feature", "properties": { "OBJECTID": 161815, "SHAPE_Leng": 85.481718619700004, "SHAPE_Area": 418.99957261999998, "Town": "Allama Iqbal Town", "UC_N0": "UC_120", "Landuse": "R", "KA": null, "Name": null, "Plot_No": "73", "Block": "A", "Plot_Size": "1K", "Road_Width": null, "Classifica": null, "Category": null, "MAP": null, "__source_file": "revenu.shp" }, "geometry": { "type": "Polygon", "coordinates": [ [ [ 74.279197247993338, 31.45415722721177 ], [ 74.279041841424331, 31.454138694155599 ], [ 74.279040479570952, 31.454138550253589 ], [ 74.27902291285875, 31.454392850214226 ], [ 74.279147892036733, 31.454396352387629 ], [ 74.279197247993338, 31.45415722721177 ] ] ] } },
{ "type": "Feature", "properties": { "OBJECTID": 171063, "SHAPE_Leng": 48.057830954400004, "SHAPE_Area": 137.651369816, "Town": "Allama Iqbal Town", "UC_N0": "UC_120", "Landuse": "R", "KA": null, "Name": null, "Plot_No": "315", "Block": "A", "Plot_Size": "5M", "Road_Width": null, "Classifica": null, "Category": null, "MAP": null, "__source_file": "revenu.shp" }, "geometry": { "type": "Polygon", "coordinates": [ [ [ 74.280065721377454, 31.451974383095994 ], [ 74.280216209179912, 31.451982036714661 ], [ 74.280216233511752, 31.451947237258011 ], [ 74.280216258967371, 31.45191073873519 ], [ 74.280064721699986, 31.451909560757603 ], [ 74.280065291383949, 31.451946497200083 ], [ 74.280065721377454, 31.451974383095994 ] ] ] } },
{ "type": "Feature", "properties": { "OBJECTID": 171063, "SHAPE_Leng": 48.057830954400004, "SHAPE_Area": 137.651369816, "Town": "Allama Iqbal Town", "UC_N0": "UC_120", "Landuse": "R", "KA": null, "Name": null, "Plot_No": "317", "Block": "A", "Plot_Size": "5M", "Road_Width": null, "Classifica": null, "Category": null, "MAP": null, "__source_file": "revenu.shp" }, "geometry": { "type": "Polygon", "coordinates": [ [ [ 74.280216346261511, 31.451783766206912 ], [ 74.280062766846868, 31.451782859835003 ], [ 74.280063341774024, 31.451820100567438 ], [ 74.280063578636444, 31.451835455710714 ], [ 74.280216309941281, 31.451836407891982 ], [ 74.280216321622859, 31.451819276789625 ], [ 74.280216346261511, 31.451783766206912 ] ] ] } },
{ "type": "Feature", "properties": { "OBJECTID": 171063, "SHAPE_Leng": 48.057830954400004, "SHAPE_Area": 137.651369816, "Town": "Allama Iqbal Town", "UC_N0": "UC_120", "Landuse": "R", "KA": null, "Name": null, "Plot_No": "318", "Block": "A", "Plot_Size": "5M", "Road_Width": null, "Classifica": null, "Category": null, "MAP": null, "__source_file": "revenu.shp" }, "geometry": { "type": "Polygon", "coordinates": [ [ [ 74.280062766846868, 31.451782859835003 ], [ 74.280216346261511, 31.451783766206912 ], [ 74.280216380751583, 31.451734056425241 ], [ 74.280062031333358, 31.45173521715688 ], [ 74.280062766846868, 31.451782859835003 ] ] ] } },
{ "type": "Feature", "properties": { "OBJECTID": 161883, "SHAPE_Leng": 161.33392807800001, "SHAPE_Area": 1457.0373809600001, "Town": "Allama Iqbal Town", "UC_N0": "UC_120", "Landuse": "R", "KA": null, "Name": null, "Plot_No": "196", "Block": "B", "Plot_Size": "1K", "Road_Width": null, "Classifica": null, "Category": null, "MAP": null, "__source_file": "revenu.shp" }, "geometry": { "type": "Polygon", "coordinates": [ [ [ 74.291090185029503, 31.445492346766393 ], [ 74.291139042791315, 31.445244362408179 ], [ 74.291102298514758, 31.445245271714068 ], [ 74.291009659091799, 31.445247564156816 ], [ 74.290986575561959, 31.445495044382213 ], [ 74.291090185029503, 31.445492346766393 ] ] ] } },
{ "type": "Feature", "properties": { "OBJECTID": 161884, "SHAPE_Leng": 81.234272963699993, "SHAPE_Area": 361.60095454600003, "Town": "Allama Iqbal Town", "UC_N0": "UC_120", "Landuse": "R", "KA": null, "Name": null, "Plot_No": "198", "Block": "B", "Plot_Size": "1K", "Road_Width": null, "Classifica": null, "Category": null, "MAP": null, "__source_file": "revenu.shp" }, "geometry": { "type": "Polygon", "coordinates": [ [ [ 74.290827443546306, 31.445499187440809 ], [ 74.290834797507628, 31.445251891302171 ], [ 74.290801904593238, 31.445252704359184 ], [ 74.290729212820224, 31.445254502429904 ], [ 74.290692173804914, 31.445255419716414 ], [ 74.290692299861632, 31.445502705834635 ], [ 74.290827443546306, 31.445499187440809 ] ] ] } },
{ "type": "Feature", "properties": { "OBJECTID": 161885, "SHAPE_Leng": 84.144881970699998, "SHAPE_Area": 401.68399793700002, "Town": "Allama Iqbal Town", "UC_N0": "UC_120", "Landuse": "V", "KA": null, "Name": null, "Plot_No": "199", "Block": "B", "Plot_Size": "1K", "Road_Width": null, "Classifica": null, "Category": null, "MAP": null, "__source_file": "revenu.shp" }, "geometry": { "type": "Polygon", "coordinates": [ [ [ 74.290692299861632, 31.445502705834635 ], [ 74.290692173804914, 31.445255419716414 ], [ 74.290536679224871, 31.445259266451309 ], [ 74.290539472713775, 31.445506684628644 ], [ 74.290692299861632, 31.445502705834635 ] ] ] } },
{ "type": "Feature", "properties": { "OBJECTID": 161886, "SHAPE_Leng": 80.48713845, "SHAPE_Area": 351.17226149300001, "Town": "Allama Iqbal Town", "UC_N0": "UC_120", "Landuse": "R", "KA": null, "Name": null, "Plot_No": "200", "Block": "B", "Plot_Size": "1K", "Road_Width": null, "Classifica": null, "Category": null, "MAP": null, "__source_file": "revenu.shp" }, "geometry": { "type": "Polygon", "coordinates": [ [ [ 74.290539472713775, 31.445506684628644 ], [ 74.290536679224871, 31.445259266451309 ], [ 74.290514165725824, 31.445259823845788 ], [ 74.290404306520813, 31.445262540951681 ], [ 74.290402498565911, 31.445510250321274 ], [ 74.290539472713775, 31.445506684628644 ] ] ] } },
{ "type": "Feature", "properties": { "OBJECTID": 161887, "SHAPE_Leng": 89.704656579300007, "SHAPE_Area": 476.20859504600003, "Town": "Allama Iqbal Town", "UC_N0": "UC_120", "Landuse": "R", "KA": null, "Name": null, "Plot_No": "203A", "Block": "B", "Plot_Size": "1K", "Road_Width": null, "Classifica": null, "Category": null, "MAP": null, "__source_file": "revenu.shp" }, "geometry": { "type": "Polygon", "coordinates": [ [ [ 74.289824567393183, 31.445525292458605 ], [ 74.289828859209521, 31.445276774952397 ], [ 74.289788870876691, 31.445277764045127 ], [ 74.289645834509145, 31.445281301636747 ], [ 74.289643739280521, 31.445529998225226 ], [ 74.289824567393183, 31.445525292458605 ] ] ] } },
{ "type": "Feature", "properties": { "OBJECTID": 161888, "SHAPE_Leng": 82.542176608000005, "SHAPE_Area": 377.80050242099998, "Town": "Allama Iqbal Town", "UC_N0": "UC_120", "Landuse": "R", "KA": null, "Name": null, "Plot_No": "203", "Block": "B", "Plot_Size": "1K", "Road_Width": null, "Classifica": null, "Category": null, "MAP": null, "__source_file": "revenu.shp" }, "geometry": { "type": "Polygon", "coordinates": [ [ [ 74.290147283765577, 31.445516893448048 ], [ 74.290156797729452, 31.445268664100322 ], [ 74.290109430112537, 31.445269835623051 ], [ 74.290001372894267, 31.445272508235494 ], [ 74.289973374429323, 31.445273201144044 ], [ 74.289890847384981, 31.445275241958907 ], [ 74.289828859209535, 31.445276774952415 ], [ 74.289824567393183, 31.445525292458619 ], [ 74.289968960200184, 31.445521534827957 ], [ 74.290147283765577, 31.445516893448048 ] ] ] } },
{ "type": "Feature", "properties": { "OBJECTID": 161889, "SHAPE_Leng": 113.390584293, "SHAPE_Area": 803.26589234400001, "Town": "Allama Iqbal Town", "UC_N0": "UC_120", "Landuse": "R", "KA": null, "Name": null, "Plot_No": "181", "Block": "B", "Plot_Size": "1K", "Road_Width": null, "Classifica": null, "Category": null, "MAP": null, "__source_file": "revenu.shp" }, "geometry": { "type": "Polygon", "coordinates": [ [ [ 74.293477977675295, 31.445173974156631 ], [ 74.293512142824525, 31.445426148857962 ], [ 74.293659121952473, 31.445422024930078 ], [ 74.293650013121493, 31.445167625660744 ], [ 74.293599892248878, 31.445169500194549 ], [ 74.293570651279609, 31.44517057319208 ], [ 74.293477977675295, 31.445173974156631 ] ] ] } },
{ "type": "Feature", "properties": { "OBJECTID": 161890, "SHAPE_Leng": 95.011553012700006, "SHAPE_Area": 398.83158564199999, "Town": "Allama Iqbal Town", "UC_N0": "UC_120", "Landuse": "R", "KA": null, "Name": null, "Plot_No": "179", "Block": "B", "Plot_Size": "1K", "Road_Width": null, "Classifica": null, "Category": null, "MAP": null, "__source_file": "revenu.shp" }, "geometry": { "type": "Polygon", "coordinates": [ [ [ 74.29404653180643, 31.445174643808787 ], [ 74.294068153305233, 31.445151989811023 ], [ 74.294057373944938, 31.445152393251046 ], [ 74.293978323566805, 31.445155349067225 ], [ 74.293895943579443, 31.445158429935727 ], [ 74.293849344957891, 31.445160172407888 ], [ 74.29379767245868, 31.445162104328453 ], [ 74.293789525539239, 31.44541836539522 ], [ 74.293808122893338, 31.445417843578763 ], [ 74.293810818263239, 31.445421601783949 ], [ 74.29404653180643, 31.445174643808787 ] ] ] } },
{ "type": "Feature", "properties": { "OBJECTID": 161891, "SHAPE_Leng": 83.0677560731, "SHAPE_Area": 373.91416309, "Town": "Allama Iqbal Town", "UC_N0": "UC_120", "Landuse": "R", "KA": null, "Name": null, "Plot_No": "180", "Block": "B", "Plot_Size": "1K", "Road_Width": null, "Classifica": null, "Category": null, "MAP": null, "__source_file": "revenu.shp" }, "geometry": { "type": "Polygon", "coordinates": [ [ [ 74.293789525539239, 31.44541836539522 ], [ 74.29379767245868, 31.445162104328453 ], [ 74.293701089815499, 31.445165715777147 ], [ 74.293650013121464, 31.445167625660744 ], [ 74.293659121952459, 31.445422024930078 ], [ 74.293789525539239, 31.44541836539522 ] ] ] } },
{ "type": "Feature", "properties": { "OBJECTID": 161907, "SHAPE_Leng": 123.524673983, "SHAPE_Area": 771.66456057200003, "Town": "Allama Iqbal Town", "UC_N0": "UC_120", "Landuse": "R", "KA": null, "Name": null, "Plot_No": "64", "Block": "B", "Plot_Size": "1K", "Road_Width": null, "Classifica": null, "Category": null, "MAP": null, "__source_file": "revenu.shp" }, "geometry": { "type": "Polygon", "coordinates": [ [ [ 74.295604352237362, 31.448483884227326 ], [ 74.295563117141086, 31.448425719073139 ], [ 74.295493356575278, 31.448327316431779 ], [ 74.295480839722387, 31.448316134843488 ], [ 74.29515189501538, 31.448631232857736 ], [ 74.29519224512417, 31.44865436065362 ], [ 74.295248540699973, 31.448694038223877 ], [ 74.295267077705844, 31.448709395987894 ], [ 74.295604352237362, 31.448483884227326 ] ] ] } },
{ "type": "Feature", "properties": { "OBJECTID": 161909, "SHAPE_Leng": 186.77048520400001, "SHAPE_Area": 2066.1092820700001, "Town": "Allama Iqbal Town", "UC_N0": "UC_120", "Landuse": "R", "KA": null, "Name": null, "Plot_No": "36", "Block": "B", "Plot_Size": "1K", "Road_Width": null, "Classifica": null, "Category": null, "MAP": null, "__source_file": "revenu.shp" }, "geometry": { "type": "Polygon", "coordinates": [ [ [ 74.297041675324067, 31.449952313754689 ], [ 74.297003131927525, 31.449561083444596 ], [ 74.296804880525087, 31.449548784096869 ], [ 74.29676530648176, 31.449546328476984 ], [ 74.296820830548569, 31.450037148552816 ], [ 74.296830722390482, 31.450033348806475 ], [ 74.297041675324067, 31.449952313754689 ] ] ] } },
{ "type": "Feature", "properties": { "OBJECTID": 161911, "SHAPE_Leng": 86.218611941600003, "SHAPE_Area": 381.95574691899998, "Town": "Allama Iqbal Town", "UC_N0": "UC_120", "Landuse": "R", "KA": null, "Name": null, "Plot_No": "44B", "Block": "B", "Plot_Size": "1K", "Road_Width": null, "Classifica": null, "Category": null, "MAP": null, "__source_file": "revenu.shp" }, "geometry": { "type": "Polygon", "coordinates": [ [ [ 74.296475286955143, 31.448513307789728 ], [ 74.296400851001039, 31.448415689254592 ], [ 74.296120782123083, 31.44854471291676 ], [ 74.296184671137027, 31.448639440663406 ], [ 74.296475286955143, 31.448513307789728 ] ] ] } },
{ "type": "Feature", "properties": { "OBJECTID": 161912, "SHAPE_Leng": 79.347252729299996, "SHAPE_Area": 347.791018592, "Town": "Allama Iqbal Town", "UC_N0": "UC_120", "Landuse": "R", "KA": null, "Name": null, "Plot_No": "37A", "Block": "B", "Plot_Size": "1K", "Road_Width": null, "Classifica": null, "Category": null, "MAP": null, "__source_file": "revenu.shp" }, "geometry": { "type": "Polygon", "coordinates": [ [ [ 74.296761895290146, 31.449235877235573 ], [ 74.296946994027408, 31.449505621908784 ], [ 74.297223313711697, 31.449513409326393 ], [ 74.297205991644063, 31.449487573467945 ], [ 74.297121575637618, 31.449374663801478 ], [ 74.297040874073645, 31.449266718437045 ], [ 74.296943882942287, 31.449136989165048 ], [ 74.296942849718917, 31.449156729649406 ], [ 74.296761895290146, 31.449235877235573 ] ] ] } },
{ "type": "Feature", "properties": { "OBJECTID": 161916, "SHAPE_Leng": 102.487966505, "SHAPE_Area": 524.788397691, "Town": "Allama Iqbal Town", "UC_N0": "UC_120", "Landuse": "R", "KA": null, "Name": null, "Plot_No": "39", "Block": "B", "Plot_Size": "1K", "Road_Width": null, "Classifica": null, "Category": null, "MAP": null, "__source_file": "revenu.shp" }, "geometry": { "type": "Polygon", "coordinates": [ [ [ 74.296942848518057, 31.449156728604908 ], [ 74.296943883136137, 31.449136988115846 ], [ 74.296872229223013, 31.449041146274379 ], [ 74.296546484057245, 31.449189175460162 ], [ 74.296551815010034, 31.449201511129715 ], [ 74.296572452390365, 31.449262016012398 ], [ 74.296583331360665, 31.449313978237743 ], [ 74.296942848518057, 31.449156728604908 ] ] ] } },
{ "type": "Feature", "properties": { "OBJECTID": 161917, "SHAPE_Leng": 110.315312795, "SHAPE_Area": 710.73567991000004, "Town": "Allama Iqbal Town", "UC_N0": "UC_120", "Landuse": "V", "KA": null, "Name": null, "Plot_No": "41", "Block": "B", "Plot_Size": "1K", "Road_Width": null, "Classifica": null, "Category": null, "MAP": null, "__source_file": "revenu.shp" }, "geometry": { "type": "Polygon", "coordinates": [ [ [ 74.296811732443757, 31.448960227348312 ], [ 74.296750995700236, 31.448878987285163 ], [ 74.296444693847349, 31.449024974760341 ], [ 74.296508177549256, 31.449119101941083 ], [ 74.296811732443757, 31.448960227348312 ] ] ] } },
{ "type": "Feature", "properties": { "OBJECTID": 161918, "SHAPE_Leng": 90.540020432099993, "SHAPE_Area": 404.372894524, "Town": "Allama Iqbal Town", "UC_N0": "UC_120", "Landuse": "R", "KA": null, "Name": null, "Plot_No": "42", "Block": "B", "Plot_Size": "1K", "Road_Width": null, "Classifica": null, "Category": null, "MAP": null, "__source_file": "revenu.shp" }, "geometry": { "type": "Polygon", "coordinates": [ [ [ 74.296750995700222, 31.448878987285159 ], [ 74.296679513074338, 31.448783372735399 ], [ 74.296381844161914, 31.448931788445805 ], [ 74.296444693847349, 31.449024974760324 ], [ 74.296750995700222, 31.448878987285159 ] ] ] } },
{ "type": "Feature", "properties": { "OBJECTID": 161919, "SHAPE_Leng": 91.215475530399999, "SHAPE_Area": 438.453565416, "Town": "Allama Iqbal Town", "UC_N0": "UC_120", "Landuse": "R", "KA": null, "Name": null, "Plot_No": "44", "Block": "B", "Plot_Size": "1K", "Road_Width": null, "Classifica": null, "Category": null, "MAP": null, "__source_file": "revenu.shp" }, "geometry": { "type": "Polygon", "coordinates": [ [ [ 74.296614311769915, 31.448696161707879 ], [ 74.29659410630542, 31.4486691345761 ], [ 74.296532196338759, 31.448587942301174 ], [ 74.296252183576698, 31.448739541205715 ], [ 74.296321934055484, 31.448842959771341 ], [ 74.296614311769915, 31.448696161707879 ] ] ] } },
{ "type": "Feature", "properties": { "OBJECTID": 161920, "SHAPE_Leng": 87.771211494499994, "SHAPE_Area": 370.74490280100002, "Town": "Allama Iqbal Town", "UC_N0": "UC_120", "Landuse": "R", "KA": null, "Name": null, "Plot_No": "43", "Block": "B", "Plot_Size": "1K", "Road_Width": null, "Classifica": null, "Category": null, "MAP": null, "__source_file": "revenu.shp" }, "geometry": { "type": "Polygon", "coordinates": [ [ [ 74.296679513074338, 31.448783372735399 ], [ 74.296614311769915, 31.448696161707879 ], [ 74.296321934055484, 31.448842959771341 ], [ 74.296381844161914, 31.448931788445805 ], [ 74.296679513074338, 31.448783372735399 ] ] ] } },
{ "type": "Feature", "properties": { "OBJECTID": 161921, "SHAPE_Leng": 80.578718265700005, "SHAPE_Area": 294.545926431, "Town": "Allama Iqbal Town", "UC_N0": "UC_120", "Landuse": "R", "KA": null, "Name": null, "Plot_No": "50", "Block": "B", "Plot_Size": "1K", "Road_Width": null, "Classifica": null, "Category": null, "MAP": null, "__source_file": "revenu.shp" }, "geometry": { "type": "Polygon", "coordinates": [ [ [ 74.295996653851745, 31.447830793113258 ], [ 74.295957838965762, 31.447766905916396 ], [ 74.295945473895713, 31.447747532973384 ], [ 74.295767054202202, 31.447851655472657 ], [ 74.295745601652513, 31.447866747294587 ], [ 74.295712328999528, 31.447881485410807 ], [ 74.295678349535535, 31.447888712189943 ], [ 74.295734696613678, 31.447972258879805 ], [ 74.295996653851745, 31.447830793113258 ] ] ] } },
{ "type": "Feature", "properties": { "OBJECTID": 161922, "SHAPE_Leng": 85.083821270499996, "SHAPE_Area": 389.92099908599999, "Town": "Allama Iqbal Town", "UC_N0": "UC_120", "Landuse": "R", "KA": null, "Name": null, "Plot_No": "49", "Block": "B", "Plot_Size": "1K", "Road_Width": null, "Classifica": null, "Category": null, "MAP": null, "__source_file": "revenu.shp" }, "geometry": { "type": "Polygon", "coordinates": [ [ [ 74.296061727333239, 31.447937899693247 ], [ 74.295996653851759, 31.447830793113258 ], [ 74.295734696613678, 31.447972258879805 ], [ 74.295805530547014, 31.448077286042761 ], [ 74.295868818343308, 31.448171124654472 ], [ 74.296126742736789, 31.448044911186688 ], [ 74.296102045636502, 31.448004261812127 ], [ 74.296089894621929, 31.447984262108527 ], [ 74.296061727333239, 31.447937899693247 ] ] ] } },
{ "type": "Feature", "properties": { "OBJECTID": 159460, "SHAPE_Leng": 54.888013383800001, "SHAPE_Area": 175.26600485200001, "Town": "Allama Iqbal Town", "UC_N0": "UC_120", "Landuse": "R", "KA": null, "Name": null, "Plot_No": "34", "Block": "B", "Plot_Size": "1K", "Road_Width": null, "Classifica": null, "Category": null, "MAP": null, "__source_file": "revenu.shp" }, "geometry": { "type": "Polygon", "coordinates": [ [ [ 74.296560796492628, 31.449902445655859 ], [ 74.296525605071309, 31.449645882256487 ], [ 74.29652176958399, 31.449618377484967 ], [ 74.296509349002832, 31.449583664016604 ], [ 74.296489031265537, 31.449551802629852 ], [ 74.296461648089164, 31.449524100238918 ], [ 74.296428320886065, 31.44950169188559 ], [ 74.296415910984777, 31.449495464955497 ], [ 74.295973507372778, 31.449371038382147 ], [ 74.295860668776839, 31.449706447445216 ], [ 74.296121775916589, 31.449779916518811 ], [ 74.296190145297302, 31.449799152318288 ], [ 74.296198221748995, 31.449799130063678 ], [ 74.296216478194324, 31.449800137889056 ], [ 74.296256343040412, 31.449807630802784 ], [ 74.296293520422893, 31.449822066735155 ], [ 74.29632638414796, 31.449842812838554 ], [ 74.296353499545532, 31.44986896418331 ], [ 74.296373678473884, 31.449899375447576 ], [ 74.296379055372654, 31.449911094190721 ], [ 74.296383572616818, 31.449923697553665 ], [ 74.296393248694201, 31.449986219428901 ], [ 74.296396210183474, 31.450005351874744 ], [ 74.296573242423122, 31.449993175156145 ], [ 74.296560796492628, 31.449902445655859 ] ] ] } },
{ "type": "Feature", "properties": { "OBJECTID": 159718, "SHAPE_Leng": 118.51473285599999, "SHAPE_Area": 817.65129842800002, "Town": "Allama Iqbal Town", "UC_N0": "UC_120", "Landuse": "R", "KA": null, "Name": null, "Plot_No": "76", "Block": "B", "Plot_Size": "1K", "Road_Width": null, "Classifica": null, "Category": null, "MAP": null, "__source_file": "revenu.shp" }, "geometry": { "type": "Polygon", "coordinates": [ [ [ 74.294296631911024, 31.447612777493024 ], [ 74.294289134541842, 31.447412859246857 ], [ 74.293895762311209, 31.447426921627063 ], [ 74.29390358251564, 31.447621430102863 ], [ 74.294296631911024, 31.447612777493024 ] ] ] } },
{ "type": "Feature", "properties": { "OBJECTID": 159719, "SHAPE_Leng": 105.932975755, "SHAPE_Area": 584.29107615099997, "Town": "Allama Iqbal Town", "UC_N0": "UC_120", "Landuse": "R", "KA": null, "Name": null, "Plot_No": "74", "Block": "B", "Plot_Size": "1K", "Road_Width": null, "Classifica": null, "Category": null, "MAP": null, "__source_file": "revenu.shp" }, "geometry": { "type": "Polygon", "coordinates": [ [ [ 74.294308478613161, 31.447928702934782 ], [ 74.294303103927703, 31.447785362493551 ], [ 74.293910541482418, 31.44779452214609 ], [ 74.293916137254939, 31.447933702740439 ], [ 74.294308478613161, 31.447928702934782 ] ] ] } },
{ "type": "Feature", "properties": { "OBJECTID": 159721, "SHAPE_Leng": 116.777497591, "SHAPE_Area": 761.00660180099999, "Town": "Allama Iqbal Town", "UC_N0": "UC_120", "Landuse": "R", "KA": null, "Name": null, "Plot_No": "9", "Block": "B", "Plot_Size": "1K", "Road_Width": null, "Classifica": null, "Category": null, "MAP": null, "__source_file": "revenu.shp" }, "geometry": { "type": "Polygon", "coordinates": [ [ [ 74.29038203904571, 31.449034382774343 ], [ 74.290468731001994, 31.448986774277223 ], [ 74.290252154073173, 31.448690649711288 ], [ 74.29007576005317, 31.448787321210308 ], [ 74.290296933250374, 31.449081120327936 ], [ 74.29038203904571, 31.449034382774343 ] ] ] } },
{ "type": "Feature", "properties": { "OBJECTID": 159722, "SHAPE_Leng": 108.636028989, "SHAPE_Area": 722.99626306699997, "Town": "Allama Iqbal Town", "UC_N0": "UC_120", "Landuse": "R", "KA": null, "Name": null, "Plot_No": "15", "Block": "B", "Plot_Size": "1K", "Road_Width": null, "Classifica": null, "Category": null, "MAP": null, "__source_file": "revenu.shp" }, "geometry": { "type": "Polygon", "coordinates": [ [ [ 74.291914051446994, 31.448313244531889 ], [ 74.291674094702032, 31.448316399212377 ], [ 74.291625707522471, 31.448317438058307 ], [ 74.291628426911785, 31.448565424116779 ], [ 74.291643825877969, 31.448565698742637 ], [ 74.29174770430383, 31.448571732534397 ], [ 74.291850663207597, 31.448585005146246 ], [ 74.291868503912582, 31.448588060377027 ], [ 74.291914051446994, 31.448313244531889 ] ] ] } },
{ "type": "Feature", "properties": { "OBJECTID": 159723, "SHAPE_Leng": 109.552525886, "SHAPE_Area": 719.41142467400005, "Town": "Allama Iqbal Town", "UC_N0": "UC_120", "Landuse": "R", "KA": null, "Name": null, "Plot_No": "16", "Block": "B", "Plot_Size": "1K", "Road_Width": null, "Classifica": null, "Category": null, "MAP": null, "__source_file": "revenu.shp" }, "geometry": { "type": "Polygon", "coordinates": [ [ [ 74.292159192370519, 31.448330944177403 ], [ 74.292110734466661, 31.448323333156406 ], [ 74.292020892733348, 31.448313183688452 ], [ 74.292017568152446, 31.448312905471521 ], [ 74.291940409139755, 31.448313098812665 ], [ 74.291914051446994, 31.448313244531889 ], [ 74.291868503912582, 31.448588060377027 ], [ 74.291952018156735, 31.44860542798784 ], [ 74.292051093495587, 31.448632864701345 ], [ 74.292071580340448, 31.448639511862449 ], [ 74.292159192370519, 31.448330944177403 ] ] ] } },
{ "type": "Feature", "properties": { "OBJECTID": 159724, "SHAPE_Leng": 112.20880066, "SHAPE_Area": 727.98403469599998, "Town": "Allama Iqbal Town", "UC_N0": "UC_120", "Landuse": "R", "KA": null, "Name": null, "Plot_No": "17", "Block": "B", "Plot_Size": "1K", "Road_Width": null, "Classifica": null, "Category": null, "MAP": null, "__source_file": "revenu.shp" }, "geometry": { "type": "Polygon", "coordinates": [ [ [ 74.292366592296361, 31.448381339118122 ], [ 74.292323222457114, 31.448368308633089 ], [ 74.292218041386278, 31.448342249478014 ], [ 74.292164870045639, 31.448331935522674 ], [ 74.292159192370519, 31.448330944177403 ], [ 74.292071580340448, 31.448639511862449 ], [ 74.29224372584568, 31.448692029080629 ], [ 74.292269527236598, 31.448700240264728 ], [ 74.292366592296361, 31.448381339118122 ] ] ] } },
{ "type": "Feature", "properties": { "OBJECTID": 159725, "SHAPE_Leng": 112.98473406799999, "SHAPE_Area": 715.92836523200003, "Town": "Allama Iqbal Town", "UC_N0": "UC_120", "Landuse": "R", "KA": null, "Name": null, "Plot_No": "18", "Block": "B", "Plot_Size": "1K", "Road_Width": null, "Classifica": null, "Category": null, "MAP": null, "__source_file": "revenu.shp" }, "geometry": { "type": "Polygon", "coordinates": [ [ [ 74.292562026552559, 31.44843691048716 ], [ 74.292409075208013, 31.448395457287187 ], [ 74.292368328852177, 31.44838188914607 ], [ 74.292366592296361, 31.448381339118122 ], [ 74.292269527236598, 31.448700240264728 ], [ 74.292459809036401, 31.448763569551197 ], [ 74.292562026552559, 31.44843691048716 ] ] ] } },
{ "type": "Feature", "properties": { "OBJECTID": 159726, "SHAPE_Leng": 119.727339222, "SHAPE_Area": 834.87009078400001, "Town": "Allama Iqbal Town", "UC_N0": "UC_120", "Landuse": "R", "KA": null, "Name": null, "Plot_No": "19", "Block": "B", "Plot_Size": "1K", "Road_Width": null, "Classifica": null, "Category": null, "MAP": null, "__source_file": "revenu.shp" }, "geometry": { "type": "Polygon", "coordinates": [ [ [ 74.292779372511873, 31.448495815373761 ], [ 74.292562026552559, 31.44843691048716 ], [ 74.292459809036401, 31.448763569551197 ], [ 74.29266656247934, 31.448821436302822 ], [ 74.292688029800757, 31.448827444589462 ], [ 74.292779372511873, 31.448495815373761 ] ] ] } },
{ "type": "Feature", "properties": { "OBJECTID": 159727, "SHAPE_Leng": 112.617546584, "SHAPE_Area": 697.82277171600003, "Town": "Allama Iqbal Town", "UC_N0": "UC_120", "Landuse": "R", "KA": null, "Name": null, "Plot_No": "19A", "Block": "B", "Plot_Size": "1K", "Road_Width": null, "Classifica": null, "Category": null, "MAP": null, "__source_file": "revenu.shp" }, "geometry": { "type": "Polygon", "coordinates": [ [ [ 74.292970929205325, 31.448547730539143 ], [ 74.292779372511873, 31.448495815373761 ], [ 74.292688029800757, 31.448827444589462 ], [ 74.292867041175441, 31.448877546631817 ], [ 74.292970929205325, 31.448547730539143 ] ] ] } },
{ "type": "Feature", "properties": { "OBJECTID": 159728, "SHAPE_Leng": 113.661672338, "SHAPE_Area": 715.543857871, "Town": "Allama Iqbal Town", "UC_N0": "UC_120", "Landuse": "R", "KA": null, "Name": null, "Plot_No": "20", "Block": "B", "Plot_Size": "1K", "Road_Width": null, "Classifica": null, "Category": null, "MAP": null, "__source_file": "revenu.shp" }, "geometry": { "type": "Polygon", "coordinates": [ [ [ 74.293159757493925, 31.448598905874587 ], [ 74.292970929205325, 31.448547730539143 ], [ 74.292867041175441, 31.448877546631817 ], [ 74.293056420429679, 31.448930550371408 ], [ 74.293159757493925, 31.448598905874587 ] ] ] } },
{ "type": "Feature", "properties": { "OBJECTID": 159729, "SHAPE_Leng": 115.555699731, "SHAPE_Area": 748.67901827200001, "Town": "Allama Iqbal Town", "UC_N0": "UC_120", "Landuse": "R", "KA": null, "Name": null, "Plot_No": "21", "Block": "B", "Plot_Size": "1K", "Road_Width": null, "Classifica": null, "Category": null, "MAP": null, "__source_file": "revenu.shp" }, "geometry": { "type": "Polygon", "coordinates": [ [ [ 74.2933612366011, 31.448653509718785 ], [ 74.293159757493925, 31.448598905874587 ], [ 74.293056420429679, 31.448930550371408 ], [ 74.293248800362392, 31.448984393220886 ], [ 74.2933612366011, 31.448653509718785 ] ] ] } },
{ "type": "Feature", "properties": { "OBJECTID": 159730, "SHAPE_Leng": 120.513196225, "SHAPE_Area": 843.03087598100001, "Town": "Allama Iqbal Town", "UC_N0": "UC_120", "Landuse": "R", "KA": null, "Name": null, "Plot_No": "22", "Block": "B", "Plot_Size": "1K", "Road_Width": null, "Classifica": null, "Category": null, "MAP": null, "__source_file": "revenu.shp" }, "geometry": { "type": "Polygon", "coordinates": [ [ [ 74.293579531988968, 31.448712670214089 ], [ 74.2933612366011, 31.448653509718785 ], [ 74.293248800362392, 31.448984393220886 ], [ 74.293351500679776, 31.449013137316562 ], [ 74.293472942075937, 31.449045170470999 ], [ 74.293579531988968, 31.448712670214089 ] ] ] } },
{ "type": "Feature", "properties": { "OBJECTID": 159731, "SHAPE_Leng": 116.805257446, "SHAPE_Area": 772.73820598999998, "Town": "Allama Iqbal Town", "UC_N0": "UC_120", "Landuse": "R", "KA": null, "Name": null, "Plot_No": "23", "Block": "B", "Plot_Size": "1K", "Road_Width": null, "Classifica": null, "Category": null, "MAP": null, "__source_file": "revenu.shp" }, "geometry": { "type": "Polygon", "coordinates": [ [ [ 74.293789835014337, 31.448769664234788 ], [ 74.293579531988968, 31.448712670214089 ], [ 74.293472942075937, 31.449045170470999 ], [ 74.293669936735725, 31.449097131737521 ], [ 74.293789835014337, 31.448769664234788 ] ] ] } },
{ "type": "Feature", "properties": { "OBJECTID": 159732, "SHAPE_Leng": 109.544334531, "SHAPE_Area": 637.70866950499999, "Town": "Allama Iqbal Town", "UC_N0": "UC_120", "Landuse": "R", "KA": null, "Name": null, "Plot_No": "24", "Block": "B", "Plot_Size": "1K", "Road_Width": null, "Classifica": null, "Category": null, "MAP": null, "__source_file": "revenu.shp" }, "geometry": { "type": "Polygon", "coordinates": [ [ [ 74.293961206419496, 31.448816106500832 ], [ 74.293789835014337, 31.448769664234788 ], [ 74.293669936735725, 31.449097131737521 ], [ 74.293835959100704, 31.449140923705219 ], [ 74.293961206419496, 31.448816106500832 ] ] ] } },
{ "type": "Feature", "properties": { "OBJECTID": 159733, "SHAPE_Leng": 165.198287824, "SHAPE_Area": 1692.8683314, "Town": "Allama Iqbal Town", "UC_N0": "UC_120", "Landuse": "R", "KA": null, "Name": null, "Plot_No": "25", "Block": "B", "Plot_Size": "1K", "Road_Width": null, "Classifica": null, "Category": null, "MAP": null, "__source_file": "revenu.shp" }, "geometry": { "type": "Polygon", "coordinates": [ [ [ 74.294180262506345, 31.448875471834761 ], [ 74.293961206419496, 31.448816106500832 ], [ 74.293835959100718, 31.449140923705219 ], [ 74.294069720986499, 31.449202582769352 ], [ 74.294180262506345, 31.448875471834761 ] ] ] } },
{ "type": "Feature", "properties": { "OBJECTID": 159734, "SHAPE_Leng": 113.85614893899999, "SHAPE_Area": 725.12315841500003, "Town": "Allama Iqbal Town", "UC_N0": "UC_120", "Landuse": "R", "KA": null, "Name": null, "Plot_No": "27", "Block": "B", "Plot_Size": "1K", "Road_Width": null, "Classifica": null, "Category": null, "MAP": null, "__source_file": "revenu.shp" }, "geometry": { "type": "Polygon", "coordinates": [ [ [ 74.294597232595962, 31.448988471695873 ], [ 74.294407454297641, 31.448937041513634 ], [ 74.294291016541749, 31.449260953140126 ], [ 74.294398975294712, 31.449289429440569 ], [ 74.294488670703203, 31.449315192206509 ], [ 74.294597232595962, 31.448988471695873 ] ] ] } },
{ "type": "Feature", "properties": { "OBJECTID": 159735, "SHAPE_Leng": 112.899393285, "SHAPE_Area": 704.45668565899996, "Town": "Allama Iqbal Town", "UC_N0": "UC_120", "Landuse": "R", "KA": null, "Name": null, "Plot_No": "28", "Block": "B", "Plot_Size": "1K", "Road_Width": null, "Classifica": null, "Category": null, "MAP": null, "__source_file": "revenu.shp" }, "geometry": { "type": "Polygon", "coordinates": [ [ [ 74.294786555287658, 31.449039777289219 ], [ 74.294597232595962, 31.448988471695873 ], [ 74.294488670703203, 31.449315192206509 ], [ 74.294672475510424, 31.449367985126866 ], [ 74.294786555287658, 31.449039777289219 ] ] ] } },
{ "type": "Feature", "properties": { "OBJECTID": 159736, "SHAPE_Leng": 232.82542930100001, "SHAPE_Area": 3000.1653642599999, "Town": "Allama Iqbal Town", "UC_N0": "UC_120", "Landuse": "R", "KA": null, "Name": null, "Plot_No": "30", "Block": "B", "Plot_Size": "1K", "Road_Width": null, "Classifica": null, "Category": null, "MAP": null, "__source_file": "revenu.shp" }, "geometry": { "type": "Polygon", "coordinates": [ [ [ 74.295316777803947, 31.449186328896499 ], [ 74.295037961734579, 31.449107908899634 ], [ 74.294943539528546, 31.449445839863145 ], [ 74.29519399692542, 31.449517775364306 ], [ 74.295316777803947, 31.449186328896499 ] ] ] } },
{ "type": "Feature", "properties": { "OBJECTID": 159737, "SHAPE_Leng": 117.8802059, "SHAPE_Area": 783.42445457400004, "Town": "Allama Iqbal Town", "UC_N0": "UC_120", "Landuse": "R", "KA": null, "Name": null, "Plot_No": "33", "Block": "B", "Plot_Size": "1K", "Road_Width": null, "Classifica": null, "Category": null, "MAP": null, "__source_file": "revenu.shp" }, "geometry": { "type": "Polygon", "coordinates": [ [ [ 74.295973507356265, 31.449371038392631 ], [ 74.29577642205102, 31.44931560748007 ], [ 74.295652537868108, 31.449647884581886 ], [ 74.295860667697184, 31.449706446685081 ], [ 74.295973507356265, 31.449371038392631 ] ] ] } },
{ "type": "Feature", "properties": { "OBJECTID": 159742, "SHAPE_Leng": 118.183819677, "SHAPE_Area": 789.81104353700005, "Town": "Allama Iqbal Town", "UC_N0": "UC_120", "Landuse": "R", "KA": null, "Name": null, "Plot_No": "32", "Block": "B", "Plot_Size": "1K", "Road_Width": null, "Classifica": null, "Category": null, "MAP": null, "__source_file": "revenu.shp" }, "geometry": { "type": "Polygon", "coordinates": [ [ [ 74.29577642205102, 31.44931560748007 ], [ 74.295575124585199, 31.449258991031655 ], [ 74.295445290489354, 31.449589569695561 ], [ 74.295652537868108, 31.449647884581886 ], [ 74.29577642205102, 31.44931560748007 ] ] ] } },
{ "type": "Feature", "properties": { "OBJECTID": 159751, "SHAPE_Leng": 47.674008269600002, "SHAPE_Area": 116.03708591, "Town": "Allama Iqbal Town", "UC_N0": "UC_120", "Landuse": "R", "KA": null, "Name": null, "Plot_No": "138", "Block": "B", "Plot_Size": "1K", "Road_Width": null, "Classifica": null, "Category": null, "MAP": null, "__source_file": "revenu.shp" }, "geometry": { "type": "Polygon", "coordinates": [ [ [ 74.293686049740685, 31.446336848176156 ], [ 74.293645086623897, 31.446044672295837 ], [ 74.293588147593908, 31.446047148802755 ], [ 74.293510236964522, 31.446050536971502 ], [ 74.29346720537464, 31.446052408448928 ], [ 74.293502998343627, 31.446342105217589 ], [ 74.293595423636702, 31.446339451117943 ], [ 74.293686049740685, 31.446336848176156 ] ] ] } },
{ "type": "Feature", "properties": { "OBJECTID": 159752, "SHAPE_Leng": 52.760259850499999, "SHAPE_Area": 165.729478836, "Town": "Allama Iqbal Town", "UC_N0": "UC_120", "Landuse": "R", "KA": null, "Name": null, "Plot_No": "146", "Block": "B", "Plot_Size": "1K", "Road_Width": null, "Classifica": null, "Category": null, "MAP": null, "__source_file": "revenu.shp" }, "geometry": { "type": "Polygon", "coordinates": [ [ [ 74.293276645763186, 31.446004802051974 ], [ 74.293270866247624, 31.445729859613984 ], [ 74.293220449313893, 31.445731013026819 ], [ 74.293122487146306, 31.445733253403088 ], [ 74.293059666102124, 31.445734690918698 ], [ 74.293050080985097, 31.445734910605641 ], [ 74.293004745384849, 31.445735946848544 ], [ 74.292993771283022, 31.44601700249272 ], [ 74.293058528883535, 31.446014209684904 ], [ 74.293109680978318, 31.446012003463512 ], [ 74.293156938029341, 31.446009965712339 ], [ 74.293208289957917, 31.446007749540691 ], [ 74.293256746611277, 31.446005660550529 ], [ 74.293276645763186, 31.446004802051974 ] ] ] } },
{ "type": "Feature", "properties": { "OBJECTID": 159753, "SHAPE_Leng": 157.85741718099999, "SHAPE_Area": 1553.4553835700001, "Town": "Allama Iqbal Town", "UC_N0": "UC_120", "Landuse": "R", "KA": null, "Name": null, "Plot_No": "124", "Block": "B", "Plot_Size": "1K", "Road_Width": null, "Classifica": null, "Category": null, "MAP": null, "__source_file": "revenu.shp" }, "geometry": { "type": "Polygon", "coordinates": [ [ [ 74.29180555644939, 31.446376100627344 ], [ 74.291849313694698, 31.446712829701546 ], [ 74.292076156275556, 31.446707128904386 ], [ 74.292063735231721, 31.4463665620457 ], [ 74.291950415025838, 31.446370749112539 ], [ 74.29180555644939, 31.446376100627344 ] ] ] } },
{ "type": "Feature", "properties": { "OBJECTID": 159754, "SHAPE_Leng": 84.155492317699995, "SHAPE_Area": 379.95286677299998, "Town": "Allama Iqbal Town", "UC_N0": "UC_120", "Landuse": "R", "KA": null, "Name": null, "Plot_No": "161", "Block": "B", "Plot_Size": "1K", "Road_Width": null, "Classifica": null, "Category": null, "MAP": null, "__source_file": "revenu.shp" }, "geometry": { "type": "Polygon", "coordinates": [ [ [ 74.292498056347881, 31.445782314727129 ], [ 74.292490380450531, 31.445521943362884 ], [ 74.292352862739421, 31.445525863617647 ], [ 74.292359544848551, 31.44578776960029 ], [ 74.292498056347881, 31.445782314727129 ] ] ] } },
{ "type": "Feature", "properties": { "OBJECTID": 159755, "SHAPE_Leng": 82.196948126400002, "SHAPE_Area": 420.93626589600001, "Town": "Allama Iqbal Town", "UC_N0": "UC_120", "Landuse": "R", "KA": null, "Name": null, "Plot_No": "163", "Block": "B", "Plot_Size": "1K", "Road_Width": null, "Classifica": null, "Category": null, "MAP": null, "__source_file": "revenu.shp" }, "geometry": { "type": "Polygon", "coordinates": [ [ [ 74.292847545605667, 31.445687723223667 ], [ 74.292848164361047, 31.445511741577995 ], [ 74.292616000553764, 31.445518361458731 ], [ 74.292624364263247, 31.44569325408937 ], [ 74.292847545605667, 31.445687723223667 ] ] ] } },
{ "type": "Feature", "properties": { "OBJECTID": 159756, "SHAPE_Leng": 83.219524486200001, "SHAPE_Area": 375.271777714, "Town": "Allama Iqbal Town", "UC_N0": "UC_120", "Landuse": "R", "KA": null, "Name": null, "Plot_No": "150", "Block": "B", "Plot_Size": "1K", "Road_Width": null, "Classifica": null, "Category": null, "MAP": null, "__source_file": "revenu.shp" }, "geometry": { "type": "Polygon", "coordinates": [ [ [ 74.292505596592761, 31.446038054193782 ], [ 74.292498056347881, 31.445782314727129 ], [ 74.292359544848551, 31.44578776960029 ], [ 74.292366083890343, 31.446044070139948 ], [ 74.292505596592761, 31.446038054193782 ] ] ] } },
{ "type": "Feature", "properties": { "OBJECTID": 159757, "SHAPE_Leng": 149.68996847299999, "SHAPE_Area": 954.68409337499997, "Town": "Allama Iqbal Town", "UC_N0": "UC_120", "Landuse": "R", "KA": null, "Name": null, "Plot_No": "155", "Block": "B", "Plot_Size": "1K", "Road_Width": null, "Classifica": null, "Category": null, "MAP": null, "__source_file": "revenu.shp" }, "geometry": { "type": "Polygon", "coordinates": [ [ [ 74.291782929836629, 31.44580908546089 ], [ 74.291611281473479, 31.445812001827274 ], [ 74.291611362741477, 31.445817229686348 ], [ 74.291615392112462, 31.446076440487207 ], [ 74.291790255506143, 31.446068900257355 ], [ 74.29178296894942, 31.44581047262799 ], [ 74.291782929836629, 31.44580908546089 ] ] ] } },
{ "type": "Feature", "properties": { "OBJECTID": 159758, "SHAPE_Leng": 88.298928507, "SHAPE_Area": 430.027390078, "Town": "Allama Iqbal Town", "UC_N0": "UC_120", "Landuse": "R", "KA": null, "Name": null, "Plot_No": "157", "Block": "B", "Plot_Size": "1K", "Road_Width": null, "Classifica": null, "Category": null, "MAP": null, "__source_file": "revenu.shp" }, "geometry": { "type": "Polygon", "coordinates": [ [ [ 74.291935440290288, 31.445804469396389 ], [ 74.291928115098216, 31.445537972919855 ], [ 74.291775408242927, 31.445542325571509 ], [ 74.291782929836629, 31.44580908546089 ], [ 74.29178296894942, 31.44581047262799 ], [ 74.291935440290288, 31.445804469396389 ] ] ] } },
{ "type": "Feature", "properties": { "OBJECTID": 159759, "SHAPE_Leng": 86.2333434305, "SHAPE_Area": 414.76020048700002, "Town": "Allama Iqbal Town", "UC_N0": "UC_120", "Landuse": "R", "KA": null, "Name": null, "Plot_No": "154", "Block": "B", "Plot_Size": "1K", "Road_Width": null, "Classifica": null, "Category": null, "MAP": null, "__source_file": "revenu.shp" }, "geometry": { "type": "Polygon", "coordinates": [ [ [ 74.291942528383643, 31.446062334738251 ], [ 74.291935440290274, 31.445804469396389 ], [ 74.291782968949391, 31.445810472627969 ], [ 74.291790255506143, 31.446068900257355 ], [ 74.291942528383643, 31.446062334738251 ] ] ] } },
{ "type": "Feature", "properties": { "OBJECTID": 159760, "SHAPE_Leng": 86.839181959200005, "SHAPE_Area": 411.20078610600001, "Town": "Allama Iqbal Town", "UC_N0": "UC_120", "Landuse": "R", "KA": null, "Name": null, "Plot_No": "158", "Block": "B", "Plot_Size": "1K", "Road_Width": null, "Classifica": null, "Category": null, "MAP": null, "__source_file": "revenu.shp" }, "geometry": { "type": "Polygon", "coordinates": [ [ [ 74.292081829147378, 31.445798704842218 ], [ 74.29207532944524, 31.445533776493601 ], [ 74.291928115098202, 31.445537972919816 ], [ 74.291935440290274, 31.445804469396389 ], [ 74.292081829147378, 31.445798704842218 ] ] ] } },
{ "type": "Feature", "properties": { "OBJECTID": 159761, "SHAPE_Leng": 84.899877033699994, "SHAPE_Area": 396.56114345600002, "Town": "Allama Iqbal Town", "UC_N0": "UC_120", "Landuse": "R", "KA": null, "Name": null, "Plot_No": "153", "Block": "B", "Plot_Size": "1K", "Road_Width": null, "Classifica": null, "Category": null, "MAP": null, "__source_file": "revenu.shp" }, "geometry": { "type": "Polygon", "coordinates": [ [ [ 74.292088142740866, 31.446056056140829 ], [ 74.292081829147378, 31.445798704842218 ], [ 74.291935440290274, 31.445804469396389 ], [ 74.291942528383643, 31.446062334738251 ], [ 74.292088142740866, 31.446056056140829 ] ] ] } },
{ "type": "Feature", "properties": { "OBJECTID": 159762, "SHAPE_Leng": 85.272476064100005, "SHAPE_Area": 390.88694507999998, "Town": "Allama Iqbal Town", "UC_N0": "UC_120", "Landuse": "R", "KA": null, "Name": null, "Plot_No": "159", "Block": "B", "Plot_Size": "1K", "Road_Width": null, "Classifica": null, "Category": null, "MAP": null, "__source_file": "revenu.shp" }, "geometry": { "type": "Polygon", "coordinates": [ [ [ 74.292222062877187, 31.445793183096061 ], [ 74.292215841844893, 31.445529770229573 ], [ 74.29207532944524, 31.445533776493601 ], [ 74.292081829147378, 31.445798704842218 ], [ 74.292222062877187, 31.445793183096061 ] ] ] } },
{ "type": "Feature", "properties": { "OBJECTID": 159515, "SHAPE_Leng": 116.61613114399999, "SHAPE_Area": 757.55851851800003, "Town": "Allama Iqbal Town", "UC_N0": "UC_120", "Landuse": "R", "KA": null, "Name": null, "Plot_No": "8", "Block": "B", "Plot_Size": "1K", "Road_Width": null, "Classifica": null, "Category": null, "MAP": null, "__source_file": "revenu.shp" }, "geometry": { "type": "Polygon", "coordinates": [ [ [ 74.290209712722643, 31.449129019001461 ], [ 74.290296933250374, 31.449081120327936 ], [ 74.29007576005317, 31.448787321210308 ], [ 74.289903647776384, 31.448881645143878 ], [ 74.290122595675228, 31.449176860445338 ], [ 74.290209712722643, 31.449129019001461 ] ] ] } },
{ "type": "Feature", "properties": { "OBJECTID": 159516, "SHAPE_Leng": 114.86383946300001, "SHAPE_Area": 724.16991204299995, "Town": "Allama Iqbal Town", "UC_N0": "UC_120", "Landuse": "R", "KA": null, "Name": null, "Plot_No": "10", "Block": "B", "Plot_Size": "1K", "Road_Width": null, "Classifica": null, "Category": null, "MAP": null, "__source_file": "revenu.shp" }, "geometry": { "type": "Polygon", "coordinates": [ [ [ 74.290575435340187, 31.448928175549032 ], [ 74.290632869844558, 31.448896634167237 ], [ 74.29041950486392, 31.448598934330654 ], [ 74.290252154073173, 31.448690649711288 ], [ 74.290468731001994, 31.448986774277223 ], [ 74.290575435340187, 31.448928175549032 ] ] ] } },
{ "type": "Feature", "properties": { "OBJECTID": 159763, "SHAPE_Leng": 83.6627839768, "SHAPE_Area": 379.76882435800002, "Town": "Allama Iqbal Town", "UC_N0": "UC_120", "Landuse": "R", "KA": null, "Name": null, "Plot_No": "152", "Block": "B", "Plot_Size": "1K", "Road_Width": null, "Classifica": null, "Category": null, "MAP": null, "__source_file": "revenu.shp" }, "geometry": { "type": "Polygon", "coordinates": [ [ [ 74.292228129203224, 31.446050019657463 ], [ 74.292222062877187, 31.445793183096061 ], [ 74.292081829147378, 31.445798704842218 ], [ 74.292088142740866, 31.446056056140829 ], [ 74.292228129203224, 31.446050019657463 ] ] ] } },
{ "type": "Feature", "properties": { "OBJECTID": 159764, "SHAPE_Leng": 84.344206248700004, "SHAPE_Area": 380.01441807700002, "Town": "Allama Iqbal Town", "UC_N0": "UC_120", "Landuse": "R", "KA": null, "Name": null, "Plot_No": "160", "Block": "B", "Plot_Size": "1K", "Road_Width": null, "Classifica": null, "Category": null, "MAP": null, "__source_file": "revenu.shp" }, "geometry": { "type": "Polygon", "coordinates": [ [ [ 74.292359544848551, 31.44578776960029 ], [ 74.292352862739421, 31.445525863617647 ], [ 74.292215841844893, 31.445529770229573 ], [ 74.292222062877187, 31.445793183096061 ], [ 74.292359544848551, 31.44578776960029 ] ] ] } },
{ "type": "Feature", "properties": { "OBJECTID": 159765, "SHAPE_Leng": 83.091737562299997, "SHAPE_Area": 372.53068723799998, "Town": "Allama Iqbal Town", "UC_N0": "UC_120", "Landuse": "R", "KA": null, "Name": null, "Plot_No": "151", "Block": "B", "Plot_Size": "1K", "Road_Width": null, "Classifica": null, "Category": null, "MAP": null, "__source_file": "revenu.shp" }, "geometry": { "type": "Polygon", "coordinates": [ [ [ 74.292366083890343, 31.446044070139948 ], [ 74.292359544848551, 31.44578776960029 ], [ 74.292222062877187, 31.445793183096061 ], [ 74.292228129203224, 31.446050019657463 ], [ 74.292366083890343, 31.446044070139948 ] ] ] } },
{ "type": "Feature", "properties": { "OBJECTID": 159766, "SHAPE_Leng": 81.920469064299994, "SHAPE_Area": 350.35485019499998, "Town": "Allama Iqbal Town", "UC_N0": "UC_120", "Landuse": "R", "KA": null, "Name": null, "Plot_No": "162", "Block": "B", "Plot_Size": "1K", "Road_Width": null, "Classifica": null, "Category": null, "MAP": null, "__source_file": "revenu.shp" }, "geometry": { "type": "Polygon", "coordinates": [ [ [ 74.292600410858526, 31.445778283956393 ], [ 74.292587567028491, 31.445519172216891 ], [ 74.292490380450545, 31.445521943362902 ], [ 74.292498056347881, 31.445782314727143 ], [ 74.292600410858526, 31.445778283956393 ] ] ] } },
{ "type": "Feature", "properties": { "OBJECTID": 159767, "SHAPE_Leng": 81.887478484699997, "SHAPE_Area": 357.38658372600003, "Town": "Allama Iqbal Town", "UC_N0": "UC_120", "Landuse": "R", "KA": null, "Name": null, "Plot_No": "149", "Block": "B", "Plot_Size": "1K", "Road_Width": null, "Classifica": null, "Category": null, "MAP": null, "__source_file": "revenu.shp" }, "geometry": { "type": "Polygon", "coordinates": [ [ [ 74.292600410858526, 31.445778283956393 ], [ 74.292498056347881, 31.445782314727143 ], [ 74.292505596592761, 31.446038054193782 ], [ 74.292613057669811, 31.44603341991456 ], [ 74.292600410858526, 31.445778283956393 ] ] ] } },
{ "type": "Feature", "properties": { "OBJECTID": 159799, "SHAPE_Leng": 87.731266895000005, "SHAPE_Area": 444.70509695800001, "Town": "Allama Iqbal Town", "UC_N0": "UC_120", "Landuse": "R", "KA": null, "Name": null, "Plot_No": "168", "Block": "B", "Plot_Size": "1K", "Road_Width": null, "Classifica": null, "Category": null, "MAP": null, "__source_file": "revenu.shp" }, "geometry": { "type": "Polygon", "coordinates": [ [ [ 74.293581756813396, 31.445494469504428 ], [ 74.293580434730075, 31.44566955678879 ], [ 74.293884980267265, 31.445662006992723 ], [ 74.293760693176068, 31.445490662605398 ], [ 74.293581756813396, 31.445494469504428 ] ] ] } },
{ "type": "Feature", "properties": { "OBJECTID": 159800, "SHAPE_Leng": 81.754175976300004, "SHAPE_Area": 416.61825642999997, "Town": "Allama Iqbal Town", "UC_N0": "UC_120", "Landuse": "R", "KA": null, "Name": null, "Plot_No": "166", "Block": "B", "Plot_Size": "1K", "Road_Width": null, "Classifica": null, "Category": null, "MAP": null, "__source_file": "revenu.shp" }, "geometry": { "type": "Polygon", "coordinates": [ [ [ 74.293580434730075, 31.44566955678879 ], [ 74.293581756813396, 31.445494469504428 ], [ 74.29335411166285, 31.445499312087932 ], [ 74.2933571818687, 31.445675091244574 ], [ 74.293580434730075, 31.44566955678879 ] ] ] } },
{ "type": "Feature", "properties": { "OBJECTID": 159801, "SHAPE_Leng": 65.512748245699996, "SHAPE_Area": 258.41558129100002, "Town": "Allama Iqbal Town", "UC_N0": "UC_120", "Landuse": "R", "KA": null, "Name": null, "Plot_No": "166", "Block": "B", "Plot_Size": "1K", "Road_Width": null, "Classifica": null, "Category": null, "MAP": null, "__source_file": "revenu.shp" }, "geometry": { "type": "Polygon", "coordinates": [ [ [ 74.2933571818687, 31.445675091244606 ], [ 74.29335411166285, 31.445499312087932 ], [ 74.293213728024725, 31.445502298670544 ], [ 74.293218906254992, 31.445678518384472 ], [ 74.2933571818687, 31.445675091244606 ] ] ] } },
{ "type": "Feature", "properties": { "OBJECTID": 159802, "SHAPE_Leng": 61.401926632200002, "SHAPE_Area": 217.86057117, "Town": "Allama Iqbal Town", "UC_N0": "UC_120", "Landuse": "R", "KA": null, "Name": null, "Plot_No": "165", "Block": "B", "Plot_Size": "1K", "Road_Width": null, "Classifica": null, "Category": null, "MAP": null, "__source_file": "revenu.shp" }, "geometry": { "type": "Polygon", "coordinates": [ [ [ 74.293099652055432, 31.445681474485482 ], [ 74.293098655016593, 31.445504745873443 ], [ 74.293078641561777, 31.445505171788728 ], [ 74.292978285780762, 31.445508031632691 ], [ 74.292977110608803, 31.445684511931642 ], [ 74.293099652055432, 31.445681474485482 ] ] ] } },
{ "type": "Feature", "properties": { "OBJECTID": 159804, "SHAPE_Leng": 63.7554498075, "SHAPE_Area": 240.97400702, "Town": "Allama Iqbal Town", "UC_N0": "UC_120", "Landuse": "R", "KA": null, "Name": null, "Plot_No": "164", "Block": "B", "Plot_Size": "1K", "Road_Width": null, "Classifica": null, "Category": null, "MAP": null, "__source_file": "revenu.shp" }, "geometry": { "type": "Polygon", "coordinates": [ [ [ 74.292977110608803, 31.445684511931642 ], [ 74.292978285780762, 31.445508031632691 ], [ 74.292848164361075, 31.445511741578017 ], [ 74.292847545605667, 31.445687723223699 ], [ 74.292977110608803, 31.445684511931642 ] ] ] } },
{ "type": "Feature", "properties": { "OBJECTID": 159805, "SHAPE_Leng": 51.219549890800003, "SHAPE_Area": 149.341197927, "Town": "Allama Iqbal Town", "UC_N0": "UC_120", "Landuse": "R", "KA": null, "Name": null, "Plot_No": "118", "Block": "B", "Plot_Size": "1K", "Road_Width": null, "Classifica": null, "Category": null, "MAP": null, "__source_file": "revenu.shp" }, "geometry": { "type": "Polygon", "coordinates": [ [ [ 74.293457682211397, 31.446672399633897 ], [ 74.293445697427259, 31.446384657748585 ], [ 74.293175875459909, 31.446391678542668 ], [ 74.293119713630816, 31.446393140134091 ], [ 74.293154715032543, 31.446680016000034 ], [ 74.293209380672579, 31.446678641944015 ], [ 74.293284864191506, 31.446676745021147 ], [ 74.293367060694621, 31.446674677480456 ], [ 74.293446105961465, 31.446672690525855 ], [ 74.293457682211397, 31.446672399633897 ] ] ] } },
{ "type": "Feature", "properties": { "OBJECTID": 159966, "SHAPE_Leng": 89.584016292900003, "SHAPE_Area": 472.64495193099998, "Town": "Allama Iqbal Town", "UC_N0": "UC_120", "Landuse": "R", "KA": null, "Name": null, "Plot_No": "126", "Block": "B", "Plot_Size": "1K", "Road_Width": null, "Classifica": null, "Category": null, "MAP": null, "__source_file": "revenu.shp" }, "geometry": { "type": "Polygon", "coordinates": [ [ [ 74.291805556449376, 31.446376100627344 ], [ 74.291795455658203, 31.446125101736726 ], [ 74.291616269181432, 31.446132891441085 ], [ 74.291626914112967, 31.446382700604516 ], [ 74.291805556449376, 31.446376100627344 ] ] ] } },
{ "type": "Feature", "properties": { "OBJECTID": 159967, "SHAPE_Leng": 108.622267979, "SHAPE_Area": 735.54865533500003, "Town": "Allama Iqbal Town", "UC_N0": "UC_120", "Landuse": "R", "KA": null, "Name": null, "Plot_No": "132", "Block": "B", "Plot_Size": "1K", "Road_Width": null, "Classifica": null, "Category": null, "MAP": null, "__source_file": "revenu.shp" }, "geometry": { "type": "Polygon", "coordinates": [ [ [ 74.292475681756187, 31.446095525814048 ], [ 74.292474007876621, 31.446351402074516 ], [ 74.292623815847534, 31.446345866537229 ], [ 74.292614538693002, 31.446089487950029 ], [ 74.292475681756187, 31.446095525814048 ] ] ] } },
{ "type": "Feature", "properties": { "OBJECTID": 159968, "SHAPE_Leng": 84.145494476899998, "SHAPE_Area": 390.732245148, "Town": "Allama Iqbal Town", "UC_N0": "UC_120", "Landuse": "R", "KA": null, "Name": null, "Plot_No": "130", "Block": "B", "Plot_Size": "1K", "Road_Width": null, "Classifica": null, "Category": null, "MAP": null, "__source_file": "revenu.shp" }, "geometry": { "type": "Polygon", "coordinates": [ [ [ 74.292274678022522, 31.446358767630642 ], [ 74.292376663974125, 31.446354999455302 ], [ 74.292376627494377, 31.446099832860682 ], [ 74.292226523842103, 31.446106359454117 ], [ 74.292235449818421, 31.44636021730792 ], [ 74.292274678022522, 31.446358767630642 ] ] ] } },
{ "type": "Feature", "properties": { "OBJECTID": 159969, "SHAPE_Leng": 83.152306728200003, "SHAPE_Area": 378.62174262899998, "Town": "Allama Iqbal Town", "UC_N0": "UC_120", "Landuse": "R", "KA": null, "Name": null, "Plot_No": "129", "Block": "B", "Plot_Size": "1K", "Road_Width": null, "Classifica": null, "Category": null, "MAP": null, "__source_file": "revenu.shp" }, "geometry": { "type": "Polygon", "coordinates": [ [ [ 74.292235449818421, 31.44636021730792 ], [ 74.292226523842103, 31.446106359454117 ], [ 74.292085256798416, 31.44611250163646 ], [ 74.292093384030835, 31.446365466387423 ], [ 74.292235449818421, 31.44636021730792 ] ] ] } },
{ "type": "Feature", "properties": { "OBJECTID": 159970, "SHAPE_Leng": 83.603435988399994, "SHAPE_Area": 386.49145640099999, "Town": "Allama Iqbal Town", "UC_N0": "UC_120", "Landuse": "R", "KA": null, "Name": null, "Plot_No": "128", "Block": "B", "Plot_Size": "1K", "Road_Width": null, "Classifica": null, "Category": null, "MAP": null, "__source_file": "revenu.shp" }, "geometry": { "type": "Polygon", "coordinates": [ [ [ 74.292063735231707, 31.4463665620457 ], [ 74.292093384030835, 31.446365466387423 ], [ 74.292085256798416, 31.44611250163646 ], [ 74.291937933375934, 31.446118907019347 ], [ 74.291950415025823, 31.446370749112528 ], [ 74.292063735231707, 31.4463665620457 ] ] ] } },
{ "type": "Feature", "properties": { "OBJECTID": 159971, "SHAPE_Leng": 83.110126479399995, "SHAPE_Area": 381.12702330100001, "Town": "Allama Iqbal Town", "UC_N0": "UC_120", "Landuse": "R", "KA": null, "Name": null, "Plot_No": "127", "Block": "B", "Plot_Size": "1K", "Road_Width": null, "Classifica": null, "Category": null, "MAP": null, "__source_file": "revenu.shp" }, "geometry": { "type": "Polygon", "coordinates": [ [ [ 74.291950415025823, 31.446370749112528 ], [ 74.291937933375934, 31.446118907019347 ], [ 74.291795455658203, 31.446125101736726 ], [ 74.291805556449376, 31.446376100627344 ], [ 74.291950415025823, 31.446370749112528 ] ] ] } },
{ "type": "Feature", "properties": { "OBJECTID": 159972, "SHAPE_Leng": 116.611056245, "SHAPE_Area": 773.17140917400002, "Town": "Allama Iqbal Town", "UC_N0": "UC_120", "Landuse": "R", "KA": null, "Name": null, "Plot_No": "123", "Block": "B", "Plot_Size": "1K", "Road_Width": null, "Classifica": null, "Category": null, "MAP": null, "__source_file": "revenu.shp" }, "geometry": { "type": "Polygon", "coordinates": [ [ [ 74.292294234509598, 31.446701647513439 ], [ 74.292274678022522, 31.446358767630642 ], [ 74.292235449818421, 31.44636021730792 ], [ 74.292093384030835, 31.446365466387423 ], [ 74.292063735231707, 31.4463665620457 ], [ 74.292076156275556, 31.446707128904386 ], [ 74.292294234509598, 31.446701647513439 ] ] ] } },
{ "type": "Feature", "properties": { "OBJECTID": 160128, "SHAPE_Leng": 93.377859379300006, "SHAPE_Area": 518.32342046199994, "Town": "Allama Iqbal Town", "UC_N0": "UC_120", "Landuse": "R", "KA": null, "Name": null, "Plot_No": "380", "Block": "B", "Plot_Size": "1K", "Road_Width": null, "Classifica": null, "Category": null, "MAP": null, "__source_file": "revenu.shp" }, "geometry": { "type": "Polygon", "coordinates": [ [ [ 74.28741860687883, 31.447829783306325 ], [ 74.28741970723209, 31.447991548909183 ], [ 74.287719487054829, 31.447993294719758 ], [ 74.287718738831813, 31.447826927005192 ], [ 74.28741860687883, 31.447829783306325 ] ] ] } },
{ "type": "Feature", "properties": { "OBJECTID": 160129, "SHAPE_Leng": 93.313499616499996, "SHAPE_Area": 514.94031142400001, "Town": "Allama Iqbal Town", "UC_N0": "UC_120", "Landuse": "R", "KA": null, "Name": null, "Plot_No": "390", "Block": "B", "Plot_Size": "1K", "Road_Width": null, "Classifica": null, "Category": null, "MAP": null, "__source_file": "revenu.shp" }, "geometry": { "type": "Polygon", "coordinates": [ [ [ 74.287427122014392, 31.449081822920931 ], [ 74.287426409501265, 31.448976991858661 ], [ 74.287426035843396, 31.448922078413425 ], [ 74.287123389569302, 31.448917814961238 ], [ 74.287125077787621, 31.449081513670993 ], [ 74.287427122014392, 31.449081822920931 ] ] ] } },
{ "type": "Feature", "properties": { "OBJECTID": 160130, "SHAPE_Leng": 84.403874202099999, "SHAPE_Area": 386.25902856099998, "Town": "Allama Iqbal Town", "UC_N0": "UC_120", "Landuse": "V", "KA": null, "Name": null, "Plot_No": "389", "Block": "B", "Plot_Size": "1K", "Road_Width": null, "Classifica": null, "Category": null, "MAP": null, "__source_file": "revenu.shp" }, "geometry": { "type": "Polygon", "coordinates": [ [ [ 74.287425466424679, 31.448838385529537 ], [ 74.287425188680118, 31.448797495938166 ], [ 74.287122176581036, 31.448800179407421 ], [ 74.287123389569302, 31.448917814961238 ], [ 74.287426035843396, 31.448922078413425 ], [ 74.287425466424679, 31.448838385529537 ] ] ] } },
{ "type": "Feature", "properties": { "OBJECTID": 160131, "SHAPE_Leng": 86.308417008899994, "SHAPE_Area": 412.99733990099998, "Town": "Allama Iqbal Town", "UC_N0": "UC_120", "Landuse": "R", "KA": null, "Name": null, "Plot_No": "388", "Block": "B", "Plot_Size": "1K", "Road_Width": null, "Classifica": null, "Category": null, "MAP": null, "__source_file": "revenu.shp" }, "geometry": { "type": "Polygon", "coordinates": [ [ [ 74.287425188680118, 31.448797495938166 ], [ 74.287424337276022, 31.448672361273715 ], [ 74.287120800437094, 31.448666704340514 ], [ 74.287122176581036, 31.448800179407421 ], [ 74.287425188680118, 31.448797495938166 ] ] ] } },
{ "type": "Feature", "properties": { "OBJECTID": 160132, "SHAPE_Leng": 85.713521657000001, "SHAPE_Area": 403.70031824199998, "Town": "Allama Iqbal Town", "UC_N0": "UC_120", "Landuse": "R", "KA": null, "Name": null, "Plot_No": "387", "Block": "B", "Plot_Size": "1K", "Road_Width": null, "Classifica": null, "Category": null, "MAP": null, "__source_file": "revenu.shp" }, "geometry": { "type": "Polygon", "coordinates": [ [ [ 74.287423796496427, 31.448592809770165 ], [ 74.28712019936134, 31.448608405811463 ], [ 74.287120800437094, 31.448666704340514 ], [ 74.287424337276036, 31.448672361273715 ], [ 74.287423796496427, 31.448592809770165 ] ] ] } },
{ "type": "Feature", "properties": { "OBJECTID": 160133, "SHAPE_Leng": 85.287422398900006, "SHAPE_Area": 397.05507437199998, "Town": "Allama Iqbal Town", "UC_N0": "UC_120", "Landuse": "R", "KA": null, "Name": null, "Plot_No": "385", "Block": "B", "Plot_Size": "1K", "Road_Width": null, "Classifica": null, "Category": null, "MAP": null, "__source_file": "revenu.shp" }, "geometry": { "type": "Polygon", "coordinates": [ [ [ 74.287423042385711, 31.448482050422491 ], [ 74.287118661687487, 31.448459285630065 ], [ 74.287119509230394, 31.44854146978712 ], [ 74.287423471885475, 31.448545181179352 ], [ 74.287423066377457, 31.448485576872493 ], [ 74.287423042385711, 31.448482050422491 ] ] ] } },
{ "type": "Feature", "properties": { "OBJECTID": 160134, "SHAPE_Leng": 83.234287782199999, "SHAPE_Area": 366.83873375500002, "Town": "Allama Iqbal Town", "UC_N0": "UC_120", "Landuse": "R", "KA": null, "Name": null, "Plot_No": "383", "Block": "B", "Plot_Size": "1K", "Road_Width": null, "Classifica": null, "Category": null, "MAP": null, "__source_file": "revenu.shp" }, "geometry": { "type": "Polygon", "coordinates": [ [ [ 74.287422090961215, 31.448342065844191 ], [ 74.287421830271796, 31.448303789195528 ], [ 74.287117083999107, 31.448306239268216 ], [ 74.287118240954854, 31.448418488220959 ], [ 74.287422622010965, 31.448420261248735 ], [ 74.287422090961215, 31.448342065844191 ] ] ] } },
{ "type": "Feature", "properties": { "OBJECTID": 160135, "SHAPE_Leng": 83.5616327356, "SHAPE_Area": 370.95935418, "Town": "Allama Iqbal Town", "UC_N0": "UC_120", "Landuse": "R", "KA": null, "Name": null, "Plot_No": "382", "Block": "B", "Plot_Size": "1K", "Road_Width": null, "Classifica": null, "Category": null, "MAP": null, "__source_file": "revenu.shp" }, "geometry": { "type": "Polygon", "coordinates": [ [ [ 74.287421830271796, 31.448303789195528 ], [ 74.287421082932013, 31.44819384935851 ], [ 74.287421058945625, 31.448190320769317 ], [ 74.287115872207195, 31.448188723706327 ], [ 74.287117083999121, 31.448306239268241 ], [ 74.287421830271796, 31.448303789195528 ] ] ] } },
{ "type": "Feature", "properties": { "OBJECTID": 160136, "SHAPE_Leng": 96.912562026299994, "SHAPE_Area": 563.896447696, "Town": "Allama Iqbal Town", "UC_N0": "UC_120", "Landuse": "R", "KA": null, "Name": null, "Plot_No": "381", "Block": "B", "Plot_Size": "1K", "Road_Width": null, "Classifica": null, "Category": null, "MAP": null, "__source_file": "revenu.shp" }, "geometry": { "type": "Polygon", "coordinates": [ [ [ 74.287421058945625, 31.448190320769317 ], [ 74.287420473307279, 31.448104181846929 ], [ 74.287419867432689, 31.448015154780368 ], [ 74.287114063961724, 31.448013357601894 ], [ 74.287115872207181, 31.448188723706327 ], [ 74.287421058945625, 31.448190320769317 ] ] ] } },
{ "type": "Feature", "properties": { "OBJECTID": 160137, "SHAPE_Leng": 81.395270929399999, "SHAPE_Area": 336.45553069499999, "Town": "Allama Iqbal Town", "UC_N0": "UC_120", "Landuse": "R", "KA": null, "Name": null, "Plot_No": "371", "Block": "B", "Plot_Size": "1K", "Road_Width": null, "Classifica": null, "Category": null, "MAP": null, "__source_file": "revenu.shp" }, "geometry": { "type": "Polygon", "coordinates": [ [ [ 74.287732669074401, 31.448978734016368 ], [ 74.287426409501265, 31.448976991858661 ], [ 74.287427122014392, 31.449081822920931 ], [ 74.287734543035228, 31.44908213609461 ], [ 74.287732669074401, 31.448978734016368 ] ] ] } },
{ "type": "Feature", "properties": { "OBJECTID": 160138, "SHAPE_Leng": 89.381877345000007, "SHAPE_Area": 454.67970287999998, "Town": "Allama Iqbal Town", "UC_N0": "UC_120", "Landuse": "R", "KA": null, "Name": null, "Plot_No": "372", "Block": "B", "Plot_Size": "1K", "Road_Width": null, "Classifica": null, "Category": null, "MAP": null, "__source_file": "revenu.shp" }, "geometry": { "type": "Polygon", "coordinates": [ [ [ 74.287730057804339, 31.448834658128344 ], [ 74.287425466424679, 31.448838385529537 ], [ 74.287426035843396, 31.448922078413425 ], [ 74.287426409501265, 31.448976991858661 ], [ 74.287732669074401, 31.448978734016368 ], [ 74.287730057804339, 31.448834658128344 ] ] ] } },
{ "type": "Feature", "properties": { "OBJECTID": 160139, "SHAPE_Leng": 111.47725966, "SHAPE_Area": 775.73219952700003, "Town": "Allama Iqbal Town", "UC_N0": "UC_120", "Landuse": "R", "KA": null, "Name": null, "Plot_No": "373", "Block": "B", "Plot_Size": "1K", "Road_Width": null, "Classifica": null, "Category": null, "MAP": null, "__source_file": "revenu.shp" }, "geometry": { "type": "Polygon", "coordinates": [ [ [ 74.287727435474721, 31.448689982003057 ], [ 74.287424355121843, 31.448674984149953 ], [ 74.287425188680132, 31.448797495938177 ], [ 74.287425466424679, 31.448838385529555 ], [ 74.287730057804339, 31.448834658128344 ], [ 74.287727435474721, 31.448689982003057 ] ] ] } },
{ "type": "Feature", "properties": { "OBJECTID": 160140, "SHAPE_Leng": 81.523594992300005, "SHAPE_Area": 347.34564710299998, "Town": "Allama Iqbal Town", "UC_N0": "UC_120", "Landuse": "R", "KA": null, "Name": null, "Plot_No": "375", "Block": "B", "Plot_Size": "1K", "Road_Width": null, "Classifica": null, "Category": null, "MAP": null, "__source_file": "revenu.shp" }, "geometry": { "type": "Polygon", "coordinates": [ [ [ 74.287725704615312, 31.448594488929867 ], [ 74.287723679851439, 31.448482782805382 ], [ 74.287423066377457, 31.448485576872482 ], [ 74.287423471885475, 31.448545181179352 ], [ 74.287423796496427, 31.44859280977014 ], [ 74.287725704615312, 31.448594488929867 ] ] ] } },
{ "type": "Feature", "properties": { "OBJECTID": 160141, "SHAPE_Leng": 89.135379156499994, "SHAPE_Area": 458.029832521, "Town": "Allama Iqbal Town", "UC_N0": "UC_120", "Landuse": "R", "KA": null, "Name": null, "Plot_No": "376", "Block": "B", "Plot_Size": "1K", "Road_Width": null, "Classifica": null, "Category": null, "MAP": null, "__source_file": "revenu.shp" }, "geometry": { "type": "Polygon", "coordinates": [ [ [ 74.287723679851439, 31.448482782805382 ], [ 74.28772102989771, 31.448336588261032 ], [ 74.287721028616559, 31.448336201198291 ], [ 74.287422090961215, 31.448342065844191 ], [ 74.287422622010965, 31.448420261248735 ], [ 74.287423066377457, 31.448485576872482 ], [ 74.287723679851439, 31.448482782805382 ] ] ] } },
{ "type": "Feature", "properties": { "OBJECTID": 160142, "SHAPE_Leng": 108.576612148, "SHAPE_Area": 735.00736680299997, "Town": "Allama Iqbal Town", "UC_N0": "UC_120", "Landuse": "R", "KA": null, "Name": null, "Plot_No": "377", "Block": "B", "Plot_Size": "1K", "Road_Width": null, "Classifica": null, "Category": null, "MAP": null, "__source_file": "revenu.shp" }, "geometry": { "type": "Polygon", "coordinates": [ [ [ 74.28772039635227, 31.448195514084549 ], [ 74.287421082932013, 31.44819384935851 ], [ 74.287421830271796, 31.448303789195528 ], [ 74.287422090961215, 31.448342065844191 ], [ 74.287721028616559, 31.448336201198309 ], [ 74.28772039635227, 31.448195514084549 ] ] ] } },
{ "type": "Feature", "properties": { "OBJECTID": 160143, "SHAPE_Leng": 82.111032855199994, "SHAPE_Area": 358.18150693199999, "Town": "Allama Iqbal Town", "UC_N0": "UC_120", "Landuse": "R", "KA": null, "Name": null, "Plot_No": "379", "Block": "B", "Plot_Size": "1K", "Road_Width": null, "Classifica": null, "Category": null, "MAP": null, "__source_file": "revenu.shp" }, "geometry": { "type": "Polygon", "coordinates": [ [ [ 74.287719487054829, 31.447993294719758 ], [ 74.28741970723209, 31.447991548909183 ], [ 74.287419867432689, 31.448015154780368 ], [ 74.287420473307279, 31.448104181846929 ], [ 74.287720001509882, 31.448107656732386 ], [ 74.287719487054829, 31.447993294719758 ] ] ] } },
{ "type": "Feature", "properties": { "OBJECTID": 160144, "SHAPE_Leng": 136.50741809100001, "SHAPE_Area": 1144.7872106699999, "Town": "Allama Iqbal Town", "UC_N0": "UC_120", "Landuse": "R", "KA": null, "Name": null, "Plot_No": "310", "Block": "B", "Plot_Size": "1K", "Road_Width": null, "Classifica": null, "Category": null, "MAP": null, "__source_file": "revenu.shp" }, "geometry": { "type": "Polygon", "coordinates": [ [ [ 74.287979290915501, 31.448019760251249 ], [ 74.287965546543475, 31.447672293060695 ], [ 74.287788553268044, 31.447678083137259 ], [ 74.287791502431602, 31.448026241207117 ], [ 74.287974891349194, 31.448019912088053 ], [ 74.287979290915501, 31.448019760251249 ] ] ] } },
{ "type": "Feature", "properties": { "OBJECTID": 160145, "SHAPE_Leng": 223.530447622, "SHAPE_Area": 2799.8919137500002, "Town": "Allama Iqbal Town", "UC_N0": "UC_120", "Landuse": "R", "KA": null, "Name": null, "Plot_No": "315", "Block": "B", "Plot_Size": "1K", "Road_Width": null, "Classifica": null, "Category": null, "MAP": null, "__source_file": "revenu.shp" }, "geometry": { "type": "Polygon", "coordinates": [ [ [ 74.288932520475711, 31.447987631267182 ], [ 74.28893231972819, 31.447982262819849 ], [ 74.288919562088992, 31.447641079542112 ], [ 74.288719719846355, 31.447647618644613 ], [ 74.288722835378621, 31.447994197001684 ], [ 74.288932520475711, 31.447987631267182 ] ] ] } },
{ "type": "Feature", "properties": { "OBJECTID": 160146, "SHAPE_Leng": 115.60784983400001, "SHAPE_Area": 779.92920931799995, "Town": "Allama Iqbal Town", "UC_N0": "UC_120", "Landuse": "R", "KA": null, "Name": null, "Plot_No": "337", "Block": "B", "Plot_Size": "1K", "Road_Width": null, "Classifica": null, "Category": null, "MAP": null, "__source_file": "revenu.shp" }, "geometry": { "type": "Polygon", "coordinates": [ [ [ 74.28917302230866, 31.448303942841953 ], [ 74.289155367290604, 31.447975534128364 ], [ 74.28893231972819, 31.447982262819849 ], [ 74.288932520475711, 31.447987631267182 ], [ 74.288944540802333, 31.448309081440719 ], [ 74.28917302230866, 31.448303942841953 ] ] ] } },
{ "type": "Feature", "properties": { "OBJECTID": 160147, "SHAPE_Leng": 114.199382853, "SHAPE_Area": 719.16738665800005, "Town": "Allama Iqbal Town", "UC_N0": "UC_120", "Landuse": "R", "KA": null, "Name": null, "Plot_No": null, "Block": "B", "Plot_Size": "1K", "Road_Width": null, "Classifica": null, "Category": null, "MAP": null, "__source_file": "revenu.shp" }, "geometry": { "type": "Polygon", "coordinates": [ [ [ 74.291601389652243, 31.448070277178125 ], [ 74.291594950809483, 31.447901912900438 ], [ 74.291190003078839, 31.447914136366517 ], [ 74.291199885481703, 31.448083931699049 ], [ 74.291601389652243, 31.448070277178125 ] ] ] } },
{ "type": "Feature", "properties": { "OBJECTID": 160148, "SHAPE_Leng": 116.720707026, "SHAPE_Area": 761.236426521, "Town": "Allama Iqbal Town", "UC_N0": "UC_120", "Landuse": "R", "KA": null, "Name": null, "Plot_No": "325A", "Block": "B", "Plot_Size": "1K", "Road_Width": null, "Classifica": null, "Category": null, "MAP": null, "__source_file": "revenu.shp" }, "geometry": { "type": "Polygon", "coordinates": [ [ [ 74.291594950809483, 31.447901912900438 ], [ 74.291587992310326, 31.447719953679758 ], [ 74.291179937103337, 31.447741190335545 ], [ 74.291190003078839, 31.447914136366517 ], [ 74.291594950809483, 31.447901912900438 ] ] ] } },
{ "type": "Feature", "properties": { "OBJECTID": 160149, "SHAPE_Leng": 112.567335039, "SHAPE_Area": 694.22509659000002, "Town": "Allama Iqbal Town", "UC_N0": "UC_120", "Landuse": "R", "KA": null, "Name": null, "Plot_No": "327", "Block": "B", "Plot_Size": "1K", "Road_Width": null, "Classifica": null, "Category": null, "MAP": null, "__source_file": "revenu.shp" }, "geometry": { "type": "Polygon", "coordinates": [ [ [ 74.291601389652243, 31.448070277178125 ], [ 74.291199885481703, 31.448083931699049 ], [ 74.291209402702691, 31.44824744008659 ], [ 74.291607723782064, 31.448235916143936 ], [ 74.291601389652243, 31.448070277178125 ] ] ] } },
{ "type": "Feature", "properties": { "OBJECTID": 160150, "SHAPE_Leng": 115.700183823, "SHAPE_Area": 734.99170204100005, "Town": "Allama Iqbal Town", "UC_N0": "UC_120", "Landuse": "R", "KA": null, "Name": null, "Plot_No": "325", "Block": "B", "Plot_Size": "1K", "Road_Width": null, "Classifica": null, "Category": null, "MAP": null, "__source_file": "revenu.shp" }, "geometry": { "type": "Polygon", "coordinates": [ [ [ 74.291587992310326, 31.447719953679758 ], [ 74.291581644170435, 31.447553945611734 ], [ 74.291169823628707, 31.447567428422612 ], [ 74.291179937103337, 31.447741190335545 ], [ 74.291587992310326, 31.447719953679758 ] ] ] } },
{ "type": "Feature", "properties": { "OBJECTID": 160151, "SHAPE_Leng": 110.65697343, "SHAPE_Area": 678.58808517299997, "Town": "Allama Iqbal Town", "UC_N0": "UC_120", "Landuse": "R", "KA": null, "Name": null, "Plot_No": "328A", "Block": "B", "Plot_Size": "1K", "Road_Width": null, "Classifica": null, "Category": null, "MAP": null, "__source_file": "revenu.shp" }, "geometry": { "type": "Polygon", "coordinates": [ [ [ 74.291209402702691, 31.44824744008659 ], [ 74.291199885481703, 31.448083931699049 ], [ 74.291190003078839, 31.447914136366517 ], [ 74.29099845512691, 31.447919917881134 ], [ 74.29101485901667, 31.448253067903835 ], [ 74.291209402702691, 31.44824744008659 ] ] ] } },
{ "type": "Feature", "properties": { "OBJECTID": 160152, "SHAPE_Leng": 113.02646048699999, "SHAPE_Area": 694.52932772700001, "Town": "Allama Iqbal Town", "UC_N0": "UC_120", "Landuse": "R", "KA": null, "Name": null, "Plot_No": "324", "Block": "B", "Plot_Size": "1K", "Road_Width": null, "Classifica": null, "Category": null, "MAP": null, "__source_file": "revenu.shp" }, "geometry": { "type": "Polygon", "coordinates": [ [ [ 74.291190003078839, 31.447914136366517 ], [ 74.291179937103337, 31.447741190335545 ], [ 74.291169823628707, 31.447567428422612 ], [ 74.290981403313097, 31.447573597139293 ], [ 74.29099845512691, 31.447919917881134 ], [ 74.291190003078839, 31.447914136366517 ] ] ] } },
{ "type": "Feature", "properties": { "OBJECTID": 160153, "SHAPE_Leng": 116.071683522, "SHAPE_Area": 779.17049975400005, "Town": "Allama Iqbal Town", "UC_N0": "UC_120", "Landuse": "R", "KA": null, "Name": null, "Plot_No": "329", "Block": "B", "Plot_Size": "1K", "Road_Width": null, "Classifica": null, "Category": null, "MAP": null, "__source_file": "revenu.shp" }, "geometry": { "type": "Polygon", "coordinates": [ [ [ 74.29101485901667, 31.448253067903835 ], [ 74.29099845512691, 31.447919917881134 ], [ 74.290780509940831, 31.447926495785598 ], [ 74.290789139265044, 31.448259597370161 ], [ 74.29101485901667, 31.448253067903835 ] ] ] } },
{ "type": "Feature", "properties": { "OBJECTID": 160154, "SHAPE_Leng": 109.412694867, "SHAPE_Area": 656.72794119100001, "Town": "Allama Iqbal Town", "UC_N0": "UC_120", "Landuse": "R", "KA": null, "Name": null, "Plot_No": "330", "Block": "B", "Plot_Size": "1K", "Road_Width": null, "Classifica": null, "Category": null, "MAP": null, "__source_file": "revenu.shp" }, "geometry": { "type": "Polygon", "coordinates": [ [ [ 74.290789139265044, 31.448259597370161 ], [ 74.290780509940831, 31.447926495785598 ], [ 74.290591898833227, 31.447932188293734 ], [ 74.290603517716079, 31.448264967203464 ], [ 74.290789139265044, 31.448259597370161 ] ] ] } },
{ "type": "Feature", "properties": { "OBJECTID": 160155, "SHAPE_Leng": 116.150663834, "SHAPE_Area": 781.43476094599998, "Town": "Allama Iqbal Town", "UC_N0": "UC_120", "Landuse": "R", "KA": null, "Name": null, "Plot_No": "331", "Block": "B", "Plot_Size": "1K", "Road_Width": null, "Classifica": null, "Category": null, "MAP": null, "__source_file": "revenu.shp" }, "geometry": { "type": "Polygon", "coordinates": [ [ [ 74.290603517716079, 31.448264967203464 ], [ 74.290591898833227, 31.447932188293734 ], [ 74.290372338843738, 31.447938814302528 ], [ 74.2903774379173, 31.448271506580827 ], [ 74.290603517716079, 31.448264967203464 ] ] ] } },
{ "type": "Feature", "properties": { "OBJECTID": 160156, "SHAPE_Leng": 113.130656523, "SHAPE_Area": 726.24245552000002, "Town": "Allama Iqbal Town", "UC_N0": "UC_120", "Landuse": "R", "KA": null, "Name": null, "Plot_No": "332", "Block": "B", "Plot_Size": "1K", "Road_Width": null, "Classifica": null, "Category": null, "MAP": null, "__source_file": "revenu.shp" }, "geometry": { "type": "Polygon", "coordinates": [ [ [ 74.2903774379173, 31.448271506580827 ], [ 74.290372338843738, 31.447938814302528 ], [ 74.290159697879218, 31.447945231066662 ], [ 74.290175579353914, 31.448277345222053 ], [ 74.2903774379173, 31.448271506580827 ] ] ] } },
{ "type": "Feature", "properties": { "OBJECTID": 160157, "SHAPE_Leng": 236.05519726899999, "SHAPE_Area": 3053.58038205, "Town": "Allama Iqbal Town", "UC_N0": "UC_120", "Landuse": "R", "KA": null, "Name": null, "Plot_No": "323", "Block": "B", "Plot_Size": "1K", "Road_Width": null, "Classifica": null, "Category": null, "MAP": null, "__source_file": "revenu.shp" }, "geometry": { "type": "Polygon", "coordinates": [ [ [ 74.290998455126896, 31.447919917881134 ], [ 74.290981403313097, 31.447573597139293 ], [ 74.290764272496816, 31.447580705260616 ], [ 74.29058790057131, 31.447586478803093 ], [ 74.290603814642949, 31.447931828668672 ], [ 74.290773534561595, 31.447926706315823 ], [ 74.290780509940859, 31.447926495785598 ], [ 74.290998455126896, 31.447919917881134 ] ] ] } },
{ "type": "Feature", "properties": { "OBJECTID": 160158, "SHAPE_Leng": 110.697341231, "SHAPE_Area": 682.06527082100001, "Town": "Allama Iqbal Town", "UC_N0": "UC_120", "Landuse": "R", "KA": null, "Name": null, "Plot_No": "333", "Block": "B", "Plot_Size": "1K", "Road_Width": null, "Classifica": null, "Category": null, "MAP": null, "__source_file": "revenu.shp" }, "geometry": { "type": "Polygon", "coordinates": [ [ [ 74.290175579353914, 31.448277345222053 ], [ 74.290159697879218, 31.447945231066662 ], [ 74.289965765589244, 31.447951082631967 ], [ 74.289979931350373, 31.448283004142247 ], [ 74.290175579353914, 31.448277345222053 ] ] ] } },
{ "type": "Feature", "properties": { "OBJECTID": 160159, "SHAPE_Leng": 113.020636139, "SHAPE_Area": 700.34255806199997, "Town": "Allama Iqbal Town", "UC_N0": "UC_120", "Landuse": "R", "KA": null, "Name": null, "Plot_No": "320", "Block": "B", "Plot_Size": "1K", "Road_Width": null, "Classifica": null, "Category": null, "MAP": null, "__source_file": "revenu.shp" }, "geometry": { "type": "Polygon", "coordinates": [ [ [ 74.290159697879218, 31.447945231066662 ], [ 74.290143238271355, 31.447601033760574 ], [ 74.289951094581014, 31.447607322878412 ], [ 74.289965765589244, 31.447951082631967 ], [ 74.290159697879218, 31.447945231066662 ] ] ] } },
{ "type": "Feature", "properties": { "OBJECTID": 160160, "SHAPE_Leng": 113.629843315, "SHAPE_Area": 736.52697705100002, "Town": "Allama Iqbal Town", "UC_N0": "UC_120", "Landuse": "R", "KA": null, "Name": null, "Plot_No": "334", "Block": "B", "Plot_Size": "1K", "Road_Width": null, "Classifica": null, "Category": null, "MAP": null, "__source_file": "revenu.shp" }, "geometry": { "type": "Polygon", "coordinates": [ [ [ 74.289979931350373, 31.448283004142247 ], [ 74.289965765589244, 31.447951082631967 ], [ 74.289757317276212, 31.447957372197862 ], [ 74.289767370556959, 31.448289150925454 ], [ 74.289979931350373, 31.448283004142247 ] ] ] } },
{ "type": "Feature", "properties": { "OBJECTID": 160161, "SHAPE_Leng": 115.43434787699999, "SHAPE_Area": 747.40297058299996, "Town": "Allama Iqbal Town", "UC_N0": "UC_120", "Landuse": "R", "KA": null, "Name": null, "Plot_No": "319", "Block": "B", "Plot_Size": "1K", "Road_Width": null, "Classifica": null, "Category": null, "MAP": null, "__source_file": "revenu.shp" }, "geometry": { "type": "Polygon", "coordinates": [ [ [ 74.289965765589244, 31.447951082631967 ], [ 74.289951094581014, 31.447607322878412 ], [ 74.289746912615684, 31.447614005095033 ], [ 74.289757317276212, 31.447957372197862 ], [ 74.289965765589244, 31.447951082631967 ] ] ] } },
{ "type": "Feature", "properties": { "OBJECTID": 160162, "SHAPE_Leng": 111.781661457, "SHAPE_Area": 703.01001229400003, "Town": "Allama Iqbal Town", "UC_N0": "UC_120", "Landuse": "R", "KA": null, "Name": null, "Plot_No": "335", "Block": "B", "Plot_Size": "1K", "Road_Width": null, "Classifica": null, "Category": null, "MAP": null, "__source_file": "revenu.shp" }, "geometry": { "type": "Polygon", "coordinates": [ [ [ 74.289767370556959, 31.448289150925454 ], [ 74.289757317276212, 31.447957372197862 ], [ 74.289555993257792, 31.447963446509632 ], [ 74.289566531946619, 31.448294959074396 ], [ 74.289767370556959, 31.448289150925454 ] ] ] } },
{ "type": "Feature", "properties": { "OBJECTID": 160163, "SHAPE_Leng": 114.41843681899999, "SHAPE_Area": 729.110768947, "Town": "Allama Iqbal Town", "UC_N0": "UC_120", "Landuse": "R", "KA": null, "Name": null, "Plot_No": "318", "Block": "B", "Plot_Size": "1K", "Road_Width": null, "Classifica": null, "Category": null, "MAP": null, "__source_file": "revenu.shp" }, "geometry": { "type": "Polygon", "coordinates": [ [ [ 74.289757317276212, 31.447957372197862 ], [ 74.289746912615684, 31.447614005095033 ], [ 74.289545094908448, 31.447620609876108 ], [ 74.289555993257792, 31.447963446509632 ], [ 74.289757317276212, 31.447957372197862 ] ] ] } },
{ "type": "Feature", "properties": { "OBJECTID": 160164, "SHAPE_Leng": 112.69951626300001, "SHAPE_Area": 721.546460529, "Town": "Allama Iqbal Town", "UC_N0": "UC_120", "Landuse": "R", "KA": null, "Name": null, "Plot_No": "336", "Block": "B", "Plot_Size": "1K", "Road_Width": null, "Classifica": null, "Category": null, "MAP": null, "__source_file": "revenu.shp" }, "geometry": { "type": "Polygon", "coordinates": [ [ [ 74.289566531946619, 31.448294959074396 ], [ 74.289555993257792, 31.447963446509632 ], [ 74.289345039597492, 31.447969811731358 ], [ 74.289363693709802, 31.4482996550968 ], [ 74.289545586498761, 31.448295564686312 ], [ 74.289566531946619, 31.448294959074396 ] ] ] } },
{ "type": "Feature", "properties": { "OBJECTID": 160165, "SHAPE_Leng": 116.88838895400001, "SHAPE_Area": 777.11741950800001, "Town": "Allama Iqbal Town", "UC_N0": "UC_120", "Landuse": "R", "KA": null, "Name": null, "Plot_No": "317", "Block": "B", "Plot_Size": "1K", "Road_Width": null, "Classifica": null, "Category": null, "MAP": null, "__source_file": "revenu.shp" }, "geometry": { "type": "Polygon", "coordinates": [ [ [ 74.289555993257792, 31.447963446509632 ], [ 74.289545094908448, 31.447620609876108 ], [ 74.289325696640873, 31.447627789864068 ], [ 74.289345039597492, 31.447969811731358 ], [ 74.289555993257792, 31.447963446509632 ] ] ] } },
{ "type": "Feature", "properties": { "OBJECTID": 160166, "SHAPE_Leng": 109.200067909, "SHAPE_Area": 660.1700565, "Town": "Allama Iqbal Town", "UC_N0": "UC_120", "Landuse": "R", "KA": null, "Name": null, "Plot_No": "336A", "Block": "B", "Plot_Size": "1K", "Road_Width": null, "Classifica": null, "Category": null, "MAP": null, "__source_file": "revenu.shp" }, "geometry": { "type": "Polygon", "coordinates": [ [ [ 74.289363693709802, 31.4482996550968 ], [ 74.289345039597492, 31.447969811731358 ], [ 74.289155367290604, 31.447975534128343 ], [ 74.289173022308631, 31.448303942841953 ], [ 74.289363693709802, 31.4482996550968 ] ] ] } },
{ "type": "Feature", "properties": { "OBJECTID": 160167, "SHAPE_Leng": 111.83069563399999, "SHAPE_Area": 682.21058699599996, "Town": "Allama Iqbal Town", "UC_N0": "UC_120", "Landuse": "R", "KA": null, "Name": null, "Plot_No": "316", "Block": "B", "Plot_Size": "1K", "Road_Width": null, "Classifica": null, "Category": null, "MAP": null, "__source_file": "revenu.shp" }, "geometry": { "type": "Polygon", "coordinates": [ [ [ 74.289345039597492, 31.447969811731358 ], [ 74.289325696640873, 31.447627789864068 ], [ 74.289137004554803, 31.447633964281643 ], [ 74.289155367290604, 31.447975534128343 ], [ 74.289345039597492, 31.447969811731358 ] ] ] } },
{ "type": "Feature", "properties": { "OBJECTID": 160168, "SHAPE_Leng": 107.20207263899999, "SHAPE_Area": 657.53782574000002, "Town": "Allama Iqbal Town", "UC_N0": "UC_120", "Landuse": "Pb", "KA": null, "Name": "District office Family planning", "Plot_No": "341", "Block": "B", "Plot_Size": "1K", "Road_Width": null, "Classifica": null, "Category": null, "MAP": null, "__source_file": "revenu.shp" }, "geometry": { "type": "Polygon", "coordinates": [ [ [ 74.288366033050011, 31.448322089027538 ], [ 74.288348529453458, 31.448007016898195 ], [ 74.288170775583311, 31.448013152310551 ], [ 74.288110663201053, 31.448015226290732 ], [ 74.287979290915501, 31.448019760251249 ], [ 74.287974891349194, 31.448019912088053 ], [ 74.287983573314193, 31.44833068663085 ], [ 74.288187604262745, 31.448326100472979 ], [ 74.288366033050011, 31.448322089027538 ] ] ] } },
{ "type": "Feature", "properties": { "OBJECTID": 160169, "SHAPE_Leng": 104.847764879, "SHAPE_Area": 608.34784452899999, "Town": "Allama Iqbal Town", "UC_N0": "UC_120", "Landuse": "R", "KA": null, "Name": null, "Plot_No": "340", "Block": "B", "Plot_Size": "1K", "Road_Width": null, "Classifica": null, "Category": null, "MAP": null, "__source_file": "revenu.shp" }, "geometry": { "type": "Polygon", "coordinates": [ [ [ 74.288545549154165, 31.448318052696862 ], [ 74.288533816296606, 31.448000621735275 ], [ 74.288348529453444, 31.448007016898188 ], [ 74.288366033049996, 31.448322089027538 ], [ 74.288545549154165, 31.448318052696862 ] ] ] } },
{ "type": "Feature", "properties": { "OBJECTID": 160170, "SHAPE_Leng": 112.74126395499999, "SHAPE_Area": 689.14828764799995, "Town": "Allama Iqbal Town", "UC_N0": "UC_120", "Landuse": "R", "KA": null, "Name": null, "Plot_No": "313", "Block": "B", "Plot_Size": "1K", "Road_Width": null, "Classifica": null, "Category": null, "MAP": null, "__source_file": "revenu.shp" }, "geometry": { "type": "Polygon", "coordinates": [ [ [ 74.288533816296621, 31.448000621735282 ], [ 74.288533797600536, 31.448000115924788 ], [ 74.288521008731934, 31.447654120424861 ], [ 74.28832927225335, 31.447660394031331 ], [ 74.288348529453458, 31.448007016898195 ], [ 74.288533816296621, 31.448000621735282 ] ] ] } },
{ "type": "Feature", "properties": { "OBJECTID": 160172, "SHAPE_Leng": 104.12214091, "SHAPE_Area": 608.46825103399999, "Town": "Allama Iqbal Town", "UC_N0": "UC_120", "Landuse": "R", "KA": null, "Name": null, "Plot_No": "342", "Block": "B", "Plot_Size": "1K", "Road_Width": null, "Classifica": null, "Category": null, "MAP": null, "__source_file": "revenu.shp" }, "geometry": { "type": "Polygon", "coordinates": [ [ [ 74.287983573314179, 31.448330686630833 ], [ 74.287974891349194, 31.448019912088053 ], [ 74.287791502431588, 31.448026241207117 ], [ 74.287794116513268, 31.448334945690938 ], [ 74.287983573314179, 31.448330686630833 ] ] ] } },
{ "type": "Feature", "properties": { "OBJECTID": 160242, "SHAPE_Leng": 121.954184189, "SHAPE_Area": 865.57946464300005, "Town": "Allama Iqbal Town", "UC_N0": "UC_120", "Landuse": "R", "KA": null, "Name": null, "Plot_No": "312", "Block": "B", "Plot_Size": "1K", "Road_Width": null, "Classifica": null, "Category": null, "MAP": null, "__source_file": "revenu.shp" }, "geometry": { "type": "Polygon", "coordinates": [ [ [ 74.288170775583296, 31.448013152310551 ], [ 74.288348529453444, 31.448007016898188 ], [ 74.288329272253335, 31.447660394031331 ], [ 74.28809411335466, 31.447668087031246 ], [ 74.288110663201039, 31.4480152262907 ], [ 74.288170775583296, 31.448013152310551 ] ] ] } },
{ "type": "Feature", "properties": { "OBJECTID": 160243, "SHAPE_Leng": 160.28919308900001, "SHAPE_Area": 1603.7475471099999, "Town": "Allama Iqbal Town", "UC_N0": "UC_120", "Landuse": "V", "KA": null, "Name": null, "Plot_No": "308", "Block": "B", "Plot_Size": "1K", "Road_Width": null, "Classifica": null, "Category": null, "MAP": null, "__source_file": "revenu.shp" }, "geometry": { "type": "Polygon", "coordinates": [ [ [ 74.288303561315573, 31.447572810688666 ], [ 74.288306200231759, 31.447223724400981 ], [ 74.288072230837329, 31.447229268016812 ], [ 74.288084874901401, 31.447580885905513 ], [ 74.288303561315573, 31.447572810688666 ] ] ] } },
{ "type": "Feature", "properties": { "OBJECTID": 160244, "SHAPE_Leng": 190.49901869199999, "SHAPE_Area": 1556.2245605000001, "Town": "Allama Iqbal Town", "UC_N0": "UC_120", "Landuse": "R", "KA": null, "Name": null, "Plot_No": "304", "Block": "B", "Plot_Size": "1K", "Road_Width": null, "Classifica": null, "Category": null, "MAP": null, "__source_file": "revenu.shp" }, "geometry": { "type": "Polygon", "coordinates": [ [ [ 74.289122873048257, 31.447201841133065 ], [ 74.288902196533812, 31.447200616276756 ], [ 74.288902651871055, 31.447209591768022 ], [ 74.288919923396108, 31.447550049473094 ], [ 74.289140011673609, 31.447541921255411 ], [ 74.289123000501007, 31.447204370190672 ], [ 74.289122873048257, 31.447201841133065 ] ] ] } },
{ "type": "Feature", "properties": { "OBJECTID": 160245, "SHAPE_Leng": 203.511970142, "SHAPE_Area": 2016.1474902699999, "Town": "Allama Iqbal Town", "UC_N0": "UC_120", "Landuse": "R", "KA": null, "Name": null, "Plot_No": "309", "Block": "B", "Plot_Size": "1K", "Road_Width": null, "Classifica": null, "Category": null, "MAP": null, "__source_file": "revenu.shp" }, "geometry": { "type": "Polygon", "coordinates": [ [ [ 74.288072272705222, 31.447230432321039 ], [ 74.287789201171336, 31.447239722270485 ], [ 74.287787787602042, 31.447587734313593 ], [ 74.287787822737215, 31.447591854080482 ], [ 74.288084874901401, 31.447580885905513 ], [ 74.288072272705222, 31.447230432321039 ] ] ] } },
{ "type": "Feature", "properties": { "OBJECTID": 160246, "SHAPE_Leng": 115.844784179, "SHAPE_Area": 791.627352793, "Town": "Allama Iqbal Town", "UC_N0": "UC_120", "Landuse": "R", "KA": null, "Name": null, "Plot_No": "287", "Block": "B", "Plot_Size": "1K", "Road_Width": null, "Classifica": null, "Category": null, "MAP": null, "__source_file": "revenu.shp" }, "geometry": { "type": "Polygon", "coordinates": [ [ [ 74.288306342118901, 31.447223721038988 ], [ 74.288291389460994, 31.446899652476098 ], [ 74.288060653744637, 31.446907323092816 ], [ 74.288072230837315, 31.447229268016812 ], [ 74.288306342118901, 31.447223721038988 ] ] ] } },
{ "type": "Feature", "properties": { "OBJECTID": 160247, "SHAPE_Leng": 112.91519775, "SHAPE_Area": 734.58110664499998, "Town": "Allama Iqbal Town", "UC_N0": "UC_120", "Landuse": "R", "KA": null, "Name": null, "Plot_No": "300", "Block": "B", "Plot_Size": "1K", "Road_Width": null, "Classifica": null, "Category": null, "MAP": null, "__source_file": "revenu.shp" }, "geometry": { "type": "Polygon", "coordinates": [ [ [ 74.290154247365322, 31.447504458945026 ], [ 74.290143272128034, 31.447180187036416 ], [ 74.289931154807135, 31.447185215104135 ], [ 74.289938502653698, 31.447512428028176 ], [ 74.290154247365322, 31.447504458945026 ] ] ] } },
{ "type": "Feature", "properties": { "OBJECTID": 160248, "SHAPE_Leng": 111.656989899, "SHAPE_Area": 679.26753266499998, "Town": "Allama Iqbal Town", "UC_N0": "UC_120", "Landuse": "R", "KA": null, "Name": null, "Plot_No": "305", "Block": "B", "Plot_Size": "1K", "Road_Width": null, "Classifica": null, "Category": null, "MAP": null, "__source_file": "revenu.shp" }, "geometry": { "type": "Polygon", "coordinates": [ [ [ 74.288919923396122, 31.447550049473062 ], [ 74.288902651871041, 31.447209591768022 ], [ 74.288714808172116, 31.447214043417205 ], [ 74.288730860162218, 31.44755703143376 ], [ 74.288919923396122, 31.447550049473062 ] ] ] } },
{ "type": "Feature", "properties": { "OBJECTID": 160249, "SHAPE_Leng": 108.547190992, "SHAPE_Area": 649.08418206900001, "Town": "Allama Iqbal Town", "UC_N0": "UC_120", "Landuse": "R", "KA": null, "Name": null, "Plot_No": "290", "Block": "B", "Plot_Size": "1K", "Road_Width": null, "Classifica": null, "Category": null, "MAP": null, "__source_file": "revenu.shp" }, "geometry": { "type": "Polygon", "coordinates": [ [ [ 74.288902651871041, 31.447209591768022 ], [ 74.288885925428573, 31.446879883505982 ], [ 74.288699460440554, 31.446886084092572 ], [ 74.288714808172116, 31.447214043417205 ], [ 74.288902651871041, 31.447209591768022 ] ] ] } },
{ "type": "Feature", "properties": { "OBJECTID": 160250, "SHAPE_Leng": 115.978530814, "SHAPE_Area": 755.90958012600004, "Town": "Allama Iqbal Town", "UC_N0": "UC_120", "Landuse": "R", "KA": null, "Name": null, "Plot_No": "306", "Block": "B", "Plot_Size": "1K", "Road_Width": null, "Classifica": null, "Category": null, "MAP": null, "__source_file": "revenu.shp" }, "geometry": { "type": "Polygon", "coordinates": [ [ [ 74.288730860162218, 31.44755703143376 ], [ 74.288714808172116, 31.447214043417205 ], [ 74.288509227315714, 31.447218914151581 ], [ 74.288520199780351, 31.4475648107246 ], [ 74.288730860162218, 31.44755703143376 ] ] ] } },
{ "type": "Feature", "properties": { "OBJECTID": 160251, "SHAPE_Leng": 111.161029845, "SHAPE_Area": 700.327438734, "Town": "Allama Iqbal Town", "UC_N0": "UC_120", "Landuse": "R", "KA": null, "Name": null, "Plot_No": "289", "Block": "B", "Plot_Size": "1K", "Road_Width": null, "Classifica": null, "Category": null, "MAP": null, "__source_file": "revenu.shp" }, "geometry": { "type": "Polygon", "coordinates": [ [ [ 74.288714808172116, 31.447214043417205 ], [ 74.288699460440554, 31.446886084092572 ], [ 74.288498881369875, 31.446892753664681 ], [ 74.288509227315714, 31.447218914151581 ], [ 74.288714808172116, 31.447214043417205 ] ] ] } },
{ "type": "Feature", "properties": { "OBJECTID": 160252, "SHAPE_Leng": 111.12975473100001, "SHAPE_Area": 703.38573392299998, "Town": "Allama Iqbal Town", "UC_N0": "UC_120", "Landuse": "R", "KA": null, "Name": null, "Plot_No": "288", "Block": "B", "Plot_Size": "1K", "Road_Width": null, "Classifica": null, "Category": null, "MAP": null, "__source_file": "revenu.shp" }, "geometry": { "type": "Polygon", "coordinates": [ [ [ 74.288509227315714, 31.447218914151581 ], [ 74.288498881369875, 31.446892753664681 ], [ 74.288291389460994, 31.446899652476098 ], [ 74.288306342118901, 31.447223721038988 ], [ 74.288509227315714, 31.447218914151581 ] ] ] } },
{ "type": "Feature", "properties": { "OBJECTID": 160253, "SHAPE_Leng": 111.23049904, "SHAPE_Area": 682.97121822899999, "Town": "Allama Iqbal Town", "UC_N0": "UC_120", "Landuse": "R", "KA": null, "Name": null, "Plot_No": "303A", "Block": "B", "Plot_Size": "1K", "Road_Width": null, "Classifica": null, "Category": null, "MAP": null, "__source_file": "revenu.shp" }, "geometry": { "type": "Polygon", "coordinates": [ [ [ 74.289332565603814, 31.447534809188973 ], [ 74.289315525023753, 31.447199807675734 ], [ 74.289123000500993, 31.447204370190658 ], [ 74.289140011673609, 31.447541921255411 ], [ 74.289332565603814, 31.447534809188973 ] ] ] } },
{ "type": "Feature", "properties": { "OBJECTID": 160254, "SHAPE_Leng": 110.41407554600001, "SHAPE_Area": 675.219844491, "Town": "Allama Iqbal Town", "UC_N0": "UC_120", "Landuse": "R", "KA": null, "Name": null, "Plot_No": "291A", "Block": "B", "Plot_Size": "1K", "Road_Width": null, "Classifica": null, "Category": null, "MAP": null, "__source_file": "revenu.shp" }, "geometry": { "type": "Polygon", "coordinates": [ [ [ 74.289315525023753, 31.447199807675734 ], [ 74.289298554290227, 31.44686616167791 ], [ 74.289106278663141, 31.446872556175602 ], [ 74.289123000500993, 31.447204370190658 ], [ 74.289315525023753, 31.447199807675734 ] ] ] } },
{ "type": "Feature", "properties": { "OBJECTID": 160255, "SHAPE_Leng": 112.679219487, "SHAPE_Area": 715.2061933, "Town": "Allama Iqbal Town", "UC_N0": "UC_120", "Landuse": "R", "KA": null, "Name": null, "Plot_No": "303", "Block": "B", "Plot_Size": "1K", "Road_Width": null, "Classifica": null, "Category": null, "MAP": null, "__source_file": "revenu.shp" }, "geometry": { "type": "Polygon", "coordinates": [ [ [ 74.289532442058913, 31.447527427080487 ], [ 74.289522063683705, 31.447194912087458 ], [ 74.289315525023753, 31.447199807675734 ], [ 74.289332565603814, 31.447534809188973 ], [ 74.289532442058913, 31.447527427080487 ] ] ] } },
{ "type": "Feature", "properties": { "OBJECTID": 160256, "SHAPE_Leng": 114.144350043, "SHAPE_Area": 740.47330624000006, "Town": "Allama Iqbal Town", "UC_N0": "UC_120", "Landuse": "R", "KA": null, "Name": null, "Plot_No": "292", "Block": "B", "Plot_Size": "1K", "Road_Width": null, "Classifica": null, "Category": null, "MAP": null, "__source_file": "revenu.shp" }, "geometry": { "type": "Polygon", "coordinates": [ [ [ 74.289522063683705, 31.447194912087458 ], [ 74.28951158201923, 31.446859077207851 ], [ 74.289298554290227, 31.44686616167791 ], [ 74.289315525023753, 31.447199807675734 ], [ 74.289522063683705, 31.447194912087458 ] ] ] } },
{ "type": "Feature", "properties": { "OBJECTID": 160257, "SHAPE_Leng": 112.95168238399999, "SHAPE_Area": 725.44508947300005, "Town": "Allama Iqbal Town", "UC_N0": "UC_120", "Landuse": "R", "KA": null, "Name": null, "Plot_No": "302", "Block": "B", "Plot_Size": "1K", "Road_Width": null, "Classifica": null, "Category": null, "MAP": null, "__source_file": "revenu.shp" }, "geometry": { "type": "Polygon", "coordinates": [ [ [ 74.289740212657406, 31.447519752802766 ], [ 74.289729906482393, 31.447189985503616 ], [ 74.289522063683705, 31.447194912087458 ], [ 74.289532442058913, 31.447527427080487 ], [ 74.289740212657406, 31.447519752802766 ] ] ] } },
{ "type": "Feature", "properties": { "OBJECTID": 160258, "SHAPE_Leng": 114.20876645200001, "SHAPE_Area": 737.85353413999997, "Town": "Allama Iqbal Town", "UC_N0": "UC_120", "Landuse": "R", "KA": null, "Name": null, "Plot_No": "293", "Block": "B", "Plot_Size": "1K", "Road_Width": null, "Classifica": null, "Category": null, "MAP": null, "__source_file": "revenu.shp" }, "geometry": { "type": "Polygon", "coordinates": [ [ [ 74.289729906482393, 31.447189985503616 ], [ 74.289719348534604, 31.446852167113828 ], [ 74.28951158201923, 31.446859077207851 ], [ 74.289522063683705, 31.447194912087458 ], [ 74.289729906482393, 31.447189985503616 ] ] ] } },
{ "type": "Feature", "properties": { "OBJECTID": 160259, "SHAPE_Leng": 110.828962983, "SHAPE_Area": 691.71103025699995, "Town": "Allama Iqbal Town", "UC_N0": "UC_120", "Landuse": "R", "KA": null, "Name": null, "Plot_No": "301", "Block": "B", "Plot_Size": "1K", "Road_Width": null, "Classifica": null, "Category": null, "MAP": null, "__source_file": "revenu.shp" }, "geometry": { "type": "Polygon", "coordinates": [ [ [ 74.289938502653698, 31.447512428028176 ], [ 74.289931154807135, 31.447185215104135 ], [ 74.289729906482393, 31.447189985503616 ], [ 74.289740212657406, 31.447519752802766 ], [ 74.289938502653698, 31.447512428028176 ] ] ] } },
{ "type": "Feature", "properties": { "OBJECTID": 160260, "SHAPE_Leng": 113.677662341, "SHAPE_Area": 723.95554846799996, "Town": "Allama Iqbal Town", "UC_N0": "UC_120", "Landuse": "R", "KA": null, "Name": null, "Plot_No": "294", "Block": "B", "Plot_Size": "1K", "Road_Width": null, "Classifica": null, "Category": null, "MAP": null, "__source_file": "revenu.shp" }, "geometry": { "type": "Polygon", "coordinates": [ [ [ 74.289931154807135, 31.447185215104135 ], [ 74.289923522297627, 31.446845376612096 ], [ 74.289719348534604, 31.446852167113828 ], [ 74.289729906482393, 31.447189985503616 ], [ 74.289931154807135, 31.447185215104135 ] ] ] } },
{ "type": "Feature", "properties": { "OBJECTID": 160261, "SHAPE_Leng": 111.40342201599999, "SHAPE_Area": 716.77856731400004, "Town": "Allama Iqbal Town", "UC_N0": "UC_120", "Landuse": "R", "KA": null, "Name": null, "Plot_No": "298", "Block": "B", "Plot_Size": "1K", "Road_Width": null, "Classifica": null, "Category": null, "MAP": null, "__source_file": "revenu.shp" }, "geometry": { "type": "Polygon", "coordinates": [ [ [ 74.290550943224332, 31.447170521705342 ], [ 74.290339540638612, 31.447175533657131 ], [ 74.29034685380465, 31.447497343838677 ], [ 74.290559966728935, 31.447489470465126 ], [ 74.290550943224332, 31.447170521705342 ] ] ] } },
{ "type": "Feature", "properties": { "OBJECTID": 160262, "SHAPE_Leng": 116.445564545, "SHAPE_Area": 764.49985087599998, "Town": "Allama Iqbal Town", "UC_N0": "UC_120", "Landuse": "R", "KA": null, "Name": null, "Plot_No": "297", "Block": "B", "Plot_Size": "1K", "Road_Width": null, "Classifica": null, "Category": null, "MAP": null, "__source_file": "revenu.shp" }, "geometry": { "type": "Polygon", "coordinates": [ [ [ 74.290550943224332, 31.447170521705342 ], [ 74.290541162541246, 31.446824831209007 ], [ 74.29033172975835, 31.446831798366475 ], [ 74.290339540638612, 31.447175533657131 ], [ 74.290550943224332, 31.447170521705342 ] ] ] } },
{ "type": "Feature", "properties": { "OBJECTID": 160263, "SHAPE_Leng": 108.609139216, "SHAPE_Area": 662.11033437100002, "Town": "Allama Iqbal Town", "UC_N0": "UC_120", "Landuse": "R", "KA": null, "Name": null, "Plot_No": "299", "Block": "B", "Plot_Size": "1K", "Road_Width": null, "Classifica": null, "Category": null, "MAP": null, "__source_file": "revenu.shp" }, "geometry": { "type": "Polygon", "coordinates": [ [ [ 74.29034685380465, 31.447497343838677 ], [ 74.290339540638612, 31.447175533657131 ], [ 74.290143272128034, 31.447180187036416 ], [ 74.290154247365322, 31.447504458945026 ], [ 74.29034685380465, 31.447497343838677 ] ] ] } },
{ "type": "Feature", "properties": { "OBJECTID": 160264, "SHAPE_Leng": 167.45360988900001, "SHAPE_Area": 1629.4190834200001, "Town": "Allama Iqbal Town", "UC_N0": "UC_120", "Landuse": "R", "KA": null, "Name": null, "Plot_No": "260", "Block": "B", "Plot_Size": "1K", "Road_Width": null, "Classifica": null, "Category": null, "MAP": null, "__source_file": "revenu.shp" }, "geometry": { "type": "Polygon", "coordinates": [ [ [ 74.289115101467075, 31.44619502547501 ], [ 74.289117445421937, 31.446473165808214 ], [ 74.289319063117219, 31.446466903368187 ], [ 74.289372277099304, 31.446465250677853 ], [ 74.289364178930853, 31.446184585783577 ], [ 74.289115101467075, 31.44619502547501 ] ] ] } },
{ "type": "Feature", "properties": { "OBJECTID": 160265, "SHAPE_Leng": 109.682998458, "SHAPE_Area": 678.90334102400004, "Town": "Allama Iqbal Town", "UC_N0": "UC_120", "Landuse": "R", "KA": null, "Name": null, "Plot_No": "268", "Block": "B", "Plot_Size": "1K", "Road_Width": null, "Classifica": null, "Category": null, "MAP": null, "__source_file": "revenu.shp" }, "geometry": { "type": "Polygon", "coordinates": [ [ [ 74.290529971703648, 31.446429282978851 ], [ 74.290334361230165, 31.446435361319871 ], [ 74.290337510434952, 31.44675977305036 ], [ 74.290539145528683, 31.446753549437478 ], [ 74.290529971703648, 31.446429282978851 ] ] ] } },
{ "type": "Feature", "properties": { "OBJECTID": 160266, "SHAPE_Leng": 186.759403969, "SHAPE_Area": 2064.0424143700002, "Town": "Allama Iqbal Town", "UC_N0": "UC_120", "Landuse": "R", "KA": null, "Name": null, "Plot_No": "272", "Block": "B", "Plot_Size": "1K", "Road_Width": null, "Classifica": null, "Category": null, "MAP": null, "__source_file": "revenu.shp" }, "geometry": { "type": "Polygon", "coordinates": [ [ [ 74.289930334749243, 31.446772339912375 ], [ 74.289936944703655, 31.446447708259473 ], [ 74.289803416328496, 31.446451856350286 ], [ 74.289727461173285, 31.446454216785185 ], [ 74.289736374532978, 31.446778325744592 ], [ 74.289930334749243, 31.446772339912375 ] ] ] } },
{ "type": "Feature", "properties": { "OBJECTID": 160267, "SHAPE_Leng": 112.11412835599999, "SHAPE_Area": 722.96532853300005, "Town": "Allama Iqbal Town", "UC_N0": "UC_120", "Landuse": "R", "KA": null, "Name": null, "Plot_No": "273", "Block": "B", "Plot_Size": "1K", "Road_Width": null, "Classifica": null, "Category": null, "MAP": null, "__source_file": "revenu.shp" }, "geometry": { "type": "Polygon", "coordinates": [ [ [ 74.289736374532978, 31.446778325744571 ], [ 74.289727461173271, 31.446454216785185 ], [ 74.289675185100123, 31.446455840539453 ], [ 74.289536173806752, 31.446460159084729 ], [ 74.289517824228469, 31.446460729471006 ], [ 74.289522766638683, 31.446784917462875 ], [ 74.289736374532978, 31.446778325744571 ] ] ] } },
{ "type": "Feature", "properties": { "OBJECTID": 160268, "SHAPE_Leng": 108.682796009, "SHAPE_Area": 661.44893102399999, "Town": "Allama Iqbal Town", "UC_N0": "UC_120", "Landuse": "R", "KA": null, "Name": null, "Plot_No": "273A", "Block": "B", "Plot_Size": "1K", "Road_Width": null, "Classifica": null, "Category": null, "MAP": null, "__source_file": "revenu.shp" }, "geometry": { "type": "Polygon", "coordinates": [ [ [ 74.289522766638683, 31.446784917462875 ], [ 74.289517824228469, 31.446460729471006 ], [ 74.289372277099304, 31.446465250677853 ], [ 74.289319063117205, 31.446466903368187 ], [ 74.289334246277477, 31.446790734955769 ], [ 74.289522766638683, 31.446784917462875 ] ] ] } },
{ "type": "Feature", "properties": { "OBJECTID": 160269, "SHAPE_Leng": 111.89270607, "SHAPE_Area": 719.34898746199997, "Town": "Allama Iqbal Town", "UC_N0": "UC_120", "Landuse": "R", "KA": null, "Name": null, "Plot_No": "274", "Block": "B", "Plot_Size": "1K", "Road_Width": null, "Classifica": null, "Category": null, "MAP": null, "__source_file": "revenu.shp" }, "geometry": { "type": "Polygon", "coordinates": [ [ [ 74.289334246277477, 31.446790734955769 ], [ 74.289319063117205, 31.446466903368187 ], [ 74.289109166131681, 31.4464734229641 ], [ 74.289122907827547, 31.446797256494552 ], [ 74.289334246277477, 31.446790734955769 ] ] ] } },
{ "type": "Feature", "properties": { "OBJECTID": 160270, "SHAPE_Leng": 110.371595993, "SHAPE_Area": 692.08262760399998, "Town": "Allama Iqbal Town", "UC_N0": "UC_120", "Landuse": "R", "KA": null, "Name": null, "Plot_No": "275", "Block": "B", "Plot_Size": "1K", "Road_Width": null, "Classifica": null, "Category": null, "MAP": null, "__source_file": "revenu.shp" }, "geometry": { "type": "Polygon", "coordinates": [ [ [ 74.289122907827547, 31.446797256494552 ], [ 74.289109166131681, 31.4464734229641 ], [ 74.288904707046157, 31.446479773912792 ], [ 74.288922045228091, 31.44680345419513 ], [ 74.289122907827547, 31.446797256494552 ] ] ] } },
{ "type": "Feature", "properties": { "OBJECTID": 160271, "SHAPE_Leng": 113.778076302, "SHAPE_Area": 753.28100310299999, "Town": "Allama Iqbal Town", "UC_N0": "UC_120", "Landuse": "R", "KA": null, "Name": null, "Plot_No": "276", "Block": "B", "Plot_Size": "1K", "Road_Width": null, "Classifica": null, "Category": null, "MAP": null, "__source_file": "revenu.shp" }, "geometry": { "type": "Polygon", "coordinates": [ [ [ 74.288922045228091, 31.44680345419513 ], [ 74.288904707046157, 31.446479773912792 ], [ 74.288814405464066, 31.446482578359046 ], [ 74.28868820260314, 31.446486498837874 ], [ 74.288697327681362, 31.446810387964351 ], [ 74.288922045228091, 31.44680345419513 ] ] ] } },
{ "type": "Feature", "properties": { "OBJECTID": 160272, "SHAPE_Leng": 111.029683603, "SHAPE_Area": 703.90048868199995, "Town": "Allama Iqbal Town", "UC_N0": "UC_120", "Landuse": "R", "KA": null, "Name": null, "Plot_No": "277", "Block": "B", "Plot_Size": "1K", "Road_Width": null, "Classifica": null, "Category": null, "MAP": null, "__source_file": "revenu.shp" }, "geometry": { "type": "Polygon", "coordinates": [ [ [ 74.288697327681362, 31.446810387964351 ], [ 74.28868820260314, 31.446486498837874 ], [ 74.288665160367074, 31.446487213564925 ], [ 74.288531114293178, 31.446491377242907 ], [ 74.288483743481265, 31.44649284821157 ], [ 74.288489433402631, 31.446816802172322 ], [ 74.288697327681362, 31.446810387964351 ] ] ] } },
{ "type": "Feature", "properties": { "OBJECTID": 160273, "SHAPE_Leng": 105.19760689100001, "SHAPE_Area": 599.32667790899995, "Town": "Allama Iqbal Town", "UC_N0": "UC_120", "Landuse": "R", "KA": null, "Name": null, "Plot_No": "278", "Block": "B", "Plot_Size": "1K", "Road_Width": null, "Classifica": null, "Category": null, "MAP": null, "__source_file": "revenu.shp" }, "geometry": { "type": "Polygon", "coordinates": [ [ [ 74.288489433402631, 31.446816802172322 ], [ 74.288483743481279, 31.44649284821158 ], [ 74.288400847185201, 31.446495422830239 ], [ 74.288304155016775, 31.446498425092535 ], [ 74.288270934811877, 31.446499456722513 ], [ 74.288118409647552, 31.446504193964572 ], [ 74.288081432576945, 31.446505341805636 ], [ 74.288089228074099, 31.446829147778381 ], [ 74.288317886766109, 31.446822094421446 ], [ 74.288489433402631, 31.446816802172322 ] ] ] } },
{ "type": "Feature", "properties": { "OBJECTID": 160275, "SHAPE_Leng": 89.4566863063, "SHAPE_Area": 451.351240168, "Town": "Allama Iqbal Town", "UC_N0": "UC_120", "Landuse": "R", "KA": null, "Name": null, "Plot_No": "251", "Block": "B", "Plot_Size": "1K", "Road_Width": null, "Classifica": null, "Category": null, "MAP": null, "__source_file": "revenu.shp" }, "geometry": { "type": "Polygon", "coordinates": [ [ [ 74.287961032867784, 31.446509080893367 ], [ 74.28794807422797, 31.446243933417325 ], [ 74.28779321885915, 31.44625042208083 ], [ 74.287792146528332, 31.446514324977301 ], [ 74.287961032867784, 31.446509080893367 ] ] ] } },
{ "type": "Feature", "properties": { "OBJECTID": 160276, "SHAPE_Leng": 89.1050036197, "SHAPE_Area": 443.89435759600002, "Town": "Allama Iqbal Town", "UC_N0": "UC_120", "Landuse": "R", "KA": null, "Name": null, "Plot_No": "252", "Block": "B", "Plot_Size": "1K", "Road_Width": null, "Classifica": null, "Category": null, "MAP": null, "__source_file": "revenu.shp" }, "geometry": { "type": "Polygon", "coordinates": [ [ [ 74.288081432576917, 31.446505341805612 ], [ 74.288118409647538, 31.446504193964564 ], [ 74.288107014139811, 31.446237273287021 ], [ 74.28794807422797, 31.446243933417325 ], [ 74.287961032867784, 31.446509080893367 ], [ 74.288081432576917, 31.446505341805612 ] ] ] } },
{ "type": "Feature", "properties": { "OBJECTID": 160277, "SHAPE_Leng": 88.455565286500004, "SHAPE_Area": 431.50186253200002, "Town": "Allama Iqbal Town", "UC_N0": "UC_120", "Landuse": "R", "KA": null, "Name": null, "Plot_No": "253", "Block": "B", "Plot_Size": "1K", "Road_Width": null, "Classifica": null, "Category": null, "MAP": null, "__source_file": "revenu.shp" }, "geometry": { "type": "Polygon", "coordinates": [ [ [ 74.288270934811877, 31.446499456722503 ], [ 74.2882600408972, 31.446230860697376 ], [ 74.288107014139811, 31.446237273287021 ], [ 74.288118409647538, 31.446504193964564 ], [ 74.288270934811877, 31.446499456722503 ] ] ] } },
{ "type": "Feature", "properties": { "OBJECTID": 160278, "SHAPE_Leng": 84.607486639900003, "SHAPE_Area": 371.394396696, "Town": "Allama Iqbal Town", "UC_N0": "UC_120", "Landuse": "R", "KA": null, "Name": null, "Plot_No": "254", "Block": "B", "Plot_Size": "1K", "Road_Width": null, "Classifica": null, "Category": null, "MAP": null, "__source_file": "revenu.shp" }, "geometry": { "type": "Polygon", "coordinates": [ [ [ 74.28830415501676, 31.446498425092518 ], [ 74.288400847185201, 31.446495422830221 ], [ 74.288391617389991, 31.446225346478801 ], [ 74.2882600408972, 31.446230860697376 ], [ 74.288270934811877, 31.446499456722503 ], [ 74.28830415501676, 31.446498425092518 ] ] ] } },
{ "type": "Feature", "properties": { "OBJECTID": 160279, "SHAPE_Leng": 115.637778166, "SHAPE_Area": 832.79218409500004, "Town": "Allama Iqbal Town", "UC_N0": "UC_120", "Landuse": "R", "KA": null, "Name": null, "Plot_No": "266", "Block": "B", "Plot_Size": "1K", "Road_Width": null, "Classifica": null, "Category": null, "MAP": null, "__source_file": "revenu.shp" }, "geometry": { "type": "Polygon", "coordinates": [ [ [ 74.290431744066964, 31.446432335312359 ], [ 74.290427606241479, 31.446157055064102 ], [ 74.290322254274557, 31.446159196067615 ], [ 74.290334361230165, 31.446435361319871 ], [ 74.290431744066964, 31.446432335312359 ] ] ] } },
{ "type": "Feature", "properties": { "OBJECTID": 160280, "SHAPE_Leng": 89.4996353075, "SHAPE_Area": 429.03350862399998, "Town": "Allama Iqbal Town", "UC_N0": "UC_120", "Landuse": "R", "KA": null, "Name": null, "Plot_No": "265", "Block": "B", "Plot_Size": "1K", "Road_Width": null, "Classifica": null, "Category": null, "MAP": null, "__source_file": "revenu.shp" }, "geometry": { "type": "Polygon", "coordinates": [ [ [ 74.290239666007807, 31.446438303027325 ], [ 74.290239324260824, 31.446160881342397 ], [ 74.290089678153166, 31.446163922657249 ], [ 74.29009648420714, 31.446442751549771 ], [ 74.290239666007807, 31.446438303027325 ] ] ] } },
{ "type": "Feature", "properties": { "OBJECTID": 160281, "SHAPE_Leng": 90.176758061499996, "SHAPE_Area": 436.60085915000002, "Town": "Allama Iqbal Town", "UC_N0": "UC_120", "Landuse": "R", "KA": null, "Name": null, "Plot_No": "264A", "Block": "B", "Plot_Size": "1K", "Road_Width": null, "Classifica": null, "Category": null, "MAP": null, "__source_file": "revenu.shp" }, "geometry": { "type": "Polygon", "coordinates": [ [ [ 74.29009648420714, 31.446442751549771 ], [ 74.290089678153166, 31.446163922657249 ], [ 74.289943819112693, 31.446166886446374 ], [ 74.289946037092989, 31.446447425797114 ], [ 74.29009648420714, 31.446442751549771 ] ] ] } },
{ "type": "Feature", "properties": { "OBJECTID": 160282, "SHAPE_Leng": 89.5735484211, "SHAPE_Area": 424.15838127900003, "Town": "Allama Iqbal Town", "UC_N0": "UC_120", "Landuse": "R", "KA": null, "Name": null, "Plot_No": "264", "Block": "B", "Plot_Size": "1K", "Road_Width": null, "Classifica": null, "Category": null, "MAP": null, "__source_file": "revenu.shp" }, "geometry": { "type": "Polygon", "coordinates": [ [ [ 74.289946037092989, 31.446447425797114 ], [ 74.289943819112693, 31.446166886446374 ], [ 74.289800178835108, 31.446169805530232 ], [ 74.289803416328482, 31.446451856350286 ], [ 74.289946037092989, 31.446447425797114 ] ] ] } },
{ "type": "Feature", "properties": { "OBJECTID": 160283, "SHAPE_Leng": 87.061155180900002, "SHAPE_Area": 381.96504035300001, "Town": "Allama Iqbal Town", "UC_N0": "UC_120", "Landuse": "R", "KA": null, "Name": null, "Plot_No": "263", "Block": "B", "Plot_Size": "1K", "Road_Width": null, "Classifica": null, "Category": null, "MAP": null, "__source_file": "revenu.shp" }, "geometry": { "type": "Polygon", "coordinates": [ [ [ 74.289727461173271, 31.446454216785185 ], [ 74.289803416328482, 31.446451856350286 ], [ 74.289800178835108, 31.446169805530232 ], [ 74.28967195418231, 31.446172411151959 ], [ 74.289675185100123, 31.446455840539453 ], [ 74.289727461173271, 31.446454216785185 ] ] ] } },
{ "type": "Feature", "properties": { "OBJECTID": 160284, "SHAPE_Leng": 89.235671408100004, "SHAPE_Area": 415.76130051299998, "Town": "Allama Iqbal Town", "UC_N0": "UC_120", "Landuse": "R", "KA": null, "Name": null, "Plot_No": "262", "Block": "B", "Plot_Size": "1K", "Road_Width": null, "Classifica": null, "Category": null, "MAP": null, "__source_file": "revenu.shp" }, "geometry": { "type": "Polygon", "coordinates": [ [ [ 74.289675185100123, 31.446455840539453 ], [ 74.28967195418231, 31.446172411151959 ], [ 74.289638322090909, 31.446173094398326 ], [ 74.289532407885716, 31.446177534224628 ], [ 74.289536173806752, 31.446460159084729 ], [ 74.289675185100123, 31.446455840539453 ] ] ] } },
{ "type": "Feature", "properties": { "OBJECTID": 160285, "SHAPE_Leng": 94.035247219499993, "SHAPE_Area": 492.98579157699999, "Town": "Allama Iqbal Town", "UC_N0": "UC_120", "Landuse": "R", "KA": null, "Name": null, "Plot_No": "261", "Block": "B", "Plot_Size": "1K", "Road_Width": null, "Classifica": null, "Category": null, "MAP": null, "__source_file": "revenu.shp" }, "geometry": { "type": "Polygon", "coordinates": [ [ [ 74.289517824228469, 31.446460729471006 ], [ 74.289536173806752, 31.446460159084729 ], [ 74.289532407885716, 31.446177534224628 ], [ 74.289364178930853, 31.446184585783566 ], [ 74.289372277099304, 31.446465250677853 ], [ 74.289517824228469, 31.446460729471006 ] ] ] } },
{ "type": "Feature", "properties": { "OBJECTID": 160286, "SHAPE_Leng": 85.990392842800006, "SHAPE_Area": 386.37185769600001, "Town": "Allama Iqbal Town", "UC_N0": "UC_120", "Landuse": "R", "KA": null, "Name": null, "Plot_No": "256", "Block": "B", "Plot_Size": "1K", "Road_Width": null, "Classifica": null, "Category": null, "MAP": null, "__source_file": "revenu.shp" }, "geometry": { "type": "Polygon", "coordinates": [ [ [ 74.288665160367074, 31.446487213564925 ], [ 74.288660346599187, 31.44621408424841 ], [ 74.288525224570606, 31.446219746865307 ], [ 74.288531114293178, 31.446491377242907 ], [ 74.288665160367074, 31.446487213564925 ] ] ] } },
{ "type": "Feature", "properties": { "OBJECTID": 160287, "SHAPE_Leng": 89.046996527100006, "SHAPE_Area": 429.76052743299999, "Town": "Allama Iqbal Town", "UC_N0": "UC_120", "Landuse": "R", "KA": null, "Name": null, "Plot_No": "257", "Block": "B", "Plot_Size": "1K", "Road_Width": null, "Classifica": null, "Category": null, "MAP": null, "__source_file": "revenu.shp" }, "geometry": { "type": "Polygon", "coordinates": [ [ [ 74.28868820260314, 31.446486498837874 ], [ 74.288814405464066, 31.446482578359046 ], [ 74.288808817115765, 31.446207862235649 ], [ 74.288660346599187, 31.44621408424841 ], [ 74.288665160367074, 31.446487213564925 ], [ 74.28868820260314, 31.446486498837874 ] ] ] } },
{ "type": "Feature", "properties": { "OBJECTID": 160288, "SHAPE_Leng": 85.157949344200006, "SHAPE_Area": 376.76410603699998, "Town": "Allama Iqbal Town", "UC_N0": "UC_120", "Landuse": "R", "KA": null, "Name": null, "Plot_No": "255", "Block": "B", "Plot_Size": "1K", "Road_Width": null, "Classifica": null, "Category": null, "MAP": null, "__source_file": "revenu.shp" }, "geometry": { "type": "Polygon", "coordinates": [ [ [ 74.288483743481265, 31.44649284821157 ], [ 74.288531114293178, 31.446491377242907 ], [ 74.288525224570606, 31.446219746865307 ], [ 74.288391617389991, 31.446225346478801 ], [ 74.288400847185201, 31.446495422830221 ], [ 74.288483743481265, 31.44649284821157 ] ] ] } },
{ "type": "Feature", "properties": { "OBJECTID": 160289, "SHAPE_Leng": 114.345540583, "SHAPE_Area": 751.47288910500004, "Town": "Allama Iqbal Town", "UC_N0": "UC_120", "Landuse": "R", "KA": null, "Name": null, "Plot_No": "362", "Block": "B", "Plot_Size": "1K", "Road_Width": null, "Classifica": null, "Category": null, "MAP": null, "__source_file": "revenu.shp" }, "geometry": { "type": "Polygon", "coordinates": [ [ [ 74.288023789887305, 31.449074509862864 ], [ 74.288018647404598, 31.448743649792195 ], [ 74.287802096053525, 31.448748785888696 ], [ 74.287809369438392, 31.449079856298631 ], [ 74.288023789887305, 31.449074509862864 ] ] ] } },
{ "type": "Feature", "properties": { "OBJECTID": 160290, "SHAPE_Leng": 117.24919783, "SHAPE_Area": 790.43634009699997, "Town": "Allama Iqbal Town", "UC_N0": "UC_120", "Landuse": "R", "KA": null, "Name": null, "Plot_No": "350", "Block": "B", "Plot_Size": "1K", "Road_Width": null, "Classifica": null, "Category": null, "MAP": null, "__source_file": "revenu.shp" }, "geometry": { "type": "Polygon", "coordinates": [ [ [ 74.289654293094571, 31.448704840186284 ], [ 74.289660841056588, 31.448704684769922 ], [ 74.289655165989743, 31.448364979907357 ], [ 74.28943290302692, 31.44837123743676 ], [ 74.289440804649331, 31.448709907166386 ], [ 74.289654293094571, 31.448704840186284 ] ] ] } },
{ "type": "Feature", "properties": { "OBJECTID": 160291, "SHAPE_Leng": 171.937557309, "SHAPE_Area": 1195.10518346, "Town": "Allama Iqbal Town", "UC_N0": "UC_120", "Landuse": "V", "KA": null, "Name": null, "Plot_No": "355", "Block": "B", "Plot_Size": "1K", "Road_Width": null, "Classifica": null, "Category": null, "MAP": null, "__source_file": "revenu.shp" }, "geometry": { "type": "Polygon", "coordinates": [ [ [ 74.289654537018478, 31.448941356825706 ], [ 74.289654293094571, 31.448704840186284 ], [ 74.289440804649331, 31.448709907166386 ], [ 74.289448481967511, 31.449038978639077 ], [ 74.289480815225957, 31.449038171860504 ], [ 74.289654537018478, 31.448941356825706 ] ] ] } },
{ "type": "Feature", "properties": { "OBJECTID": 160292, "SHAPE_Leng": 110.226877554, "SHAPE_Area": 679.48170180900001, "Town": "Allama Iqbal Town", "UC_N0": "UC_120", "Landuse": "R", "KA": null, "Name": null, "Plot_No": "356 B", "Block": "B", "Plot_Size": "1K", "Road_Width": null, "Classifica": null, "Category": null, "MAP": null, "__source_file": "revenu.shp" }, "geometry": { "type": "Polygon", "coordinates": [ [ [ 74.289448481967511, 31.449038978639077 ], [ 74.289440804649331, 31.448709907166386 ], [ 74.289248462427679, 31.448714471231337 ], [ 74.289244191837426, 31.448714572564363 ], [ 74.289253352957758, 31.449043846254341 ], [ 74.289448481967511, 31.449038978639077 ] ] ] } },
{ "type": "Feature", "properties": { "OBJECTID": 160293, "SHAPE_Leng": 113.418385957, "SHAPE_Area": 737.29087810299995, "Town": "Allama Iqbal Town", "UC_N0": "UC_120", "Landuse": "R", "KA": null, "Name": null, "Plot_No": "356 A", "Block": "B", "Plot_Size": "1K", "Road_Width": null, "Classifica": null, "Category": null, "MAP": null, "__source_file": "revenu.shp" }, "geometry": { "type": "Polygon", "coordinates": [ [ [ 74.289253352957758, 31.44904384625433 ], [ 74.289244191837412, 31.448714572564345 ], [ 74.289030779438804, 31.448719637032095 ], [ 74.28904201467067, 31.44904911802568 ], [ 74.289253352957758, 31.44904384625433 ] ] ] } },
{ "type": "Feature", "properties": { "OBJECTID": 160294, "SHAPE_Leng": 113.42061474899999, "SHAPE_Area": 736.82949816099995, "Town": "Allama Iqbal Town", "UC_N0": "UC_120", "Landuse": "R", "KA": null, "Name": null, "Plot_No": "357", "Block": "B", "Plot_Size": "1K", "Road_Width": null, "Classifica": null, "Category": null, "MAP": null, "__source_file": "revenu.shp" }, "geometry": { "type": "Polygon", "coordinates": [ [ [ 74.289042014670684, 31.449049118025698 ], [ 74.289030779438804, 31.448719637032116 ], [ 74.289028385244919, 31.448719693847668 ], [ 74.288821037455847, 31.448724614157499 ], [ 74.288827602728688, 31.449054465312347 ], [ 74.289042014670684, 31.449049118025698 ] ] ] } },
{ "type": "Feature", "properties": { "OBJECTID": 160295, "SHAPE_Leng": 152.38624191599999, "SHAPE_Area": 1449.03878562, "Town": "Allama Iqbal Town", "UC_N0": "UC_120", "Landuse": "R", "KA": null, "Name": null, "Plot_No": "359", "Block": "B", "Plot_Size": "1K", "Road_Width": null, "Classifica": null, "Category": null, "MAP": null, "__source_file": "revenu.shp" }, "geometry": { "type": "Polygon", "coordinates": [ [ [ 74.288626381093067, 31.449059483701241 ], [ 74.28861874459966, 31.448729413461102 ], [ 74.288616523028836, 31.448729466165087 ], [ 74.288408559530453, 31.448734399664612 ], [ 74.288402518694213, 31.448734542965749 ], [ 74.288412949131853, 31.449064806264623 ], [ 74.288626381093067, 31.449059483701241 ] ] ] } },
{ "type": "Feature", "properties": { "OBJECTID": 160296, "SHAPE_Leng": 109.93060252399999, "SHAPE_Area": 671.569152293, "Town": "Allama Iqbal Town", "UC_N0": "UC_120", "Landuse": "R", "KA": null, "Name": null, "Plot_No": "360", "Block": "B", "Plot_Size": "1K", "Road_Width": null, "Classifica": null, "Category": null, "MAP": null, "__source_file": "revenu.shp" }, "geometry": { "type": "Polygon", "coordinates": [ [ [ 74.288412949131853, 31.449064806264623 ], [ 74.288402518694213, 31.448734542965749 ], [ 74.288213277464635, 31.448739032197778 ], [ 74.288210322539186, 31.448739102293093 ], [ 74.288219436870904, 31.449069631662624 ], [ 74.288412949131853, 31.449064806264623 ] ] ] } },
{ "type": "Feature", "properties": { "OBJECTID": 160297, "SHAPE_Leng": 110.13999306300001, "SHAPE_Area": 674.8562775, "Town": "Allama Iqbal Town", "UC_N0": "UC_120", "Landuse": "R", "KA": null, "Name": null, "Plot_No": "361", "Block": "B", "Plot_Size": "1K", "Road_Width": null, "Classifica": null, "Category": null, "MAP": null, "__source_file": "revenu.shp" }, "geometry": { "type": "Polygon", "coordinates": [ [ [ 74.288219436870904, 31.449069631662624 ], [ 74.288210322539186, 31.448739102293079 ], [ 74.288018647404598, 31.448743649792195 ], [ 74.288023789887305, 31.449074509862864 ], [ 74.288219436870904, 31.449069631662624 ] ] ] } },
{ "type": "Feature", "properties": { "OBJECTID": 160298, "SHAPE_Leng": 110.360435698, "SHAPE_Area": 479.81373986699998, "Town": "Allama Iqbal Town", "UC_N0": "UC_120", "Landuse": "P", "KA": null, "Name": null, "Plot_No": null, "Block": "B", "Plot_Size": "1K", "Road_Width": null, "Classifica": null, "Category": null, "MAP": null, "__source_file": "revenu.shp" }, "geometry": { "type": "Polygon", "coordinates": [ [ [ 74.2900978212691, 31.448694313178308 ], [ 74.290334723635823, 31.448562286090681 ], [ 74.290743759568016, 31.448334324921628 ], [ 74.290322796084723, 31.448346179850382 ], [ 74.290063636619095, 31.448353478696792 ], [ 74.290073177745484, 31.448694898314901 ], [ 74.2900978212691, 31.448694313178308 ] ] ] } },
{ "type": "Feature", "properties": { "OBJECTID": 160300, "SHAPE_Leng": 116.164821315, "SHAPE_Area": 766.634147074, "Town": "Allama Iqbal Town", "UC_N0": "UC_120", "Landuse": "R", "KA": null, "Name": null, "Plot_No": "353", "Block": "B", "Plot_Size": "1K", "Road_Width": null, "Classifica": null, "Category": null, "MAP": null, "__source_file": "revenu.shp" }, "geometry": { "type": "Polygon", "coordinates": [ [ [ 74.290073177745484, 31.448694898314901 ], [ 74.290063636619095, 31.448353478696792 ], [ 74.289850386725632, 31.448359483321774 ], [ 74.28985974957331, 31.448699963792283 ], [ 74.290073177745484, 31.448694898314901 ] ] ] } },
{ "type": "Feature", "properties": { "OBJECTID": 160301, "SHAPE_Leng": 112.873516802, "SHAPE_Area": 706.26914283500003, "Town": "Allama Iqbal Town", "UC_N0": "UC_120", "Landuse": "R", "KA": null, "Name": null, "Plot_No": "351", "Block": "B", "Plot_Size": "1K", "Road_Width": null, "Classifica": null, "Category": null, "MAP": null, "__source_file": "revenu.shp" }, "geometry": { "type": "Polygon", "coordinates": [ [ [ 74.289762396922839, 31.448702274439341 ], [ 74.289766495387198, 31.44836184538163 ], [ 74.289655165989743, 31.448364979907357 ], [ 74.289660841056588, 31.448704684769922 ], [ 74.289762396922839, 31.448702274439341 ] ] ] } },
{ "type": "Feature", "properties": { "OBJECTID": 160302, "SHAPE_Leng": 114.89992017900001, "SHAPE_Area": 759.89314343700005, "Town": "Allama Iqbal Town", "UC_N0": "UC_120", "Landuse": "R", "KA": null, "Name": null, "Plot_No": "343", "Block": "B", "Plot_Size": "1K", "Road_Width": null, "Classifica": null, "Category": null, "MAP": null, "__source_file": "revenu.shp" }, "geometry": { "type": "Polygon", "coordinates": [ [ [ 74.288018647404598, 31.448743649792195 ], [ 74.288012759129018, 31.448411212074536 ], [ 74.287794814970837, 31.44841734550587 ], [ 74.287802096053525, 31.448748785888696 ], [ 74.288018647404598, 31.448743649792195 ] ] ] } },
{ "type": "Feature", "properties": { "OBJECTID": 160303, "SHAPE_Leng": 116.033869219, "SHAPE_Area": 778.12194417299997, "Town": "Allama Iqbal Town", "UC_N0": "UC_120", "Landuse": "P", "KA": null, "Name": null, "Plot_No": null, "Block": "B", "Plot_Size": "8K", "Road_Width": null, "Classifica": null, "Category": null, "MAP": null, "__source_file": "revenu.shp" }, "geometry": { "type": "Polygon", "coordinates": [ [ [ 74.287307245883966, 31.447417945566063 ], [ 74.287099153687663, 31.447415847610479 ], [ 74.287107936965313, 31.447761096020429 ], [ 74.287307036610699, 31.447758436206744 ], [ 74.287499031277832, 31.447755872029688 ], [ 74.287718406408644, 31.447752939981775 ], [ 74.287716918813601, 31.447422077272563 ], [ 74.287493185012892, 31.44741982084085 ], [ 74.287404695390492, 31.447418928259015 ], [ 74.287307245883966, 31.447417945566063 ] ] ] } },
{ "type": "Feature", "properties": { "OBJECTID": 160304, "SHAPE_Leng": 105.23483011899999, "SHAPE_Area": 681.40199091800002, "Town": "Allama Iqbal Town", "UC_N0": "UC_120", "Landuse": "R", "KA": null, "Name": null, "Plot_No": "283", "Block": "B", "Plot_Size": "1K", "Road_Width": null, "Classifica": null, "Category": null, "MAP": null, "__source_file": "revenu.shp" }, "geometry": { "type": "Polygon", "coordinates": [ [ [ 74.287716398477926, 31.447306288479126 ], [ 74.28740530031105, 31.447283485836238 ], [ 74.287404694038017, 31.447418927987172 ], [ 74.287493183694508, 31.447419820816783 ], [ 74.287716918697072, 31.447422076509788 ], [ 74.287716398477926, 31.447306288479126 ] ] ] } },
{ "type": "Feature", "properties": { "OBJECTID": 160305, "SHAPE_Leng": 94.408084240600004, "SHAPE_Area": 530.53570330100001, "Town": "Allama Iqbal Town", "UC_N0": "UC_120", "Landuse": "R", "KA": null, "Name": null, "Plot_No": null, "Block": "B", "Plot_Size": "14K", "Road_Width": null, "Classifica": null, "Category": null, "MAP": null, "__source_file": "revenu.shp" }, "geometry": { "type": "Polygon", "coordinates": [ [ [ 74.287423925191447, 31.446406417651016 ], [ 74.287080746860013, 31.446407927072595 ], [ 74.287080742272039, 31.446411448534864 ], [ 74.287080640148758, 31.446490506334577 ], [ 74.287080450266217, 31.44663651055156 ], [ 74.287417063125943, 31.446644015342457 ], [ 74.287423925191447, 31.446406417651016 ] ] ] } },
{ "type": "Feature", "properties": { "OBJECTID": 160310, "SHAPE_Leng": 85.156173097000007, "SHAPE_Area": 388.32146124000002, "Town": "Allama Iqbal Town", "UC_N0": "UC_120", "Landuse": "R", "KA": null, "Name": null, "Plot_No": "285", "Block": "B", "Plot_Size": "1K", "Road_Width": null, "Classifica": null, "Category": null, "MAP": null, "__source_file": "revenu.shp" }, "geometry": { "type": "Polygon", "coordinates": [ [ [ 74.287715402230262, 31.447084611458216 ], [ 74.287714885672088, 31.446969690937017 ], [ 74.287406713452953, 31.446967897557336 ], [ 74.287406607546032, 31.446991622850366 ], [ 74.287406158401552, 31.447091841609737 ], [ 74.287715402230262, 31.447084611458216 ] ] ] } },
{ "type": "Feature", "properties": { "OBJECTID": 160311, "SHAPE_Leng": 86.474955167800005, "SHAPE_Area": 406.04989163599998, "Town": "Allama Iqbal Town", "UC_N0": "UC_120", "Landuse": "R", "KA": null, "Name": null, "Plot_No": "284A", "Block": "B", "Plot_Size": "1K", "Road_Width": null, "Classifica": null, "Category": null, "MAP": null, "__source_file": "revenu.shp" }, "geometry": { "type": "Polygon", "coordinates": [ [ [ 74.287715402230262, 31.447084611458216 ], [ 74.287406158401552, 31.447091841609737 ], [ 74.287405958747641, 31.447136434005117 ], [ 74.287405621179815, 31.447211760921256 ], [ 74.287715981946747, 31.447213579111814 ], [ 74.287715402230262, 31.447084611458216 ] ] ] } },
{ "type": "Feature", "properties": { "OBJECTID": 160316, "SHAPE_Leng": 92.933493087000002, "SHAPE_Area": 493.25777991899997, "Town": "Allama Iqbal Town", "UC_N0": "UC_120", "Landuse": "R", "KA": null, "Name": null, "Plot_No": "280", "Block": "B", "Plot_Size": "1K", "Road_Width": null, "Classifica": null, "Category": null, "MAP": null, "__source_file": "revenu.shp" }, "geometry": { "type": "Polygon", "coordinates": [ [ [ 74.287405958747641, 31.447136434005117 ], [ 74.287406158401552, 31.447091841609737 ], [ 74.287406607546032, 31.446991622850366 ], [ 74.287088219835169, 31.44698605379444 ], [ 74.287092073663516, 31.447137548442484 ], [ 74.287405958747641, 31.447136434005117 ] ] ] } },
{ "type": "Feature", "properties": { "OBJECTID": 160317, "SHAPE_Leng": 88.984847118800005, "SHAPE_Area": 446.02114235499999, "Town": "Allama Iqbal Town", "UC_N0": "UC_120", "Landuse": "R", "KA": null, "Name": null, "Plot_No": "282", "Block": "B", "Plot_Size": "1K", "Road_Width": null, "Classifica": null, "Category": null, "MAP": null, "__source_file": "revenu.shp" }, "geometry": { "type": "Polygon", "coordinates": [ [ [ 74.287405313963376, 31.447280435880749 ], [ 74.287095671257802, 31.447278964680411 ], [ 74.287099153753019, 31.447415846580856 ], [ 74.287307245971405, 31.447417945555973 ], [ 74.287404694038003, 31.447418927987165 ], [ 74.287405313963376, 31.447280435880749 ] ] ] } },
{ "type": "Feature", "properties": { "OBJECTID": 160321, "SHAPE_Leng": 87.6298607234, "SHAPE_Area": 417.988121116, "Town": "Allama Iqbal Town", "UC_N0": "UC_120", "Landuse": "R", "KA": null, "Name": null, "Plot_No": "369", "Block": "B", "Plot_Size": "1K", "Road_Width": null, "Classifica": null, "Category": null, "MAP": null, "__source_file": "revenu.shp" }, "geometry": { "type": "Polygon", "coordinates": [ [ [ 74.287828602991723, 31.449421823779556 ], [ 74.288068342394723, 31.44942691044648 ], [ 74.288065187251163, 31.449296397182472 ], [ 74.288061831349495, 31.449157646740424 ], [ 74.287933370765671, 31.44916099281598 ], [ 74.287815479145792, 31.449164065214081 ], [ 74.287828602991723, 31.449421823779556 ] ] ] } },
{ "type": "Feature", "properties": { "OBJECTID": 160323, "SHAPE_Leng": 111.326418773, "SHAPE_Area": 754.26958721699998, "Town": "Allama Iqbal Town", "UC_N0": "UC_120", "Landuse": "R", "KA": null, "Name": null, "Plot_No": "1A", "Block": "B", "Plot_Size": "1K", "Road_Width": null, "Classifica": null, "Category": null, "MAP": null, "__source_file": "revenu.shp" }, "geometry": { "type": "Polygon", "coordinates": [ [ [ 74.288901004838806, 31.449778630780127 ], [ 74.288729296516323, 31.449547757541072 ], [ 74.288681323179333, 31.449572511653066 ], [ 74.288566704360846, 31.449625622164106 ], [ 74.288502914962947, 31.449651741045027 ], [ 74.288448278179317, 31.449672277323145 ], [ 74.288406050562472, 31.449686149952882 ], [ 74.288393004682433, 31.450054823278169 ], [ 74.288596337550203, 31.449952149790072 ], [ 74.288691389477293, 31.449898013725303 ], [ 74.288901004838806, 31.449778630780127 ] ] ] } },
{ "type": "Feature", "properties": { "OBJECTID": 160326, "SHAPE_Leng": 109.28871681699999, "SHAPE_Area": 722.57244614599995, "Town": "Allama Iqbal Town", "UC_N0": "UC_120", "Landuse": "R", "KA": null, "Name": null, "Plot_No": "2", "Block": "B", "Plot_Size": "1K", "Road_Width": null, "Classifica": null, "Category": null, "MAP": null, "__source_file": "revenu.shp" }, "geometry": { "type": "Polygon", "coordinates": [ [ [ 74.288729296808555, 31.449547756406105 ], [ 74.288901004065067, 31.449778629805756 ], [ 74.289096405750598, 31.449667341110427 ], [ 74.288954811286473, 31.449433671312445 ], [ 74.28894493301631, 31.449415308475821 ], [ 74.28889740565171, 31.44944775940218 ], [ 74.288791750492308, 31.449513120221688 ], [ 74.288729296808555, 31.449547756406105 ] ] ] } },
{ "type": "Feature", "properties": { "OBJECTID": 160327, "SHAPE_Leng": 168.705680411, "SHAPE_Area": 1711.0322113499999, "Town": "Allama Iqbal Town", "UC_N0": "UC_120", "Landuse": "C", "KA": null, "Name": "Office Of Housing Society", "Plot_No": "364", "Block": "B", "Plot_Size": "1K", "Road_Width": null, "Classifica": null, "Category": null, "MAP": null, "__source_file": "revenu.shp" }, "geometry": { "type": "Polygon", "coordinates": [ [ [ 74.288825189173949, 31.449399280581709 ], [ 74.288801433446991, 31.449249395161988 ], [ 74.288322301744131, 31.449264904458481 ], [ 74.28832185588881, 31.449298090583827 ], [ 74.288320059516707, 31.44943162337395 ], [ 74.288319573112801, 31.449467811809033 ], [ 74.288825189173949, 31.449399280581709 ] ] ] } },
{ "type": "Feature", "properties": { "OBJECTID": 160328, "SHAPE_Leng": 81.003846206099993, "SHAPE_Area": 390.63112117600002, "Town": "Allama Iqbal Town", "UC_N0": "UC_120", "Landuse": "C", "KA": null, "Name": null, "Plot_No": "370", "Block": "B", "Plot_Size": "1K", "Road_Width": null, "Classifica": null, "Category": null, "MAP": null, "__source_file": "revenu.shp" }, "geometry": { "type": "Polygon", "coordinates": [ [ [ 74.288320173393842, 31.449423158370521 ], [ 74.28832185588881, 31.449298090583827 ], [ 74.288323834486008, 31.449150818336754 ], [ 74.288073900855494, 31.449157331653979 ], [ 74.288061831349495, 31.449157646740424 ], [ 74.288065187251163, 31.449296397182472 ], [ 74.288068423415055, 31.449430261869953 ], [ 74.288320173393842, 31.449423158370521 ] ] ] } },
{ "type": "Feature", "properties": { "OBJECTID": 160790, "SHAPE_Leng": 130.80347933, "SHAPE_Area": 951.64293555699999, "Town": "Allama Iqbal Town", "UC_N0": "UC_120", "Landuse": "R", "KA": null, "Name": null, "Plot_No": "66", "Block": "B", "Plot_Size": "1K", "Road_Width": null, "Classifica": null, "Category": null, "MAP": null, "__source_file": "revenu.shp" }, "geometry": { "type": "Polygon", "coordinates": [ [ [ 74.295252046681298, 31.448273781570247 ], [ 74.295208043868996, 31.448274261248379 ], [ 74.295077512079459, 31.448275684860427 ], [ 74.294811303892601, 31.448278587270028 ], [ 74.294823526720364, 31.448553527396371 ], [ 74.294852619460158, 31.448553836422747 ], [ 74.294925158903496, 31.448559783532584 ], [ 74.294996369121293, 31.448573043062691 ], [ 74.295006882128249, 31.448575655132515 ], [ 74.295252046681298, 31.448273781570247 ] ] ] } },
{ "type": "Feature", "properties": { "OBJECTID": 160791, "SHAPE_Leng": 125.76135233, "SHAPE_Area": 785.79479262400002, "Town": "Allama Iqbal Town", "UC_N0": "UC_120", "Landuse": "R", "KA": null, "Name": null, "Plot_No": "65", "Block": "B", "Plot_Size": "1K", "Road_Width": null, "Classifica": null, "Category": null, "MAP": null, "__source_file": "revenu.shp" }, "geometry": { "type": "Polygon", "coordinates": [ [ [ 74.295480839722387, 31.448316134843488 ], [ 74.295479887340733, 31.44831528421745 ], [ 74.295473746441701, 31.448310512841356 ], [ 74.295440642547277, 31.448291003228029 ], [ 74.295403420966622, 31.448278050906872 ], [ 74.295363806271183, 31.448272261734012 ], [ 74.295332471165409, 31.448272904970796 ], [ 74.295252046681298, 31.448273781570247 ], [ 74.295006882128249, 31.448575655132515 ], [ 74.295065274818839, 31.44859343732244 ], [ 74.295130866869229, 31.448620668440622 ], [ 74.29515189501538, 31.448631232857736 ], [ 74.295480839722387, 31.448316134843488 ] ] ] } },
{ "type": "Feature", "properties": { "OBJECTID": 160792, "SHAPE_Leng": 110.697671654, "SHAPE_Area": 615.61511256599999, "Town": "Allama Iqbal Town", "UC_N0": "UC_120", "Landuse": "R", "KA": null, "Name": null, "Plot_No": "63", "Block": "B", "Plot_Size": "1K", "Road_Width": null, "Classifica": null, "Category": null, "MAP": null, "__source_file": "revenu.shp" }, "geometry": { "type": "Polygon", "coordinates": [ [ [ 74.295699712298244, 31.448618396699299 ], [ 74.295629062073601, 31.448518739654347 ], [ 74.295604352237362, 31.448483884227326 ], [ 74.295267077705844, 31.448709395987894 ], [ 74.29529897785747, 31.448739153748882 ], [ 74.295342827927257, 31.448789057231529 ], [ 74.295356554736003, 31.44880759955084 ], [ 74.295699712298244, 31.448618396699299 ] ] ] } },
{ "type": "Feature", "properties": { "OBJECTID": 160793, "SHAPE_Leng": 87.033571720400005, "SHAPE_Area": 386.74853442599999, "Town": "Allama Iqbal Town", "UC_N0": "UC_120", "Landuse": "R", "KA": null, "Name": null, "Plot_No": "56", "Block": "B", "Plot_Size": "1K", "Road_Width": null, "Classifica": null, "Category": null, "MAP": null, "__source_file": "revenu.shp" }, "geometry": { "type": "Polygon", "coordinates": [ [ [ 74.295974443653037, 31.448466918844716 ], [ 74.295909524841534, 31.448374276698377 ], [ 74.295629062073601, 31.448518739654347 ], [ 74.295699712298244, 31.448618396699299 ], [ 74.295974443653037, 31.448466918844716 ] ] ] } },
{ "type": "Feature", "properties": { "OBJECTID": 160794, "SHAPE_Leng": 87.050201394400005, "SHAPE_Area": 385.91522539099998, "Town": "Allama Iqbal Town", "UC_N0": "UC_120", "Landuse": "R", "KA": null, "Name": null, "Plot_No": "55", "Block": "B", "Plot_Size": "1K", "Road_Width": null, "Classifica": null, "Category": null, "MAP": null, "__source_file": "revenu.shp" }, "geometry": { "type": "Polygon", "coordinates": [ [ [ 74.295909524841534, 31.448374276698377 ], [ 74.295840508659609, 31.448275786306709 ], [ 74.295563117141086, 31.448425719073139 ], [ 74.295604352237362, 31.448483884227326 ], [ 74.295629062073601, 31.448518739654347 ], [ 74.295909524841534, 31.448374276698377 ] ] ] } },
{ "type": "Feature", "properties": { "OBJECTID": 160795, "SHAPE_Leng": 117.095312957, "SHAPE_Area": 874.93625561399995, "Town": "Allama Iqbal Town", "UC_N0": "UC_120", "Landuse": "R", "KA": null, "Name": null, "Plot_No": "50B", "Block": "B", "Plot_Size": "1K", "Road_Width": null, "Classifica": null, "Category": null, "MAP": null, "__source_file": "revenu.shp" }, "geometry": { "type": "Polygon", "coordinates": [ [ [ 74.295210602409966, 31.448274233200415 ], [ 74.295244658874196, 31.447973002650556 ], [ 74.295220185119433, 31.447973032425644 ], [ 74.295079816071151, 31.447973203887802 ], [ 74.29507206125578, 31.447973213388021 ], [ 74.295062035097757, 31.448275853747738 ], [ 74.295077513270101, 31.448275684929527 ], [ 74.295208043772718, 31.448274261068985 ], [ 74.295210602409966, 31.448274233200415 ] ] ] } },
{ "type": "Feature", "properties": { "OBJECTID": 160797, "SHAPE_Leng": 148.74086869000001, "SHAPE_Area": 1381.13419841, "Town": "Allama Iqbal Town", "UC_N0": "UC_120", "Landuse": "R", "KA": null, "Name": null, "Plot_No": "73", "Block": "B", "Plot_Size": "1K", "Road_Width": null, "Classifica": null, "Category": null, "MAP": null, "__source_file": "revenu.shp" }, "geometry": { "type": "Polygon", "coordinates": [ [ [ 74.294136090598371, 31.448368568331503 ], [ 74.294099228090019, 31.448023225604427 ], [ 74.293919803095491, 31.44802487054708 ], [ 74.293933745079073, 31.448371651111959 ], [ 74.294136090598371, 31.448368568331503 ] ] ] } },
{ "type": "Feature", "properties": { "OBJECTID": 160798, "SHAPE_Leng": 111.80838973199999, "SHAPE_Area": 731.96376856799998, "Town": "Allama Iqbal Town", "UC_N0": "UC_120", "Landuse": "R", "KA": null, "Name": null, "Plot_No": "68", "Block": "B", "Plot_Size": "1K", "Road_Width": null, "Classifica": null, "Category": null, "MAP": null, "__source_file": "revenu.shp" }, "geometry": { "type": "Polygon", "coordinates": [ [ [ 74.294736447535186, 31.44835942169221 ], [ 74.294733447980676, 31.448203651720327 ], [ 74.294738028609231, 31.448162699540191 ], [ 74.294734007100089, 31.448121431133504 ], [ 74.294721455704305, 31.44808144203693 ], [ 74.294704763069362, 31.448050024762967 ], [ 74.294679219815507, 31.448020557188435 ], [ 74.2946772547037, 31.448017923590491 ], [ 74.294517607023067, 31.448019388409744 ], [ 74.294533088760332, 31.448362520679733 ], [ 74.294736447535186, 31.44835942169221 ] ] ] } },
{ "type": "Feature", "properties": { "OBJECTID": 160799, "SHAPE_Leng": 117.956346221, "SHAPE_Area": 794.68964462600002, "Town": "Allama Iqbal Town", "UC_N0": "UC_120", "Landuse": "R", "KA": null, "Name": null, "Plot_No": "67", "Block": "B", "Plot_Size": "1K", "Road_Width": null, "Classifica": null, "Category": null, "MAP": null, "__source_file": "revenu.shp" }, "geometry": { "type": "Polygon", "coordinates": [ [ [ 74.294533088760332, 31.448362520679733 ], [ 74.294517607023067, 31.448019388409744 ], [ 74.294299086713309, 31.448021393033091 ], [ 74.294312906302025, 31.448365874920494 ], [ 74.294533088760332, 31.448362520679733 ] ] ] } },
{ "type": "Feature", "properties": { "OBJECTID": 160800, "SHAPE_Leng": 124.73348511099999, "SHAPE_Area": 824.48296525900003, "Town": "Allama Iqbal Town", "UC_N0": "UC_120", "Landuse": "R", "KA": null, "Name": null, "Plot_No": "71", "Block": "B", "Plot_Size": "1K", "Road_Width": null, "Classifica": null, "Category": null, "MAP": null, "__source_file": "revenu.shp" }, "geometry": { "type": "Polygon", "coordinates": [ [ [ 74.294140574075939, 31.448368500021065 ], [ 74.293933745079059, 31.448371651111959 ], [ 74.293947868969781, 31.448722953725238 ], [ 74.294153697244582, 31.448779543549584 ], [ 74.294140574075939, 31.448368500021065 ] ] ] } },
{ "type": "Feature", "properties": { "OBJECTID": 160801, "SHAPE_Leng": 117.684824648, "SHAPE_Area": 751.73256370399997, "Town": "Allama Iqbal Town", "UC_N0": "UC_120", "Landuse": "R", "KA": null, "Name": null, "Plot_No": "69", "Block": "B", "Plot_Size": "1K", "Road_Width": null, "Classifica": null, "Category": null, "MAP": null, "__source_file": "revenu.shp" }, "geometry": { "type": "Polygon", "coordinates": [ [ [ 74.294545049748706, 31.448531711927171 ], [ 74.294739745040928, 31.44853062952237 ], [ 74.294736447535186, 31.44835942169221 ], [ 74.294533088760332, 31.448362520679733 ], [ 74.294312906302025, 31.448365874920494 ], [ 74.294319610050422, 31.448532964803896 ], [ 74.294545049748706, 31.448531711927171 ] ] ] } },
{ "type": "Feature", "properties": { "OBJECTID": 160802, "SHAPE_Leng": 116.137462642, "SHAPE_Area": 768.26852424799995, "Town": "Allama Iqbal Town", "UC_N0": "UC_120", "Landuse": "R", "KA": null, "Name": null, "Plot_No": "70", "Block": "B", "Plot_Size": "1K", "Road_Width": null, "Classifica": null, "Category": null, "MAP": null, "__source_file": "revenu.shp" }, "geometry": { "type": "Polygon", "coordinates": [ [ [ 74.294747684061164, 31.448942851398726 ], [ 74.294739745089601, 31.448530630297117 ], [ 74.29454505060103, 31.44853171298211 ], [ 74.294319609752478, 31.448532964654227 ], [ 74.294331464316073, 31.448828417701268 ], [ 74.294554489421401, 31.448889734872331 ], [ 74.294747684061164, 31.448942851398726 ] ] ] } },
{ "type": "Feature", "properties": { "OBJECTID": 160803, "SHAPE_Leng": 130.99164510599999, "SHAPE_Area": 801.42876183800001, "Town": "Allama Iqbal Town", "UC_N0": "UC_120", "Landuse": "R", "KA": null, "Name": null, "Plot_No": "70A", "Block": "B", "Plot_Size": "1K", "Road_Width": null, "Classifica": null, "Category": null, "MAP": null, "__source_file": "revenu.shp" }, "geometry": { "type": "Polygon", "coordinates": [ [ [ 74.294319610050422, 31.448532964803896 ], [ 74.294312906302025, 31.448365874920494 ], [ 74.294140574075939, 31.448368500021065 ], [ 74.294153697244582, 31.448779543549584 ], [ 74.294331463004099, 31.448828417777747 ], [ 74.294319610050422, 31.448532964803896 ] ] ] } },
{ "type": "Feature", "properties": { "OBJECTID": 160820, "SHAPE_Leng": 66.951186067500004, "SHAPE_Area": 270.93119638299999, "Town": "Allama Iqbal Town", "UC_N0": "UC_120", "Landuse": "R", "KA": null, "Name": null, "Plot_No": "113", "Block": "B", "Plot_Size": "1K", "Road_Width": null, "Classifica": null, "Category": null, "MAP": null, "__source_file": "revenu.shp" }, "geometry": { "type": "Polygon", "coordinates": [ [ [ 74.293748567037639, 31.446845132062776 ], [ 74.293741770498386, 31.446730654110208 ], [ 74.293543349610545, 31.446736032615746 ], [ 74.293546064093192, 31.446843892612165 ], [ 74.293548814039383, 31.446953104713003 ], [ 74.293551912901606, 31.447076167697666 ], [ 74.293761992078132, 31.447071233980164 ], [ 74.293754625789177, 31.44694716230978 ], [ 74.293748567037639, 31.446845132062776 ] ] ] } },
{ "type": "Feature", "properties": { "OBJECTID": 160989, "SHAPE_Leng": 113.012628077, "SHAPE_Area": 715.681204514, "Town": "Allama Iqbal Town", "UC_N0": "UC_120", "Landuse": "R", "KA": null, "Name": null, "Plot_No": "75", "Block": "B", "Plot_Size": "1K", "Road_Width": null, "Classifica": null, "Category": null, "MAP": null, "__source_file": "revenu.shp" }, "geometry": { "type": "Polygon", "coordinates": [ [ [ 74.294303103927703, 31.447785362493551 ], [ 74.294296631911024, 31.447612777493024 ], [ 74.29390358251564, 31.447621430102863 ], [ 74.293910541482418, 31.44779452214609 ], [ 74.294303103927703, 31.447785362493551 ] ] ] } },
{ "type": "Feature", "properties": { "OBJECTID": 160991, "SHAPE_Leng": 272.31582150999998, "SHAPE_Area": 3688.7945815899998, "Town": "Allama Iqbal Town", "UC_N0": "UC_120", "Landuse": "C", "KA": null, "Name": "Shop", "Plot_No": "109A", "Block": "B", "Plot_Size": "1K", "Road_Width": null, "Classifica": null, "Category": null, "MAP": null, "__source_file": "revenu.shp" }, "geometry": { "type": "Polygon", "coordinates": [ [ [ 74.29293691794706, 31.447090608638888 ], [ 74.292928747964808, 31.446752692967813 ], [ 74.292683062927566, 31.446759352165842 ], [ 74.292717464773702, 31.447095760526327 ], [ 74.29293691794706, 31.447090608638888 ] ] ] } },
{ "type": "Feature", "properties": { "OBJECTID": 160992, "SHAPE_Leng": 115.978437688, "SHAPE_Area": 774.17052757199997, "Town": "Allama Iqbal Town", "UC_N0": "UC_120", "Landuse": "R", "KA": null, "Name": null, "Plot_No": "103A", "Block": "B", "Plot_Size": "1K", "Road_Width": null, "Classifica": null, "Category": null, "MAP": null, "__source_file": "revenu.shp" }, "geometry": { "type": "Polygon", "coordinates": [ [ [ 74.292936406035579, 31.447426135447557 ], [ 74.29293691794706, 31.447090608638874 ], [ 74.292717464773688, 31.447095760526327 ], [ 74.2927170490196, 31.447430290895458 ], [ 74.292936406035579, 31.447426135447557 ] ] ] } },
{ "type": "Feature", "properties": { "OBJECTID": 160994, "SHAPE_Leng": 116.292190078, "SHAPE_Area": 771.96137299300005, "Town": "Allama Iqbal Town", "UC_N0": "UC_120", "Landuse": "R", "KA": null, "Name": null, "Plot_No": "100", "Block": "B", "Plot_Size": "1K", "Road_Width": null, "Classifica": null, "Category": null, "MAP": null, "__source_file": "revenu.shp" }, "geometry": { "type": "Polygon", "coordinates": [ [ [ 74.293761991853614, 31.447071234041477 ], [ 74.293551911995849, 31.447076167467106 ], [ 74.293560433760362, 31.447414670046264 ], [ 74.293782172042455, 31.447411110925586 ], [ 74.293761991853614, 31.447071234041477 ] ] ] } },
{ "type": "Feature", "properties": { "OBJECTID": 160995, "SHAPE_Leng": 116.223249997, "SHAPE_Area": 770.08359979399995, "Town": "Allama Iqbal Town", "UC_N0": "UC_120", "Landuse": "R", "KA": null, "Name": null, "Plot_No": "2", "Block": "B", "Plot_Size": "1K", "Road_Width": null, "Classifica": null, "Category": null, "MAP": null, "__source_file": "revenu.shp" }, "geometry": { "type": "Polygon", "coordinates": [ [ [ 74.293551911995849, 31.447076167467106 ], [ 74.293548814215328, 31.446953103590587 ], [ 74.293546063976436, 31.446843891734826 ], [ 74.293543348844636, 31.446736032511069 ], [ 74.293328247280101, 31.446741863568104 ], [ 74.293336868136052, 31.447081217519699 ], [ 74.293551911995849, 31.447076167467106 ] ] ] } },
{ "type": "Feature", "properties": { "OBJECTID": 160996, "SHAPE_Leng": 115.784143739, "SHAPE_Area": 765.30408202900003, "Town": "Allama Iqbal Town", "UC_N0": "UC_120", "Landuse": "R", "KA": null, "Name": null, "Plot_No": "101", "Block": "B", "Plot_Size": "1K", "Road_Width": null, "Classifica": null, "Category": null, "MAP": null, "__source_file": "revenu.shp" }, "geometry": { "type": "Polygon", "coordinates": [ [ [ 74.293560433760362, 31.447414670046264 ], [ 74.293551911995849, 31.447076167467106 ], [ 74.293336868136052, 31.447081217519699 ], [ 74.293345434916034, 31.447418386860793 ], [ 74.293437416334086, 31.447416644100205 ], [ 74.293560433760362, 31.447414670046264 ] ] ] } },
{ "type": "Feature", "properties": { "OBJECTID": 160997, "SHAPE_Leng": 117.059337043, "SHAPE_Area": 787.25327689200003, "Town": "Allama Iqbal Town", "UC_N0": "UC_120", "Landuse": "R", "KA": null, "Name": null, "Plot_No": "111", "Block": "B", "Plot_Size": "1K", "Road_Width": null, "Classifica": null, "Category": null, "MAP": null, "__source_file": "revenu.shp" }, "geometry": { "type": "Polygon", "coordinates": [ [ [ 74.293336868136052, 31.447081217519699 ], [ 74.293328247280101, 31.446741863568104 ], [ 74.293108925786044, 31.446747809017239 ], [ 74.293115429818641, 31.447086416880659 ], [ 74.293336868136052, 31.447081217519699 ] ] ] } },
{ "type": "Feature", "properties": { "OBJECTID": 160998, "SHAPE_Leng": 116.94693232100001, "SHAPE_Area": 789.34817446700004, "Town": "Allama Iqbal Town", "UC_N0": "UC_120", "Landuse": "R", "KA": null, "Name": null, "Plot_No": "102", "Block": "B", "Plot_Size": "1K", "Road_Width": null, "Classifica": null, "Category": null, "MAP": null, "__source_file": "revenu.shp" }, "geometry": { "type": "Polygon", "coordinates": [ [ [ 74.293345434916034, 31.447418386860793 ], [ 74.293336868136052, 31.447081217519699 ], [ 74.293115429818641, 31.447086416880659 ], [ 74.293121887718641, 31.447422621838356 ], [ 74.293345434916034, 31.447418386860793 ] ] ] } },
{ "type": "Feature", "properties": { "OBJECTID": 160999, "SHAPE_Leng": 154.16235018899999, "SHAPE_Area": 1483.0610176299999, "Town": "Allama Iqbal Town", "UC_N0": "UC_120", "Landuse": "E", "KA": null, "Name": "Primary School", "Plot_No": null, "Block": "B", "Plot_Size": "1K", "Road_Width": null, "Classifica": null, "Category": null, "MAP": null, "__source_file": "revenu.shp" }, "geometry": { "type": "Polygon", "coordinates": [ [ [ 74.292076995911032, 31.447110795828884 ], [ 74.292068106292731, 31.44677601825666 ], [ 74.291644164847497, 31.446787505773308 ], [ 74.291658360073896, 31.44712062192394 ], [ 74.292076995911032, 31.447110795828884 ] ] ] } },
{ "type": "Feature", "properties": { "OBJECTID": 161000, "SHAPE_Leng": 152.374241987, "SHAPE_Area": 1448.9608254300001, "Town": "Allama Iqbal Town", "UC_N0": "UC_120", "Landuse": "C", "KA": null, "Name": "Commercial Centre", "Plot_No": null, "Block": "B", "Plot_Size": "1K", "Road_Width": null, "Classifica": null, "Category": null, "MAP": null, "__source_file": "revenu.shp" }, "geometry": { "type": "Polygon", "coordinates": [ [ [ 74.29208579693281, 31.447442245477077 ], [ 74.292076995911032, 31.447110795828884 ], [ 74.291658360073896, 31.44712062192394 ], [ 74.29167239877971, 31.447450073243299 ], [ 74.29208579693281, 31.447442245477077 ] ] ] } },
{ "type": "Feature", "properties": { "OBJECTID": 161001, "SHAPE_Leng": 114.77333900799999, "SHAPE_Area": 757.45876690299997, "Town": "Allama Iqbal Town", "UC_N0": "UC_120", "Landuse": "R", "KA": null, "Name": null, "Plot_No": "106", "Block": "B", "Plot_Size": "1K", "Road_Width": null, "Classifica": null, "Category": null, "MAP": null, "__source_file": "revenu.shp" }, "geometry": { "type": "Polygon", "coordinates": [ [ [ 74.292299347051085, 31.447438201580979 ], [ 74.292296520712824, 31.44710564272857 ], [ 74.292076995911032, 31.447110795828884 ], [ 74.29208579693281, 31.447442245477077 ], [ 74.292299347051085, 31.447438201580979 ] ] ] } },
{ "type": "Feature", "properties": { "OBJECTID": 161002, "SHAPE_Leng": 112.553055676, "SHAPE_Area": 712.38719039399996, "Town": "Allama Iqbal Town", "UC_N0": "UC_120", "Landuse": "R", "KA": null, "Name": null, "Plot_No": "104", "Block": "B", "Plot_Size": "1K", "Road_Width": null, "Classifica": null, "Category": null, "MAP": null, "__source_file": "revenu.shp" }, "geometry": { "type": "Polygon", "coordinates": [ [ [ 74.2927170490196, 31.447430290895458 ], [ 74.292717464773688, 31.447095760526327 ], [ 74.29251604865523, 31.447100489269115 ], [ 74.292513518164782, 31.447434145420605 ], [ 74.2927170490196, 31.447430290895458 ] ] ] } },
{ "type": "Feature", "properties": { "OBJECTID": 161003, "SHAPE_Leng": 115.068491534, "SHAPE_Area": 760.79530650599997, "Town": "Allama Iqbal Town", "UC_N0": "UC_120", "Landuse": "R", "KA": null, "Name": null, "Plot_No": "105", "Block": "B", "Plot_Size": "1K", "Road_Width": null, "Classifica": null, "Category": null, "MAP": null, "__source_file": "revenu.shp" }, "geometry": { "type": "Polygon", "coordinates": [ [ [ 74.292513518164782, 31.447434145420605 ], [ 74.29251604865523, 31.447100489269115 ], [ 74.292296520712824, 31.44710564272857 ], [ 74.292299347051085, 31.447438201580979 ], [ 74.292513518164782, 31.447434145420605 ] ] ] } },
{ "type": "Feature", "properties": { "OBJECTID": 161054, "SHAPE_Leng": 84.685730470899998, "SHAPE_Area": 351.45901741199998, "Town": "Allama Iqbal Town", "UC_N0": "UC_120", "Landuse": "R", "KA": null, "Name": null, "Plot_No": "56A", "Block": "B", "Plot_Size": "1K", "Road_Width": null, "Classifica": null, "Category": null, "MAP": null, "__source_file": "revenu.shp" }, "geometry": { "type": "Polygon", "coordinates": [ [ [ 74.296039276161778, 31.448559437780681 ], [ 74.295974443653037, 31.448466918844716 ], [ 74.295699712298244, 31.448618396699299 ], [ 74.29575827273375, 31.448701000986055 ], [ 74.296039276161778, 31.448559437780681 ] ] ] } },
{ "type": "Feature", "properties": { "OBJECTID": 161385, "SHAPE_Leng": 159.22691151800001, "SHAPE_Area": 1260.9685708100001, "Town": "Allama Iqbal Town", "UC_N0": "UC_120", "Landuse": "V", "KA": null, "Name": null, "Plot_No": "60", "Block": "B", "Plot_Size": "1K", "Road_Width": null, "Classifica": null, "Category": null, "MAP": null, "__source_file": "revenu.shp" }, "geometry": { "type": "Polygon", "coordinates": [ [ [ 74.296377702433219, 31.449042383387784 ], [ 74.296091041608605, 31.449170390924383 ], [ 74.295894523279244, 31.449258145116353 ], [ 74.296344300068597, 31.449381796790668 ], [ 74.296361170570123, 31.44938670556051 ], [ 74.296412908118356, 31.449406931709426 ], [ 74.296460438732765, 31.449433691223167 ], [ 74.296476876579703, 31.449445235294238 ], [ 74.296490653569819, 31.449413589521495 ], [ 74.296503710172615, 31.449365958622518 ], [ 74.296508340085936, 31.449317190647541 ], [ 74.296504439404998, 31.4492683758208 ], [ 74.296492095765075, 31.449220604514636 ], [ 74.296471585351497, 31.449174944677431 ], [ 74.296443365733865, 31.449132414727632 ], [ 74.296428148908959, 31.449114372293536 ], [ 74.296377702433219, 31.449042383387784 ] ] ] } },
{ "type": "Feature", "properties": { "OBJECTID": 161386, "SHAPE_Leng": 104.06423561299999, "SHAPE_Area": 653.89782367800001, "Town": "Allama Iqbal Town", "UC_N0": "UC_120", "Landuse": "R", "KA": null, "Name": null, "Plot_No": "59", "Block": "B", "Plot_Size": "1K", "Road_Width": null, "Classifica": null, "Category": null, "MAP": null, "__source_file": "revenu.shp" }, "geometry": { "type": "Polygon", "coordinates": [ [ [ 74.296318419002247, 31.44895778451766 ], [ 74.296034126989213, 31.449090109752976 ], [ 74.296091041608605, 31.449170390924383 ], [ 74.296377702433219, 31.449042383387795 ], [ 74.296318419002247, 31.44895778451766 ] ] ] } },
{ "type": "Feature", "properties": { "OBJECTID": 161387, "SHAPE_Leng": 104.207356903, "SHAPE_Area": 570.89451947099997, "Town": "Allama Iqbal Town", "UC_N0": "UC_120", "Landuse": "R", "KA": null, "Name": null, "Plot_No": "60A", "Block": "B", "Plot_Size": "1K", "Road_Width": null, "Classifica": null, "Category": null, "MAP": null, "__source_file": "revenu.shp" }, "geometry": { "type": "Polygon", "coordinates": [ [ [ 74.296091041608605, 31.449170390924383 ], [ 74.295979877715993, 31.449013588048221 ], [ 74.295641404832821, 31.44918855767569 ], [ 74.295894523279244, 31.449258145116353 ], [ 74.296091041608605, 31.449170390924383 ] ] ] } },
{ "type": "Feature", "properties": { "OBJECTID": 161388, "SHAPE_Leng": 153.709467459, "SHAPE_Area": 1498.3095101399999, "Town": "Allama Iqbal Town", "UC_N0": "UC_120", "Landuse": "R", "KA": null, "Name": null, "Plot_No": "52", "Block": "B", "Plot_Size": "1K", "Road_Width": null, "Classifica": null, "Category": null, "MAP": null, "__source_file": "revenu.shp" }, "geometry": { "type": "Polygon", "coordinates": [ [ [ 74.295687290527894, 31.448056991745631 ], [ 74.295659461027029, 31.448027537957632 ], [ 74.295625464315151, 31.448003303926235 ], [ 74.295586606817025, 31.447985222517183 ], [ 74.295363806271197, 31.448272261734022 ], [ 74.295403420966622, 31.448278050906897 ], [ 74.295440642547277, 31.448291003228043 ], [ 74.295687290527894, 31.448056991745631 ] ] ] } },
{ "type": "Feature", "properties": { "OBJECTID": 161389, "SHAPE_Leng": 87.038318195399995, "SHAPE_Area": 391.87272537799998, "Town": "Allama Iqbal Town", "UC_N0": "UC_120", "Landuse": "R", "KA": null, "Name": null, "Plot_No": "57B", "Block": "B", "Plot_Size": "1K", "Road_Width": null, "Classifica": null, "Category": null, "MAP": null, "__source_file": "revenu.shp" }, "geometry": { "type": "Polygon", "coordinates": [ [ [ 74.29625709978005, 31.448870280338028 ], [ 74.296188083916348, 31.448771791940665 ], [ 74.295910367270849, 31.448915539780788 ], [ 74.295979877715993, 31.449013588048221 ], [ 74.29625709978005, 31.448870280338028 ] ] ] } },
{ "type": "Feature", "properties": { "OBJECTID": 161390, "SHAPE_Leng": 88.199865714200001, "SHAPE_Area": 408.48512401400001, "Town": "Allama Iqbal Town", "UC_N0": "UC_120", "Landuse": "R", "KA": null, "Name": null, "Plot_No": "57A", "Block": "B", "Plot_Size": "1K", "Road_Width": null, "Classifica": null, "Category": null, "MAP": null, "__source_file": "revenu.shp" }, "geometry": { "type": "Polygon", "coordinates": [ [ [ 74.296188083916348, 31.448771791940665 ], [ 74.296118032093531, 31.448671825376696 ], [ 74.295836318425344, 31.448811088675203 ], [ 74.295865291001348, 31.448851957383251 ], [ 74.295910367270849, 31.448915539780788 ], [ 74.296188083916348, 31.448771791940665 ] ] ] } },
{ "type": "Feature", "properties": { "OBJECTID": 161391, "SHAPE_Leng": 90.681527088500005, "SHAPE_Area": 445.571764503, "Town": "Allama Iqbal Town", "UC_N0": "UC_120", "Landuse": "R", "KA": null, "Name": null, "Plot_No": "57", "Block": "B", "Plot_Size": "1K", "Road_Width": null, "Classifica": null, "Category": null, "MAP": null, "__source_file": "revenu.shp" }, "geometry": { "type": "Polygon", "coordinates": [ [ [ 74.296118032093531, 31.448671825376696 ], [ 74.296039276161778, 31.448559437780681 ], [ 74.29575827273375, 31.448701000986055 ], [ 74.295836318425344, 31.448811088675203 ], [ 74.296118032093531, 31.448671825376696 ] ] ] } },
{ "type": "Feature", "properties": { "OBJECTID": 161392, "SHAPE_Leng": 135.573876493, "SHAPE_Area": 1127.5641970300001, "Town": "Allama Iqbal Town", "UC_N0": "UC_120", "Landuse": "R", "KA": null, "Name": null, "Plot_No": "62", "Block": "B", "Plot_Size": "1K", "Road_Width": null, "Classifica": null, "Category": null, "MAP": null, "__source_file": "revenu.shp" }, "geometry": { "type": "Polygon", "coordinates": [ [ [ 74.295865291001348, 31.448851957383251 ], [ 74.295836318425344, 31.448811088675203 ], [ 74.29575827273375, 31.448701000986055 ], [ 74.295699712298244, 31.448618396699299 ], [ 74.295356554736003, 31.44880759955084 ], [ 74.295422958146034, 31.448899693460408 ], [ 74.295514035135781, 31.449022656539377 ], [ 74.295865291001348, 31.448851957383251 ] ] ] } },
{ "type": "Feature", "properties": { "OBJECTID": 161393, "SHAPE_Leng": 185.91995742099999, "SHAPE_Area": 1703.5096547600001, "Town": "Allama Iqbal Town", "UC_N0": "UC_120", "Landuse": "P", "KA": null, "Name": "Awais Karni Park", "Plot_No": null, "Block": "B", "Plot_Size": "3.636K", "Road_Width": null, "Classifica": null, "Category": null, "MAP": null, "__source_file": "revenu.shp" }, "geometry": { "type": "Polygon", "coordinates": [ [ [ 74.294833525403348, 31.44864503409103 ], [ 74.294827940517919, 31.448644996127452 ], [ 74.294842036721406, 31.448962086918911 ], [ 74.294990329832615, 31.449002856571873 ], [ 74.295477805350089, 31.4491368760436 ], [ 74.295442945290844, 31.449084379430779 ], [ 74.29532755928777, 31.448920257356967 ], [ 74.29527285823356, 31.448847083449159 ], [ 74.295265784569807, 31.448838415621346 ], [ 74.295222853953135, 31.448793342288027 ], [ 74.295173672716729, 31.448753236499368 ], [ 74.295119015961205, 31.448718731366643 ], [ 74.295059745752738, 31.448690370257374 ], [ 74.294996796423959, 31.448668602203924 ], [ 74.294931160988327, 31.448653769197826 ], [ 74.294863875362097, 31.448646105201266 ], [ 74.294833525403348, 31.44864503409103 ] ] ] } },
{ "type": "Feature", "properties": { "OBJECTID": 161394, "SHAPE_Leng": 118.9012551, "SHAPE_Area": 815.55035695599997, "Town": "Allama Iqbal Town", "UC_N0": "UC_120", "Landuse": "R", "KA": null, "Name": null, "Plot_No": "61", "Block": "B", "Plot_Size": "1K", "Road_Width": null, "Classifica": null, "Category": null, "MAP": null, "__source_file": "revenu.shp" }, "geometry": { "type": "Polygon", "coordinates": [ [ [ 74.295979877715993, 31.449013588048221 ], [ 74.295910367270849, 31.448915539780788 ], [ 74.295865291001348, 31.448851957383251 ], [ 74.295514035135781, 31.449022656539377 ], [ 74.295597458337653, 31.449132085543969 ], [ 74.295641404832821, 31.44918855767569 ], [ 74.295979877715993, 31.449013588048221 ] ] ] } },
{ "type": "Feature", "properties": { "OBJECTID": 161924, "SHAPE_Leng": 84.067111118200003, "SHAPE_Area": 386.26444949099999, "Town": "Allama Iqbal Town", "UC_N0": "UC_120", "Landuse": "R", "KA": null, "Name": null, "Plot_No": "48", "Block": "B", "Plot_Size": "1K", "Road_Width": null, "Classifica": null, "Category": null, "MAP": null, "__source_file": "revenu.shp" }, "geometry": { "type": "Polygon", "coordinates": [ [ [ 74.29620189177551, 31.44815476079777 ], [ 74.296160507385252, 31.448100486321444 ], [ 74.296126742736789, 31.448044911186678 ], [ 74.295868818343294, 31.448171124654454 ], [ 74.295939375706169, 31.448275740610963 ], [ 74.29620189177551, 31.44815476079777 ] ] ] } },
{ "type": "Feature", "properties": { "OBJECTID": 161925, "SHAPE_Leng": 78.417001534199997, "SHAPE_Area": 301.67943764099999, "Town": "Allama Iqbal Town", "UC_N0": "UC_120", "Landuse": "R", "KA": null, "Name": null, "Plot_No": "47", "Block": "B", "Plot_Size": "1K", "Road_Width": null, "Classifica": null, "Category": null, "MAP": null, "__source_file": "revenu.shp" }, "geometry": { "type": "Polygon", "coordinates": [ [ [ 74.296265288392647, 31.448237902995437 ], [ 74.29620189177551, 31.44815476079777 ], [ 74.295939375706169, 31.448275740610963 ], [ 74.295992710954167, 31.448354821744367 ], [ 74.296265288392647, 31.448237902995437 ] ] ] } },
{ "type": "Feature", "properties": { "OBJECTID": 161926, "SHAPE_Leng": 85.356974867900007, "SHAPE_Area": 390.67135298, "Town": "Allama Iqbal Town", "UC_N0": "UC_120", "Landuse": "R", "KA": null, "Name": null, "Plot_No": "46", "Block": "B", "Plot_Size": "1K", "Road_Width": null, "Classifica": null, "Category": null, "MAP": null, "__source_file": "revenu.shp" }, "geometry": { "type": "Polygon", "coordinates": [ [ [ 74.296340467144304, 31.448336497389793 ], [ 74.296265288392647, 31.448237902995437 ], [ 74.295992710954167, 31.448354821744367 ], [ 74.296064858006204, 31.448461793966381 ], [ 74.296340467144304, 31.448336497389793 ] ] ] } },
{ "type": "Feature", "properties": { "OBJECTID": 161927, "SHAPE_Leng": 80.957824830600003, "SHAPE_Area": 315.070130441, "Town": "Allama Iqbal Town", "UC_N0": "UC_120", "Landuse": "R", "KA": null, "Name": null, "Plot_No": "45", "Block": "B", "Plot_Size": "1K", "Road_Width": null, "Classifica": null, "Category": null, "MAP": null, "__source_file": "revenu.shp" }, "geometry": { "type": "Polygon", "coordinates": [ [ [ 74.296400851001039, 31.448415689254592 ], [ 74.296340467144304, 31.448336497389793 ], [ 74.296064858006204, 31.448461793966381 ], [ 74.296120782123083, 31.44854471291676 ], [ 74.296400851001039, 31.448415689254592 ] ] ] } },
{ "type": "Feature", "properties": { "OBJECTID": 161928, "SHAPE_Leng": 85.120055894399997, "SHAPE_Area": 353.521679183, "Town": "Allama Iqbal Town", "UC_N0": "UC_120", "Landuse": "R", "KA": null, "Name": null, "Plot_No": "44A", "Block": "B", "Plot_Size": "1K", "Road_Width": null, "Classifica": null, "Category": null, "MAP": null, "__source_file": "revenu.shp" }, "geometry": { "type": "Polygon", "coordinates": [ [ [ 74.296532196338759, 31.448587942301174 ], [ 74.296475286955143, 31.448513307789728 ], [ 74.296184671137027, 31.448639440663406 ], [ 74.296252183576698, 31.448739541205715 ], [ 74.296532196338759, 31.448587942301174 ] ] ] } },
{ "type": "Feature", "properties": { "OBJECTID": 161940, "SHAPE_Leng": 114.118691836, "SHAPE_Area": 757.209584339, "Town": "Allama Iqbal Town", "UC_N0": "UC_120", "Landuse": "R", "KA": null, "Name": null, "Plot_No": "178", "Block": "B", "Plot_Size": "1K", "Road_Width": null, "Classifica": null, "Category": null, "MAP": null, "__source_file": "revenu.shp" }, "geometry": { "type": "Polygon", "coordinates": [ [ [ 74.294204606386842, 31.445393619585371 ], [ 74.294160125413498, 31.445332001304365 ], [ 74.294113123923509, 31.445266891027615 ], [ 74.29404653180643, 31.445174643808787 ], [ 74.293810818263239, 31.445421601783949 ], [ 74.293902884741499, 31.445549986653994 ], [ 74.294204606386842, 31.445393619585371 ] ] ] } },
{ "type": "Feature", "properties": { "OBJECTID": 161941, "SHAPE_Leng": 102.72353310699999, "SHAPE_Area": 450.19266929499997, "Town": "Allama Iqbal Town", "UC_N0": "UC_120", "Landuse": "R", "KA": null, "Name": null, "Plot_No": "170", "Block": "B", "Plot_Size": "1K", "Road_Width": null, "Classifica": null, "Category": null, "MAP": null, "__source_file": "revenu.shp" }, "geometry": { "type": "Polygon", "coordinates": [ [ [ 74.295060587588907, 31.446513414360705 ], [ 74.295052182511682, 31.4465046498722 ], [ 74.295052117732183, 31.446504587261945 ], [ 74.295004366030128, 31.446459677688562 ], [ 74.294979629480679, 31.446435377160942 ], [ 74.294973252575417, 31.446428975037282 ], [ 74.294632493558396, 31.44659502455983 ], [ 74.294654194651486, 31.446650972145243 ], [ 74.294665575518096, 31.446687738365675 ], [ 74.295060587588907, 31.446513414360705 ] ] ] } },
{ "type": "Feature", "properties": { "OBJECTID": 161942, "SHAPE_Leng": 97.967417096099993, "SHAPE_Area": 467.656174652, "Town": "Allama Iqbal Town", "UC_N0": "UC_120", "Landuse": "R", "KA": null, "Name": null, "Plot_No": "171", "Block": "B", "Plot_Size": "1K", "Road_Width": null, "Classifica": null, "Category": null, "MAP": null, "__source_file": "revenu.shp" }, "geometry": { "type": "Polygon", "coordinates": [ [ [ 74.294973252575417, 31.446428975037282 ], [ 74.294925903929254, 31.446379579968802 ], [ 74.294892819545836, 31.446342955950954 ], [ 74.294892769458883, 31.44634289883486 ], [ 74.29489271936518, 31.446342842620965 ], [ 74.294888748889221, 31.446338320449925 ], [ 74.294571487601118, 31.446483054990406 ], [ 74.294588384285902, 31.446509810693513 ], [ 74.29462526361803, 31.446579011695935 ], [ 74.294632493558396, 31.44659502455983 ], [ 74.294973252575417, 31.446428975037282 ] ] ] } },
{ "type": "Feature", "properties": { "OBJECTID": 161943, "SHAPE_Leng": 114.519197084, "SHAPE_Area": 793.34273763199997, "Town": "Allama Iqbal Town", "UC_N0": "UC_120", "Landuse": "R", "KA": null, "Name": null, "Plot_No": "174A", "Block": "B", "Plot_Size": "1K", "Road_Width": null, "Classifica": null, "Category": null, "MAP": null, "__source_file": "revenu.shp" }, "geometry": { "type": "Polygon", "coordinates": [ [ [ 74.294627813447761, 31.445979867206052 ], [ 74.294555300483154, 31.445879420115798 ], [ 74.294254944275764, 31.446040922876978 ], [ 74.294324040479609, 31.446137275050688 ], [ 74.294627813447761, 31.445979867206052 ] ] ] } },
{ "type": "Feature", "properties": { "OBJECTID": 161944, "SHAPE_Leng": 91.761600560100007, "SHAPE_Area": 410.99701523200002, "Town": "Allama Iqbal Town", "UC_N0": "UC_120", "Landuse": "R", "KA": null, "Name": null, "Plot_No": "175", "Block": "B", "Plot_Size": "1K", "Road_Width": null, "Classifica": null, "Category": null, "MAP": null, "__source_file": "revenu.shp" }, "geometry": { "type": "Polygon", "coordinates": [ [ [ 74.294555300483168, 31.445879420115798 ], [ 74.294533034769202, 31.445848575712461 ], [ 74.294490134461938, 31.445789149644455 ], [ 74.294185246127697, 31.445943731552763 ], [ 74.294254944275764, 31.446040922876946 ], [ 74.294555300483168, 31.445879420115798 ] ] ] } },
{ "type": "Feature", "properties": { "OBJECTID": 161945, "SHAPE_Leng": 92.357732366500002, "SHAPE_Area": 421.73479089, "Town": "Allama Iqbal Town", "UC_N0": "UC_120", "Landuse": "R", "KA": null, "Name": null, "Plot_No": "175A", "Block": "B", "Plot_Size": "1K", "Road_Width": null, "Classifica": null, "Category": null, "MAP": null, "__source_file": "revenu.shp" }, "geometry": { "type": "Polygon", "coordinates": [ [ [ 74.294490134461938, 31.445789149644455 ], [ 74.294474706706694, 31.445767777494748 ], [ 74.294421676175673, 31.445694316480754 ], [ 74.294420599185642, 31.445692825480453 ], [ 74.294116231342116, 31.445847493100558 ], [ 74.294185246127697, 31.445943731552763 ], [ 74.294490134461938, 31.445789149644455 ] ] ] } },
{ "type": "Feature", "properties": { "OBJECTID": 161946, "SHAPE_Leng": 91.933511865300005, "SHAPE_Area": 415.24350906000001, "Town": "Allama Iqbal Town", "UC_N0": "UC_120", "Landuse": "R", "KA": null, "Name": null, "Plot_No": "176", "Block": "B", "Plot_Size": "1K", "Road_Width": null, "Classifica": null, "Category": null, "MAP": null, "__source_file": "revenu.shp" }, "geometry": { "type": "Polygon", "coordinates": [ [ [ 74.294420599185642, 31.445692825480453 ], [ 74.294373315068967, 31.445627324882249 ], [ 74.294353218005853, 31.445599485987692 ], [ 74.294047051106119, 31.44575102272875 ], [ 74.294116231342116, 31.445847493100558 ], [ 74.294420599185642, 31.445692825480453 ] ] ] } },
{ "type": "Feature", "properties": { "OBJECTID": 161947, "SHAPE_Leng": 93.812128593500006, "SHAPE_Area": 447.54183036500001, "Town": "Allama Iqbal Town", "UC_N0": "UC_120", "Landuse": "R", "KA": null, "Name": null, "Plot_No": "177", "Block": "B", "Plot_Size": "1K", "Road_Width": null, "Classifica": null, "Category": null, "MAP": null, "__source_file": "revenu.shp" }, "geometry": { "type": "Polygon", "coordinates": [ [ [ 74.294353218005853, 31.445599485987692 ], [ 74.294329633795527, 31.445566815393086 ], [ 74.294284937057739, 31.445504898231526 ], [ 74.29427856267462, 31.445496068190302 ], [ 74.293974347644152, 31.445649639213681 ], [ 74.294047051106119, 31.44575102272875 ], [ 74.294353218005853, 31.445599485987692 ] ] ] } },
{ "type": "Feature", "properties": { "OBJECTID": 161948, "SHAPE_Leng": 93.369368546600001, "SHAPE_Area": 441.12826438399998, "Town": "Allama Iqbal Town", "UC_N0": "UC_120", "Landuse": "R", "KA": null, "Name": null, "Plot_No": "177A", "Block": "B", "Plot_Size": "1K", "Road_Width": null, "Classifica": null, "Category": null, "MAP": null, "__source_file": "revenu.shp" }, "geometry": { "type": "Polygon", "coordinates": [ [ [ 74.29427856267462, 31.445496068190302 ], [ 74.294247914619206, 31.445453612791798 ], [ 74.294204606386842, 31.445393619585371 ], [ 74.293902884741499, 31.445549986653994 ], [ 74.293974347644152, 31.445649639213681 ], [ 74.29427856267462, 31.445496068190302 ] ] ] } },
{ "type": "Feature", "properties": { "OBJECTID": 161855, "SHAPE_Leng": 137.16682185799999, "SHAPE_Area": 1128.7574202799999, "Town": "Allama Iqbal Town", "UC_N0": "UC_120", "Landuse": "R", "KA": null, "Name": null, "Plot_No": "201", "Block": "B", "Plot_Size": "1K", "Road_Width": null, "Classifica": null, "Category": null, "MAP": null, "__source_file": "revenu.shp" }, "geometry": { "type": "Polygon", "coordinates": [ [ [ 74.290276943970298, 31.445265692057557 ], [ 74.29027425545695, 31.445513588495597 ], [ 74.290402498565925, 31.445510250321274 ], [ 74.290404306520813, 31.44526254095172 ], [ 74.290382064583881, 31.445263091707186 ], [ 74.290309648572219, 31.445264882947185 ], [ 74.290276943970298, 31.445265692057557 ] ] ] } },
{ "type": "Feature", "properties": { "OBJECTID": 161860, "SHAPE_Leng": 85.192959041600005, "SHAPE_Area": 415.766239337, "Town": "Allama Iqbal Town", "UC_N0": "UC_120", "Landuse": "R", "KA": null, "Name": null, "Plot_No": "185", "Block": "B", "Plot_Size": "1K", "Road_Width": null, "Classifica": null, "Category": null, "MAP": null, "__source_file": "revenu.shp" }, "geometry": { "type": "Polygon", "coordinates": [ [ [ 74.292931241885938, 31.445442447084517 ], [ 74.292924096016009, 31.445194298429531 ], [ 74.292841110066931, 31.445197343696158 ], [ 74.292767067576492, 31.445200060251949 ], [ 74.292769528620113, 31.445446983985445 ], [ 74.292931241885938, 31.445442447084517 ] ] ] } },
{ "type": "Feature", "properties": { "OBJECTID": 161862, "SHAPE_Leng": 80.7576471422, "SHAPE_Area": 348.54432153800002, "Town": "Allama Iqbal Town", "UC_N0": "UC_120", "Landuse": "R", "KA": null, "Name": null, "Plot_No": "183", "Block": "B", "Plot_Size": "1K", "Road_Width": null, "Classifica": null, "Category": null, "MAP": null, "__source_file": "revenu.shp" }, "geometry": { "type": "Polygon", "coordinates": [ [ [ 74.29335469286643, 31.445430566387891 ], [ 74.293352411390856, 31.445178582139437 ], [ 74.293220198558686, 31.445183433920544 ], [ 74.29322373453823, 31.445434240463531 ], [ 74.29335469286643, 31.445430566387891 ] ] ] } },
{ "type": "Feature", "properties": { "OBJECTID": 161867, "SHAPE_Leng": 86.134745740499994, "SHAPE_Area": 425.21331913199998, "Town": "Allama Iqbal Town", "UC_N0": "UC_120", "Landuse": "R", "KA": null, "Name": null, "Plot_No": "184", "Block": "B", "Plot_Size": "1K", "Road_Width": null, "Classifica": null, "Category": null, "MAP": null, "__source_file": "revenu.shp" }, "geometry": { "type": "Polygon", "coordinates": [ [ [ 74.29322373453823, 31.445434240463531 ], [ 74.293220198558686, 31.445183433920544 ], [ 74.293164047209771, 31.445185494252335 ], [ 74.293084602446442, 31.445188409446629 ], [ 74.293059162648845, 31.445189342707216 ], [ 74.293062086551544, 31.445438776289812 ], [ 74.29322373453823, 31.445434240463531 ] ] ] } },
{ "type": "Feature", "properties": { "OBJECTID": 161869, "SHAPE_Leng": 80.447862608500003, "SHAPE_Area": 348.622872175, "Town": "Allama Iqbal Town", "UC_N0": "UC_120", "Landuse": "R", "KA": null, "Name": null, "Plot_No": "184A", "Block": "B", "Plot_Size": "1K", "Road_Width": null, "Classifica": null, "Category": null, "MAP": null, "__source_file": "revenu.shp" }, "geometry": { "type": "Polygon", "coordinates": [ [ [ 74.293062086551544, 31.445438776289812 ], [ 74.293059162648845, 31.445189342707216 ], [ 74.293008645163397, 31.445191196776062 ], [ 74.292924096016009, 31.445194298429531 ], [ 74.292931241885938, 31.445442447084517 ], [ 74.293062086551544, 31.445438776289812 ] ] ] } },
{ "type": "Feature", "properties": { "OBJECTID": 161870, "SHAPE_Leng": 113.800407718, "SHAPE_Area": 807.56273998500001, "Town": "Allama Iqbal Town", "UC_N0": "UC_120", "Landuse": "R", "KA": null, "Name": null, "Plot_No": "190", "Block": "B", "Plot_Size": "1K", "Road_Width": null, "Classifica": null, "Category": null, "MAP": null, "__source_file": "revenu.shp" }, "geometry": { "type": "Polygon", "coordinates": [ [ [ 74.292176433427414, 31.445463621024398 ], [ 74.292178364781165, 31.445218641663665 ], [ 74.292012866919109, 31.445222738127697 ], [ 74.292014360616292, 31.445468166931015 ], [ 74.292176433427414, 31.445463621024398 ] ] ] } },
{ "type": "Feature", "properties": { "OBJECTID": 161872, "SHAPE_Leng": 83.147603514599993, "SHAPE_Area": 392.06725061200001, "Town": "Allama Iqbal Town", "UC_N0": "UC_120", "Landuse": "R", "KA": null, "Name": null, "Plot_No": "188", "Block": "B", "Plot_Size": "1K", "Road_Width": null, "Classifica": null, "Category": null, "MAP": null, "__source_file": "revenu.shp" }, "geometry": { "type": "Polygon", "coordinates": [ [ [ 74.29248080317619, 31.445455083161349 ], [ 74.292477231477022, 31.445210693970498 ], [ 74.292431178335974, 31.445212383903066 ], [ 74.292404560876079, 31.445213042566738 ], [ 74.292322314939554, 31.445215078382073 ], [ 74.292330942172995, 31.445459287087353 ], [ 74.29248080317619, 31.445455083161349 ] ] ] } },
{ "type": "Feature", "properties": { "OBJECTID": 161877, "SHAPE_Leng": 83.320410757299996, "SHAPE_Area": 393.77057669599998, "Town": "Allama Iqbal Town", "UC_N0": "UC_120", "Landuse": "R", "KA": null, "Name": null, "Plot_No": "187", "Block": "B", "Plot_Size": "1K", "Road_Width": null, "Classifica": null, "Category": null, "MAP": null, "__source_file": "revenu.shp" }, "geometry": { "type": "Polygon", "coordinates": [ [ [ 74.292636134535911, 31.445450726114878 ], [ 74.2926268923257, 31.445205203088619 ], [ 74.292477231477022, 31.445210693970498 ], [ 74.29248080317619, 31.445455083161349 ], [ 74.292636134535911, 31.445450726114878 ] ] ] } },
{ "type": "Feature", "properties": { "OBJECTID": 161878, "SHAPE_Leng": 80.612318469800002, "SHAPE_Area": 355.00233784900001, "Town": "Allama Iqbal Town", "UC_N0": "UC_120", "Landuse": "R", "KA": null, "Name": null, "Plot_No": "186", "Block": "B", "Plot_Size": "1K", "Road_Width": null, "Classifica": null, "Category": null, "MAP": null, "__source_file": "revenu.shp" }, "geometry": { "type": "Polygon", "coordinates": [ [ [ 74.292769528620113, 31.445446983985445 ], [ 74.292767067576492, 31.445200060251949 ], [ 74.292696194661232, 31.445202660735969 ], [ 74.2926268923257, 31.445205203088619 ], [ 74.292636134535911, 31.445450726114878 ], [ 74.292769528620113, 31.445446983985445 ] ] ] } },
{ "type": "Feature", "properties": { "OBJECTID": 161879, "SHAPE_Leng": 80.966554361700005, "SHAPE_Area": 360.66027406000001, "Town": "Allama Iqbal Town", "UC_N0": "UC_120", "Landuse": "R", "KA": null, "Name": null, "Plot_No": "191", "Block": "B", "Plot_Size": "1K", "Road_Width": null, "Classifica": null, "Category": null, "MAP": null, "__source_file": "revenu.shp" }, "geometry": { "type": "Polygon", "coordinates": [ [ [ 74.292014360616292, 31.445468166930997 ], [ 74.292012866919109, 31.445222738127683 ], [ 74.291943410783944, 31.445224457330117 ], [ 74.29187677554502, 31.445226106376857 ], [ 74.291871656471031, 31.445471996653364 ], [ 74.291957967469685, 31.445469749019171 ], [ 74.292014360616292, 31.445468166930997 ] ] ] } },
{ "type": "Feature", "properties": { "OBJECTID": 161880, "SHAPE_Leng": 84.870501578599999, "SHAPE_Area": 413.26364513800002, "Town": "Allama Iqbal Town", "UC_N0": "UC_120", "Landuse": "R", "KA": null, "Name": null, "Plot_No": "192", "Block": "B", "Plot_Size": "1K", "Road_Width": null, "Classifica": null, "Category": null, "MAP": null, "__source_file": "revenu.shp" }, "geometry": { "type": "Polygon", "coordinates": [ [ [ 74.291871656471031, 31.445471996653364 ], [ 74.29187677554502, 31.445226106376857 ], [ 74.29181058343859, 31.445227744305324 ], [ 74.291750530989077, 31.445229230286134 ], [ 74.291715596083947, 31.445230095443971 ], [ 74.291713658038674, 31.445476111565924 ], [ 74.291871656471031, 31.445471996653364 ] ] ] } },
{ "type": "Feature", "properties": { "OBJECTID": 161881, "SHAPE_Leng": 86.619062228100006, "SHAPE_Area": 436.860857157, "Town": "Allama Iqbal Town", "UC_N0": "UC_120", "Landuse": "R", "KA": null, "Name": null, "Plot_No": "192A", "Block": "B", "Plot_Size": "1K", "Road_Width": null, "Classifica": null, "Category": null, "MAP": null, "__source_file": "revenu.shp" }, "geometry": { "type": "Polygon", "coordinates": [ [ [ 74.291713658038674, 31.445476111565924 ], [ 74.291715596083947, 31.445230095443971 ], [ 74.291658496099387, 31.445231508385611 ], [ 74.291572133527694, 31.44523364546297 ], [ 74.29154823380189, 31.445234236875606 ], [ 74.291543908525895, 31.445480532110118 ], [ 74.291713658038674, 31.445476111565924 ] ] ] } },
{ "type": "Feature", "properties": { "OBJECTID": 161882, "SHAPE_Leng": 83.958602278599997, "SHAPE_Area": 400.26681259499998, "Town": "Allama Iqbal Town", "UC_N0": "UC_120", "Landuse": "R", "KA": null, "Name": null, "Plot_No": "193", "Block": "B", "Plot_Size": "1K", "Road_Width": null, "Classifica": null, "Category": null, "MAP": null, "__source_file": "revenu.shp" }, "geometry": { "type": "Polygon", "coordinates": [ [ [ 74.291543908525895, 31.445480532110118 ], [ 74.29154823380189, 31.445234236875606 ], [ 74.291485276241133, 31.445235795083693 ], [ 74.29139310345964, 31.445238075838585 ], [ 74.291390427772569, 31.445484529056674 ], [ 74.291543908525895, 31.445480532110118 ] ] ] } },
{ "type": "Feature", "properties": { "OBJECTID": 162583, "SHAPE_Leng": 86.5429816284, "SHAPE_Area": 409.491838331, "Town": "Allama Iqbal Town", "UC_N0": "UC_120", "Landuse": "R", "KA": null, "Name": null, "Plot_No": "219", "Block": "B", "Plot_Size": "1K", "Road_Width": null, "Classifica": null, "Category": null, "MAP": null, "__source_file": "revenu.shp" }, "geometry": { "type": "Polygon", "coordinates": [ [ [ 74.289205313512085, 31.445883785726846 ], [ 74.289198408215341, 31.445619150089289 ], [ 74.289051420976804, 31.445624459620539 ], [ 74.28905820654866, 31.445888171618222 ], [ 74.289205313512085, 31.445883785726846 ] ] ] } },
{ "type": "Feature", "properties": { "OBJECTID": 162584, "SHAPE_Leng": 80.311150030799993, "SHAPE_Area": 366.02039019199998, "Town": "Allama Iqbal Town", "UC_N0": "UC_120", "Landuse": "R", "KA": null, "Name": null, "Plot_No": "242", "Block": "B", "Plot_Size": "1K", "Road_Width": null, "Classifica": null, "Category": null, "MAP": null, "__source_file": "revenu.shp" }, "geometry": { "type": "Polygon", "coordinates": [ [ [ 74.289211450768676, 31.446118984610319 ], [ 74.289205313512085, 31.445883785726846 ], [ 74.28905820654866, 31.445888171618222 ], [ 74.289064297908965, 31.44612494012712 ], [ 74.289211450768676, 31.446118984610319 ] ] ] } },
{ "type": "Feature", "properties": { "OBJECTID": 162585, "SHAPE_Leng": 85.640236022699995, "SHAPE_Area": 394.666133522, "Town": "Allama Iqbal Town", "UC_N0": "UC_120", "Landuse": "V", "KA": null, "Name": null, "Plot_No": "220", "Block": "B", "Plot_Size": "1K", "Road_Width": null, "Classifica": null, "Category": null, "MAP": null, "__source_file": "revenu.shp" }, "geometry": { "type": "Polygon", "coordinates": [ [ [ 74.289346285786095, 31.445879583069921 ], [ 74.289339911034702, 31.445614039129055 ], [ 74.289198408215341, 31.445619150089289 ], [ 74.289205313512085, 31.445883785726846 ], [ 74.289346285786095, 31.445879583069921 ] ] ] } },
{ "type": "Feature", "properties": { "OBJECTID": 162586, "SHAPE_Leng": 78.750631586599994, "SHAPE_Area": 347.772295386, "Town": "Allama Iqbal Town", "UC_N0": "UC_120", "Landuse": "R", "KA": null, "Name": null, "Plot_No": "241", "Block": "B", "Plot_Size": "1K", "Road_Width": null, "Classifica": null, "Category": null, "MAP": null, "__source_file": "revenu.shp" }, "geometry": { "type": "Polygon", "coordinates": [ [ [ 74.289351895756624, 31.446113300273169 ], [ 74.289346285786095, 31.445879583069921 ], [ 74.289205313512085, 31.445883785726846 ], [ 74.289211450768676, 31.446118984610319 ], [ 74.289351895756624, 31.446113300273169 ] ] ] } },
{ "type": "Feature", "properties": { "OBJECTID": 162587, "SHAPE_Leng": 85.033816667500005, "SHAPE_Area": 384.03424279199999, "Town": "Allama Iqbal Town", "UC_N0": "UC_120", "Landuse": "R", "KA": null, "Name": null, "Plot_No": "220A", "Block": "B", "Plot_Size": "1K", "Road_Width": null, "Classifica": null, "Category": null, "MAP": null, "__source_file": "revenu.shp" }, "geometry": { "type": "Polygon", "coordinates": [ [ [ 74.289481482322017, 31.445875552125276 ], [ 74.289478673750565, 31.445609026494669 ], [ 74.289339911034702, 31.445614039129055 ], [ 74.289346285786095, 31.445879583069921 ], [ 74.289481482322017, 31.445875552125276 ] ] ] } },
{ "type": "Feature", "properties": { "OBJECTID": 162588, "SHAPE_Leng": 77.086268752799995, "SHAPE_Area": 328.18487507600003, "Town": "Allama Iqbal Town", "UC_N0": "UC_120", "Landuse": "R", "KA": null, "Name": null, "Plot_No": "240", "Block": "B", "Plot_Size": "1K", "Road_Width": null, "Classifica": null, "Category": null, "MAP": null, "__source_file": "revenu.shp" }, "geometry": { "type": "Polygon", "coordinates": [ [ [ 74.289483931696694, 31.446107956195679 ], [ 74.289481482322017, 31.445875552125276 ], [ 74.289346285786095, 31.445879583069921 ], [ 74.289351895756624, 31.446113300273169 ], [ 74.289483931696694, 31.446107956195679 ] ] ] } },
{ "type": "Feature", "properties": { "OBJECTID": 162589, "SHAPE_Leng": 76.741089467099997, "SHAPE_Area": 367.27199272299998, "Town": "Allama Iqbal Town", "UC_N0": "UC_120", "Landuse": "R", "KA": null, "Name": null, "Plot_No": "250", "Block": "B", "Plot_Size": "1K", "Road_Width": null, "Classifica": null, "Category": null, "MAP": null, "__source_file": "revenu.shp" }, "geometry": { "type": "Polygon", "coordinates": [ [ [ 74.287985732867682, 31.446049264164813 ], [ 74.28798889585147, 31.445870110428974 ], [ 74.287794764909052, 31.4458697746526 ], [ 74.287794599304661, 31.445910857481092 ], [ 74.287794025070539, 31.44605215229479 ], [ 74.287793520959482, 31.446176364418704 ], [ 74.287983623547547, 31.44616867318258 ], [ 74.287985732867682, 31.446049264164813 ] ] ] } },
{ "type": "Feature", "properties": { "OBJECTID": 162590, "SHAPE_Leng": 65.346833822299999, "SHAPE_Area": 255.210997306, "Town": "Allama Iqbal Town", "UC_N0": "UC_120", "Landuse": "R", "KA": null, "Name": null, "Plot_No": "249", "Block": "B", "Plot_Size": "1K", "Road_Width": null, "Classifica": null, "Category": null, "MAP": null, "__source_file": "revenu.shp" }, "geometry": { "type": "Polygon", "coordinates": [ [ [ 74.288120685383205, 31.44604723164197 ], [ 74.288126217178089, 31.445870348286292 ], [ 74.28798889585147, 31.445870110428974 ], [ 74.287985732867682, 31.446049264164813 ], [ 74.287983623547547, 31.44616867318258 ], [ 74.28811705689408, 31.446163274197581 ], [ 74.288120685383205, 31.44604723164197 ] ] ] } },
{ "type": "Feature", "properties": { "OBJECTID": 162668, "SHAPE_Leng": 113.782799893, "SHAPE_Area": 808.07834383800002, "Town": "Allama Iqbal Town", "UC_N0": "UC_120", "Landuse": "R", "KA": null, "Name": null, "Plot_No": "230", "Block": "B", "Plot_Size": "1K", "Road_Width": null, "Classifica": null, "Category": null, "MAP": null, "__source_file": "revenu.shp" }, "geometry": { "type": "Polygon", "coordinates": [ [ [ 74.291515092467066, 31.445813636011817 ], [ 74.291367583870141, 31.445818136017198 ], [ 74.291208151123556, 31.445822999335238 ], [ 74.29121198268794, 31.44606905636126 ], [ 74.291524611334793, 31.44606256921714 ], [ 74.291515092467066, 31.445813636011817 ] ] ] } },
{ "type": "Feature", "properties": { "OBJECTID": 162669, "SHAPE_Leng": 86.944502851099998, "SHAPE_Area": 409.90518155799998, "Town": "Allama Iqbal Town", "UC_N0": "UC_120", "Landuse": "R", "KA": null, "Name": null, "Plot_No": "221A", "Block": "B", "Plot_Size": "1K", "Road_Width": null, "Classifica": null, "Category": null, "MAP": null, "__source_file": "revenu.shp" }, "geometry": { "type": "Polygon", "coordinates": [ [ [ 74.289909081669265, 31.445862621508091 ], [ 74.289912081530275, 31.445595425197542 ], [ 74.289764478807612, 31.445599630178972 ], [ 74.289643123807807, 31.445603086248084 ], [ 74.289640931150046, 31.445863567118128 ], [ 74.289640870148148, 31.445870801014543 ], [ 74.289765437774108, 31.445867002070237 ], [ 74.289909081669265, 31.445862621508091 ] ] ] } },
{ "type": "Feature", "properties": { "OBJECTID": 162671, "SHAPE_Leng": 188.674755742, "SHAPE_Area": 1774.8821450800001, "Town": "Allama Iqbal Town", "UC_N0": "UC_120", "Landuse": "R", "KA": null, "Name": null, "Plot_No": "237", "Block": "B", "Plot_Size": "1K", "Road_Width": null, "Classifica": null, "Category": null, "MAP": null, "__source_file": "revenu.shp" }, "geometry": { "type": "Polygon", "coordinates": [ [ [ 74.290173639248607, 31.44609059467334 ], [ 74.29015996943788, 31.445854970043353 ], [ 74.28992311998266, 31.445862193217458 ], [ 74.289938966877898, 31.446095461224964 ], [ 74.290173639248607, 31.44609059467334 ] ] ] } },
{ "type": "Feature", "properties": { "OBJECTID": 162672, "SHAPE_Leng": 143.67016994100001, "SHAPE_Area": 1248.8595130900001, "Town": "Allama Iqbal Town", "UC_N0": "UC_120", "Landuse": "R", "KA": null, "Name": null, "Plot_No": "222", "Block": "B", "Plot_Size": "1K", "Road_Width": null, "Classifica": null, "Category": null, "MAP": null, "__source_file": "revenu.shp" }, "geometry": { "type": "Polygon", "coordinates": [ [ [ 74.290142640184257, 31.445855498546749 ], [ 74.290144527700562, 31.445588801778509 ], [ 74.289912081651877, 31.44559542420259 ], [ 74.289909080383609, 31.445862621367915 ], [ 74.290142640184257, 31.445855498546749 ] ] ] } },
{ "type": "Feature", "properties": { "OBJECTID": 162673, "SHAPE_Leng": 79.744345084499997, "SHAPE_Area": 355.21103394400001, "Town": "Allama Iqbal Town", "UC_N0": "UC_120", "Landuse": "R", "KA": null, "Name": null, "Plot_No": "236", "Block": "B", "Plot_Size": "1K", "Road_Width": null, "Classifica": null, "Category": null, "MAP": null, "__source_file": "revenu.shp" }, "geometry": { "type": "Polygon", "coordinates": [ [ [ 74.290502497027646, 31.446083774132841 ], [ 74.290498274085095, 31.44584465216796 ], [ 74.290357225379481, 31.445848954013321 ], [ 74.290360779443517, 31.446086713518344 ], [ 74.290502497027646, 31.446083774132841 ] ] ] } },
{ "type": "Feature", "properties": { "OBJECTID": 162674, "SHAPE_Leng": 85.714500545099995, "SHAPE_Area": 394.274131791, "Town": "Allama Iqbal Town", "UC_N0": "UC_120", "Landuse": "R", "KA": null, "Name": null, "Plot_No": "223", "Block": "B", "Plot_Size": "1K", "Road_Width": null, "Classifica": null, "Category": null, "MAP": null, "__source_file": "revenu.shp" }, "geometry": { "type": "Polygon", "coordinates": [ [ [ 74.290498274085095, 31.44584465216796 ], [ 74.290493579689809, 31.445578855913535 ], [ 74.290353247179013, 31.445582854967629 ], [ 74.290357225379481, 31.445848954013321 ], [ 74.290498274085095, 31.44584465216796 ] ] ] } },
{ "type": "Feature", "properties": { "OBJECTID": 162675, "SHAPE_Leng": 81.248195835900006, "SHAPE_Area": 373.132134689, "Town": "Allama Iqbal Town", "UC_N0": "UC_120", "Landuse": "R", "KA": null, "Name": null, "Plot_No": "235", "Block": "B", "Plot_Size": "1K", "Road_Width": null, "Classifica": null, "Category": null, "MAP": null, "__source_file": "revenu.shp" }, "geometry": { "type": "Polygon", "coordinates": [ [ [ 74.290649523675896, 31.44608072414449 ], [ 74.290646534319521, 31.445840130259985 ], [ 74.290498274085095, 31.44584465216796 ], [ 74.290502497027646, 31.446083774132841 ], [ 74.290649523675896, 31.44608072414449 ] ] ] } },
{ "type": "Feature", "properties": { "OBJECTID": 162676, "SHAPE_Leng": 87.2237284598, "SHAPE_Area": 416.98697889900001, "Town": "Allama Iqbal Town", "UC_N0": "UC_120", "Landuse": "R", "KA": null, "Name": null, "Plot_No": "224", "Block": "B", "Plot_Size": "1K", "Road_Width": null, "Classifica": null, "Category": null, "MAP": null, "__source_file": "revenu.shp" }, "geometry": { "type": "Polygon", "coordinates": [ [ [ 74.290646534319521, 31.445840130259985 ], [ 74.290643235126169, 31.445574591650129 ], [ 74.290493579689809, 31.445578855913535 ], [ 74.290498274085095, 31.44584465216796 ], [ 74.290646534319521, 31.445840130259985 ] ] ] } },
{ "type": "Feature", "properties": { "OBJECTID": 162677, "SHAPE_Leng": 80.824016960099996, "SHAPE_Area": 365.414841255, "Town": "Allama Iqbal Town", "UC_N0": "UC_120", "Landuse": "R", "KA": null, "Name": null, "Plot_No": "234", "Block": "B", "Plot_Size": "1K", "Road_Width": null, "Classifica": null, "Category": null, "MAP": null, "__source_file": "revenu.shp" }, "geometry": { "type": "Polygon", "coordinates": [ [ [ 74.290792939010103, 31.446077749629659 ], [ 74.290790595617494, 31.445835736507465 ], [ 74.290646534319521, 31.445840130259985 ], [ 74.290649523675896, 31.44608072414449 ], [ 74.290792939010103, 31.446077749629659 ] ] ] } },
{ "type": "Feature", "properties": { "OBJECTID": 162678, "SHAPE_Leng": 86.30154053, "SHAPE_Area": 403.85599211499999, "Town": "Allama Iqbal Town", "UC_N0": "UC_120", "Landuse": "R", "KA": null, "Name": null, "Plot_No": "225", "Block": "B", "Plot_Size": "1K", "Road_Width": null, "Classifica": null, "Category": null, "MAP": null, "__source_file": "revenu.shp" }, "geometry": { "type": "Polygon", "coordinates": [ [ [ 74.290790595617494, 31.445835736507465 ], [ 74.290788027512136, 31.445570465395615 ], [ 74.290643235126169, 31.445574591650129 ], [ 74.290646534319521, 31.445840130259985 ], [ 74.290790595617494, 31.445835736507465 ] ] ] } },
{ "type": "Feature", "properties": { "OBJECTID": 162679, "SHAPE_Leng": 80.088560948899996, "SHAPE_Area": 353.54268751900003, "Town": "Allama Iqbal Town", "UC_N0": "UC_120", "Landuse": "R", "KA": null, "Name": null, "Plot_No": "233", "Block": "B", "Plot_Size": "1K", "Road_Width": null, "Classifica": null, "Category": null, "MAP": null, "__source_file": "revenu.shp" }, "geometry": { "type": "Polygon", "coordinates": [ [ [ 74.290932388330106, 31.446074856757114 ], [ 74.290927706422821, 31.445831554036616 ], [ 74.290790595617494, 31.445835736507465 ], [ 74.290792939010103, 31.446077749629659 ], [ 74.290932388330106, 31.446074856757114 ] ] ] } },
{ "type": "Feature", "properties": { "OBJECTID": 162680, "SHAPE_Leng": 84.604016505600001, "SHAPE_Area": 379.46072918700003, "Town": "Allama Iqbal Town", "UC_N0": "UC_120", "Landuse": "R", "KA": null, "Name": null, "Plot_No": "226", "Block": "B", "Plot_Size": "1K", "Road_Width": null, "Classifica": null, "Category": null, "MAP": null, "__source_file": "revenu.shp" }, "geometry": { "type": "Polygon", "coordinates": [ [ [ 74.290927706422821, 31.445831554036616 ], [ 74.290922609597686, 31.445566630719835 ], [ 74.290788027512136, 31.445570465395615 ], [ 74.290790595617494, 31.445835736507465 ], [ 74.290927706422821, 31.445831554036616 ] ] ] } },
{ "type": "Feature", "properties": { "OBJECTID": 162681, "SHAPE_Leng": 81.968676469000002, "SHAPE_Area": 376.90003671699998, "Town": "Allama Iqbal Town", "UC_N0": "UC_120", "Landuse": "R", "KA": null, "Name": null, "Plot_No": "232", "Block": "B", "Plot_Size": "1K", "Road_Width": null, "Classifica": null, "Category": null, "MAP": null, "__source_file": "revenu.shp" }, "geometry": { "type": "Polygon", "coordinates": [ [ [ 74.291079703356715, 31.446071800653122 ], [ 74.291073544533006, 31.445827105742666 ], [ 74.290927706422821, 31.445831554036616 ], [ 74.290932388330106, 31.446074856757114 ], [ 74.291079703356715, 31.446071800653122 ] ] ] } },
{ "type": "Feature", "properties": { "OBJECTID": 162682, "SHAPE_Leng": 112.098086147, "SHAPE_Area": 783.50010921900002, "Town": "Allama Iqbal Town", "UC_N0": "UC_120", "Landuse": "R", "KA": null, "Name": null, "Plot_No": "227", "Block": "B", "Plot_Size": "1K", "Road_Width": null, "Classifica": null, "Category": null, "MAP": null, "__source_file": "revenu.shp" }, "geometry": { "type": "Polygon", "coordinates": [ [ [ 74.291073544533006, 31.445827105742691 ], [ 74.291064576020673, 31.445562584775345 ], [ 74.2909226095977, 31.445566630719874 ], [ 74.290927706422835, 31.445831554036626 ], [ 74.291073544533006, 31.445827105742691 ] ] ] } },
{ "type": "Feature", "properties": { "OBJECTID": 162683, "SHAPE_Leng": 86.030829263100003, "SHAPE_Area": 402.565749203, "Town": "Allama Iqbal Town", "UC_N0": "UC_120", "Landuse": "R", "KA": null, "Name": null, "Plot_No": "229", "Block": "B", "Plot_Size": "1K", "Road_Width": null, "Classifica": null, "Category": null, "MAP": null, "__source_file": "revenu.shp" }, "geometry": { "type": "Polygon", "coordinates": [ [ [ 74.29151509246708, 31.445813636011817 ], [ 74.291505011560886, 31.445550032163055 ], [ 74.291363013895648, 31.445554079052812 ], [ 74.291204034516369, 31.445558610151409 ], [ 74.29120815112357, 31.44582299933527 ], [ 74.291367583870169, 31.445818136017198 ], [ 74.29151509246708, 31.445813636011817 ] ] ] } },
{ "type": "Feature", "properties": { "OBJECTID": 162684, "SHAPE_Leng": 79.775608967099998, "SHAPE_Area": 345.04965066, "Town": "Allama Iqbal Town", "UC_N0": "UC_120", "Landuse": "R", "KA": null, "Name": null, "Plot_No": "231", "Block": "B", "Plot_Size": "1K", "Road_Width": null, "Classifica": null, "Category": null, "MAP": null, "__source_file": "revenu.shp" }, "geometry": { "type": "Polygon", "coordinates": [ [ [ 74.29121198268794, 31.44606905636126 ], [ 74.291208151123556, 31.445822999335238 ], [ 74.291073544533006, 31.445827105742666 ], [ 74.291079703356715, 31.446071800653122 ], [ 74.29121198268794, 31.44606905636126 ] ] ] } },
{ "type": "Feature", "properties": { "OBJECTID": 168275, "SHAPE_Leng": 141.200388296, "SHAPE_Area": 1174.1987961, "Town": "Allama Iqbal Town", "UC_N0": "UC_120", "Landuse": "E", "KA": null, "Name": "UMT", "Plot_No": "14", "Block": "B", "Plot_Size": "1K", "Road_Width": null, "Classifica": null, "Category": null, "MAP": null, "__source_file": "revenu.shp" }, "geometry": { "type": "Polygon", "coordinates": [ [ [ 74.291232946726268, 31.448614029153525 ], [ 74.291333607455741, 31.448591187719504 ], [ 74.291436087896685, 31.448575459511787 ], [ 74.29153972324491, 31.448566944605524 ], [ 74.291547987443437, 31.448566579799717 ], [ 74.291541458579218, 31.448319566927236 ], [ 74.291410168563317, 31.44832370282381 ], [ 74.291121358175104, 31.448336309517487 ], [ 74.291139337466532, 31.44864227688419 ], [ 74.291232946726268, 31.448614029153525 ] ] ] } },
{ "type": "Feature", "properties": { "OBJECTID": 168276, "SHAPE_Leng": 116.94006695, "SHAPE_Area": 818.28027881900005, "Town": "Allama Iqbal Town", "UC_N0": "UC_120", "Landuse": "R", "KA": null, "Name": null, "Plot_No": "13", "Block": "B", "Plot_Size": "1K", "Road_Width": null, "Classifica": null, "Category": null, "MAP": null, "__source_file": "revenu.shp" }, "geometry": { "type": "Polygon", "coordinates": [ [ [ 74.291139337466532, 31.44864227688419 ], [ 74.291121358175104, 31.448336309517487 ], [ 74.291045565180582, 31.44834041562337 ], [ 74.291021802476237, 31.44834115384938 ], [ 74.290958963537179, 31.448348204295968 ], [ 74.290897829465337, 31.448362524376918 ], [ 74.290839539909882, 31.448383847931165 ], [ 74.290810709818331, 31.448397579917305 ], [ 74.291001643158268, 31.448697402409209 ], [ 74.291009333728582, 31.448693973204303 ], [ 74.291010108079604, 31.448693584119027 ], [ 74.291011096891069, 31.448693086148989 ], [ 74.291013135272934, 31.448692127536532 ], [ 74.29102177162126, 31.448688324630076 ], [ 74.29102265554117, 31.448687919911087 ], [ 74.291039734877018, 31.448680415880023 ], [ 74.291039829909806, 31.448680374001292 ], [ 74.291134760309689, 31.448643841279537 ], [ 74.291134863720615, 31.448643804860495 ], [ 74.291139337466532, 31.44864227688419 ] ] ] } },
{ "type": "Feature", "properties": { "OBJECTID": 168277, "SHAPE_Leng": 121.012105565, "SHAPE_Area": 850.34257668500004, "Town": "Allama Iqbal Town", "UC_N0": "UC_120", "Landuse": "R", "KA": null, "Name": null, "Plot_No": "12", "Block": "B", "Plot_Size": "1K", "Road_Width": null, "Classifica": null, "Category": null, "MAP": null, "__source_file": "revenu.shp" }, "geometry": { "type": "Polygon", "coordinates": [ [ [ 74.290948873419595, 31.448723326346656 ], [ 74.291001643158268, 31.448697402409209 ], [ 74.290810709818331, 31.448397579917305 ], [ 74.290635330785207, 31.448480651324044 ], [ 74.2905978162363, 31.4485012110454 ], [ 74.290812331821812, 31.448798077891169 ], [ 74.290902266627981, 31.448748688006788 ], [ 74.290948272248301, 31.448723637896382 ], [ 74.290948873419595, 31.448723326346656 ] ] ] } },
{ "type": "Feature", "properties": { "OBJECTID": 168278, "SHAPE_Leng": 117.795505994, "SHAPE_Area": 781.22906470299995, "Town": "Allama Iqbal Town", "UC_N0": "UC_120", "Landuse": "R", "KA": null, "Name": null, "Plot_No": "11", "Block": "B", "Plot_Size": "1K", "Road_Width": null, "Classifica": null, "Category": null, "MAP": null, "__source_file": "revenu.shp" }, "geometry": { "type": "Polygon", "coordinates": [ [ [ 74.290669387256841, 31.448876579577359 ], [ 74.290812331821812, 31.448798077891169 ], [ 74.2905978162363, 31.4485012110454 ], [ 74.29041950486392, 31.448598934330654 ], [ 74.290632869844558, 31.448896634167237 ], [ 74.290669387256841, 31.448876579577359 ] ] ] } },
{ "type": "Feature", "properties": { "OBJECTID": 168279, "SHAPE_Leng": 135.859367781, "SHAPE_Area": 1188.1989619000001, "Town": "Allama Iqbal Town", "UC_N0": "UC_120", "Landuse": "R", "KA": null, "Name": null, "Plot_No": "3", "Block": "B", "Plot_Size": "1K", "Road_Width": null, "Classifica": null, "Category": null, "MAP": null, "__source_file": "revenu.shp" }, "geometry": { "type": "Polygon", "coordinates": [ [ [ 74.289438047889576, 31.449552787072008 ], [ 74.28922487072704, 31.449253638201586 ], [ 74.289150178022709, 31.449294572065963 ], [ 74.289144072914553, 31.449300287178882 ], [ 74.289131696167061, 31.449315234264859 ], [ 74.289122533942958, 31.449331797034532 ], [ 74.289116866841084, 31.449349470896284 ], [ 74.28911486518588, 31.449367720872718 ], [ 74.289116591057066, 31.449385991536378 ], [ 74.289121990765793, 31.449403727719261 ], [ 74.289123749889043, 31.449407700065375 ], [ 74.289265380866667, 31.449570929372555 ], [ 74.289302761125953, 31.449627080299354 ], [ 74.289438047889576, 31.449552787072008 ] ] ] } },
{ "type": "Feature", "properties": { "OBJECTID": 168280, "SHAPE_Leng": 118.19840629799999, "SHAPE_Area": 786.93583570500004, "Town": "Allama Iqbal Town", "UC_N0": "UC_120", "Landuse": "R", "KA": null, "Name": null, "Plot_No": "5", "Block": "B", "Plot_Size": "1K", "Road_Width": null, "Classifica": null, "Category": null, "MAP": null, "__source_file": "revenu.shp" }, "geometry": { "type": "Polygon", "coordinates": [ [ [ 74.28959650764979, 31.449465767499383 ], [ 74.289664875428812, 31.4494282233257 ], [ 74.289756237058597, 31.449378050921105 ], [ 74.289532775210404, 31.44908489682437 ], [ 74.289350660362231, 31.449184701490342 ], [ 74.289578994291432, 31.449475385553313 ], [ 74.28959650764979, 31.449465767499383 ] ] ] } },
{ "type": "Feature", "properties": { "OBJECTID": 167783, "SHAPE_Leng": 111.77499978199999, "SHAPE_Area": 671.01058690599996, "Town": "Allama Iqbal Town", "UC_N0": "UC_120", "Landuse": "R", "KA": null, "Name": null, "Plot_No": "121", "Block": "B", "Plot_Size": "1K", "Road_Width": null, "Classifica": null, "Category": null, "MAP": null, "__source_file": "revenu.shp" }, "geometry": { "type": "Polygon", "coordinates": [ [ [ 74.292623815847534, 31.446345866537229 ], [ 74.292474007876621, 31.446351402074516 ], [ 74.292472644372964, 31.446351452456348 ], [ 74.292487679958001, 31.446696784864599 ], [ 74.292636378764428, 31.446693047112245 ], [ 74.292623815847534, 31.446345866537229 ] ] ] } },
{ "type": "Feature", "properties": { "OBJECTID": 167784, "SHAPE_Leng": 113.57156073500001, "SHAPE_Area": 710.39350362699997, "Town": "Allama Iqbal Town", "UC_N0": "UC_120", "Landuse": "R", "KA": null, "Name": null, "Plot_No": "122", "Block": "B", "Plot_Size": "1K", "Road_Width": null, "Classifica": null, "Category": null, "MAP": null, "__source_file": "revenu.shp" }, "geometry": { "type": "Polygon", "coordinates": [ [ [ 74.292487679958001, 31.446696784864567 ], [ 74.29247264437295, 31.446351452456348 ], [ 74.292376663974125, 31.446354999455302 ], [ 74.292274678022522, 31.446358767630642 ], [ 74.292294234509598, 31.446701647513439 ], [ 74.292487679958001, 31.446696784864567 ] ] ] } },
{ "type": "Feature", "properties": { "OBJECTID": 167900, "SHAPE_Leng": 109.057542138, "SHAPE_Area": 643.91975827199997, "Town": "Allama Iqbal Town", "UC_N0": "UC_120", "Landuse": "R", "KA": null, "Name": null, "Plot_No": "122", "Block": "B", "Plot_Size": "1K", "Road_Width": null, "Classifica": null, "Category": null, "MAP": null, "__source_file": "revenu.shp" }, "geometry": { "type": "Polygon", "coordinates": [ [ [ 74.293121887718641, 31.447422621838356 ], [ 74.293115429818641, 31.447086416880659 ], [ 74.29293691794706, 31.447090608638874 ], [ 74.292936406035579, 31.447426135447557 ], [ 74.293121887718641, 31.447422621838356 ] ] ] } },
{ "type": "Feature", "properties": { "OBJECTID": 167901, "SHAPE_Leng": 187.537788777, "SHAPE_Area": 2115.9058359199998, "Town": "Allama Iqbal Town", "UC_N0": "UC_120", "Landuse": "R", "KA": null, "Name": null, "Plot_No": "80", "Block": "B", "Plot_Size": "1K", "Road_Width": null, "Classifica": null, "Category": null, "MAP": null, "__source_file": "revenu.shp" }, "geometry": { "type": "Polygon", "coordinates": [ [ [ 74.293798090187963, 31.447679196976726 ], [ 74.293787374542845, 31.447498732434781 ], [ 74.293205273250464, 31.447517026473506 ], [ 74.293209230035444, 31.447688958633343 ], [ 74.293798090187963, 31.447679196976726 ] ] ] } },
{ "type": "Feature", "properties": { "OBJECTID": 167902, "SHAPE_Leng": 116.601600023, "SHAPE_Area": 772.86268596399998, "Town": "Allama Iqbal Town", "UC_N0": "UC_120", "Landuse": "V", "KA": null, "Name": null, "Plot_No": "89", "Block": "B", "Plot_Size": "1K", "Road_Width": null, "Classifica": null, "Category": null, "MAP": null, "__source_file": "revenu.shp" }, "geometry": { "type": "Polygon", "coordinates": [ [ [ 74.292578270637037, 31.448217715491538 ], [ 74.292561346284501, 31.447874942283597 ], [ 74.292353832076216, 31.447880627722693 ], [ 74.292356783605939, 31.448221615841724 ], [ 74.292578270637037, 31.448217715491538 ] ] ] } },
{ "type": "Feature", "properties": { "OBJECTID": 167903, "SHAPE_Leng": 136.20634474400001, "SHAPE_Area": 572.38337977200001, "Town": "Allama Iqbal Town", "UC_N0": "UC_120", "Landuse": "P", "KA": null, "Name": null, "Plot_No": null, "Block": "B", "Plot_Size": "1.33K", "Road_Width": null, "Classifica": null, "Category": null, "MAP": null, "__source_file": "revenu.shp" }, "geometry": { "type": "Polygon", "coordinates": [ [ [ 74.292958828642085, 31.448448507085544 ], [ 74.29295090713272, 31.448266761855145 ], [ 74.292360131781109, 31.448279659326662 ], [ 74.292378317378791, 31.44828498910379 ], [ 74.292426837608531, 31.44830055080087 ], [ 74.292958828642085, 31.448448507085544 ] ] ] } },
{ "type": "Feature", "properties": { "OBJECTID": 167904, "SHAPE_Leng": 122.965631569, "SHAPE_Area": 887.14027859299995, "Town": "Allama Iqbal Town", "UC_N0": "UC_120", "Landuse": "R", "KA": null, "Name": null, "Plot_No": "94", "Block": "B", "Plot_Size": "1K", "Road_Width": null, "Classifica": null, "Category": null, "MAP": null, "__source_file": "revenu.shp" }, "geometry": { "type": "Polygon", "coordinates": [ [ [ 74.291789003539535, 31.447549883433833 ], [ 74.291810678159635, 31.447895509704754 ], [ 74.291934783618871, 31.447892109801828 ], [ 74.291920243723467, 31.447547312463989 ], [ 74.291789003539535, 31.447549883433833 ] ] ] } },
{ "type": "Feature", "properties": { "OBJECTID": 167905, "SHAPE_Leng": 120.356306823, "SHAPE_Area": 856.78036004800003, "Town": "Allama Iqbal Town", "UC_N0": "UC_120", "Landuse": "R", "KA": null, "Name": null, "Plot_No": "92", "Block": "B", "Plot_Size": "1K", "Road_Width": null, "Classifica": null, "Category": null, "MAP": null, "__source_file": "revenu.shp" }, "geometry": { "type": "Polygon", "coordinates": [ [ [ 74.291948866452501, 31.448226045378682 ], [ 74.291934783618871, 31.447892109801828 ], [ 74.291691520139068, 31.447898773957817 ], [ 74.291705766659902, 31.448233079469386 ], [ 74.291948866452501, 31.448226045378682 ] ] ] } },
{ "type": "Feature", "properties": { "OBJECTID": 167906, "SHAPE_Leng": 117.348709571, "SHAPE_Area": 783.01654922099999, "Town": "Allama Iqbal Town", "UC_N0": "UC_120", "Landuse": "R", "KA": null, "Name": null, "Plot_No": "95", "Block": "B", "Plot_Size": "1K", "Road_Width": null, "Classifica": null, "Category": null, "MAP": null, "__source_file": "revenu.shp" }, "geometry": { "type": "Polygon", "coordinates": [ [ [ 74.292149449396575, 31.447886228178504 ], [ 74.29213744540715, 31.447543057152611 ], [ 74.291920243723467, 31.447547312463968 ], [ 74.291934783618871, 31.447892109801828 ], [ 74.292149449396575, 31.447886228178504 ] ] ] } },
{ "type": "Feature", "properties": { "OBJECTID": 167907, "SHAPE_Leng": 115.21283662499999, "SHAPE_Area": 757.99909233100004, "Town": "Allama Iqbal Town", "UC_N0": "UC_120", "Landuse": "R", "KA": null, "Name": null, "Plot_No": "91", "Block": "B", "Plot_Size": "1K", "Road_Width": null, "Classifica": null, "Category": null, "MAP": null, "__source_file": "revenu.shp" }, "geometry": { "type": "Polygon", "coordinates": [ [ [ 74.292161300859647, 31.448225058626587 ], [ 74.292149449396575, 31.447886228178504 ], [ 74.291934783618871, 31.447892109801828 ], [ 74.291948866452501, 31.448226045378682 ], [ 74.291984130935802, 31.448225025001999 ], [ 74.292045972954071, 31.448227089163353 ], [ 74.292161300859647, 31.448225058626587 ] ] ] } },
{ "type": "Feature", "properties": { "OBJECTID": 167908, "SHAPE_Leng": 153.612486816, "SHAPE_Area": 1474.42460964, "Town": "Allama Iqbal Town", "UC_N0": "UC_120", "Landuse": "R", "KA": null, "Name": null, "Plot_No": "97", "Block": "B", "Plot_Size": "1K", "Road_Width": null, "Classifica": null, "Category": null, "MAP": null, "__source_file": "revenu.shp" }, "geometry": { "type": "Polygon", "coordinates": [ [ [ 74.292330719349351, 31.447539270919258 ], [ 74.292351534934568, 31.447880690670353 ], [ 74.292353832076216, 31.447880627722693 ], [ 74.292561346284515, 31.447874942283622 ], [ 74.292544565372992, 31.447535081338813 ], [ 74.292330719349351, 31.447539270919258 ] ] ] } },
{ "type": "Feature", "properties": { "OBJECTID": 167909, "SHAPE_Leng": 116.522499168, "SHAPE_Area": 767.32100704699997, "Town": "Allama Iqbal Town", "UC_N0": "UC_120", "Landuse": "R", "KA": null, "Name": null, "Plot_No": "88", "Block": "B", "Plot_Size": "1K", "Road_Width": null, "Classifica": null, "Category": null, "MAP": null, "__source_file": "revenu.shp" }, "geometry": { "type": "Polygon", "coordinates": [ [ [ 74.292784186162152, 31.44821408869279 ], [ 74.292781831813258, 31.448064054535546 ], [ 74.292780843705984, 31.448001072373224 ], [ 74.292778769878765, 31.447868983585479 ], [ 74.292561346284515, 31.447874942283622 ], [ 74.292578270637037, 31.448217715491538 ], [ 74.292784186162152, 31.44821408869279 ] ] ] } },
{ "type": "Feature", "properties": { "OBJECTID": 167910, "SHAPE_Leng": 117.639977968, "SHAPE_Area": 797.669463425, "Town": "Allama Iqbal Town", "UC_N0": "UC_120", "Landuse": "R", "KA": null, "Name": null, "Plot_No": "97A", "Block": "B", "Plot_Size": "1K", "Road_Width": null, "Classifica": null, "Category": null, "MAP": null, "__source_file": "revenu.shp" }, "geometry": { "type": "Polygon", "coordinates": [ [ [ 74.292778769880925, 31.447868983710592 ], [ 74.292773459883904, 31.447530596302109 ], [ 74.292544565372992, 31.447535081338813 ], [ 74.292561346284501, 31.447874942283597 ], [ 74.292778769880925, 31.447868983710592 ] ] ] } },
{ "type": "Feature", "properties": { "OBJECTID": 167911, "SHAPE_Leng": 58.832167779599999, "SHAPE_Area": 216.259630096, "Town": "Allama Iqbal Town", "UC_N0": "UC_120", "Landuse": "R", "KA": null, "Name": null, "Plot_No": "87A", "Block": "B", "Plot_Size": "1K", "Road_Width": null, "Classifica": null, "Category": null, "MAP": null, "__source_file": "revenu.shp" }, "geometry": { "type": "Polygon", "coordinates": [ [ [ 74.292948485105924, 31.448211195400038 ], [ 74.292941953689208, 31.448061342886849 ], [ 74.292940905186953, 31.448037287323597 ], [ 74.292939059845637, 31.447994950029695 ], [ 74.292933385498017, 31.447864747117389 ], [ 74.292778769878765, 31.447868983585479 ], [ 74.292780843705984, 31.448001072373224 ], [ 74.292781831813258, 31.448064054535546 ], [ 74.292784186162152, 31.44821408869279 ], [ 74.292877355757639, 31.44821244872983 ], [ 74.292948485105924, 31.448211195400038 ] ] ] } },
{ "type": "Feature", "properties": { "OBJECTID": 167915, "SHAPE_Leng": 113.378238388, "SHAPE_Area": 716.10713652899994, "Town": "Allama Iqbal Town", "UC_N0": "UC_120", "Landuse": "V", "KA": null, "Name": null, "Plot_No": "90", "Block": "B", "Plot_Size": "1K", "Road_Width": null, "Classifica": null, "Category": null, "MAP": null, "__source_file": "revenu.shp" }, "geometry": { "type": "Polygon", "coordinates": [ [ [ 74.292356783605939, 31.448221615841724 ], [ 74.292353832076216, 31.447880627722693 ], [ 74.292149449396575, 31.447886228178504 ], [ 74.292161300859647, 31.448225058626587 ], [ 74.292356783605939, 31.448221615841724 ] ] ] } },
{ "type": "Feature", "properties": { "OBJECTID": 167916, "SHAPE_Leng": 234.32611799, "SHAPE_Area": 3063.7100646499998, "Town": "Allama Iqbal Town", "UC_N0": "UC_120", "Landuse": "R", "KA": null, "Name": null, "Plot_No": "86", "Block": "B", "Plot_Size": "1K", "Road_Width": null, "Classifica": null, "Category": null, "MAP": null, "__source_file": "revenu.shp" }, "geometry": { "type": "Polygon", "coordinates": [ [ [ 74.293007638880653, 31.44821145196924 ], [ 74.293436017129537, 31.448207076269345 ], [ 74.293428364324853, 31.448027202889627 ], [ 74.292940905186953, 31.448037287323597 ], [ 74.292941953689208, 31.448061342886849 ], [ 74.292948485105924, 31.448211195400038 ], [ 74.293007638880653, 31.44821145196924 ] ] ] } },
{ "type": "Feature", "properties": { "OBJECTID": 167917, "SHAPE_Leng": 160.58475144100001, "SHAPE_Area": 1540.9755829799999, "Town": "Allama Iqbal Town", "UC_N0": "UC_120", "Landuse": "R", "KA": null, "Name": null, "Plot_No": "84", "Block": "B", "Plot_Size": "1K", "Road_Width": null, "Classifica": null, "Category": null, "MAP": null, "__source_file": "revenu.shp" }, "geometry": { "type": "Polygon", "coordinates": [ [ [ 74.29384280508576, 31.448432252615394 ], [ 74.293444750909671, 31.448412356510826 ], [ 74.293452125877323, 31.44858569845702 ], [ 74.293479820465123, 31.448593400528473 ], [ 74.293563521027039, 31.44861667779006 ], [ 74.293648338888246, 31.448640267885246 ], [ 74.293733208083381, 31.448663870873087 ], [ 74.293753895279181, 31.448669623860706 ], [ 74.293858609372222, 31.448698413967087 ], [ 74.29384280508576, 31.448432252615394 ] ] ] } },
{ "type": "Feature", "properties": { "OBJECTID": 167922, "SHAPE_Leng": 115.71003092399999, "SHAPE_Area": 762.23068603199999, "Town": "Allama Iqbal Town", "UC_N0": "UC_120", "Landuse": "R", "KA": null, "Name": null, "Plot_No": "98", "Block": "B", "Plot_Size": "1K", "Road_Width": null, "Classifica": null, "Category": null, "MAP": null, "__source_file": "revenu.shp" }, "geometry": { "type": "Polygon", "coordinates": [ [ [ 74.292933384474622, 31.447864745990103 ], [ 74.292993411377338, 31.447863100537603 ], [ 74.292985823881466, 31.447523922839334 ], [ 74.292773459883904, 31.447530596302109 ], [ 74.292778769880925, 31.447868983710592 ], [ 74.292933384474622, 31.447864745990103 ] ] ] } },
{ "type": "Feature", "properties": { "OBJECTID": 167923, "SHAPE_Leng": 117.052085315, "SHAPE_Area": 785.89810429900001, "Town": "Allama Iqbal Town", "UC_N0": "UC_120", "Landuse": "R", "KA": null, "Name": null, "Plot_No": "99", "Block": "B", "Plot_Size": "1K", "Road_Width": null, "Classifica": null, "Category": null, "MAP": null, "__source_file": "revenu.shp" }, "geometry": { "type": "Polygon", "coordinates": [ [ [ 74.293213099122198, 31.447857079740835 ], [ 74.29320527325045, 31.447517026473506 ], [ 74.292985823881466, 31.447523922839334 ], [ 74.292993411377338, 31.447863100537603 ], [ 74.293213099122198, 31.447857079740835 ] ] ] } },
{ "type": "Feature", "properties": { "OBJECTID": 167924, "SHAPE_Leng": 293.9181255, "SHAPE_Area": 3586.0614980800001, "Town": "Allama Iqbal Town", "UC_N0": "UC_120", "Landuse": "C", "KA": null, "Name": null, "Plot_No": "44", "Block": "B", "Plot_Size": "1K", "Road_Width": null, "Classifica": null, "Category": null, "MAP": null, "__source_file": "revenu.shp" }, "geometry": { "type": "Polygon", "coordinates": [ [ [ 74.294505539067472, 31.447174261166559 ], [ 74.294279479069473, 31.447155368200775 ], [ 74.294281329934947, 31.447204727559953 ], [ 74.294506526863898, 31.447217837409084 ], [ 74.294505539067472, 31.447174261166559 ] ] ] } },
{ "type": "Feature", "properties": { "OBJECTID": 167925, "SHAPE_Leng": 112.125549773, "SHAPE_Area": 694.78139172500005, "Town": "Allama Iqbal Town", "UC_N0": "UC_120", "Landuse": "R", "KA": null, "Name": null, "Plot_No": "79", "Block": "B", "Plot_Size": "1K", "Road_Width": null, "Classifica": null, "Category": null, "MAP": null, "__source_file": "revenu.shp" }, "geometry": { "type": "Polygon", "coordinates": [ [ [ 74.294269310980141, 31.446884206646285 ], [ 74.294266134729099, 31.446799498446389 ], [ 74.294263023339127, 31.446716519932639 ], [ 74.29386763322394, 31.446727241012809 ], [ 74.29387430030495, 31.446893073044862 ], [ 74.294269310980141, 31.446884206646285 ] ] ] } },
{ "type": "Feature", "properties": { "OBJECTID": 167926, "SHAPE_Leng": 98.833041486, "SHAPE_Area": 578.09524045900002, "Town": "Allama Iqbal Town", "UC_N0": "UC_120", "Landuse": "C", "KA": null, "Name": null, "Plot_No": "37", "Block": "B", "Plot_Size": "1K", "Road_Width": null, "Classifica": null, "Category": null, "MAP": null, "__source_file": "revenu.shp" }, "geometry": { "type": "Polygon", "coordinates": [ [ [ 74.294493084333055, 31.446796940734799 ], [ 74.294487014196307, 31.446710446723436 ], [ 74.294263023339127, 31.446716519932639 ], [ 74.294266134729099, 31.446799498446389 ], [ 74.294493084333055, 31.446796940734799 ] ] ] } },
{ "type": "Feature", "properties": { "OBJECTID": 167927, "SHAPE_Leng": 116.471187734, "SHAPE_Area": 776.99108936599998, "Town": "Allama Iqbal Town", "UC_N0": "UC_120", "Landuse": "R", "KA": null, "Name": null, "Plot_No": "78", "Block": "B", "Plot_Size": "1K", "Road_Width": null, "Classifica": null, "Category": null, "MAP": null, "__source_file": "revenu.shp" }, "geometry": { "type": "Polygon", "coordinates": [ [ [ 74.294276414370898, 31.447073637943294 ], [ 74.294274363776154, 31.447018953296396 ], [ 74.294272790605731, 31.44697700042726 ], [ 74.294271357611208, 31.446938785705871 ], [ 74.294269310980141, 31.446884206646285 ], [ 74.29387430030495, 31.446893073044862 ], [ 74.293881698291798, 31.447077076370292 ], [ 74.294276414370898, 31.447073637943294 ] ] ] } },
{ "type": "Feature", "properties": { "OBJECTID": 167928, "SHAPE_Leng": 114.213473982, "SHAPE_Area": 735.39735951900002, "Town": "Allama Iqbal Town", "UC_N0": "UC_120", "Landuse": "R", "KA": null, "Name": null, "Plot_No": "77", "Block": "B", "Plot_Size": "1K", "Road_Width": null, "Classifica": null, "Category": null, "MAP": null, "__source_file": "revenu.shp" }, "geometry": { "type": "Polygon", "coordinates": [ [ [ 74.294282801188743, 31.447243963309443 ], [ 74.294281329934947, 31.447204727559953 ], [ 74.294279479069473, 31.447155368200775 ], [ 74.294276744897317, 31.447082452520814 ], [ 74.294276414370898, 31.447073637943294 ], [ 74.293881698291798, 31.447077076370292 ], [ 74.293889077529997, 31.447260635690665 ], [ 74.294282801188743, 31.447243963309443 ] ] ] } },
{ "type": "Feature", "properties": { "OBJECTID": 167929, "SHAPE_Leng": 112.041968848, "SHAPE_Area": 695.70740070299996, "Town": "Allama Iqbal Town", "UC_N0": "UC_120", "Landuse": "R", "KA": null, "Name": null, "Plot_No": "76A", "Block": "B", "Plot_Size": "1K", "Road_Width": null, "Classifica": null, "Category": null, "MAP": null, "__source_file": "revenu.shp" }, "geometry": { "type": "Polygon", "coordinates": [ [ [ 74.294289134541842, 31.447412859246857 ], [ 74.294286344462549, 31.44733845431497 ], [ 74.294284645584142, 31.447293149131283 ], [ 74.294283095037812, 31.447251799596629 ], [ 74.294282801188743, 31.447243963309443 ], [ 74.293889077529997, 31.447260635690665 ], [ 74.293895762311223, 31.447426921627081 ], [ 74.294289134541842, 31.447412859246857 ] ] ] } },
{ "type": "Feature", "properties": { "OBJECTID": 168386, "SHAPE_Leng": 118.476659484, "SHAPE_Area": 792.85779716900004, "Town": "Allama Iqbal Town", "UC_N0": "UC_120", "Landuse": "R", "KA": null, "Name": null, "Plot_No": "6", "Block": "B", "Plot_Size": "1K", "Road_Width": null, "Classifica": null, "Category": null, "MAP": null, "__source_file": "revenu.shp" }, "geometry": { "type": "Polygon", "coordinates": [ [ [ 74.28983744801819, 31.449333452975278 ], [ 74.289933998350676, 31.44928043110254 ], [ 74.289717252655876, 31.448983796765127 ], [ 74.289532775210404, 31.44908489682437 ], [ 74.289756237058597, 31.449378050921105 ], [ 74.28983744801819, 31.449333452975278 ] ] ] } },
{ "type": "Feature", "properties": { "OBJECTID": 168387, "SHAPE_Leng": 119.87544883699999, "SHAPE_Area": 820.37033391499995, "Town": "Allama Iqbal Town", "UC_N0": "UC_120", "Landuse": "R", "KA": null, "Name": null, "Plot_No": "7", "Block": "B", "Plot_Size": "1K", "Road_Width": null, "Classifica": null, "Category": null, "MAP": null, "__source_file": "revenu.shp" }, "geometry": { "type": "Polygon", "coordinates": [ [ [ 74.290025838423361, 31.449229995899113 ], [ 74.290122595675228, 31.449176860445338 ], [ 74.289903647776384, 31.448881645143878 ], [ 74.289717252655876, 31.448983796765127 ], [ 74.289933998350676, 31.44928043110254 ], [ 74.290025838423361, 31.449229995899113 ] ] ] } },
{ "type": "Feature", "properties": { "OBJECTID": 169355, "SHAPE_Leng": 501.43234980800003, "SHAPE_Area": 13407.623515400001, "Town": "Allama Iqbal Town", "UC_N0": "UC_120", "Landuse": "G/Y", "KA": null, "Name": null, "Plot_No": null, "Block": "B", "Plot_Size": "27.89k", "Road_Width": null, "Classifica": null, "Category": null, "MAP": null, "__source_file": "revenu.shp" }, "geometry": { "type": "Polygon", "coordinates": [ [ [ 74.295707816977867, 31.447296309565605 ], [ 74.295363239005198, 31.446906380541805 ], [ 74.295358790597888, 31.446907777081503 ], [ 74.295340128729194, 31.446874275731137 ], [ 74.295339733582239, 31.446873639290828 ], [ 74.295301615940318, 31.446812838200099 ], [ 74.294687382754276, 31.446868553084311 ], [ 74.294719082204367, 31.447845478241394 ], [ 74.294718688010903, 31.447857498262358 ], [ 74.294722756616309, 31.447903154466253 ], [ 74.294726123654627, 31.447918415248825 ], [ 74.295649177407853, 31.447889616413573 ], [ 74.295675909183331, 31.447888969440196 ], [ 74.295712328999542, 31.447881485410818 ], [ 74.295745601652513, 31.447866747294587 ], [ 74.295767054202187, 31.447851655472693 ], [ 74.295945473895728, 31.447747532973406 ], [ 74.295928499828747, 31.447727666439285 ], [ 74.295891477104661, 31.447681110053129 ], [ 74.295875816680919, 31.447659666419849 ], [ 74.295845647458435, 31.447615054101949 ], [ 74.295822742150051, 31.447578154259404 ], [ 74.295822556294567, 31.447577816706499 ], [ 74.29580886405661, 31.447555085578095 ], [ 74.295787842752304, 31.447517599713439 ], [ 74.295747348628424, 31.447431044656543 ], [ 74.29571480048898, 31.447342060266749 ], [ 74.295706032949155, 31.44731293775077 ], [ 74.295702678387485, 31.447297256621439 ], [ 74.295707816977867, 31.447296309565605 ] ] ] } },
{ "type": "Feature", "properties": { "OBJECTID": 171697, "SHAPE_Leng": 97.344890504099993, "SHAPE_Area": 589.940140961, "Town": "Allama Iqbal Town", "UC_N0": "UC_120", "Landuse": "R", "KA": null, "Name": null, "Plot_No": "210", "Block": "B", "Plot_Size": "1K", "Road_Width": null, "Classifica": null, "Category": null, "MAP": null, "__source_file": "revenu.shp" }, "geometry": { "type": "Polygon", "coordinates": [ [ [ 74.288248765213808, 31.445580103137011 ], [ 74.288339365140445, 31.445580597479779 ], [ 74.288345668416568, 31.44535273962742 ], [ 74.288165930361686, 31.445367671609219 ], [ 74.288086201564312, 31.445374294789964 ], [ 74.288080544898506, 31.445579184590212 ], [ 74.288248765213808, 31.445580103137011 ] ] ] } },
{ "type": "Feature", "properties": { "OBJECTID": 171700, "SHAPE_Leng": 80.970198288999995, "SHAPE_Area": 379.72828804199997, "Town": "Allama Iqbal Town", "UC_N0": "UC_120", "Landuse": "R", "KA": null, "Name": null, "Plot_No": "209", "Block": "B", "Plot_Size": "1K", "Road_Width": null, "Classifica": null, "Category": null, "MAP": null, "__source_file": "revenu.shp" }, "geometry": { "type": "Polygon", "coordinates": [ [ [ 74.288500735036294, 31.445574338307384 ], [ 74.288496539457029, 31.445340205778578 ], [ 74.288387304538219, 31.44534928081687 ], [ 74.288345668416568, 31.44535273962742 ], [ 74.288339365140445, 31.445580597479779 ], [ 74.288500735036294, 31.445574338307384 ] ] ] } },
{ "type": "Feature", "properties": { "OBJECTID": 171701, "SHAPE_Leng": 80.8964505844, "SHAPE_Area": 370.95690971900001, "Town": "Allama Iqbal Town", "UC_N0": "UC_120", "Landuse": "R", "KA": null, "Name": null, "Plot_No": "208", "Block": "B", "Plot_Size": "1K", "Road_Width": null, "Classifica": null, "Category": null, "MAP": null, "__source_file": "revenu.shp" }, "geometry": { "type": "Polygon", "coordinates": [ [ [ 74.288647498852541, 31.445568645622274 ], [ 74.288646155240656, 31.445327775755079 ], [ 74.28851589852971, 31.445338597265604 ], [ 74.288496539457029, 31.445340205778578 ], [ 74.288500735036294, 31.445574338307384 ], [ 74.288647498852541, 31.445568645622274 ] ] ] } },
{ "type": "Feature", "properties": { "OBJECTID": 171702, "SHAPE_Leng": 81.124929783400006, "SHAPE_Area": 364.56373875499997, "Town": "Allama Iqbal Town", "UC_N0": "UC_120", "Landuse": "R", "KA": null, "Name": null, "Plot_No": "207", "Block": "B", "Plot_Size": "1K", "Road_Width": null, "Classifica": null, "Category": null, "MAP": null, "__source_file": "revenu.shp" }, "geometry": { "type": "Polygon", "coordinates": [ [ [ 74.288942056045627, 31.4455572196897 ], [ 74.288935401766508, 31.445303744994469 ], [ 74.288901312996629, 31.445306576227026 ], [ 74.288788403775314, 31.445315959045455 ], [ 74.288753114390289, 31.445318889853148 ], [ 74.288646155489715, 31.445327776934466 ], [ 74.288647499085457, 31.445568646351326 ], [ 74.288788860371241, 31.445563162925488 ], [ 74.288942056045627, 31.4455572196897 ] ] ] } },
{ "type": "Feature", "properties": { "OBJECTID": 171704, "SHAPE_Leng": 86.990728980200004, "SHAPE_Area": 429.81405235400001, "Town": "Allama Iqbal Town", "UC_N0": "UC_120", "Landuse": "R", "KA": null, "Name": null, "Plot_No": "206", "Block": "B", "Plot_Size": "1K", "Road_Width": null, "Classifica": null, "Category": null, "MAP": null, "__source_file": "revenu.shp" }, "geometry": { "type": "Polygon", "coordinates": [ [ [ 74.289101944671046, 31.44555101715796 ], [ 74.289092875461478, 31.445292583140223 ], [ 74.289065314074492, 31.445292950766937 ], [ 74.288935400736904, 31.445303744837226 ], [ 74.288942054922146, 31.445557219442062 ], [ 74.289101944671046, 31.44555101715796 ] ] ] } },
{ "type": "Feature", "properties": { "OBJECTID": 171705, "SHAPE_Leng": 83.242770927099997, "SHAPE_Area": 374.33482219000001, "Town": "Allama Iqbal Town", "UC_N0": "UC_120", "Landuse": "R", "KA": null, "Name": null, "Plot_No": "205A", "Block": "B", "Plot_Size": "1K", "Road_Width": null, "Classifica": null, "Category": null, "MAP": null, "__source_file": "revenu.shp" }, "geometry": { "type": "Polygon", "coordinates": [ [ [ 74.289244468201204, 31.445545487919556 ], [ 74.289227027130082, 31.44529079230313 ], [ 74.289092875461478, 31.445292583140223 ], [ 74.289101944671046, 31.44555101715796 ], [ 74.289244468201204, 31.445545487919556 ] ] ] } },
{ "type": "Feature", "properties": { "OBJECTID": 171706, "SHAPE_Leng": 83.680417836000004, "SHAPE_Area": 386.38320476600001, "Town": "Allama Iqbal Town", "UC_N0": "UC_120", "Landuse": "R", "KA": null, "Name": null, "Plot_No": "205", "Block": "B", "Plot_Size": "1K", "Road_Width": null, "Classifica": null, "Category": null, "MAP": null, "__source_file": "revenu.shp" }, "geometry": { "type": "Polygon", "coordinates": [ [ [ 74.289382983079804, 31.445540114023764 ], [ 74.289378166935364, 31.445288774373697 ], [ 74.289227027130082, 31.44529079230313 ], [ 74.289244468201204, 31.445545487919556 ], [ 74.289382983079804, 31.445540114023764 ] ] ] } },
{ "type": "Feature", "properties": { "OBJECTID": 171707, "SHAPE_Leng": 89.223918473699996, "SHAPE_Area": 469.28722990300002, "Town": "Allama Iqbal Town", "UC_N0": "UC_120", "Landuse": "R", "KA": null, "Name": null, "Plot_No": "204", "Block": "B", "Plot_Size": "1K", "Road_Width": null, "Classifica": null, "Category": null, "MAP": null, "__source_file": "revenu.shp" }, "geometry": { "type": "Polygon", "coordinates": [ [ [ 74.289557920599634, 31.445286375429458 ], [ 74.289497886939415, 31.445287176568659 ], [ 74.289421653446681, 31.445288194576555 ], [ 74.289378166935364, 31.445288774373697 ], [ 74.289382983079804, 31.445540114023764 ], [ 74.289505208640932, 31.445535372315877 ], [ 74.289560839015891, 31.445533214163259 ], [ 74.289557920599634, 31.445286375429458 ] ] ] } },
{ "type": "Feature", "properties": { "OBJECTID": 171708, "SHAPE_Leng": 90.011991032599994, "SHAPE_Area": 455.55940051, "Town": "Allama Iqbal Town", "UC_N0": "UC_120", "Landuse": "R", "KA": null, "Name": null, "Plot_No": "221", "Block": "B", "Plot_Size": "1K", "Road_Width": null, "Classifica": null, "Category": null, "MAP": null, "__source_file": "revenu.shp" }, "geometry": { "type": "Polygon", "coordinates": [ [ [ 74.28964086912903, 31.445870799873184 ], [ 74.289640930013903, 31.445863567048384 ], [ 74.289643123656703, 31.445603086115099 ], [ 74.289478673750565, 31.445609026494669 ], [ 74.289481482322017, 31.445875552125276 ], [ 74.28964086912903, 31.445870799873184 ] ] ] } },
{ "type": "Feature", "properties": { "OBJECTID": 171709, "SHAPE_Leng": 104.128125544, "SHAPE_Area": 641.59086665100006, "Town": "Allama Iqbal Town", "UC_N0": "UC_120", "Landuse": "R", "KA": null, "Name": null, "Plot_No": "248", "Block": "B", "Plot_Size": "1K", "Road_Width": null, "Classifica": null, "Category": null, "MAP": null, "__source_file": "revenu.shp" }, "geometry": { "type": "Polygon", "coordinates": [ [ [ 74.288331266212666, 31.44615460494407 ], [ 74.288334150415821, 31.445909756307849 ], [ 74.288334610797918, 31.44587070773327 ], [ 74.288126216246695, 31.445870347371827 ], [ 74.28812068507743, 31.446047230897534 ], [ 74.288117056732077, 31.446163273330576 ], [ 74.288331266212666, 31.44615460494407 ] ] ] } },
{ "type": "Feature", "properties": { "OBJECTID": 171710, "SHAPE_Leng": 81.251196005500006, "SHAPE_Area": 383.51912763199999, "Town": "Allama Iqbal Town", "UC_N0": "UC_120", "Landuse": "R", "KA": null, "Name": null, "Plot_No": "239", "Block": "B", "Plot_Size": "1K", "Road_Width": null, "Classifica": null, "Category": null, "MAP": null, "__source_file": "revenu.shp" }, "geometry": { "type": "Polygon", "coordinates": [ [ [ 74.289638924031436, 31.446101682778782 ], [ 74.289639108348865, 31.446079764170719 ], [ 74.289640124240307, 31.445959205972503 ], [ 74.28964086912903, 31.445870799873184 ], [ 74.289481482322017, 31.445875552125276 ], [ 74.289483931696694, 31.446107956195679 ], [ 74.289638924031436, 31.446101682778782 ] ] ] } },
{ "type": "Feature", "properties": { "OBJECTID": 171711, "SHAPE_Leng": 84.796840765400006, "SHAPE_Area": 391.81335092199998, "Town": "Allama Iqbal Town", "UC_N0": "UC_120", "Landuse": "R", "KA": null, "Name": null, "Plot_No": "214", "Block": "B", "Plot_Size": "1K", "Road_Width": null, "Classifica": null, "Category": null, "MAP": null, "__source_file": "revenu.shp" }, "geometry": { "type": "Polygon", "coordinates": [ [ [ 74.288479491132591, 31.445905423691919 ], [ 74.288476883954147, 31.44564521027058 ], [ 74.288337437975315, 31.445650245991697 ], [ 74.28833345187094, 31.445794305142474 ], [ 74.288335136231481, 31.445852290766496 ], [ 74.288335671590474, 31.445870709115475 ], [ 74.288334610797918, 31.44587070773327 ], [ 74.288334150415821, 31.445909756307849 ], [ 74.288479491132591, 31.445905423691919 ] ] ] } },
{ "type": "Feature", "properties": { "OBJECTID": 171712, "SHAPE_Leng": 82.236002974000002, "SHAPE_Area": 380.28299424400001, "Town": "Allama Iqbal Town", "UC_N0": "UC_120", "Landuse": "R", "KA": null, "Name": null, "Plot_No": "247", "Block": "B", "Plot_Size": "1K", "Road_Width": null, "Classifica": null, "Category": null, "MAP": null, "__source_file": "revenu.shp" }, "geometry": { "type": "Polygon", "coordinates": [ [ [ 74.288481926775006, 31.446148508255163 ], [ 74.288479491132591, 31.445905423691919 ], [ 74.288334150415821, 31.445909756307849 ], [ 74.288331266212666, 31.44615460494407 ], [ 74.288481926775006, 31.446148508255163 ] ] ] } },
{ "type": "Feature", "properties": { "OBJECTID": 171713, "SHAPE_Leng": 86.034090426099993, "SHAPE_Area": 407.93350333799998, "Town": "Allama Iqbal Town", "UC_N0": "UC_120", "Landuse": "R", "KA": null, "Name": null, "Plot_No": "215", "Block": "B", "Plot_Size": "1K", "Road_Width": null, "Classifica": null, "Category": null, "MAP": null, "__source_file": "revenu.shp" }, "geometry": { "type": "Polygon", "coordinates": [ [ [ 74.28862879600895, 31.445900973079908 ], [ 74.288624634427208, 31.44563987405985 ], [ 74.288476883954147, 31.44564521027058 ], [ 74.288479491132591, 31.445905423691919 ], [ 74.28862879600895, 31.445900973079908 ] ] ] } },
{ "type": "Feature", "properties": { "OBJECTID": 171714, "SHAPE_Leng": 82.241078807400001, "SHAPE_Area": 382.93856582799998, "Town": "Allama Iqbal Town", "UC_N0": "UC_120", "Landuse": "R", "KA": null, "Name": null, "Plot_No": "246", "Block": "B", "Plot_Size": "1K", "Road_Width": null, "Classifica": null, "Category": null, "MAP": null, "__source_file": "revenu.shp" }, "geometry": { "type": "Polygon", "coordinates": [ [ [ 74.288632643116046, 31.44614240899195 ], [ 74.28862879600895, 31.445900973079908 ], [ 74.288479491132591, 31.445905423691919 ], [ 74.288481926775006, 31.446148508255163 ], [ 74.288632643116046, 31.44614240899195 ] ] ] } },
{ "type": "Feature", "properties": { "OBJECTID": 171715, "SHAPE_Leng": 84.403569512800004, "SHAPE_Area": 382.820244145, "Town": "Allama Iqbal Town", "UC_N0": "UC_120", "Landuse": "R", "KA": null, "Name": null, "Plot_No": "216", "Block": "B", "Plot_Size": "1K", "Road_Width": null, "Classifica": null, "Category": null, "MAP": null, "__source_file": "revenu.shp" }, "geometry": { "type": "Polygon", "coordinates": [ [ [ 74.288767022036893, 31.445896852348632 ], [ 74.288764210912362, 31.445634833336978 ], [ 74.288624634427208, 31.44563987405985 ], [ 74.28862879600895, 31.445900973079908 ], [ 74.288767022036893, 31.445896852348632 ] ] ] } },
{ "type": "Feature", "properties": { "OBJECTID": 171716, "SHAPE_Leng": 79.5383102089, "SHAPE_Area": 349.01091006199999, "Town": "Allama Iqbal Town", "UC_N0": "UC_120", "Landuse": "R", "KA": null, "Name": null, "Plot_No": "245", "Block": "B", "Plot_Size": "1K", "Road_Width": null, "Classifica": null, "Category": null, "MAP": null, "__source_file": "revenu.shp" }, "geometry": { "type": "Polygon", "coordinates": [ [ [ 74.288769597379101, 31.446136866505405 ], [ 74.288767022036893, 31.445896852348632 ], [ 74.28862879600895, 31.445900973079908 ], [ 74.288632643116046, 31.44614240899195 ], [ 74.288769597379101, 31.446136866505405 ] ] ] } },
{ "type": "Feature", "properties": { "OBJECTID": 171717, "SHAPE_Leng": 88.004019028599998, "SHAPE_Area": 433.52145708299997, "Town": "Allama Iqbal Town", "UC_N0": "UC_120", "Landuse": "R", "KA": null, "Name": null, "Plot_No": "217", "Block": "B", "Plot_Size": "1K", "Road_Width": null, "Classifica": null, "Category": null, "MAP": null, "__source_file": "revenu.shp" }, "geometry": { "type": "Polygon", "coordinates": [ [ [ 74.288924177344185, 31.445892167093106 ], [ 74.288920534291876, 31.445629187100845 ], [ 74.288764210912362, 31.445634833336978 ], [ 74.288767022036893, 31.445896852348632 ], [ 74.288924177344185, 31.445892167093106 ] ] ] } },
{ "type": "Feature", "properties": { "OBJECTID": 171718, "SHAPE_Leng": 82.981924531700002, "SHAPE_Area": 396.95315945300001, "Town": "Allama Iqbal Town", "UC_N0": "UC_120", "Landuse": "R", "KA": null, "Name": null, "Plot_No": "244", "Block": "B", "Plot_Size": "1K", "Road_Width": null, "Classifica": null, "Category": null, "MAP": null, "__source_file": "revenu.shp" }, "geometry": { "type": "Polygon", "coordinates": [ [ [ 74.288927479474154, 31.4461304773675 ], [ 74.288924177344185, 31.445892167093106 ], [ 74.288767022036893, 31.445896852348632 ], [ 74.288769597379101, 31.446136866505405 ], [ 74.288927479474154, 31.4461304773675 ] ] ] } },
{ "type": "Feature", "properties": { "OBJECTID": 171719, "SHAPE_Leng": 83.579422754899994, "SHAPE_Area": 367.63423222699998, "Town": "Allama Iqbal Town", "UC_N0": "UC_120", "Landuse": "R", "KA": null, "Name": null, "Plot_No": "218", "Block": "B", "Plot_Size": "1K", "Road_Width": null, "Classifica": null, "Category": null, "MAP": null, "__source_file": "revenu.shp" }, "geometry": { "type": "Polygon", "coordinates": [ [ [ 74.28905820654866, 31.445888171618222 ], [ 74.289051420976804, 31.445624459620539 ], [ 74.288920534291876, 31.445629187100845 ], [ 74.288924177344185, 31.445892167093106 ], [ 74.28905820654866, 31.445888171618222 ] ] ] } },
{ "type": "Feature", "properties": { "OBJECTID": 171720, "SHAPE_Leng": 78.424784027599998, "SHAPE_Area": 339.04695351800001, "Town": "Allama Iqbal Town", "UC_N0": "UC_120", "Landuse": "R", "KA": null, "Name": null, "Plot_No": "243", "Block": "B", "Plot_Size": "1K", "Road_Width": null, "Classifica": null, "Category": null, "MAP": null, "__source_file": "revenu.shp" }, "geometry": { "type": "Polygon", "coordinates": [ [ [ 74.289064297908965, 31.44612494012712 ], [ 74.28905820654866, 31.445888171618222 ], [ 74.288924177344185, 31.445892167093106 ], [ 74.288927479474154, 31.4461304773675 ], [ 74.289064297908965, 31.44612494012712 ] ] ] } },
{ "type": "Feature", "properties": { "OBJECTID": 172118, "SHAPE_Leng": 344.60125348100001, "SHAPE_Area": 5025.1462614399998, "Town": "Allama Iqbal Town", "UC_N0": "UC_120", "Landuse": "R", "KA": null, "Name": null, "Plot_No": "348A", "Block": "B", "Plot_Size": "1K", "Road_Width": null, "Classifica": null, "Category": null, "MAP": null, "__source_file": "revenu.shp" }, "geometry": { "type": "Polygon", "coordinates": [ [ [ 74.289248462427679, 31.448714471231337 ], [ 74.289243646779283, 31.448376565590458 ], [ 74.289050638130178, 31.448381999097126 ], [ 74.289028385244919, 31.448719693847668 ], [ 74.289030779438804, 31.448719637032116 ], [ 74.289244191837426, 31.448714572564363 ], [ 74.289248462427679, 31.448714471231337 ] ] ] } },
{ "type": "Feature", "properties": { "OBJECTID": 172121, "SHAPE_Leng": 127.69328340600001, "SHAPE_Area": 1002.7791892, "Town": "Allama Iqbal Town", "UC_N0": "UC_120", "Landuse": "R", "KA": null, "Name": null, "Plot_No": "279", "Block": "B", "Plot_Size": "1K", "Road_Width": null, "Classifica": null, "Category": null, "MAP": null, "__source_file": "revenu.shp" }, "geometry": { "type": "Polygon", "coordinates": [ [ [ 74.288089228074071, 31.446829147778381 ], [ 74.288081432576917, 31.446505341805612 ], [ 74.287961032867784, 31.446509080893367 ], [ 74.287792146528332, 31.446514324977301 ], [ 74.287790830876062, 31.446838352773373 ], [ 74.288089228074071, 31.446829147778381 ] ] ] } },
{ "type": "Feature", "properties": { "OBJECTID": 172129, "SHAPE_Leng": 117.61991790099999, "SHAPE_Area": 793.01302047299998, "Town": "Allama Iqbal Town", "UC_N0": "UC_120", "Landuse": "R", "KA": null, "Name": null, "Plot_No": "315A", "Block": "B", "Plot_Size": "1K", "Road_Width": null, "Classifica": null, "Category": null, "MAP": null, "__source_file": "revenu.shp" }, "geometry": { "type": "Polygon", "coordinates": [ [ [ 74.289155367290604, 31.447975534128343 ], [ 74.289137004554803, 31.447633964281643 ], [ 74.288919562088992, 31.447641079542112 ], [ 74.28893231972819, 31.447982262819831 ], [ 74.289155367290604, 31.447975534128343 ] ] ] } },
{ "type": "Feature", "properties": { "OBJECTID": 172130, "SHAPE_Leng": 470.35576568800002, "SHAPE_Area": 12964.9529463, "Town": "Allama Iqbal Town", "UC_N0": "UC_120", "Landuse": "P", "KA": null, "Name": null, "Plot_No": null, "Block": "B", "Plot_Size": "30K", "Road_Width": null, "Classifica": null, "Category": null, "MAP": null, "__source_file": "revenu.shp" }, "geometry": { "type": "Polygon", "coordinates": [ [ [ 74.291573286969296, 31.447491059897636 ], [ 74.291522916248056, 31.44617389278174 ], [ 74.290604101104307, 31.446192571526691 ], [ 74.290635888022564, 31.447525694722795 ], [ 74.291573286969296, 31.447491059897636 ] ] ] } },
{ "type": "Feature", "properties": { "OBJECTID": 172131, "SHAPE_Leng": 153.42018416900001, "SHAPE_Area": 1470.7306544400001, "Town": "Allama Iqbal Town", "UC_N0": "UC_120", "Landuse": "R", "KA": null, "Name": null, "Plot_No": "296", "Block": "B", "Plot_Size": "1K", "Road_Width": null, "Classifica": null, "Category": null, "MAP": null, "__source_file": "revenu.shp" }, "geometry": { "type": "Polygon", "coordinates": [ [ [ 74.290103562110005, 31.44683938809079 ], [ 74.290130179991166, 31.447180497385041 ], [ 74.290143272128049, 31.447180187036434 ], [ 74.290339540638612, 31.447175533657145 ], [ 74.29033172975835, 31.446831798366492 ], [ 74.290103562110005, 31.44683938809079 ] ] ] } },
{ "type": "Feature", "properties": { "OBJECTID": 172135, "SHAPE_Leng": 98.747617945100004, "SHAPE_Area": 590.04152773600003, "Town": "Allama Iqbal Town", "UC_N0": "UC_120", "Landuse": "R", "KA": null, "Name": null, "Plot_No": null, "Block": "B", "Plot_Size": "1K", "Road_Width": null, "Classifica": null, "Category": null, "MAP": null, "__source_file": "revenu.shp" }, "geometry": { "type": "Polygon", "coordinates": [ [ [ 74.28741970723209, 31.447991548909183 ], [ 74.28741860687883, 31.447829783306325 ], [ 74.287112201078287, 31.447832698721765 ], [ 74.287114063961724, 31.448013357601894 ], [ 74.287419867432689, 31.448015154780368 ], [ 74.28741970723209, 31.447991548909183 ] ] ] } },
{ "type": "Feature", "properties": { "OBJECTID": 172140, "SHAPE_Leng": 90.8895318334, "SHAPE_Area": 468.59364359099999, "Town": "Allama Iqbal Town", "UC_N0": "UC_120", "Landuse": "R", "KA": null, "Name": null, "Plot_No": "281", "Block": "B", "Plot_Size": "1K", "Road_Width": null, "Classifica": null, "Category": null, "MAP": null, "__source_file": "revenu.shp" }, "geometry": { "type": "Polygon", "coordinates": [ [ [ 74.287405313963376, 31.447280435880749 ], [ 74.287405621179815, 31.447211760921256 ], [ 74.287405958747641, 31.447136434005117 ], [ 74.287092073663516, 31.447137548442484 ], [ 74.287095671257802, 31.447278964680411 ], [ 74.287405313963376, 31.447280435880749 ] ] ] } },
{ "type": "Feature", "properties": { "OBJECTID": 282861, "SHAPE_Leng": 91.709107619899996, "SHAPE_Area": 450.55302920299999, "Town": "Allama Iqbal Town", "UC_N0": "UC_120", "Landuse": "R", "KA": null, "Name": null, "Plot_No": "54", "Block": "B", "Plot_Size": "1K", "Road_Width": null, "Classifica": null, "Category": null, "MAP": null, "__source_file": "revenu.shp" }, "geometry": { "type": "Polygon", "coordinates": [ [ [ 74.295840508659609, 31.448275786306709 ], [ 74.295763290346073, 31.448165590385393 ], [ 74.295479533989663, 31.448314968298565 ], [ 74.295479887340733, 31.44831528421745 ], [ 74.295480839722387, 31.448316134843488 ], [ 74.295493356575278, 31.448327316431779 ], [ 74.295563117141086, 31.448425719073139 ], [ 74.295840508659609, 31.448275786306709 ] ] ] } },
{ "type": "Feature", "properties": { "OBJECTID": 282895, "SHAPE_Leng": 109.95345706400001, "SHAPE_Area": 712.12051108100002, "Town": "Allama Iqbal Town", "UC_N0": "UC_120", "Landuse": "R", "KA": null, "Name": null, "Plot_No": "173", "Block": "B", "Plot_Size": "1K", "Road_Width": null, "Classifica": null, "Category": null, "MAP": null, "__source_file": "revenu.shp" }, "geometry": { "type": "Polygon", "coordinates": [ [ [ 74.294823548493937, 31.446258469869434 ], [ 74.294791402331299, 31.446216291385195 ], [ 74.294769454714711, 31.446187496832955 ], [ 74.294769429708467, 31.446187463312835 ], [ 74.294759623552608, 31.446173554704931 ], [ 74.294458155065826, 31.446324290927617 ], [ 74.294523311393803, 31.446415147633459 ], [ 74.294823548493937, 31.446258469869434 ] ] ] } },
{ "type": "Feature", "properties": { "OBJECTID": 282896, "SHAPE_Leng": 94.719461648399999, "SHAPE_Area": 464.20445680199998, "Town": "Allama Iqbal Town", "UC_N0": "UC_120", "Landuse": "R", "KA": null, "Name": null, "Plot_No": "173A", "Block": "B", "Plot_Size": "1K", "Road_Width": null, "Classifica": null, "Category": null, "MAP": null, "__source_file": "revenu.shp" }, "geometry": { "type": "Polygon", "coordinates": [ [ [ 74.294705342195911, 31.4460908408848 ], [ 74.294689573184954, 31.446065419485123 ], [ 74.294380631676091, 31.446216189268011 ], [ 74.294458155065826, 31.446324290927617 ], [ 74.294759623552608, 31.446173554704917 ], [ 74.294750689613636, 31.44615995585152 ], [ 74.294750347284904, 31.446159434283203 ], [ 74.294729996731391, 31.446128878344599 ], [ 74.29472613848597, 31.446122582103012 ], [ 74.294723375725084, 31.44611868099382 ], [ 74.294708625457687, 31.446095923170603 ], [ 74.294705342195911, 31.4460908408848 ] ] ] } },
{ "type": "Feature", "properties": { "OBJECTID": 168279, "SHAPE_Leng": 135.859367781, "SHAPE_Area": 1188.1989619000001, "Town": "Allama Iqbal Town", "UC_N0": "UC_120", "Landuse": "V", "KA": null, "Name": null, "Plot_No": "4", "Block": "B", "Plot_Size": "1K", "Road_Width": null, "Classifica": null, "Category": null, "MAP": null, "__source_file": "revenu.shp" }, "geometry": { "type": "Polygon", "coordinates": [ [ [ 74.28922487072704, 31.449253638201586 ], [ 74.289438047889576, 31.449552787072008 ], [ 74.289578994291432, 31.449475385553335 ], [ 74.289350660362231, 31.449184701490381 ], [ 74.28922487072704, 31.449253638201586 ] ] ] } },
{ "type": "Feature", "properties": { "OBJECTID": 160295, "SHAPE_Leng": 152.38624191599999, "SHAPE_Area": 1449.03878562, "Town": "Allama Iqbal Town", "UC_N0": "UC_120", "Landuse": "R", "KA": null, "Name": null, "Plot_No": "358", "Block": "B", "Plot_Size": "1K", "Road_Width": null, "Classifica": null, "Category": null, "MAP": null, "__source_file": "revenu.shp" }, "geometry": { "type": "Polygon", "coordinates": [ [ [ 74.288827602728688, 31.449054465312347 ], [ 74.288821037455847, 31.448724614157499 ], [ 74.288817689655602, 31.44872469358512 ], [ 74.28861874459966, 31.448729413461102 ], [ 74.288626381093067, 31.449059483701241 ], [ 74.288827602728688, 31.449054465312347 ] ] ] } },
{ "type": "Feature", "properties": { "OBJECTID": 160291, "SHAPE_Leng": 171.937557309, "SHAPE_Area": 1195.10518346, "Town": "Allama Iqbal Town", "UC_N0": "UC_120", "Landuse": "R", "KA": null, "Name": null, "Plot_No": "354", "Block": "B", "Plot_Size": "1K", "Road_Width": null, "Classifica": null, "Category": null, "MAP": null, "__source_file": "revenu.shp" }, "geometry": { "type": "Polygon", "coordinates": [ [ [ 74.2900978212691, 31.448694313178308 ], [ 74.290073177745484, 31.448694898314901 ], [ 74.28985974957331, 31.448699963792283 ], [ 74.289660841056588, 31.448704684769922 ], [ 74.289654293094571, 31.448704840186284 ], [ 74.289654537018478, 31.448941356825706 ], [ 74.2900978212691, 31.448694313178308 ] ] ] } },
{ "type": "Feature", "properties": { "OBJECTID": 172118, "SHAPE_Leng": 344.60125348100001, "SHAPE_Area": 5025.1462614399998, "Town": "Allama Iqbal Town", "UC_N0": "UC_120", "Landuse": "R", "KA": null, "Name": null, "Plot_No": "344", "Block": "B", "Plot_Size": "1K", "Road_Width": null, "Classifica": null, "Category": null, "MAP": null, "__source_file": "revenu.shp" }, "geometry": { "type": "Polygon", "coordinates": [ [ [ 74.288213277464635, 31.448739032197778 ], [ 74.288230233370726, 31.448405091567945 ], [ 74.288012759129032, 31.44841121207455 ], [ 74.288018647404613, 31.448743649792195 ], [ 74.288210322539186, 31.448739102293093 ], [ 74.288213277464635, 31.448739032197778 ] ] ] } },
{ "type": "Feature", "properties": { "OBJECTID": 172118, "SHAPE_Leng": 344.60125348100001, "SHAPE_Area": 5025.1462614399998, "Town": "Allama Iqbal Town", "UC_N0": "UC_120", "Landuse": "R", "KA": null, "Name": null, "Plot_No": "345", "Block": "B", "Plot_Size": "1K", "Road_Width": null, "Classifica": null, "Category": null, "MAP": null, "__source_file": "revenu.shp" }, "geometry": { "type": "Polygon", "coordinates": [ [ [ 74.288408559530453, 31.448734399664612 ], [ 74.288424917432366, 31.448399612144854 ], [ 74.288230233370726, 31.448405091567945 ], [ 74.288213277464635, 31.448739032197778 ], [ 74.288402518694213, 31.448734542965749 ], [ 74.288408559530453, 31.448734399664612 ] ] ] } },
{ "type": "Feature", "properties": { "OBJECTID": 172118, "SHAPE_Leng": 344.60125348100001, "SHAPE_Area": 5025.1462614399998, "Town": "Allama Iqbal Town", "UC_N0": "UC_120", "Landuse": "R", "KA": null, "Name": null, "Plot_No": "346", "Block": "B", "Plot_Size": "1K", "Road_Width": null, "Classifica": null, "Category": null, "MAP": null, "__source_file": "revenu.shp" }, "geometry": { "type": "Polygon", "coordinates": [ [ [ 74.288616523028836, 31.448729466165087 ], [ 74.288646797075032, 31.448393366934713 ], [ 74.288424917432366, 31.448399612144854 ], [ 74.288408559530453, 31.448734399664612 ], [ 74.288616523028836, 31.448729466165087 ] ] ] } },
{ "type": "Feature", "properties": { "OBJECTID": 172118, "SHAPE_Leng": 344.60125348100001, "SHAPE_Area": 5025.1462614399998, "Town": "Allama Iqbal Town", "UC_N0": "UC_120", "Landuse": "R", "KA": null, "Name": null, "Plot_No": "347", "Block": "B", "Plot_Size": "1K", "Road_Width": null, "Classifica": null, "Category": null, "MAP": null, "__source_file": "revenu.shp" }, "geometry": { "type": "Polygon", "coordinates": [ [ [ 74.28861874459966, 31.448729413461102 ], [ 74.288817689655602, 31.44872469358512 ], [ 74.288850757646188, 31.448387625749731 ], [ 74.288646797075032, 31.448393366934713 ], [ 74.288616523028836, 31.448729466165087 ], [ 74.28861874459966, 31.448729413461102 ] ] ] } },
{ "type": "Feature", "properties": { "OBJECTID": 172118, "SHAPE_Leng": 344.60125348100001, "SHAPE_Area": 5025.1462614399998, "Town": "Allama Iqbal Town", "UC_N0": "UC_120", "Landuse": "R", "KA": null, "Name": null, "Plot_No": "348", "Block": "B", "Plot_Size": "1K", "Road_Width": null, "Classifica": null, "Category": null, "MAP": null, "__source_file": "revenu.shp" }, "geometry": { "type": "Polygon", "coordinates": [ [ [ 74.289028385244919, 31.448719693847668 ], [ 74.289050638130178, 31.448381999097126 ], [ 74.288850757646188, 31.448387625749731 ], [ 74.288817689655602, 31.44872469358512 ], [ 74.288821037455847, 31.448724614157499 ], [ 74.289028385244919, 31.448719693847668 ] ] ] } },
{ "type": "Feature", "properties": { "OBJECTID": 172118, "SHAPE_Leng": 344.60125348100001, "SHAPE_Area": 5025.1462614399998, "Town": "Allama Iqbal Town", "UC_N0": "UC_120", "Landuse": "R", "KA": null, "Name": null, "Plot_No": "349", "Block": "B", "Plot_Size": "1K", "Road_Width": null, "Classifica": null, "Category": null, "MAP": null, "__source_file": "revenu.shp" }, "geometry": { "type": "Polygon", "coordinates": [ [ [ 74.289243646779283, 31.448376565590458 ], [ 74.289248462427679, 31.448714471231337 ], [ 74.289440804649331, 31.448709907166386 ], [ 74.28943290302692, 31.44837123743676 ], [ 74.289243646779283, 31.448376565590458 ] ] ] } },
{ "type": "Feature", "properties": { "OBJECTID": 160142, "SHAPE_Leng": 108.576612148, "SHAPE_Area": 735.00736680299997, "Town": "Allama Iqbal Town", "UC_N0": "UC_120", "Landuse": "V", "KA": null, "Name": null, "Plot_No": "378", "Block": "B", "Plot_Size": "1K", "Road_Width": null, "Classifica": null, "Category": null, "MAP": null, "__source_file": "revenu.shp" }, "geometry": { "type": "Polygon", "coordinates": [ [ [ 74.287421082932013, 31.44819384935851 ], [ 74.28772039635227, 31.448195514084549 ], [ 74.287720001509882, 31.448107656732393 ], [ 74.287420473307293, 31.44810418184694 ], [ 74.287421058945625, 31.448190320769317 ], [ 74.287421082932013, 31.44819384935851 ] ] ] } },
{ "type": "Feature", "properties": { "OBJECTID": 160245, "SHAPE_Leng": 203.511970142, "SHAPE_Area": 2016.1474902699999, "Town": "Allama Iqbal Town", "UC_N0": "UC_120", "Landuse": "R", "KA": null, "Name": null, "Plot_No": "286", "Block": "B", "Plot_Size": "1K", "Road_Width": null, "Classifica": null, "Category": null, "MAP": null, "__source_file": "revenu.shp" }, "geometry": { "type": "Polygon", "coordinates": [ [ [ 74.288072272705222, 31.447230432321039 ], [ 74.288072230837329, 31.447229268016812 ], [ 74.288060653744637, 31.446907323092816 ], [ 74.287790514810155, 31.446916304396979 ], [ 74.287789201171336, 31.447239722270485 ], [ 74.288072272705222, 31.447230432321039 ] ] ] } },
{ "type": "Feature", "properties": { "OBJECTID": 160243, "SHAPE_Leng": 160.28919308900001, "SHAPE_Area": 1603.7475471099999, "Town": "Allama Iqbal Town", "UC_N0": "UC_120", "Landuse": "V", "KA": null, "Name": null, "Plot_No": "307", "Block": "B", "Plot_Size": "1K", "Road_Width": null, "Classifica": null, "Category": null, "MAP": null, "__source_file": "revenu.shp" }, "geometry": { "type": "Polygon", "coordinates": [ [ [ 74.288306200231759, 31.447223724400981 ], [ 74.288303561315573, 31.447572810688666 ], [ 74.288520199780351, 31.4475648107246 ], [ 74.288509227315714, 31.447218914151598 ], [ 74.288306342118901, 31.447223721038988 ], [ 74.288306200231759, 31.447223724400981 ] ] ] } },
{ "type": "Feature", "properties": { "OBJECTID": 172131, "SHAPE_Leng": 153.42018416900001, "SHAPE_Area": 1470.7306544400001, "Town": "Allama Iqbal Town", "UC_N0": "UC_120", "Landuse": "R", "KA": null, "Name": null, "Plot_No": "295", "Block": "B", "Plot_Size": "1K", "Road_Width": null, "Classifica": null, "Category": null, "MAP": null, "__source_file": "revenu.shp" }, "geometry": { "type": "Polygon", "coordinates": [ [ [ 74.290130179991166, 31.447180497385041 ], [ 74.290103562110005, 31.44683938809079 ], [ 74.289923522297642, 31.446845376612096 ], [ 74.289931154807135, 31.447185215104135 ], [ 74.290130179991166, 31.447180497385041 ] ] ] } },
{ "type": "Feature", "properties": { "OBJECTID": 160244, "SHAPE_Leng": 190.49901869199999, "SHAPE_Area": 1556.2245605000001, "Town": "Allama Iqbal Town", "UC_N0": "UC_120", "Landuse": "V", "KA": null, "Name": null, "Plot_No": "291", "Block": "B", "Plot_Size": "1K", "Road_Width": null, "Classifica": null, "Category": null, "MAP": null, "__source_file": "revenu.shp" }, "geometry": { "type": "Polygon", "coordinates": [ [ [ 74.288902196533812, 31.447200616276756 ], [ 74.289122873048257, 31.447201841133065 ], [ 74.289106278663141, 31.446872556175627 ], [ 74.288885925428573, 31.446879883505982 ], [ 74.288902196533812, 31.447200616276756 ] ] ] } },
{ "type": "Feature", "properties": { "OBJECTID": 160145, "SHAPE_Leng": 223.530447622, "SHAPE_Area": 2799.8919137500002, "Town": "Allama Iqbal Town", "UC_N0": "UC_120", "Landuse": "R", "KA": null, "Name": null, "Plot_No": "339", "Block": "B", "Plot_Size": "1K", "Road_Width": null, "Classifica": null, "Category": null, "MAP": null, "__source_file": "revenu.shp" }, "geometry": { "type": "Polygon", "coordinates": [ [ [ 74.288722835378621, 31.447994197001684 ], [ 74.288533797600536, 31.448000115924788 ], [ 74.288533816296621, 31.448000621735282 ], [ 74.288545549154179, 31.448318052696862 ], [ 74.288725710231574, 31.448314001961318 ], [ 74.288722835378621, 31.447994197001684 ] ] ] } },
{ "type": "Feature", "properties": { "OBJECTID": 160145, "SHAPE_Leng": 223.530447622, "SHAPE_Area": 2799.8919137500002, "Town": "Allama Iqbal Town", "UC_N0": "UC_120", "Landuse": "R", "KA": null, "Name": null, "Plot_No": "314", "Block": "B", "Plot_Size": "1K", "Road_Width": null, "Classifica": null, "Category": null, "MAP": null, "__source_file": "revenu.shp" }, "geometry": { "type": "Polygon", "coordinates": [ [ [ 74.288722835378621, 31.447994197001684 ], [ 74.288719719846355, 31.447647618644613 ], [ 74.288521008731934, 31.447654120424861 ], [ 74.288533797600536, 31.448000115924788 ], [ 74.288722835378621, 31.447994197001684 ] ] ] } },
{ "type": "Feature", "properties": { "OBJECTID": 160145, "SHAPE_Leng": 223.530447622, "SHAPE_Area": 2799.8919137500002, "Town": "Allama Iqbal Town", "UC_N0": "UC_120", "Landuse": "R", "KA": null, "Name": null, "Plot_No": "338", "Block": "B", "Plot_Size": "1K", "Road_Width": null, "Classifica": null, "Category": null, "MAP": null, "__source_file": "revenu.shp" }, "geometry": { "type": "Polygon", "coordinates": [ [ [ 74.288932520475711, 31.447987631267182 ], [ 74.288722835378621, 31.447994197001684 ], [ 74.288725710231574, 31.448314001961318 ], [ 74.288944540802333, 31.448309081440719 ], [ 74.288932520475711, 31.447987631267182 ] ] ] } },
{ "type": "Feature", "properties": { "OBJECTID": 160144, "SHAPE_Leng": 136.50741809100001, "SHAPE_Area": 1144.7872106699999, "Town": "Allama Iqbal Town", "UC_N0": "UC_120", "Landuse": "R", "KA": null, "Name": null, "Plot_No": "311", "Block": "B", "Plot_Size": "1K", "Road_Width": null, "Classifica": null, "Category": null, "MAP": null, "__source_file": "revenu.shp" }, "geometry": { "type": "Polygon", "coordinates": [ [ [ 74.287965546543475, 31.447672293060695 ], [ 74.287979290915501, 31.448019760251249 ], [ 74.288110663201053, 31.448015226290732 ], [ 74.288094113354688, 31.447668087031271 ], [ 74.287965546543475, 31.447672293060695 ] ] ] } },
{ "type": "Feature", "properties": { "OBJECTID": 160157, "SHAPE_Leng": 236.05519726899999, "SHAPE_Area": 3053.58038205, "Town": "Allama Iqbal Town", "UC_N0": "UC_120", "Landuse": "R", "KA": null, "Name": null, "Plot_No": "321", "Block": "B", "Plot_Size": "1K", "Road_Width": null, "Classifica": null, "Category": null, "MAP": null, "__source_file": "revenu.shp" }, "geometry": { "type": "Polygon", "coordinates": [ [ [ 74.290363558855645, 31.447939079259026 ], [ 74.29036616194881, 31.447593737080535 ], [ 74.290143238271369, 31.447601033760591 ], [ 74.290159697879218, 31.447945231066662 ], [ 74.290363558855645, 31.447939079259026 ] ] ] } },
{ "type": "Feature", "properties": { "OBJECTID": 160157, "SHAPE_Leng": 236.05519726899999, "SHAPE_Area": 3053.58038205, "Town": "Allama Iqbal Town", "UC_N0": "UC_120", "Landuse": "R", "KA": null, "Name": null, "Plot_No": "322", "Block": "B", "Plot_Size": "1K", "Road_Width": null, "Classifica": null, "Category": null, "MAP": null, "__source_file": "revenu.shp" }, "geometry": { "type": "Polygon", "coordinates": [ [ [ 74.290603814642949, 31.447931828668672 ], [ 74.29058790057131, 31.447586478803093 ], [ 74.29036616194881, 31.447593737080535 ], [ 74.290363558855645, 31.447939079259026 ], [ 74.290372338843738, 31.44793881430256 ], [ 74.290591898833213, 31.447932188293773 ], [ 74.290603814642949, 31.447931828668672 ] ] ] } },
{ "type": "Feature", "properties": { "OBJECTID": 160266, "SHAPE_Leng": 186.759403969, "SHAPE_Area": 2064.0424143700002, "Town": "Allama Iqbal Town", "UC_N0": "UC_120", "Landuse": "R", "KA": null, "Name": null, "Plot_No": "269", "Block": "B", "Plot_Size": "1K", "Road_Width": null, "Classifica": null, "Category": null, "MAP": null, "__source_file": "revenu.shp" }, "geometry": { "type": "Polygon", "coordinates": [ [ [ 74.29023639733299, 31.446438404583766 ], [ 74.290242086937155, 31.446762718268911 ], [ 74.290337510434952, 31.44675977305036 ], [ 74.290334361230165, 31.446435361319871 ], [ 74.290239666007821, 31.446438303027325 ], [ 74.29023639733299, 31.446438404583766 ] ] ] } },
{ "type": "Feature", "properties": { "OBJECTID": 160266, "SHAPE_Leng": 186.759403969, "SHAPE_Area": 2064.0424143700002, "Town": "Allama Iqbal Town", "UC_N0": "UC_120", "Landuse": "R", "KA": null, "Name": null, "Plot_No": "270", "Block": "B", "Plot_Size": "1K", "Road_Width": null, "Classifica": null, "Category": null, "MAP": null, "__source_file": "revenu.shp" }, "geometry": { "type": "Polygon", "coordinates": [ [ [ 74.290242086937155, 31.446762718268911 ], [ 74.29023639733299, 31.446438404583766 ], [ 74.290096484207155, 31.446442751549792 ], [ 74.290090699414179, 31.446442931281048 ], [ 74.290095818978642, 31.446767232648433 ], [ 74.290242086937155, 31.446762718268911 ] ] ] } },
{ "type": "Feature", "properties": { "OBJECTID": 160266, "SHAPE_Leng": 186.759403969, "SHAPE_Area": 2064.0424143700002, "Town": "Allama Iqbal Town", "UC_N0": "UC_120", "Landuse": "R", "KA": null, "Name": null, "Plot_No": "271", "Block": "B", "Plot_Size": "1K", "Road_Width": null, "Classifica": null, "Category": null, "MAP": null, "__source_file": "revenu.shp" }, "geometry": { "type": "Polygon", "coordinates": [ [ [ 74.290095818978642, 31.446767232648433 ], [ 74.290090699414179, 31.446442931281048 ], [ 74.289946037093017, 31.446447425797139 ], [ 74.289936944703655, 31.446447708259473 ], [ 74.289930334749243, 31.446772339912375 ], [ 74.290095818978642, 31.446767232648433 ] ] ] } },
{ "type": "Feature", "properties": { "OBJECTID": 160264, "SHAPE_Leng": 167.45360988900001, "SHAPE_Area": 1629.4190834200001, "Town": "Allama Iqbal Town", "UC_N0": "UC_120", "Landuse": "R", "KA": null, "Name": null, "Plot_No": "259", "Block": "B", "Plot_Size": "1K", "Road_Width": null, "Classifica": null, "Category": null, "MAP": null, "__source_file": "revenu.shp" }, "geometry": { "type": "Polygon", "coordinates": [ [ [ 74.289117445421937, 31.446473165808214 ], [ 74.289115101467075, 31.44619502547501 ], [ 74.288908440672728, 31.44620368696846 ], [ 74.288921661224663, 31.446479247291204 ], [ 74.289109166131681, 31.4464734229641 ], [ 74.289117445421937, 31.446473165808214 ] ] ] } },
{ "type": "Feature", "properties": { "OBJECTID": 160264, "SHAPE_Leng": 167.45360988900001, "SHAPE_Area": 1629.4190834200001, "Town": "Allama Iqbal Town", "UC_N0": "UC_120", "Landuse": "V", "KA": null, "Name": null, "Plot_No": "258", "Block": "B", "Plot_Size": "1K", "Road_Width": null, "Classifica": null, "Category": null, "MAP": null, "__source_file": "revenu.shp" }, "geometry": { "type": "Polygon", "coordinates": [ [ [ 74.288921661224663, 31.446479247291204 ], [ 74.288908440672728, 31.44620368696846 ], [ 74.288808817115765, 31.446207862235649 ], [ 74.288814405464095, 31.446482578359053 ], [ 74.288904707046157, 31.446479773912831 ], [ 74.288921661224663, 31.446479247291204 ] ] ] } },
{ "type": "Feature", "properties": { "OBJECTID": 0, "SHAPE_Leng": 0.0, "SHAPE_Area": 0.0, "Town": null, "UC_N0": null, "Landuse": "R", "KA": null, "Name": null, "Plot_No": "212", "Block": "B", "Plot_Size": "1K", "Road_Width": null, "Classifica": null, "Category": null, "MAP": null, "__source_file": "revenu.shp" }, "geometry": { "type": "Polygon", "coordinates": [ [ [ 74.288116908648334, 31.445870331726194 ], [ 74.28809453379742, 31.445646330949508 ], [ 74.287974751493365, 31.445644400171727 ], [ 74.28798401549605, 31.445870102016158 ], [ 74.288116908648334, 31.445870331726194 ] ] ] } },
{ "type": "Feature", "properties": { "OBJECTID": 0, "SHAPE_Leng": 0.0, "SHAPE_Area": 0.0, "Town": null, "UC_N0": null, "Landuse": "R", "KA": null, "Name": null, "Plot_No": "211", "Block": "B", "Plot_Size": "1K", "Road_Width": null, "Classifica": null, "Category": null, "MAP": null, "__source_file": "revenu.shp" }, "geometry": { "type": "Polygon", "coordinates": [ [ [ 74.28798401549605, 31.445870102016158 ], [ 74.287974751493365, 31.445644400171727 ], [ 74.287800632508748, 31.445641593338099 ], [ 74.287794764909052, 31.4458697746526 ], [ 74.28798401549605, 31.445870102016158 ] ] ] } },
{ "type": "Feature", "properties": { "OBJECTID": 162672, "SHAPE_Leng": 143.67016994100001, "SHAPE_Area": 1248.8595130900001, "Town": "Allama Iqbal Town", "UC_N0": "UC_120", "Landuse": "R", "KA": null, "Name": null, "Plot_No": "222A", "Block": "B", "Plot_Size": "1K", "Road_Width": null, "Classifica": null, "Category": null, "MAP": null, "__source_file": "revenu.shp" }, "geometry": { "type": "Polygon", "coordinates": [ [ [ 74.290144527700562, 31.445588801778509 ], [ 74.290142640184257, 31.445855498546749 ], [ 74.290357225379481, 31.445848954013321 ], [ 74.290353247179013, 31.445582854967647 ], [ 74.290144527700562, 31.445588801778509 ] ] ] } },
{ "type": "Feature", "properties": { "OBJECTID": 162671, "SHAPE_Leng": 188.674755742, "SHAPE_Area": 1774.8821450800001, "Town": "Allama Iqbal Town", "UC_N0": "UC_120", "Landuse": "R", "KA": null, "Name": null, "Plot_No": "236A", "Block": "B", "Plot_Size": "1K", "Road_Width": null, "Classifica": null, "Category": null, "MAP": null, "__source_file": "revenu.shp" }, "geometry": { "type": "Polygon", "coordinates": [ [ [ 74.29015996943788, 31.445854970043353 ], [ 74.290173639248607, 31.44609059467334 ], [ 74.290360779443532, 31.446086713518358 ], [ 74.290357225379481, 31.445848954013321 ], [ 74.29015996943788, 31.445854970043353 ] ] ] } },
{ "type": "Feature", "properties": { "OBJECTID": 0, "SHAPE_Leng": 0.0, "SHAPE_Area": 0.0, "Town": null, "UC_N0": null, "Landuse": "R", "KA": null, "Name": null, "Plot_No": "213", "Block": "B", "Plot_Size": "1K", "Road_Width": null, "Classifica": null, "Category": null, "MAP": null, "__source_file": "revenu.shp" }, "geometry": { "type": "Polygon", "coordinates": [ [ [ 74.28809453379742, 31.445646330949508 ], [ 74.288116908648334, 31.445870331726194 ], [ 74.288334610797918, 31.44587070773327 ], [ 74.288337437975329, 31.445650245991697 ], [ 74.28809453379742, 31.445646330949508 ] ] ] } },
{ "type": "Feature", "properties": { "OBJECTID": 162671, "SHAPE_Leng": 188.674755742, "SHAPE_Area": 1774.8821450800001, "Town": "Allama Iqbal Town", "UC_N0": "UC_120", "Landuse": "R", "KA": null, "Name": null, "Plot_No": "238", "Block": "B", "Plot_Size": "1K", "Road_Width": null, "Classifica": null, "Category": null, "MAP": null, "__source_file": "revenu.shp" }, "geometry": { "type": "Polygon", "coordinates": [ [ [ 74.289938968483852, 31.446095460587149 ], [ 74.28992311903707, 31.445862193800199 ], [ 74.289909081669265, 31.445862621508091 ], [ 74.289778345042734, 31.445866607761136 ], [ 74.289765437774108, 31.445867002070237 ], [ 74.289640870148148, 31.445870801014543 ], [ 74.289640125424796, 31.445959205763216 ], [ 74.289639108546709, 31.446079765192991 ], [ 74.289638923910488, 31.446101682737581 ], [ 74.289795040565807, 31.446098446944305 ], [ 74.289938968483852, 31.446095460587149 ] ] ] } },
{ "type": "Feature", "properties": { "OBJECTID": 161883, "SHAPE_Leng": 161.33392807800001, "SHAPE_Area": 1457.0373809600001, "Town": "Allama Iqbal Town", "UC_N0": "UC_120", "Landuse": "R", "KA": null, "Name": null, "Plot_No": "194", "Block": "B", "Plot_Size": "1K", "Road_Width": null, "Classifica": null, "Category": null, "MAP": null, "__source_file": "revenu.shp" }, "geometry": { "type": "Polygon", "coordinates": [ [ [ 74.291240149686672, 31.445241860583806 ], [ 74.291211951251327, 31.445489176306914 ], [ 74.291390427772598, 31.445484529056674 ], [ 74.291393103459669, 31.445238075838599 ], [ 74.291329669079616, 31.445239645768158 ], [ 74.291240149686672, 31.445241860583806 ] ] ] } },
{ "type": "Feature", "properties": { "OBJECTID": 161883, "SHAPE_Leng": 161.33392807800001, "SHAPE_Area": 1457.0373809600001, "Town": "Allama Iqbal Town", "UC_N0": "UC_120", "Landuse": "R", "KA": null, "Name": null, "Plot_No": "197", "Block": "B", "Plot_Size": "1K", "Road_Width": null, "Classifica": null, "Category": null, "MAP": null, "__source_file": "revenu.shp" }, "geometry": { "type": "Polygon", "coordinates": [ [ [ 74.290986575561959, 31.445495044382213 ], [ 74.291009659091799, 31.445247564156816 ], [ 74.290885145255089, 31.445250645253747 ], [ 74.290834797507642, 31.445251891302171 ], [ 74.290827443546306, 31.445499187440831 ], [ 74.290986575561959, 31.445495044382213 ] ] ] } },
{ "type": "Feature", "properties": { "OBJECTID": 159736, "SHAPE_Leng": 232.82542930100001, "SHAPE_Area": 3000.1653642599999, "Town": "Allama Iqbal Town", "UC_N0": "UC_120", "Landuse": "R", "KA": null, "Name": null, "Plot_No": "31", "Block": "B", "Plot_Size": "1K", "Road_Width": null, "Classifica": null, "Category": null, "MAP": null, "__source_file": "revenu.shp" }, "geometry": { "type": "Polygon", "coordinates": [ [ [ 74.295316777803947, 31.449186328896499 ], [ 74.29519399692542, 31.449517775364306 ], [ 74.295380103679292, 31.449571227911054 ], [ 74.295445290489369, 31.449589569695579 ], [ 74.295575124585213, 31.449258991031655 ], [ 74.295316777803947, 31.449186328896499 ] ] ] } },
{ "type": "Feature", "properties": { "OBJECTID": 159736, "SHAPE_Leng": 232.82542930100001, "SHAPE_Area": 3000.1653642599999, "Town": "Allama Iqbal Town", "UC_N0": "UC_120", "Landuse": "R", "KA": null, "Name": null, "Plot_No": "29", "Block": "B", "Plot_Size": "1K", "Road_Width": null, "Classifica": null, "Category": null, "MAP": null, "__source_file": "revenu.shp" }, "geometry": { "type": "Polygon", "coordinates": [ [ [ 74.295037961734579, 31.449107908899634 ], [ 74.295037821096145, 31.449107869343386 ], [ 74.294786555287672, 31.449039777289233 ], [ 74.294672475510424, 31.449367985126866 ], [ 74.294943539528546, 31.449445839863145 ], [ 74.295037961734579, 31.449107908899634 ] ] ] } },
{ "type": "Feature", "properties": { "OBJECTID": 159733, "SHAPE_Leng": 165.198287824, "SHAPE_Area": 1692.8683314, "Town": "Allama Iqbal Town", "UC_N0": "UC_120", "Landuse": "R", "KA": null, "Name": null, "Plot_No": "26", "Block": "B", "Plot_Size": "1K", "Road_Width": null, "Classifica": null, "Category": null, "MAP": null, "__source_file": "revenu.shp" }, "geometry": { "type": "Polygon", "coordinates": [ [ [ 74.294180262506345, 31.448875471834761 ], [ 74.294069720986499, 31.449202582769352 ], [ 74.294291016541749, 31.449260953140126 ], [ 74.294407454297641, 31.448937041513648 ], [ 74.294180262506345, 31.448875471834761 ] ] ] } },
{ "type": "Feature", "properties": { "OBJECTID": 161912, "SHAPE_Leng": 79.347252729299996, "SHAPE_Area": 347.791018592, "Town": "Allama Iqbal Town", "UC_N0": "UC_120", "Landuse": "R", "KA": null, "Name": null, "Plot_No": "38", "Block": "B", "Plot_Size": "1K", "Road_Width": null, "Classifica": null, "Category": null, "MAP": null, "__source_file": "revenu.shp" }, "geometry": { "type": "Polygon", "coordinates": [ [ [ 74.296761895290146, 31.449235877235573 ], [ 74.296583331106476, 31.449313978968526 ], [ 74.29658476601692, 31.449324221719909 ], [ 74.296588572927888, 31.449387187690927 ], [ 74.296583825388325, 31.449450106684228 ], [ 74.29657508438531, 31.449495140905604 ], [ 74.296924596664454, 31.449504990665826 ], [ 74.296946994027408, 31.449505621908784 ], [ 74.296761895290146, 31.449235877235573 ] ] ] } },
{ "type": "Feature", "properties": { "OBJECTID": 161943, "SHAPE_Leng": 114.519197084, "SHAPE_Area": 793.34273763199997, "Town": "Allama Iqbal Town", "UC_N0": "UC_120", "Landuse": "R", "KA": null, "Name": null, "Plot_No": "174", "Block": "B", "Plot_Size": "1K", "Road_Width": null, "Classifica": null, "Category": null, "MAP": null, "__source_file": "revenu.shp" }, "geometry": { "type": "Polygon", "coordinates": [ [ [ 74.294627813447761, 31.445979867206052 ], [ 74.294324040479609, 31.446137275050688 ], [ 74.294380631676106, 31.446216189268011 ], [ 74.294689573184954, 31.446065419485162 ], [ 74.294630587627637, 31.445983710076582 ], [ 74.294627813447761, 31.445979867206052 ] ] ] } },
{ "type": "Feature", "properties": { "OBJECTID": 282895, "SHAPE_Leng": 109.95345706400001, "SHAPE_Area": 712.12051108100002, "Town": "Allama Iqbal Town", "UC_N0": "UC_120", "Landuse": "R", "KA": null, "Name": null, "Plot_No": "172", "Block": "B", "Plot_Size": "1K", "Road_Width": null, "Classifica": null, "Category": null, "MAP": null, "__source_file": "revenu.shp" }, "geometry": { "type": "Polygon", "coordinates": [ [ [ 74.294823548493937, 31.446258469869434 ], [ 74.294523311393803, 31.446415147633459 ], [ 74.294563155719544, 31.44647070812421 ], [ 74.294571487601118, 31.446483054990406 ], [ 74.294888748889221, 31.446338320449943 ], [ 74.294844246491024, 31.446285627133282 ], [ 74.294844217309148, 31.446285589079071 ], [ 74.294823548493937, 31.446258469869434 ] ] ] } },
{ "type": "Feature", "properties": { "OBJECTID": 169355, "SHAPE_Leng": 501.43234980800003, "SHAPE_Area": 13407.623515400001, "Town": "Allama Iqbal Town", "UC_N0": "UC_120", "Landuse": "Pb", "KA": null, "Name": null, "Plot_No": "169", "Block": "B", "Plot_Size": "1K", "Road_Width": null, "Classifica": null, "Category": null, "MAP": null, "__source_file": "revenu.shp" }, "geometry": { "type": "Polygon", "coordinates": [ [ [ 74.295301615940318, 31.446812838200099 ], [ 74.295281178608121, 31.446780238767879 ], [ 74.295272137042204, 31.446765816526455 ], [ 74.295174244824352, 31.446636422565852 ], [ 74.295158378692918, 31.446619025109548 ], [ 74.295134731632558, 31.44659074275674 ], [ 74.295134701364347, 31.446590709207761 ], [ 74.295094253979443, 31.446547239216546 ], [ 74.295072337560555, 31.44652521881908 ], [ 74.295060587588921, 31.446513414360705 ], [ 74.294665575518124, 31.446687738365686 ], [ 74.294674885879374, 31.446724986703302 ], [ 74.294684454659091, 31.446778313270773 ], [ 74.294687382754276, 31.446868553084311 ], [ 74.295301615940318, 31.446812838200099 ] ] ] } },
{ "type": "Feature", "properties": { "OBJECTID": 160797, "SHAPE_Leng": 148.74086869000001, "SHAPE_Area": 1381.13419841, "Town": "Allama Iqbal Town", "UC_N0": "UC_120", "Landuse": "R", "KA": null, "Name": null, "Plot_No": "66", "Block": "B", "Plot_Size": "1K", "Road_Width": null, "Classifica": null, "Category": null, "MAP": null, "__source_file": "revenu.shp" }, "geometry": { "type": "Polygon", "coordinates": [ [ [ 74.294099228090019, 31.448023225604427 ], [ 74.294136090598371, 31.448368568331503 ], [ 74.294140574075954, 31.448368500021076 ], [ 74.294312906302039, 31.448365874920501 ], [ 74.294299086713323, 31.448021393033091 ], [ 74.294099228090019, 31.448023225604427 ] ] ] } },
{ "type": "Feature", "properties": { "OBJECTID": 167924, "SHAPE_Leng": 293.9181255, "SHAPE_Area": 3586.0614980800001, "Town": "Allama Iqbal Town", "UC_N0": "UC_120", "Landuse": "Rg", "KA": null, "Name": "Jamia Mosque", "Plot_No": null, "Block": "B", "Plot_Size": "1.5k", "Road_Width": null, "Classifica": null, "Category": null, "MAP": null, "__source_file": "revenu.shp" }, "geometry": { "type": "Polygon", "coordinates": [ [ [ 74.294622541946893, 31.447623818925592 ], [ 74.294296631911052, 31.447612777493035 ], [ 74.294303103927703, 31.447785362493551 ], [ 74.294303209359427, 31.447788174312922 ], [ 74.294308478613161, 31.447928702934796 ], [ 74.294633065804078, 31.447924564898997 ], [ 74.294626858944255, 31.447887029603415 ], [ 74.294627201942006, 31.447841250627 ], [ 74.294629742967004, 31.447823062164822 ], [ 74.294628774320529, 31.447796260961347 ], [ 74.294622541946893, 31.447623818925592 ] ] ] } },
{ "type": "Feature", "properties": { "OBJECTID": 159752, "SHAPE_Leng": 52.760259850499999, "SHAPE_Area": 165.729478836, "Town": "Allama Iqbal Town", "UC_N0": "UC_120", "Landuse": "R", "KA": null, "Name": null, "Plot_No": "142", "Block": "B", "Plot_Size": "1K", "Road_Width": null, "Classifica": null, "Category": null, "MAP": null, "__source_file": "revenu.shp" }, "geometry": { "type": "Polygon", "coordinates": [ [ [ 74.293887822054941, 31.445715745979783 ], [ 74.293921112461447, 31.445977003618051 ], [ 74.2939376776839, 31.445976289080519 ], [ 74.294107634105387, 31.445968957890802 ], [ 74.294006130397378, 31.445829023926262 ], [ 74.293923370163242, 31.445714932369022 ], [ 74.293890778213623, 31.445715678406167 ], [ 74.293887822054941, 31.445715745979783 ] ] ] } },
{ "type": "Feature", "properties": { "OBJECTID": 159752, "SHAPE_Leng": 52.760259850499999, "SHAPE_Area": 165.729478836, "Town": "Allama Iqbal Town", "UC_N0": "UC_120", "Landuse": "R", "KA": null, "Name": null, "Plot_No": "148", "Block": "B", "Plot_Size": "1K", "Road_Width": null, "Classifica": null, "Category": null, "MAP": null, "__source_file": "revenu.shp" }, "geometry": { "type": "Polygon", "coordinates": [ [ [ 74.292801254055149, 31.44602530526479 ], [ 74.29279448230885, 31.445740755082792 ], [ 74.29275155094966, 31.445741736541965 ], [ 74.292626819820327, 31.445744589776208 ], [ 74.292628379227466, 31.445777183566996 ], [ 74.29263356666246, 31.445885672350105 ], [ 74.292640574895955, 31.446032233392284 ], [ 74.292767085919991, 31.446026778667367 ], [ 74.292801254055149, 31.44602530526479 ] ] ] } },
{ "type": "Feature", "properties": { "OBJECTID": 159752, "SHAPE_Leng": 52.760259850499999, "SHAPE_Area": 165.729478836, "Town": "Allama Iqbal Town", "UC_N0": "UC_120", "Landuse": "R", "KA": null, "Name": null, "Plot_No": "145", "Block": "B", "Plot_Size": "1K", "Road_Width": null, "Classifica": null, "Category": null, "MAP": null, "__source_file": "revenu.shp" }, "geometry": { "type": "Polygon", "coordinates": [ [ [ 74.293505321654962, 31.445994939028939 ], [ 74.293488652728016, 31.44572487841452 ], [ 74.293483011372416, 31.445725007476671 ], [ 74.29341768871484, 31.445726500205115 ], [ 74.293342784138858, 31.445728214278759 ], [ 74.293270866247624, 31.445729859613984 ], [ 74.293276645763186, 31.446004802051974 ], [ 74.293312301341743, 31.446003263774461 ], [ 74.293374812125947, 31.446000568332039 ], [ 74.29345214744238, 31.445997232690399 ], [ 74.293505321654962, 31.445994939028939 ] ] ] } },
{ "type": "Feature", "properties": { "OBJECTID": 159752, "SHAPE_Leng": 52.760259850499999, "SHAPE_Area": 165.729478836, "Town": "Allama Iqbal Town", "UC_N0": "UC_120", "Landuse": "R", "KA": null, "Name": null, "Plot_No": "147", "Block": "B", "Plot_Size": "1K", "Road_Width": null, "Classifica": null, "Category": null, "MAP": null, "__source_file": "revenu.shp" }, "geometry": { "type": "Polygon", "coordinates": [ [ [ 74.292993771283022, 31.44601700249272 ], [ 74.293004745384849, 31.445735946848544 ], [ 74.292976763867301, 31.445736586418441 ], [ 74.292907437535845, 31.44573817243079 ], [ 74.292834204567924, 31.445739846974369 ], [ 74.29279448230885, 31.445740755082792 ], [ 74.292801254055149, 31.44602530526479 ], [ 74.292846172815743, 31.446023368258395 ], [ 74.292961934886321, 31.446018375492272 ], [ 74.292993771283022, 31.44601700249272 ] ] ] } },
{ "type": "Feature", "properties": { "OBJECTID": 159752, "SHAPE_Leng": 52.760259850499999, "SHAPE_Area": 165.729478836, "Town": "Allama Iqbal Town", "UC_N0": "UC_120", "Landuse": "R", "KA": null, "Name": null, "Plot_No": "144", "Block": "B", "Plot_Size": "1K", "Road_Width": null, "Classifica": null, "Category": null, "MAP": null, "__source_file": "revenu.shp" }, "geometry": { "type": "Polygon", "coordinates": [ [ [ 74.293716825772748, 31.445985815955609 ], [ 74.293676371798, 31.445720583404018 ], [ 74.29365523566527, 31.445721067241262 ], [ 74.293488652728016, 31.44572487841452 ], [ 74.293505321654962, 31.445994939028939 ], [ 74.293529411434292, 31.445993899912711 ], [ 74.293687358319644, 31.445987087315011 ], [ 74.293716825772748, 31.445985815955609 ] ] ] } },
{ "type": "Feature", "properties": { "OBJECTID": 159752, "SHAPE_Leng": 52.760259850499999, "SHAPE_Area": 165.729478836, "Town": "Allama Iqbal Town", "UC_N0": "UC_120", "Landuse": "R", "KA": null, "Name": null, "Plot_No": "143", "Block": "B", "Plot_Size": "1K", "Road_Width": null, "Classifica": null, "Category": null, "MAP": null, "__source_file": "revenu.shp" }, "geometry": { "type": "Polygon", "coordinates": [ [ [ 74.293921112461447, 31.445977003618051 ], [ 74.293887822054941, 31.445715745979783 ], [ 74.293815292905478, 31.445717403872809 ], [ 74.293740554731386, 31.445719114140498 ], [ 74.293676371798, 31.445720583404018 ], [ 74.293716825772748, 31.445985815955609 ], [ 74.29379793893591, 31.445982316331087 ], [ 74.293864822780435, 31.445979431645931 ], [ 74.293921112461447, 31.445977003618051 ] ] ] } },
{ "type": "Feature", "properties": { "OBJECTID": 159757, "SHAPE_Leng": 149.68996847299999, "SHAPE_Area": 954.68409337499997, "Town": "Allama Iqbal Town", "UC_N0": "UC_120", "Landuse": "R", "KA": null, "Name": null, "Plot_No": "156", "Block": "B", "Plot_Size": "1K", "Road_Width": null, "Classifica": null, "Category": null, "MAP": null, "__source_file": "revenu.shp" }, "geometry": { "type": "Polygon", "coordinates": [ [ [ 74.291782929836629, 31.44580908546089 ], [ 74.291775408242927, 31.445542325571509 ], [ 74.291607163854763, 31.445547120824543 ], [ 74.291611281473479, 31.445812001827274 ], [ 74.291782929836629, 31.44580908546089 ] ] ] } },
{ "type": "Feature", "properties": { "OBJECTID": 159753, "SHAPE_Leng": 157.85741718099999, "SHAPE_Area": 1553.4553835700001, "Town": "Allama Iqbal Town", "UC_N0": "UC_120", "Landuse": "R", "KA": null, "Name": null, "Plot_No": "125", "Block": "B", "Plot_Size": "1K", "Road_Width": null, "Classifica": null, "Category": null, "MAP": null, "__source_file": "revenu.shp" }, "geometry": { "type": "Polygon", "coordinates": [ [ [ 74.291849313694698, 31.446712829701546 ], [ 74.29180555644939, 31.446376100627344 ], [ 74.291626914112996, 31.446382700604541 ], [ 74.291641204979612, 31.446718059342466 ], [ 74.291849313694698, 31.446712829701546 ] ] ] } },
{ "type": "Feature", "properties": { "OBJECTID": 159967, "SHAPE_Leng": 108.622267979, "SHAPE_Area": 735.54865533500003, "Town": "Allama Iqbal Town", "UC_N0": "UC_120", "Landuse": "R", "KA": null, "Name": null, "Plot_No": "131", "Block": "B", "Plot_Size": "1K", "Road_Width": null, "Classifica": null, "Category": null, "MAP": null, "__source_file": "revenu.shp" }, "geometry": { "type": "Polygon", "coordinates": [ [ [ 74.292474007876621, 31.446351402074516 ], [ 74.292475681756187, 31.446095525814048 ], [ 74.292376627494377, 31.446099832860696 ], [ 74.292376663974125, 31.446354999455323 ], [ 74.292472644372964, 31.446351452456348 ], [ 74.292474007876621, 31.446351402074516 ] ] ] } },
{ "type": "Feature", "properties": { "OBJECTID": 159751, "SHAPE_Leng": 47.674008269600002, "SHAPE_Area": 116.03708591, "Town": "Allama Iqbal Town", "UC_N0": "UC_120", "Landuse": "R", "KA": null, "Name": null, "Plot_No": "136", "Block": "B", "Plot_Size": "1K", "Road_Width": null, "Classifica": null, "Category": null, "MAP": null, "__source_file": "revenu.shp" }, "geometry": { "type": "Polygon", "coordinates": [ [ [ 74.293356266251749, 31.446346318654793 ], [ 74.29332616874423, 31.446058542676585 ], [ 74.293277819672056, 31.44606064456725 ], [ 74.293202625019163, 31.446063914819764 ], [ 74.293154319722063, 31.446066016130548 ], [ 74.29317322096253, 31.446351573385744 ], [ 74.293211477491539, 31.446350475128764 ], [ 74.293286939641419, 31.446348309354097 ], [ 74.293356266251749, 31.446346318654793 ] ] ] } },
{ "type": "Feature", "properties": { "OBJECTID": 159751, "SHAPE_Leng": 47.674008269600002, "SHAPE_Area": 116.03708591, "Town": "Allama Iqbal Town", "UC_N0": "UC_120", "Landuse": "R", "KA": null, "Name": null, "Plot_No": "140", "Block": "B", "Plot_Size": "1K", "Road_Width": null, "Classifica": null, "Category": null, "MAP": null, "__source_file": "revenu.shp" }, "geometry": { "type": "Polygon", "coordinates": [ [ [ 74.294019400482924, 31.446327274851637 ], [ 74.29396526075422, 31.446030746914865 ], [ 74.293901397691897, 31.446033525217135 ], [ 74.29382292550531, 31.446036938014732 ], [ 74.293798592110377, 31.446037996295491 ], [ 74.293831793162383, 31.446332662720184 ], [ 74.293850647797868, 31.446332121288268 ], [ 74.293922901464725, 31.446330045384062 ], [ 74.293992862157779, 31.446328036649454 ], [ 74.294019400482924, 31.446327274851637 ] ] ] } },
{ "type": "Feature", "properties": { "OBJECTID": 159751, "SHAPE_Leng": 47.674008269600002, "SHAPE_Area": 116.03708591, "Town": "Allama Iqbal Town", "UC_N0": "UC_120", "Landuse": "R", "KA": null, "Name": null, "Plot_No": "135", "Block": "B", "Plot_Size": "1K", "Road_Width": null, "Classifica": null, "Category": null, "MAP": null, "__source_file": "revenu.shp" }, "geometry": { "type": "Polygon", "coordinates": [ [ [ 74.29317322096253, 31.446351573385744 ], [ 74.293154319722063, 31.446066016130548 ], [ 74.293138905400539, 31.446066686659361 ], [ 74.293050240625206, 31.446070542202119 ], [ 74.293006494597662, 31.446072444525626 ], [ 74.293018384174445, 31.446356019616367 ], [ 74.293118527403138, 31.4463531434921 ], [ 74.29317322096253, 31.446351573385744 ] ] ] } },
{ "type": "Feature", "properties": { "OBJECTID": 159751, "SHAPE_Leng": 47.674008269600002, "SHAPE_Area": 116.03708591, "Town": "Allama Iqbal Town", "UC_N0": "UC_120", "Landuse": "R", "KA": null, "Name": null, "Plot_No": "137", "Block": "B", "Plot_Size": "1K", "Road_Width": null, "Classifica": null, "Category": null, "MAP": null, "__source_file": "revenu.shp" }, "geometry": { "type": "Polygon", "coordinates": [ [ [ 74.293502998343627, 31.446342105217589 ], [ 74.29346720537464, 31.446052408448928 ], [ 74.293427353746523, 31.446054141614379 ], [ 74.293348095701901, 31.446057589434709 ], [ 74.29332616874423, 31.446058542676585 ], [ 74.293356266251749, 31.446346318654793 ], [ 74.293357576875465, 31.446346281020137 ], [ 74.29341423083558, 31.446344653503303 ], [ 74.293487833683841, 31.446342540682018 ], [ 74.293502998343627, 31.446342105217589 ] ] ] } },
{ "type": "Feature", "properties": { "OBJECTID": 159751, "SHAPE_Leng": 47.674008269600002, "SHAPE_Area": 116.03708591, "Town": "Allama Iqbal Town", "UC_N0": "UC_120", "Landuse": "R", "KA": null, "Name": null, "Plot_No": "139", "Block": "B", "Plot_Size": "1K", "Road_Width": null, "Classifica": null, "Category": null, "MAP": null, "__source_file": "revenu.shp" }, "geometry": { "type": "Polygon", "coordinates": [ [ [ 74.293831793162383, 31.446332662720184 ], [ 74.293798592110377, 31.446037996295491 ], [ 74.293730767311516, 31.44604094603103 ], [ 74.293656711902443, 31.446044166662659 ], [ 74.293645086623897, 31.446044672295837 ], [ 74.293686049740685, 31.446336848176156 ], [ 74.293736567024411, 31.446335397202581 ], [ 74.293831793162383, 31.446332662720184 ] ] ] } },
{ "type": "Feature", "properties": { "OBJECTID": 159751, "SHAPE_Leng": 47.674008269600002, "SHAPE_Area": 116.03708591, "Town": "Allama Iqbal Town", "UC_N0": "UC_120", "Landuse": "R", "KA": null, "Name": null, "Plot_No": "141", "Block": "B", "Plot_Size": "1K", "Road_Width": null, "Classifica": null, "Category": null, "MAP": null, "__source_file": "revenu.shp" }, "geometry": { "type": "Polygon", "coordinates": [ [ [ 74.29436044455268, 31.446317481293189 ], [ 74.294146727909109, 31.44602285381405 ], [ 74.294135462391694, 31.446023344016162 ], [ 74.29407409637038, 31.446026014249256 ], [ 74.293991488203702, 31.446029605905128 ], [ 74.29396526075422, 31.446030746914865 ], [ 74.294019400482924, 31.446327274851637 ], [ 74.294079397823552, 31.446325552573178 ], [ 74.294166179557465, 31.446323060432753 ], [ 74.294198881400192, 31.446322121281945 ], [ 74.29436044455268, 31.446317481293189 ] ] ] } },
{ "type": "Feature", "properties": { "OBJECTID": 167924, "SHAPE_Leng": 293.9181255, "SHAPE_Area": 3586.0614980800001, "Town": "Allama Iqbal Town", "UC_N0": "UC_120", "Landuse": "H", "KA": null, "Name": "Medical clinic", "Plot_No": null, "Block": "B", "Plot_Size": "1k", "Road_Width": null, "Classifica": null, "Category": null, "MAP": null, "__source_file": "revenu.shp" }, "geometry": { "type": "Polygon", "coordinates": [ [ [ 74.294615944670198, 31.447441269407783 ], [ 74.294511385705704, 31.447432180015753 ], [ 74.294289134541842, 31.447412859246857 ], [ 74.294296631911052, 31.447612777493035 ], [ 74.294622541946893, 31.447623818925592 ], [ 74.294615944670198, 31.447441269407783 ] ] ] } },
{ "type": "Feature", "properties": { "OBJECTID": 167924, "SHAPE_Leng": 293.9181255, "SHAPE_Area": 3586.0614980800001, "Town": "Allama Iqbal Town", "UC_N0": "UC_120", "Landuse": "C", "KA": null, "Name": "Bakery", "Plot_No": null, "Block": "B", "Plot_Size": null, "Road_Width": null, "Classifica": null, "Category": null, "MAP": null, "__source_file": "revenu.shp" }, "geometry": { "type": "Polygon", "coordinates": [ [ [ 74.294487014196307, 31.446710446723436 ], [ 74.294493084333055, 31.446796940734799 ], [ 74.294498847255895, 31.446879053991317 ], [ 74.294500168978288, 31.446937361443503 ], [ 74.294501261415647, 31.446985554014145 ], [ 74.294502220244894, 31.447027852476758 ], [ 74.294503832669719, 31.447098984062336 ], [ 74.294505539067472, 31.447174261166559 ], [ 74.294506526863898, 31.447217837409084 ], [ 74.294507502521768, 31.447260878141652 ], [ 74.294508566301786, 31.447307806320396 ], [ 74.294509598017498, 31.447353319971455 ], [ 74.294511385705704, 31.447432180015753 ], [ 74.294615944670198, 31.447441269407783 ], [ 74.294595547294378, 31.446876884068701 ], [ 74.294590910156714, 31.446748566877449 ], [ 74.29458305191163, 31.44670801363624 ], [ 74.29458301271724, 31.446707843812057 ], [ 74.294487014196307, 31.446710446723436 ] ] ] } },
{ "type": "Feature", "properties": { "OBJECTID": 167926, "SHAPE_Leng": 98.833041486, "SHAPE_Area": 578.09524045900002, "Town": "Allama Iqbal Town", "UC_N0": "UC_120", "Landuse": "C", "KA": null, "Name": null, "Plot_No": "38", "Block": "B", "Plot_Size": "10M", "Road_Width": null, "Classifica": null, "Category": null, "MAP": null, "__source_file": "revenu.shp" }, "geometry": { "type": "Polygon", "coordinates": [ [ [ 74.294498847255895, 31.446879053991317 ], [ 74.294493084333055, 31.446796940734799 ], [ 74.294266134729099, 31.446799498446389 ], [ 74.294269310980141, 31.446884206646285 ], [ 74.294498847255895, 31.446879053991317 ] ] ] } },
{ "type": "Feature", "properties": { "OBJECTID": 167924, "SHAPE_Leng": 293.9181255, "SHAPE_Area": 3586.0614980800001, "Town": "Allama Iqbal Town", "UC_N0": "UC_120", "Landuse": "C", "KA": null, "Name": null, "Plot_No": "39", "Block": "B", "Plot_Size": "1K", "Road_Width": null, "Classifica": null, "Category": null, "MAP": null, "__source_file": "revenu.shp" }, "geometry": { "type": "Polygon", "coordinates": [ [ [ 74.294500168978288, 31.446937361443503 ], [ 74.294498847255895, 31.446879053991317 ], [ 74.294269310980141, 31.446884206646285 ], [ 74.294271357611208, 31.446938785705871 ], [ 74.294500168978288, 31.446937361443503 ] ] ] } },
{ "type": "Feature", "properties": { "OBJECTID": 167924, "SHAPE_Leng": 293.9181255, "SHAPE_Area": 3586.0614980800001, "Town": "Allama Iqbal Town", "UC_N0": "UC_120", "Landuse": "C", "KA": null, "Name": null, "Plot_No": "42", "Block": "B", "Plot_Size": "1K", "Road_Width": null, "Classifica": null, "Category": null, "MAP": null, "__source_file": "revenu.shp" }, "geometry": { "type": "Polygon", "coordinates": [ [ [ 74.294502220244894, 31.447027852476758 ], [ 74.294274363776154, 31.447018953296396 ], [ 74.294276414370898, 31.447073637943294 ], [ 74.294276744897317, 31.447082452520814 ], [ 74.294503832669719, 31.447098984062336 ], [ 74.294502220244894, 31.447027852476758 ] ] ] } },
{ "type": "Feature", "properties": { "OBJECTID": 167924, "SHAPE_Leng": 293.9181255, "SHAPE_Area": 3586.0614980800001, "Town": "Allama Iqbal Town", "UC_N0": "UC_120", "Landuse": "C", "KA": null, "Name": null, "Plot_No": "43", "Block": "B", "Plot_Size": "1K", "Road_Width": null, "Classifica": null, "Category": null, "MAP": null, "__source_file": "revenu.shp" }, "geometry": { "type": "Polygon", "coordinates": [ [ [ 74.294503832669719, 31.447098984062336 ], [ 74.294276744897317, 31.447082452520814 ], [ 74.294279479069473, 31.447155368200775 ], [ 74.294505539067472, 31.447174261166559 ], [ 74.294503832669719, 31.447098984062336 ] ] ] } },
{ "type": "Feature", "properties": { "OBJECTID": 167924, "SHAPE_Leng": 293.9181255, "SHAPE_Area": 3586.0614980800001, "Town": "Allama Iqbal Town", "UC_N0": "UC_120", "Landuse": "C", "KA": null, "Name": null, "Plot_No": "48", "Block": "B", "Plot_Size": "1K", "Road_Width": null, "Classifica": null, "Category": null, "MAP": null, "__source_file": "revenu.shp" }, "geometry": { "type": "Polygon", "coordinates": [ [ [ 74.294509598017498, 31.447353319971455 ], [ 74.294286344462549, 31.44733845431497 ], [ 74.294289134541842, 31.447412859246857 ], [ 74.294511385705704, 31.447432180015753 ], [ 74.294509598017498, 31.447353319971455 ] ] ] } },
{ "type": "Feature", "properties": { "OBJECTID": 167924, "SHAPE_Leng": 293.9181255, "SHAPE_Area": 3586.0614980800001, "Town": "Allama Iqbal Town", "UC_N0": "UC_120", "Landuse": "C", "KA": null, "Name": null, "Plot_No": "46", "Block": "B", "Plot_Size": "1K", "Road_Width": null, "Classifica": null, "Category": null, "MAP": null, "__source_file": "revenu.shp" }, "geometry": { "type": "Polygon", "coordinates": [ [ [ 74.294507502521768, 31.447260878141652 ], [ 74.294283095037812, 31.447251799596629 ], [ 74.294284645584142, 31.447293149131283 ], [ 74.294508566301786, 31.447307806320396 ], [ 74.294507502521768, 31.447260878141652 ] ] ] } },
{ "type": "Feature", "properties": { "OBJECTID": 167924, "SHAPE_Leng": 293.9181255, "SHAPE_Area": 3586.0614980800001, "Town": "Allama Iqbal Town", "UC_N0": "UC_120", "Landuse": "C", "KA": null, "Name": null, "Plot_No": "47", "Block": "B", "Plot_Size": "1K", "Road_Width": null, "Classifica": null, "Category": null, "MAP": null, "__source_file": "revenu.shp" }, "geometry": { "type": "Polygon", "coordinates": [ [ [ 74.294508566301786, 31.447307806320396 ], [ 74.294284645584142, 31.447293149131283 ], [ 74.294286344462549, 31.44733845431497 ], [ 74.294509598017498, 31.447353319971455 ], [ 74.294508566301786, 31.447307806320396 ] ] ] } },
{ "type": "Feature", "properties": { "OBJECTID": 167924, "SHAPE_Leng": 293.9181255, "SHAPE_Area": 3586.0614980800001, "Town": "Allama Iqbal Town", "UC_N0": "UC_120", "Landuse": "C", "KA": null, "Name": null, "Plot_No": "45", "Block": "B", "Plot_Size": "1K", "Road_Width": null, "Classifica": null, "Category": null, "MAP": null, "__source_file": "revenu.shp" }, "geometry": { "type": "Polygon", "coordinates": [ [ [ 74.294506526863898, 31.447217837409084 ], [ 74.294281329934947, 31.447204727559953 ], [ 74.294282801188743, 31.447243963309443 ], [ 74.294283095037812, 31.447251799596629 ], [ 74.294507502521768, 31.447260878141652 ], [ 74.294506526863898, 31.447217837409084 ] ] ] } },
{ "type": "Feature", "properties": { "OBJECTID": 167924, "SHAPE_Leng": 293.9181255, "SHAPE_Area": 3586.0614980800001, "Town": "Allama Iqbal Town", "UC_N0": "UC_120", "Landuse": "C", "KA": null, "Name": null, "Plot_No": "41", "Block": "B", "Plot_Size": "1K", "Road_Width": null, "Classifica": null, "Category": null, "MAP": null, "__source_file": "revenu.shp" }, "geometry": { "type": "Polygon", "coordinates": [ [ [ 74.294501261415647, 31.446985554014145 ], [ 74.294272790605731, 31.44697700042726 ], [ 74.294274363776154, 31.447018953296396 ], [ 74.294502220244894, 31.447027852476758 ], [ 74.294501261415647, 31.446985554014145 ] ] ] } },
{ "type": "Feature", "properties": { "OBJECTID": 167924, "SHAPE_Leng": 293.9181255, "SHAPE_Area": 3586.0614980800001, "Town": "Allama Iqbal Town", "UC_N0": "UC_120", "Landuse": "C", "KA": null, "Name": null, "Plot_No": "40", "Block": "B", "Plot_Size": "1K", "Road_Width": null, "Classifica": null, "Category": null, "MAP": null, "__source_file": "revenu.shp" }, "geometry": { "type": "Polygon", "coordinates": [ [ [ 74.294500168978288, 31.446937361443503 ], [ 74.294271357611208, 31.446938785705871 ], [ 74.294272790605731, 31.44697700042726 ], [ 74.294501261415647, 31.446985554014145 ], [ 74.294500168978288, 31.446937361443503 ] ] ] } },
{ "type": "Feature", "properties": { "OBJECTID": 159751, "SHAPE_Leng": 47.674008269600002, "SHAPE_Area": 116.03708591, "Town": "Allama Iqbal Town", "UC_N0": "UC_120", "Landuse": "R", "KA": null, "Name": null, "Plot_No": "133", "Block": "B", "Plot_Size": "1K", "Road_Width": null, "Classifica": null, "Category": null, "MAP": null, "__source_file": "revenu.shp" }, "geometry": { "type": "Polygon", "coordinates": [ [ [ 74.292864230369915, 31.446360445852005 ], [ 74.292845378479058, 31.446079451155288 ], [ 74.292728810186773, 31.446084521081922 ], [ 74.292643252693068, 31.446088240410806 ], [ 74.292655518155087, 31.446344695934911 ], [ 74.292656554903814, 31.44636640767283 ], [ 74.292753318045399, 31.446363630737935 ], [ 74.292864230369915, 31.446360445852005 ] ] ] } },
{ "type": "Feature", "properties": { "OBJECTID": 159751, "SHAPE_Leng": 47.674008269600002, "SHAPE_Area": 116.03708591, "Town": "Allama Iqbal Town", "UC_N0": "UC_120", "Landuse": "R", "KA": null, "Name": null, "Plot_No": "134", "Block": "B", "Plot_Size": "1K", "Road_Width": null, "Classifica": null, "Category": null, "MAP": null, "__source_file": "revenu.shp" }, "geometry": { "type": "Polygon", "coordinates": [ [ [ 74.293018384174445, 31.446356019616367 ], [ 74.293006494597662, 31.446072444525626 ], [ 74.292991582259319, 31.446073092994581 ], [ 74.292845378479058, 31.446079451155288 ], [ 74.292864230369915, 31.446360445852005 ], [ 74.292999687192534, 31.446356556586963 ], [ 74.293018384174445, 31.446356019616367 ] ] ] } },
{ "type": "Feature", "properties": { "OBJECTID": 159805, "SHAPE_Leng": 51.219549890800003, "SHAPE_Area": 149.341197927, "Town": "Allama Iqbal Town", "UC_N0": "UC_120", "Landuse": "R", "KA": null, "Name": null, "Plot_No": "114", "Block": "B", "Plot_Size": "1K", "Road_Width": null, "Classifica": null, "Category": null, "MAP": null, "__source_file": "revenu.shp" }, "geometry": { "type": "Polygon", "coordinates": [ [ [ 74.294303928910793, 31.446362320700647 ], [ 74.294360765594192, 31.44664969096257 ], [ 74.294420808329846, 31.446648181164793 ], [ 74.294564937706525, 31.446644555795437 ], [ 74.294562246068878, 31.446636877207379 ], [ 74.294533762974964, 31.446569619861489 ], [ 74.294503159977964, 31.446514226172734 ], [ 74.294494106096096, 31.446501745336125 ], [ 74.294391320197064, 31.446360045204372 ], [ 74.294325594014452, 31.446361756439625 ], [ 74.294303928910793, 31.446362320700647 ] ] ] } },
{ "type": "Feature", "properties": { "OBJECTID": 159805, "SHAPE_Leng": 51.219549890800003, "SHAPE_Area": 149.341197927, "Town": "Allama Iqbal Town", "UC_N0": "UC_120", "Landuse": "R", "KA": null, "Name": null, "Plot_No": "120", "Block": "B", "Plot_Size": "1K", "Road_Width": null, "Classifica": null, "Category": null, "MAP": null, "__source_file": "revenu.shp" }, "geometry": { "type": "Polygon", "coordinates": [ [ [ 74.292889049486845, 31.44668669581894 ], [ 74.292844429900285, 31.446400302602786 ], [ 74.292795458769589, 31.446401576473225 ], [ 74.292658408619019, 31.446405143127649 ], [ 74.292665510291172, 31.446553638649011 ], [ 74.292672133306866, 31.446692149412481 ], [ 74.292807504879931, 31.446688746392788 ], [ 74.292867913303155, 31.446687226854067 ], [ 74.292889049486845, 31.44668669581894 ] ] ] } },
{ "type": "Feature", "properties": { "OBJECTID": 159805, "SHAPE_Leng": 51.219549890800003, "SHAPE_Area": 149.341197927, "Town": "Allama Iqbal Town", "UC_N0": "UC_120", "Landuse": "R", "KA": null, "Name": null, "Plot_No": "117", "Block": "B", "Plot_Size": "1K", "Road_Width": null, "Classifica": null, "Category": null, "MAP": null, "__source_file": "revenu.shp" }, "geometry": { "type": "Polygon", "coordinates": [ [ [ 74.293686692273667, 31.446666641166498 ], [ 74.293645810485202, 31.446379449859013 ], [ 74.293642125158442, 31.446379545687918 ], [ 74.2936282539399, 31.446379907536492 ], [ 74.293566588699832, 31.446381510815687 ], [ 74.293511691686362, 31.446382940484742 ], [ 74.293445697427259, 31.446384657748585 ], [ 74.293457682211397, 31.446672399633897 ], [ 74.293511409191225, 31.44667104955013 ], [ 74.293568320731239, 31.446669618327093 ], [ 74.293674228169877, 31.446666954455999 ], [ 74.293686692273667, 31.446666641166498 ] ] ] } },
{ "type": "Feature", "properties": { "OBJECTID": 159805, "SHAPE_Leng": 51.219549890800003, "SHAPE_Area": 149.341197927, "Town": "Allama Iqbal Town", "UC_N0": "UC_120", "Landuse": "R", "KA": null, "Name": null, "Plot_No": "115", "Block": "B", "Plot_Size": "1K", "Road_Width": null, "Classifica": null, "Category": null, "MAP": null, "__source_file": "revenu.shp" }, "geometry": { "type": "Polygon", "coordinates": [ [ [ 74.294360765594192, 31.44664969096257 ], [ 74.294303928910793, 31.446362320700647 ], [ 74.29423213825406, 31.446364190440168 ], [ 74.294149650477095, 31.446366335680548 ], [ 74.294074617701156, 31.446368290116681 ], [ 74.294032758859913, 31.44636937970251 ], [ 74.29409666793903, 31.446656332703945 ], [ 74.294169834850138, 31.446654492563425 ], [ 74.294251199995372, 31.446652445205146 ], [ 74.294327519311224, 31.446650526941049 ], [ 74.294360765594192, 31.44664969096257 ] ] ] } },
{ "type": "Feature", "properties": { "OBJECTID": 159805, "SHAPE_Leng": 51.219549890800003, "SHAPE_Area": 149.341197927, "Town": "Allama Iqbal Town", "UC_N0": "UC_120", "Landuse": "R", "KA": null, "Name": null, "Plot_No": "119", "Block": "B", "Plot_Size": "1K", "Road_Width": null, "Classifica": null, "Category": null, "MAP": null, "__source_file": "revenu.shp" }, "geometry": { "type": "Polygon", "coordinates": [ [ [ 74.293154715032543, 31.446680016000034 ], [ 74.293119713630816, 31.446393140134091 ], [ 74.293111804206987, 31.446393345971995 ], [ 74.292947883459576, 31.446397611041245 ], [ 74.292896571330843, 31.446398946243672 ], [ 74.292844429900285, 31.446400302602786 ], [ 74.292889049486845, 31.44668669581894 ], [ 74.292921624799291, 31.44668587737506 ], [ 74.292985557068732, 31.446684268748751 ], [ 74.293048203131008, 31.446682694843485 ], [ 74.293128863542563, 31.446680665785713 ], [ 74.293154715032543, 31.446680016000034 ] ] ] } },
{ "type": "Feature", "properties": { "OBJECTID": 159805, "SHAPE_Leng": 51.219549890800003, "SHAPE_Area": 149.341197927, "Town": "Allama Iqbal Town", "UC_N0": "UC_120", "Landuse": "R", "KA": null, "Name": null, "Plot_No": "116", "Block": "B", "Plot_Size": "1K", "Road_Width": null, "Classifica": null, "Category": null, "MAP": null, "__source_file": "revenu.shp" }, "geometry": { "type": "Polygon", "coordinates": [ [ [ 74.29409666930303, 31.446656333947356 ], [ 74.294032759936613, 31.446369379959929 ], [ 74.293989609559489, 31.446370502864653 ], [ 74.293907391590764, 31.446372642827864 ], [ 74.293836505854514, 31.446374487821107 ], [ 74.293834187877565, 31.44637454883339 ], [ 74.293751834995703, 31.446376691256994 ], [ 74.29369651654153, 31.446378131347302 ], [ 74.293645810909268, 31.446379450369893 ], [ 74.293686692998932, 31.446666642118501 ], [ 74.293774609868308, 31.446664431293144 ], [ 74.293860174725182, 31.446662279029749 ], [ 74.293861469263859, 31.446662246517253 ], [ 74.293911269500754, 31.44666099455867 ], [ 74.294005196494069, 31.446658632226921 ], [ 74.29409215545148, 31.446656446191191 ], [ 74.29409666930303, 31.446656333947356 ] ] ] } },
{ "type": "Feature", "properties": { "OBJECTID": 160991, "SHAPE_Leng": 272.31582150999998, "SHAPE_Area": 3688.7945815899998, "Town": "Allama Iqbal Town", "UC_N0": "UC_120", "Landuse": "R", "KA": null, "Name": null, "Plot_No": "110", "Block": "B", "Plot_Size": "1K", "Road_Width": null, "Classifica": null, "Category": null, "MAP": null, "__source_file": "revenu.shp" }, "geometry": { "type": "Polygon", "coordinates": [ [ [ 74.292928747964808, 31.446752692967813 ], [ 74.29293691794706, 31.447090608638888 ], [ 74.293115429818656, 31.44708641688068 ], [ 74.293108925786044, 31.446747809017239 ], [ 74.292928747964808, 31.446752692967813 ] ] ] } },
{ "type": "Feature", "properties": { "OBJECTID": 160991, "SHAPE_Leng": 272.31582150999998, "SHAPE_Area": 3688.7945815899998, "Town": "Allama Iqbal Town", "UC_N0": "UC_120", "Landuse": "C", "KA": null, "Name": "Shops", "Plot_No": "108", "Block": "B", "Plot_Size": "1K", "Road_Width": null, "Classifica": null, "Category": null, "MAP": null, "__source_file": "revenu.shp" }, "geometry": { "type": "Polygon", "coordinates": [ [ [ 74.29247925284163, 31.447101353084015 ], [ 74.292482528214848, 31.446764787231576 ], [ 74.292293182898732, 31.446769918743691 ], [ 74.292296459775557, 31.44710564415908 ], [ 74.292296520712824, 31.44710564272857 ], [ 74.29247925284163, 31.447101353084015 ] ] ] } },
{ "type": "Feature", "properties": { "OBJECTID": 160991, "SHAPE_Leng": 272.31582150999998, "SHAPE_Area": 3688.7945815899998, "Town": "Allama Iqbal Town", "UC_N0": "UC_120", "Landuse": "C", "KA": null, "Name": "Shop", "Plot_No": "107", "Block": "B", "Plot_Size": "1K", "Road_Width": null, "Classifica": null, "Category": null, "MAP": null, "__source_file": "revenu.shp" }, "geometry": { "type": "Polygon", "coordinates": [ [ [ 74.292296459775557, 31.44710564415908 ], [ 74.292293182898732, 31.446769918743691 ], [ 74.292068106292731, 31.446776018256649 ], [ 74.292076995911046, 31.447110795828884 ], [ 74.292296459775557, 31.44710564415908 ] ] ] } },
{ "type": "Feature", "properties": { "OBJECTID": 160991, "SHAPE_Leng": 272.31582150999998, "SHAPE_Area": 3688.7945815899998, "Town": "Allama Iqbal Town", "UC_N0": "UC_120", "Landuse": "C", "KA": null, "Name": "Shop", "Plot_No": "109", "Block": "B", "Plot_Size": "1K", "Road_Width": null, "Classifica": null, "Category": null, "MAP": null, "__source_file": "revenu.shp" }, "geometry": { "type": "Polygon", "coordinates": [ [ [ 74.292717464773702, 31.447095760526327 ], [ 74.292683062927566, 31.446759352165842 ], [ 74.292482528214848, 31.446764787231576 ], [ 74.29247925284163, 31.447101353084015 ], [ 74.292516048654903, 31.447100489258364 ], [ 74.292717464773702, 31.447095760526327 ] ] ] } },
{ "type": "Feature", "properties": { "OBJECTID": 167917, "SHAPE_Leng": 160.58475144100001, "SHAPE_Area": 1540.9755829799999, "Town": "Allama Iqbal Town", "UC_N0": "UC_120", "Landuse": "R", "KA": null, "Name": null, "Plot_No": "85", "Block": "B", "Plot_Size": "1K", "Road_Width": null, "Classifica": null, "Category": null, "MAP": null, "__source_file": "revenu.shp" }, "geometry": { "type": "Polygon", "coordinates": [ [ [ 74.293444750909671, 31.448412356510826 ], [ 74.293436017129537, 31.448207076269345 ], [ 74.293007638880653, 31.44821145196924 ], [ 74.293017991601872, 31.44846496117427 ], [ 74.293045599618779, 31.448472639641192 ], [ 74.293452125877323, 31.44858569845702 ], [ 74.293444750909671, 31.448412356510826 ] ] ] } },
{ "type": "Feature", "properties": { "OBJECTID": 167917, "SHAPE_Leng": 160.58475144100001, "SHAPE_Area": 1540.9755829799999, "Town": "Allama Iqbal Town", "UC_N0": "UC_120", "Landuse": "R", "KA": null, "Name": null, "Plot_No": "83", "Block": "B", "Plot_Size": "1K", "Road_Width": null, "Classifica": null, "Category": null, "MAP": null, "__source_file": "revenu.shp" }, "geometry": { "type": "Polygon", "coordinates": [ [ [ 74.293444750909671, 31.448412356510826 ], [ 74.29384280508576, 31.448432252615394 ], [ 74.293841814597286, 31.448415571671308 ], [ 74.29382919685159, 31.448203059992146 ], [ 74.293464952907073, 31.448206780651105 ], [ 74.293436017129537, 31.448207076269345 ], [ 74.293444750909671, 31.448412356510826 ] ] ] } },
{ "type": "Feature", "properties": { "OBJECTID": 167916, "SHAPE_Leng": 234.32611799, "SHAPE_Area": 3063.7100646499998, "Town": "Allama Iqbal Town", "UC_N0": "UC_120", "Landuse": "R", "KA": null, "Name": null, "Plot_No": "81A", "Block": "B", "Plot_Size": "1K", "Road_Width": null, "Classifica": null, "Category": null, "MAP": null, "__source_file": "revenu.shp" }, "geometry": { "type": "Polygon", "coordinates": [ [ [ 74.293818630782212, 31.448025111689883 ], [ 74.293807685933686, 31.447840783589179 ], [ 74.293420884120366, 31.447851385835708 ], [ 74.293428314902542, 31.448026041253456 ], [ 74.293818630782212, 31.448025111689883 ] ] ] } },
{ "type": "Feature", "properties": { "OBJECTID": 167916, "SHAPE_Leng": 234.32611799, "SHAPE_Area": 3063.7100646499998, "Town": "Allama Iqbal Town", "UC_N0": "UC_120", "Landuse": "R", "KA": null, "Name": null, "Plot_No": "82", "Block": "B", "Plot_Size": "1K", "Road_Width": null, "Classifica": null, "Category": null, "MAP": null, "__source_file": "revenu.shp" }, "geometry": { "type": "Polygon", "coordinates": [ [ [ 74.29382919685159, 31.448203059992146 ], [ 74.293818630782212, 31.448025111689883 ], [ 74.293428314902542, 31.448026041253456 ], [ 74.293428364324853, 31.448027202889627 ], [ 74.293436017129537, 31.448207076269345 ], [ 74.293464952907073, 31.448206780651105 ], [ 74.29382919685159, 31.448203059992146 ] ] ] } },
{ "type": "Feature", "properties": { "OBJECTID": 167916, "SHAPE_Leng": 234.32611799, "SHAPE_Area": 3063.7100646499998, "Town": "Allama Iqbal Town", "UC_N0": "UC_120", "Landuse": "R", "KA": null, "Name": null, "Plot_No": "87", "Block": "B", "Plot_Size": "1K", "Road_Width": null, "Classifica": null, "Category": null, "MAP": null, "__source_file": "revenu.shp" }, "geometry": { "type": "Polygon", "coordinates": [ [ [ 74.293428364324853, 31.448027202889627 ], [ 74.293428314902542, 31.448026041253456 ], [ 74.293420884120366, 31.447851385835708 ], [ 74.29321309907354, 31.447857080744999 ], [ 74.292993412154189, 31.447863100415894 ], [ 74.292933385498017, 31.447864747117389 ], [ 74.292939059845637, 31.447994950029695 ], [ 74.292940905186953, 31.448037287323597 ], [ 74.293428364324853, 31.448027202889627 ] ] ] } },
{ "type": "Feature", "properties": { "OBJECTID": 167901, "SHAPE_Leng": 187.537788777, "SHAPE_Area": 2115.9058359199998, "Town": "Allama Iqbal Town", "UC_N0": "UC_120", "Landuse": "R", "KA": null, "Name": null, "Plot_No": "81", "Block": "B", "Plot_Size": "1K", "Road_Width": null, "Classifica": null, "Category": null, "MAP": null, "__source_file": "revenu.shp" }, "geometry": { "type": "Polygon", "coordinates": [ [ [ 74.293798090187963, 31.447679196976726 ], [ 74.293209230035444, 31.447688958633343 ], [ 74.293213099122184, 31.44785707974086 ], [ 74.293807684866266, 31.447840782577082 ], [ 74.293798090187963, 31.447679196976726 ] ] ] } },
{ "type": "Feature", "properties": { "OBJECTID": 167908, "SHAPE_Leng": 153.612486816, "SHAPE_Area": 1474.42460964, "Town": "Allama Iqbal Town", "UC_N0": "UC_120", "Landuse": "R", "KA": null, "Name": null, "Plot_No": "96", "Block": "B", "Plot_Size": "1K", "Road_Width": null, "Classifica": null, "Category": null, "MAP": null, "__source_file": "revenu.shp" }, "geometry": { "type": "Polygon", "coordinates": [ [ [ 74.292351534934568, 31.447880690670353 ], [ 74.292330719349351, 31.447539270919258 ], [ 74.29213744540715, 31.447543057152611 ], [ 74.292149449396589, 31.447886228178504 ], [ 74.292351534934568, 31.447880690670353 ] ] ] } },
{ "type": "Feature", "properties": { "OBJECTID": 167904, "SHAPE_Leng": 122.965631569, "SHAPE_Area": 887.14027859299995, "Town": "Allama Iqbal Town", "UC_N0": "UC_120", "Landuse": "R", "KA": null, "Name": null, "Plot_No": "93", "Block": "B", "Plot_Size": "1K", "Road_Width": null, "Classifica": null, "Category": null, "MAP": null, "__source_file": "revenu.shp" }, "geometry": { "type": "Polygon", "coordinates": [ [ [ 74.291810678159635, 31.447895509704754 ], [ 74.291789003539535, 31.447549883433833 ], [ 74.29167674596637, 31.447552082431141 ], [ 74.291691520139068, 31.447898773957817 ], [ 74.291810678159635, 31.447895509704754 ] ] ] } },
{ "type": "Feature", "properties": { "OBJECTID": 0, "SHAPE_Leng": 0.0, "SHAPE_Area": 0.0, "Town": null, "UC_N0": null, "Landuse": "P", "KA": null, "Name": "Open Space", "Plot_No": null, "Block": "B", "Plot_Size": "4.189K", "Road_Width": null, "Classifica": null, "Category": null, "MAP": null, "__source_file": "revenu.shp" }, "geometry": { "type": "Polygon", "coordinates": [ [ [ 74.289254913871702, 31.449093735085743 ], [ 74.288951648703389, 31.449111067116572 ], [ 74.288957270634739, 31.449345618304839 ], [ 74.289254818167365, 31.449106411310989 ], [ 74.289254913871702, 31.449093735085743 ] ] ] } },
{ "type": "Feature", "properties": { "OBJECTID": 160324, "SHAPE_Leng": 170.96443500300001, "SHAPE_Area": 1448.66535985, "Town": "Allama Iqbal Town", "UC_N0": "UC_120", "Landuse": "R", "KA": null, "Name": null, "Plot_No": "1", "Block": "B", "Plot_Size": "1K", "Road_Width": null, "Classifica": null, "Category": null, "MAP": null, "__source_file": "revenu.shp" }, "geometry": { "type": "Polygon", "coordinates": [ [ [ 74.288115075029495, 31.449733276753182 ], [ 74.288117894030094, 31.449778348586747 ], [ 74.288151999325379, 31.449775996895589 ], [ 74.288393004682433, 31.45005482327819 ], [ 74.288406050562472, 31.449686149952921 ], [ 74.288326618074294, 31.449712248471474 ], [ 74.288283672636936, 31.449724543791099 ], [ 74.28822002937811, 31.449728257440118 ], [ 74.288115075029495, 31.449733276753182 ] ] ] } },
{ "type": "Feature", "properties": { "OBJECTID": 160321, "SHAPE_Leng": 87.6298607234, "SHAPE_Area": 417.988121116, "Town": "Allama Iqbal Town", "UC_N0": "UC_120", "Landuse": "R", "KA": null, "Name": null, "Plot_No": "367", "Block": "B", "Plot_Size": "1K", "Road_Width": null, "Classifica": null, "Category": null, "MAP": null, "__source_file": "revenu.shp" }, "geometry": { "type": "Polygon", "coordinates": [ [ [ 74.287828602991723, 31.449421823779556 ], [ 74.287640981397928, 31.44941784260817 ], [ 74.287640770135653, 31.449433079904011 ], [ 74.287638046160666, 31.44962947597708 ], [ 74.28763900122209, 31.449638998069233 ], [ 74.287641989688126, 31.449648811213248 ], [ 74.287646918691379, 31.449658030507134 ], [ 74.287653639415709, 31.44966637372768 ], [ 74.287661952042853, 31.449673592509889 ], [ 74.287671596196731, 31.449679461831082 ], [ 74.287682285424793, 31.449683807185668 ], [ 74.287693691844652, 31.449686496239881 ], [ 74.287701631403081, 31.44968733061144 ], [ 74.287794319231523, 31.449683946673517 ], [ 74.287841851505661, 31.449682029726908 ], [ 74.287828602991723, 31.449421823779556 ] ] ] } },
{ "type": "Feature", "properties": { "OBJECTID": 160321, "SHAPE_Leng": 87.6298607234, "SHAPE_Area": 417.988121116, "Town": "Allama Iqbal Town", "UC_N0": "UC_120", "Landuse": "R", "KA": null, "Name": null, "Plot_No": "368", "Block": "B", "Plot_Size": "1K", "Road_Width": null, "Classifica": null, "Category": null, "MAP": null, "__source_file": "revenu.shp" }, "geometry": { "type": "Polygon", "coordinates": [ [ [ 74.287640981397928, 31.44941784260817 ], [ 74.287828602991723, 31.449421823779556 ], [ 74.287815479145792, 31.449164065214081 ], [ 74.287789905839716, 31.449164731671001 ], [ 74.287736065940834, 31.449166133887662 ], [ 74.287644486589329, 31.449165029336232 ], [ 74.287640981397928, 31.44941784260817 ] ] ] } },
{ "type": "Feature", "properties": { "OBJECTID": 160321, "SHAPE_Leng": 87.6298607234, "SHAPE_Area": 417.988121116, "Town": "Allama Iqbal Town", "UC_N0": "UC_120", "Landuse": "R", "KA": null, "Name": null, "Plot_No": "366A", "Block": "B", "Plot_Size": "1K", "Road_Width": null, "Classifica": null, "Category": null, "MAP": null, "__source_file": "revenu.shp" }, "geometry": { "type": "Polygon", "coordinates": [ [ [ 74.288068342394723, 31.44942691044648 ], [ 74.287828602991723, 31.449421823779556 ], [ 74.287841851505661, 31.449682029726908 ], [ 74.287920391935046, 31.449678862202106 ], [ 74.287940706432479, 31.449677989974347 ], [ 74.288030260495248, 31.449673974991661 ], [ 74.288074267555331, 31.4496718973915 ], [ 74.288068469377095, 31.449432163098642 ], [ 74.288068342394723, 31.44942691044648 ] ] ] } },
{ "type": "Feature", "properties": { "OBJECTID": 160327, "SHAPE_Leng": 168.705680411, "SHAPE_Area": 1711.0322113499999, "Town": "Allama Iqbal Town", "UC_N0": "UC_120", "Landuse": "C", "KA": null, "Name": "Office Of Housing Society", "Plot_No": "365", "Block": "B", "Plot_Size": "1K", "Road_Width": null, "Classifica": null, "Category": null, "MAP": null, "__source_file": "revenu.shp" }, "geometry": { "type": "Polygon", "coordinates": [ [ [ 74.288825189173949, 31.449399280581709 ], [ 74.288319573112801, 31.449467811809033 ], [ 74.288317143879397, 31.449648545956133 ], [ 74.288408400360581, 31.449619771865699 ], [ 74.288495751477882, 31.449585875105218 ], [ 74.288598304505754, 31.449538700563778 ], [ 74.288696513145027, 31.44948516078038 ], [ 74.288789842001023, 31.449425551258329 ], [ 74.288825189173949, 31.449399280581709 ] ] ] } },
{ "type": "Feature", "properties": { "OBJECTID": 160328, "SHAPE_Leng": 81.003846206099993, "SHAPE_Area": 390.63112117600002, "Town": "Allama Iqbal Town", "UC_N0": "UC_120", "Landuse": "C", "KA": null, "Name": null, "Plot_No": "366", "Block": "B", "Plot_Size": "1K", "Road_Width": null, "Classifica": null, "Category": null, "MAP": null, "__source_file": "revenu.shp" }, "geometry": { "type": "Polygon", "coordinates": [ [ [ 74.288320173393842, 31.449423158370521 ], [ 74.288068423415055, 31.449430261869953 ], [ 74.288068469377095, 31.449432163098642 ], [ 74.288074267555331, 31.4496718973915 ], [ 74.288088953829927, 31.449671188246789 ], [ 74.288094051814099, 31.449671489165429 ], [ 74.288166388316327, 31.44967189118228 ], [ 74.288238289159963, 31.449665091200576 ], [ 74.288308784330482, 31.44965118075018 ], [ 74.288317136345427, 31.449649032711815 ], [ 74.288317143879397, 31.449648545956133 ], [ 74.288320059516707, 31.44943162337395 ], [ 74.288320173393842, 31.449423158370521 ] ] ] } },
{ "type": "Feature", "properties": { "OBJECTID": 160327, "SHAPE_Leng": 168.705680411, "SHAPE_Area": 1711.0322113499999, "Town": "Allama Iqbal Town", "UC_N0": "UC_120", "Landuse": "R", "KA": null, "Name": null, "Plot_No": "363", "Block": "B", "Plot_Size": "1K", "Road_Width": null, "Classifica": null, "Category": null, "MAP": null, "__source_file": "revenu.shp" }, "geometry": { "type": "Polygon", "coordinates": [ [ [ 74.288801433446991, 31.449249395161988 ], [ 74.288786657755907, 31.44915616854324 ], [ 74.288776271094548, 31.449139027480332 ], [ 74.288409438249104, 31.449148587352855 ], [ 74.288323834486008, 31.449150818336754 ], [ 74.288322301744131, 31.449264904458481 ], [ 74.288801433446991, 31.449249395161988 ] ] ] } },
{ "type": "Feature", "properties": { "OBJECTID": 160139, "SHAPE_Leng": 111.47725966, "SHAPE_Area": 775.73219952700003, "Town": "Allama Iqbal Town", "UC_N0": "UC_120", "Landuse": "R", "KA": null, "Name": null, "Plot_No": "374", "Block": "B", "Plot_Size": "1K", "Road_Width": null, "Classifica": null, "Category": null, "MAP": null, "__source_file": "revenu.shp" }, "geometry": { "type": "Polygon", "coordinates": [ [ [ 74.287424355121843, 31.448674984149953 ], [ 74.287727435474721, 31.448689982003057 ], [ 74.287725704615326, 31.448594488929889 ], [ 74.287423796496427, 31.448592809770165 ], [ 74.287424337276036, 31.448672361273715 ], [ 74.287424355121843, 31.448674984149953 ] ] ] } },
{ "type": "Feature", "properties": { "OBJECTID": 160304, "SHAPE_Leng": 105.23483011899999, "SHAPE_Area": 681.40199091800002, "Town": "Allama Iqbal Town", "UC_N0": "UC_120", "Landuse": "R", "KA": null, "Name": null, "Plot_No": null, "Block": "B", "Plot_Size": "1K", "Road_Width": null, "Classifica": null, "Category": null, "MAP": null, "__source_file": "revenu.shp" }, "geometry": { "type": "Polygon", "coordinates": [ [ [ 74.28740530031105, 31.447283485836238 ], [ 74.287716398477926, 31.447306288479126 ], [ 74.287715981946747, 31.447213579111828 ], [ 74.287405621179815, 31.447211760921277 ], [ 74.287405313963362, 31.447280435880764 ], [ 74.28740530031105, 31.447283485836238 ] ] ] } },
{ "type": "Feature", "properties": { "OBJECTID": 161909, "SHAPE_Leng": 186.77048520400001, "SHAPE_Area": 2066.1092820700001, "Town": "Allama Iqbal Town", "UC_N0": "UC_120", "Landuse": "R", "KA": null, "Name": null, "Plot_No": "36A", "Block": "B", "Plot_Size": "1K", "Road_Width": null, "Classifica": null, "Category": null, "MAP": null, "__source_file": "revenu.shp" }, "geometry": { "type": "Polygon", "coordinates": [ [ [ 74.297255522299125, 31.449870166490033 ], [ 74.297192417857971, 31.449574131742473 ], [ 74.297187836986424, 31.44957308806968 ], [ 74.297162834394797, 31.44957099102411 ], [ 74.297003131927525, 31.449561083444596 ], [ 74.297041675324067, 31.449952313754689 ], [ 74.297255522299125, 31.449870166490033 ] ] ] } },
{ "type": "Feature", "properties": { "OBJECTID": 161909, "SHAPE_Leng": 186.77048520400001, "SHAPE_Area": 2066.1092820700001, "Town": "Allama Iqbal Town", "UC_N0": "UC_120", "Landuse": "R", "KA": null, "Name": null, "Plot_No": "35", "Block": "B", "Plot_Size": "1K", "Road_Width": null, "Classifica": null, "Category": null, "MAP": null, "__source_file": "revenu.shp" }, "geometry": { "type": "Polygon", "coordinates": [ [ [ 74.296820830548569, 31.450037148552816 ], [ 74.29676530648176, 31.449546328476984 ], [ 74.296707677035684, 31.44954275247429 ], [ 74.296699725275715, 31.449542423563656 ], [ 74.2966902292995, 31.449542611518918 ], [ 74.296657532041849, 31.449548249327737 ], [ 74.296631350173755, 31.449559212152323 ], [ 74.296602919233123, 31.449585503913998 ], [ 74.296608907198731, 31.449737412788327 ], [ 74.296631855558061, 31.449909391129005 ], [ 74.296662929674312, 31.450097802759029 ], [ 74.296820830548569, 31.450037148552816 ] ] ] } },
{ "type": "Feature", "properties": { "OBJECTID": 161909, "SHAPE_Leng": 186.77048520400001, "SHAPE_Area": 2066.1092820700001, "Town": "Allama Iqbal Town", "UC_N0": "UC_120", "Landuse": "R", "KA": null, "Name": null, "Plot_No": "37", "Block": "B", "Plot_Size": "1K", "Road_Width": null, "Classifica": null, "Category": null, "MAP": null, "__source_file": "revenu.shp" }, "geometry": { "type": "Polygon", "coordinates": [ [ [ 74.297192417857971, 31.449574131742473 ], [ 74.297255522299125, 31.449870166490033 ], [ 74.29741511042738, 31.4498088619121 ], [ 74.297324898849695, 31.449646952792623 ], [ 74.297298491714685, 31.44962037655938 ], [ 74.297265612949587, 31.44959827045022 ], [ 74.297228219010108, 31.449582288412824 ], [ 74.297192417857971, 31.449574131742473 ] ] ] } },
{ "type": "Feature", "properties": { "OBJECTID": 160795, "SHAPE_Leng": 117.095312957, "SHAPE_Area": 874.93625561399995, "Town": "Allama Iqbal Town", "UC_N0": "UC_120", "Landuse": "P", "KA": null, "Name": null, "Plot_No": null, "Block": "B", "Plot_Size": "1K", "Road_Width": null, "Classifica": null, "Category": null, "MAP": null, "__source_file": "revenu.shp" }, "geometry": { "type": "Polygon", "coordinates": [ [ [ 74.294905693165276, 31.448277558841646 ], [ 74.294912049477617, 31.447973409309142 ], [ 74.294897956040913, 31.447973426555802 ], [ 74.294886766782668, 31.44797287375971 ], [ 74.294867706372798, 31.447974198392938 ], [ 74.294849205549212, 31.447978338408319 ], [ 74.294831823416203, 31.447985171880411 ], [ 74.294816086980475, 31.447994488599161 ], [ 74.294802479474171, 31.448006005424524 ], [ 74.294791411384935, 31.448019374937477 ], [ 74.294785905915106, 31.448028547531582 ], [ 74.294789853876651, 31.448042419879911 ], [ 74.294802336277854, 31.448105471663649 ], [ 74.2948062032454, 31.448163858042946 ], [ 74.294811304763584, 31.448278588166485 ], [ 74.294905693165276, 31.448277558841646 ] ] ] } },
{ "type": "Feature", "properties": { "OBJECTID": 160795, "SHAPE_Leng": 117.095312957, "SHAPE_Area": 874.93625561399995, "Town": "Allama Iqbal Town", "UC_N0": "UC_120", "Landuse": "R", "KA": null, "Name": null, "Plot_No": "50A", "Block": "B", "Plot_Size": "1K", "Road_Width": null, "Classifica": null, "Category": null, "MAP": null, "__source_file": "revenu.shp" }, "geometry": { "type": "Polygon", "coordinates": [ [ [ 74.295062035097757, 31.448275853747738 ], [ 74.29507206125578, 31.447973213388021 ], [ 74.294912049477617, 31.447973409309142 ], [ 74.294905693165276, 31.448277558841646 ], [ 74.295062035097757, 31.448275853747738 ] ] ] } },
{ "type": "Feature", "properties": { "OBJECTID": 160795, "SHAPE_Leng": 117.095312957, "SHAPE_Area": 874.93625561399995, "Town": "Allama Iqbal Town", "UC_N0": "UC_120", "Landuse": "R", "KA": null, "Name": null, "Plot_No": "50C", "Block": "B", "Plot_Size": "1K", "Road_Width": null, "Classifica": null, "Category": null, "MAP": null, "__source_file": "revenu.shp" }, "geometry": { "type": "Polygon", "coordinates": [ [ [ 74.295244658874196, 31.447973002650556 ], [ 74.295210602409966, 31.448274233200415 ], [ 74.295252046436119, 31.448273781786536 ], [ 74.295486893116035, 31.447972707692806 ], [ 74.295244658874196, 31.447973002650556 ] ] ] } },
{ "type": "Feature", "properties": { "OBJECTID": 161388, "SHAPE_Leng": 153.709467459, "SHAPE_Area": 1498.3095101399999, "Town": "Allama Iqbal Town", "UC_N0": "UC_120", "Landuse": "R", "KA": null, "Name": null, "Plot_No": "51", "Block": "B", "Plot_Size": "1K", "Road_Width": null, "Classifica": null, "Category": null, "MAP": null, "__source_file": "revenu.shp" }, "geometry": { "type": "Polygon", "coordinates": [ [ [ 74.295363806271197, 31.448272261734022 ], [ 74.295586606817025, 31.447985222517183 ], [ 74.29556059099788, 31.44797738434286 ], [ 74.29554438616772, 31.447973988558076 ], [ 74.295535967471594, 31.447972646658986 ], [ 74.295486893285712, 31.447972706677344 ], [ 74.295252046681298, 31.448273781570247 ], [ 74.295332471165395, 31.448272904970807 ], [ 74.295363806271197, 31.448272261734022 ] ] ] } },
{ "type": "Feature", "properties": { "OBJECTID": 161388, "SHAPE_Leng": 153.709467459, "SHAPE_Area": 1498.3095101399999, "Town": "Allama Iqbal Town", "UC_N0": "UC_120", "Landuse": "R", "KA": null, "Name": null, "Plot_No": "53", "Block": "B", "Plot_Size": "1K", "Road_Width": null, "Classifica": null, "Category": null, "MAP": null, "__source_file": "revenu.shp" }, "geometry": { "type": "Polygon", "coordinates": [ [ [ 74.295687290527894, 31.448056991745631 ], [ 74.295440642547277, 31.448291003228043 ], [ 74.295473746441715, 31.448310512841378 ], [ 74.295479533989663, 31.448314968298586 ], [ 74.295763290346059, 31.448165590385393 ], [ 74.295697851304624, 31.44807220454172 ], [ 74.295687290527894, 31.448056991745631 ] ] ] } },
{ "type": "Feature", "properties": { "OBJECTID": 161386, "SHAPE_Leng": 104.06423561299999, "SHAPE_Area": 653.89782367800001, "Town": "Allama Iqbal Town", "UC_N0": "UC_120", "Landuse": "R", "KA": null, "Name": null, "Plot_No": "58", "Block": "B", "Plot_Size": "1K", "Road_Width": null, "Classifica": null, "Category": null, "MAP": null, "__source_file": "revenu.shp" }, "geometry": { "type": "Polygon", "coordinates": [ [ [ 74.296318419002247, 31.44895778451766 ], [ 74.29625709978005, 31.448870280338028 ], [ 74.295979877715993, 31.449013588048192 ], [ 74.296034126989213, 31.449090109752976 ], [ 74.296318419002247, 31.44895778451766 ] ] ] } },
{ "type": "Feature", "properties": { "OBJECTID": 161917, "SHAPE_Leng": 110.315312795, "SHAPE_Area": 710.73567991000004, "Town": "Allama Iqbal Town", "UC_N0": "UC_120", "Landuse": "V", "KA": null, "Name": null, "Plot_No": "40", "Block": "B", "Plot_Size": "1K", "Road_Width": null, "Classifica": null, "Category": null, "MAP": null, "__source_file": "revenu.shp" }, "geometry": { "type": "Polygon", "coordinates": [ [ [ 74.296811732443757, 31.448960227348312 ], [ 74.296508177549256, 31.449119101941083 ], [ 74.296523100219275, 31.449143414138724 ], [ 74.296546484057259, 31.449189175460162 ], [ 74.296872229223013, 31.449041146274379 ], [ 74.296811732443757, 31.448960227348312 ] ] ] } },
{ "type": "Feature", "properties": { "OBJECTID": 159802, "SHAPE_Leng": 61.401926632200002, "SHAPE_Area": 217.86057117, "Town": "Allama Iqbal Town", "UC_N0": "UC_120", "Landuse": "R", "KA": null, "Name": null, "Plot_No": "165A", "Block": "B", "Plot_Size": "1K", "Road_Width": null, "Classifica": null, "Category": null, "MAP": null, "__source_file": "revenu.shp" }, "geometry": { "type": "Polygon", "coordinates": [ [ [ 74.293098655016593, 31.445504745873443 ], [ 74.293099652055432, 31.445681474485482 ], [ 74.293218906254992, 31.445678518384472 ], [ 74.293213728024725, 31.445502298670544 ], [ 74.293098655016593, 31.445504745873443 ] ] ] } },
{ "type": "Feature", "properties": { "OBJECTID": 161889, "SHAPE_Leng": 113.390584293, "SHAPE_Area": 803.26589234400001, "Town": "Allama Iqbal Town", "UC_N0": "UC_120", "Landuse": "R", "KA": null, "Name": null, "Plot_No": "182", "Block": "B", "Plot_Size": "1K", "Road_Width": null, "Classifica": null, "Category": null, "MAP": null, "__source_file": "revenu.shp" }, "geometry": { "type": "Polygon", "coordinates": [ [ [ 74.293512142824525, 31.445426148857962 ], [ 74.293477977675295, 31.445173974156631 ], [ 74.293429258156763, 31.445175762520794 ], [ 74.29335241139087, 31.445178582139445 ], [ 74.29335469286643, 31.445430566387891 ], [ 74.293512142824525, 31.445426148857962 ] ] ] } },
{ "type": "Feature", "properties": { "OBJECTID": 161870, "SHAPE_Leng": 113.800407718, "SHAPE_Area": 807.56273998500001, "Town": "Allama Iqbal Town", "UC_N0": "UC_120", "Landuse": "R", "KA": null, "Name": null, "Plot_No": "189", "Block": "B", "Plot_Size": "1K", "Road_Width": null, "Classifica": null, "Category": null, "MAP": null, "__source_file": "revenu.shp" }, "geometry": { "type": "Polygon", "coordinates": [ [ [ 74.292178364781165, 31.445218641663665 ], [ 74.292176433427414, 31.445463621024398 ], [ 74.292330942172995, 31.445459287087381 ], [ 74.292322314939554, 31.445215078382073 ], [ 74.292178364781165, 31.445218641663665 ] ] ] } },
{ "type": "Feature", "properties": { "OBJECTID": 161883, "SHAPE_Leng": 161.33392807800001, "SHAPE_Area": 1457.0373809600001, "Town": "Allama Iqbal Town", "UC_N0": "UC_120", "Landuse": "R", "KA": null, "Name": null, "Plot_No": "195", "Block": "B", "Plot_Size": "1K", "Road_Width": null, "Classifica": null, "Category": null, "MAP": null, "__source_file": "revenu.shp" }, "geometry": { "type": "Polygon", "coordinates": [ [ [ 74.291139042791315, 31.445244362408179 ], [ 74.291090185029503, 31.445492346766393 ], [ 74.291211951251327, 31.445489176306914 ], [ 74.291240149686672, 31.445241860583806 ], [ 74.291195767027361, 31.445242958640051 ], [ 74.291139042791315, 31.445244362408179 ] ] ] } },
{ "type": "Feature", "properties": { "OBJECTID": 161855, "SHAPE_Leng": 137.16682185799999, "SHAPE_Area": 1128.7574202799999, "Town": "Allama Iqbal Town", "UC_N0": "UC_120", "Landuse": "R", "KA": null, "Name": null, "Plot_No": "202", "Block": "B", "Plot_Size": "1K", "Road_Width": null, "Classifica": null, "Category": null, "MAP": null, "__source_file": "revenu.shp" }, "geometry": { "type": "Polygon", "coordinates": [ [ [ 74.29027425545695, 31.445513588495597 ], [ 74.290276943970298, 31.445265692057557 ], [ 74.290205362729552, 31.445267462944983 ], [ 74.290156797729452, 31.445268664100322 ], [ 74.290147283765577, 31.445516893448048 ], [ 74.29027425545695, 31.445513588495597 ] ] ] } },
{ "type": "Feature", "properties": { "OBJECTID": 162682, "SHAPE_Leng": 112.098086147, "SHAPE_Area": 783.50010921900002, "Town": "Allama Iqbal Town", "UC_N0": "UC_120", "Landuse": "R", "KA": null, "Name": null, "Plot_No": "228", "Block": "B", "Plot_Size": "1K", "Road_Width": null, "Classifica": null, "Category": null, "MAP": null, "__source_file": "revenu.shp" }, "geometry": { "type": "Polygon", "coordinates": [ [ [ 74.291064576020673, 31.445562584775345 ], [ 74.291073544533006, 31.445827105742691 ], [ 74.29120815112357, 31.44582299933527 ], [ 74.291204034516369, 31.445558610151409 ], [ 74.291064576020673, 31.445562584775345 ] ] ] } },
{ "type": "Feature", "properties": { "OBJECTID": 160279, "SHAPE_Leng": 115.637778166, "SHAPE_Area": 832.79218409500004, "Town": "Allama Iqbal Town", "UC_N0": "UC_120", "Landuse": "R", "KA": null, "Name": null, "Plot_No": "267", "Block": "B", "Plot_Size": "1K", "Road_Width": null, "Classifica": null, "Category": null, "MAP": null, "__source_file": "revenu.shp" }, "geometry": { "type": "Polygon", "coordinates": [ [ [ 74.290427606241479, 31.446157055064102 ], [ 74.290431744066964, 31.446432335312359 ], [ 74.290529971703663, 31.446429282978873 ], [ 74.290522215640323, 31.446155132301243 ], [ 74.290446381781834, 31.446156673491171 ], [ 74.290427606241479, 31.446157055064102 ] ] ] } },
{ "type": "Feature", "properties": { "OBJECTID": 160279, "SHAPE_Leng": 115.637778166, "SHAPE_Area": 832.79218409500004, "Town": "Allama Iqbal Town", "UC_N0": "UC_120", "Landuse": "R", "KA": null, "Name": null, "Plot_No": "265A", "Block": "B", "Plot_Size": "1K", "Road_Width": null, "Classifica": null, "Category": null, "MAP": null, "__source_file": "revenu.shp" }, "geometry": { "type": "Polygon", "coordinates": [ [ [ 74.290334361230165, 31.446435361319871 ], [ 74.290322254274557, 31.446159196067615 ], [ 74.290239324260824, 31.446160881342411 ], [ 74.290239666007821, 31.446438303027325 ], [ 74.290334361230165, 31.446435361319871 ] ] ] } },
{ "type": "Feature", "properties": { "OBJECTID": 160133, "SHAPE_Leng": 85.287422398900006, "SHAPE_Area": 397.05507437199998, "Town": "Allama Iqbal Town", "UC_N0": "UC_120", "Landuse": "R", "KA": null, "Name": null, "Plot_No": "384", "Block": "B", "Plot_Size": "1K", "Road_Width": null, "Classifica": null, "Category": null, "MAP": null, "__source_file": "revenu.shp" }, "geometry": { "type": "Polygon", "coordinates": [ [ [ 74.287118661687487, 31.448459285630065 ], [ 74.287423042385711, 31.448482050422491 ], [ 74.287422622010979, 31.448420261248767 ], [ 74.287118240954868, 31.448418488220959 ], [ 74.287118661687487, 31.448459285630065 ] ] ] } },
{ "type": "Feature", "properties": { "OBJECTID": 160132, "SHAPE_Leng": 85.713521657000001, "SHAPE_Area": 403.70031824199998, "Town": "Allama Iqbal Town", "UC_N0": "UC_120", "Landuse": "R", "KA": null, "Name": null, "Plot_No": "386", "Block": "B", "Plot_Size": "1K", "Road_Width": null, "Classifica": null, "Category": null, "MAP": null, "__source_file": "revenu.shp" }, "geometry": { "type": "Polygon", "coordinates": [ [ [ 74.287423796496427, 31.448592809770165 ], [ 74.287423471885475, 31.448545181179352 ], [ 74.287119509230394, 31.44854146978712 ], [ 74.28712019936134, 31.448608405811463 ], [ 74.287423796496427, 31.448592809770165 ] ] ] } },
{ "type": "Feature", "properties": { "OBJECTID": 160301, "SHAPE_Leng": 112.873516802, "SHAPE_Area": 706.26914283500003, "Town": "Allama Iqbal Town", "UC_N0": "UC_120", "Landuse": "R", "KA": null, "Name": null, "Plot_No": "352", "Block": "B", "Plot_Size": "1K", "Road_Width": null, "Classifica": null, "Category": null, "MAP": null, "__source_file": "revenu.shp" }, "geometry": { "type": "Polygon", "coordinates": [ [ [ 74.289766495387198, 31.44836184538163 ], [ 74.289762396922839, 31.448702274439341 ], [ 74.28985974957331, 31.448699963792283 ], [ 74.289850386725632, 31.448359483321774 ], [ 74.289766495387198, 31.44836184538163 ] ] ] } },
{ "type": "Feature", "properties": { "OBJECTID": 188797, "SHAPE_Leng": 84.070901268200004, "SHAPE_Area": 358.219723311, "Town": "Allama Iqbal Town", "UC_N0": "UC_120", "Landuse": "R", "KA": null, "Name": null, "Plot_No": "403", "Block": "A", "Plot_Size": "1K", "Road_Width": null, "Classifica": null, "Category": null, "MAP": null, "__source_file": "revenu.shp" }, "geometry": { "type": "Polygon", "coordinates": [ [ [ 74.284572660988147, 31.450718136367865 ], [ 74.284572392360943, 31.450181435768702 ], [ 74.284533746312903, 31.450186777340281 ], [ 74.28445792992693, 31.450187358471144 ], [ 74.284472838675512, 31.450448220077025 ], [ 74.284473240325582, 31.450718954463607 ], [ 74.284572660988147, 31.450718136367865 ] ] ] } },
{ "type": "Feature", "properties": { "OBJECTID": 188794, "SHAPE_Leng": 73.800676427900001, "SHAPE_Area": 303.16543012099999, "Town": "Allama Iqbal Town", "UC_N0": "UC_120", "Landuse": "R", "KA": null, "Name": null, "Plot_No": "405", "Block": "A", "Plot_Size": "1K", "Road_Width": null, "Classifica": null, "Category": null, "MAP": null, "__source_file": "revenu.shp" }, "geometry": { "type": "Polygon", "coordinates": [ [ [ 74.284742918830474, 31.450139510443147 ], [ 74.28501691373755, 31.450623661088663 ], [ 74.285023144525823, 31.450618866182189 ], [ 74.285091016213826, 31.450566635435745 ], [ 74.285188912319271, 31.450491298188673 ], [ 74.285018636242967, 31.450324806309673 ], [ 74.284804464742663, 31.450115392877031 ], [ 74.284756621595591, 31.450135013521532 ], [ 74.284742918830474, 31.450139510443147 ] ] ] } },
{ "type": "Feature", "properties": { "OBJECTID": 188788, "SHAPE_Leng": 94.9618873788, "SHAPE_Area": 559.68606093999995, "Town": "Allama Iqbal Town", "UC_N0": "UC_120", "Landuse": "R", "KA": null, "Name": null, "Plot_No": "408", "Block": "A", "Plot_Size": "1K", "Road_Width": null, "Classifica": null, "Category": null, "MAP": null, "__source_file": "revenu.shp" }, "geometry": { "type": "Polygon", "coordinates": [ [ [ 74.285502578404618, 31.450249912838935 ], [ 74.285106705235705, 31.449881726545591 ], [ 74.285033833119982, 31.449942254835427 ], [ 74.285244338502864, 31.450140800859639 ], [ 74.285424076164489, 31.450310325284406 ], [ 74.285502578404618, 31.450249912838935 ] ] ] } },
{ "type": "Feature", "properties": { "OBJECTID": 188786, "SHAPE_Leng": 113.142898489, "SHAPE_Area": 796.61997775700002, "Town": "Allama Iqbal Town", "UC_N0": "UC_120", "Landuse": "R", "KA": null, "Name": null, "Plot_No": "410", "Block": "A", "Plot_Size": "1K", "Road_Width": null, "Classifica": null, "Category": null, "MAP": null, "__source_file": "revenu.shp" }, "geometry": { "type": "Polygon", "coordinates": [ [ [ 74.285724488276927, 31.450079138358504 ], [ 74.285296470954549, 31.449724104744629 ], [ 74.285196192408051, 31.449807397461893 ], [ 74.285409729730873, 31.450005964649741 ], [ 74.285595319997398, 31.450178542145331 ], [ 74.285724488276927, 31.450079138358504 ] ] ] } },
{ "type": "Feature", "properties": { "OBJECTID": 187835, "SHAPE_Leng": 88.655291634099996, "SHAPE_Area": 429.19744247699998, "Town": "Allama Iqbal Town", "UC_N0": "UC_120", "Landuse": "R", "KA": null, "Name": null, "Plot_No": "395", "Block": "A", "Plot_Size": "1K", "Road_Width": null, "Classifica": null, "Category": null, "MAP": null, "__source_file": "revenu.shp" }, "geometry": { "type": "Polygon", "coordinates": [ [ [ 74.282783058242217, 31.450200184302467 ], [ 74.282778653539467, 31.450731399440269 ], [ 74.282873628894919, 31.450730815799382 ], [ 74.282891317835265, 31.450199355879025 ], [ 74.282819805473665, 31.45019990312505 ], [ 74.282783058242217, 31.450200184302467 ] ] ] } },
{ "type": "Feature", "properties": { "OBJECTID": 187835, "SHAPE_Leng": 88.655291634099996, "SHAPE_Area": 429.19744247699998, "Town": "Allama Iqbal Town", "UC_N0": "UC_120", "Landuse": "R", "KA": null, "Name": null, "Plot_No": "396", "Block": "A", "Plot_Size": "1K", "Road_Width": null, "Classifica": null, "Category": null, "MAP": null, "__source_file": "revenu.shp" }, "geometry": { "type": "Polygon", "coordinates": [ [ [ 74.282946616882214, 31.450730367258135 ], [ 74.282975825101815, 31.450198709138359 ], [ 74.282891317835265, 31.450199355879025 ], [ 74.282873628894919, 31.450730815799382 ], [ 74.282946616882214, 31.450730367258135 ] ] ] } },
{ "type": "Feature", "properties": { "OBJECTID": 188298, "SHAPE_Leng": 93.446551471800007, "SHAPE_Area": 459.964863756, "Town": "Allama Iqbal Town", "UC_N0": "UC_120", "Landuse": "R", "KA": null, "Name": null, "Plot_No": "418", "Block": "A", "Plot_Size": "1K", "Road_Width": null, "Classifica": null, "Category": null, "MAP": null, "__source_file": "revenu.shp" }, "geometry": { "type": "Polygon", "coordinates": [ [ [ 74.284931629422957, 31.451086220876594 ], [ 74.285100811612239, 31.451338463164582 ], [ 74.285181570910538, 31.451310196909645 ], [ 74.284982120717643, 31.451064593707468 ], [ 74.284931629422957, 31.451086220876594 ] ] ] } },
{ "type": "Feature", "properties": { "OBJECTID": 188298, "SHAPE_Leng": 93.446551471800007, "SHAPE_Area": 459.964863756, "Town": "Allama Iqbal Town", "UC_N0": "UC_120", "Landuse": "R", "KA": null, "Name": null, "Plot_No": "419", "Block": "A", "Plot_Size": "1K", "Road_Width": null, "Classifica": null, "Category": null, "MAP": null, "__source_file": "revenu.shp" }, "geometry": { "type": "Polygon", "coordinates": [ [ [ 74.285100811612239, 31.451338463164582 ], [ 74.284931629422957, 31.451086220876594 ], [ 74.284869489199991, 31.451112837643525 ], [ 74.285001556342905, 31.451338739772048 ], [ 74.285018281562088, 31.451367348335665 ], [ 74.285100811612239, 31.451338463164582 ] ] ] } },
{ "type": "Feature", "properties": { "OBJECTID": 161795, "SHAPE_Leng": 87.159321808800001, "SHAPE_Area": 421.942052246, "Town": "Allama Iqbal Town", "UC_N0": "UC_120", "Landuse": "R", "KA": null, "Name": null, "Plot_No": "426", "Block": "A", "Plot_Size": "1K", "Road_Width": null, "Classifica": null, "Category": null, "MAP": null, "__source_file": "revenu.shp" }, "geometry": { "type": "Polygon", "coordinates": [ [ [ 74.284040404887719, 31.451639318968919 ], [ 74.284048696011638, 31.451374793414029 ], [ 74.283976249379407, 31.451377735014091 ], [ 74.283981588461913, 31.451641996407552 ], [ 74.283981600771, 31.45164259194603 ], [ 74.284010990583326, 31.451641181851322 ], [ 74.284011037968924, 31.451641178507298 ], [ 74.284040404887719, 31.451639318968919 ] ] ] } },
{ "type": "Feature", "properties": { "OBJECTID": 188746, "SHAPE_Leng": 112.661249005, "SHAPE_Area": 784.87499889100002, "Town": "Allama Iqbal Town", "UC_N0": "UC_120", "Landuse": "R", "KA": null, "Name": null, "Plot_No": "433A", "Block": "A", "Plot_Size": "1K", "Road_Width": null, "Classifica": null, "Category": null, "MAP": null, "__source_file": "revenu.shp" }, "geometry": { "type": "Polygon", "coordinates": [ [ [ 74.284637012266757, 31.451766470352673 ], [ 74.284506206714354, 31.45154657390389 ], [ 74.284490907549099, 31.451551928557045 ], [ 74.28447144391609, 31.45155811646886 ], [ 74.284468703033156, 31.451558988046244 ], [ 74.284468637626475, 31.451559008432081 ], [ 74.284468605461484, 31.451558947803196 ], [ 74.284463997049855, 31.451560298856936 ], [ 74.284447405381414, 31.451565400287816 ], [ 74.284434453053052, 31.451569119987791 ], [ 74.284420479721007, 31.451573133521677 ], [ 74.284406234264381, 31.45157722492964 ], [ 74.284534275805711, 31.451801848547561 ], [ 74.284637012266757, 31.451766470352673 ] ] ] } },
{ "type": "Feature", "properties": { "OBJECTID": 188746, "SHAPE_Leng": 112.661249005, "SHAPE_Area": 784.87499889100002, "Town": "Allama Iqbal Town", "UC_N0": "UC_120", "Landuse": "R", "KA": null, "Name": null, "Plot_No": "435", "Block": "A", "Plot_Size": "1K", "Road_Width": null, "Classifica": null, "Category": null, "MAP": null, "__source_file": "revenu.shp" }, "geometry": { "type": "Polygon", "coordinates": [ [ [ 74.284613122553196, 31.451509153680295 ], [ 74.284751448447537, 31.451727063128029 ], [ 74.284817805650107, 31.451704212310084 ], [ 74.284684916998927, 31.451484026116177 ], [ 74.284613122553196, 31.451509153680295 ] ] ] } },
{ "type": "Feature", "properties": { "OBJECTID": 188747, "SHAPE_Leng": 78.353429413599997, "SHAPE_Area": 347.31448826799999, "Town": "Allama Iqbal Town", "UC_N0": "UC_120", "Landuse": "R", "KA": null, "Name": null, "Plot_No": "440", "Block": "A", "Plot_Size": "1K", "Road_Width": null, "Classifica": null, "Category": null, "MAP": null, "__source_file": "revenu.shp" }, "geometry": { "type": "Polygon", "coordinates": [ [ [ 74.285193844514723, 31.451305901111667 ], [ 74.28531263475648, 31.451511062508452 ], [ 74.285355184194628, 31.451493743936666 ], [ 74.28541380841051, 31.451469906076262 ], [ 74.285266113407516, 31.451280606933235 ], [ 74.285231662522961, 31.451292664686232 ], [ 74.285193844514723, 31.451305901111667 ] ] ] } },
{ "type": "Feature", "properties": { "OBJECTID": 188296, "SHAPE_Leng": 93.061581448200002, "SHAPE_Area": 497.785036838, "Town": "Allama Iqbal Town", "UC_N0": "UC_120", "Landuse": "R", "KA": null, "Name": null, "Plot_No": "373A", "Block": "A", "Plot_Size": "1K", "Road_Width": null, "Classifica": null, "Category": null, "MAP": null, "__source_file": "revenu.shp" }, "geometry": { "type": "Polygon", "coordinates": [ [ [ 74.28445115580918, 31.451220961623406 ], [ 74.28441323895818, 31.450963225995814 ], [ 74.2843581024987, 31.450985174602796 ], [ 74.284347209654285, 31.451253187898953 ], [ 74.284368058925011, 31.451248295224651 ], [ 74.284417949989233, 31.451235285063174 ], [ 74.28445115580918, 31.451220961623406 ] ] ] } },
{ "type": "Feature", "properties": { "OBJECTID": 204865, "SHAPE_Leng": 117.46307448500001, "SHAPE_Area": 817.91309462900006, "Town": "Allama Iqbal Town", "UC_N0": "UC_116", "Landuse": "C", "KA": null, "Name": "Juice Corner", "Plot_No": "465", "Block": "A", "Plot_Size": "10M", "Road_Width": null, "Classifica": null, "Category": null, "MAP": null, "__source_file": "revenu.shp" }, "geometry": { "type": "Polygon", "coordinates": [ [ [ 74.283207351841739, 31.452812860051388 ], [ 74.283365228842158, 31.452968279260777 ], [ 74.283479648558711, 31.452886614338578 ], [ 74.283302702524068, 31.452746987309315 ], [ 74.28325180723084, 31.45278214828387 ], [ 74.283207351841739, 31.452812860051388 ] ] ] } },
{ "type": "Feature", "properties": { "OBJECTID": 204865, "SHAPE_Leng": 117.46307448500001, "SHAPE_Area": 817.91309462900006, "Town": "Allama Iqbal Town", "UC_N0": "UC_116", "Landuse": "C", "KA": null, "Name": "Juice Corner", "Plot_No": "467", "Block": "A", "Plot_Size": "10M", "Road_Width": null, "Classifica": null, "Category": null, "MAP": null, "__source_file": "revenu.shp" }, "geometry": { "type": "Polygon", "coordinates": [ [ [ 74.283263935422653, 31.453040575328668 ], [ 74.283114456517396, 31.452877036172662 ], [ 74.283026878873571, 31.452937538465541 ], [ 74.283174411017868, 31.453104471345952 ], [ 74.283263935422653, 31.453040575328668 ] ] ] } },
{ "type": "Feature", "properties": { "OBJECTID": 204869, "SHAPE_Leng": 70.222030788799998, "SHAPE_Area": 250.57930378699999, "Town": "Allama Iqbal Town", "UC_N0": "UC_116", "Landuse": "C", "KA": null, "Name": "Juice Corner", "Plot_No": "468", "Block": "A", "Plot_Size": "10M", "Road_Width": null, "Classifica": null, "Category": null, "MAP": null, "__source_file": "revenu.shp" }, "geometry": { "type": "Polygon", "coordinates": [ [ [ 74.282921005607619, 31.453009123227137 ], [ 74.283065591130153, 31.453182138685921 ], [ 74.283098372847761, 31.453158741441367 ], [ 74.283174411017868, 31.453104471345952 ], [ 74.283026878873571, 31.452937538465541 ], [ 74.282944778864618, 31.452994256563727 ], [ 74.282934457653724, 31.453000711051633 ], [ 74.282921005607619, 31.453009123227137 ] ] ] } },
{ "type": "Feature", "properties": { "OBJECTID": 204869, "SHAPE_Leng": 70.222030788799998, "SHAPE_Area": 250.57930378699999, "Town": "Allama Iqbal Town", "UC_N0": "UC_116", "Landuse": "C", "KA": null, "Name": "Juice Corner", "Plot_No": "470", "Block": "A", "Plot_Size": "10M", "Road_Width": null, "Classifica": null, "Category": null, "MAP": null, "__source_file": "revenu.shp" }, "geometry": { "type": "Polygon", "coordinates": [ [ [ 74.282939014421288, 31.45327247989367 ], [ 74.28279720540462, 31.453086540978834 ], [ 74.282764815258872, 31.45310679593063 ], [ 74.282671024168963, 31.453165446811877 ], [ 74.282838870952247, 31.453343954824781 ], [ 74.282911278671207, 31.453292275605385 ], [ 74.282939014421288, 31.45327247989367 ] ] ] } },
{ "type": "Feature", "properties": { "OBJECTID": 204880, "SHAPE_Leng": 64.212306172300003, "SHAPE_Area": 235.77123558, "Town": "Allama Iqbal Town", "UC_N0": "UC_116", "Landuse": "C", "KA": null, "Name": "Juice Corner", "Plot_No": "472", "Block": "A", "Plot_Size": "10M", "Road_Width": null, "Classifica": null, "Category": null, "MAP": null, "__source_file": "revenu.shp" }, "geometry": { "type": "Polygon", "coordinates": [ [ [ 74.282661619186584, 31.453403152260556 ], [ 74.282540981210389, 31.453246768069295 ], [ 74.282495424244274, 31.453275256635148 ], [ 74.282623007812916, 31.453428612656655 ], [ 74.282661619186584, 31.453403152260556 ] ] ] } },
{ "type": "Feature", "properties": { "OBJECTID": 201307, "SHAPE_Leng": 65.496507206999993, "SHAPE_Area": 246.41418778299999, "Town": "Allama Iqbal Town", "UC_N0": "UC_116", "Landuse": "C", "KA": null, "Name": "Juice Corner", "Plot_No": "474", "Block": "A", "Plot_Size": "10M", "Road_Width": null, "Classifica": null, "Category": null, "MAP": null, "__source_file": "revenu.shp" }, "geometry": { "type": "Polygon", "coordinates": [ [ [ 74.282570543800915, 31.453463207047292 ], [ 74.28243484142817, 31.453313141522976 ], [ 74.282394941957094, 31.45333809224498 ], [ 74.282526003670455, 31.453492576684262 ], [ 74.28253270156884, 31.453488159912325 ], [ 74.282570543800915, 31.453463207047292 ] ] ] } },
{ "type": "Feature", "properties": { "OBJECTID": 204878, "SHAPE_Leng": 84.357369149299998, "SHAPE_Area": 445.47558607399998, "Town": "Allama Iqbal Town", "UC_N0": "UC_116", "Landuse": "C", "KA": null, "Name": "Juice Corner", "Plot_No": "476", "Block": "A", "Plot_Size": "10M", "Road_Width": null, "Classifica": null, "Category": null, "MAP": null, "__source_file": "revenu.shp" }, "geometry": { "type": "Polygon", "coordinates": [ [ [ 74.282464436986771, 31.453533173763255 ], [ 74.282334548699936, 31.453375858393837 ], [ 74.282297862604921, 31.453398799543795 ], [ 74.282269540368773, 31.453416510332165 ], [ 74.282241324364662, 31.453435297814277 ], [ 74.28238195824062, 31.45358755998134 ], [ 74.28243515042216, 31.453552485304666 ], [ 74.282464436986771, 31.453533173763255 ] ] ] } },
{ "type": "Feature", "properties": { "OBJECTID": 204878, "SHAPE_Leng": 84.357369149299998, "SHAPE_Area": 445.47558607399998, "Town": "Allama Iqbal Town", "UC_N0": "UC_116", "Landuse": "C", "KA": null, "Name": "Juice Corner", "Plot_No": "477", "Block": "A", "Plot_Size": "10M", "Road_Width": null, "Classifica": null, "Category": null, "MAP": null, "__source_file": "revenu.shp" }, "geometry": { "type": "Polygon", "coordinates": [ [ [ 74.28238195824062, 31.45358755998134 ], [ 74.282241324364662, 31.453435297814277 ], [ 74.282183773840131, 31.453473617493817 ], [ 74.282323664315143, 31.45362599866796 ], [ 74.28238195824062, 31.45358755998134 ] ] ] } },
{ "type": "Feature", "properties": { "OBJECTID": 204877, "SHAPE_Leng": 66.052201632099994, "SHAPE_Area": 248.28265059899999, "Town": "Allama Iqbal Town", "UC_N0": "UC_116", "Landuse": "C", "KA": null, "Name": "Juice Corner", "Plot_No": "480", "Block": "A", "Plot_Size": "10M", "Road_Width": null, "Classifica": null, "Category": null, "MAP": null, "__source_file": "revenu.shp" }, "geometry": { "type": "Polygon", "coordinates": [ [ [ 74.28220779365644, 31.45370240274778 ], [ 74.282068867877157, 31.453550126899668 ], [ 74.282032042489888, 31.453574646839769 ], [ 74.282162289583738, 31.453732407571572 ], [ 74.28220779365644, 31.45370240274778 ] ] ] } },
{ "type": "Feature", "properties": { "OBJECTID": 162864, "SHAPE_Leng": 149.96271240799999, "SHAPE_Area": 1185.5646456300001, "Town": "Allama Iqbal Town", "UC_N0": "UC_120", "Landuse": "V", "KA": null, "Name": null, "Plot_No": "118", "Block": "A", "Plot_Size": "10M", "Road_Width": null, "Classifica": null, "Category": null, "MAP": null, "__source_file": "revenu.shp" }, "geometry": { "type": "Polygon", "coordinates": [ [ [ 74.281102007530009, 31.453563696492107 ], [ 74.281251489286021, 31.453722507943684 ], [ 74.281315291254586, 31.453679900148057 ], [ 74.28116544781345, 31.453521565745362 ], [ 74.281102007530009, 31.453563696492107 ] ] ] } },
{ "type": "Feature", "properties": { "OBJECTID": 162864, "SHAPE_Leng": 149.96271240799999, "SHAPE_Area": 1185.5646456300001, "Town": "Allama Iqbal Town", "UC_N0": "UC_120", "Landuse": "V", "KA": null, "Name": null, "Plot_No": "119", "Block": "A", "Plot_Size": "10M", "Road_Width": null, "Classifica": null, "Category": null, "MAP": null, "__source_file": "revenu.shp" }, "geometry": { "type": "Polygon", "coordinates": [ [ [ 74.281251489286021, 31.453722507943684 ], [ 74.281102007530009, 31.453563696492107 ], [ 74.28102671498587, 31.453613698244371 ], [ 74.28115624110454, 31.453786116273694 ], [ 74.281251489286021, 31.453722507943684 ] ] ] } },
{ "type": "Feature", "properties": { "OBJECTID": 162864, "SHAPE_Leng": 149.96271240799999, "SHAPE_Area": 1185.5646456300001, "Town": "Allama Iqbal Town", "UC_N0": "UC_120", "Landuse": "V", "KA": null, "Name": null, "Plot_No": "121", "Block": "A", "Plot_Size": "10M", "Road_Width": null, "Classifica": null, "Category": null, "MAP": null, "__source_file": "revenu.shp" }, "geometry": { "type": "Polygon", "coordinates": [ [ [ 74.281066671429429, 31.453845932770903 ], [ 74.280918001433463, 31.453685894702346 ], [ 74.280815981320615, 31.453753645872855 ], [ 74.280974469664343, 31.453907506399812 ], [ 74.281066671429429, 31.453845932770903 ] ] ] } },
{ "type": "Feature", "properties": { "OBJECTID": 162864, "SHAPE_Leng": 149.96271240799999, "SHAPE_Area": 1185.5646456300001, "Town": "Allama Iqbal Town", "UC_N0": "UC_120", "Landuse": "V", "KA": null, "Name": null, "Plot_No": "122", "Block": "A", "Plot_Size": "10M", "Road_Width": null, "Classifica": null, "Category": null, "MAP": null, "__source_file": "revenu.shp" }, "geometry": { "type": "Polygon", "coordinates": [ [ [ 74.280974469664343, 31.453907506399812 ], [ 74.280815981320615, 31.453753645872855 ], [ 74.280729463400519, 31.453811101953839 ], [ 74.280881756836791, 31.453969419937138 ], [ 74.280974469664343, 31.453907506399812 ] ] ] } },
{ "type": "Feature", "properties": { "OBJECTID": 202786, "SHAPE_Leng": 109.045041508, "SHAPE_Area": 527.78740605400003, "Town": "Allama Iqbal Town", "UC_N0": "UC_120", "Landuse": "C", "KA": null, "Name": null, "Plot_No": "89", "Block": "A", "Plot_Size": "10M", "Road_Width": null, "Classifica": null, "Category": null, "MAP": null, "__source_file": "revenu.shp" }, "geometry": { "type": "Polygon", "coordinates": [ [ [ 74.280271866641371, 31.454335879966251 ], [ 74.280294227596073, 31.45450185731351 ], [ 74.280503278665392, 31.454475280134091 ], [ 74.280340952057159, 31.454316928794384 ], [ 74.280389287278197, 31.454295704838849 ], [ 74.280337246530081, 31.45431827304148 ], [ 74.280281928281951, 31.454334104830117 ], [ 74.280271866641371, 31.454335879966251 ] ] ] } },
{ "type": "Feature", "properties": { "OBJECTID": 162916, "SHAPE_Leng": 57.525484262, "SHAPE_Area": 206.46284186899999, "Town": "Allama Iqbal Town", "UC_N0": "UC_120", "Landuse": "R", "KA": null, "Name": null, "Plot_No": "163", "Block": "A", "Plot_Size": "5M", "Road_Width": null, "Classifica": null, "Category": null, "MAP": null, "__source_file": "revenu.shp" }, "geometry": { "type": "Polygon", "coordinates": [ [ [ 74.279628352617294, 31.453461854771181 ], [ 74.279773542288169, 31.453462803815047 ], [ 74.27977293238564, 31.45340086266474 ], [ 74.279627655895993, 31.453401717485971 ], [ 74.279627954904356, 31.453427556217012 ], [ 74.279628352617294, 31.453461854771181 ] ] ] } },
{ "type": "Feature", "properties": { "OBJECTID": 173875, "SHAPE_Leng": 53.678963217899998, "SHAPE_Area": 176.901253712, "Town": "Allama Iqbal Town", "UC_N0": "UC_120", "Landuse": "R", "KA": null, "Name": null, "Plot_No": "220", "Block": "A", "Plot_Size": "5M", "Road_Width": null, "Classifica": null, "Category": null, "MAP": null, "__source_file": "revenu.shp" }, "geometry": { "type": "Polygon", "coordinates": [ [ [ 74.280470956517632, 31.453098601002246 ], [ 74.280474439133144, 31.452961334211892 ], [ 74.280422188610856, 31.452961286137125 ], [ 74.280382446147357, 31.452961249556548 ], [ 74.280351780771284, 31.452961220716038 ], [ 74.280348555559385, 31.453098110012647 ], [ 74.280412386577879, 31.453098366073995 ], [ 74.280470956517632, 31.453098601002246 ] ] ] } },
{ "type": "Feature", "properties": { "OBJECTID": 173890, "SHAPE_Leng": 62.403166122000002, "SHAPE_Area": 243.29704088400001, "Town": "Allama Iqbal Town", "UC_N0": "UC_120", "Landuse": "R", "KA": null, "Name": null, "Plot_No": "224", "Block": "A", "Plot_Size": "5M", "Road_Width": null, "Classifica": null, "Category": null, "MAP": null, "__source_file": "revenu.shp" }, "geometry": { "type": "Polygon", "coordinates": [ [ [ 74.280732879485342, 31.453099652290867 ], [ 74.280741342241953, 31.452961581884768 ], [ 74.280701879909742, 31.452961545271751 ], [ 74.280661315136697, 31.452961507826494 ], [ 74.280660274236595, 31.453099361251553 ], [ 74.280732879485342, 31.453099652290867 ] ] ] } },
{ "type": "Feature", "properties": { "OBJECTID": 173888, "SHAPE_Leng": 56.206700620699998, "SHAPE_Area": 197.410440091, "Town": "Allama Iqbal Town", "UC_N0": "UC_120", "Landuse": "R", "KA": null, "Name": null, "Plot_No": "231", "Block": "A", "Plot_Size": "5M", "Road_Width": null, "Classifica": null, "Category": null, "MAP": null, "__source_file": "revenu.shp" }, "geometry": { "type": "Polygon", "coordinates": [ [ [ 74.281191991991747, 31.452836973088949 ], [ 74.281208388670535, 31.452962012410918 ], [ 74.281263724618711, 31.452962063009405 ], [ 74.281263540210304, 31.452837081071173 ], [ 74.281191991991747, 31.452836973088949 ] ] ] } },
{ "type": "Feature", "properties": { "OBJECTID": 173871, "SHAPE_Leng": 60.954640766899999, "SHAPE_Area": 230.33631848799999, "Town": "Allama Iqbal Town", "UC_N0": "UC_120", "Landuse": "R", "KA": null, "Name": null, "Plot_No": "234", "Block": "A", "Plot_Size": "5M", "Road_Width": null, "Classifica": null, "Category": null, "MAP": null, "__source_file": "revenu.shp" }, "geometry": { "type": "Polygon", "coordinates": [ [ [ 74.281036447100718, 31.452961854121497 ], [ 74.281047069081097, 31.452836754600352 ], [ 74.280992445538089, 31.452836672361215 ], [ 74.280939388036359, 31.452836592457526 ], [ 74.280938433908005, 31.452961763783421 ], [ 74.280990901950361, 31.452961812024345 ], [ 74.281036447100718, 31.452961854121497 ] ] ] } },
{ "type": "Feature", "properties": { "OBJECTID": 177121, "SHAPE_Leng": 64.441142817599996, "SHAPE_Area": 259.223266088, "Town": "Allama Iqbal Town", "UC_N0": "UC_120", "Landuse": "R", "KA": null, "Name": null, "Plot_No": "246", "Block": "A", "Plot_Size": "5M", "Road_Width": null, "Classifica": null, "Category": null, "MAP": null, "__source_file": "revenu.shp" }, "geometry": { "type": "Polygon", "coordinates": [ [ [ 74.280237815367784, 31.452767798361364 ], [ 74.280252781762528, 31.452617627442514 ], [ 74.28016822620215, 31.452616876827555 ], [ 74.28016432482174, 31.452767560070409 ], [ 74.280237815367784, 31.452767798361364 ] ] ] } },
{ "type": "Feature", "properties": { "OBJECTID": 177122, "SHAPE_Leng": 64.0754051057, "SHAPE_Area": 256.31193795899998, "Town": "Allama Iqbal Town", "UC_N0": "UC_120", "Landuse": "R", "KA": null, "Name": null, "Plot_No": "248", "Block": "A", "Plot_Size": "5M", "Road_Width": null, "Classifica": null, "Category": null, "MAP": null, "__source_file": "revenu.shp" }, "geometry": { "type": "Polygon", "coordinates": [ [ [ 74.28040456614238, 31.452768339130817 ], [ 74.280405703526014, 31.452618983750458 ], [ 74.280331544055585, 31.452618325989729 ], [ 74.280328652937669, 31.452768092841232 ], [ 74.28040456614238, 31.452768339130817 ] ] ] } },
{ "type": "Feature", "properties": { "OBJECTID": 162262, "SHAPE_Leng": 85.464657355699998, "SHAPE_Area": 431.88988701099998, "Town": "Allama Iqbal Town", "UC_N0": "UC_120", "Landuse": "R", "KA": null, "Name": null, "Plot_No": "250", "Block": "A", "Plot_Size": "5M", "Road_Width": null, "Classifica": null, "Category": null, "MAP": null, "__source_file": "revenu.shp" }, "geometry": { "type": "Polygon", "coordinates": [ [ [ 74.280574705475573, 31.452768890795024 ], [ 74.280576153242947, 31.452620495203597 ], [ 74.280575266414303, 31.452620487334411 ], [ 74.280493337012686, 31.452619760964186 ], [ 74.280492821085815, 31.452768625404822 ], [ 74.280574705475573, 31.452768890795024 ] ] ] } },
{ "type": "Feature", "properties": { "OBJECTID": 162262, "SHAPE_Leng": 85.464657355699998, "SHAPE_Area": 431.88988701099998, "Town": "Allama Iqbal Town", "UC_N0": "UC_120", "Landuse": "R", "KA": null, "Name": null, "Plot_No": "251", "Block": "A", "Plot_Size": "5M", "Road_Width": null, "Classifica": null, "Category": null, "MAP": null, "__source_file": "revenu.shp" }, "geometry": { "type": "Polygon", "coordinates": [ [ [ 74.280660568137691, 31.452769169022734 ], [ 74.280661444208889, 31.452621251995261 ], [ 74.280576153242947, 31.452620495203597 ], [ 74.280574705475573, 31.452768890795024 ], [ 74.280660568137691, 31.452769169022734 ] ] ] } },
{ "type": "Feature", "properties": { "OBJECTID": 177113, "SHAPE_Leng": 46.718086970400002, "SHAPE_Area": 120.759785472, "Town": "Allama Iqbal Town", "UC_N0": "UC_120", "Landuse": "R", "KA": null, "Name": null, "Plot_No": "265", "Block": "A", "Plot_Size": "5M", "Road_Width": null, "Classifica": null, "Category": null, "MAP": null, "__source_file": "revenu.shp" }, "geometry": { "type": "Polygon", "coordinates": [ [ [ 74.280816186278642, 31.452622624359329 ], [ 74.280817214256984, 31.452481195325092 ], [ 74.280742204532928, 31.452481221693105 ], [ 74.28073495714942, 31.452481224238447 ], [ 74.28066247739055, 31.452481250268203 ], [ 74.280661429567203, 31.452621251865491 ], [ 74.280735868080683, 31.452621911702263 ], [ 74.280773795065514, 31.452622248285259 ], [ 74.280816186278642, 31.452622624359329 ] ] ] } },
{ "type": "Feature", "properties": { "OBJECTID": 177117, "SHAPE_Leng": 61.803503940600002, "SHAPE_Area": 238.65329035900001, "Town": "Allama Iqbal Town", "UC_N0": "UC_120", "Landuse": "R", "KA": null, "Name": null, "Plot_No": "269", "Block": "A", "Plot_Size": "5M", "Road_Width": null, "Classifica": null, "Category": null, "MAP": null, "__source_file": "revenu.shp" }, "geometry": { "type": "Polygon", "coordinates": [ [ [ 74.280406751709336, 31.452481340707465 ], [ 74.280330484185455, 31.452481367495363 ], [ 74.280331544055585, 31.452618325989729 ], [ 74.280405703526014, 31.452618983750458 ], [ 74.280406751709336, 31.452481340707465 ] ] ] } },
{ "type": "Feature", "properties": { "OBJECTID": 171074, "SHAPE_Leng": 73.738415696700002, "SHAPE_Area": 332.56674857000002, "Town": "Allama Iqbal Town", "UC_N0": "UC_120", "Landuse": "R", "KA": null, "Name": null, "Plot_No": "301", "Block": "A", "Plot_Size": "5M", "Road_Width": null, "Classifica": null, "Category": null, "MAP": null, "__source_file": "revenu.shp" }, "geometry": { "type": "Polygon", "coordinates": [ [ [ 74.281190815697315, 31.451922279376532 ], [ 74.281189756964849, 31.452063745359542 ], [ 74.281257718509906, 31.452063646399591 ], [ 74.281256050422385, 31.451923051209505 ], [ 74.281190815697315, 31.451922279376532 ] ] ] } },
{ "type": "Feature", "properties": { "OBJECTID": 171074, "SHAPE_Leng": 73.738415696700002, "SHAPE_Area": 332.56674857000002, "Town": "Allama Iqbal Town", "UC_N0": "UC_120", "Landuse": "R", "KA": null, "Name": null, "Plot_No": "303", "Block": "A", "Plot_Size": "5M", "Road_Width": null, "Classifica": null, "Category": null, "MAP": null, "__source_file": "revenu.shp" }, "geometry": { "type": "Polygon", "coordinates": [ [ [ 74.281109529691747, 31.452063862133375 ], [ 74.281107613019728, 31.451921294683814 ], [ 74.281036290134494, 31.451920450063028 ], [ 74.281032923748356, 31.452063973589308 ], [ 74.281109529691747, 31.452063862133375 ] ] ] } },
{ "type": "Feature", "properties": { "OBJECTID": 177139, "SHAPE_Leng": 52.163270665500001, "SHAPE_Area": 161.359874187, "Town": "Allama Iqbal Town", "UC_N0": "UC_120", "Landuse": "R", "KA": null, "Name": null, "Plot_No": "304", "Block": "A", "Plot_Size": "5M", "Road_Width": null, "Classifica": null, "Category": null, "MAP": null, "__source_file": "revenu.shp" }, "geometry": { "type": "Polygon", "coordinates": [ [ [ 74.280977371916492, 31.451919752502473 ], [ 74.280928959333536, 31.451919178998374 ], [ 74.280927823632197, 31.452064126125688 ], [ 74.280976269623764, 31.452064055824628 ], [ 74.281032923748356, 31.452063973589308 ], [ 74.281036290134494, 31.451920450063028 ], [ 74.281014515841946, 31.451920192503611 ], [ 74.280977371916492, 31.451919752502473 ] ] ] } },
{ "type": "Feature", "properties": { "OBJECTID": 171068, "SHAPE_Leng": 63.035059780099999, "SHAPE_Area": 247.43314746900001, "Town": "Allama Iqbal Town", "UC_N0": "UC_120", "Landuse": "R", "KA": null, "Name": null, "Plot_No": "309", "Block": "A", "Plot_Size": "5M", "Road_Width": null, "Classifica": null, "Category": null, "MAP": null, "__source_file": "revenu.shp" }, "geometry": { "type": "Polygon", "coordinates": [ [ [ 74.28054456648583, 31.45191462681667 ], [ 74.28053145053309, 31.45206470287302 ], [ 74.28060655791036, 31.452064593921538 ], [ 74.280614401845767, 31.451915453939101 ], [ 74.28054456648583, 31.45191462681667 ] ] ] } },
{ "type": "Feature", "properties": { "OBJECTID": 161817, "SHAPE_Leng": 108.18813152600001, "SHAPE_Area": 718.75154335100001, "Town": "Allama Iqbal Town", "UC_N0": "UC_120", "Landuse": "V", "KA": null, "Name": null, "Plot_No": "76", "Block": "A", "Plot_Size": "10M", "Road_Width": null, "Classifica": null, "Category": null, "MAP": null, "__source_file": "revenu.shp" }, "geometry": { "type": "Polygon", "coordinates": [ [ [ 74.279450549732388, 31.454517959227392 ], [ 74.279434338237778, 31.454503923463935 ], [ 74.27943347131361, 31.454503056960895 ], [ 74.279398407035984, 31.45446234974013 ], [ 74.27923822667033, 31.454602039584923 ], [ 74.279301725382666, 31.454646734802036 ], [ 74.279450549732388, 31.454517959227392 ] ] ] } },
{ "type": "Feature", "properties": { "OBJECTID": 161817, "SHAPE_Leng": 108.18813152600001, "SHAPE_Area": 718.75154335100001, "Town": "Allama Iqbal Town", "UC_N0": "UC_120", "Landuse": "V", "KA": null, "Name": null, "Plot_No": "77", "Block": "A", "Plot_Size": "10M", "Road_Width": null, "Classifica": null, "Category": null, "MAP": null, "__source_file": "revenu.shp" }, "geometry": { "type": "Polygon", "coordinates": [ [ [ 74.279450549732388, 31.454517959227392 ], [ 74.279301725382666, 31.454646734802036 ], [ 74.279371176260341, 31.454695619521136 ], [ 74.279513370740347, 31.454564731501531 ], [ 74.279474939021213, 31.454539075238461 ], [ 74.279450549732388, 31.454517959227392 ] ] ] } },
{ "type": "Feature", "properties": { "OBJECTID": 161824, "SHAPE_Leng": 87.166976314400003, "SHAPE_Area": 472.13552701399999, "Town": "Allama Iqbal Town", "UC_N0": "UC_120", "Landuse": "R", "KA": null, "Name": null, "Plot_No": "81", "Block": "A", "Plot_Size": "10M", "Road_Width": null, "Classifica": null, "Category": null, "MAP": null, "__source_file": "revenu.shp" }, "geometry": { "type": "Polygon", "coordinates": [ [ [ 74.279892008510544, 31.454818530908398 ], [ 74.279807821696608, 31.454761058144761 ], [ 74.279712064871859, 31.454847890294626 ], [ 74.279648420988252, 31.454905602345534 ], [ 74.27968899376927, 31.45493633208574 ], [ 74.279713105992897, 31.454954594407063 ], [ 74.27974451319146, 31.454978381841286 ], [ 74.279892008510544, 31.454818530908398 ] ] ] } },
{ "type": "Feature", "properties": { "OBJECTID": 161812, "SHAPE_Leng": 113.049353121, "SHAPE_Area": 723.93588130499995, "Town": "Allama Iqbal Town", "UC_N0": "UC_120", "Landuse": "V", "KA": null, "Name": null, "Plot_No": "69", "Block": "A", "Plot_Size": "1K", "Road_Width": null, "Classifica": null, "Category": null, "MAP": null, "__source_file": "revenu.shp" }, "geometry": { "type": "Polygon", "coordinates": [ [ [ 74.279152351910042, 31.454541594481057 ], [ 74.27892815599148, 31.454700892663062 ], [ 74.27903303490271, 31.454779575049102 ], [ 74.27923822667033, 31.454602039584923 ], [ 74.279152351910042, 31.454541594481057 ] ] ] } },
{ "type": "Feature", "properties": { "OBJECTID": 162251, "SHAPE_Leng": 90.561749847399994, "SHAPE_Area": 446.15682225, "Town": "Allama Iqbal Town", "UC_N0": "UC_120", "Landuse": "R", "KA": null, "Name": null, "Plot_No": "54", "Block": "A", "Plot_Size": "1K", "Road_Width": null, "Classifica": null, "Category": null, "MAP": null, "__source_file": "revenu.shp" }, "geometry": { "type": "Polygon", "coordinates": [ [ [ 74.278642586438991, 31.454473611811842 ], [ 74.278640159445999, 31.454455293528248 ], [ 74.278641412145404, 31.454361194814432 ], [ 74.278511826771876, 31.454362716860473 ], [ 74.2783423909936, 31.454364707154575 ], [ 74.278337202172324, 31.454516810339982 ], [ 74.278336323541737, 31.454542561730847 ], [ 74.278642586438991, 31.454473611811842 ] ] ] } },
{ "type": "Feature", "properties": { "OBJECTID": 162243, "SHAPE_Leng": 101.408616928, "SHAPE_Area": 619.54925247400001, "Town": "Allama Iqbal Town", "UC_N0": "UC_120", "Landuse": "R", "KA": null, "Name": null, "Plot_No": "58", "Block": "A", "Plot_Size": "1K", "Road_Width": null, "Classifica": null, "Category": null, "MAP": null, "__source_file": "revenu.shp" }, "geometry": { "type": "Polygon", "coordinates": [ [ [ 74.279014420569624, 31.45488431201624 ], [ 74.278938338517278, 31.454827286679048 ], [ 74.278723440190873, 31.455024668280632 ], [ 74.278797723303043, 31.455082919159906 ], [ 74.279014420569624, 31.45488431201624 ] ] ] } },
{ "type": "Feature", "properties": { "OBJECTID": 162239, "SHAPE_Leng": 108.31983027299999, "SHAPE_Area": 717.79649666, "Town": "Allama Iqbal Town", "UC_N0": "UC_120", "Landuse": "R", "KA": null, "Name": null, "Plot_No": "62", "Block": "A", "Plot_Size": "1K", "Road_Width": null, "Classifica": null, "Category": null, "MAP": null, "__source_file": "revenu.shp" }, "geometry": { "type": "Polygon", "coordinates": [ [ [ 74.279299656622101, 31.455098102655388 ], [ 74.279083366326788, 31.455306912273503 ], [ 74.279166044290378, 31.455371745380056 ], [ 74.279395997780853, 31.455170311947946 ], [ 74.279299656622101, 31.455098102655388 ] ] ] } },
{ "type": "Feature", "properties": { "OBJECTID": 162240, "SHAPE_Leng": 107.44860964, "SHAPE_Area": 699.15980463599999, "Town": "Allama Iqbal Town", "UC_N0": "UC_120", "Landuse": "R", "KA": null, "Name": null, "Plot_No": "44", "Block": "A", "Plot_Size": "1K", "Road_Width": null, "Classifica": null, "Category": null, "MAP": null, "__source_file": "revenu.shp" }, "geometry": { "type": "Polygon", "coordinates": [ [ [ 74.279086074580448, 31.45530903599154 ], [ 74.278852981848814, 31.455511669939696 ], [ 74.278936149159932, 31.455573125480868 ], [ 74.279166044290378, 31.455371745380056 ], [ 74.279086074580448, 31.45530903599154 ] ] ] } },
{ "type": "Feature", "properties": { "OBJECTID": 162242, "SHAPE_Leng": 133.57087531, "SHAPE_Area": 1114.58849543, "Town": "Allama Iqbal Town", "UC_N0": "UC_120", "Landuse": "V", "KA": null, "Name": null, "Plot_No": "46", "Block": "A", "Plot_Size": "1K", "Road_Width": null, "Classifica": null, "Category": null, "MAP": null, "__source_file": "revenu.shp" }, "geometry": { "type": "Polygon", "coordinates": [ [ [ 74.278884242097291, 31.455150764797743 ], [ 74.278630483107605, 31.455347257087887 ], [ 74.278763318363332, 31.455445413974694 ], [ 74.278989879181935, 31.455233602822197 ], [ 74.278884242097291, 31.455150764797743 ] ] ] } },
{ "type": "Feature", "properties": { "OBJECTID": 162248, "SHAPE_Leng": 111.35361300700001, "SHAPE_Area": 707.72959795400004, "Town": "Allama Iqbal Town", "UC_N0": "UC_120", "Landuse": "R", "KA": null, "Name": null, "Plot_No": "49", "Block": "A", "Plot_Size": "1K", "Road_Width": null, "Classifica": null, "Category": null, "MAP": null, "__source_file": "revenu.shp" }, "geometry": { "type": "Polygon", "coordinates": [ [ [ 74.278436086179397, 31.454799332185313 ], [ 74.278190895902355, 31.455017922434156 ], [ 74.278275364607325, 31.455081349984773 ], [ 74.278513631805041, 31.454860142184149 ], [ 74.278436086179397, 31.454799332185313 ] ] ] } },
{ "type": "Feature", "properties": { "OBJECTID": 162249, "SHAPE_Leng": 120.120747795, "SHAPE_Area": 902.06191842400005, "Town": "Allama Iqbal Town", "UC_N0": "UC_120", "Landuse": "R", "KA": null, "Name": null, "Plot_No": "51A", "Block": "A", "Plot_Size": "1K", "Road_Width": null, "Classifica": null, "Category": null, "MAP": null, "__source_file": "revenu.shp" }, "geometry": { "type": "Polygon", "coordinates": [ [ [ 74.278346597688767, 31.45466987678677 ], [ 74.278338690409441, 31.454641168001736 ], [ 74.27798728769146, 31.454645059212041 ], [ 74.277985976628941, 31.454654071372502 ], [ 74.277963692105146, 31.454775394359054 ], [ 74.277949170216033, 31.454836409416142 ], [ 74.278346597688767, 31.45466987678677 ] ] ] } },
{ "type": "Feature", "properties": { "OBJECTID": 204230, "SHAPE_Leng": 61.893362666900003, "SHAPE_Area": 219.19103341, "Town": "Allama Iqbal Town", "UC_N0": "UC_116", "Landuse": "C", "KA": null, "Name": null, "Plot_No": "489", "Block": "A", "Plot_Size": "10M", "Road_Width": null, "Classifica": null, "Category": null, "MAP": null, "__source_file": "revenu.shp" }, "geometry": { "type": "Polygon", "coordinates": [ [ [ 74.280957337559428, 31.454297155125069 ], [ 74.281101990930651, 31.454424613640143 ], [ 74.281157772444033, 31.454385155222582 ], [ 74.281023030770527, 31.45425209196452 ], [ 74.280957337559428, 31.454297155125069 ] ] ] } },
{ "type": "Feature", "properties": { "OBJECTID": 204216, "SHAPE_Leng": 113.23463933, "SHAPE_Area": 811.53590730600001, "Town": "Allama Iqbal Town", "UC_N0": "UC_116", "Landuse": "C", "KA": null, "Name": null, "Plot_No": "495", "Block": "A", "Plot_Size": "10M", "Road_Width": null, "Classifica": null, "Category": null, "MAP": null, "__source_file": "revenu.shp" }, "geometry": { "type": "Polygon", "coordinates": [ [ [ 74.280658768754805, 31.454831521896043 ], [ 74.280463387434494, 31.454644256064647 ], [ 74.280363990457488, 31.454735018961738 ], [ 74.280567149765361, 31.454919559388362 ], [ 74.280658768754805, 31.454831521896043 ] ] ] } },
{ "type": "Feature", "properties": { "OBJECTID": 209108, "SHAPE_Leng": 146.23418096699999, "SHAPE_Area": 765.26499291899995, "Town": "Allama Iqbal Town", "UC_N0": "UC_116", "Landuse": "C", "KA": null, "Name": null, "Plot_No": "20", "Block": "A", "Plot_Size": "1K", "Road_Width": null, "Classifica": null, "Category": null, "MAP": null, "__source_file": "revenu.shp" }, "geometry": { "type": "Polygon", "coordinates": [ [ [ 74.277275293952329, 31.457456361056281 ], [ 74.27709375705507, 31.457399076843732 ], [ 74.276983062705852, 31.457746799510346 ], [ 74.277275293952329, 31.457456361056281 ] ] ] } },
{ "type": "Feature", "properties": { "OBJECTID": 208913, "SHAPE_Leng": 127.359226718, "SHAPE_Area": 952.58751880600005, "Town": "Allama Iqbal Town", "UC_N0": "UC_116", "Landuse": "C", "KA": null, "Name": null, "Plot_No": "25A", "Block": "A", "Plot_Size": "1K", "Road_Width": null, "Classifica": null, "Category": null, "MAP": null, "__source_file": "revenu.shp" }, "geometry": { "type": "Polygon", "coordinates": [ [ [ 74.277805656309155, 31.456315329937066 ], [ 74.277475568185267, 31.456199981055825 ], [ 74.277472754966553, 31.456208516961457 ], [ 74.277429797900311, 31.456343460476738 ], [ 74.277778509177395, 31.456413249462479 ], [ 74.277805656309155, 31.456315329937066 ] ] ] } },
{ "type": "Feature", "properties": { "OBJECTID": 209126, "SHAPE_Leng": 102.47953257899999, "SHAPE_Area": 635.05187402399997, "Town": "Allama Iqbal Town", "UC_N0": "UC_116", "Landuse": "C", "KA": null, "Name": null, "Plot_No": "19", "Block": "A", "Plot_Size": "10M", "Road_Width": null, "Classifica": null, "Category": null, "MAP": null, "__source_file": "revenu.shp" }, "geometry": { "type": "Polygon", "coordinates": [ [ [ 74.278112158335276, 31.456545431270484 ], [ 74.278362174604879, 31.456712545860061 ], [ 74.27840809888977, 31.456658610021204 ], [ 74.278163707319521, 31.45648135028209 ], [ 74.278112158335276, 31.456545431270484 ] ] ] } },
{ "type": "Feature", "properties": { "OBJECTID": 209130, "SHAPE_Leng": 86.001771703599999, "SHAPE_Area": 409.85727146900001, "Town": "Allama Iqbal Town", "UC_N0": "UC_116", "Landuse": "R", "KA": null, "Name": null, "Plot_No": "24", "Block": "A", "Plot_Size": "10M", "Road_Width": null, "Classifica": null, "Category": null, "MAP": null, "__source_file": "revenu.shp" }, "geometry": { "type": "Polygon", "coordinates": [ [ [ 74.277805011711195, 31.456927244521211 ], [ 74.278058804846893, 31.457068836304142 ], [ 74.278097165745393, 31.457023783873602 ], [ 74.27784596693381, 31.456876333489831 ], [ 74.277805011711195, 31.456927244521211 ] ] ] } },
{ "type": "Feature", "properties": { "OBJECTID": 209131, "SHAPE_Leng": 97.133303915900001, "SHAPE_Area": 573.67043549100003, "Town": "Allama Iqbal Town", "UC_N0": "UC_116", "Landuse": "V", "KA": null, "Name": null, "Plot_No": "26", "Block": "A", "Plot_Size": "10M", "Road_Width": null, "Classifica": null, "Category": null, "MAP": null, "__source_file": "revenu.shp" }, "geometry": { "type": "Polygon", "coordinates": [ [ [ 74.277700808276222, 31.457056778725139 ], [ 74.277950303603419, 31.457196263890193 ], [ 74.278006061847165, 31.457130779505011 ], [ 74.277763211452381, 31.456979205936804 ], [ 74.277700808276222, 31.457056778725139 ] ] ] } },
{ "type": "Feature", "properties": { "OBJECTID": 208916, "SHAPE_Leng": 112.497722951, "SHAPE_Area": 790.04167132800001, "Town": "Allama Iqbal Town", "UC_N0": "UC_116", "Landuse": "V", "KA": null, "Name": null, "Plot_No": "29", "Block": "A", "Plot_Size": "10M", "Road_Width": null, "Classifica": null, "Category": null, "MAP": null, "__source_file": "revenu.shp" }, "geometry": { "type": "Polygon", "coordinates": [ [ [ 74.277498068590148, 31.457308801069178 ], [ 74.277747263618195, 31.45743472105271 ], [ 74.277774144712438, 31.45740315114088 ], [ 74.277818107551326, 31.457351519284625 ], [ 74.27758036918911, 31.457206494581232 ], [ 74.277498068590148, 31.457308801069178 ] ] ] } },
{ "type": "Feature", "properties": { "OBJECTID": 208916, "SHAPE_Leng": 112.497722951, "SHAPE_Area": 790.04167132800001, "Town": "Allama Iqbal Town", "UC_N0": "UC_116", "Landuse": "V", "KA": null, "Name": null, "Plot_No": "31", "Block": "A", "Plot_Size": "10M", "Road_Width": null, "Classifica": null, "Category": null, "MAP": null, "__source_file": "revenu.shp" }, "geometry": { "type": "Polygon", "coordinates": [ [ [ 74.277694403512442, 31.457496801365107 ], [ 74.277445598226805, 31.457374025947061 ], [ 74.277404574622508, 31.457425021503965 ], [ 74.2776419840214, 31.457558364466614 ], [ 74.277685254523718, 31.45750754616974 ], [ 74.277694403512442, 31.457496801365107 ] ] ] } },
{ "type": "Feature", "properties": { "OBJECTID": 209133, "SHAPE_Leng": 93.303235169000004, "SHAPE_Area": 534.34604523899998, "Town": "Allama Iqbal Town", "UC_N0": "UC_116", "Landuse": "R", "KA": null, "Name": null, "Plot_No": "33", "Block": "A", "Plot_Size": "10M", "Road_Width": null, "Classifica": null, "Category": null, "MAP": null, "__source_file": "revenu.shp" }, "geometry": { "type": "Polygon", "coordinates": [ [ [ 74.277289818724967, 31.457567671441357 ], [ 74.277521648692812, 31.457699688203071 ], [ 74.277579022342778, 31.457632307587673 ], [ 74.277353080463655, 31.457489032558335 ], [ 74.277289818724967, 31.457567671441357 ] ] ] } },
{ "type": "Feature", "properties": { "OBJECTID": 209120, "SHAPE_Leng": 103.891783571, "SHAPE_Area": 669.46236715199996, "Town": "Allama Iqbal Town", "UC_N0": "UC_116", "Landuse": "R", "KA": null, "Name": null, "Plot_No": "36", "Block": "A", "Plot_Size": "10M", "Road_Width": null, "Classifica": null, "Category": null, "MAP": null, "__source_file": "revenu.shp" }, "geometry": { "type": "Polygon", "coordinates": [ [ [ 74.277123060174517, 31.457761698907099 ], [ 74.277342814739058, 31.457909713167702 ], [ 74.277381079157138, 31.457864775210876 ], [ 74.277162336377771, 31.457726140913941 ], [ 74.277123060174517, 31.457761698907099 ] ] ] } },
{ "type": "Feature", "properties": { "OBJECTID": 209120, "SHAPE_Leng": 103.891783571, "SHAPE_Area": 669.46236715199996, "Town": "Allama Iqbal Town", "UC_N0": "UC_116", "Landuse": "R", "KA": null, "Name": null, "Plot_No": "38", "Block": "A", "Plot_Size": "10M", "Road_Width": null, "Classifica": null, "Category": null, "MAP": null, "__source_file": "revenu.shp" }, "geometry": { "type": "Polygon", "coordinates": [ [ [ 74.277034986556728, 31.457841434604141 ], [ 74.277259279216622, 31.458007817582036 ], [ 74.277288485382016, 31.457973517787682 ], [ 74.277072453320599, 31.457807514839441 ], [ 74.277034986556728, 31.457841434604141 ] ] ] } },
{ "type": "Feature", "properties": { "OBJECTID": 209120, "SHAPE_Leng": 103.891783571, "SHAPE_Area": 669.46236715199996, "Town": "Allama Iqbal Town", "UC_N0": "UC_116", "Landuse": "R", "KA": null, "Name": null, "Plot_No": "39", "Block": "A", "Plot_Size": "10M", "Road_Width": null, "Classifica": null, "Category": null, "MAP": null, "__source_file": "revenu.shp" }, "geometry": { "type": "Polygon", "coordinates": [ [ [ 74.277259279216622, 31.458007817582036 ], [ 74.277034986556728, 31.457841434604141 ], [ 74.276998487342027, 31.457874478383399 ], [ 74.277217351597685, 31.458057057426998 ], [ 74.277259279216622, 31.458007817582036 ] ] ] } },
{ "type": "Feature", "properties": { "OBJECTID": 209118, "SHAPE_Leng": 131.510393075, "SHAPE_Area": 828.65767421500004, "Town": "Allama Iqbal Town", "UC_N0": "UC_116", "Landuse": "R", "KA": null, "Name": null, "Plot_No": "1", "Block": "A", "Plot_Size": "10M", "Road_Width": null, "Classifica": null, "Category": null, "MAP": null, "__source_file": "revenu.shp" }, "geometry": { "type": "Polygon", "coordinates": [ [ [ 74.277089333325421, 31.458162742915729 ], [ 74.276923690898585, 31.458026716171766 ], [ 74.276839220741294, 31.458198642799328 ], [ 74.276829943965282, 31.458272858887948 ], [ 74.276825851699996, 31.458333815375859 ], [ 74.277089333325421, 31.458162742915729 ] ] ] } },
{ "type": "Feature", "properties": { "OBJECTID": 209118, "SHAPE_Leng": 131.510393075, "SHAPE_Area": 828.65767421500004, "Town": "Allama Iqbal Town", "UC_N0": "UC_116", "Landuse": "R", "KA": null, "Name": null, "Plot_No": "2", "Block": "A", "Plot_Size": "10M", "Road_Width": null, "Classifica": null, "Category": null, "MAP": null, "__source_file": "revenu.shp" }, "geometry": { "type": "Polygon", "coordinates": [ [ [ 74.277156588224912, 31.45811907569259 ], [ 74.276953735011645, 31.457965565612284 ], [ 74.276923690898585, 31.458026716171766 ], [ 74.277089333325421, 31.458162742915729 ], [ 74.277156588224912, 31.45811907569259 ] ] ] } },
{ "type": "Feature", "properties": { "OBJECTID": 160324, "SHAPE_Leng": 170.96443500300001, "SHAPE_Area": 1448.66535985, "Town": "Allama Iqbal Town", "UC_N0": "UC_120", "Landuse": "R", "KA": null, "Name": null, "Plot_No": "1", "Block": "B", "Plot_Size": null, "Road_Width": null, "Classifica": null, "Category": null, "MAP": null, "__source_file": "revenu.shp" }, "geometry": { "type": "Polygon", "coordinates": [ [ [ 74.288117894030094, 31.449778348586747 ], [ 74.288115075029495, 31.449733276753182 ], [ 74.287978652782172, 31.449737757063982 ], [ 74.287737175396259, 31.449740026949716 ], [ 74.287715623089397, 31.449739878467511 ], [ 74.287781454806137, 31.449801546870251 ], [ 74.288117894030094, 31.449778348586747 ] ] ] } },
{ "type": "Feature", "properties": { "OBJECTID": 160305, "SHAPE_Leng": 94.408084240600004, "SHAPE_Area": 530.53570330100001, "Town": "Allama Iqbal Town", "UC_N0": "UC_120", "Landuse": "R", "KA": null, "Name": null, "Plot_No": null, "Block": "B", "Plot_Size": "14K", "Road_Width": null, "Classifica": null, "Category": null, "MAP": null, "__source_file": "revenu.shp" }, "geometry": { "type": "Polygon", "coordinates": [ [ [ 74.287414033484382, 31.4468316831911 ], [ 74.287407708825029, 31.44696790357537 ], [ 74.287714885450185, 31.446969691061788 ], [ 74.287714289484256, 31.446836998025979 ], [ 74.287414033484382, 31.4468316831911 ] ] ] } },
{ "type": "Feature", "properties": { "OBJECTID": 160305, "SHAPE_Leng": 94.408084240600004, "SHAPE_Area": 530.53570330100001, "Town": "Allama Iqbal Town", "UC_N0": "UC_120", "Landuse": "R", "KA": null, "Name": null, "Plot_No": null, "Block": "B", "Plot_Size": "14K", "Road_Width": null, "Classifica": null, "Category": null, "MAP": null, "__source_file": "revenu.shp" }, "geometry": { "type": "Polygon", "coordinates": [ [ [ 74.287407708825029, 31.44696790357537 ], [ 74.287414033484382, 31.4468316831911 ], [ 74.287084144742209, 31.44682584301481 ], [ 74.287085209251032, 31.446867702492053 ], [ 74.287088219717262, 31.446986054029921 ], [ 74.28740660763971, 31.446991623237249 ], [ 74.287406713444042, 31.446967897781963 ], [ 74.287407708825029, 31.44696790357537 ] ] ] } },
{ "type": "Feature", "properties": { "OBJECTID": 160305, "SHAPE_Leng": 94.408084240600004, "SHAPE_Area": 530.53570330100001, "Town": "Allama Iqbal Town", "UC_N0": "UC_120", "Landuse": "R", "KA": null, "Name": null, "Plot_No": null, "Block": "B", "Plot_Size": "14K", "Road_Width": null, "Classifica": null, "Category": null, "MAP": null, "__source_file": "revenu.shp" }, "geometry": { "type": "Polygon", "coordinates": [ [ [ 74.287713452773232, 31.446650622622975 ], [ 74.287417063125943, 31.446644015342457 ], [ 74.287412960007913, 31.446786084231746 ], [ 74.287714106444881, 31.446796234266362 ], [ 74.287713452773232, 31.446650622622975 ] ] ] } },
{ "type": "Feature", "properties": { "OBJECTID": 160305, "SHAPE_Leng": 94.408084240600004, "SHAPE_Area": 530.53570330100001, "Town": "Allama Iqbal Town", "UC_N0": "UC_120", "Landuse": "R", "KA": null, "Name": null, "Plot_No": null, "Block": "B", "Plot_Size": "14K", "Road_Width": null, "Classifica": null, "Category": null, "MAP": null, "__source_file": "revenu.shp" }, "geometry": { "type": "Polygon", "coordinates": [ [ [ 74.287712348730992, 31.446405148349474 ], [ 74.287711646328788, 31.446248600087042 ], [ 74.287428665679641, 31.446242278211443 ], [ 74.287423925191447, 31.446406417651016 ], [ 74.287712348730992, 31.446405148349474 ] ] ] } },
{ "type": "Feature", "properties": { "OBJECTID": 160305, "SHAPE_Leng": 94.408084240600004, "SHAPE_Area": 530.53570330100001, "Town": "Allama Iqbal Town", "UC_N0": "UC_120", "Landuse": "R", "KA": null, "Name": null, "Plot_No": null, "Block": "B", "Plot_Size": "14K", "Road_Width": null, "Classifica": null, "Category": null, "MAP": null, "__source_file": "revenu.shp" }, "geometry": { "type": "Polygon", "coordinates": [ [ [ 74.287417063125943, 31.446644015342457 ], [ 74.287080450266217, 31.44663651055156 ], [ 74.287080395733767, 31.446678440818655 ], [ 74.287082351894625, 31.446755343160053 ], [ 74.287082850689544, 31.446774957197988 ], [ 74.287412960007913, 31.446786084231746 ], [ 74.287417063125943, 31.446644015342457 ] ] ] } },
{ "type": "Feature", "properties": { "OBJECTID": 160305, "SHAPE_Leng": 94.408084240600004, "SHAPE_Area": 530.53570330100001, "Town": "Allama Iqbal Town", "UC_N0": "UC_120", "Landuse": "R", "KA": null, "Name": null, "Plot_No": null, "Block": "B", "Plot_Size": "14K", "Road_Width": null, "Classifica": null, "Category": null, "MAP": null, "__source_file": "revenu.shp" }, "geometry": { "type": "Polygon", "coordinates": [ [ [ 74.287423925191447, 31.446406417651016 ], [ 74.287428665679641, 31.446242278211443 ], [ 74.287409965007825, 31.446241860410574 ], [ 74.287080972796574, 31.446234508214889 ], [ 74.287080746860013, 31.446407927072595 ], [ 74.287423925191447, 31.446406417651016 ] ] ] } },
{ "type": "Feature", "properties": { "OBJECTID": 160305, "SHAPE_Leng": 94.408084240600004, "SHAPE_Area": 530.53570330100001, "Town": "Allama Iqbal Town", "UC_N0": "UC_120", "Landuse": "R", "KA": null, "Name": null, "Plot_No": null, "Block": "B", "Plot_Size": "14K", "Road_Width": null, "Classifica": null, "Category": null, "MAP": null, "__source_file": "revenu.shp" }, "geometry": { "type": "Polygon", "coordinates": [ [ [ 74.287712348730992, 31.446405148349474 ], [ 74.287423925191447, 31.446406417651016 ], [ 74.287417063125943, 31.446644015342457 ], [ 74.287713452773232, 31.446650622622975 ], [ 74.28771311777858, 31.446575999563635 ], [ 74.287712379007075, 31.446411896164832 ], [ 74.287712348730992, 31.446405148349474 ] ] ] } }
]
}
