{
"type": "FeatureCollection",
"name": "westwood",
"crs": { "type": "name", "properties": { "name": "urn:ogc:def:crs:OGC:1.3:CRS84" } },
"features": [
{ "type": "Feature", "properties": { "OBJECTID": 178566, "SHAPE_Leng": 230.73807745799999, "SHAPE_Area": 2521.3160860200001, "Town": "Allama Iqbal Town", "UC_N0": "UC_119", "Landuse": null, "KA": null, "Name": null, "Plot_No": null, "__source_file": "west_wood.shp" }, "geometry": { "type": "Polygon", "coordinates": [ [ [ 74.237770878830716, 31.460438561176602 ], [ 74.237771518463617, 31.460277348874424 ], [ 74.23699358235551, 31.460280974335436 ], [ 74.236803280292804, 31.460282501929274 ], [ 74.23741577837572, 31.460714330370514 ], [ 74.237770878830716, 31.460438561176602 ] ] ] } },
{ "type": "Feature", "properties": { "OBJECTID": 211588, "SHAPE_Leng": 100.74834042499999, "SHAPE_Area": 555.24811877000002, "Town": "Allama Iqbal Town", "UC_N0": "UC_119", "Landuse": null, "KA": null, "Name": null, "Plot_No": null, "__source_file": "west_wood.shp" }, "geometry": { "type": "Polygon", "coordinates": [ [ [ 74.241544982162821, 31.466979388375378 ], [ 74.241375601692695, 31.466943490711309 ], [ 74.241281338524871, 31.467239682512311 ], [ 74.241445040544946, 31.467274935862246 ], [ 74.241544982162821, 31.466979388375378 ] ] ] } },
{ "type": "Feature", "properties": { "OBJECTID": 211589, "SHAPE_Leng": 102.009312253, "SHAPE_Area": 608.69997734200001, "Town": "Allama Iqbal Town", "UC_N0": "UC_119", "Landuse": null, "KA": null, "Name": null, "Plot_No": null, "__source_file": "west_wood.shp" }, "geometry": { "type": "Polygon", "coordinates": [ [ [ 74.241120058515847, 31.466889331924421 ], [ 74.240952305048594, 31.466853778069272 ], [ 74.240914245022097, 31.466923409147608 ], [ 74.240883296205681, 31.466995582640632 ], [ 74.240859686911634, 31.467069766156111 ], [ 74.240843591313165, 31.467145412473577 ], [ 74.241022711256377, 31.46718398681482 ], [ 74.241120058515847, 31.466889331924421 ] ] ] } },
{ "type": "Feature", "properties": { "OBJECTID": 211590, "SHAPE_Leng": 118.316207744, "SHAPE_Area": 855.17401160099996, "Town": "Allama Iqbal Town", "UC_N0": "UC_119", "Landuse": null, "KA": null, "Name": null, "Plot_No": null, "__source_file": "west_wood.shp" }, "geometry": { "type": "Polygon", "coordinates": [ [ [ 74.241375601692695, 31.466943490711309 ], [ 74.241120058515847, 31.466889331924421 ], [ 74.241022711256377, 31.46718398681482 ], [ 74.241281338524871, 31.467239682512311 ], [ 74.241375601692695, 31.466943490711309 ] ] ] } },
{ "type": "Feature", "properties": { "OBJECTID": 211591, "SHAPE_Leng": 97.108358265299998, "SHAPE_Area": 474.32469974999998, "Town": "Allama Iqbal Town", "UC_N0": "UC_119", "Landuse": null, "KA": null, "Name": null, "Plot_No": null, "__source_file": "west_wood.shp" }, "geometry": { "type": "Polygon", "coordinates": [ [ [ 74.241544982162821, 31.466979388375378 ], [ 74.241445040544946, 31.467274935862246 ], [ 74.241584039566476, 31.467304869360341 ], [ 74.241616448849072, 31.467205589708076 ], [ 74.241654901028326, 31.467107907254821 ], [ 74.241699289795875, 31.467012092015395 ], [ 74.241544982162821, 31.466979388375378 ] ] ] } },
{ "type": "Feature", "properties": { "OBJECTID": 211592, "SHAPE_Leng": 141.604292437, "SHAPE_Area": 974.77041262900002, "Town": "Allama Iqbal Town", "UC_N0": "UC_119", "Landuse": "C", "KA": null, "Name": null, "Plot_No": "3", "__source_file": "west_wood.shp" }, "geometry": { "type": "Polygon", "coordinates": [ [ [ 74.241511014921485, 31.466562713977563 ], [ 74.24139811099117, 31.466466366451638 ], [ 74.241257673070791, 31.466570304718189 ], [ 74.241122516251224, 31.466679265532417 ], [ 74.240992884841091, 31.466793051951694 ], [ 74.240967255817637, 31.466830103103309 ], [ 74.241204360662195, 31.466879494767444 ], [ 74.241511014921485, 31.466562713977563 ] ] ] } },
{ "type": "Feature", "properties": { "OBJECTID": 211593, "SHAPE_Leng": 62.798384214899997, "SHAPE_Area": 168.71227966000001, "Town": "Allama Iqbal Town", "UC_N0": "UC_119", "Landuse": "C", "KA": null, "Name": null, "Plot_No": "1", "__source_file": "west_wood.shp" }, "geometry": { "type": "Polygon", "coordinates": [ [ [ 74.241865604754494, 31.466740047768159 ], [ 74.241710120596977, 31.466662288565953 ], [ 74.24163106556756, 31.466744050564557 ], [ 74.241528610739266, 31.466850015807982 ], [ 74.241450527192043, 31.466930772961184 ], [ 74.24171287601763, 31.466985422591684 ], [ 74.24172652134871, 31.466959676337499 ], [ 74.241758306296404, 31.466903208684947 ], [ 74.241792180936912, 31.466847643282797 ], [ 74.241827893699167, 31.466793344286003 ], [ 74.241865604754494, 31.466740047768159 ] ] ] } },
{ "type": "Feature", "properties": { "OBJECTID": 211609, "SHAPE_Leng": 529.95258925300004, "SHAPE_Area": 1127.53688302, "Town": "Allama Iqbal Town", "UC_N0": "UC_119", "Landuse": "GB", "KA": null, "Name": null, "Plot_No": null, "__source_file": "west_wood.shp" }, "geometry": { "type": "Polygon", "coordinates": [ [ [ 74.238611140008686, 31.46229025659007 ], [ 74.236679682675572, 31.46392843388232 ], [ 74.236676804876723, 31.463930837391221 ], [ 74.236674429915254, 31.463933615417318 ], [ 74.236672623070433, 31.463936691602512 ], [ 74.236671434006084, 31.463939981393402 ], [ 74.236670895405425, 31.463943394365273 ], [ 74.236671022072784, 31.463946836707631 ], [ 74.236671810526573, 31.46395021380264 ], [ 74.23667323909504, 31.463953432825935 ], [ 74.236675268511988, 31.463956405297907 ], [ 74.236677842995917, 31.4639590495158 ], [ 74.236680891783422, 31.463961292799386 ], [ 74.236684331074102, 31.463963073488717 ], [ 74.236688066333983, 31.463964342638906 ], [ 74.236691994893945, 31.463965065365489 ], [ 74.236696008771716, 31.463965221803264 ], [ 74.236699997639917, 31.463964807652285 ], [ 74.236703851858607, 31.46396383429612 ], [ 74.236707465488877, 31.463962328488904 ], [ 74.236710739204796, 31.463960331619955 ], [ 74.236713583023445, 31.463957898576172 ], [ 74.237536488118451, 31.463255013227144 ], [ 74.238640773510227, 31.462319695412301 ], [ 74.238643034987987, 31.462317169213783 ], [ 74.238644789112527, 31.462314362334119 ], [ 74.238645989535257, 31.462311348938545 ], [ 74.238646604537834, 31.462308208649016 ], [ 74.23864661787033, 31.462305024440344 ], [ 74.238646029180515, 31.462301880447779 ], [ 74.238644854023207, 31.462298859744003 ], [ 74.238643123449222, 31.462296042143986 ], [ 74.238640883184985, 31.462293502096216 ], [ 74.238638192424247, 31.462291306715482 ], [ 74.238635122264057, 31.462289514009576 ], [ 74.238631753826198, 31.462288171346522 ], [ 74.238628176113721, 31.462287314203021 ], [ 74.238624483659265, 31.462286965227072 ], [ 74.23862096430976, 31.462287112238243 ], [ 74.238617513154367, 31.462287721226364 ], [ 74.238614212231596, 31.462288777715017 ], [ 74.238611140008686, 31.46229025659007 ] ] ] } },
{ "type": "Feature", "properties": { "OBJECTID": 211610, "SHAPE_Leng": 533.16805821200001, "SHAPE_Area": 1206.14040942, "Town": "Allama Iqbal Town", "UC_N0": "UC_119", "Landuse": "GB", "KA": null, "Name": null, "Plot_No": null, "__source_file": "west_wood.shp" }, "geometry": { "type": "Polygon", "coordinates": [ [ [ 74.236633084308153, 31.463886090974039 ], [ 74.238575209796991, 31.462247978707374 ], [ 74.238578565748725, 31.462246259417505 ], [ 74.238581548991505, 31.462244093338736 ], [ 74.238584079389298, 31.462241538656428 ], [ 74.238586088970408, 31.462238663994626 ], [ 74.238587523753381, 31.462235546572696 ], [ 74.238588345197059, 31.462232270131032 ], [ 74.238588531235806, 31.462228922681618 ], [ 74.238588076872318, 31.462225594143838 ], [ 74.238586994311788, 31.462222373929059 ], [ 74.2385853126341, 31.462219348538863 ], [ 74.23858307701262, 31.462216599241447 ], [ 74.238580347500758, 31.462214199888564 ], [ 74.23857719741882, 31.46221221493176 ], [ 74.238573711384475, 31.46221069769101 ], [ 74.238569983039781, 31.462209688922517 ], [ 74.238566112535636, 31.462209215723853 ], [ 74.238562165424199, 31.462209294146376 ], [ 74.238558287466262, 31.462209929550525 ], [ 74.238554584893222, 31.462211104530301 ], [ 74.23855115913203, 31.462212786898732 ], [ 74.238548104026734, 31.462214930569612 ], [ 74.238545503267858, 31.462217476819987 ], [ 74.238543428099661, 31.462220355898811 ], [ 74.236599213687725, 31.463852968833791 ], [ 74.236596558268531, 31.463855988821415 ], [ 74.236594539921768, 31.463859351549992 ], [ 74.236593217311437, 31.463862959280743 ], [ 74.236592628879677, 31.46386670715383 ], [ 74.236592791729578, 31.463870486236083 ], [ 74.236593701127902, 31.463874186687214 ], [ 74.236595330642785, 31.463877700952391 ], [ 74.236597632911923, 31.463880926888326 ], [ 74.236600541019143, 31.463883770732075 ], [ 74.236603970439333, 31.463886149826351 ], [ 74.236607821495284, 31.463887995021963 ], [ 74.236611982254715, 31.463889252687657 ], [ 74.236616331783736, 31.463889886268927 ], [ 74.236620743661746, 31.463889877350525 ], [ 74.236625089655973, 31.463889226191665 ], [ 74.236629243448576, 31.463887951718494 ], [ 74.236633084308153, 31.463886090974039 ] ] ] } },
{ "type": "Feature", "properties": { "OBJECTID": 211611, "SHAPE_Leng": 152.60570158300001, "SHAPE_Area": 385.75123916899997, "Town": "Allama Iqbal Town", "UC_N0": "UC_119", "Landuse": "GB", "KA": null, "Name": null, "Plot_No": null, "__source_file": "west_wood.shp" }, "geometry": { "type": "Polygon", "coordinates": [ [ [ 74.23767135139687, 31.463210420899088 ], [ 74.238179956411145, 31.463640192667679 ], [ 74.238183176815767, 31.463643372685482 ], [ 74.238186989866321, 31.463646027864193 ], [ 74.238191280839771, 31.463648078317551 ], [ 74.238195920633785, 31.463649462353676 ], [ 74.238200769651087, 31.463650138331083 ], [ 74.238205681999446, 31.463650085911699 ], [ 74.238210509881227, 31.463649306672622 ], [ 74.238215108040123, 31.463647824058825 ], [ 74.238219338131529, 31.46364568267763 ], [ 74.23822307288485, 31.463642946956693 ], [ 74.238226199932782, 31.46363969920554 ], [ 74.23822862519205, 31.463636037139118 ], [ 74.238230275694036, 31.463632070937827 ], [ 74.238231101780315, 31.463627919932588 ], [ 74.238231078596542, 31.463623709014449 ], [ 74.238230206840399, 31.463619564877071 ], [ 74.238228512740449, 31.463615612204848 ], [ 74.238226047267048, 31.463611969921573 ], [ 74.238222884598841, 31.463608747612366 ], [ 74.237708629136463, 31.463174064970744 ], [ 74.237705018073541, 31.463172799390545 ], [ 74.237701242709974, 31.463171956751644 ], [ 74.237697370135265, 31.46317155202799 ], [ 74.237692405817839, 31.463171681433355 ], [ 74.237687538517619, 31.463172528515877 ], [ 74.237682908417767, 31.463174068878718 ], [ 74.23767864886986, 31.463176258157873 ], [ 74.237674882553222, 31.463179033299895 ], [ 74.237671717941609, 31.463182314377871 ], [ 74.237669246179138, 31.463186006893423 ], [ 74.23766753845517, 31.463190004498323 ], [ 74.237666643954014, 31.463194192057461 ], [ 74.237666588438316, 31.46319844896485 ], [ 74.237667373507094, 31.463202652617159 ], [ 74.237668976549671, 31.463206681944836 ], [ 74.23767135139687, 31.463210420899088 ] ] ] } },
{ "type": "Feature", "properties": { "OBJECTID": 211612, "SHAPE_Leng": 155.946249779, "SHAPE_Area": 452.11657319, "Town": "Allama Iqbal Town", "UC_N0": "UC_119", "Landuse": "GB", "KA": null, "Name": null, "Plot_No": null, "__source_file": "west_wood.shp" }, "geometry": { "type": "Polygon", "coordinates": [ [ [ 74.237763095165846, 31.463123179123855 ], [ 74.238269206904917, 31.463574623286984 ], [ 74.238274449927971, 31.463577102734103 ], [ 74.238280100217352, 31.463578802179764 ], [ 74.238286001147273, 31.463579674515422 ], [ 74.238291989144201, 31.463579695559957 ], [ 74.238297898221106, 31.463578864730017 ], [ 74.238303564578615, 31.463577205056161 ], [ 74.238308831145559, 31.463574762544486 ], [ 74.238313551932961, 31.463571604901311 ], [ 74.238317596080876, 31.463567819656348 ], [ 74.238320851485796, 31.463563511736407 ], [ 74.238323227908182, 31.463558800556804 ], [ 74.238324659473875, 31.463553816711158 ], [ 74.238325106500113, 31.463548698351381 ], [ 74.238324556595529, 31.463543587358089 ], [ 74.238323025003581, 31.463538625407629 ], [ 74.23780608251468, 31.463084418447995 ], [ 74.237802331702795, 31.463083275480567 ], [ 74.237798448628652, 31.463082524119102 ], [ 74.2377944887251, 31.463082175089664 ], [ 74.23778876671912, 31.463082388069285 ], [ 74.237783171813035, 31.463083437911457 ], [ 74.237777869340675, 31.463085293592492 ], [ 74.237773015994264, 31.463087900275557 ], [ 74.237768755193997, 31.463091180931162 ], [ 74.237765212849965, 31.463095038613314 ], [ 74.237762493641284, 31.463099359324517 ], [ 74.237760677922836, 31.463104015384292 ], [ 74.237759819350714, 31.463108869202397 ], [ 74.237759943296524, 31.463113777344606 ], [ 74.237761046097759, 31.46311859477138 ], [ 74.237763095165846, 31.463123179123855 ] ] ] } },
{ "type": "Feature", "properties": { "OBJECTID": 213976, "SHAPE_Leng": 123.580322486, "SHAPE_Area": 888.32397651700001, "Town": "Allama Iqbal Town", "UC_N0": "UC_119", "Landuse": "R", "KA": null, "Name": null, "Plot_No": "9", "__source_file": "west_wood.shp" }, "geometry": { "type": "Polygon", "coordinates": [ [ [ 74.239384600620625, 31.466847252527895 ], [ 74.239091655707824, 31.467087942342772 ], [ 74.239255128734243, 31.467235720250887 ], [ 74.239557949604361, 31.466992002221907 ], [ 74.239384600620625, 31.466847252527895 ] ] ] } },
{ "type": "Feature", "properties": { "OBJECTID": 230083, "SHAPE_Leng": 84.534054932999993, "SHAPE_Area": 409.86035373, "Town": "Allama Iqbal Town", "UC_N0": "UC_119", "Landuse": "R", "KA": null, "Name": null, "Plot_No": "70A", "__source_file": "west_wood.shp" }, "geometry": { "type": "Polygon", "coordinates": [ [ [ 74.237771604292163, 31.464514900786668 ], [ 74.237658433134484, 31.464417494610977 ], [ 74.237459154095745, 31.464595063272032 ], [ 74.237571555109369, 31.464688919308855 ], [ 74.237771604292163, 31.464514900786668 ] ] ] } },
{ "type": "Feature", "properties": { "OBJECTID": 230084, "SHAPE_Leng": 84.7547906681, "SHAPE_Area": 410.06334963799998, "Town": "Allama Iqbal Town", "UC_N0": "UC_119", "Landuse": "R", "KA": null, "Name": null, "Plot_No": "71", "__source_file": "west_wood.shp" }, "geometry": { "type": "Polygon", "coordinates": [ [ [ 74.237658433134484, 31.464417494610977 ], [ 74.237549710978755, 31.464323917686031 ], [ 74.237344010934194, 31.464498917210072 ], [ 74.237459154095745, 31.464595063272032 ], [ 74.237658433134484, 31.464417494610977 ] ] ] } },
{ "type": "Feature", "properties": { "OBJECTID": 230085, "SHAPE_Leng": 84.388727567800004, "SHAPE_Area": 415.89794895699998, "Town": "Allama Iqbal Town", "UC_N0": "UC_119", "Landuse": "R", "KA": null, "Name": null, "Plot_No": "68", "__source_file": "west_wood.shp" }, "geometry": { "type": "Polygon", "coordinates": [ [ [ 74.238116393792453, 31.464811656701922 ], [ 74.23799984663475, 31.464711346339673 ], [ 74.237805770607167, 31.464884491328043 ], [ 74.237924196600147, 31.464983377612739 ], [ 74.238116393792453, 31.464811656701922 ] ] ] } },
{ "type": "Feature", "properties": { "OBJECTID": 230086, "SHAPE_Leng": 85.399750213800004, "SHAPE_Area": 426.78656235699998, "Town": "Allama Iqbal Town", "UC_N0": "UC_119", "Landuse": "R", "KA": null, "Name": null, "Plot_No": "69", "__source_file": "west_wood.shp" }, "geometry": { "type": "Polygon", "coordinates": [ [ [ 74.23799984663475, 31.464711346339673 ], [ 74.237881647108665, 31.464609613160647 ], [ 74.237685003952024, 31.464783650324168 ], [ 74.237805770607167, 31.464884491328043 ], [ 74.23799984663475, 31.464711346339673 ] ] ] } },
{ "type": "Feature", "properties": { "OBJECTID": 230087, "SHAPE_Leng": 87.366339213399996, "SHAPE_Area": 444.89660195, "Town": "Allama Iqbal Town", "UC_N0": "UC_119", "Landuse": "R", "KA": null, "Name": null, "Plot_No": "87", "__source_file": "west_wood.shp" }, "geometry": { "type": "Polygon", "coordinates": [ [ [ 74.238543033912322, 31.464827395663576 ], [ 74.238425255792322, 31.464725525642507 ], [ 74.238217821879076, 31.464898954511423 ], [ 74.23833999535168, 31.465004106978348 ], [ 74.238543033912322, 31.464827395663576 ] ] ] } },
{ "type": "Feature", "properties": { "OBJECTID": 230088, "SHAPE_Leng": 120.42830092299999, "SHAPE_Area": 860.54218673299999, "Town": "Allama Iqbal Town", "UC_N0": "UC_119", "Landuse": "V", "KA": null, "Name": null, "Plot_No": "29", "__source_file": "west_wood.shp" }, "geometry": { "type": "Polygon", "coordinates": [ [ [ 74.237012034984559, 31.464333378764916 ], [ 74.236838920793687, 31.464185177857431 ], [ 74.236712149395146, 31.464298854131641 ], [ 74.236570603658706, 31.464425779023671 ], [ 74.236745745034042, 31.464574924967696 ], [ 74.237012034984559, 31.464333378764916 ] ] ] } },
{ "type": "Feature", "properties": { "OBJECTID": 230089, "SHAPE_Leng": 103.784663135, "SHAPE_Area": 557.81831364899995, "Town": "Allama Iqbal Town", "UC_N0": "UC_119", "Landuse": "R", "KA": null, "Name": null, "Plot_No": "36", "__source_file": "west_wood.shp" }, "geometry": { "type": "Polygon", "coordinates": [ [ [ 74.238036436229294, 31.465210342303731 ], [ 74.237925492617904, 31.465115367569229 ], [ 74.237657058765237, 31.46535247568475 ], [ 74.237771992724888, 31.465452133467728 ], [ 74.238036436229294, 31.465210342303731 ] ] ] } },
{ "type": "Feature", "properties": { "OBJECTID": 230090, "SHAPE_Leng": 105.284855462, "SHAPE_Area": 587.11024832099997, "Town": "Allama Iqbal Town", "UC_N0": "UC_119", "Landuse": "R", "KA": null, "Name": null, "Plot_No": "35", "__source_file": "west_wood.shp" }, "geometry": { "type": "Polygon", "coordinates": [ [ [ 74.237925492617904, 31.465115367569229 ], [ 74.237804441814333, 31.465011739831318 ], [ 74.237539530261486, 31.465250886936733 ], [ 74.237560080353475, 31.465268386965295 ], [ 74.237581246672434, 31.465286740551299 ], [ 74.237657058765237, 31.46535247568475 ], [ 74.237925492617904, 31.465115367569229 ] ] ] } },
{ "type": "Feature", "properties": { "OBJECTID": 230091, "SHAPE_Leng": 105.382447525, "SHAPE_Area": 589.45481453699995, "Town": "Allama Iqbal Town", "UC_N0": "UC_119", "Landuse": "R", "KA": null, "Name": null, "Plot_No": "34", "__source_file": "west_wood.shp" }, "geometry": { "type": "Polygon", "coordinates": [ [ [ 74.237804441814347, 31.46501173983134 ], [ 74.237685971828384, 31.464910321655744 ], [ 74.237417550079272, 31.465147014169698 ], [ 74.237429052451972, 31.465156809553488 ], [ 74.2375395302615, 31.465250886936747 ], [ 74.237804441814347, 31.46501173983134 ] ] ] } },
{ "type": "Feature", "properties": { "OBJECTID": 230092, "SHAPE_Leng": 111.026187678, "SHAPE_Area": 691.78952454700004, "Town": "Allama Iqbal Town", "UC_N0": "UC_119", "Landuse": "R", "KA": null, "Name": null, "Plot_No": "33", "__source_file": "west_wood.shp" }, "geometry": { "type": "Polygon", "coordinates": [ [ [ 74.237685971828384, 31.464910321655744 ], [ 74.237550364866806, 31.464794234040067 ], [ 74.237521847786383, 31.464769819817501 ], [ 74.237498121405764, 31.464749508396707 ], [ 74.23724112123007, 31.46499677340735 ], [ 74.237248344984963, 31.465002925195378 ], [ 74.237271310184653, 31.465022482679224 ], [ 74.237417550079272, 31.465147014169698 ], [ 74.237685971828384, 31.464910321655744 ] ] ] } },
{ "type": "Feature", "properties": { "OBJECTID": 230093, "SHAPE_Leng": 115.56142787899999, "SHAPE_Area": 771.71958332300005, "Town": "Allama Iqbal Town", "UC_N0": "UC_119", "Landuse": "R", "KA": null, "Name": null, "Plot_No": "37", "__source_file": "west_wood.shp" }, "geometry": { "type": "Polygon", "coordinates": [ [ [ 74.238193529115563, 31.465344822758098 ], [ 74.238036436229294, 31.465210342303731 ], [ 74.237771992724888, 31.465452133467728 ], [ 74.237774611080766, 31.465454404604689 ], [ 74.237926434500963, 31.465586048109905 ], [ 74.238193529115563, 31.465344822758098 ] ] ] } },
{ "type": "Feature", "properties": { "OBJECTID": 230094, "SHAPE_Leng": 124.252227823, "SHAPE_Area": 929.38500575900002, "Town": "Allama Iqbal Town", "UC_N0": "UC_119", "Landuse": "R", "KA": null, "Name": null, "Plot_No": "38", "__source_file": "west_wood.shp" }, "geometry": { "type": "Polygon", "coordinates": [ [ [ 74.238378021153011, 31.465502758615873 ], [ 74.238193529115563, 31.465344822758098 ], [ 74.237926434500963, 31.465586048109905 ], [ 74.238115602374236, 31.465750071480418 ], [ 74.238378021153011, 31.465502758615873 ] ] ] } },
{ "type": "Feature", "properties": { "OBJECTID": 230095, "SHAPE_Leng": 170.37356312899999, "SHAPE_Area": 1783.7686468500001, "Town": "Allama Iqbal Town", "UC_N0": "UC_119", "Landuse": "V", "KA": null, "Name": null, "Plot_No": "39", "__source_file": "west_wood.shp" }, "geometry": { "type": "Polygon", "coordinates": [ [ [ 74.23856826941325, 31.465665619652707 ], [ 74.238378020981273, 31.46550275925981 ], [ 74.238115603531583, 31.465750072635334 ], [ 74.238133931340471, 31.465765962830705 ], [ 74.238296400688526, 31.465906836874861 ], [ 74.238465687351678, 31.46605362086779 ], [ 74.238740657893203, 31.465813193773371 ], [ 74.23856826941325, 31.465665619652707 ] ] ] } },
{ "type": "Feature", "properties": { "OBJECTID": 230096, "SHAPE_Leng": 117.397682456, "SHAPE_Area": 791.08741036000004, "Town": "Allama Iqbal Town", "UC_N0": "UC_119", "Landuse": "R", "KA": null, "Name": null, "Plot_No": "21", "__source_file": "west_wood.shp" }, "geometry": { "type": "Polygon", "coordinates": [ [ [ 74.237581246672434, 31.465286740551299 ], [ 74.237560080353475, 31.465268386965295 ], [ 74.237539530261486, 31.465250886936733 ], [ 74.237429052451958, 31.465156809553473 ], [ 74.237149067361486, 31.4653985582922 ], [ 74.237296656919881, 31.465523887934168 ], [ 74.237309950244324, 31.465535176298086 ], [ 74.237581246672434, 31.465286740551299 ] ] ] } },
{ "type": "Feature", "properties": { "OBJECTID": 230097, "SHAPE_Leng": 121.433710201, "SHAPE_Area": 847.18671933799999, "Town": "Allama Iqbal Town", "UC_N0": "UC_119", "Landuse": "R", "KA": null, "Name": null, "Plot_No": "17", "__source_file": "west_wood.shp" }, "geometry": { "type": "Polygon", "coordinates": [ [ [ 74.238296399381596, 31.465906836038876 ], [ 74.238133929990013, 31.46576596216627 ], [ 74.237849188602752, 31.466013888685044 ], [ 74.238002601681146, 31.466157192835272 ], [ 74.238296399381596, 31.465906836038876 ] ] ] } },
{ "type": "Feature", "properties": { "OBJECTID": 230098, "SHAPE_Leng": 125.884563496, "SHAPE_Area": 920.57611516500003, "Town": "Allama Iqbal Town", "UC_N0": "UC_119", "Landuse": "R", "KA": null, "Name": null, "Plot_No": "16", "__source_file": "west_wood.shp" }, "geometry": { "type": "Polygon", "coordinates": [ [ [ 74.238465687545855, 31.466053621008154 ], [ 74.238296399381596, 31.465906836038876 ], [ 74.238002601681146, 31.466157192835272 ], [ 74.238169226551165, 31.466312838387065 ], [ 74.238465687545855, 31.466053621008154 ] ] ] } },
{ "type": "Feature", "properties": { "OBJECTID": 230099, "SHAPE_Leng": 126.208518986, "SHAPE_Area": 958.99286933300004, "Town": "Allama Iqbal Town", "UC_N0": "UC_119", "Landuse": "R", "KA": null, "Name": null, "Plot_No": "20", "__source_file": "west_wood.shp" }, "geometry": { "type": "Polygon", "coordinates": [ [ [ 74.237774611080766, 31.465454404604689 ], [ 74.237771992724888, 31.465452133467728 ], [ 74.237657058765237, 31.46535247568475 ], [ 74.237581246672434, 31.465286740551299 ], [ 74.237309950244324, 31.465535176298086 ], [ 74.237496363412674, 31.465693474914588 ], [ 74.237774611080766, 31.465454404604689 ] ] ] } },
{ "type": "Feature", "properties": { "OBJECTID": 230100, "SHAPE_Leng": 173.39594566, "SHAPE_Area": 1837.8549603900001, "Town": "Allama Iqbal Town", "UC_N0": "UC_119", "Landuse": "R", "KA": null, "Name": null, "Plot_No": "18", "__source_file": "west_wood.shp" }, "geometry": { "type": "Polygon", "coordinates": [ [ [ 74.237926434500977, 31.465586048109905 ], [ 74.237662444923316, 31.465839448807866 ], [ 74.237849188602766, 31.46601388868508 ], [ 74.238133929990013, 31.465765962166287 ], [ 74.238115602374236, 31.465750071480439 ], [ 74.237926434500977, 31.465586048109905 ] ] ] } },
{ "type": "Feature", "properties": { "OBJECTID": 230101, "SHAPE_Leng": 85.606285277400005, "SHAPE_Area": 441.93393221299999, "Town": "Allama Iqbal Town", "UC_N0": "UC_119", "Landuse": "R", "KA": null, "Name": null, "Plot_No": "28", "__source_file": "west_wood.shp" }, "geometry": { "type": "Polygon", "coordinates": [ [ [ 74.236838920793687, 31.464185177857431 ], [ 74.236650168898365, 31.464023589277122 ], [ 74.236522968626886, 31.4641361768339 ], [ 74.236379571983562, 31.464263099302308 ], [ 74.236570603658706, 31.464425779023671 ], [ 74.236712149395146, 31.464298854131641 ], [ 74.236838920793687, 31.464185177857431 ] ] ] } },
{ "type": "Feature", "properties": { "OBJECTID": 232347, "SHAPE_Leng": 118.611873921, "SHAPE_Area": 807.22723781100001, "Town": "Allama Iqbal Town", "UC_N0": "UC_119", "Landuse": "R", "KA": null, "Name": null, "Plot_No": "10", "__source_file": "west_wood.shp" }, "geometry": { "type": "Polygon", "coordinates": [ [ [ 74.239384600620625, 31.466847252527895 ], [ 74.239222463605586, 31.466711865694986 ], [ 74.238940682097891, 31.46695146394514 ], [ 74.239091655707824, 31.467087942342772 ], [ 74.239384600620625, 31.466847252527895 ] ] ] } },
{ "type": "Feature", "properties": { "OBJECTID": 232348, "SHAPE_Leng": 271.13406936500002, "SHAPE_Area": 4462.0762666199998, "Town": "Allama Iqbal Town", "UC_N0": "UC_119", "Landuse": null, "KA": null, "Name": null, "Plot_No": null, "__source_file": "west_wood.shp" }, "geometry": { "type": "Polygon", "coordinates": [ [ [ 74.240003427254521, 31.467521189189661 ], [ 74.240038591325956, 31.467508094303415 ], [ 74.239943792906871, 31.467435997998024 ], [ 74.239865280177725, 31.467376287186074 ], [ 74.239935435040721, 31.467279398671835 ], [ 74.240032354306749, 31.467145546342888 ], [ 74.23998788724488, 31.467106797977095 ], [ 74.239742886734575, 31.467405475880739 ], [ 74.239598597655558, 31.46727066665439 ], [ 74.23944631378788, 31.467408548537367 ], [ 74.239586873854734, 31.467535612048056 ], [ 74.240003427254521, 31.467521189189661 ] ] ] } },
{ "type": "Feature", "properties": { "OBJECTID": 270716, "SHAPE_Leng": 119.70090976100001, "SHAPE_Area": 848.83147376399995, "Town": "Allama Iqbal Town", "UC_N0": "UC_119", "Landuse": "R", "KA": null, "Name": null, "Plot_No": "31", "__source_file": "west_wood.shp" }, "geometry": { "type": "Polygon", "coordinates": [ [ [ 74.237360414086382, 31.464631621152101 ], [ 74.237183696840162, 31.464480336545872 ], [ 74.236919698315077, 31.46472305971751 ], [ 74.237087633176969, 31.464866068082411 ], [ 74.237360414086382, 31.464631621152101 ] ] ] } },
{ "type": "Feature", "properties": { "OBJECTID": 277548, "SHAPE_Leng": 121.682926999, "SHAPE_Area": 892.71369491799999, "Town": "Allama Iqbal Town", "UC_N0": "UC_119", "Landuse": "R", "KA": null, "Name": null, "Plot_No": "14", "__source_file": "west_wood.shp" }, "geometry": { "type": "Polygon", "coordinates": [ [ [ 74.238616494596215, 31.466204976135359 ], [ 74.238349207997501, 31.466436789585657 ], [ 74.238439577095122, 31.466515425167689 ], [ 74.238713285290771, 31.466285941716652 ], [ 74.238616494596215, 31.466204976135359 ] ] ] } },
{ "type": "Feature", "properties": { "OBJECTID": 277549, "SHAPE_Leng": 121.78290345400001, "SHAPE_Area": 885.15668848500002, "Town": "Allama Iqbal Town", "UC_N0": "UC_119", "Landuse": "R", "KA": null, "Name": null, "Plot_No": "44", "__source_file": "west_wood.shp" }, "geometry": { "type": "Polygon", "coordinates": [ [ [ 74.239496838194512, 31.466478563617432 ], [ 74.239316858269859, 31.46632320583717 ], [ 74.23904389942409, 31.466562498572074 ], [ 74.239222463605586, 31.466711865694986 ], [ 74.239496838194512, 31.466478563617432 ] ] ] } },
{ "type": "Feature", "properties": { "OBJECTID": 277550, "SHAPE_Leng": 120.066871572, "SHAPE_Area": 843.03073918699999, "Town": "Allama Iqbal Town", "UC_N0": "UC_119", "Landuse": "R", "KA": null, "Name": null, "Plot_No": "42", "__source_file": "west_wood.shp" }, "geometry": { "type": "Polygon", "coordinates": [ [ [ 74.239166130846485, 31.466193097935804 ], [ 74.238997565700714, 31.466047592114744 ], [ 74.238713285290771, 31.466285941716638 ], [ 74.238879877069408, 31.466425295664287 ], [ 74.239166130846485, 31.466193097935804 ] ] ] } },
{ "type": "Feature", "properties": { "OBJECTID": 277551, "SHAPE_Leng": 125.697323723, "SHAPE_Area": 944.46401154900002, "Town": "Allama Iqbal Town", "UC_N0": "UC_119", "Landuse": "R", "KA": null, "Name": null, "Plot_No": "41", "__source_file": "west_wood.shp" }, "geometry": { "type": "Polygon", "coordinates": [ [ [ 74.238900479055118, 31.465963785846032 ], [ 74.238616494596215, 31.466204976135359 ], [ 74.238713285290771, 31.466285941716652 ], [ 74.238997565700728, 31.46604759211473 ], [ 74.238900479055118, 31.465963785846032 ] ] ] } },
{ "type": "Feature", "properties": { "OBJECTID": 277552, "SHAPE_Leng": 116.81008999, "SHAPE_Area": 797.85214502099996, "Town": "Allama Iqbal Town", "UC_N0": "UC_119", "Landuse": "R", "KA": null, "Name": null, "Plot_No": "13", "__source_file": "west_wood.shp" }, "geometry": { "type": "Polygon", "coordinates": [ [ [ 74.238879877069408, 31.466425295664287 ], [ 74.238713285290771, 31.466285941716638 ], [ 74.238439577095122, 31.466515425167671 ], [ 74.238598394171518, 31.46665362170187 ], [ 74.238879877069408, 31.466425295664287 ] ] ] } },
{ "type": "Feature", "properties": { "OBJECTID": 277553, "SHAPE_Leng": 118.986391316, "SHAPE_Area": 831.541727487, "Town": "Allama Iqbal Town", "UC_N0": "UC_119", "Landuse": "R", "KA": null, "Name": null, "Plot_No": "12", "__source_file": "west_wood.shp" }, "geometry": { "type": "Polygon", "coordinates": [ [ [ 74.23904389942409, 31.466562498572074 ], [ 74.238879877069408, 31.466425295664287 ], [ 74.238598394171518, 31.46665362170187 ], [ 74.238769375329269, 31.466802401222651 ], [ 74.23904389942409, 31.466562498572074 ] ] ] } },
{ "type": "Feature", "properties": { "OBJECTID": 277554, "SHAPE_Leng": 121.850643183, "SHAPE_Area": 878.70326446199999, "Town": "Allama Iqbal Town", "UC_N0": "UC_119", "Landuse": "R", "KA": null, "Name": null, "Plot_No": "11", "__source_file": "west_wood.shp" }, "geometry": { "type": "Polygon", "coordinates": [ [ [ 74.239222463605586, 31.466711865694986 ], [ 74.23904389942409, 31.466562498572074 ], [ 74.238769375329269, 31.466802401222651 ], [ 74.238940682097891, 31.46695146394514 ], [ 74.239222463605586, 31.466711865694986 ] ] ] } },
{ "type": "Feature", "properties": { "OBJECTID": 277555, "SHAPE_Leng": 116.63382079900001, "SHAPE_Area": 784.20623295200005, "Town": "Allama Iqbal Town", "UC_N0": "UC_119", "Landuse": "R", "KA": null, "Name": null, "Plot_No": "43", "__source_file": "west_wood.shp" }, "geometry": { "type": "Polygon", "coordinates": [ [ [ 74.239316858269859, 31.46632320583717 ], [ 74.239166130846485, 31.466193097935804 ], [ 74.238879877069408, 31.466425295664287 ], [ 74.23904389942409, 31.466562498572074 ], [ 74.239316858269859, 31.46632320583717 ] ] ] } },
{ "type": "Feature", "properties": { "OBJECTID": 277556, "SHAPE_Leng": 119.963528057, "SHAPE_Area": 852.59118807200002, "Town": "Allama Iqbal Town", "UC_N0": "UC_119", "Landuse": "R", "KA": null, "Name": null, "Plot_No": "30", "__source_file": "west_wood.shp" }, "geometry": { "type": "Polygon", "coordinates": [ [ [ 74.237183696840148, 31.464480336545865 ], [ 74.237012034984545, 31.464333378764916 ], [ 74.236745745034028, 31.464574924967714 ], [ 74.236919698315063, 31.46472305971751 ], [ 74.237183696840148, 31.464480336545865 ] ] ] } },
{ "type": "Feature", "properties": { "OBJECTID": 277557, "SHAPE_Leng": 92.568604325500004, "SHAPE_Area": 500.06827507899999, "Town": "Allama Iqbal Town", "UC_N0": "UC_119", "Landuse": "R", "KA": null, "Name": null, "Plot_No": "95", "__source_file": "west_wood.shp" }, "geometry": { "type": "Polygon", "coordinates": [ [ [ 74.239347973148512, 31.465525283443416 ], [ 74.239135109694757, 31.465714219303699 ], [ 74.239205747178104, 31.465773144822517 ], [ 74.239422772618312, 31.465589680911201 ], [ 74.239347973148512, 31.465525283443416 ] ] ] } },
{ "type": "Feature", "properties": { "OBJECTID": 277559, "SHAPE_Leng": 83.841942238200005, "SHAPE_Area": 381.52447109600001, "Town": "Allama Iqbal Town", "UC_N0": "UC_119", "Landuse": "R", "KA": null, "Name": null, "Plot_No": "50", "__source_file": "west_wood.shp" }, "geometry": { "type": "Polygon", "coordinates": [ [ [ 74.24006017393134, 31.466485901627898 ], [ 74.239847657267859, 31.466667945243859 ], [ 74.239903908757924, 31.466716676703985 ], [ 74.240115720946974, 31.466532237886685 ], [ 74.24006017393134, 31.466485901627898 ] ] ] } },
{ "type": "Feature", "properties": { "OBJECTID": 277561, "SHAPE_Leng": 88.973864880099995, "SHAPE_Area": 458.194269916, "Town": "Allama Iqbal Town", "UC_N0": "UC_119", "Landuse": "R", "KA": null, "Name": null, "Plot_No": "52", "__source_file": "west_wood.shp" }, "geometry": { "type": "Polygon", "coordinates": [ [ [ 74.240013541134672, 31.466447001386708 ], [ 74.239899062578786, 31.466351504828982 ], [ 74.239894995349445, 31.466348111794328 ], [ 74.23968282718711, 31.466525149929144 ], [ 74.239806384895004, 31.466632190356954 ], [ 74.240013541134672, 31.466447001386708 ] ] ] } },
{ "type": "Feature", "properties": { "OBJECTID": 277562, "SHAPE_Leng": 81.786171853200003, "SHAPE_Area": 372.85219094899998, "Town": "Allama Iqbal Town", "UC_N0": "UC_119", "Landuse": "R", "KA": null, "Name": null, "Plot_No": "103", "__source_file": "west_wood.shp" }, "geometry": { "type": "Polygon", "coordinates": [ [ [ 74.24031551333141, 31.466358263529141 ], [ 74.240212250506715, 31.466269363157867 ], [ 74.240013541134672, 31.466447001386733 ], [ 74.24006017393134, 31.466485901627898 ], [ 74.240115720946974, 31.466532237886685 ], [ 74.24031551333141, 31.466358263529141 ] ] ] } },
{ "type": "Feature", "properties": { "OBJECTID": 277563, "SHAPE_Leng": 85.001136123799995, "SHAPE_Area": 413.76074810699998, "Town": "Allama Iqbal Town", "UC_N0": "UC_119", "Landuse": "R", "KA": null, "Name": null, "Plot_No": "102", "__source_file": "west_wood.shp" }, "geometry": { "type": "Polygon", "coordinates": [ [ [ 74.240212250506701, 31.466269363157853 ], [ 74.24010060741648, 31.466173247536428 ], [ 74.239899062578786, 31.466351504828982 ], [ 74.240013541134672, 31.466447001386708 ], [ 74.240212250506701, 31.466269363157853 ] ] ] } },
{ "type": "Feature", "properties": { "OBJECTID": 277564, "SHAPE_Leng": 86.195179736699998, "SHAPE_Area": 435.288819553, "Town": "Allama Iqbal Town", "UC_N0": "UC_119", "Landuse": "R", "KA": null, "Name": null, "Plot_No": "104", "__source_file": "west_wood.shp" }, "geometry": { "type": "Polygon", "coordinates": [ [ [ 74.240383980144045, 31.466417207578601 ], [ 74.24031551333141, 31.466358263529141 ], [ 74.240115720946974, 31.466532237886685 ], [ 74.240185215769174, 31.46659020900838 ], [ 74.240383980144045, 31.466417207578601 ] ] ] } },
{ "type": "Feature", "properties": { "OBJECTID": 277565, "SHAPE_Leng": 82.911458134900002, "SHAPE_Area": 395.77279805699999, "Town": "Allama Iqbal Town", "UC_N0": "UC_119", "Landuse": "R", "KA": null, "Name": null, "Plot_No": "58", "__source_file": "west_wood.shp" }, "geometry": { "type": "Polygon", "coordinates": [ [ [ 74.239318050623595, 31.465866829143376 ], [ 74.23920574717809, 31.465773144822478 ], [ 74.239007871336582, 31.465940419030964 ], [ 74.239118428408531, 31.466036198026732 ], [ 74.239318050623595, 31.465866829143376 ] ] ] } },
{ "type": "Feature", "properties": { "OBJECTID": 277566, "SHAPE_Leng": 84.285203384699997, "SHAPE_Area": 403.95426141199999, "Town": "Allama Iqbal Town", "UC_N0": "UC_119", "Landuse": "R", "KA": null, "Name": null, "Plot_No": "55", "__source_file": "west_wood.shp" }, "geometry": { "type": "Polygon", "coordinates": [ [ [ 74.23965755948808, 31.46615004513718 ], [ 74.239546989928499, 31.466057809548055 ], [ 74.239343398231, 31.46623109610325 ], [ 74.239453199200838, 31.466326218917786 ], [ 74.23965755948808, 31.46615004513718 ] ] ] } },
{ "type": "Feature", "properties": { "OBJECTID": 277567, "SHAPE_Leng": 84.222703974200002, "SHAPE_Area": 406.56052179199997, "Town": "Allama Iqbal Town", "UC_N0": "UC_119", "Landuse": "R", "KA": null, "Name": null, "Plot_No": "56", "__source_file": "west_wood.shp" }, "geometry": { "type": "Polygon", "coordinates": [ [ [ 74.239546989928499, 31.466057809548055 ], [ 74.239434231207753, 31.465963746496055 ], [ 74.239232061968451, 31.466134642320881 ], [ 74.239343398231, 31.46623109610325 ], [ 74.239546989928499, 31.466057809548055 ] ] ] } },
{ "type": "Feature", "properties": { "OBJECTID": 277568, "SHAPE_Leng": 84.413180045999994, "SHAPE_Area": 412.50651817300002, "Town": "Allama Iqbal Town", "UC_N0": "UC_119", "Landuse": "R", "KA": null, "Name": null, "Plot_No": "57", "__source_file": "west_wood.shp" }, "geometry": { "type": "Polygon", "coordinates": [ [ [ 74.239434231207753, 31.465963746496055 ], [ 74.239318050623595, 31.465866829143376 ], [ 74.239118428408531, 31.466036198026732 ], [ 74.239232061968451, 31.466134642320881 ], [ 74.239434231207753, 31.465963746496055 ] ] ] } },
{ "type": "Feature", "properties": { "OBJECTID": 277569, "SHAPE_Leng": 86.564210581500006, "SHAPE_Area": 428.002233241, "Town": "Allama Iqbal Town", "UC_N0": "UC_119", "Landuse": "R", "KA": null, "Name": null, "Plot_No": "53", "__source_file": "west_wood.shp" }, "geometry": { "type": "Polygon", "coordinates": [ [ [ 74.239894995349445, 31.466348111794328 ], [ 74.239779293723558, 31.466251595578832 ], [ 74.239569902433786, 31.466427321044137 ], [ 74.23968282718711, 31.466525149929144 ], [ 74.239894995349445, 31.466348111794328 ] ] ] } },
{ "type": "Feature", "properties": { "OBJECTID": 277570, "SHAPE_Leng": 87.279850245899993, "SHAPE_Area": 441.62444982900001, "Town": "Allama Iqbal Town", "UC_N0": "UC_119", "Landuse": "R", "KA": null, "Name": null, "Plot_No": "54", "__source_file": "west_wood.shp" }, "geometry": { "type": "Polygon", "coordinates": [ [ [ 74.239779293723558, 31.466251595578832 ], [ 74.239664247897707, 31.46615562629049 ], [ 74.23965755948808, 31.46615004513718 ], [ 74.239453199200838, 31.466326218917786 ], [ 74.239569902433786, 31.466427321044137 ], [ 74.239779293723558, 31.466251595578832 ] ] ] } },
{ "type": "Feature", "properties": { "OBJECTID": 277571, "SHAPE_Leng": 86.524206275400005, "SHAPE_Area": 422.53590949, "Town": "Allama Iqbal Town", "UC_N0": "UC_119", "Landuse": "R", "KA": null, "Name": null, "Plot_No": "98", "__source_file": "west_wood.shp" }, "geometry": { "type": "Polygon", "coordinates": [ [ [ 74.239757951386068, 31.465878247257809 ], [ 74.239647681737054, 31.465783313188101 ], [ 74.239434231207753, 31.465963746496055 ], [ 74.239546989928499, 31.466057809548055 ], [ 74.239757951386068, 31.465878247257809 ] ] ] } },
{ "type": "Feature", "properties": { "OBJECTID": 277572, "SHAPE_Leng": 87.404847015499996, "SHAPE_Area": 428.56364836300003, "Town": "Allama Iqbal Town", "UC_N0": "UC_119", "Landuse": "V", "KA": null, "Name": null, "Plot_No": "96", "__source_file": "west_wood.shp" }, "geometry": { "type": "Polygon", "coordinates": [ [ [ 74.239532925775293, 31.465684516139049 ], [ 74.239422772618312, 31.465589680911201 ], [ 74.23920574717809, 31.465773144822478 ], [ 74.239318050623595, 31.465866829143376 ], [ 74.239532925775293, 31.465684516139049 ] ] ] } },
{ "type": "Feature", "properties": { "OBJECTID": 277573, "SHAPE_Leng": 86.304474911599996, "SHAPE_Area": 428.73728187900002, "Town": "Allama Iqbal Town", "UC_N0": "UC_119", "Landuse": "R", "KA": null, "Name": null, "Plot_No": "101", "__source_file": "west_wood.shp" }, "geometry": { "type": "Polygon", "coordinates": [ [ [ 74.24010060741648, 31.466173247536428 ], [ 74.239988082284412, 31.466076373229157 ], [ 74.239779293723558, 31.466251595578832 ], [ 74.239894995349445, 31.466348111794328 ], [ 74.239899062578786, 31.466351504828982 ], [ 74.24010060741648, 31.466173247536428 ] ] ] } },
{ "type": "Feature", "properties": { "OBJECTID": 277574, "SHAPE_Leng": 86.709008563599994, "SHAPE_Area": 431.37456719199997, "Town": "Allama Iqbal Town", "UC_N0": "UC_119", "Landuse": "R", "KA": null, "Name": null, "Plot_No": "100", "__source_file": "west_wood.shp" }, "geometry": { "type": "Polygon", "coordinates": [ [ [ 74.239988082284412, 31.466076373229157 ], [ 74.239871523456614, 31.465976024787654 ], [ 74.239664247897707, 31.46615562629049 ], [ 74.239779293723558, 31.466251595578832 ], [ 74.239988082284412, 31.466076373229157 ] ] ] } },
{ "type": "Feature", "properties": { "OBJECTID": 277575, "SHAPE_Leng": 87.085086104200002, "SHAPE_Area": 433.6141596, "Town": "Allama Iqbal Town", "UC_N0": "UC_119", "Landuse": "R", "KA": null, "Name": null, "Plot_No": "99", "__source_file": "west_wood.shp" }, "geometry": { "type": "Polygon", "coordinates": [ [ [ 74.239871523456614, 31.465976024787654 ], [ 74.239757951386068, 31.465878247257809 ], [ 74.239546989928499, 31.466057809548055 ], [ 74.23965755948808, 31.46615004513718 ], [ 74.239664247897707, 31.46615562629049 ], [ 74.239871523456614, 31.465976024787654 ] ] ] } },
{ "type": "Feature", "properties": { "OBJECTID": 277576, "SHAPE_Leng": 88.060734423300005, "SHAPE_Area": 441.22516474100001, "Town": "Allama Iqbal Town", "UC_N0": "UC_119", "Landuse": "R", "KA": null, "Name": null, "Plot_No": "97", "__source_file": "west_wood.shp" }, "geometry": { "type": "Polygon", "coordinates": [ [ [ 74.239647681737054, 31.465783313188101 ], [ 74.239532925775293, 31.465684516139049 ], [ 74.239318050623595, 31.465866829143376 ], [ 74.239434231207753, 31.465963746496055 ], [ 74.239647681737054, 31.465783313188101 ] ] ] } },
{ "type": "Feature", "properties": { "OBJECTID": 277577, "SHAPE_Leng": 177.40228584299999, "SHAPE_Area": 1681.74161622, "Town": "Allama Iqbal Town", "UC_N0": "UC_119", "Landuse": "R", "KA": null, "Name": null, "Plot_No": "108", "__source_file": "west_wood.shp" }, "geometry": { "type": "Polygon", "coordinates": [ [ [ 74.240485860566793, 31.466037849088448 ], [ 74.240279403342896, 31.466212542213732 ], [ 74.240393513660948, 31.466311205392035 ], [ 74.240600820383804, 31.466135961515356 ], [ 74.240489423350098, 31.466040889752829 ], [ 74.240485860566793, 31.466037849088448 ] ] ] } },
{ "type": "Feature", "properties": { "OBJECTID": 277578, "SHAPE_Leng": 116.872012731, "SHAPE_Area": 850.67359808900005, "Town": "Allama Iqbal Town", "UC_N0": "UC_119", "Landuse": "R", "KA": null, "Name": null, "Plot_No": "149", "__source_file": "west_wood.shp" }, "geometry": { "type": "Polygon", "coordinates": [ [ [ 74.240458917295058, 31.46566488888924 ], [ 74.240252420364016, 31.465838618284394 ], [ 74.240372353157213, 31.465940976305824 ], [ 74.240578792625925, 31.465767187997848 ], [ 74.240458917295058, 31.46566488888924 ] ] ] } },
{ "type": "Feature", "properties": { "OBJECTID": 277579, "SHAPE_Leng": 84.087532168500005, "SHAPE_Area": 403.536096257, "Town": "Allama Iqbal Town", "UC_N0": "UC_119", "Landuse": "R", "KA": null, "Name": null, "Plot_No": "112", "__source_file": "west_wood.shp" }, "geometry": { "type": "Polygon", "coordinates": [ [ [ 74.240142895858455, 31.465745143045169 ], [ 74.240031790376875, 31.465650318022043 ], [ 74.23983149433198, 31.465825263373915 ], [ 74.239940867194051, 31.465919831978059 ], [ 74.240142895858455, 31.465745143045169 ] ] ] } },
{ "type": "Feature", "properties": { "OBJECTID": 277580, "SHAPE_Leng": 84.382269811900002, "SHAPE_Area": 408.73066648399998, "Town": "Allama Iqbal Town", "UC_N0": "UC_119", "Landuse": "R", "KA": null, "Name": null, "Plot_No": "114", "__source_file": "west_wood.shp" }, "geometry": { "type": "Polygon", "coordinates": [ [ [ 74.239977104998147, 31.465603645912257 ], [ 74.239920076698098, 31.465554974125247 ], [ 74.239719098690188, 31.465728081041213 ], [ 74.239775471104963, 31.465776823206426 ], [ 74.239977104998147, 31.465603645912257 ] ] ] } },
{ "type": "Feature", "properties": { "OBJECTID": 277581, "SHAPE_Leng": 84.324038529199996, "SHAPE_Area": 409.13709290399999, "Town": "Allama Iqbal Town", "UC_N0": "UC_119", "Landuse": "R", "KA": null, "Name": null, "Plot_No": "115", "__source_file": "west_wood.shp" }, "geometry": { "type": "Polygon", "coordinates": [ [ [ 74.239920076698098, 31.465554974125247 ], [ 74.239807772595213, 31.465459126796485 ], [ 74.239606253798101, 31.465630510694762 ], [ 74.239719098690188, 31.465728081041213 ], [ 74.239920076698098, 31.465554974125247 ] ] ] } },
{ "type": "Feature", "properties": { "OBJECTID": 277582, "SHAPE_Leng": 86.309556526799994, "SHAPE_Area": 427.89877431299999, "Town": "Allama Iqbal Town", "UC_N0": "UC_119", "Landuse": "R", "KA": null, "Name": null, "Plot_No": "106", "__source_file": "west_wood.shp" }, "geometry": { "type": "Polygon", "coordinates": [ [ [ 74.240658588856945, 31.466185264730175 ], [ 74.240449826791831, 31.466359895465413 ], [ 74.240506960188043, 31.466409294689306 ], [ 74.240716977360862, 31.466235097039448 ], [ 74.240658588856945, 31.466185264730175 ] ] ] } },
{ "type": "Feature", "properties": { "OBJECTID": 277583, "SHAPE_Leng": 85.799295829299993, "SHAPE_Area": 430.18715037700002, "Town": "Allama Iqbal Town", "UC_N0": "UC_119", "Landuse": "R", "KA": null, "Name": null, "Plot_No": "116", "__source_file": "west_wood.shp" }, "geometry": { "type": "Polygon", "coordinates": [ [ [ 74.239807772595213, 31.465459126796485 ], [ 74.239688165657611, 31.465357045873407 ], [ 74.239488231817049, 31.465528462456998 ], [ 74.239606253798101, 31.465630510694762 ], [ 74.239807772595213, 31.465459126796485 ] ] ] } },
{ "type": "Feature", "properties": { "OBJECTID": 277584, "SHAPE_Leng": 86.881917665000003, "SHAPE_Area": 445.84483779800001, "Town": "Allama Iqbal Town", "UC_N0": "UC_119", "Landuse": "R", "KA": null, "Name": null, "Plot_No": "117", "__source_file": "west_wood.shp" }, "geometry": { "type": "Polygon", "coordinates": [ [ [ 74.239688165657611, 31.465357045873407 ], [ 74.239564843692065, 31.465251793125624 ], [ 74.2393643094222, 31.465421313093834 ], [ 74.239488231817049, 31.465528462456998 ], [ 74.239688165657611, 31.465357045873407 ] ] ] } },
{ "type": "Feature", "properties": { "OBJECTID": 277585, "SHAPE_Leng": 84.735742761200001, "SHAPE_Area": 409.033053876, "Town": "Allama Iqbal Town", "UC_N0": "UC_119", "Landuse": "R", "KA": null, "Name": null, "Plot_No": "146", "__source_file": "west_wood.shp" }, "geometry": { "type": "Polygon", "coordinates": [ [ [ 74.240173683501453, 31.46542147497706 ], [ 74.239977104998147, 31.465603645912257 ], [ 74.240031790376875, 31.465650318022043 ], [ 74.240234434813914, 31.465473319290474 ], [ 74.240173683501453, 31.46542147497706 ] ] ] } },
{ "type": "Feature", "properties": { "OBJECTID": 277586, "SHAPE_Leng": 84.9047337505, "SHAPE_Area": 411.34579192299998, "Town": "Allama Iqbal Town", "UC_N0": "UC_119", "Landuse": "V", "KA": null, "Name": null, "Plot_No": "147", "__source_file": "west_wood.shp" }, "geometry": { "type": "Polygon", "coordinates": [ [ [ 74.240346579494599, 31.465569021850399 ], [ 74.240234434813914, 31.465473319290449 ], [ 74.240031790376875, 31.465650318022043 ], [ 74.240142895858455, 31.465745143045169 ], [ 74.240346579494599, 31.465569021850399 ] ] ] } },
{ "type": "Feature", "properties": { "OBJECTID": 277587, "SHAPE_Leng": 84.910111219100003, "SHAPE_Area": 411.44038240700002, "Town": "Allama Iqbal Town", "UC_N0": "UC_119", "Landuse": "R", "KA": null, "Name": null, "Plot_No": "144", "__source_file": "west_wood.shp" }, "geometry": { "type": "Polygon", "coordinates": [ [ [ 74.240124148020826, 31.465379202033223 ], [ 74.240013140133343, 31.465284468696524 ], [ 74.239807772595213, 31.465459126796485 ], [ 74.239920076698098, 31.465554974125247 ], [ 74.240124148020826, 31.465379202033223 ] ] ] } },
{ "type": "Feature", "properties": { "OBJECTID": 277588, "SHAPE_Leng": 85.477778466299995, "SHAPE_Area": 419.146935891, "Town": "Allama Iqbal Town", "UC_N0": "UC_119", "Landuse": "R", "KA": null, "Name": null, "Plot_No": "151", "__source_file": "west_wood.shp" }, "geometry": { "type": "Polygon", "coordinates": [ [ [ 74.240806843935701, 31.465961801370074 ], [ 74.240690778066394, 31.465862753079232 ], [ 74.240489423350084, 31.466040889752819 ], [ 74.24060082038379, 31.466135961515374 ], [ 74.240806843935701, 31.465961801370074 ] ] ] } },
{ "type": "Feature", "properties": { "OBJECTID": 277589, "SHAPE_Leng": 85.690545676900001, "SHAPE_Area": 422.07099495800003, "Town": "Allama Iqbal Town", "UC_N0": "UC_119", "Landuse": "R", "KA": null, "Name": null, "Plot_No": "150", "__source_file": "west_wood.shp" }, "geometry": { "type": "Polygon", "coordinates": [ [ [ 74.240690778066394, 31.46586275307925 ], [ 74.240578792625925, 31.465767187997848 ], [ 74.240372353157213, 31.465940976305824 ], [ 74.240373242521642, 31.46594173521143 ], [ 74.240375810296101, 31.465943926324886 ], [ 74.240485860566793, 31.466037849088448 ], [ 74.240489423350098, 31.466040889752829 ], [ 74.240690778066394, 31.46586275307925 ] ] ] } },
{ "type": "Feature", "properties": { "OBJECTID": 277590, "SHAPE_Leng": 86.393591857000004, "SHAPE_Area": 431.69569791800001, "Town": "Allama Iqbal Town", "UC_N0": "UC_119", "Landuse": "R", "KA": null, "Name": null, "Plot_No": "153", "__source_file": "west_wood.shp" }, "geometry": { "type": "Polygon", "coordinates": [ [ [ 74.24086569226921, 31.466012020474555 ], [ 74.240658588856945, 31.466185264730175 ], [ 74.240716977360862, 31.466235097039448 ], [ 74.240924953831168, 31.466062592132829 ], [ 74.24086569226921, 31.466012020474555 ] ] ] } },
{ "type": "Feature", "properties": { "OBJECTID": 277591, "SHAPE_Leng": 87.152768664299998, "SHAPE_Area": 442.267055298, "Town": "Allama Iqbal Town", "UC_N0": "UC_119", "Landuse": "R", "KA": null, "Name": null, "Plot_No": "143", "__source_file": "west_wood.shp" }, "geometry": { "type": "Polygon", "coordinates": [ [ [ 74.240013140133343, 31.465284468696524 ], [ 74.239892698898146, 31.465181684691402 ], [ 74.239688165657611, 31.465357045873407 ], [ 74.239807772595213, 31.465459126796485 ], [ 74.240013140133343, 31.465284468696524 ] ] ] } },
{ "type": "Feature", "properties": { "OBJECTID": 277592, "SHAPE_Leng": 87.842949811599993, "SHAPE_Area": 451.75159398900001, "Town": "Allama Iqbal Town", "UC_N0": "UC_119", "Landuse": "R", "KA": null, "Name": null, "Plot_No": "142", "__source_file": "west_wood.shp" }, "geometry": { "type": "Polygon", "coordinates": [ [ [ 74.239892698898146, 31.465181684691402 ], [ 74.239770818423494, 31.465077673129237 ], [ 74.239564843692065, 31.465251793125624 ], [ 74.239688165657611, 31.465357045873407 ], [ 74.239892698898146, 31.465181684691402 ] ] ] } },
{ "type": "Feature", "properties": { "OBJECTID": 277593, "SHAPE_Leng": 86.009102602900001, "SHAPE_Area": 433.55546338599999, "Town": "Allama Iqbal Town", "UC_N0": "UC_119", "Landuse": "R", "KA": null, "Name": null, "Plot_No": "163", "__source_file": "west_wood.shp" }, "geometry": { "type": "Polygon", "coordinates": [ [ [ 74.24140394425558, 31.465835518612693 ], [ 74.24128512116485, 31.4657326823346 ], [ 74.241090471530867, 31.465907729894994 ], [ 74.241210549169338, 31.466012543333058 ], [ 74.24140394425558, 31.465835518612693 ] ] ] } },
{ "type": "Feature", "properties": { "OBJECTID": 277594, "SHAPE_Leng": 81.059341340499998, "SHAPE_Area": 370.55397682099999, "Town": "Allama Iqbal Town", "UC_N0": "UC_119", "Landuse": "R", "KA": null, "Name": null, "Plot_No": "170", "__source_file": "west_wood.shp" }, "geometry": { "type": "Polygon", "coordinates": [ [ [ 74.240613270392771, 31.465148316516572 ], [ 74.240509837791876, 31.465058798253359 ], [ 74.24031180986394, 31.465228043179707 ], [ 74.240414312318208, 31.465317517287616 ], [ 74.240613270392771, 31.465148316516572 ] ] ] } },
{ "type": "Feature", "properties": { "OBJECTID": 277595, "SHAPE_Leng": 82.686526976699994, "SHAPE_Area": 389.81578656099998, "Town": "Allama Iqbal Town", "UC_N0": "UC_119", "Landuse": "R", "KA": null, "Name": null, "Plot_No": "167", "__source_file": "west_wood.shp" }, "geometry": { "type": "Polygon", "coordinates": [ [ [ 74.240954262465422, 31.465443435498038 ], [ 74.240844727828375, 31.465348635820472 ], [ 74.240644537216681, 31.46551847923595 ], [ 74.240750079848993, 31.465610606492636 ], [ 74.240954262465422, 31.465443435498038 ] ] ] } },
{ "type": "Feature", "properties": { "OBJECTID": 277596, "SHAPE_Leng": 84.191739625899999, "SHAPE_Area": 411.51425965700003, "Town": "Allama Iqbal Town", "UC_N0": "UC_119", "Landuse": "R", "KA": null, "Name": null, "Plot_No": "169", "__source_file": "west_wood.shp" }, "geometry": { "type": "Polygon", "coordinates": [ [ [ 74.240728239058541, 31.465247818505869 ], [ 74.240613270392771, 31.465148316516572 ], [ 74.240414312318208, 31.465317517287616 ], [ 74.240527506643446, 31.465416324143877 ], [ 74.240728239058541, 31.465247818505869 ] ] ] } },
{ "type": "Feature", "properties": { "OBJECTID": 277597, "SHAPE_Leng": 84.628034021800005, "SHAPE_Area": 420.14911987699998, "Town": "Allama Iqbal Town", "UC_N0": "UC_119", "Landuse": "R", "KA": null, "Name": null, "Plot_No": "173", "__source_file": "west_wood.shp" }, "geometry": { "type": "Polygon", "coordinates": [ [ [ 74.24027287521676, 31.464853712637595 ], [ 74.240155707190823, 31.464752306137594 ], [ 74.239958138333748, 31.464919322056879 ], [ 74.240076233801972, 31.465022407858498 ], [ 74.24027287521676, 31.464853712637595 ] ] ] } },
{ "type": "Feature", "properties": { "OBJECTID": 277598, "SHAPE_Leng": 85.050375845900007, "SHAPE_Area": 422.23666774899999, "Town": "Allama Iqbal Town", "UC_N0": "UC_119", "Landuse": "R", "KA": null, "Name": null, "Plot_No": "168", "__source_file": "west_wood.shp" }, "geometry": { "type": "Polygon", "coordinates": [ [ [ 74.240844727828375, 31.465348635820472 ], [ 74.240728239058541, 31.465247818505869 ], [ 74.240527506643446, 31.465416324143877 ], [ 74.240644537216681, 31.46551847923595 ], [ 74.240844727828375, 31.465348635820472 ] ] ] } },
{ "type": "Feature", "properties": { "OBJECTID": 277599, "SHAPE_Leng": 85.207472462599995, "SHAPE_Area": 422.85912448599998, "Town": "Allama Iqbal Town", "UC_N0": "UC_119", "Landuse": "R", "KA": null, "Name": null, "Plot_No": "166", "__source_file": "west_wood.shp" }, "geometry": { "type": "Polygon", "coordinates": [ [ [ 74.241068438470165, 31.465542250406987 ], [ 74.240954262465422, 31.465443435498038 ], [ 74.240750079848993, 31.465610606492636 ], [ 74.240868633820952, 31.465714090363193 ], [ 74.241068438470165, 31.465542250406987 ] ] ] } },
{ "type": "Feature", "properties": { "OBJECTID": 277600, "SHAPE_Leng": 85.285792579100004, "SHAPE_Area": 423.13517185900002, "Town": "Allama Iqbal Town", "UC_N0": "UC_119", "Landuse": "R", "KA": null, "Name": null, "Plot_No": "165", "__source_file": "west_wood.shp" }, "geometry": { "type": "Polygon", "coordinates": [ [ [ 74.241183707046673, 31.465642011803531 ], [ 74.241068438470165, 31.465542250406987 ], [ 74.240868633820952, 31.465714090363193 ], [ 74.24097802337883, 31.465809574847334 ], [ 74.240985671399187, 31.465816251503206 ], [ 74.241183707046673, 31.465642011803531 ] ] ] } },
{ "type": "Feature", "properties": { "OBJECTID": 277601, "SHAPE_Leng": 84.942842057500002, "SHAPE_Area": 423.567504036, "Town": "Allama Iqbal Town", "UC_N0": "UC_119", "Landuse": "R", "KA": null, "Name": null, "Plot_No": "172", "__source_file": "west_wood.shp" }, "geometry": { "type": "Polygon", "coordinates": [ [ [ 74.240390893311513, 31.464955854872777 ], [ 74.240278161226072, 31.464858287582878 ], [ 74.24027287521676, 31.464853712637595 ], [ 74.240076233801972, 31.465022407858498 ], [ 74.240194783148851, 31.465125890515711 ], [ 74.240390893311513, 31.464955854872777 ] ] ] } },
{ "type": "Feature", "properties": { "OBJECTID": 277602, "SHAPE_Leng": 84.997536917700003, "SHAPE_Area": 423.57864525299999, "Town": "Allama Iqbal Town", "UC_N0": "UC_119", "Landuse": "R", "KA": null, "Name": null, "Plot_No": "171", "__source_file": "west_wood.shp" }, "geometry": { "type": "Polygon", "coordinates": [ [ [ 74.240509837791876, 31.465058798253359 ], [ 74.240390893311513, 31.464955854872777 ], [ 74.240194783148851, 31.465125890515711 ], [ 74.24031180986394, 31.465228043179707 ], [ 74.240509837791876, 31.465058798253359 ] ] ] } },
{ "type": "Feature", "properties": { "OBJECTID": 277603, "SHAPE_Leng": 87.018386270500002, "SHAPE_Area": 428.15124755900001, "Town": "Allama Iqbal Town", "UC_N0": "UC_119", "Landuse": "R", "KA": null, "Name": null, "Plot_No": "207", "__source_file": "west_wood.shp" }, "geometry": { "type": "Polygon", "coordinates": [ [ [ 74.241169577648122, 31.465263920634062 ], [ 74.240954262382502, 31.465443435585694 ], [ 74.241068438206028, 31.465542250404567 ], [ 74.241281552099608, 31.465358962207375 ], [ 74.24117151358459, 31.465265563809965 ], [ 74.241169577648122, 31.465263920634062 ] ] ] } },
{ "type": "Feature", "properties": { "OBJECTID": 277604, "SHAPE_Leng": 86.362984992799994, "SHAPE_Area": 428.52652539500002, "Town": "Allama Iqbal Town", "UC_N0": "UC_119", "Landuse": "R", "KA": null, "Name": null, "Plot_No": "201", "__source_file": "west_wood.shp" }, "geometry": { "type": "Polygon", "coordinates": [ [ [ 74.240596549213052, 31.46477754081095 ], [ 74.24047910807468, 31.464677858029905 ], [ 74.240278161226072, 31.464858287582878 ], [ 74.240390893311513, 31.464955854872777 ], [ 74.240596549213052, 31.46477754081095 ] ] ] } },
{ "type": "Feature", "properties": { "OBJECTID": 277606, "SHAPE_Leng": 88.327757672399997, "SHAPE_Area": 443.217805881, "Town": "Allama Iqbal Town", "UC_N0": "UC_119", "Landuse": "R", "KA": null, "Name": null, "Plot_No": "208", "__source_file": "west_wood.shp" }, "geometry": { "type": "Polygon", "coordinates": [ [ [ 74.241395486487647, 31.465455668713634 ], [ 74.241281552173604, 31.465358962210445 ], [ 74.241068438470165, 31.465542250406987 ], [ 74.241183707046673, 31.465642011803531 ], [ 74.241183812626531, 31.465642102651259 ], [ 74.241393935026736, 31.465457226680197 ], [ 74.241395486487647, 31.465455668713634 ] ] ] } },
{ "type": "Feature", "properties": { "OBJECTID": 277607, "SHAPE_Leng": 87.933604532900006, "SHAPE_Area": 443.17494064599998, "Town": "Allama Iqbal Town", "UC_N0": "UC_119", "Landuse": "R", "KA": null, "Name": null, "Plot_No": "205", "__source_file": "west_wood.shp" }, "geometry": { "type": "Polygon", "coordinates": [ [ [ 74.241057102800852, 31.465168453567962 ], [ 74.240940589033755, 31.465069558928302 ], [ 74.240728239058541, 31.465247818505869 ], [ 74.240844727828375, 31.465348635820472 ], [ 74.241057102800852, 31.465168453567962 ] ] ] } },
{ "type": "Feature", "properties": { "OBJECTID": 277608, "SHAPE_Leng": 87.3668294868, "SHAPE_Area": 444.21628535000002, "Town": "Allama Iqbal Town", "UC_N0": "UC_119", "Landuse": "R", "KA": null, "Name": null, "Plot_No": "200", "__source_file": "west_wood.shp" }, "geometry": { "type": "Polygon", "coordinates": [ [ [ 74.24047910807468, 31.464677858029905 ], [ 74.240361679735571, 31.464578185142461 ], [ 74.240155707190823, 31.464752306137594 ], [ 74.24027287521676, 31.464853712637595 ], [ 74.240278161226072, 31.464858287582878 ], [ 74.24047910807468, 31.464677858029905 ] ] ] } },
{ "type": "Feature", "properties": { "OBJECTID": 277609, "SHAPE_Leng": 88.058833532700007, "SHAPE_Area": 450.35132758700001, "Town": "Allama Iqbal Town", "UC_N0": "UC_119", "Landuse": "R", "KA": null, "Name": null, "Plot_No": "202", "__source_file": "west_wood.shp" }, "geometry": { "type": "Polygon", "coordinates": [ [ [ 74.240718154540545, 31.464880758717882 ], [ 74.240596549213052, 31.46477754081095 ], [ 74.240390893311513, 31.464955854872777 ], [ 74.240509837791876, 31.465058798253359 ], [ 74.240718154540545, 31.464880758717882 ] ] ] } },
{ "type": "Feature", "properties": { "OBJECTID": 277610, "SHAPE_Leng": 115.414577141, "SHAPE_Area": 831.92171872899996, "Town": "Allama Iqbal Town", "UC_N0": "UC_119", "Landuse": "R", "KA": null, "Name": null, "Plot_No": "204", "__source_file": "west_wood.shp" }, "geometry": { "type": "Polygon", "coordinates": [ [ [ 74.240825047178333, 31.464971488279449 ], [ 74.240613270392785, 31.465148316516551 ], [ 74.240728239058541, 31.465247818505887 ], [ 74.240940589033755, 31.465069558928334 ], [ 74.240825047178333, 31.464971488279449 ] ] ] } },
{ "type": "Feature", "properties": { "OBJECTID": 277611, "SHAPE_Leng": 90.913937114800007, "SHAPE_Area": 479.531883467, "Town": "Allama Iqbal Town", "UC_N0": "UC_119", "Landuse": "R", "KA": null, "Name": null, "Plot_No": "160", "__source_file": "west_wood.shp" }, "geometry": { "type": "Polygon", "coordinates": [ [ [ 74.241743084185018, 31.466246904562226 ], [ 74.241785771493952, 31.466163071251099 ], [ 74.241785240474911, 31.466162611583126 ], [ 74.241784214793782, 31.466164625582287 ], [ 74.241637103683956, 31.466037308177167 ], [ 74.241575480546032, 31.466090121007028 ], [ 74.241566237972421, 31.466098041896618 ], [ 74.241436188828075, 31.466209497905929 ], [ 74.241519566362911, 31.466282275925067 ], [ 74.241661838831632, 31.466406461167981 ], [ 74.241743084185018, 31.466246904562226 ] ] ] } },
{ "type": "Feature", "properties": { "OBJECTID": 277612, "SHAPE_Leng": 82.119195442999995, "SHAPE_Area": 376.35161739400002, "Town": "Allama Iqbal Town", "UC_N0": "UC_119", "Landuse": "R", "KA": null, "Name": null, "Plot_No": "164", "__source_file": "west_wood.shp" }, "geometry": { "type": "Polygon", "coordinates": [ [ [ 74.24128512116485, 31.4657326823346 ], [ 74.241182150352813, 31.465643565225317 ], [ 74.241183812626531, 31.465642102651259 ], [ 74.241183707046673, 31.465642011803531 ], [ 74.240985671399187, 31.465816251503206 ], [ 74.241090471530867, 31.465907729894994 ], [ 74.24128512116485, 31.4657326823346 ] ] ] } },
{ "type": "Feature", "properties": { "OBJECTID": 277613, "SHAPE_Leng": 83.775453539599994, "SHAPE_Area": 402.83373297399999, "Town": "Allama Iqbal Town", "UC_N0": "UC_119", "Landuse": "R", "KA": null, "Name": null, "Plot_No": "162", "__source_file": "west_wood.shp" }, "geometry": { "type": "Polygon", "coordinates": [ [ [ 74.24151599294693, 31.465932492624102 ], [ 74.241407010140776, 31.465838172162407 ], [ 74.24140394425558, 31.465835518612693 ], [ 74.241210549169338, 31.466012543333058 ], [ 74.241319933156703, 31.466108021179039 ], [ 74.24151599294693, 31.465932492624102 ] ] ] } },
{ "type": "Feature", "properties": { "OBJECTID": 277614, "SHAPE_Leng": 86.042351764000003, "SHAPE_Area": 432.87423985800001, "Town": "Allama Iqbal Town", "UC_N0": "UC_119", "Landuse": "V", "KA": null, "Name": null, "Plot_No": "161", "__source_file": "west_wood.shp" }, "geometry": { "type": "Polygon", "coordinates": [ [ [ 74.241566237972421, 31.466098041896601 ], [ 74.241575480546032, 31.466090121007028 ], [ 74.241637103683942, 31.466037308177174 ], [ 74.241589833657088, 31.465996398509517 ], [ 74.24151599294693, 31.465932492624102 ], [ 74.241319933156703, 31.466108021179039 ], [ 74.241436188828075, 31.466209497905893 ], [ 74.241566237972421, 31.466098041896601 ] ] ] } },
{ "type": "Feature", "properties": { "OBJECTID": 277616, "SHAPE_Leng": 130.2424125, "SHAPE_Area": 910.92475270199998, "Town": "Allama Iqbal Town", "UC_N0": "UC_119", "Landuse": "C", "KA": null, "Name": null, "Plot_No": "2", "__source_file": "west_wood.shp" }, "geometry": { "type": "Polygon", "coordinates": [ [ [ 74.241528610785593, 31.466850014907802 ], [ 74.241631065378797, 31.466744050518489 ], [ 74.241710119841059, 31.46666228848747 ], [ 74.241511014921485, 31.466562713977563 ], [ 74.241204360662195, 31.466879494767444 ], [ 74.241450527243231, 31.466930772987915 ], [ 74.241528610785593, 31.466850014907802 ] ] ] } },
{ "type": "Feature", "properties": { "OBJECTID": 277617, "SHAPE_Leng": 134.52210614800001, "SHAPE_Area": 1114.2410314700001, "Town": "Allama Iqbal Town", "UC_N0": "UC_119", "Landuse": "C", "KA": null, "Name": null, "Plot_No": "154B", "__source_file": "west_wood.shp" }, "geometry": { "type": "Polygon", "coordinates": [ [ [ 74.24233499301539, 31.466047702751535 ], [ 74.242145436848929, 31.465982752597803 ], [ 74.242078722482347, 31.46612047689575 ], [ 74.242258351788976, 31.466190877272169 ], [ 74.242265311119155, 31.466170683444183 ], [ 74.242306051356223, 31.466098781129794 ], [ 74.24233499301539, 31.466047702751535 ] ] ] } },
{ "type": "Feature", "properties": { "OBJECTID": 277620, "SHAPE_Leng": 117.61026723499999, "SHAPE_Area": 811.84135257399998, "Town": "Allama Iqbal Town", "UC_N0": "UC_119", "Landuse": "C", "KA": null, "Name": null, "Plot_No": "155", "__source_file": "west_wood.shp" }, "geometry": { "type": "Polygon", "coordinates": [ [ [ 74.242078722482347, 31.46612047689575 ], [ 74.241990206313645, 31.466303207862399 ], [ 74.242171571610001, 31.466389513634681 ], [ 74.242219590947229, 31.466288190604597 ], [ 74.242235273952872, 31.466257846992264 ], [ 74.242258351788976, 31.466190877272169 ], [ 74.242078722482347, 31.46612047689575 ] ] ] } },
{ "type": "Feature", "properties": { "OBJECTID": 277621, "SHAPE_Leng": 122.05336581, "SHAPE_Area": 876.26811929200005, "Town": "Allama Iqbal Town", "UC_N0": "UC_119", "Landuse": "C", "KA": null, "Name": null, "Plot_No": "156", "__source_file": "west_wood.shp" }, "geometry": { "type": "Polygon", "coordinates": [ [ [ 74.241990206313645, 31.466303207862399 ], [ 74.241896626064516, 31.466496392148571 ], [ 74.24196142947784, 31.466530910909153 ], [ 74.242078054378112, 31.466586839725746 ], [ 74.242171571610001, 31.466389513634681 ], [ 74.241990206313645, 31.466303207862399 ] ] ] } },
{ "type": "Feature", "properties": { "OBJECTID": 277671, "SHAPE_Leng": 456.45657251599999, "SHAPE_Area": 12568.7245007, "Town": "Allama Iqbal Town", "UC_N0": "UC_119", "Landuse": null, "KA": null, "Name": null, "Plot_No": null, "__source_file": "west_wood.shp" }, "geometry": { "type": "Polygon", "coordinates": [ [ [ 74.237042863672755, 31.463176148880528 ], [ 74.237200050467465, 31.463074670778887 ], [ 74.237330775996739, 31.463208151220105 ], [ 74.238207853681871, 31.462460986280107 ], [ 74.237555801915732, 31.461858275514274 ], [ 74.236516178407612, 31.462698200580558 ], [ 74.237042863672755, 31.463176148880528 ] ] ] } },
{ "type": "Feature", "properties": { "OBJECTID": 277673, "SHAPE_Leng": 154.355000184, "SHAPE_Area": 1436.5573863699999, "Town": "Allama Iqbal Town", "UC_N0": "UC_119", "Landuse": null, "KA": null, "Name": null, "Plot_No": "38A", "__source_file": "west_wood.shp" }, "geometry": { "type": "Polygon", "coordinates": [ [ [ 74.236532331091524, 31.46223948064096 ], [ 74.236289375033252, 31.462052167730207 ], [ 74.2361451209145, 31.462173553247393 ], [ 74.236050388933563, 31.462260727323972 ], [ 74.236274699005065, 31.462456828573888 ], [ 74.236391777328478, 31.462358057811983 ], [ 74.236532331091524, 31.46223948064096 ] ] ] } },
{ "type": "Feature", "properties": { "OBJECTID": 277674, "SHAPE_Leng": 90.9136718691, "SHAPE_Area": 477.12200898600003, "Town": "Allama Iqbal Town", "UC_N0": "UC_119", "Landuse": "R", "KA": null, "Name": null, "Plot_No": "275", "__source_file": "west_wood.shp" }, "geometry": { "type": "Polygon", "coordinates": [ [ [ 74.235966547331472, 31.463091053348975 ], [ 74.235749064487052, 31.462904276165442 ], [ 74.235629456968766, 31.463010766861181 ], [ 74.235842272051158, 31.46319529241719 ], [ 74.235966547331472, 31.463091053348975 ] ] ] } },
{ "type": "Feature", "properties": { "OBJECTID": 277675, "SHAPE_Leng": 87.758611101, "SHAPE_Area": 449.57290518399998, "Town": "Allama Iqbal Town", "UC_N0": "UC_119", "Landuse": null, "KA": null, "Name": null, "Plot_No": "33A", "__source_file": "west_wood.shp" }, "geometry": { "type": "Polygon", "coordinates": [ [ [ 74.235749064487052, 31.462904276165442 ], [ 74.235543185032796, 31.462727463440221 ], [ 74.235426527201966, 31.462834812427257 ], [ 74.235629456968766, 31.463010766861181 ], [ 74.235749064487052, 31.462904276165442 ] ] ] } },
{ "type": "Feature", "properties": { "OBJECTID": 277676, "SHAPE_Leng": 89.726697900600001, "SHAPE_Area": 446.75082628899997, "Town": "Allama Iqbal Town", "UC_N0": "UC_119", "Landuse": "R", "KA": null, "Name": null, "Plot_No": "273", "__source_file": "west_wood.shp" }, "geometry": { "type": "Polygon", "coordinates": [ [ [ 74.236197501448899, 31.462897334873801 ], [ 74.235972219389055, 31.462705591735599 ], [ 74.235863283630948, 31.462802581886034 ], [ 74.236085235140905, 31.462991500341037 ], [ 74.236197501448899, 31.462897334873801 ] ] ] } },
{ "type": "Feature", "properties": { "OBJECTID": 277677, "SHAPE_Leng": 90.390777018799994, "SHAPE_Area": 463.18555041600001, "Town": "Allama Iqbal Town", "UC_N0": "UC_119", "Landuse": "R", "KA": null, "Name": null, "Plot_No": "274", "__source_file": "west_wood.shp" }, "geometry": { "type": "Polygon", "coordinates": [ [ [ 74.236085235140905, 31.462991500341037 ], [ 74.235863283630948, 31.462802581886034 ], [ 74.235749064487052, 31.462904276165442 ], [ 74.235966547331472, 31.463091053348975 ], [ 74.236085235140905, 31.462991500341037 ] ] ] } },
{ "type": "Feature", "properties": { "OBJECTID": 277678, "SHAPE_Leng": 91.673664496499995, "SHAPE_Area": 469.30346322000003, "Town": "Allama Iqbal Town", "UC_N0": "UC_119", "Landuse": null, "KA": null, "Name": null, "Plot_No": "31A", "__source_file": "west_wood.shp" }, "geometry": { "type": "Polygon", "coordinates": [ [ [ 74.236086071206628, 31.462604224368548 ], [ 74.235972219389055, 31.462705591735599 ], [ 74.236197501448899, 31.462897334873801 ], [ 74.236312520856004, 31.462800858895509 ], [ 74.236086071206628, 31.462604224368548 ] ] ] } },
{ "type": "Feature", "properties": { "OBJECTID": 277679, "SHAPE_Leng": 85.981678780099998, "SHAPE_Area": 418.75458282400001, "Town": "Allama Iqbal Town", "UC_N0": "UC_119", "Landuse": null, "KA": null, "Name": null, "Plot_No": "35A", "__source_file": "west_wood.shp" }, "geometry": { "type": "Polygon", "coordinates": [ [ [ 74.235972219389055, 31.462705591735599 ], [ 74.235761683773063, 31.462526399487341 ], [ 74.235654591027284, 31.46262494777012 ], [ 74.235863283630948, 31.462802581886034 ], [ 74.235972219389055, 31.462705591735599 ] ] ] } },
{ "type": "Feature", "properties": { "OBJECTID": 277680, "SHAPE_Leng": 86.807022959400001, "SHAPE_Area": 433.42336516300003, "Town": "Allama Iqbal Town", "UC_N0": "UC_119", "Landuse": null, "KA": null, "Name": null, "Plot_No": "34A", "__source_file": "west_wood.shp" }, "geometry": { "type": "Polygon", "coordinates": [ [ [ 74.235863283630948, 31.462802581886034 ], [ 74.235654591027284, 31.46262494777012 ], [ 74.235543185032796, 31.462727463440221 ], [ 74.235749064487052, 31.462904276165442 ], [ 74.235863283630948, 31.462802581886034 ] ] ] } },
{ "type": "Feature", "properties": { "OBJECTID": 277681, "SHAPE_Leng": 88.128443128100002, "SHAPE_Area": 445.64124753499999, "Town": "Allama Iqbal Town", "UC_N0": "UC_119", "Landuse": null, "KA": null, "Name": null, "Plot_No": "36A", "__source_file": "west_wood.shp" }, "geometry": { "type": "Polygon", "coordinates": [ [ [ 74.236086071206628, 31.462604224368548 ], [ 74.2358756609907, 31.46242151529426 ], [ 74.235761683773063, 31.462526399487341 ], [ 74.235972219389055, 31.462705591735599 ], [ 74.236086071206628, 31.462604224368548 ] ] ] } },
{ "type": "Feature", "properties": { "OBJECTID": 277687, "SHAPE_Leng": 71.289014632999994, "SHAPE_Area": 263.47186205000003, "Town": "Allama Iqbal Town", "UC_N0": "UC_119", "Landuse": "V", "KA": null, "Name": null, "Plot_No": "271", "__source_file": "west_wood.shp" }, "geometry": { "type": "Polygon", "coordinates": [ [ [ 74.236285391484543, 31.463096025404731 ], [ 74.236452364365462, 31.463244059177597 ], [ 74.236763860366722, 31.463017504114042 ], [ 74.236587991555851, 31.462858954241025 ], [ 74.236285391484543, 31.463096025404731 ] ] ] } },
{ "type": "Feature", "properties": { "OBJECTID": 277692, "SHAPE_Leng": 94.470159266699994, "SHAPE_Area": 508.368165535, "Town": "Allama Iqbal Town", "UC_N0": "UC_119", "Landuse": "R", "KA": null, "Name": null, "Plot_No": null, "__source_file": "west_wood.shp" }, "geometry": { "type": "Polygon", "coordinates": [ [ [ 74.236953066705041, 31.461441111965314 ], [ 74.236800904054746, 31.461337217599478 ], [ 74.236601133171462, 31.461550473988463 ], [ 74.236722688324249, 31.46163585935053 ], [ 74.236953066705041, 31.461441111965314 ] ] ] } },
{ "type": "Feature", "properties": { "OBJECTID": 277694, "SHAPE_Leng": 143.34177219099999, "SHAPE_Area": 866.83515198600003, "Town": "Allama Iqbal Town", "UC_N0": "UC_119", "Landuse": null, "KA": null, "Name": null, "Plot_No": null, "__source_file": "west_wood.shp" }, "geometry": { "type": "Polygon", "coordinates": [ [ [ 74.236304314130166, 31.46099814826179 ], [ 74.236480661946288, 31.460808919558787 ], [ 74.236354636305478, 31.46072178677592 ], [ 74.236176102742974, 31.460913031365294 ], [ 74.235985036226921, 31.46111769905032 ], [ 74.236110661457573, 31.461205944950255 ], [ 74.236304314130166, 31.46099814826179 ] ] ] } },
{ "type": "Feature", "properties": { "OBJECTID": 277695, "SHAPE_Leng": 120.135702606, "SHAPE_Area": 886.72579999100003, "Town": "Allama Iqbal Town", "UC_N0": "UC_119", "Landuse": "R", "KA": null, "Name": null, "Plot_No": null, "__source_file": "west_wood.shp" }, "geometry": { "type": "Polygon", "coordinates": [ [ [ 74.23700186130057, 31.461169267524372 ], [ 74.236800904054775, 31.461337217599496 ], [ 74.236953066705055, 31.461441111965339 ], [ 74.237151918912303, 31.461273013824876 ], [ 74.23700186130057, 31.461169267524372 ] ] ] } },
{ "type": "Feature", "properties": { "OBJECTID": 277696, "SHAPE_Leng": 84.269210223100004, "SHAPE_Area": 410.845950442, "Town": "Allama Iqbal Town", "UC_N0": "UC_119", "Landuse": null, "KA": null, "Name": null, "Plot_No": null, "__source_file": "west_wood.shp" }, "geometry": { "type": "Polygon", "coordinates": [ [ [ 74.236609548386681, 31.460898029798539 ], [ 74.236480661946288, 31.460808919558787 ], [ 74.236304314130166, 31.46099814826179 ], [ 74.2364272295181, 31.461082074099831 ], [ 74.236609548386681, 31.460898029798539 ] ] ] } },
{ "type": "Feature", "properties": { "OBJECTID": 277697, "SHAPE_Leng": 84.522986103999997, "SHAPE_Area": 415.137483503, "Town": "Allama Iqbal Town", "UC_N0": "UC_119", "Landuse": "R", "KA": null, "Name": null, "Plot_No": null, "__source_file": "west_wood.shp" }, "geometry": { "type": "Polygon", "coordinates": [ [ [ 74.236737160222688, 31.460986258060831 ], [ 74.236609548386681, 31.460898029798539 ], [ 74.2364272295181, 31.461082074099831 ], [ 74.236554962262673, 31.461169290068767 ], [ 74.236737160222688, 31.460986258060831 ] ] ] } },
{ "type": "Feature", "properties": { "OBJECTID": 277698, "SHAPE_Leng": 85.189102780799999, "SHAPE_Area": 425.07286832, "Town": "Allama Iqbal Town", "UC_N0": "UC_119", "Landuse": "P", "KA": null, "Name": null, "Plot_No": null, "__source_file": "west_wood.shp" }, "geometry": { "type": "Polygon", "coordinates": [ [ [ 74.236867664267123, 31.4610764865139 ], [ 74.236737160222688, 31.460986258060831 ], [ 74.236554962262673, 31.461169290068767 ], [ 74.236686862374754, 31.461259350191735 ], [ 74.236867664267123, 31.4610764865139 ] ] ] } },
{ "type": "Feature", "properties": { "OBJECTID": 277699, "SHAPE_Leng": 88.139127033099996, "SHAPE_Area": 428.46921516600003, "Town": "Allama Iqbal Town", "UC_N0": "UC_119", "Landuse": null, "KA": null, "Name": null, "Plot_No": null, "__source_file": "west_wood.shp" }, "geometry": { "type": "Polygon", "coordinates": [ [ [ 74.2364272295181, 31.461082074099831 ], [ 74.236304314130166, 31.46099814826179 ], [ 74.236110661457573, 31.461205944950255 ], [ 74.236224973361814, 31.461286243256893 ], [ 74.2364272295181, 31.461082074099831 ] ] ] } },
{ "type": "Feature", "properties": { "OBJECTID": 277700, "SHAPE_Leng": 88.943325310099993, "SHAPE_Area": 430.61823384299998, "Town": "Allama Iqbal Town", "UC_N0": "UC_119", "Landuse": "R", "KA": null, "Name": null, "Plot_No": null, "__source_file": "west_wood.shp" }, "geometry": { "type": "Polygon", "coordinates": [ [ [ 74.236800904054746, 31.461337217599478 ], [ 74.236686862374754, 31.461259350191735 ], [ 74.236481858749784, 31.461466690921185 ], [ 74.236601133171462, 31.461550473988463 ], [ 74.236800904054746, 31.461337217599478 ] ] ] } },
{ "type": "Feature", "properties": { "OBJECTID": 277701, "SHAPE_Leng": 90.546979936300005, "SHAPE_Area": 460.99808915, "Town": "Allama Iqbal Town", "UC_N0": "UC_119", "Landuse": "R", "KA": null, "Name": null, "Plot_No": null, "__source_file": "west_wood.shp" }, "geometry": { "type": "Polygon", "coordinates": [ [ [ 74.236554962262673, 31.461169290068767 ], [ 74.2364272295181, 31.461082074099831 ], [ 74.236224973361814, 31.461286243256893 ], [ 74.236350657662115, 31.461374528973593 ], [ 74.236554962262673, 31.461169290068767 ] ] ] } },
{ "type": "Feature", "properties": { "OBJECTID": 277702, "SHAPE_Leng": 92.167720221300002, "SHAPE_Area": 482.143944498, "Town": "Allama Iqbal Town", "UC_N0": "UC_119", "Landuse": "R", "KA": null, "Name": null, "Plot_No": null, "__source_file": "west_wood.shp" }, "geometry": { "type": "Polygon", "coordinates": [ [ [ 74.236686862374754, 31.461259350191735 ], [ 74.236554962262673, 31.461169290068767 ], [ 74.236350657662115, 31.461374528973593 ], [ 74.236481858749784, 31.461466690921185 ], [ 74.236686862374754, 31.461259350191735 ] ] ] } },
{ "type": "Feature", "properties": { "OBJECTID": 277708, "SHAPE_Leng": 119.894044951, "SHAPE_Area": 894.14095077599995, "Town": "Allama Iqbal Town", "UC_N0": "UC_119", "Landuse": null, "KA": null, "Name": null, "Plot_No": null, "__source_file": "west_wood.shp" }, "geometry": { "type": "Polygon", "coordinates": [ [ [ 74.236909172732098, 31.460676071909234 ], [ 74.236806162651718, 31.460606738587632 ], [ 74.236681799562263, 31.460523031840854 ], [ 74.236646611548878, 31.4604993472086 ], [ 74.236462875086119, 31.460693073887015 ], [ 74.23672708711409, 31.460876772142605 ], [ 74.236909172732098, 31.460676071909234 ] ] ] } },
{ "type": "Feature", "properties": { "OBJECTID": 277709, "SHAPE_Leng": 117.453861127, "SHAPE_Area": 850.99024263299998, "Town": "Allama Iqbal Town", "UC_N0": "UC_119", "Landuse": "R", "KA": null, "Name": null, "Plot_No": null, "__source_file": "west_wood.shp" }, "geometry": { "type": "Polygon", "coordinates": [ [ [ 74.237585672249608, 31.461155618298228 ], [ 74.237383377835243, 31.461328269669618 ], [ 74.237527907005585, 31.461424577786136 ], [ 74.237722366427377, 31.461241989087597 ], [ 74.237585672249608, 31.461155618298228 ] ] ] } },
{ "type": "Feature", "properties": { "OBJECTID": 277710, "SHAPE_Leng": 132.84107037300001, "SHAPE_Area": 929.00674167099999, "Town": "Allama Iqbal Town", "UC_N0": "UC_119", "Landuse": null, "KA": null, "Name": null, "Plot_No": null, "__source_file": "west_wood.shp" }, "geometry": { "type": "Polygon", "coordinates": [ [ [ 74.237199323654977, 31.460637078747872 ], [ 74.237058250885951, 31.460776412869123 ], [ 74.237280287472899, 31.460925859424979 ], [ 74.237435527056562, 31.461030347165334 ], [ 74.237583405898945, 31.460903815069969 ], [ 74.237199323654977, 31.460637078747872 ] ] ] } },
{ "type": "Feature", "properties": { "OBJECTID": 277711, "SHAPE_Leng": 55.993374101000001, "SHAPE_Area": 131.62002839300001, "Town": "Allama Iqbal Town", "UC_N0": "UC_119", "Landuse": null, "KA": null, "Name": null, "Plot_No": null, "__source_file": "west_wood.shp" }, "geometry": { "type": "Polygon", "coordinates": [ [ [ 74.236575958003897, 31.460284326433737 ], [ 74.236330085607293, 31.460286298855898 ], [ 74.236406402053149, 31.460337666258617 ], [ 74.236479349898516, 31.460386767002131 ], [ 74.236575958003897, 31.460284326433737 ] ] ] } },
{ "type": "Feature", "properties": { "OBJECTID": 277712, "SHAPE_Leng": 57.621243493000001, "SHAPE_Area": 176.70660852500001, "Town": "Allama Iqbal Town", "UC_N0": "UC_119", "Landuse": null, "KA": null, "Name": null, "Plot_No": null, "__source_file": "west_wood.shp" }, "geometry": { "type": "Polygon", "coordinates": [ [ [ 74.236700511498228, 31.460290662638617 ], [ 74.23669007019096, 31.460283410604795 ], [ 74.236575958003897, 31.460284326433737 ], [ 74.236479349898516, 31.460386767002131 ], [ 74.23653230139044, 31.460422407352052 ], [ 74.236558344285385, 31.460439936678853 ], [ 74.236700511498228, 31.460290662638617 ] ] ] } },
{ "type": "Feature", "properties": { "OBJECTID": 277713, "SHAPE_Leng": 71.991265401600003, "SHAPE_Area": 313.351184467, "Town": "Allama Iqbal Town", "UC_N0": "UC_119", "Landuse": null, "KA": null, "Name": null, "Plot_No": null, "__source_file": "west_wood.shp" }, "geometry": { "type": "Polygon", "coordinates": [ [ [ 74.236819796492796, 31.460373504550677 ], [ 74.236700511498228, 31.460290662638617 ], [ 74.236558344285385, 31.460439936678853 ], [ 74.236646611548878, 31.4604993472086 ], [ 74.236681799562263, 31.460523031840854 ], [ 74.236819796492796, 31.460373504550677 ] ] ] } },
{ "type": "Feature", "properties": { "OBJECTID": 277714, "SHAPE_Leng": 71.839872426100001, "SHAPE_Area": 315.66829911799999, "Town": "Allama Iqbal Town", "UC_N0": "UC_119", "Landuse": null, "KA": null, "Name": null, "Plot_No": null, "__source_file": "west_wood.shp" }, "geometry": { "type": "Polygon", "coordinates": [ [ [ 74.237199323654977, 31.460637078747872 ], [ 74.237069833155289, 31.4605471507919 ], [ 74.23693498232781, 31.46069344368572 ], [ 74.237023728469211, 31.460753176197631 ], [ 74.237058250885951, 31.460776412869123 ], [ 74.237199323654977, 31.460637078747872 ] ] ] } },
{ "type": "Feature", "properties": { "OBJECTID": 277715, "SHAPE_Leng": 72.082958471300003, "SHAPE_Area": 315.751726539, "Town": "Allama Iqbal Town", "UC_N0": "UC_119", "Landuse": null, "KA": null, "Name": null, "Plot_No": null, "__source_file": "west_wood.shp" }, "geometry": { "type": "Polygon", "coordinates": [ [ [ 74.236942660183686, 31.460458831641979 ], [ 74.236819796492796, 31.460373504550677 ], [ 74.236681799562263, 31.460523031840854 ], [ 74.236806162651718, 31.460606738587632 ], [ 74.236942660183686, 31.460458831641979 ] ] ] } },
{ "type": "Feature", "properties": { "OBJECTID": 277716, "SHAPE_Leng": 72.681478301699997, "SHAPE_Area": 323.31520353600001, "Town": "Allama Iqbal Town", "UC_N0": "UC_119", "Landuse": null, "KA": null, "Name": null, "Plot_No": null, "__source_file": "west_wood.shp" }, "geometry": { "type": "Polygon", "coordinates": [ [ [ 74.237069833155289, 31.4605471507919 ], [ 74.236942660183686, 31.460458831641979 ], [ 74.236806162651718, 31.460606738587632 ], [ 74.236909172732098, 31.460676071909234 ], [ 74.23693498232781, 31.46069344368572 ], [ 74.237069833155289, 31.4605471507919 ] ] ] } },
{ "type": "Feature", "properties": { "OBJECTID": 277717, "SHAPE_Leng": 54.787033907800001, "SHAPE_Area": 166.00381080899999, "Town": "Allama Iqbal Town", "UC_N0": "UC_119", "Landuse": null, "KA": null, "Name": null, "Plot_No": null, "__source_file": "west_wood.shp" }, "geometry": { "type": "Polygon", "coordinates": [ [ [ 74.237435527056562, 31.461030347165334 ], [ 74.237280287472899, 31.460925859424979 ], [ 74.237225043225607, 31.460983153446104 ], [ 74.237361349003351, 31.461093817882979 ], [ 74.237435527056562, 31.461030347165334 ] ] ] } },
{ "type": "Feature", "properties": { "OBJECTID": 277719, "SHAPE_Leng": 73.813977316000006, "SHAPE_Area": 337.42217248499998, "Town": "Allama Iqbal Town", "UC_N0": "UC_119", "Landuse": "R", "KA": null, "Name": null, "Plot_No": null, "__source_file": "west_wood.shp" }, "geometry": { "type": "Polygon", "coordinates": [ [ [ 74.237361349003351, 31.461093817882979 ], [ 74.237225043225607, 31.460983153446104 ], [ 74.237086601671805, 31.461126730164267 ], [ 74.237216959827293, 31.461217362492821 ], [ 74.237361349003351, 31.461093817882979 ] ] ] } },
{ "type": "Feature", "properties": { "OBJECTID": 277720, "SHAPE_Leng": 83.009551675099999, "SHAPE_Area": 384.19636862099998, "Town": "Allama Iqbal Town", "UC_N0": "UC_119", "Landuse": null, "KA": null, "Name": null, "Plot_No": null, "__source_file": "west_wood.shp" }, "geometry": { "type": "Polygon", "coordinates": [ [ [ 74.236646611548878, 31.4604993472086 ], [ 74.236558344285385, 31.460439936678853 ], [ 74.23653230139044, 31.460422407352052 ], [ 74.236347856864825, 31.4606131044984 ], [ 74.236458275111005, 31.460689875154024 ], [ 74.236462875086119, 31.460693073887015 ], [ 74.236646611548878, 31.4604993472086 ] ] ] } },
{ "type": "Feature", "properties": { "OBJECTID": 277721, "SHAPE_Leng": 84.357616557, "SHAPE_Area": 392.84239012400002, "Town": "Allama Iqbal Town", "UC_N0": "UC_119", "Landuse": null, "KA": null, "Name": null, "Plot_No": null, "__source_file": "west_wood.shp" }, "geometry": { "type": "Polygon", "coordinates": [ [ [ 74.237023728469211, 31.460753176197631 ], [ 74.23693498232781, 31.46069344368572 ], [ 74.236909172732098, 31.460676071909234 ], [ 74.23672708711409, 31.460876772142605 ], [ 74.236841010150798, 31.460955978606055 ], [ 74.237023728469211, 31.460753176197631 ] ] ] } },
{ "type": "Feature", "properties": { "OBJECTID": 277722, "SHAPE_Leng": 84.969566936899994, "SHAPE_Area": 414.03762761299998, "Town": "Allama Iqbal Town", "UC_N0": "UC_119", "Landuse": null, "KA": null, "Name": null, "Plot_No": null, "__source_file": "west_wood.shp" }, "geometry": { "type": "Polygon", "coordinates": [ [ [ 74.23653230139044, 31.460422407352052 ], [ 74.236479349898516, 31.460386767002131 ], [ 74.236406402053149, 31.460337666258617 ], [ 74.236224514942776, 31.46052734814123 ], [ 74.236347856864825, 31.4606131044984 ], [ 74.23653230139044, 31.460422407352052 ] ] ] } },
{ "type": "Feature", "properties": { "OBJECTID": 277723, "SHAPE_Leng": 83.136352091099994, "SHAPE_Area": 423.10389665399998, "Town": "Allama Iqbal Town", "UC_N0": "UC_119", "Landuse": null, "KA": null, "Name": null, "Plot_No": null, "__source_file": "west_wood.shp" }, "geometry": { "type": "Polygon", "coordinates": [ [ [ 74.236406402053149, 31.460337666258617 ], [ 74.236330085607293, 31.460286298855898 ], [ 74.236227206852362, 31.460287124373835 ], [ 74.236093064977524, 31.460435954042335 ], [ 74.236224514942776, 31.46052734814123 ], [ 74.236406402053149, 31.460337666258617 ] ] ] } },
{ "type": "Feature", "properties": { "OBJECTID": 277724, "SHAPE_Leng": 118.32341273500001, "SHAPE_Area": 874.00056505099997, "Town": "Allama Iqbal Town", "UC_N0": "UC_119", "Landuse": "P", "KA": null, "Name": null, "Plot_No": null, "__source_file": "west_wood.shp" }, "geometry": { "type": "Polygon", "coordinates": [ [ [ 74.23715414984278, 31.460840959853353 ], [ 74.236961312209004, 31.461039620732855 ], [ 74.23708660167182, 31.461126730164267 ], [ 74.237225043225607, 31.460983153446122 ], [ 74.237280287472899, 31.460925859424979 ], [ 74.23715414984278, 31.460840959853353 ] ] ] } },
{ "type": "Feature", "properties": { "OBJECTID": 277725, "SHAPE_Leng": 180.158082079, "SHAPE_Area": 1803.5122084499999, "Town": "Allama Iqbal Town", "UC_N0": "UC_119", "Landuse": "V", "KA": null, "Name": null, "Plot_No": null, "__source_file": "west_wood.shp" }, "geometry": { "type": "Polygon", "coordinates": [ [ [ 74.236671787866172, 31.462121828388469 ], [ 74.236893788605229, 31.462314784012644 ], [ 74.237061746505518, 31.462173036644646 ], [ 74.236842107461172, 31.461978138381124 ], [ 74.236736169765351, 31.462067512575739 ], [ 74.236671787866172, 31.462121828388469 ] ] ] } },
{ "type": "Feature", "properties": { "OBJECTID": 277753, "SHAPE_Leng": 81.2554608282, "SHAPE_Area": 300.2374222, "Town": "Allama Iqbal Town", "UC_N0": "UC_119", "Landuse": "R", "KA": null, "Name": null, "Plot_No": "288", "__source_file": "west_wood.shp" }, "geometry": { "type": "Polygon", "coordinates": [ [ [ 74.237143251799637, 31.461724076316308 ], [ 74.236918479497874, 31.461522788746986 ], [ 74.236838262136843, 31.461590290374915 ], [ 74.237077535384557, 31.461779518774168 ], [ 74.237143251799637, 31.461724076316308 ] ] ] } },
{ "type": "Feature", "properties": { "OBJECTID": 277754, "SHAPE_Leng": 88.610309612199998, "SHAPE_Area": 413.37497073899999, "Town": "Allama Iqbal Town", "UC_N0": "UC_119", "Landuse": "R", "KA": null, "Name": null, "Plot_No": "289", "__source_file": "west_wood.shp" }, "geometry": { "type": "Polygon", "coordinates": [ [ [ 74.237058108081072, 31.461795908265255 ], [ 74.23706782331972, 31.461787712627334 ], [ 74.237077535384557, 31.461779518774168 ], [ 74.236838262136843, 31.461590290374915 ], [ 74.23673984702242, 31.461673105154254 ], [ 74.236975136832129, 31.461865908057863 ], [ 74.237058108081072, 31.461795908265255 ] ] ] } },
{ "type": "Feature", "properties": { "OBJECTID": 277755, "SHAPE_Leng": 90.899083073400007, "SHAPE_Area": 448.80527889799998, "Town": "Allama Iqbal Town", "UC_N0": "UC_119", "Landuse": "R", "KA": null, "Name": null, "Plot_No": "291", "__source_file": "west_wood.shp" }, "geometry": { "type": "Polygon", "coordinates": [ [ [ 74.236842107461172, 31.461978138381138 ], [ 74.236615897125773, 31.461777406509416 ], [ 74.236504083706279, 31.461871495682001 ], [ 74.236736169765351, 31.462067512575718 ], [ 74.236842107461172, 31.461978138381138 ] ] ] } },
{ "type": "Feature", "properties": { "OBJECTID": 277756, "SHAPE_Leng": 91.496626530399993, "SHAPE_Area": 457.763373704, "Town": "Allama Iqbal Town", "UC_N0": "UC_119", "Landuse": "R", "KA": null, "Name": null, "Plot_No": "293", "__source_file": "west_wood.shp" }, "geometry": { "type": "Polygon", "coordinates": [ [ [ 74.236736169765351, 31.462067512575718 ], [ 74.236504083706279, 31.461871495682001 ], [ 74.236394700178067, 31.461963539472126 ], [ 74.236623596365916, 31.462162485101956 ], [ 74.236736169765351, 31.462067512575718 ] ] ] } },
{ "type": "Feature", "properties": { "OBJECTID": 277757, "SHAPE_Leng": 92.013212330399995, "SHAPE_Area": 478.72611968000001, "Town": "Allama Iqbal Town", "UC_N0": "UC_119", "Landuse": null, "KA": null, "Name": null, "Plot_No": "37A", "__source_file": "west_wood.shp" }, "geometry": { "type": "Polygon", "coordinates": [ [ [ 74.236274699005051, 31.462456828573888 ], [ 74.236050388933563, 31.462260727323958 ], [ 74.235934340982354, 31.462367516543299 ], [ 74.236157264322998, 31.462555901147574 ], [ 74.236274699005051, 31.462456828573888 ] ] ] } },
{ "type": "Feature", "properties": { "OBJECTID": 277758, "SHAPE_Leng": 93.775574642699993, "SHAPE_Area": 497.55654689599999, "Town": "Allama Iqbal Town", "UC_N0": "UC_119", "Landuse": "R", "KA": null, "Name": null, "Plot_No": "287", "__source_file": "west_wood.shp" }, "geometry": { "type": "Polygon", "coordinates": [ [ [ 74.23717340959297, 31.461698633787762 ], [ 74.237264622627421, 31.461621680813039 ], [ 74.237042754575299, 31.461422695179838 ], [ 74.236943543423891, 31.461501698006238 ], [ 74.236918479497874, 31.461522788746986 ], [ 74.237143251799637, 31.461724076316308 ], [ 74.23717340959297, 31.461698633787762 ] ] ] } },
{ "type": "Feature", "properties": { "OBJECTID": 277759, "SHAPE_Leng": 96.096799464499995, "SHAPE_Area": 529.33104978300003, "Town": "Allama Iqbal Town", "UC_N0": "UC_119", "Landuse": "R", "KA": null, "Name": null, "Plot_No": "290", "__source_file": "west_wood.shp" }, "geometry": { "type": "Polygon", "coordinates": [ [ [ 74.236937952399217, 31.461897278665333 ], [ 74.236950089332424, 31.461887038598324 ], [ 74.236975136832129, 31.461865908057863 ], [ 74.23673984702242, 31.461673105154254 ], [ 74.236615897125773, 31.461777406509416 ], [ 74.236842107461172, 31.461978138381138 ], [ 74.236937952399217, 31.461897278665333 ] ] ] } },
{ "type": "Feature", "properties": { "OBJECTID": 277760, "SHAPE_Leng": 102.639874557, "SHAPE_Area": 635.82336001900001, "Town": "Allama Iqbal Town", "UC_N0": "UC_119", "Landuse": "R", "KA": null, "Name": null, "Plot_No": "286", "__source_file": "west_wood.shp" }, "geometry": { "type": "Polygon", "coordinates": [ [ [ 74.237367989297397, 31.461534475131213 ], [ 74.237432897806769, 31.461479713395953 ], [ 74.237194433993182, 31.461301910788098 ], [ 74.237042754575299, 31.461422695179838 ], [ 74.237264622627421, 31.461621680813039 ], [ 74.237367989297397, 31.461534475131213 ] ] ] } },
{ "type": "Feature", "properties": { "OBJECTID": 277761, "SHAPE_Leng": 76.149683762400002, "SHAPE_Area": 262.62550808999998, "Town": "Allama Iqbal Town", "UC_N0": "UC_119", "Landuse": "R", "KA": null, "Name": null, "Plot_No": null, "__source_file": "west_wood.shp" }, "geometry": { "type": "Polygon", "coordinates": [ [ [ 74.237432897806769, 31.461479713395953 ], [ 74.237367989297397, 31.461534475131213 ], [ 74.237593044099327, 31.461717388969234 ], [ 74.237656751655649, 31.461651583102036 ], [ 74.237432897806769, 31.461479713395953 ] ] ] } },
{ "type": "Feature", "properties": { "OBJECTID": 277762, "SHAPE_Leng": 83.751404660999995, "SHAPE_Area": 355.75151190100001, "Town": "Allama Iqbal Town", "UC_N0": "UC_119", "Landuse": "R", "KA": null, "Name": null, "Plot_No": null, "__source_file": "west_wood.shp" }, "geometry": { "type": "Polygon", "coordinates": [ [ [ 74.237482992042089, 31.461817527157301 ], [ 74.237264622627421, 31.461621680813039 ], [ 74.23717340959297, 31.461698633787762 ], [ 74.237396462058712, 31.461890554640483 ], [ 74.237482992042089, 31.461817527157301 ] ] ] } },
{ "type": "Feature", "properties": { "OBJECTID": 277763, "SHAPE_Leng": 86.781074053200001, "SHAPE_Area": 400.96058279699997, "Town": "Allama Iqbal Town", "UC_N0": "UC_119", "Landuse": "R", "KA": null, "Name": null, "Plot_No": null, "__source_file": "west_wood.shp" }, "geometry": { "type": "Polygon", "coordinates": [ [ [ 74.237166182520042, 31.462084898299846 ], [ 74.236937952399217, 31.461897278665333 ], [ 74.236842107461172, 31.461978138381138 ], [ 74.237061746505503, 31.462173036644622 ], [ 74.237166182520042, 31.462084898299846 ] ] ] } },
{ "type": "Feature", "properties": { "OBJECTID": 277764, "SHAPE_Leng": 88.522027656899994, "SHAPE_Area": 431.520598597, "Town": "Allama Iqbal Town", "UC_N0": "UC_119", "Landuse": "R", "KA": null, "Name": null, "Plot_No": null, "__source_file": "west_wood.shp" }, "geometry": { "type": "Polygon", "coordinates": [ [ [ 74.237593044099327, 31.461717388969234 ], [ 74.237367989297397, 31.461534475131213 ], [ 74.237264622627421, 31.461621680813039 ], [ 74.237482992042089, 31.461817527157301 ], [ 74.237593044099327, 31.461717388969234 ] ] ] } },
{ "type": "Feature", "properties": { "OBJECTID": 277765, "SHAPE_Leng": 90.525962150599995, "SHAPE_Area": 457.41894446399999, "Town": "Allama Iqbal Town", "UC_N0": "UC_119", "Landuse": "R", "KA": null, "Name": null, "Plot_No": null, "__source_file": "west_wood.shp" }, "geometry": { "type": "Polygon", "coordinates": [ [ [ 74.237396462058712, 31.461890554640483 ], [ 74.23717340959297, 31.461698633787762 ], [ 74.237143251799637, 31.461724076316308 ], [ 74.237077535384557, 31.461779518774168 ], [ 74.23706782331972, 31.461787712627334 ], [ 74.237058108081072, 31.461795908265255 ], [ 74.237283241722196, 31.461986106740312 ], [ 74.237396462058712, 31.461890554640483 ] ] ] } },
{ "type": "Feature", "properties": { "OBJECTID": 277766, "SHAPE_Leng": 90.672591081299998, "SHAPE_Area": 462.33677783600001, "Town": "Allama Iqbal Town", "UC_N0": "UC_119", "Landuse": null, "KA": null, "Name": null, "Plot_No": "275", "__source_file": "west_wood.shp" }, "geometry": { "type": "Polygon", "coordinates": [ [ [ 74.23649611389537, 31.462650397683554 ], [ 74.236274699005051, 31.462456828573888 ], [ 74.236157264322998, 31.462555901147574 ], [ 74.236380725888836, 31.462744739687079 ], [ 74.23640798310737, 31.462724773674257 ], [ 74.23649611389537, 31.462650397683554 ] ] ] } },
{ "type": "Feature", "properties": { "OBJECTID": 277767, "SHAPE_Leng": 91.072138950199999, "SHAPE_Area": 465.39149671500002, "Town": "Allama Iqbal Town", "UC_N0": "UC_119", "Landuse": "R", "KA": null, "Name": null, "Plot_No": "274", "__source_file": "west_wood.shp" }, "geometry": { "type": "Polygon", "coordinates": [ [ [ 74.236611402491548, 31.46255310110876 ], [ 74.236391777328464, 31.462358057811983 ], [ 74.236274699005051, 31.462456828573888 ], [ 74.23649611389537, 31.462650397683554 ], [ 74.236611402491548, 31.46255310110876 ] ] ] } },
{ "type": "Feature", "properties": { "OBJECTID": 277768, "SHAPE_Leng": 91.702120605700003, "SHAPE_Area": 474.86138962299998, "Town": "Allama Iqbal Town", "UC_N0": "UC_119", "Landuse": "R", "KA": null, "Name": null, "Plot_No": null, "__source_file": "west_wood.shp" }, "geometry": { "type": "Polygon", "coordinates": [ [ [ 74.237283241722196, 31.461986106740312 ], [ 74.237058108081072, 31.461795908265255 ], [ 74.236975136832129, 31.461865908057863 ], [ 74.236950089332424, 31.461887038598324 ], [ 74.236937952399217, 31.461897278665333 ], [ 74.237166182520042, 31.462084898299846 ], [ 74.237283241722196, 31.461986106740312 ] ] ] } },
{ "type": "Feature", "properties": { "OBJECTID": 277769, "SHAPE_Leng": 68.535257732399998, "SHAPE_Area": 276.28003478099998, "Town": "Allama Iqbal Town", "UC_N0": "UC_119", "Landuse": "C", "KA": null, "Name": null, "Plot_No": null, "__source_file": "west_wood.shp" }, "geometry": { "type": "Polygon", "coordinates": [ [ [ 74.23823236639241, 31.461869265710448 ], [ 74.23812268194564, 31.461970791760585 ], [ 74.238171325263437, 31.462016545223417 ], [ 74.23828788624941, 31.461920657524523 ], [ 74.23823236639241, 31.461869265710448 ] ] ] } },
{ "type": "Feature", "properties": { "OBJECTID": 277770, "SHAPE_Leng": 356.34160442199999, "SHAPE_Area": 5311.5961971200004, "Town": "Allama Iqbal Town", "UC_N0": "UC_119", "Landuse": "R", "KA": null, "Name": null, "Plot_No": "27", "__source_file": "west_wood.shp" }, "geometry": { "type": "Polygon", "coordinates": [ [ [ 74.236570603658706, 31.464425779023671 ], [ 74.236379571983562, 31.464263099302308 ], [ 74.236101645487039, 31.46450909360372 ], [ 74.236300027078229, 31.464677560054941 ], [ 74.236570603658706, 31.464425779023671 ] ] ] } },
{ "type": "Feature", "properties": { "OBJECTID": 277771, "SHAPE_Leng": 149.284637288, "SHAPE_Area": 1292.78383988, "Town": "Allama Iqbal Town", "UC_N0": "UC_119", "Landuse": "V", "KA": null, "Name": null, "Plot_No": "93", "__source_file": "west_wood.shp" }, "geometry": { "type": "Polygon", "coordinates": [ [ [ 74.239109311889237, 31.465317184585103 ], [ 74.238899497702079, 31.465485654824626 ], [ 74.239025940750537, 31.465594479697621 ], [ 74.239231473994579, 31.465422844492206 ], [ 74.239109311889237, 31.465317184585103 ] ] ] } },
{ "type": "Feature", "properties": { "OBJECTID": 277772, "SHAPE_Leng": 123.076107796, "SHAPE_Area": 907.32901099200001, "Town": "Allama Iqbal Town", "UC_N0": "UC_119", "Landuse": "C", "KA": null, "Name": "Shop", "Plot_No": "72", "__source_file": "west_wood.shp" }, "geometry": { "type": "Polygon", "coordinates": [ [ [ 74.237466702005861, 31.464288207038592 ], [ 74.237183640361252, 31.464060838797032 ], [ 74.237003616968224, 31.464214681182263 ], [ 74.237284127301692, 31.464448913150839 ], [ 74.237466702005861, 31.464288207038592 ] ] ] } },
{ "type": "Feature", "properties": { "OBJECTID": 277773, "SHAPE_Leng": 213.70455659500001, "SHAPE_Area": 2541.4484496, "Town": "Allama Iqbal Town", "UC_N0": "UC_119", "Landuse": "V", "KA": null, "Name": null, "Plot_No": "74", "__source_file": "west_wood.shp" }, "geometry": { "type": "Polygon", "coordinates": [ [ [ 74.23736574060996, 31.463905221218543 ], [ 74.237066562869614, 31.463704135402036 ], [ 74.236880223469797, 31.463867090350298 ], [ 74.237183640361252, 31.464060838797032 ], [ 74.23736574060996, 31.463905221218543 ] ] ] } },
{ "type": "Feature", "properties": { "OBJECTID": 277774, "SHAPE_Leng": 122.668817383, "SHAPE_Area": 905.37342206899996, "Town": "Allama Iqbal Town", "UC_N0": "UC_119", "Landuse": "C", "KA": null, "Name": "Shop", "Plot_No": "77", "__source_file": "west_wood.shp" }, "geometry": { "type": "Polygon", "coordinates": [ [ [ 74.237728764922252, 31.463594987838995 ], [ 74.237902252650187, 31.46344672723864 ], [ 74.237628574700977, 31.463212648251659 ], [ 74.237444908422006, 31.463373267847224 ], [ 74.237719182226783, 31.463603177094715 ], [ 74.237728764922252, 31.463594987838995 ] ] ] } },
{ "type": "Feature", "properties": { "OBJECTID": 277775, "SHAPE_Leng": 117.88258058300001, "SHAPE_Area": 830.92023347300005, "Town": "Allama Iqbal Town", "UC_N0": "UC_119", "Landuse": "R", "KA": null, "Name": null, "Plot_No": "68", "__source_file": "west_wood.shp" }, "geometry": { "type": "Polygon", "coordinates": [ [ [ 74.237902252650187, 31.46344672723864 ], [ 74.237728764922252, 31.463594987838995 ], [ 74.237994300994174, 31.463823796109445 ], [ 74.238166200910413, 31.463672482517516 ], [ 74.237902252650187, 31.46344672723864 ] ] ] } },
{ "type": "Feature", "properties": { "OBJECTID": 277776, "SHAPE_Leng": 119.014751937, "SHAPE_Area": 841.79086198899995, "Town": "Allama Iqbal Town", "UC_N0": "UC_119", "Landuse": "R", "KA": null, "Name": null, "Plot_No": "70", "__source_file": "west_wood.shp" }, "geometry": { "type": "Polygon", "coordinates": [ [ [ 74.237815981373288, 31.463980759753692 ], [ 74.237536888122293, 31.46375896185366 ], [ 74.23736574060996, 31.463905221218543 ], [ 74.237644117431699, 31.464132040591174 ], [ 74.237815981373288, 31.463980759753692 ] ] ] } },
{ "type": "Feature", "properties": { "OBJECTID": 277777, "SHAPE_Leng": 121.936627379, "SHAPE_Area": 890.71591539300005, "Town": "Allama Iqbal Town", "UC_N0": "UC_119", "Landuse": "R", "KA": null, "Name": null, "Plot_No": "71", "__source_file": "west_wood.shp" }, "geometry": { "type": "Polygon", "coordinates": [ [ [ 74.237644117431699, 31.464132040591174 ], [ 74.23736574060996, 31.463905221218543 ], [ 74.237183640361252, 31.464060838797032 ], [ 74.237466702005861, 31.464288207038592 ], [ 74.237644117431699, 31.464132040591174 ] ] ] } },
{ "type": "Feature", "properties": { "OBJECTID": 277778, "SHAPE_Leng": 121.95667224100001, "SHAPE_Area": 899.32669359600004, "Town": "Allama Iqbal Town", "UC_N0": "UC_119", "Landuse": "R", "KA": null, "Name": null, "Plot_No": "69", "__source_file": "west_wood.shp" }, "geometry": { "type": "Polygon", "coordinates": [ [ [ 74.237994300994174, 31.463823796109445 ], [ 74.237728764922252, 31.463594987838995 ], [ 74.237719182226783, 31.463603177094715 ], [ 74.237536888122293, 31.46375896185366 ], [ 74.237815981373288, 31.463980759753692 ], [ 74.237994300994174, 31.463823796109445 ] ] ] } },
{ "type": "Feature", "properties": { "OBJECTID": 277779, "SHAPE_Leng": 122.500948724, "SHAPE_Area": 905.27266729500002, "Town": "Allama Iqbal Town", "UC_N0": "UC_119", "Landuse": "R", "KA": null, "Name": null, "Plot_No": "76", "__source_file": "west_wood.shp" }, "geometry": { "type": "Polygon", "coordinates": [ [ [ 74.237719182226783, 31.463603177094715 ], [ 74.237444908422006, 31.463373267847224 ], [ 74.237257638267153, 31.463537037911646 ], [ 74.237536888122293, 31.46375896185366 ], [ 74.237719182226783, 31.463603177094715 ] ] ] } },
{ "type": "Feature", "properties": { "OBJECTID": 277780, "SHAPE_Leng": 121.521666856, "SHAPE_Area": 882.86767804399994, "Town": "Allama Iqbal Town", "UC_N0": "UC_119", "Landuse": "R", "KA": null, "Name": null, "Plot_No": null, "__source_file": "west_wood.shp" }, "geometry": { "type": "Polygon", "coordinates": [ [ [ 74.238710226491662, 31.463227619935896 ], [ 74.238442734027487, 31.462988873454911 ], [ 74.238262229640284, 31.463139841242359 ], [ 74.238528597208003, 31.463379975336913 ], [ 74.238710226491662, 31.463227619935896 ] ] ] } },
{ "type": "Feature", "properties": { "OBJECTID": 277781, "SHAPE_Leng": 117.689294499, "SHAPE_Area": 838.82094345799999, "Town": "Allama Iqbal Town", "UC_N0": "UC_119", "Landuse": "R", "KA": null, "Name": null, "Plot_No": null, "__source_file": "west_wood.shp" }, "geometry": { "type": "Polygon", "coordinates": [ [ [ 74.238262229640284, 31.463139841242359 ], [ 74.238010351521837, 31.462912767655038 ], [ 74.237827250618679, 31.46306923465151 ], [ 74.238081932393129, 31.463290634065391 ], [ 74.238262229640284, 31.463139841242359 ] ] ] } },
{ "type": "Feature", "properties": { "OBJECTID": 277783, "SHAPE_Leng": 49.489379708199998, "SHAPE_Area": 115.539384291, "Town": "Allama Iqbal Town", "UC_N0": "UC_119", "Landuse": "C", "KA": null, "Name": null, "Plot_No": null, "__source_file": "west_wood.shp" }, "geometry": { "type": "Polygon", "coordinates": [ [ [ 74.237908011727853, 31.461768874157695 ], [ 74.23777078852909, 31.461645617049211 ], [ 74.237729627611373, 31.461689235331384 ], [ 74.237825937503743, 31.461777591971071 ], [ 74.23785918071674, 31.461808089108107 ], [ 74.237908011727853, 31.461768874157695 ] ] ] } },
{ "type": "Feature", "properties": { "OBJECTID": 277784, "SHAPE_Leng": 52.563537498199999, "SHAPE_Area": 136.90826486899999, "Town": "Allama Iqbal Town", "UC_N0": "UC_119", "Landuse": "C", "KA": null, "Name": null, "Plot_No": null, "__source_file": "west_wood.shp" }, "geometry": { "type": "Polygon", "coordinates": [ [ [ 74.238023615348723, 31.461676034217255 ], [ 74.237888844063193, 31.461551281504352 ], [ 74.237830054453184, 31.46159198629427 ], [ 74.237968577131781, 31.461720234942025 ], [ 74.238023615348723, 31.461676034217255 ] ] ] } },
{ "type": "Feature", "properties": { "OBJECTID": 277785, "SHAPE_Leng": 51.6948897985, "SHAPE_Area": 144.08316536300001, "Town": "Allama Iqbal Town", "UC_N0": "UC_119", "Landuse": "C", "KA": null, "Name": null, "Plot_No": null, "__source_file": "west_wood.shp" }, "geometry": { "type": "Polygon", "coordinates": [ [ [ 74.238436341456023, 31.462058074475898 ], [ 74.238373338754414, 31.462109653286742 ], [ 74.238501900523843, 31.46222488532371 ], [ 74.238563295399985, 31.462175588532105 ], [ 74.238436341456023, 31.462058074475898 ] ] ] } },
{ "type": "Feature", "properties": { "OBJECTID": 277786, "SHAPE_Leng": 54.372468632699999, "SHAPE_Area": 155.24525093700001, "Town": "Allama Iqbal Town", "UC_N0": "UC_119", "Landuse": "C", "KA": null, "Name": null, "Plot_No": null, "__source_file": "west_wood.shp" }, "geometry": { "type": "Polygon", "coordinates": [ [ [ 74.237968577131781, 31.461720234942025 ], [ 74.237830054453184, 31.46159198629427 ], [ 74.237805083591553, 31.461609275804321 ], [ 74.23777078852909, 31.461645617049211 ], [ 74.237908011727853, 31.461768874157695 ], [ 74.237968577131781, 31.461720234942025 ] ] ] } },
{ "type": "Feature", "properties": { "OBJECTID": 277787, "SHAPE_Leng": 58.090461485900001, "SHAPE_Area": 165.920530746, "Town": "Allama Iqbal Town", "UC_N0": "UC_119", "Landuse": "C", "KA": null, "Name": null, "Plot_No": null, "__source_file": "west_wood.shp" }, "geometry": { "type": "Polygon", "coordinates": [ [ [ 74.238171325263437, 31.462016545223417 ], [ 74.238226823557355, 31.462068746338204 ], [ 74.23834364452388, 31.461972270509243 ], [ 74.23828788624941, 31.461920657524523 ], [ 74.238171325263437, 31.462016545223417 ] ] ] } },
{ "type": "Feature", "properties": { "OBJECTID": 277788, "SHAPE_Leng": 61.173257343800003, "SHAPE_Area": 228.512225395, "Town": "Allama Iqbal Town", "UC_N0": "UC_119", "Landuse": "C", "KA": null, "Name": null, "Plot_No": null, "__source_file": "west_wood.shp" }, "geometry": { "type": "Polygon", "coordinates": [ [ [ 74.238320032887955, 31.46215329342494 ], [ 74.238448031252247, 31.462268139082866 ], [ 74.238501900523858, 31.46222488532371 ], [ 74.238373338754414, 31.46210965328676 ], [ 74.238320032887955, 31.46215329342494 ] ] ] } },
{ "type": "Feature", "properties": { "OBJECTID": 277789, "SHAPE_Leng": 65.799259616699999, "SHAPE_Area": 246.23823361000001, "Town": "Allama Iqbal Town", "UC_N0": "UC_119", "Landuse": "C", "KA": null, "Name": null, "Plot_No": null, "__source_file": "west_wood.shp" }, "geometry": { "type": "Polygon", "coordinates": [ [ [ 74.237942511087084, 31.46180132414354 ], [ 74.237990018774227, 31.461846009669177 ], [ 74.238105109099777, 31.461751469298775 ], [ 74.238056304905456, 31.461706293482838 ], [ 74.237942511087084, 31.46180132414354 ] ] ] } },
{ "type": "Feature", "properties": { "OBJECTID": 277790, "SHAPE_Leng": 67.826417330300004, "SHAPE_Area": 268.24780959700001, "Town": "Allama Iqbal Town", "UC_N0": "UC_119", "Landuse": "C", "KA": null, "Name": null, "Plot_No": null, "__source_file": "west_wood.shp" }, "geometry": { "type": "Polygon", "coordinates": [ [ [ 74.23814753889009, 31.461790744819478 ], [ 74.238032351239681, 31.461885827353449 ], [ 74.238079855791241, 31.461930509817098 ], [ 74.238193524295426, 31.461833311575067 ], [ 74.23814753889009, 31.461790744819478 ] ] ] } },
{ "type": "Feature", "properties": { "OBJECTID": 277792, "SHAPE_Leng": 51.570036584900002, "SHAPE_Area": 132.43042843699999, "Town": "Allama Iqbal Town", "UC_N0": "UC_119", "Landuse": "C", "KA": null, "Name": null, "Plot_No": null, "__source_file": "west_wood.shp" }, "geometry": { "type": "Polygon", "coordinates": [ [ [ 74.238079798609746, 31.462010485320899 ], [ 74.238034706221143, 31.461969117250081 ], [ 74.238027944298068, 31.461962913944276 ], [ 74.237888461471002, 31.462082583670952 ], [ 74.237939075584876, 31.462127849766048 ], [ 74.238079798609746, 31.462010485320899 ] ] ] } },
{ "type": "Feature", "properties": { "OBJECTID": 277795, "SHAPE_Leng": 62.436239144399998, "SHAPE_Area": 235.899046946, "Town": "Allama Iqbal Town", "UC_N0": "UC_119", "Landuse": "C", "KA": null, "Name": null, "Plot_No": null, "__source_file": "west_wood.shp" }, "geometry": { "type": "Polygon", "coordinates": [ [ [ 74.238228109357451, 31.462146545577021 ], [ 74.238182871108904, 31.4621050440993 ], [ 74.238042861041038, 31.46222067070924 ], [ 74.238095630164196, 31.46226786517574 ], [ 74.238228109357451, 31.462146545577021 ] ] ] } },
{ "type": "Feature", "properties": { "OBJECTID": 277796, "SHAPE_Leng": 63.572981846899999, "SHAPE_Area": 239.99379313399999, "Town": "Allama Iqbal Town", "UC_N0": "UC_119", "Landuse": "C", "KA": null, "Name": null, "Plot_No": null, "__source_file": "west_wood.shp" }, "geometry": { "type": "Polygon", "coordinates": [ [ [ 74.23777658199738, 31.46173231226264 ], [ 74.237729627611373, 31.461689235331406 ], [ 74.237601025254662, 31.461825513541569 ], [ 74.237647340402916, 31.461866936094005 ], [ 74.23777658199738, 31.46173231226264 ] ] ] } },
{ "type": "Feature", "properties": { "OBJECTID": 277797, "SHAPE_Leng": 65.720359032399998, "SHAPE_Area": 265.37518453199999, "Town": "Allama Iqbal Town", "UC_N0": "UC_119", "Landuse": "C", "KA": null, "Name": null, "Plot_No": null, "__source_file": "west_wood.shp" }, "geometry": { "type": "Polygon", "coordinates": [ [ [ 74.238126552268966, 31.462053377186326 ], [ 74.237984987449309, 31.462168911260754 ], [ 74.238042861041038, 31.46222067070924 ], [ 74.238182871108904, 31.4621050440993 ], [ 74.238126552268966, 31.462053377186326 ] ] ] } },
{ "type": "Feature", "properties": { "OBJECTID": 277799, "SHAPE_Leng": 119.24743114899999, "SHAPE_Area": 842.59199115599995, "Town": "Allama Iqbal Town", "UC_N0": "UC_119", "Landuse": "R", "KA": null, "Name": null, "Plot_No": null, "__source_file": "west_wood.shp" }, "geometry": { "type": "Polygon", "coordinates": [ [ [ 74.238971325531566, 31.462546776114806 ], [ 74.238796234928557, 31.462693217030221 ], [ 74.239065704667894, 31.462929432976626 ], [ 74.239237208377332, 31.462785567883888 ], [ 74.238971325531566, 31.462546776114806 ] ] ] } },
{ "type": "Feature", "properties": { "OBJECTID": 277800, "SHAPE_Leng": 120.102306189, "SHAPE_Area": 857.28685451000001, "Town": "Allama Iqbal Town", "UC_N0": "UC_119", "Landuse": "R", "KA": null, "Name": null, "Plot_No": null, "__source_file": "west_wood.shp" }, "geometry": { "type": "Polygon", "coordinates": [ [ [ 74.23888546482452, 31.463080624271321 ], [ 74.238619471511541, 31.462841056118588 ], [ 74.238442734027487, 31.462988873454911 ], [ 74.238710226491662, 31.463227619935896 ], [ 74.23888546482452, 31.463080624271321 ] ] ] } },
{ "type": "Feature", "properties": { "OBJECTID": 277801, "SHAPE_Leng": 120.68375654899999, "SHAPE_Area": 867.04904993800005, "Town": "Allama Iqbal Town", "UC_N0": "UC_119", "Landuse": "R", "KA": null, "Name": null, "Plot_No": null, "__source_file": "west_wood.shp" }, "geometry": { "type": "Polygon", "coordinates": [ [ [ 74.238528597208003, 31.463379975336913 ], [ 74.238262229640284, 31.463139841242359 ], [ 74.238081932393129, 31.463290634065391 ], [ 74.238353582429482, 31.463526782358368 ], [ 74.238528597208003, 31.463379975336913 ] ] ] } },
{ "type": "Feature", "properties": { "OBJECTID": 277802, "SHAPE_Leng": 120.700027975, "SHAPE_Area": 868.72045333100004, "Town": "Allama Iqbal Town", "UC_N0": "UC_119", "Landuse": "R", "KA": null, "Name": null, "Plot_No": null, "__source_file": "west_wood.shp" }, "geometry": { "type": "Polygon", "coordinates": [ [ [ 74.239065704667894, 31.462929432976626 ], [ 74.238796234928557, 31.462693217030221 ], [ 74.238619471511541, 31.462841056118588 ], [ 74.23888546482452, 31.463080624271321 ], [ 74.239065704667894, 31.462929432976626 ] ] ] } },
{ "type": "Feature", "properties": { "OBJECTID": 277803, "SHAPE_Leng": 117.17473984199999, "SHAPE_Area": 821.224169856, "Town": "Allama Iqbal Town", "UC_N0": "UC_119", "Landuse": "R", "KA": null, "Name": null, "Plot_No": null, "__source_file": "west_wood.shp" }, "geometry": { "type": "Polygon", "coordinates": [ [ [ 74.238796234928557, 31.462693217030221 ], [ 74.238535123561149, 31.462464325732622 ], [ 74.238363770192322, 31.462610755795524 ], [ 74.238619471511541, 31.462841056118588 ], [ 74.238796234928557, 31.462693217030221 ] ] ] } },
{ "type": "Feature", "properties": { "OBJECTID": 277804, "SHAPE_Leng": 117.306061317, "SHAPE_Area": 826.46727771400003, "Town": "Allama Iqbal Town", "UC_N0": "UC_119", "Landuse": "R", "KA": null, "Name": null, "Plot_No": null, "__source_file": "west_wood.shp" }, "geometry": { "type": "Polygon", "coordinates": [ [ [ 74.238619471511541, 31.462841056118588 ], [ 74.238363770192322, 31.462610755795524 ], [ 74.238187683829622, 31.462761230089693 ], [ 74.238442734027487, 31.462988873454911 ], [ 74.238619471511541, 31.462841056118588 ] ] ] } },
{ "type": "Feature", "properties": { "OBJECTID": 277805, "SHAPE_Leng": 117.463547736, "SHAPE_Area": 832.09095997700001, "Town": "Allama Iqbal Town", "UC_N0": "UC_119", "Landuse": "R", "KA": null, "Name": null, "Plot_No": null, "__source_file": "west_wood.shp" }, "geometry": { "type": "Polygon", "coordinates": [ [ [ 74.238442734027487, 31.462988873454911 ], [ 74.238187683829622, 31.462761230089693 ], [ 74.238010351521837, 31.462912767655038 ], [ 74.238262229640284, 31.463139841242359 ], [ 74.238442734027487, 31.462988873454911 ] ] ] } },
{ "type": "Feature", "properties": { "OBJECTID": 277806, "SHAPE_Leng": 118.191949708, "SHAPE_Area": 835.425351664, "Town": "Allama Iqbal Town", "UC_N0": "UC_119", "Landuse": "R", "KA": null, "Name": null, "Plot_No": null, "__source_file": "west_wood.shp" }, "geometry": { "type": "Polygon", "coordinates": [ [ [ 74.238971325531566, 31.462546776114806 ], [ 74.238735084586821, 31.462334604110346 ], [ 74.238711965576286, 31.462313204031208 ], [ 74.238535123561149, 31.462464325732622 ], [ 74.238796234928557, 31.462693217030221 ], [ 74.238971325531566, 31.462546776114806 ] ] ] } },
{ "type": "Feature", "properties": { "OBJECTID": 277807, "SHAPE_Leng": 151.20404177500001, "SHAPE_Area": 1338.95570707, "Town": "Allama Iqbal Town", "UC_N0": "UC_119", "Landuse": "R", "KA": null, "Name": null, "Plot_No": "195", "__source_file": "west_wood.shp" }, "geometry": { "type": "Polygon", "coordinates": [ [ [ 74.239721536564147, 31.464006009648507 ], [ 74.239512444962841, 31.464188763281101 ], [ 74.239631772377635, 31.464291494113628 ], [ 74.239832259495671, 31.464102391253377 ], [ 74.239721536564147, 31.464006009648507 ] ] ] } },
{ "type": "Feature", "properties": { "OBJECTID": 277826, "SHAPE_Leng": 118.66569102, "SHAPE_Area": 878.13010879800004, "Town": "Allama Iqbal Town", "UC_N0": "UC_119", "Landuse": "R", "KA": null, "Name": null, "Plot_No": "128", "__source_file": "west_wood.shp" }, "geometry": { "type": "Polygon", "coordinates": [ [ [ 74.238483922723816, 31.464298750610688 ], [ 74.238375872614611, 31.464203595879997 ], [ 74.238373623523856, 31.464201615223384 ], [ 74.238154268451993, 31.464374977412763 ], [ 74.23827296305484, 31.464479150834386 ], [ 74.238483922723816, 31.464298750610688 ] ] ] } },
{ "type": "Feature", "properties": { "OBJECTID": 277827, "SHAPE_Leng": 118.22733044, "SHAPE_Area": 869.82829880999998, "Town": "Allama Iqbal Town", "UC_N0": "UC_119", "Landuse": "R", "KA": null, "Name": null, "Plot_No": "136", "__source_file": "west_wood.shp" }, "geometry": { "type": "Polygon", "coordinates": [ [ [ 74.239131567210606, 31.464511905833756 ], [ 74.23892564138842, 31.464687747284305 ], [ 74.23904375841974, 31.464791764345495 ], [ 74.239254092828759, 31.46461856427333 ], [ 74.239131567210606, 31.464511905833756 ] ] ] } },
{ "type": "Feature", "properties": { "OBJECTID": 277828, "SHAPE_Leng": 112.158969662, "SHAPE_Area": 782.57858315399994, "Town": "Allama Iqbal Town", "UC_N0": "UC_119", "Landuse": "R", "KA": null, "Name": null, "Plot_No": "66", "__source_file": "west_wood.shp" }, "geometry": { "type": "Polygon", "coordinates": [ [ [ 74.238217821879076, 31.464898954511423 ], [ 74.238029196701817, 31.465071052478113 ], [ 74.238148559501298, 31.465170719865334 ], [ 74.23833999535168, 31.465004106978363 ], [ 74.238217821879076, 31.464898954511423 ] ] ] } },
{ "type": "Feature", "properties": { "OBJECTID": 277829, "SHAPE_Leng": 114.879861279, "SHAPE_Area": 819.23570081399998, "Town": "Allama Iqbal Town", "UC_N0": "UC_119", "Landuse": "R", "KA": null, "Name": null, "Plot_No": "185", "__source_file": "west_wood.shp" }, "geometry": { "type": "Polygon", "coordinates": [ [ [ 74.238718658912092, 31.463505369412342 ], [ 74.23851808582171, 31.46366975789984 ], [ 74.238638557714452, 31.46377446390207 ], [ 74.23883323334536, 31.46360401066806 ], [ 74.238718658912092, 31.463505369412342 ] ] ] } },
{ "type": "Feature", "properties": { "OBJECTID": 277830, "SHAPE_Leng": 82.409454338700002, "SHAPE_Area": 389.096020624, "Town": "Allama Iqbal Town", "UC_N0": "UC_119", "Landuse": "R", "KA": null, "Name": null, "Plot_No": "183", "__source_file": "west_wood.shp" }, "geometry": { "type": "Polygon", "coordinates": [ [ [ 74.239061466948385, 31.463800504828438 ], [ 74.238954313282008, 31.463708252936648 ], [ 74.238754553001939, 31.463875278362217 ], [ 74.238864568766331, 31.463970895571975 ], [ 74.239061466948385, 31.463800504828438 ] ] ] } },
{ "type": "Feature", "properties": { "OBJECTID": 277831, "SHAPE_Leng": 83.826359161900001, "SHAPE_Area": 402.81440522000003, "Town": "Allama Iqbal Town", "UC_N0": "UC_119", "Landuse": "R", "KA": null, "Name": null, "Plot_No": "177", "__source_file": "west_wood.shp" }, "geometry": { "type": "Polygon", "coordinates": [ [ [ 74.239739388354721, 31.46438414245867 ], [ 74.239631772377635, 31.464291494113628 ], [ 74.23942660954026, 31.464459376278189 ], [ 74.23943378407921, 31.464465612636655 ], [ 74.239540213943428, 31.464558111551014 ], [ 74.239739388354721, 31.46438414245867 ] ] ] } },
{ "type": "Feature", "properties": { "OBJECTID": 277832, "SHAPE_Leng": 83.965834626399996, "SHAPE_Area": 408.96917933499998, "Town": "Allama Iqbal Town", "UC_N0": "UC_119", "Landuse": "R", "KA": null, "Name": null, "Plot_No": "182", "__source_file": "west_wood.shp" }, "geometry": { "type": "Polygon", "coordinates": [ [ [ 74.239176725057035, 31.46389973383905 ], [ 74.239061466948385, 31.463800504828438 ], [ 74.238864568766331, 31.463970895571975 ], [ 74.238976976242341, 31.46406859208529 ], [ 74.239176725057035, 31.46389973383905 ] ] ] } },
{ "type": "Feature", "properties": { "OBJECTID": 277833, "SHAPE_Leng": 84.639232975, "SHAPE_Area": 413.00367913500003, "Town": "Allama Iqbal Town", "UC_N0": "UC_119", "Landuse": "R", "KA": null, "Name": null, "Plot_No": "176", "__source_file": "west_wood.shp" }, "geometry": { "type": "Polygon", "coordinates": [ [ [ 74.239854415833904, 31.464483171006776 ], [ 74.239748690602582, 31.464392150762549 ], [ 74.239739388354721, 31.46438414245867 ], [ 74.239540213943428, 31.464558111551014 ], [ 74.23965142811231, 31.464654768250231 ], [ 74.239854415833904, 31.464483171006776 ] ] ] } },
{ "type": "Feature", "properties": { "OBJECTID": 277834, "SHAPE_Leng": 84.601161371000003, "SHAPE_Area": 414.84942862499997, "Town": "Allama Iqbal Town", "UC_N0": "UC_119", "Landuse": "R", "KA": null, "Name": null, "Plot_No": "179", "__source_file": "west_wood.shp" }, "geometry": { "type": "Polygon", "coordinates": [ [ [ 74.239512444962855, 31.464188763281101 ], [ 74.23939816769051, 31.464090379461215 ], [ 74.239201792954404, 31.464263983926646 ], [ 74.239316592640961, 31.464363758638168 ], [ 74.239512444962855, 31.464188763281101 ] ] ] } },
{ "type": "Feature", "properties": { "OBJECTID": 277835, "SHAPE_Leng": 84.779889957199998, "SHAPE_Area": 416.42442785999998, "Town": "Allama Iqbal Town", "UC_N0": "UC_119", "Landuse": "R", "KA": null, "Name": null, "Plot_No": "178", "__source_file": "west_wood.shp" }, "geometry": { "type": "Polygon", "coordinates": [ [ [ 74.239631772377635, 31.464291494113628 ], [ 74.239512444962855, 31.464188763281101 ], [ 74.239316592640961, 31.464363758638168 ], [ 74.23942660954026, 31.464459376278189 ], [ 74.239631772377635, 31.464291494113628 ] ] ] } },
{ "type": "Feature", "properties": { "OBJECTID": 277836, "SHAPE_Leng": 84.950670483500005, "SHAPE_Area": 423.56633568400002, "Town": "Allama Iqbal Town", "UC_N0": "UC_119", "Landuse": "R", "KA": null, "Name": null, "Plot_No": "184", "__source_file": "west_wood.shp" }, "geometry": { "type": "Polygon", "coordinates": [ [ [ 74.238954313282008, 31.463708252936648 ], [ 74.238833233345346, 31.463604010668035 ], [ 74.238638557714452, 31.46377446390207 ], [ 74.238754553001939, 31.463875278362217 ], [ 74.238954313282008, 31.463708252936648 ] ] ] } },
{ "type": "Feature", "properties": { "OBJECTID": 277837, "SHAPE_Leng": 85.752954543800001, "SHAPE_Area": 426.94977719399998, "Town": "Allama Iqbal Town", "UC_N0": "UC_119", "Landuse": "R", "KA": null, "Name": null, "Plot_No": "175", "__source_file": "west_wood.shp" }, "geometry": { "type": "Polygon", "coordinates": [ [ [ 74.239966855342971, 31.464579971846749 ], [ 74.239859245189379, 31.464487329139086 ], [ 74.239854415833904, 31.464483171006776 ], [ 74.23965142811231, 31.464654768250231 ], [ 74.239767424524814, 31.464755580905241 ], [ 74.239772208630896, 31.464759738772113 ], [ 74.239966855342971, 31.464579971846749 ] ] ] } },
{ "type": "Feature", "properties": { "OBJECTID": 277838, "SHAPE_Leng": 89.387742257799999, "SHAPE_Area": 475.47518631200001, "Town": "Allama Iqbal Town", "UC_N0": "UC_119", "Landuse": "V", "KA": null, "Name": null, "Plot_No": "174", "__source_file": "west_wood.shp" }, "geometry": { "type": "Polygon", "coordinates": [ [ [ 74.240101743342635, 31.464696097846364 ], [ 74.239966855342971, 31.464579971846749 ], [ 74.239772208630896, 31.464759738772113 ], [ 74.239896344676964, 31.464867625227679 ], [ 74.240101743342635, 31.464696097846364 ] ] ] } },
{ "type": "Feature", "properties": { "OBJECTID": 277839, "SHAPE_Leng": 113.69270242899999, "SHAPE_Area": 804.91930267800001, "Town": "Allama Iqbal Town", "UC_N0": "UC_119", "Landuse": "R", "KA": null, "Name": null, "Plot_No": "180", "__source_file": "west_wood.shp" }, "geometry": { "type": "Polygon", "coordinates": [ [ [ 74.239289663876249, 31.463996965887748 ], [ 74.239087236128938, 31.464164420886004 ], [ 74.239201792954404, 31.464263983926664 ], [ 74.23939816769051, 31.464090379461233 ], [ 74.239289663876249, 31.463996965887748 ] ] ] } },
{ "type": "Feature", "properties": { "OBJECTID": 277840, "SHAPE_Leng": 86.480924629399993, "SHAPE_Area": 419.918102578, "Town": "Allama Iqbal Town", "UC_N0": "UC_119", "Landuse": "R", "KA": null, "Name": null, "Plot_No": "193", "__source_file": "west_wood.shp" }, "geometry": { "type": "Polygon", "coordinates": [ [ [ 74.239606688949053, 31.463906037299971 ], [ 74.239496925603461, 31.463810489885809 ], [ 74.239289663876235, 31.463996965887748 ], [ 74.23939816769051, 31.464090379461215 ], [ 74.239606688949053, 31.463906037299971 ] ] ] } },
{ "type": "Feature", "properties": { "OBJECTID": 277841, "SHAPE_Leng": 86.691031856099997, "SHAPE_Area": 421.87721855500001, "Town": "Allama Iqbal Town", "UC_N0": "UC_119", "Landuse": "R", "KA": null, "Name": null, "Plot_No": "192", "__source_file": "west_wood.shp" }, "geometry": { "type": "Polygon", "coordinates": [ [ [ 74.239496925603461, 31.463810489885809 ], [ 74.239391181362592, 31.463718440703207 ], [ 74.239176725057035, 31.46389973383905 ], [ 74.239289663876235, 31.463996965887748 ], [ 74.239496925603461, 31.463810489885809 ] ] ] } },
{ "type": "Feature", "properties": { "OBJECTID": 277842, "SHAPE_Leng": 86.564017578000005, "SHAPE_Area": 425.90203994699999, "Town": "Allama Iqbal Town", "UC_N0": "UC_119", "Landuse": "R", "KA": null, "Name": null, "Plot_No": "197", "__source_file": "west_wood.shp" }, "geometry": { "type": "Polygon", "coordinates": [ [ [ 74.240069880106873, 31.464309234029933 ], [ 74.239956359253142, 31.464210416712334 ], [ 74.239748690602582, 31.464392150762549 ], [ 74.239854415833904, 31.464483171006776 ], [ 74.239859245189379, 31.464487329139086 ], [ 74.240069880106873, 31.464309234029933 ] ] ] } },
{ "type": "Feature", "properties": { "OBJECTID": 277843, "SHAPE_Leng": 88.697800973200003, "SHAPE_Area": 449.62021409599998, "Town": "Allama Iqbal Town", "UC_N0": "UC_119", "Landuse": "R", "KA": null, "Name": null, "Plot_No": "191", "__source_file": "west_wood.shp" }, "geometry": { "type": "Polygon", "coordinates": [ [ [ 74.239391181362592, 31.463718440703207 ], [ 74.239274085179417, 31.463616510540863 ], [ 74.239061466948385, 31.463800504828438 ], [ 74.239176725057035, 31.46389973383905 ], [ 74.239391181362592, 31.463718440703207 ] ] ] } },
{ "type": "Feature", "properties": { "OBJECTID": 277844, "SHAPE_Leng": 119.099552245, "SHAPE_Area": 885.82186649100004, "Town": "Allama Iqbal Town", "UC_N0": "UC_119", "Landuse": "R", "KA": null, "Name": null, "Plot_No": "187", "__source_file": "west_wood.shp" }, "geometry": { "type": "Polygon", "coordinates": [ [ [ 74.238941814353268, 31.463327270552785 ], [ 74.238821827486845, 31.463222822199675 ], [ 74.238604180137045, 31.463406810205605 ], [ 74.238718658912092, 31.463505369412342 ], [ 74.238941814353268, 31.463327270552785 ] ] ] } },
{ "type": "Feature", "properties": { "OBJECTID": 277845, "SHAPE_Leng": 119.21932094899999, "SHAPE_Area": 887.22170269200001, "Town": "Allama Iqbal Town", "UC_N0": "UC_119", "Landuse": "R", "KA": null, "Name": null, "Plot_No": "189", "__source_file": "west_wood.shp" }, "geometry": { "type": "Polygon", "coordinates": [ [ [ 74.239161069372059, 31.463518131080711 ], [ 74.239045858636487, 31.463417840639025 ], [ 74.23883323334536, 31.46360401066806 ], [ 74.238954313282008, 31.463708252936659 ], [ 74.239161069372059, 31.463518131080711 ] ] ] } },
{ "type": "Feature", "properties": { "OBJECTID": 277846, "SHAPE_Leng": 121.51861144599999, "SHAPE_Area": 917.33371870899998, "Town": "Allama Iqbal Town", "UC_N0": "UC_119", "Landuse": "R", "KA": null, "Name": null, "Plot_No": "199", "__source_file": "west_wood.shp" }, "geometry": { "type": "Polygon", "coordinates": [ [ [ 74.24017405272258, 31.464399912748856 ], [ 74.239966855342971, 31.464579971846749 ], [ 74.240101743342649, 31.464696097846382 ], [ 74.240312306394145, 31.464520257469967 ], [ 74.24017405272258, 31.464399912748856 ] ] ] } },
{ "type": "Feature", "properties": { "OBJECTID": 277896, "SHAPE_Leng": 85.471001134999995, "SHAPE_Area": 409.19137455100002, "Town": "Allama Iqbal Town", "UC_N0": "UC_119", "Landuse": "R", "KA": null, "Name": null, "Plot_No": "125", "__source_file": "west_wood.shp" }, "geometry": { "type": "Polygon", "coordinates": [ [ [ 74.238813591684661, 31.464589070336622 ], [ 74.238705444747183, 31.464493832301791 ], [ 74.238496683117106, 31.464675500945106 ], [ 74.238601428537123, 31.464767430334071 ], [ 74.238813591684661, 31.464589070336622 ] ] ] } },
{ "type": "Feature", "properties": { "OBJECTID": 277897, "SHAPE_Leng": 85.513752308899996, "SHAPE_Area": 411.23957448499999, "Town": "Allama Iqbal Town", "UC_N0": "UC_119", "Landuse": "R", "KA": null, "Name": null, "Plot_No": "121", "__source_file": "west_wood.shp" }, "geometry": { "type": "Polygon", "coordinates": [ [ [ 74.239266136642911, 31.46498759810385 ], [ 74.239157287503346, 31.464891741863436 ], [ 74.238948863829393, 31.465072355838192 ], [ 74.239054770269078, 31.465165304051332 ], [ 74.239266136642911, 31.46498759810385 ] ] ] } },
{ "type": "Feature", "properties": { "OBJECTID": 277898, "SHAPE_Leng": 86.259193568599997, "SHAPE_Area": 419.92592733800001, "Town": "Allama Iqbal Town", "UC_N0": "UC_119", "Landuse": "R", "KA": null, "Name": null, "Plot_No": "126", "__source_file": "west_wood.shp" }, "geometry": { "type": "Polygon", "coordinates": [ [ [ 74.238705444747183, 31.464493832301791 ], [ 74.23859662705415, 31.464398002842437 ], [ 74.238387213773507, 31.464579424737924 ], [ 74.238496683117106, 31.464675500945106 ], [ 74.238705444747183, 31.464493832301791 ] ] ] } },
{ "type": "Feature", "properties": { "OBJECTID": 277899, "SHAPE_Leng": 87.486368879500006, "SHAPE_Area": 436.99809226299999, "Town": "Allama Iqbal Town", "UC_N0": "UC_119", "Landuse": "R", "KA": null, "Name": null, "Plot_No": "127", "__source_file": "west_wood.shp" }, "geometry": { "type": "Polygon", "coordinates": [ [ [ 74.23859662705415, 31.464398002842437 ], [ 74.238483922723816, 31.464298750610688 ], [ 74.23827296305484, 31.464479150834386 ], [ 74.238387213773507, 31.464579424737924 ], [ 74.23859662705415, 31.464398002842437 ] ] ] } },
{ "type": "Feature", "properties": { "OBJECTID": 277900, "SHAPE_Leng": 87.5351012733, "SHAPE_Area": 438.90235825299999, "Town": "Allama Iqbal Town", "UC_N0": "UC_119", "Landuse": "R", "KA": null, "Name": null, "Plot_No": "123", "__source_file": "west_wood.shp" }, "geometry": { "type": "Polygon", "coordinates": [ [ [ 74.239043758419726, 31.464791764345478 ], [ 74.238925641388406, 31.464687747284284 ], [ 74.238719198000538, 31.464870790611986 ], [ 74.238829851148665, 31.46496790571501 ], [ 74.239043758419726, 31.464791764345478 ] ] ] } },
{ "type": "Feature", "properties": { "OBJECTID": 277901, "SHAPE_Leng": 87.752655266900007, "SHAPE_Area": 439.539469983, "Town": "Allama Iqbal Town", "UC_N0": "UC_119", "Landuse": "R", "KA": null, "Name": null, "Plot_No": "129", "__source_file": "west_wood.shp" }, "geometry": { "type": "Polygon", "coordinates": [ [ [ 74.238141162630711, 31.463996897307108 ], [ 74.238035295002788, 31.463903667534687 ], [ 74.237832134961906, 31.46409225308026 ], [ 74.237932670263476, 31.464180489731973 ], [ 74.238046887062808, 31.464280733062708 ], [ 74.238254583765411, 31.464096783842308 ], [ 74.238141162630711, 31.463996897307108 ] ] ] } },
{ "type": "Feature", "properties": { "OBJECTID": 277902, "SHAPE_Leng": 87.728932397199998, "SHAPE_Area": 441.31097693200002, "Town": "Allama Iqbal Town", "UC_N0": "UC_119", "Landuse": "R", "KA": null, "Name": null, "Plot_No": "124", "__source_file": "west_wood.shp" }, "geometry": { "type": "Polygon", "coordinates": [ [ [ 74.238925641388406, 31.464687747284284 ], [ 74.238813591684661, 31.464589070336622 ], [ 74.238601428537123, 31.464767430334071 ], [ 74.238719198000538, 31.464870790611986 ], [ 74.238925641388406, 31.464687747284284 ] ] ] } },
{ "type": "Feature", "properties": { "OBJECTID": 277903, "SHAPE_Leng": 87.687666583099997, "SHAPE_Area": 442.21273870800002, "Town": "Allama Iqbal Town", "UC_N0": "UC_119", "Landuse": "R", "KA": null, "Name": null, "Plot_No": "120", "__source_file": "west_wood.shp" }, "geometry": { "type": "Polygon", "coordinates": [ [ [ 74.239381891330041, 31.465089534736226 ], [ 74.239266136642911, 31.46498759810385 ], [ 74.239054770269078, 31.465165304051332 ], [ 74.239170160856801, 31.465266575576411 ], [ 74.239381891330041, 31.465089534736226 ] ] ] } },
{ "type": "Feature", "properties": { "OBJECTID": 277904, "SHAPE_Leng": 87.985746664199993, "SHAPE_Area": 445.69364043399997, "Town": "Allama Iqbal Town", "UC_N0": "UC_119", "Landuse": "R", "KA": null, "Name": null, "Plot_No": "122", "__source_file": "west_wood.shp" }, "geometry": { "type": "Polygon", "coordinates": [ [ [ 74.239157287503346, 31.464891741863436 ], [ 74.239043758419726, 31.464791764345478 ], [ 74.238829851148665, 31.46496790571501 ], [ 74.238948863829393, 31.465072355838192 ], [ 74.239157287503346, 31.464891741863436 ] ] ] } },
{ "type": "Feature", "properties": { "OBJECTID": 277905, "SHAPE_Leng": 89.136406651200005, "SHAPE_Area": 462.89874850699999, "Town": "Allama Iqbal Town", "UC_N0": "UC_119", "Landuse": "R", "KA": null, "Name": null, "Plot_No": "119", "__source_file": "west_wood.shp" }, "geometry": { "type": "Polygon", "coordinates": [ [ [ 74.239502950430193, 31.465196141986386 ], [ 74.239381891330041, 31.465089534736226 ], [ 74.239170160856801, 31.465266575576411 ], [ 74.239291297052361, 31.465372888455601 ], [ 74.239502950430193, 31.465196141986386 ] ] ] } },
{ "type": "Feature", "properties": { "OBJECTID": 277906, "SHAPE_Leng": 50.8470101658, "SHAPE_Area": 147.29456422000001, "Town": "Allama Iqbal Town", "UC_N0": "UC_119", "Landuse": "V", "KA": null, "Name": null, "Plot_No": "140", "__source_file": "west_wood.shp" }, "geometry": { "type": "Polygon", "coordinates": [ [ [ 74.239714579728769, 31.465019413826933 ], [ 74.239592667525258, 31.464913290802397 ], [ 74.239449218953084, 31.465033237029939 ], [ 74.239381892275745, 31.465089534861651 ], [ 74.23950295058421, 31.465196142009336 ], [ 74.239570244328135, 31.465139945242964 ], [ 74.239714579728769, 31.465019413826933 ] ] ] } },
{ "type": "Feature", "properties": { "OBJECTID": 277908, "SHAPE_Leng": 83.495196772599996, "SHAPE_Area": 398.19911134099999, "Town": "Allama Iqbal Town", "UC_N0": "UC_119", "Landuse": "R", "KA": null, "Name": null, "Plot_No": null, "__source_file": "west_wood.shp" }, "geometry": { "type": "Polygon", "coordinates": [ [ [ 74.238339408703652, 31.463822325817809 ], [ 74.238227689506019, 31.463725073431824 ], [ 74.238035295002788, 31.463903667534687 ], [ 74.238141162630711, 31.463996897307108 ], [ 74.238254583765411, 31.464096783842308 ], [ 74.238452912468574, 31.463921132253212 ], [ 74.238339408703652, 31.463822325817809 ] ] ] } },
{ "type": "Feature", "properties": { "OBJECTID": 277909, "SHAPE_Leng": 84.385174333799995, "SHAPE_Area": 405.235743834, "Town": "Allama Iqbal Town", "UC_N0": "UC_119", "Landuse": "R", "KA": null, "Name": null, "Plot_No": "133", "__source_file": "west_wood.shp" }, "geometry": { "type": "Polygon", "coordinates": [ [ [ 74.238908156947602, 31.464317426093292 ], [ 74.238799157919559, 31.464222542155333 ], [ 74.23859662705415, 31.464398002842437 ], [ 74.238705444747183, 31.464493832301791 ], [ 74.238908156947602, 31.464317426093292 ] ] ] } },
{ "type": "Feature", "properties": { "OBJECTID": 277911, "SHAPE_Leng": 85.070986024500002, "SHAPE_Area": 416.34697073299998, "Town": "Allama Iqbal Town", "UC_N0": "UC_119", "Landuse": "R", "KA": null, "Name": null, "Plot_No": "131", "__source_file": "west_wood.shp" }, "geometry": { "type": "Polygon", "coordinates": [ [ [ 74.23868710602575, 31.464125000077537 ], [ 74.238569900388413, 31.464022972091751 ], [ 74.238375872614611, 31.464203595879997 ], [ 74.238483922723816, 31.464298750610688 ], [ 74.23868710602575, 31.464125000077537 ] ] ] } },
{ "type": "Feature", "properties": { "OBJECTID": 277913, "SHAPE_Leng": 85.150809793199997, "SHAPE_Area": 416.824674448, "Town": "Allama Iqbal Town", "UC_N0": "UC_119", "Landuse": null, "KA": null, "Name": null, "Plot_No": "132", "__source_file": "west_wood.shp" }, "geometry": { "type": "Polygon", "coordinates": [ [ [ 74.238799157919559, 31.464222542155333 ], [ 74.23868710602575, 31.464125000077537 ], [ 74.238483922723816, 31.464298750610688 ], [ 74.23859662705415, 31.464398002842437 ], [ 74.238799157919559, 31.464222542155333 ] ] ] } },
{ "type": "Feature", "properties": { "OBJECTID": 277914, "SHAPE_Leng": 85.757366951899996, "SHAPE_Area": 418.62346073800001, "Town": "Allama Iqbal Town", "UC_N0": "UC_119", "Landuse": "R", "KA": null, "Name": null, "Plot_No": "138", "__source_file": "west_wood.shp" }, "geometry": { "type": "Polygon", "coordinates": [ [ [ 74.239475661361624, 31.464811438992161 ], [ 74.239363062454842, 31.464713422390535 ], [ 74.239157287503346, 31.464891741863436 ], [ 74.239266136642911, 31.46498759810385 ], [ 74.239475661361624, 31.464811438992161 ] ] ] } },
{ "type": "Feature", "properties": { "OBJECTID": 277915, "SHAPE_Leng": 85.730244325499996, "SHAPE_Area": 419.33907938900001, "Town": "Allama Iqbal Town", "UC_N0": "UC_119", "Landuse": "R", "KA": null, "Name": null, "Plot_No": "137", "__source_file": "west_wood.shp" }, "geometry": { "type": "Polygon", "coordinates": [ [ [ 74.239363062454842, 31.464713422390535 ], [ 74.239254092828759, 31.464618564273319 ], [ 74.239043758419726, 31.464791764345478 ], [ 74.239157287503346, 31.464891741863436 ], [ 74.239363062454842, 31.464713422390535 ] ] ] } },
{ "type": "Feature", "properties": { "OBJECTID": 277916, "SHAPE_Leng": 86.671318596800006, "SHAPE_Area": 439.01523122999998, "Town": "Allama Iqbal Town", "UC_N0": "UC_119", "Landuse": null, "KA": null, "Name": null, "Plot_No": "130", "__source_file": "west_wood.shp" }, "geometry": { "type": "Polygon", "coordinates": [ [ [ 74.238569900388413, 31.464022972091751 ], [ 74.238452911367304, 31.463921132047531 ], [ 74.238254584049116, 31.464096783208763 ], [ 74.238373623523856, 31.464201615223384 ], [ 74.238375872614611, 31.464203595879997 ], [ 74.238569900388413, 31.464022972091751 ] ] ] } },
{ "type": "Feature", "properties": { "OBJECTID": 277917, "SHAPE_Leng": 87.469409304099997, "SHAPE_Area": 441.43022005300003, "Town": "Allama Iqbal Town", "UC_N0": "UC_119", "Landuse": "V", "KA": null, "Name": null, "Plot_No": "139", "__source_file": "west_wood.shp" }, "geometry": { "type": "Polygon", "coordinates": [ [ [ 74.239449218769153, 31.465033237276426 ], [ 74.239592666177401, 31.464913290834922 ], [ 74.239475661361624, 31.464811438992161 ], [ 74.239266136642911, 31.46498759810385 ], [ 74.239381891330041, 31.465089534736226 ], [ 74.239449218769153, 31.465033237276426 ] ] ] } },
{ "type": "Feature", "properties": { "OBJECTID": 277918, "SHAPE_Leng": 84.108586239700003, "SHAPE_Area": 397.06976423700002, "Town": "Allama Iqbal Town", "UC_N0": "UC_119", "Landuse": "R", "KA": null, "Name": null, "Plot_No": "82", "__source_file": "west_wood.shp" }, "geometry": { "type": "Polygon", "coordinates": [ [ [ 74.2378607256679, 31.464237240509366 ], [ 74.237757024469701, 31.464147544318685 ], [ 74.237549710978755, 31.464323917686031 ], [ 74.237658433134484, 31.464417494610977 ], [ 74.2378607256679, 31.464237240509366 ] ] ] } },
{ "type": "Feature", "properties": { "OBJECTID": 277919, "SHAPE_Leng": 83.882929179200005, "SHAPE_Area": 397.77900444199997, "Town": "Allama Iqbal Town", "UC_N0": "UC_119", "Landuse": "R", "KA": null, "Name": null, "Plot_No": "89", "__source_file": "west_wood.shp" }, "geometry": { "type": "Polygon", "coordinates": [ [ [ 74.238762887700815, 31.46501755474149 ], [ 74.238658191775144, 31.464926999860175 ], [ 74.238454730664174, 31.465102857145663 ], [ 74.238565172077358, 31.465197910542798 ], [ 74.238762887700815, 31.46501755474149 ] ] ] } },
{ "type": "Feature", "properties": { "OBJECTID": 277920, "SHAPE_Leng": 84.719046051700005, "SHAPE_Area": 406.500987259, "Town": "Allama Iqbal Town", "UC_N0": "UC_119", "Landuse": "R", "KA": null, "Name": null, "Plot_No": "83", "__source_file": "west_wood.shp" }, "geometry": { "type": "Polygon", "coordinates": [ [ [ 74.238084091935534, 31.464430439575835 ], [ 74.237976089055707, 31.464337023372543 ], [ 74.237771604292163, 31.464514900786668 ], [ 74.237881647108665, 31.464609613160647 ], [ 74.238084091935534, 31.464430439575835 ] ] ] } },
{ "type": "Feature", "properties": { "OBJECTID": 277921, "SHAPE_Leng": 85.446527510199999, "SHAPE_Area": 419.65956055100003, "Town": "Allama Iqbal Town", "UC_N0": "UC_119", "Landuse": "R", "KA": null, "Name": null, "Plot_No": "90", "__source_file": "west_wood.shp" }, "geometry": { "type": "Polygon", "coordinates": [ [ [ 74.238878778774676, 31.465117791947957 ], [ 74.238762887700815, 31.46501755474149 ], [ 74.238565172077358, 31.465197910542798 ], [ 74.238676544032344, 31.465293766038773 ], [ 74.238878778774676, 31.465117791947957 ] ] ] } },
{ "type": "Feature", "properties": { "OBJECTID": 277922, "SHAPE_Leng": 85.932742534599996, "SHAPE_Area": 425.65264364299998, "Town": "Allama Iqbal Town", "UC_N0": "UC_119", "Landuse": "R", "KA": null, "Name": null, "Plot_No": "88", "__source_file": "west_wood.shp" }, "geometry": { "type": "Polygon", "coordinates": [ [ [ 74.238658191775144, 31.464926999860175 ], [ 74.238543033912322, 31.464827395663576 ], [ 74.23833999535168, 31.465004106978348 ], [ 74.238454730664174, 31.465102857145663 ], [ 74.238658191775144, 31.464926999860175 ] ] ] } },
{ "type": "Feature", "properties": { "OBJECTID": 277923, "SHAPE_Leng": 86.209985105100003, "SHAPE_Area": 426.63825780799999, "Town": "Allama Iqbal Town", "UC_N0": "UC_119", "Landuse": "R", "KA": null, "Name": null, "Plot_No": "82A", "__source_file": "west_wood.shp" }, "geometry": { "type": "Polygon", "coordinates": [ [ [ 74.237976089055707, 31.464337023372543 ], [ 74.2378607256679, 31.464237240509366 ], [ 74.237658433134484, 31.464417494610977 ], [ 74.237771604292163, 31.464514900786668 ], [ 74.237976089055707, 31.464337023372543 ] ] ] } },
{ "type": "Feature", "properties": { "OBJECTID": 277924, "SHAPE_Leng": 86.974993185299994, "SHAPE_Area": 438.06305751000002, "Town": "Allama Iqbal Town", "UC_N0": "UC_119", "Landuse": "R", "KA": null, "Name": null, "Plot_No": "84", "__source_file": "west_wood.shp" }, "geometry": { "type": "Polygon", "coordinates": [ [ [ 74.238201186751454, 31.46453172030175 ], [ 74.238084091935534, 31.464430439575835 ], [ 74.237881647108665, 31.464609613160647 ], [ 74.23799984663475, 31.464711346339673 ], [ 74.238201186751454, 31.46453172030175 ] ] ] } },
{ "type": "Feature", "properties": { "OBJECTID": 277925, "SHAPE_Leng": 114.730188645, "SHAPE_Area": 821.32074248200001, "Town": "Allama Iqbal Town", "UC_N0": "UC_119", "Landuse": "R", "KA": null, "Name": null, "Plot_No": "86", "__source_file": "west_wood.shp" }, "geometry": { "type": "Polygon", "coordinates": [ [ [ 74.238299300546799, 31.464616582583702 ], [ 74.238116393792453, 31.464811656701936 ], [ 74.238217821879076, 31.464898954511423 ], [ 74.238425255792322, 31.464725525642514 ], [ 74.238299300546799, 31.464616582583702 ] ] ] } },
{ "type": "Feature", "properties": { "OBJECTID": 277926, "SHAPE_Leng": 80.086154907400001, "SHAPE_Area": 372.40896016599999, "Town": "Allama Iqbal Town", "UC_N0": "UC_119", "Landuse": "R", "KA": null, "Name": null, "Plot_No": "63", "__source_file": "west_wood.shp" }, "geometry": { "type": "Polygon", "coordinates": [ [ [ 74.238676544032344, 31.465293766038773 ], [ 74.238565172077358, 31.465197910542798 ], [ 74.238381632552304, 31.465365334005277 ], [ 74.23849015649202, 31.465455949766795 ], [ 74.238676544032344, 31.465293766038773 ] ] ] } },
{ "type": "Feature", "properties": { "OBJECTID": 277927, "SHAPE_Leng": 80.046455998, "SHAPE_Area": 376.49789281699998, "Town": "Allama Iqbal Town", "UC_N0": "UC_119", "Landuse": "R", "KA": null, "Name": null, "Plot_No": "61", "__source_file": "west_wood.shp" }, "geometry": { "type": "Polygon", "coordinates": [ [ [ 74.238899497702079, 31.465485654824626 ], [ 74.238789029482135, 31.465390578998466 ], [ 74.238606144699844, 31.465552798150632 ], [ 74.23872213208675, 31.465649647327695 ], [ 74.238899497702079, 31.465485654824626 ] ] ] } },
{ "type": "Feature", "properties": { "OBJECTID": 277928, "SHAPE_Leng": 80.765442345799997, "SHAPE_Area": 383.38984415599998, "Town": "Allama Iqbal Town", "UC_N0": "UC_119", "Landuse": "R", "KA": null, "Name": null, "Plot_No": "62", "__source_file": "west_wood.shp" }, "geometry": { "type": "Polygon", "coordinates": [ [ [ 74.238789029482135, 31.465390578998466 ], [ 74.238676544032344, 31.465293766038773 ], [ 74.23849015649202, 31.465455949766795 ], [ 74.238606144699844, 31.465552798150632 ], [ 74.238789029482135, 31.465390578998466 ] ] ] } },
{ "type": "Feature", "properties": { "OBJECTID": 277929, "SHAPE_Leng": 81.575347721399993, "SHAPE_Area": 388.98663005200001, "Town": "Allama Iqbal Town", "UC_N0": "UC_119", "Landuse": "R", "KA": null, "Name": null, "Plot_No": "64", "__source_file": "west_wood.shp" }, "geometry": { "type": "Polygon", "coordinates": [ [ [ 74.238565172077358, 31.465197910542798 ], [ 74.238454730664174, 31.465102857145663 ], [ 74.238264351487075, 31.465267405891101 ], [ 74.238381632552304, 31.465365334005277 ], [ 74.238565172077358, 31.465197910542798 ] ] ] } },
{ "type": "Feature", "properties": { "OBJECTID": 277930, "SHAPE_Leng": 82.411563645200005, "SHAPE_Area": 397.42546939900001, "Town": "Allama Iqbal Town", "UC_N0": "UC_119", "Landuse": "R", "KA": null, "Name": null, "Plot_No": "65", "__source_file": "west_wood.shp" }, "geometry": { "type": "Polygon", "coordinates": [ [ [ 74.238454730664174, 31.465102857145663 ], [ 74.23833999535168, 31.465004106978348 ], [ 74.238148559501283, 31.465170719865302 ], [ 74.238264351487075, 31.465267405891101 ], [ 74.238454730664174, 31.465102857145663 ] ] ] } },
{ "type": "Feature", "properties": { "OBJECTID": 277931, "SHAPE_Leng": 83.796146568500006, "SHAPE_Area": 402.62967976200002, "Town": "Allama Iqbal Town", "UC_N0": "UC_119", "Landuse": "R", "KA": null, "Name": null, "Plot_No": "70", "__source_file": "west_wood.shp" }, "geometry": { "type": "Polygon", "coordinates": [ [ [ 74.237881647108665, 31.464609613160647 ], [ 74.237771604292163, 31.464514900786668 ], [ 74.237571555109369, 31.464688919308855 ], [ 74.237685003952024, 31.464783650324168 ], [ 74.237881647108665, 31.464609613160647 ] ] ] } },
{ "type": "Feature", "properties": { "OBJECTID": 277932, "SHAPE_Leng": 82.105807006899994, "SHAPE_Area": 404.11631722300001, "Town": "Allama Iqbal Town", "UC_N0": "UC_119", "Landuse": "R", "KA": null, "Name": null, "Plot_No": "60", "__source_file": "west_wood.shp" }, "geometry": { "type": "Polygon", "coordinates": [ [ [ 74.239025940750537, 31.465594479697621 ], [ 74.238899497702079, 31.465485654824626 ], [ 74.23872213208675, 31.465649647327695 ], [ 74.238841010634417, 31.465748908981791 ], [ 74.239025940750537, 31.465594479697621 ] ] ] } },
{ "type": "Feature", "properties": { "OBJECTID": 278672, "SHAPE_Leng": 65.443746775899996, "SHAPE_Area": 244.60013261200001, "Town": "Allama Iqbal Town", "UC_N0": "UC_119", "Landuse": null, "KA": null, "Name": null, "Plot_No": null, "__source_file": "west_wood.shp" }, "geometry": { "type": "Polygon", "coordinates": [ [ [ 74.240270021471943, 31.467066040119814 ], [ 74.24015078896133, 31.467040703827927 ], [ 74.240108350786414, 31.467228726468303 ], [ 74.240188755681615, 31.467244800283449 ], [ 74.240226106461051, 31.467252267641847 ], [ 74.240270021471943, 31.467066040119814 ] ] ] } },
{ "type": "Feature", "properties": { "OBJECTID": 278673, "SHAPE_Leng": 67.403077221399997, "SHAPE_Area": 254.13103615099999, "Town": "Allama Iqbal Town", "UC_N0": "UC_119", "Landuse": null, "KA": null, "Name": null, "Plot_No": null, "__source_file": "west_wood.shp" }, "geometry": { "type": "Polygon", "coordinates": [ [ [ 74.24029185604364, 31.467337913076772 ], [ 74.240308369423389, 31.467268713295226 ], [ 74.240226106461051, 31.467252267641847 ], [ 74.240188755681615, 31.467244800283449 ], [ 74.240147189798193, 31.467441722196195 ], [ 74.240261160719356, 31.467466542784443 ], [ 74.24029185604364, 31.467337913076772 ] ] ] } },
{ "type": "Feature", "properties": { "OBJECTID": 278674, "SHAPE_Leng": 63.7390612222, "SHAPE_Area": 187.127010469, "Town": "Allama Iqbal Town", "UC_N0": "UC_119", "Landuse": null, "KA": null, "Name": null, "Plot_No": null, "__source_file": "west_wood.shp" }, "geometry": { "type": "Polygon", "coordinates": [ [ [ 74.240188755681643, 31.467244800283449 ], [ 74.240108350786414, 31.467228726468335 ], [ 74.240051870116716, 31.467217435613687 ], [ 74.240094088860019, 31.467372947203483 ], [ 74.240110596678718, 31.467433753164908 ], [ 74.240147189798193, 31.46744172219622 ], [ 74.240188755681643, 31.467244800283449 ] ] ] } },
{ "type": "Feature", "properties": { "OBJECTID": 278675, "SHAPE_Leng": 58.107032804799999, "SHAPE_Area": 168.98556129299999, "Town": "Allama Iqbal Town", "UC_N0": "UC_119", "Landuse": null, "KA": null, "Name": null, "Plot_No": null, "__source_file": "west_wood.shp" }, "geometry": { "type": "Polygon", "coordinates": [ [ [ 74.240334445197973, 31.467159441275729 ], [ 74.240352548094364, 31.467083577190479 ], [ 74.240270021471943, 31.467066040119814 ], [ 74.240226106461051, 31.467252267641847 ], [ 74.240308369423389, 31.467268713295226 ], [ 74.240334445197973, 31.467159441275729 ] ] ] } },
{ "type": "Feature", "properties": { "OBJECTID": 278676, "SHAPE_Leng": 57.995005225900002, "SHAPE_Area": 177.39177628, "Town": "Allama Iqbal Town", "UC_N0": "UC_119", "Landuse": null, "KA": null, "Name": null, "Plot_No": null, "__source_file": "west_wood.shp" }, "geometry": { "type": "Polygon", "coordinates": [ [ [ 74.24015078896133, 31.467040703827927 ], [ 74.24005823556891, 31.467021036525594 ], [ 74.240032354306749, 31.46714554634287 ], [ 74.240051870116716, 31.467217435613687 ], [ 74.240108350786414, 31.467228726468303 ], [ 74.24015078896133, 31.467040703827927 ] ] ] } },
{ "type": "Feature", "properties": { "OBJECTID": 288684, "SHAPE_Leng": 172.54352404400001, "SHAPE_Area": 1533.0511280600001, "Town": "Allama Iqbal Town", "UC_N0": "UC_119", "Landuse": null, "KA": null, "Name": null, "Plot_No": null, "__source_file": "west_wood.shp" }, "geometry": { "type": "Polygon", "coordinates": [ [ [ 74.240122314201344, 31.467476916359967 ], [ 74.240038591325956, 31.467508094303415 ], [ 74.240003427254521, 31.467521189189661 ], [ 74.240003136955551, 31.46791190214649 ], [ 74.240217650510019, 31.468105814562843 ], [ 74.240280783633054, 31.467763588088975 ], [ 74.240301752116295, 31.467682749035458 ], [ 74.240343153362161, 31.467523134722956 ], [ 74.240122314201344, 31.467476916359967 ] ] ] } },
{ "type": "Feature", "properties": { "OBJECTID": 288818, "SHAPE_Leng": 77.6623633345, "SHAPE_Area": 354.28445806100001, "Town": "Allama Iqbal Town", "UC_N0": "UC_119", "Landuse": null, "KA": null, "Name": null, "Plot_No": null, "__source_file": "west_wood.shp" }, "geometry": { "type": "Polygon", "coordinates": [ [ [ 74.240624080731848, 31.466693836039042 ], [ 74.240458750889658, 31.466539125199525 ], [ 74.24033360873824, 31.46663669151306 ], [ 74.240530287709021, 31.466784851567336 ], [ 74.240624080731848, 31.466693836039042 ] ] ] } },
{ "type": "Feature", "properties": { "OBJECTID": 288819, "SHAPE_Leng": 178.369637649, "SHAPE_Area": 1748.2299620399999, "Town": "Allama Iqbal Town", "UC_N0": "UC_119", "Landuse": "C", "KA": null, "Name": null, "Plot_No": "5", "__source_file": "west_wood.shp" }, "geometry": { "type": "Polygon", "coordinates": [ [ [ 74.241271648717344, 31.466358449344607 ], [ 74.24115261349742, 31.466256869653531 ], [ 74.240934691060531, 31.466432616290174 ], [ 74.240853810654329, 31.466497842801534 ], [ 74.240958773318226, 31.466602021114007 ], [ 74.241271648717344, 31.466358449344607 ] ] ] } },
{ "type": "Feature", "properties": { "OBJECTID": 288820, "SHAPE_Leng": 64.821675129599996, "SHAPE_Area": 240.911584721, "Town": "Allama Iqbal Town", "UC_N0": "UC_119", "Landuse": null, "KA": null, "Name": null, "Plot_No": null, "__source_file": "west_wood.shp" }, "geometry": { "type": "Polygon", "coordinates": [ [ [ 74.240906554021961, 31.466894637294388 ], [ 74.240697658450614, 31.466830880289464 ], [ 74.240673486194197, 31.466881198415365 ], [ 74.240655453962745, 31.46693337400183 ], [ 74.240865982002347, 31.466986084943148 ], [ 74.240884776676822, 31.466939875027943 ], [ 74.240906554021961, 31.466894637294388 ] ] ] } },
{ "type": "Feature", "properties": { "OBJECTID": 288821, "SHAPE_Leng": 75.495586101499995, "SHAPE_Area": 355.86459889299999, "Town": "Allama Iqbal Town", "UC_N0": "UC_119", "Landuse": null, "KA": null, "Name": null, "Plot_No": null, "__source_file": "west_wood.shp" }, "geometry": { "type": "Polygon", "coordinates": [ [ [ 74.240865982002347, 31.466986084943148 ], [ 74.240655453962745, 31.46693337400183 ], [ 74.240643432542797, 31.466988892601037 ], [ 74.240638363895343, 31.467045191887244 ], [ 74.240640305457816, 31.467101634020679 ], [ 74.24082605571725, 31.467141636472299 ], [ 74.240835683081514, 31.467089125158605 ], [ 74.240849008196719, 31.467037210943989 ], [ 74.240865982002347, 31.466986084943148 ] ] ] } },
{ "type": "Feature", "properties": { "OBJECTID": 288822, "SHAPE_Leng": 61.675313412999998, "SHAPE_Area": 206.19153078299999, "Town": "Allama Iqbal Town", "UC_N0": "UC_119", "Landuse": null, "KA": null, "Name": null, "Plot_No": null, "__source_file": "west_wood.shp" }, "geometry": { "type": "Polygon", "coordinates": [ [ [ 74.240782633977588, 31.466717126922788 ], [ 74.240750574338364, 31.466752930584672 ], [ 74.240722180679128, 31.466790940047826 ], [ 74.240697658450614, 31.466830880289464 ], [ 74.240906554021961, 31.466894637294388 ], [ 74.240929276864605, 31.466853797645769 ], [ 74.240782633977588, 31.466717126922788 ] ] ] } },
{ "type": "Feature", "properties": { "OBJECTID": 288823, "SHAPE_Leng": 80.512543457700005, "SHAPE_Area": 396.37525520200001, "Town": "Allama Iqbal Town", "UC_N0": "UC_119", "Landuse": null, "KA": null, "Name": null, "Plot_No": null, "__source_file": "west_wood.shp" }, "geometry": { "type": "Polygon", "coordinates": [ [ [ 74.240450170904154, 31.466862595282784 ], [ 74.240412663006936, 31.466859481175238 ], [ 74.24025048822898, 31.466846015180373 ], [ 74.240250687743853, 31.46701772698276 ], [ 74.240457655185111, 31.467062299287772 ], [ 74.240450170904154, 31.466862595282784 ] ] ] } },
{ "type": "Feature", "properties": { "OBJECTID": 288824, "SHAPE_Leng": 53.577468356099999, "SHAPE_Area": 127.494517528, "Town": "Allama Iqbal Town", "UC_N0": "UC_119", "Landuse": null, "KA": null, "Name": null, "Plot_No": null, "__source_file": "west_wood.shp" }, "geometry": { "type": "Polygon", "coordinates": [ [ [ 74.240655453962745, 31.46693337400183 ], [ 74.24058239755648, 31.466905042284537 ], [ 74.24056824127058, 31.46708611429775 ], [ 74.240640305457816, 31.467101634020679 ], [ 74.240638363895343, 31.467045191887244 ], [ 74.240643432542797, 31.466988892601037 ], [ 74.240655453962745, 31.46693337400183 ] ] ] } },
{ "type": "Feature", "properties": { "OBJECTID": 288825, "SHAPE_Leng": 66.626608580600006, "SHAPE_Area": 249.36402585100001, "Town": "Allama Iqbal Town", "UC_N0": "UC_119", "Landuse": null, "KA": null, "Name": null, "Plot_No": null, "__source_file": "west_wood.shp" }, "geometry": { "type": "Polygon", "coordinates": [ [ [ 74.240450170904154, 31.466862595282784 ], [ 74.240457655185111, 31.467062299287772 ], [ 74.24056824127058, 31.46708611429775 ], [ 74.24058239755648, 31.466905042284537 ], [ 74.240479145721409, 31.466865001047189 ], [ 74.240450170904154, 31.466862595282784 ] ] ] } },
{ "type": "Feature", "properties": { "OBJECTID": 288826, "SHAPE_Leng": 70.549840393599993, "SHAPE_Area": 305.97026437400001, "Town": "Allama Iqbal Town", "UC_N0": "UC_119", "Landuse": null, "KA": null, "Name": null, "Plot_No": null, "__source_file": "west_wood.shp" }, "geometry": { "type": "Polygon", "coordinates": [ [ [ 74.240250488228995, 31.466846015180391 ], [ 74.240082963498324, 31.466832104916278 ], [ 74.240075071221682, 31.466830514379556 ], [ 74.240074241561402, 31.466840002115653 ], [ 74.240062249026266, 31.466977144759628 ], [ 74.240250687743867, 31.46701772698276 ], [ 74.240250488228995, 31.466846015180391 ] ] ] } },
{ "type": "Feature", "properties": { "OBJECTID": 288827, "SHAPE_Leng": 95.647595943300004, "SHAPE_Area": 468.32165662599999, "Town": "Allama Iqbal Town", "UC_N0": "UC_119", "Landuse": null, "KA": null, "Name": null, "Plot_No": null, "__source_file": "west_wood.shp" }, "geometry": { "type": "Polygon", "coordinates": [ [ [ 74.240697658450614, 31.466830880289464 ], [ 74.240722180679128, 31.466790940047826 ], [ 74.240750574338364, 31.466752930584672 ], [ 74.240782633977588, 31.466717126922788 ], [ 74.240689515170416, 31.466630339629123 ], [ 74.240624080731848, 31.466693836039042 ], [ 74.240530287709021, 31.466784851567336 ], [ 74.240450170904154, 31.466862595282784 ], [ 74.240479145721409, 31.466865001047189 ], [ 74.24058239755648, 31.466905042284537 ], [ 74.240655453962745, 31.46693337400183 ], [ 74.240673486194197, 31.466881198415365 ], [ 74.240697658450614, 31.466830880289464 ] ] ] } },
{ "type": "Feature", "properties": { "OBJECTID": 288828, "SHAPE_Leng": 75.913675974599997, "SHAPE_Area": 332.49904504599999, "Town": "Allama Iqbal Town", "UC_N0": "UC_119", "Landuse": null, "KA": null, "Name": null, "Plot_No": null, "__source_file": "west_wood.shp" }, "geometry": { "type": "Polygon", "coordinates": [ [ [ 74.24023558500862, 31.466713114471187 ], [ 74.240412663006936, 31.466859481175238 ], [ 74.240450170904154, 31.466862595282784 ], [ 74.240530287709021, 31.466784851567336 ], [ 74.24033360873824, 31.46663669151306 ], [ 74.24023558500862, 31.466713114471187 ] ] ] } },
{ "type": "Feature", "properties": { "OBJECTID": 288829, "SHAPE_Leng": 64.169590342299998, "SHAPE_Area": 211.87473524800001, "Town": "Allama Iqbal Town", "UC_N0": "UC_119", "Landuse": null, "KA": null, "Name": null, "Plot_No": null, "__source_file": "west_wood.shp" }, "geometry": { "type": "Polygon", "coordinates": [ [ [ 74.240458750889658, 31.466539125199525 ], [ 74.240624080731848, 31.466693836039042 ], [ 74.240689515170416, 31.466630339629123 ], [ 74.240531113298687, 31.466482707283841 ], [ 74.240458750889658, 31.466539125199525 ] ] ] } },
{ "type": "Feature", "properties": { "OBJECTID": 288830, "SHAPE_Leng": 74.441307486499994, "SHAPE_Area": 228.55568214799999, "Town": "Allama Iqbal Town", "UC_N0": "UC_119", "Landuse": null, "KA": null, "Name": null, "Plot_No": null, "__source_file": "west_wood.shp" }, "geometry": { "type": "Polygon", "coordinates": [ [ [ 74.24023558500862, 31.466713114471187 ], [ 74.24008296349831, 31.466832104916278 ], [ 74.24025048822898, 31.466846015180373 ], [ 74.240412663006936, 31.466859481175238 ], [ 74.24023558500862, 31.466713114471187 ] ] ] } },
{ "type": "Feature", "properties": { "OBJECTID": 288831, "SHAPE_Leng": 140.388806195, "SHAPE_Area": 856.88681071300005, "Town": "Allama Iqbal Town", "UC_N0": "UC_119", "Landuse": null, "KA": null, "Name": null, "Plot_No": null, "__source_file": "west_wood.shp" }, "geometry": { "type": "Polygon", "coordinates": [ [ [ 74.240003427254521, 31.467521189189636 ], [ 74.239586873854734, 31.467535612048049 ], [ 74.240003136955551, 31.467911902146479 ], [ 74.240003427254521, 31.467521189189636 ] ] ] } },
{ "type": "Feature", "properties": { "OBJECTID": 289083, "SHAPE_Leng": 123.923213609, "SHAPE_Area": 813.56168649899996, "Town": "Allama Iqbal Town", "UC_N0": "UC_119", "Landuse": null, "KA": null, "Name": null, "Plot_No": null, "__source_file": "west_wood.shp" }, "geometry": { "type": "Polygon", "coordinates": [ [ [ 74.237770878830716, 31.460438561176602 ], [ 74.23741577837572, 31.460714330370514 ], [ 74.237619715407021, 31.460858110881432 ], [ 74.237769624706473, 31.460754370832831 ], [ 74.237770878830716, 31.460438561176602 ] ] ] } },
{ "type": "Feature", "properties": { "OBJECTID": 289084, "SHAPE_Leng": 416.41662722000001, "SHAPE_Area": 1126.08789361, "Town": "Allama Iqbal Town", "UC_N0": "UC_119", "Landuse": "GB", "KA": null, "Name": null, "Plot_No": null, "__source_file": "west_wood.shp" }, "geometry": { "type": "Polygon", "coordinates": [ [ [ 74.238253427047297, 31.46370159369263 ], [ 74.239733677029022, 31.465000380412466 ], [ 74.239739782323554, 31.46500098970013 ], [ 74.239745919125156, 31.465000693302265 ], [ 74.239751905916947, 31.464999499985847 ], [ 74.239757565619016, 31.464997445047295 ], [ 74.239762730826314, 31.464994589268432 ], [ 74.239767248760259, 31.464991017118717 ], [ 74.239770985787544, 31.464986834256667 ], [ 74.239773831372958, 31.464982164404717 ], [ 74.239775701348719, 31.464977145689677 ], [ 74.239776540404108, 31.464971926557119 ], [ 74.239776323721358, 31.464966661380661 ], [ 74.238293550804315, 31.463665253623724 ], [ 74.238288396043842, 31.4636639272832 ], [ 74.238283052876483, 31.463663374106851 ], [ 74.238277728101565, 31.463663604218155 ], [ 74.238272525286163, 31.463664602355518 ], [ 74.238267594102098, 31.463666339805055 ], [ 74.238263076407094, 31.463668766584753 ], [ 74.238259102163838, 31.463671812882279 ], [ 74.238255785701355, 31.46367539106333 ], [ 74.238253222425953, 31.463679398192699 ], [ 74.238251486076706, 31.463683718995323 ], [ 74.238250626604142, 31.463688229172615 ], [ 74.238250668733272, 31.463692798978084 ], [ 74.238251611252252, 31.463697296949888 ], [ 74.238253427047297, 31.46370159369263 ] ] ] } },
{ "type": "Feature", "properties": { "OBJECTID": 289085, "SHAPE_Leng": 418.09575400199998, "SHAPE_Area": 1172.6877368600001, "Town": "Allama Iqbal Town", "UC_N0": "UC_119", "Landuse": "GB", "KA": null, "Name": null, "Plot_No": null, "__source_file": "west_wood.shp" }, "geometry": { "type": "Polygon", "coordinates": [ [ [ 74.238339284470086, 31.463638701720377 ], [ 74.239825323239444, 31.464925329214569 ], [ 74.23982952699005, 31.464927790557915 ], [ 74.23983415586973, 31.464929606992623 ], [ 74.239839076493624, 31.464930726176679 ], [ 74.239844147070002, 31.464931115859912 ], [ 74.239849221486111, 31.464930764813264 ], [ 74.239854153518579, 31.46492968315243 ], [ 74.239858801046907, 31.464927902046323 ], [ 74.239863030148868, 31.464925472818972 ], [ 74.239866718959533, 31.464922465470487 ], [ 74.239869761182902, 31.464918966660026 ], [ 74.239872069154998, 31.464915077208605 ], [ 74.239873576369845, 31.464910909193833 ], [ 74.239874239395974, 31.464906582720356 ], [ 74.239874039127869, 31.464902222458925 ], [ 74.239872981336532, 31.464897954053853 ], [ 74.23987109650318, 31.464893900502577 ], [ 74.238382272878425, 31.463599940860398 ], [ 74.238377573705563, 31.463597922806983 ], [ 74.23837255187469, 31.463596593120673 ], [ 74.238367343551573, 31.463595987855591 ], [ 74.23836190079264, 31.463596142158774 ], [ 74.238356567848683, 31.463597087262507 ], [ 74.238351499951065, 31.463598795656694 ], [ 74.23834684461626, 31.463601217613366 ], [ 74.238342737351815, 31.463604282634176 ], [ 74.23833929771213, 31.463607901502478 ], [ 74.238336625818349, 31.463611968880134 ], [ 74.238334799444146, 31.463616366373877 ], [ 74.238333871751763, 31.463620965981335 ], [ 74.238333869744636, 31.463625633816992 ], [ 74.238334793481329, 31.463630234009329 ], [ 74.238336616073795, 31.463634632655793 ], [ 74.238339284470086, 31.463638701720377 ] ] ] } },
{ "type": "Feature", "properties": { "OBJECTID": 289086, "SHAPE_Leng": 636.876001342, "SHAPE_Area": 1496.0680242400001, "Town": "Allama Iqbal Town", "UC_N0": "UC_119", "Landuse": "GB", "KA": null, "Name": null, "Plot_No": null, "__source_file": "west_wood.shp" }, "geometry": { "type": "Polygon", "coordinates": [ [ [ 74.23979642270514, 31.465055144205998 ], [ 74.240196012858959, 31.465394340978637 ], [ 74.240976971189937, 31.466054013601074 ], [ 74.241581109621066, 31.466561368020173 ], [ 74.241714653251336, 31.466631160718773 ], [ 74.241851369290146, 31.466696284888375 ], [ 74.241991035707386, 31.466756634762458 ], [ 74.24213342567991, 31.466812112328046 ], [ 74.242278307960049, 31.466862627485028 ], [ 74.242281733079992, 31.466864607977918 ], [ 74.242285501212507, 31.466866060446588 ], [ 74.242289502613289, 31.466866942588862 ], [ 74.242293620744206, 31.466867228712928 ], [ 74.242297735667449, 31.466866910485628 ], [ 74.242301727538646, 31.466865997175095 ], [ 74.242305480097201, 31.466864515380902 ], [ 74.242308884052392, 31.466862508259304 ], [ 74.242311840266325, 31.466860034266364 ], [ 74.242314262641315, 31.466857165455487 ], [ 74.242316080627361, 31.466853985378805 ], [ 74.242317241276936, 31.466850586653916 ], [ 74.242317710786949, 31.466847068266365 ], [ 74.242317475483361, 31.466843532686767 ], [ 74.242316542219299, 31.466840082886453 ], [ 74.242314938175468, 31.466836819338479 ], [ 74.242312710068646, 31.466833837091393 ], [ 74.242309922790923, 31.466831223001069 ], [ 74.242306657519862, 31.466829053201074 ], [ 74.242303009354217, 31.466827390885292 ], [ 74.242299084544257, 31.466826284467498 ], [ 74.242154942581493, 31.46677820314158 ], [ 74.242013622162318, 31.466724318752071 ], [ 74.241875441086421, 31.46666475247584 ], [ 74.241740710091904, 31.466599638267066 ], [ 74.241609732156462, 31.466529122555919 ], [ 74.240903939930618, 31.465926624694067 ], [ 74.239833411885456, 31.465027526670379 ], [ 74.239830038816336, 31.465026431852721 ], [ 74.239826525293822, 31.465025733283319 ], [ 74.239822934365918, 31.465025443497566 ], [ 74.239818324318605, 31.465025677149313 ], [ 74.239813828661866, 31.46502658260632 ], [ 74.239809579647684, 31.465028133232067 ], [ 74.239805702272392, 31.465030283410705 ], [ 74.2398023105996, 31.465032969888849 ], [ 74.239799504404672, 31.465036113636426 ], [ 74.239797366239529, 31.465039622171499 ], [ 74.239795959004255, 31.465043392280908 ], [ 74.239795324096605, 31.465047313056576 ], [ 74.239795480194203, 31.465051269158131 ], [ 74.23979642270514, 31.465055144205998 ] ] ] } },
{ "type": "Feature", "properties": { "OBJECTID": 289087, "SHAPE_Leng": 630.419868339, "SHAPE_Area": 1370.4756424100001, "Town": "Allama Iqbal Town", "UC_N0": "UC_119", "Landuse": "GB", "KA": null, "Name": null, "Plot_No": null, "__source_file": "west_wood.shp" }, "geometry": { "type": "Polygon", "coordinates": [ [ [ 74.239901154470616, 31.464988465655505 ], [ 74.240080334570663, 31.465149870883209 ], [ 74.241000486400651, 31.46593867684642 ], [ 74.241639038805843, 31.466477298434839 ], [ 74.241874009447329, 31.466585781652761 ], [ 74.242112035091537, 31.466689256811435 ], [ 74.242352970474101, 31.466787660756335 ], [ 74.242357413187321, 31.466788403507199 ], [ 74.24236193820829, 31.466788500531802 ], [ 74.242366418693081, 31.466787949110358 ], [ 74.2423707290462, 31.466786764700153 ], [ 74.242374748441236, 31.466784980502169 ], [ 74.242378364207809, 31.46678264653049 ], [ 74.242381474989969, 31.466779828210225 ], [ 74.24238399358731, 31.466776604543615 ], [ 74.242385849399454, 31.466773065895389 ], [ 74.242386990404938, 31.466769311459807 ], [ 74.242387384619576, 31.466765446479915 ], [ 74.242387020992965, 31.466761579297508 ], [ 74.242385909718266, 31.466757818316115 ], [ 74.242384081946412, 31.466754268962273 ], [ 74.242381588912963, 31.466751030730226 ], [ 74.2423785005018, 31.466748194392945 ], [ 74.24219517368546, 31.466681471459523 ], [ 74.242015215541699, 31.466608321024108 ], [ 74.241838932656051, 31.466528867713158 ], [ 74.241666625350291, 31.466443246891036 ], [ 74.241038462325832, 31.465919092775607 ], [ 74.239936890154468, 31.464961735651702 ], [ 74.239932992190205, 31.46496023820762 ], [ 74.23992888067059, 31.464959245397928 ], [ 74.239924643977133, 31.464958778564082 ], [ 74.239924244120601, 31.464958762657385 ], [ 74.239920098029671, 31.464958929582156 ], [ 74.23991604483372, 31.464959696040786 ], [ 74.23991220166549, 31.46496103988348 ], [ 74.239908679588197, 31.46496292227474 ], [ 74.239905580385894, 31.464965288815545 ], [ 74.239902993622039, 31.464968071115589 ], [ 74.23990099405124, 31.46497118876955 ], [ 74.239899639458869, 31.464974551680715 ], [ 74.239898968991213, 31.464978062664773 ], [ 74.239899002024117, 31.464981620258207 ], [ 74.239899737603011, 31.464985121650567 ], [ 74.239901154470616, 31.464988465655505 ] ] ] } },
{ "type": "Feature", "properties": { "OBJECTID": 289315, "SHAPE_Leng": 112.76835770300001, "SHAPE_Area": 735.85367446099997, "Town": "Allama Iqbal Town", "UC_N0": "UC_119", "Landuse": "R", "KA": null, "Name": null, "Plot_No": "211", "__source_file": "west_wood.shp" }, "geometry": { "type": "Polygon", "coordinates": [ [ [ 74.24174427456866, 31.465786698685957 ], [ 74.241589833657088, 31.465996398509517 ], [ 74.241637103683942, 31.466037308177174 ], [ 74.241784214793768, 31.46616462558227 ], [ 74.241785240474897, 31.466162611583112 ], [ 74.241942630128761, 31.465835928980976 ], [ 74.24174427456866, 31.465786698685957 ] ] ] } },
{ "type": "Feature", "properties": { "OBJECTID": 289317, "SHAPE_Leng": 82.281236873500006, "SHAPE_Area": 302.46214768099998, "Town": "Allama Iqbal Town", "UC_N0": "UC_119", "Landuse": "R", "KA": null, "Name": null, "Plot_No": "217", "__source_file": "west_wood.shp" }, "geometry": { "type": "Polygon", "coordinates": [ [ [ 74.240630022272697, 31.464612226885798 ], [ 74.240631811759641, 31.464370565889013 ], [ 74.240496176464461, 31.464464724764394 ], [ 74.240443975034111, 31.464508854034932 ], [ 74.240629577101032, 31.464672336519278 ], [ 74.240630022272697, 31.464612226885798 ] ] ] } },
{ "type": "Feature", "properties": { "OBJECTID": 289319, "SHAPE_Leng": 65.231634312899999, "SHAPE_Area": 263.91137527299998, "Town": "Allama Iqbal Town", "UC_N0": "UC_119", "Landuse": "R", "KA": null, "Name": null, "Plot_No": null, "__source_file": "west_wood.shp" }, "geometry": { "type": "Polygon", "coordinates": [ [ [ 74.239911989786819, 31.462490195120409 ], [ 74.239815949697103, 31.462384121229242 ], [ 74.239700886203622, 31.462480688483165 ], [ 74.239566255465519, 31.462593675569725 ], [ 74.239674784318566, 31.462692290600526 ], [ 74.239679343604053, 31.462688405145322 ], [ 74.239804604544219, 31.462581685687574 ], [ 74.239897588145965, 31.462502465069342 ], [ 74.239911989786819, 31.462490195120409 ] ] ] } },
{ "type": "Feature", "properties": { "OBJECTID": 289320, "SHAPE_Leng": 85.407733902299995, "SHAPE_Area": 417.111243796, "Town": "Allama Iqbal Town", "UC_N0": "UC_119", "Landuse": "R", "KA": null, "Name": null, "Plot_No": null, "__source_file": "west_wood.shp" }, "geometry": { "type": "Polygon", "coordinates": [ [ [ 74.239674783902714, 31.462692290206288 ], [ 74.239566254173852, 31.462593675520662 ], [ 74.239358157342494, 31.46276831952164 ], [ 74.239469634276062, 31.462867071877682 ], [ 74.239535818758029, 31.462810682693988 ], [ 74.239569653993129, 31.462781857609976 ], [ 74.239611590912332, 31.462746127905245 ], [ 74.239674783902714, 31.462692290206288 ] ] ] } },
{ "type": "Feature", "properties": { "OBJECTID": 289323, "SHAPE_Leng": 152.614270898, "SHAPE_Area": 1072.23213076, "Town": "Allama Iqbal Town", "UC_N0": "UC_119", "Landuse": "R", "KA": null, "Name": null, "Plot_No": "213", "__source_file": "west_wood.shp" }, "geometry": { "type": "Polygon", "coordinates": [ [ [ 74.240500809348973, 31.46352664848634 ], [ 74.240361377265799, 31.463657015697866 ], [ 74.240470947459997, 31.463754076104497 ], [ 74.240609343580317, 31.463643926568437 ], [ 74.240500809348973, 31.46352664848634 ] ] ] } },
{ "type": "Feature", "properties": { "OBJECTID": 289324, "SHAPE_Leng": 79.075086930599994, "SHAPE_Area": 368.61613021800002, "Town": "Allama Iqbal Town", "UC_N0": "UC_119", "Landuse": null, "KA": null, "Name": null, "Plot_No": null, "__source_file": "west_wood.shp" }, "geometry": { "type": "Polygon", "coordinates": [ [ [ 74.240365133981598, 31.462682942381054 ], [ 74.240360602779504, 31.462819427879108 ], [ 74.240621092063932, 31.46282416308004 ], [ 74.240619562687613, 31.462688791962492 ], [ 74.240365133981598, 31.462682942381054 ] ] ] } },
{ "type": "Feature", "properties": { "OBJECTID": 289325, "SHAPE_Leng": 119.127994765, "SHAPE_Area": 886.53833379100001, "Town": "Allama Iqbal Town", "UC_N0": "UC_119", "Landuse": null, "KA": null, "Name": null, "Plot_No": null, "__source_file": "west_wood.shp" }, "geometry": { "type": "Polygon", "coordinates": [ [ [ 74.240622490521787, 31.462947976867671 ], [ 74.240434828692443, 31.462943049318174 ], [ 74.240312653355076, 31.462939841677471 ], [ 74.240313020116645, 31.463212498681184 ], [ 74.240625523134739, 31.463216480523673 ], [ 74.240622490521787, 31.462947976867671 ] ] ] } },
{ "type": "Feature", "properties": { "OBJECTID": 289326, "SHAPE_Leng": 58.301863538399999, "SHAPE_Area": 203.49386946199999, "Town": "Allama Iqbal Town", "UC_N0": "UC_119", "Landuse": null, "KA": null, "Name": null, "Plot_No": null, "__source_file": "west_wood.shp" }, "geometry": { "type": "Polygon", "coordinates": [ [ [ 74.240439583199759, 31.462838997287463 ], [ 74.240434828692443, 31.462943049318174 ], [ 74.240622490521787, 31.462947976867671 ], [ 74.240621303266394, 31.462842857452912 ], [ 74.240439583199759, 31.462838997287463 ] ] ] } },
{ "type": "Feature", "properties": { "OBJECTID": 289327, "SHAPE_Leng": 72.326940496999995, "SHAPE_Area": 319.23136901800001, "Town": "Allama Iqbal Town", "UC_N0": "UC_119", "Landuse": null, "KA": null, "Name": null, "Plot_No": null, "__source_file": "west_wood.shp" }, "geometry": { "type": "Polygon", "coordinates": [ [ [ 74.240135291867446, 31.462677657719098 ], [ 74.23991910325222, 31.462672686457413 ], [ 74.239913552163486, 31.462811300535094 ], [ 74.24013606503749, 31.462815345763538 ], [ 74.240135291867446, 31.462677657719098 ] ] ] } },
{ "type": "Feature", "properties": { "OBJECTID": 289328, "SHAPE_Leng": 37.8778708818, "SHAPE_Area": 56.800856643300001, "Town": "Allama Iqbal Town", "UC_N0": "UC_119", "Landuse": null, "KA": null, "Name": null, "Plot_No": null, "__source_file": "west_wood.shp" }, "geometry": { "type": "Polygon", "coordinates": [ [ [ 74.240218994321964, 31.462679582573394 ], [ 74.240218382738377, 31.462816841967655 ], [ 74.240256601143102, 31.462817536967158 ], [ 74.240259415907843, 31.462680511687296 ], [ 74.240218994321964, 31.462679582573394 ] ] ] } },
{ "type": "Feature", "properties": { "OBJECTID": 289411, "SHAPE_Leng": 46.2533968268, "SHAPE_Area": 120.17194904199999, "Town": "Allama Iqbal Town", "UC_N0": "UC_119", "Landuse": null, "KA": null, "Name": null, "Plot_No": null, "__source_file": "west_wood.shp" }, "geometry": { "type": "Polygon", "coordinates": [ [ [ 74.240135291867446, 31.462677657719098 ], [ 74.24013606503749, 31.462815345763538 ], [ 74.240218382738377, 31.462816841967655 ], [ 74.240218994321964, 31.462679582573394 ], [ 74.240135291867446, 31.462677657719098 ] ] ] } },
{ "type": "Feature", "properties": { "OBJECTID": 289412, "SHAPE_Leng": 46.708052678999998, "SHAPE_Area": 136.291265829, "Town": "Allama Iqbal Town", "UC_N0": "UC_119", "Landuse": null, "KA": null, "Name": null, "Plot_No": null, "__source_file": "west_wood.shp" }, "geometry": { "type": "Polygon", "coordinates": [ [ [ 74.240439583199759, 31.462838997287463 ], [ 74.240312514709245, 31.462836298348645 ], [ 74.240312653355076, 31.462939841677471 ], [ 74.240434828692443, 31.462943049318174 ], [ 74.240439583199759, 31.462838997287463 ] ] ] } },
{ "type": "Feature", "properties": { "OBJECTID": 289413, "SHAPE_Leng": 41.314608967700003, "SHAPE_Area": 83.180108547800003, "Town": "Allama Iqbal Town", "UC_N0": "UC_119", "Landuse": null, "KA": null, "Name": null, "Plot_No": null, "__source_file": "west_wood.shp" }, "geometry": { "type": "Polygon", "coordinates": [ [ [ 74.24031629552529, 31.462681819916323 ], [ 74.240259415907843, 31.462680511687296 ], [ 74.240256601143102, 31.462817536967158 ], [ 74.240315079567083, 31.462818600256519 ], [ 74.24031629552529, 31.462681819916323 ] ] ] } },
{ "type": "Feature", "properties": { "OBJECTID": 289414, "SHAPE_Leng": 39.2631701476, "SHAPE_Area": 67.915282844000004, "Town": "Allama Iqbal Town", "UC_N0": "UC_119", "Landuse": null, "KA": null, "Name": null, "Plot_No": null, "__source_file": "west_wood.shp" }, "geometry": { "type": "Polygon", "coordinates": [ [ [ 74.240365133981598, 31.462682942381054 ], [ 74.24031629552529, 31.462681819916323 ], [ 74.240315079567083, 31.462818600256519 ], [ 74.240360602779504, 31.462819427879108 ], [ 74.240365133981598, 31.462682942381054 ] ] ] } },
{ "type": "Feature", "properties": { "OBJECTID": 289418, "SHAPE_Leng": 77.755984581299998, "SHAPE_Area": 376.102407927, "Town": "Allama Iqbal Town", "UC_N0": "UC_119", "Landuse": "R", "KA": null, "Name": null, "Plot_No": null, "__source_file": "west_wood.shp" }, "geometry": { "type": "Polygon", "coordinates": [ [ [ 74.239858435910818, 31.462993411841932 ], [ 74.239865735014121, 31.462948531273753 ], [ 74.239844374930342, 31.462927433733036 ], [ 74.239694244221397, 31.463066042202239 ], [ 74.239823543294449, 31.463180581264897 ], [ 74.239858435910818, 31.462993411841932 ] ] ] } },
{ "type": "Feature", "properties": { "OBJECTID": 289423, "SHAPE_Leng": 87.166948888299999, "SHAPE_Area": 441.62519136899999, "Town": "Allama Iqbal Town", "UC_N0": "UC_119", "Landuse": "R", "KA": null, "Name": null, "Plot_No": "344", "__source_file": "west_wood.shp" }, "geometry": { "type": "Polygon", "coordinates": [ [ [ 74.239058366641515, 31.462146403139137 ], [ 74.23884588198726, 31.46231451252654 ], [ 74.238964063171252, 31.462419204911136 ], [ 74.23917607979817, 31.462248711588437 ], [ 74.239058366641515, 31.462146403139137 ] ] ] } },
{ "type": "Feature", "properties": { "OBJECTID": 289424, "SHAPE_Leng": 88.948497275700007, "SHAPE_Area": 461.22254944399998, "Town": "Allama Iqbal Town", "UC_N0": "UC_119", "Landuse": "R", "KA": null, "Name": null, "Plot_No": "348", "__source_file": "west_wood.shp" }, "geometry": { "type": "Polygon", "coordinates": [ [ [ 74.239461449374517, 31.462496734488347 ], [ 74.239250678169086, 31.462673107858446 ], [ 74.23931045349967, 31.462726060327576 ], [ 74.239524813098882, 31.462551805460475 ], [ 74.239461449374517, 31.462496734488347 ] ] ] } },
{ "type": "Feature", "properties": { "OBJECTID": 289425, "SHAPE_Leng": 86.019779265899999, "SHAPE_Area": 422.14739540199997, "Town": "Allama Iqbal Town", "UC_N0": "UC_119", "Landuse": "R", "KA": null, "Name": null, "Plot_No": "346", "__source_file": "west_wood.shp" }, "geometry": { "type": "Polygon", "coordinates": [ [ [ 74.239287450825941, 31.462345507578799 ], [ 74.239082269688751, 31.462523920795881 ], [ 74.239188390122266, 31.46261792938655 ], [ 74.239404466273385, 31.46244720899168 ], [ 74.239287450825941, 31.462345507578799 ] ] ] } },
{ "type": "Feature", "properties": { "OBJECTID": 289426, "SHAPE_Leng": 86.607934924000006, "SHAPE_Area": 432.21238429200002, "Town": "Allama Iqbal Town", "UC_N0": "UC_119", "Landuse": "R", "KA": null, "Name": null, "Plot_No": "345", "__source_file": "west_wood.shp" }, "geometry": { "type": "Polygon", "coordinates": [ [ [ 74.23917607979817, 31.462248711588437 ], [ 74.238964063171252, 31.462419204911136 ], [ 74.239082269688751, 31.462523920795881 ], [ 74.239287450825941, 31.462345507578799 ], [ 74.23917607979817, 31.462248711588437 ] ] ] } },
{ "type": "Feature", "properties": { "OBJECTID": 289428, "SHAPE_Leng": 84.388480368800003, "SHAPE_Area": 439.94698014300002, "Town": "Allama Iqbal Town", "UC_N0": "UC_119", "Landuse": null, "KA": null, "Name": null, "Plot_No": null, "__source_file": "west_wood.shp" }, "geometry": { "type": "Polygon", "coordinates": [ [ [ 74.237767823854284, 31.460994092007862 ], [ 74.237574093392439, 31.460977545979784 ], [ 74.237459200713218, 31.461075706550723 ], [ 74.237556840428283, 31.461137400752392 ], [ 74.237766950067481, 31.461163545590697 ], [ 74.237767823854284, 31.460994092007862 ] ] ] } },
{ "type": "Feature", "properties": { "OBJECTID": 289429, "SHAPE_Leng": 56.685646354200003, "SHAPE_Area": 117.641453606, "Town": "Allama Iqbal Town", "UC_N0": "UC_119", "Landuse": null, "KA": null, "Name": null, "Plot_No": null, "__source_file": "west_wood.shp" }, "geometry": { "type": "Polygon", "coordinates": [ [ [ 74.237766950067481, 31.461163545590697 ], [ 74.237556840428283, 31.461137400752392 ], [ 74.237722366427377, 31.461241989087597 ], [ 74.237766401826434, 31.461269813149077 ], [ 74.237766950067481, 31.461163545590697 ] ] ] } },
{ "type": "Feature", "properties": { "OBJECTID": 289430, "SHAPE_Leng": 57.795504189299997, "SHAPE_Area": 152.893123411, "Town": "Allama Iqbal Town", "UC_N0": "UC_119", "Landuse": null, "KA": null, "Name": null, "Plot_No": null, "__source_file": "west_wood.shp" }, "geometry": { "type": "Polygon", "coordinates": [ [ [ 74.237574093392439, 31.460977545979784 ], [ 74.237767823854284, 31.460994092007862 ], [ 74.237768566939437, 31.460849867355549 ], [ 74.237602270415778, 31.460953472851727 ], [ 74.237574093392439, 31.460977545979784 ] ] ] } },
{ "type": "Feature", "properties": { "OBJECTID": 289431, "SHAPE_Leng": 95.757582749899996, "SHAPE_Area": 462.08288437200002, "Town": "Allama Iqbal Town", "UC_N0": "UC_119", "Landuse": "P", "KA": null, "Name": null, "Plot_No": null, "__source_file": "west_wood.shp" }, "geometry": { "type": "Polygon", "coordinates": [ [ [ 74.237765885353738, 31.461369942006726 ], [ 74.237766401826434, 31.461269813149102 ], [ 74.237722366427377, 31.461241989087597 ], [ 74.237527907005585, 31.461424577786136 ], [ 74.237636254642538, 31.461496775644321 ], [ 74.237765885353738, 31.461369942006726 ] ] ] } },
{ "type": "Feature", "properties": { "OBJECTID": 289432, "SHAPE_Leng": 161.35894415300001, "SHAPE_Area": 1571.1795828300001, "Town": "Allama Iqbal Town", "UC_N0": "UC_119", "Landuse": null, "KA": null, "Name": null, "Plot_No": null, "__source_file": "west_wood.shp" }, "geometry": { "type": "Polygon", "coordinates": [ [ [ 74.23814128987793, 31.461304650227262 ], [ 74.238495488523867, 31.46130810573251 ], [ 74.238492279629625, 31.460878357787138 ], [ 74.238154720845642, 31.460871832679423 ], [ 74.23814128987793, 31.461304650227262 ] ] ] } },
{ "type": "Feature", "properties": { "OBJECTID": 289433, "SHAPE_Leng": 62.126566851699998, "SHAPE_Area": 235.64591209400001, "Town": "Allama Iqbal Town", "UC_N0": "UC_119", "Landuse": null, "KA": null, "Name": null, "Plot_No": null, "__source_file": "west_wood.shp" }, "geometry": { "type": "Polygon", "coordinates": [ [ [ 74.237903930638595, 31.461291462135772 ], [ 74.238091352542426, 31.461294133674855 ], [ 74.238095602759671, 31.461174542481299 ], [ 74.237906470764671, 31.461173422518918 ], [ 74.237903930638595, 31.461291462135772 ] ] ] } },
{ "type": "Feature", "properties": { "OBJECTID": 289434, "SHAPE_Leng": 125.909482236, "SHAPE_Area": 984.88021784600005, "Town": "Allama Iqbal Town", "UC_N0": "UC_119", "Landuse": null, "KA": null, "Name": null, "Plot_No": null, "__source_file": "west_wood.shp" }, "geometry": { "type": "Polygon", "coordinates": [ [ [ 74.237906470764671, 31.461173422518918 ], [ 74.238095602759671, 31.461174542481299 ], [ 74.238106395486668, 31.460870898291056 ], [ 74.237797414192485, 31.460864924798159 ], [ 74.237792987156638, 31.461172749839818 ], [ 74.237906470764671, 31.461173422518918 ] ] ] } },
{ "type": "Feature", "properties": { "OBJECTID": 289435, "SHAPE_Leng": 102.735967432, "SHAPE_Area": 412.20099549000003, "Town": "Allama Iqbal Town", "UC_N0": "UC_119", "Landuse": null, "KA": null, "Name": null, "Plot_No": null, "__source_file": "west_wood.shp" }, "geometry": { "type": "Polygon", "coordinates": [ [ [ 74.237899947695638, 31.461476528192158 ], [ 74.237901539044216, 31.461402597936136 ], [ 74.237903930638595, 31.461291462135772 ], [ 74.237906470764671, 31.461173422518918 ], [ 74.237792987156638, 31.461172749839818 ], [ 74.237787318583941, 31.461566916349994 ], [ 74.237899947695638, 31.461476528192158 ] ] ] } },
{ "type": "Feature", "properties": { "OBJECTID": 289436, "SHAPE_Leng": 65.790939732699997, "SHAPE_Area": 263.61789248399998, "Town": "Allama Iqbal Town", "UC_N0": "UC_119", "Landuse": null, "KA": null, "Name": null, "Plot_No": null, "__source_file": "west_wood.shp" }, "geometry": { "type": "Polygon", "coordinates": [ [ [ 74.238087459725236, 31.461403641964598 ], [ 74.237901539044216, 31.461402597936136 ], [ 74.237899947695638, 31.461476528192158 ], [ 74.238030882740532, 31.461592521861359 ], [ 74.238051800318758, 31.461563550269446 ], [ 74.238068011564778, 31.461532441702769 ], [ 74.238079225436991, 31.46149975466469 ], [ 74.238085240614083, 31.461466075996846 ], [ 74.238087459725236, 31.461403641964598 ] ] ] } },
{ "type": "Feature", "properties": { "OBJECTID": 289437, "SHAPE_Leng": 59.937910594199998, "SHAPE_Area": 216.93392306000001, "Town": "Allama Iqbal Town", "UC_N0": "UC_119", "Landuse": null, "KA": null, "Name": null, "Plot_No": null, "__source_file": "west_wood.shp" }, "geometry": { "type": "Polygon", "coordinates": [ [ [ 74.238091352542426, 31.461294133674855 ], [ 74.237903930638595, 31.461291462135772 ], [ 74.237901539044216, 31.461402597936136 ], [ 74.238087459725236, 31.461403641964598 ], [ 74.238091352542426, 31.461294133674855 ] ] ] } },
{ "type": "Feature", "properties": { "OBJECTID": 289438, "SHAPE_Leng": 168.45633889300001, "SHAPE_Area": 1437.6277780600001, "Town": "Allama Iqbal Town", "UC_N0": "UC_119", "Landuse": null, "KA": null, "Name": null, "Plot_No": null, "__source_file": "west_wood.shp" }, "geometry": { "type": "Polygon", "coordinates": [ [ [ 74.238496840441357, 31.461489219333043 ], [ 74.238135735168726, 31.461480711800021 ], [ 74.23812876397912, 31.461519941679335 ], [ 74.238115155432311, 31.461557870833264 ], [ 74.238095203875488, 31.461593678848459 ], [ 74.238069340857507, 31.461626591191205 ], [ 74.23850071948732, 31.46200874312397 ], [ 74.238496840441357, 31.461489219333043 ] ] ] } },
{ "type": "Feature", "properties": { "OBJECTID": 289439, "SHAPE_Leng": 98.016608916600006, "SHAPE_Area": 508.73837640599999, "Town": "Allama Iqbal Town", "UC_N0": "UC_119", "Landuse": null, "KA": null, "Name": null, "Plot_No": null, "__source_file": "west_wood.shp" }, "geometry": { "type": "Polygon", "coordinates": [ [ [ 74.238495816729426, 31.461352088259819 ], [ 74.238139934236642, 31.461348323199005 ], [ 74.238136629054154, 31.461454809838369 ], [ 74.238135735168726, 31.461480711800021 ], [ 74.238496840441357, 31.461489219333043 ], [ 74.238495816729426, 31.461352088259819 ] ] ] } },
{ "type": "Feature", "properties": { "OBJECTID": 289489, "SHAPE_Leng": 2262.90848039, "SHAPE_Area": 93478.714418500007, "Town": "Allama Iqbal Town", "UC_N0": "UC_119", "Landuse": null, "KA": null, "Name": null, "Plot_No": null, "__source_file": "west_wood.shp" }, "geometry": { "type": "Polygon", "coordinates": [ [ [ 74.239404466273413, 31.46244720899168 ], [ 74.239524813098882, 31.462551805460475 ], [ 74.239779970933313, 31.462344384077756 ], [ 74.239815948575568, 31.462384120352116 ], [ 74.239911988545998, 31.462490195265492 ], [ 74.239926381480373, 31.462490956456556 ], [ 74.239919103252234, 31.462672686457413 ], [ 74.240135291867446, 31.462677657719098 ], [ 74.240218994321964, 31.462679582573394 ], [ 74.240259415907857, 31.462680511687296 ], [ 74.24031629552529, 31.462681819916341 ], [ 74.240365133981598, 31.46268294238109 ], [ 74.240619562687627, 31.462688791962492 ], [ 74.240621092063947, 31.46282416308004 ], [ 74.240621303266408, 31.46284285745293 ], [ 74.240622490521801, 31.462947976867696 ], [ 74.240625523134753, 31.463216480523673 ], [ 74.240964478521178, 31.463218490057457 ], [ 74.24096548956085, 31.463283394621737 ], [ 74.240971593342422, 31.463675214906718 ], [ 74.240630610411316, 31.463666906675972 ], [ 74.240633218034532, 31.463897820352393 ], [ 74.240627858486775, 31.463983792211131 ], [ 74.240627685095163, 31.463986558026953 ], [ 74.240634559339455, 31.464023482920307 ], [ 74.240634611575402, 31.46402375921323 ], [ 74.240632764198807, 31.464252643705645 ], [ 74.240632761480128, 31.464252899351088 ], [ 74.240631811759641, 31.464370565889013 ], [ 74.240630022272711, 31.464612226885798 ], [ 74.240713225050357, 31.46461354668925 ], [ 74.240821445712683, 31.46461526287159 ], [ 74.241058949813649, 31.464619029111613 ], [ 74.241283114089654, 31.46462258324776 ], [ 74.241328938993419, 31.464623309468895 ], [ 74.241338045971389, 31.46449839318392 ], [ 74.241899582081388, 31.464498683702779 ], [ 74.2419778605678, 31.464498723954907 ], [ 74.242739286469401, 31.464499113924859 ], [ 74.242740437927992, 31.464360895040041 ], [ 74.243268809516934, 31.464369033039191 ], [ 74.243444552777319, 31.464371738762196 ], [ 74.243511744813702, 31.464006741520556 ], [ 74.243107802019281, 31.464004354601997 ], [ 74.243114095121925, 31.463893306708155 ], [ 74.243060116815755, 31.463890673456845 ], [ 74.243125441201144, 31.463734163292045 ], [ 74.24315647248288, 31.463659816000799 ], [ 74.24324832244595, 31.463653416227654 ], [ 74.243247909311322, 31.463639740622291 ], [ 74.243244058400848, 31.463512220459496 ], [ 74.243436657383356, 31.463399959180919 ], [ 74.243456558314094, 31.463292240548995 ], [ 74.243380401049322, 31.463286267202946 ], [ 74.243082063567357, 31.463262867078758 ], [ 74.243024962009301, 31.463258611205582 ], [ 74.242737220226459, 31.463234649477407 ], [ 74.242442569941929, 31.463210111217915 ], [ 74.242387754523008, 31.463205869487556 ], [ 74.242249503127184, 31.46319478060747 ], [ 74.242097692863766, 31.463182604452868 ], [ 74.242064158480986, 31.463182009902461 ], [ 74.242035756515307, 31.463177355952702 ], [ 74.242039328911531, 31.463110986243375 ], [ 74.242039436361893, 31.463105272981927 ], [ 74.242038807114184, 31.463099584491395 ], [ 74.242036917060091, 31.463092379664378 ], [ 74.242033847950793, 31.463085479409344 ], [ 74.2420296624896, 31.463079024700903 ], [ 74.242024446187187, 31.46307314741108 ], [ 74.242015071761386, 31.463050441658503 ], [ 74.242002460084151, 31.463015267894288 ], [ 74.241991720255157, 31.462978744989215 ], [ 74.241983212134059, 31.462941792544289 ], [ 74.241975114904619, 31.46288977125446 ], [ 74.241971731643375, 31.462846042214746 ], [ 74.241971660244175, 31.462795721301209 ], [ 74.241975434504212, 31.462747412549035 ], [ 74.241931456941344, 31.462739341693464 ], [ 74.241941454085321, 31.462688278306615 ], [ 74.241954768622151, 31.462620266479288 ], [ 74.241956860922798, 31.462609578519679 ], [ 74.241959967519776, 31.462593711498055 ], [ 74.2419647115847, 31.462570307087667 ], [ 74.241709376568963, 31.462550252949242 ], [ 74.241637730640676, 31.462544625574896 ], [ 74.241557955641568, 31.46253835996303 ], [ 74.24147564978685, 31.462531895257605 ], [ 74.241431816097389, 31.462528452576791 ], [ 74.24139305467034, 31.462525408034789 ], [ 74.241334725815406, 31.462520827462527 ], [ 74.241301458464392, 31.462518214223177 ], [ 74.241299238168523, 31.462446083814822 ], [ 74.241299366212402, 31.462430204576471 ], [ 74.241299380924659, 31.46242864111413 ], [ 74.241300157990921, 31.462355769694813 ], [ 74.241300935576206, 31.46228296413986 ], [ 74.241301870192444, 31.462195513755709 ], [ 74.241302096419659, 31.462174506872376 ], [ 74.241302138334817, 31.46217022247161 ], [ 74.241302173275827, 31.462166672437665 ], [ 74.241303829130018, 31.462012097447808 ], [ 74.241304910861203, 31.461911100175502 ], [ 74.241306450680369, 31.461911109298129 ], [ 74.241293027218518, 31.461636619136783 ], [ 74.240555043143203, 31.461638416880813 ], [ 74.240552613025088, 31.461493374899998 ], [ 74.240088231130017, 31.461493705721534 ], [ 74.240082315597235, 31.46088887465838 ], [ 74.239175203940192, 31.460883488709118 ], [ 74.239176519256716, 31.460275614967227 ], [ 74.238496240277868, 31.460265399568634 ], [ 74.238497385094988, 31.459679124888734 ], [ 74.238050529973393, 31.459685903361645 ], [ 74.238055756186696, 31.459988724448973 ], [ 74.237860537486299, 31.460073133993873 ], [ 74.237806132982413, 31.460258680423607 ], [ 74.237797414192499, 31.460864924798145 ], [ 74.238106395486653, 31.46087089829107 ], [ 74.238154720845642, 31.460871832679423 ], [ 74.238492279629654, 31.460878357787138 ], [ 74.238495488523881, 31.461308105732531 ], [ 74.23849581672944, 31.461352088259801 ], [ 74.238496840441357, 31.461489219333043 ], [ 74.23850071948732, 31.462008743123985 ], [ 74.23877022919585, 31.462247494266727 ], [ 74.23897667383406, 31.462075400989576 ], [ 74.239058366641515, 31.462146403139155 ], [ 74.239176079798185, 31.462248711588437 ], [ 74.239287450825955, 31.462345507578831 ], [ 74.239404466273413, 31.46244720899168 ] ] ] } },
{ "type": "Feature", "properties": { "OBJECTID": 289673, "SHAPE_Leng": 317.53906131399998, "SHAPE_Area": 2055.3757599800001, "Town": "Allama Iqbal Town", "UC_N0": "UC_119", "Landuse": null, "KA": null, "Name": null, "Plot_No": null, "__source_file": "west_wood.shp" }, "geometry": { "type": "Polygon", "coordinates": [ [ [ 74.241393935026736, 31.465457226680197 ], [ 74.241472897852915, 31.465643512247681 ], [ 74.241620791620122, 31.465300319062518 ], [ 74.241667121515874, 31.465191484321387 ], [ 74.241710988060106, 31.46508190222816 ], [ 74.241763590449622, 31.464940413932037 ], [ 74.241812087262034, 31.464797852076206 ], [ 74.241856448747114, 31.4646543041695 ], [ 74.24172898900018, 31.464646815306729 ], [ 74.241644485629607, 31.464896550400997 ], [ 74.241614672268625, 31.464984659769623 ], [ 74.241590849800176, 31.46505506243615 ], [ 74.241422943011528, 31.465371138087871 ], [ 74.241453093158881, 31.465397694021878 ], [ 74.241395486487647, 31.46545566871362 ], [ 74.241393935026736, 31.465457226680197 ] ] ] } },
{ "type": "Feature", "properties": { "OBJECTID": 289702, "SHAPE_Leng": 128.112859066, "SHAPE_Area": 952.09777307800005, "Town": "Allama Iqbal Town", "UC_N0": "UC_119", "Landuse": null, "KA": null, "Name": null, "Plot_No": null, "__source_file": "west_wood.shp" }, "geometry": { "type": "Polygon", "coordinates": [ [ [ 74.241102732400066, 31.464878945073615 ], [ 74.241146764262098, 31.464837115234403 ], [ 74.241186349304201, 31.464792138405652 ], [ 74.241221182847227, 31.464744360773352 ], [ 74.241241605610909, 31.464711182786598 ], [ 74.241259732698154, 31.464677039005984 ], [ 74.241283114089654, 31.46462258324776 ], [ 74.241058949813649, 31.464619029111613 ], [ 74.240795902852696, 31.464818838335749 ], [ 74.240968970437592, 31.464971277718014 ], [ 74.241016266586186, 31.464943459865491 ], [ 74.241060941194988, 31.464912622064009 ], [ 74.241102732400066, 31.464878945073615 ] ] ] } },
{ "type": "Feature", "properties": { "OBJECTID": 289703, "SHAPE_Leng": 64.464735265200005, "SHAPE_Area": 238.27535468599999, "Town": "Allama Iqbal Town", "UC_N0": "UC_119", "Landuse": null, "KA": null, "Name": null, "Plot_No": null, "__source_file": "west_wood.shp" }, "geometry": { "type": "Polygon", "coordinates": [ [ [ 74.241441228057795, 31.464746421412517 ], [ 74.241259732698154, 31.464677039005984 ], [ 74.241241605610909, 31.464711182786598 ], [ 74.241221182847227, 31.464744360773352 ], [ 74.241374364090618, 31.46488117169719 ], [ 74.241411094216801, 31.464814998922378 ], [ 74.241441228057795, 31.464746421412517 ] ] ] } },
{ "type": "Feature", "properties": { "OBJECTID": 289704, "SHAPE_Leng": 78.848000481100001, "SHAPE_Area": 372.79311266899998, "Town": "Allama Iqbal Town", "UC_N0": "UC_119", "Landuse": null, "KA": null, "Name": null, "Plot_No": null, "__source_file": "west_wood.shp" }, "geometry": { "type": "Polygon", "coordinates": [ [ [ 74.241263590885794, 31.465024682186367 ], [ 74.241102732400037, 31.464878945073615 ], [ 74.241060941194988, 31.464912622064009 ], [ 74.241016266586172, 31.464943459865491 ], [ 74.240968970437564, 31.464971277718014 ], [ 74.241147345945947, 31.465128392054538 ], [ 74.241207960643166, 31.465078589431783 ], [ 74.241263590885794, 31.465024682186367 ] ] ] } },
{ "type": "Feature", "properties": { "OBJECTID": 289705, "SHAPE_Leng": 81.099002261300001, "SHAPE_Area": 398.72615966900003, "Town": "Allama Iqbal Town", "UC_N0": "UC_119", "Landuse": null, "KA": null, "Name": null, "Plot_No": null, "__source_file": "west_wood.shp" }, "geometry": { "type": "Polygon", "coordinates": [ [ [ 74.241374364090618, 31.46488117169719 ], [ 74.241221182847227, 31.464744360773352 ], [ 74.241186349304201, 31.464792138405652 ], [ 74.241146764262098, 31.464837115234403 ], [ 74.241102732400066, 31.464878945073615 ], [ 74.241263590885808, 31.465024682186399 ], [ 74.241304159142203, 31.46497896132372 ], [ 74.24134113675963, 31.464931055548703 ], [ 74.241374364090618, 31.46488117169719 ] ] ] } },
{ "type": "Feature", "properties": { "OBJECTID": 289706, "SHAPE_Leng": 56.731332655599999, "SHAPE_Area": 181.35783230499999, "Town": "Allama Iqbal Town", "UC_N0": "UC_119", "Landuse": null, "KA": null, "Name": null, "Plot_No": null, "__source_file": "west_wood.shp" }, "geometry": { "type": "Polygon", "coordinates": [ [ [ 74.241475442556123, 31.464631917512083 ], [ 74.241328938993419, 31.464623309468895 ], [ 74.241283114089654, 31.464622583247728 ], [ 74.241259732698154, 31.464677039005963 ], [ 74.241441228057795, 31.464746421412517 ], [ 74.24146059661993, 31.46468966589201 ], [ 74.241475442556123, 31.464631917512083 ] ] ] } },
{ "type": "Feature", "properties": { "OBJECTID": 289707, "SHAPE_Leng": 80.329942946700001, "SHAPE_Area": 289.90499171499999, "Town": "Allama Iqbal Town", "UC_N0": "UC_119", "Landuse": "R", "KA": null, "Name": "MUSJID", "Plot_No": null, "__source_file": "west_wood.shp" }, "geometry": { "type": "Polygon", "coordinates": [ [ [ 74.240713225050357, 31.46461354668925 ], [ 74.240630022272711, 31.464612226885798 ], [ 74.240629577101046, 31.464672336519278 ], [ 74.240698694529868, 31.464733215923445 ], [ 74.240766647738212, 31.464793069780477 ], [ 74.240795902852696, 31.464818838335749 ], [ 74.241058949813649, 31.464619029111613 ], [ 74.240821445712683, 31.46461526287159 ], [ 74.240713225050357, 31.46461354668925 ] ] ] } },
{ "type": "Feature", "properties": { "OBJECTID": 289710, "SHAPE_Leng": 89.914073013099994, "SHAPE_Area": 470.17592022100001, "Town": "Allama Iqbal Town", "UC_N0": "UC_119", "Landuse": null, "KA": null, "Name": null, "Plot_No": null, "__source_file": "west_wood.shp" }, "geometry": { "type": "Polygon", "coordinates": [ [ [ 74.241728989000165, 31.464646815306747 ], [ 74.241530907707812, 31.464635176458557 ], [ 74.241515802783255, 31.464706454792594 ], [ 74.241493338503645, 31.464776293668763 ], [ 74.241463694042423, 31.464844136007404 ], [ 74.241644485629607, 31.464896550400997 ], [ 74.241728989000165, 31.464646815306747 ] ] ] } },
{ "type": "Feature", "properties": { "OBJECTID": 289711, "SHAPE_Leng": 61.132477290300002, "SHAPE_Area": 191.206016119, "Town": "Allama Iqbal Town", "UC_N0": "UC_119", "Landuse": null, "KA": null, "Name": null, "Plot_No": null, "__source_file": "west_wood.shp" }, "geometry": { "type": "Polygon", "coordinates": [ [ [ 74.241614672268625, 31.464984659769595 ], [ 74.241417039743069, 31.464925110952841 ], [ 74.241389059592706, 31.464964846984746 ], [ 74.241358473716005, 31.46500314624765 ], [ 74.241590849800176, 31.46505506243615 ], [ 74.241614672268625, 31.464984659769595 ] ] ] } },
{ "type": "Feature", "properties": { "OBJECTID": 289712, "SHAPE_Leng": 58.218548396899997, "SHAPE_Area": 190.05836624700001, "Town": "Allama Iqbal Town", "UC_N0": "UC_119", "Landuse": null, "KA": null, "Name": null, "Plot_No": null, "__source_file": "west_wood.shp" }, "geometry": { "type": "Polygon", "coordinates": [ [ [ 74.241644485629607, 31.464896550400997 ], [ 74.241463694042423, 31.464844136007404 ], [ 74.24144168269612, 31.464885180456267 ], [ 74.241417039743069, 31.464925110952841 ], [ 74.241614672268625, 31.464984659769595 ], [ 74.241644485629607, 31.464896550400997 ] ] ] } },
{ "type": "Feature", "properties": { "OBJECTID": 289713, "SHAPE_Leng": 118.094404665, "SHAPE_Area": 812.23073986199995, "Town": "Allama Iqbal Town", "UC_N0": "UC_119", "Landuse": null, "KA": null, "Name": null, "Plot_No": null, "__source_file": "west_wood.shp" }, "geometry": { "type": "Polygon", "coordinates": [ [ [ 74.241590849800176, 31.46505506243615 ], [ 74.241358473716005, 31.46500314624765 ], [ 74.241305644541754, 31.465059877712804 ], [ 74.241247109864346, 31.465112333875108 ], [ 74.241183338430318, 31.465160094657048 ], [ 74.241422943011528, 31.465371138087853 ], [ 74.241590849800176, 31.46505506243615 ] ] ] } },
{ "type": "Feature", "properties": { "OBJECTID": 293785, "SHAPE_Leng": 159.783488519, "SHAPE_Area": 303.871378865, "Town": "Allama Iqbal Town", "UC_N0": "UC_119", "Landuse": "GB", "KA": null, "Name": null, "Plot_No": null, "__source_file": "west_wood.shp" }, "geometry": { "type": "Polygon", "coordinates": [ [ [ 74.236607768960141, 31.463985818592949 ], [ 74.236058711434936, 31.464456475306246 ], [ 74.236056971454332, 31.464459282037392 ], [ 74.236055806148315, 31.464462299385708 ], [ 74.236055248622705, 31.464465441629766 ], [ 74.236055314716609, 31.46446861949989 ], [ 74.236056002552402, 31.464471742714284 ], [ 74.236057292589024, 31.464474722543905 ], [ 74.236059148177233, 31.464477474333169 ], [ 74.236061516600643, 31.46447991990502 ], [ 74.23606433057347, 31.464481989781898 ], [ 74.236067510152068, 31.464483625159517 ], [ 74.236070965006093, 31.464484779577582 ], [ 74.236074596984707, 31.464485420239566 ], [ 74.236078302905057, 31.464485528944572 ], [ 74.236081977483622, 31.464485102604353 ], [ 74.236085516327307, 31.464484153331014 ], [ 74.236088818899177, 31.464482708092984 ], [ 74.236091791374648, 31.464480807948824 ], [ 74.23663830693053, 31.464007941741567 ], [ 74.236640371869584, 31.464005787042726 ], [ 74.236642002813099, 31.464003374327444 ], [ 74.236643156770683, 31.464000767193081 ], [ 74.236643803324952, 31.463998034361634 ], [ 74.236643925433285, 31.463995247868443 ], [ 74.236643519877035, 31.46399248116326 ], [ 74.236642597346432, 31.463989807174297 ], [ 74.23664118215865, 31.463987296385767 ], [ 74.236639311616983, 31.463985014980118 ], [ 74.236637035027471, 31.463983023093348 ], [ 74.236634412399241, 31.463981373230059 ], [ 74.236631512862687, 31.463980108879326 ], [ 74.236628412847296, 31.463979263368422 ], [ 74.236625194067031, 31.463978858984348 ], [ 74.236621856879935, 31.46397891368381 ], [ 74.236618576587063, 31.463979442462399 ], [ 74.236615444211367, 31.463980430647283 ], [ 74.23661254667141, 31.463981850817923 ], [ 74.236609964369364, 31.463983663566797 ], [ 74.236607768960141, 31.463985818592949 ] ] ] } },
{ "type": "Feature", "properties": { "OBJECTID": 293786, "SHAPE_Leng": 161.31253214500001, "SHAPE_Area": 300.97865286699999, "Town": "Allama Iqbal Town", "UC_N0": "UC_119", "Landuse": "GB", "KA": null, "Name": null, "Plot_No": null, "__source_file": "west_wood.shp" }, "geometry": { "type": "Polygon", "coordinates": [ [ [ 74.236033435515083, 31.464416830713876 ], [ 74.236574831483736, 31.463943933327016 ], [ 74.236577305136166, 31.463941738514993 ], [ 74.236579311643951, 31.463939217630628 ], [ 74.236580793554879, 31.463936442854262 ], [ 74.236581708437555, 31.463933493635892 ], [ 74.236582030096244, 31.463930454420314 ], [ 74.236581749320948, 31.463927412229189 ], [ 74.236580874151187, 31.463924454169337 ], [ 74.236579429645644, 31.463921664938738 ], [ 74.236577457164827, 31.463919124401173 ], [ 74.236575013186666, 31.463916905299698 ], [ 74.236572167689403, 31.463915071173645 ], [ 74.236569002147974, 31.463913674539427 ], [ 74.236565607201101, 31.463912755386737 ], [ 74.236562080055975, 31.463912340033609 ], [ 74.236558582456155, 31.463912434293643 ], [ 74.236555151456088, 31.463913024133692 ], [ 74.236551881960622, 31.463914093238177 ], [ 74.236548864407254, 31.463915612034658 ], [ 74.236546182264462, 31.463917538511687 ], [ 74.236543909723039, 31.463919819381019 ], [ 74.236002897566792, 31.464394706520373 ], [ 74.23599517535105, 31.464401113129277 ], [ 74.235993600008129, 31.464403889547196 ], [ 74.235992610386901, 31.464406858095352 ], [ 74.235992236488897, 31.464409928778789 ], [ 74.235992489649377, 31.464413008506135 ], [ 74.235993362193511, 31.464416003911868 ], [ 74.235994827669174, 31.464418824186787 ], [ 74.235996841648799, 31.464421383830906 ], [ 74.235999343076259, 31.464423605245656 ], [ 74.236002256117899, 31.464425421086197 ], [ 74.23600549246143, 31.464426776303199 ], [ 74.236008953993291, 31.464427629811652 ], [ 74.236012535773071, 31.464427955736447 ], [ 74.23601612921486, 31.464427744196783 ], [ 74.236019625379228, 31.464427001605724 ], [ 74.236022918275836, 31.464425750475812 ], [ 74.236033435515083, 31.464416830713876 ] ] ] } },
{ "type": "Feature", "properties": { "OBJECTID": 295355, "SHAPE_Leng": 72.7922625514, "SHAPE_Area": 228.774186907, "Town": "Allama Iqbal Town", "UC_N0": "UC_119", "Landuse": "R", "KA": null, "Name": null, "Plot_No": "212", "__source_file": "west_wood.shp" }, "geometry": { "type": "Polygon", "coordinates": [ [ [ 74.240630610411316, 31.463666906675972 ], [ 74.240609343580317, 31.463643926568437 ], [ 74.240470947459997, 31.463754076104497 ], [ 74.240633218034532, 31.463897820352393 ], [ 74.240630610411316, 31.463666906675972 ] ] ] } },
{ "type": "Feature", "properties": { "OBJECTID": 232348, "SHAPE_Leng": 271.13406936500002, "SHAPE_Area": 4462.0762666199998, "Town": "Allama Iqbal Town", "UC_N0": "UC_119", "Landuse": null, "KA": null, "Name": null, "Plot_No": null, "__source_file": "west_wood.shp" }, "geometry": { "type": "Polygon", "coordinates": [ [ [ 74.24005823556891, 31.467021036525615 ], [ 74.240062249026266, 31.466977144759628 ], [ 74.240074241561402, 31.466840002115653 ], [ 74.239881739321618, 31.467014301040379 ], [ 74.23998788724488, 31.467106797977095 ], [ 74.240032354306749, 31.467145546342888 ], [ 74.24005823556891, 31.467021036525615 ] ] ] } },
{ "type": "Feature", "properties": { "OBJECTID": 232348, "SHAPE_Leng": 271.13406936500002, "SHAPE_Area": 4462.0762666199998, "Town": "Allama Iqbal Town", "UC_N0": "UC_119", "Landuse": null, "KA": null, "Name": null, "Plot_No": null, "__source_file": "west_wood.shp" }, "geometry": { "type": "Polygon", "coordinates": [ [ [ 74.23998788724488, 31.467106797977095 ], [ 74.239881739321618, 31.467014301040379 ], [ 74.239598597655558, 31.46727066665439 ], [ 74.239742886734575, 31.467405475880739 ], [ 74.23998788724488, 31.467106797977095 ] ] ] } },
{ "type": "Feature", "properties": { "OBJECTID": 232348, "SHAPE_Leng": 271.13406936500002, "SHAPE_Area": 4462.0762666199998, "Town": "Allama Iqbal Town", "UC_N0": "UC_119", "Landuse": null, "KA": null, "Name": null, "Plot_No": null, "__source_file": "west_wood.shp" }, "geometry": { "type": "Polygon", "coordinates": [ [ [ 74.240051870116716, 31.467217435613687 ], [ 74.240032354306749, 31.467145546342888 ], [ 74.239935435040721, 31.467279398671835 ], [ 74.240016958401483, 31.467327468099139 ], [ 74.240094088860019, 31.467372947203483 ], [ 74.240051870116716, 31.467217435613687 ] ] ] } },
{ "type": "Feature", "properties": { "OBJECTID": 232348, "SHAPE_Leng": 271.13406936500002, "SHAPE_Area": 4462.0762666199998, "Town": "Allama Iqbal Town", "UC_N0": "UC_119", "Landuse": null, "KA": null, "Name": null, "Plot_No": null, "__source_file": "west_wood.shp" }, "geometry": { "type": "Polygon", "coordinates": [ [ [ 74.240016958401483, 31.467327468099139 ], [ 74.239935435040721, 31.467279398671835 ], [ 74.239865280177725, 31.467376287186074 ], [ 74.239943792906871, 31.467435997998024 ], [ 74.240016958401483, 31.467327468099139 ] ] ] } },
{ "type": "Feature", "properties": { "OBJECTID": 232348, "SHAPE_Leng": 271.13406936500002, "SHAPE_Area": 4462.0762666199998, "Town": "Allama Iqbal Town", "UC_N0": "UC_119", "Landuse": null, "KA": null, "Name": null, "Plot_No": null, "__source_file": "west_wood.shp" }, "geometry": { "type": "Polygon", "coordinates": [ [ [ 74.240122314201344, 31.467476916359967 ], [ 74.240110596678718, 31.467433753164908 ], [ 74.240094088860019, 31.467372947203483 ], [ 74.240016958401483, 31.467327468099139 ], [ 74.239943792906871, 31.467435997998024 ], [ 74.240038591325956, 31.467508094303415 ], [ 74.240122314201344, 31.467476916359967 ] ] ] } },
{ "type": "Feature", "properties": { "OBJECTID": 277807, "SHAPE_Leng": 151.20404177500001, "SHAPE_Area": 1338.95570707, "Town": "Allama Iqbal Town", "UC_N0": "UC_119", "Landuse": "R", "KA": null, "Name": null, "Plot_No": "196", "__source_file": "west_wood.shp" }, "geometry": { "type": "Polygon", "coordinates": [ [ [ 74.239832259495671, 31.464102391253377 ], [ 74.239631772377635, 31.464291494113628 ], [ 74.239739388354735, 31.464384142458712 ], [ 74.239748690602582, 31.464392150762581 ], [ 74.239956359253156, 31.464210416712334 ], [ 74.239832259495671, 31.464102391253377 ] ] ] } },
{ "type": "Feature", "properties": { "OBJECTID": 277807, "SHAPE_Leng": 151.20404177500001, "SHAPE_Area": 1338.95570707, "Town": "Allama Iqbal Town", "UC_N0": "UC_119", "Landuse": "R", "KA": null, "Name": null, "Plot_No": "194", "__source_file": "west_wood.shp" }, "geometry": { "type": "Polygon", "coordinates": [ [ [ 74.239721536564147, 31.464006009648507 ], [ 74.239606688949053, 31.463906037299989 ], [ 74.23939816769051, 31.464090379461233 ], [ 74.239512444962841, 31.464188763281101 ], [ 74.239721536564147, 31.464006009648507 ] ] ] } },
{ "type": "Feature", "properties": { "OBJECTID": 277845, "SHAPE_Leng": 119.21932094899999, "SHAPE_Area": 887.22170269200001, "Town": "Allama Iqbal Town", "UC_N0": "UC_119", "Landuse": "R", "KA": null, "Name": null, "Plot_No": "190", "__source_file": "west_wood.shp" }, "geometry": { "type": "Polygon", "coordinates": [ [ [ 74.239161069372059, 31.463518131080711 ], [ 74.238954313282008, 31.463708252936659 ], [ 74.239061466948399, 31.463800504828448 ], [ 74.239274085179431, 31.463616510540863 ], [ 74.239161069372059, 31.463518131080711 ] ] ] } },
{ "type": "Feature", "properties": { "OBJECTID": 277839, "SHAPE_Leng": 113.69270242899999, "SHAPE_Area": 804.91930267800001, "Town": "Allama Iqbal Town", "UC_N0": "UC_119", "Landuse": "R", "KA": null, "Name": null, "Plot_No": "181", "__source_file": "west_wood.shp" }, "geometry": { "type": "Polygon", "coordinates": [ [ [ 74.239289663876249, 31.463996965887748 ], [ 74.239176725057035, 31.46389973383905 ], [ 74.238976976242341, 31.46406859208529 ], [ 74.239087236128938, 31.464164420886004 ], [ 74.239289663876249, 31.463996965887748 ] ] ] } },
{ "type": "Feature", "properties": { "OBJECTID": 277846, "SHAPE_Leng": 121.51861144599999, "SHAPE_Area": 917.33371870899998, "Town": "Allama Iqbal Town", "UC_N0": "UC_119", "Landuse": "R", "KA": null, "Name": null, "Plot_No": "198", "__source_file": "west_wood.shp" }, "geometry": { "type": "Polygon", "coordinates": [ [ [ 74.24017405272258, 31.464399912748856 ], [ 74.240069880106873, 31.464309234029969 ], [ 74.239859245189365, 31.464487329139139 ], [ 74.239966855342971, 31.464579971846749 ], [ 74.24017405272258, 31.464399912748856 ] ] ] } },
{ "type": "Feature", "properties": { "OBJECTID": 289419, "SHAPE_Leng": 83.617800669800005, "SHAPE_Area": 392.63501485900002, "Town": "Allama Iqbal Town", "UC_N0": "UC_119", "Landuse": "R", "KA": null, "Name": null, "Plot_No": "232", "__source_file": "west_wood.shp" }, "geometry": { "type": "Polygon", "coordinates": [ [ [ 74.239192541029851, 31.463101092238617 ], [ 74.239307266150774, 31.463206181652673 ], [ 74.239523498837215, 31.46301708670865 ], [ 74.239411499808, 31.462919048420858 ], [ 74.239192541029851, 31.463101092238617 ] ] ] } },
{ "type": "Feature", "properties": { "OBJECTID": 289318, "SHAPE_Leng": 130.381094244, "SHAPE_Area": 947.92031169500001, "Town": "Allama Iqbal Town", "UC_N0": "UC_119", "Landuse": null, "KA": null, "Name": null, "Plot_No": null, "__source_file": "west_wood.shp" }, "geometry": { "type": "Polygon", "coordinates": [ [ [ 74.239873799211566, 31.462899143785826 ], [ 74.239874450853577, 31.462894937421549 ], [ 74.239872924655586, 31.462901076315429 ], [ 74.239873799211566, 31.462899143785826 ] ] ] } },
{ "type": "Feature", "properties": { "OBJECTID": 0, "SHAPE_Leng": 0.0, "SHAPE_Area": 0.0, "Town": null, "UC_N0": null, "Landuse": "R", "KA": null, "Name": null, "Plot_No": null, "__source_file": "west_wood.shp" }, "geometry": { "type": "Polygon", "coordinates": [ [ [ 74.239873799211566, 31.462899143785826 ], [ 74.239913552163486, 31.462811300535133 ], [ 74.239919103252234, 31.462672686457413 ], [ 74.239926381480373, 31.462490956456556 ], [ 74.239911988545998, 31.462490195265492 ], [ 74.239897587178817, 31.46250246480281 ], [ 74.23980460350694, 31.462581685448825 ], [ 74.239679343271845, 31.46268840491636 ], [ 74.239774513260301, 31.462766978361728 ], [ 74.239872924655586, 31.462901076315429 ], [ 74.239874450853577, 31.462894937421549 ], [ 74.239873799211566, 31.462899143785826 ] ] ] } },
{ "type": "Feature", "properties": { "OBJECTID": 289418, "SHAPE_Leng": 77.755984581299998, "SHAPE_Area": 376.102407927, "Town": "Allama Iqbal Town", "UC_N0": "UC_119", "Landuse": null, "KA": null, "Name": null, "Plot_No": null, "__source_file": "west_wood.shp" }, "geometry": { "type": "Polygon", "coordinates": [ [ [ 74.239866636627511, 31.462949421804833 ], [ 74.239866093358401, 31.462948885213407 ], [ 74.239862929212364, 31.462969309014927 ], [ 74.239866636627511, 31.462949421804833 ] ] ] } },
{ "type": "Feature", "properties": { "OBJECTID": 289418, "SHAPE_Leng": 77.755984581299998, "SHAPE_Area": 376.102407927, "Town": "Allama Iqbal Town", "UC_N0": "UC_119", "Landuse": null, "KA": null, "Name": null, "Plot_No": null, "__source_file": "west_wood.shp" }, "geometry": { "type": "Polygon", "coordinates": [ [ [ 74.239862929212364, 31.462969309014927 ], [ 74.239866093358401, 31.462948885213407 ], [ 74.239865735014121, 31.462948531273753 ], [ 74.239858435910818, 31.462993411841932 ], [ 74.239862929212364, 31.462969309014927 ] ] ] } },
{ "type": "Feature", "properties": { "OBJECTID": 289318, "SHAPE_Leng": 130.381094244, "SHAPE_Area": 947.92031169500001, "Town": "Allama Iqbal Town", "UC_N0": "UC_119", "Landuse": null, "KA": null, "Name": null, "Plot_No": null, "__source_file": "west_wood.shp" }, "geometry": { "type": "Polygon", "coordinates": [ [ [ 74.239873799211566, 31.462899143785826 ], [ 74.239872924655586, 31.462901076315429 ], [ 74.239844374930342, 31.462927433733036 ], [ 74.239865735014121, 31.462948531273753 ], [ 74.239866093358401, 31.462948885213407 ], [ 74.239873799211566, 31.462899143785826 ] ] ] } },
{ "type": "Feature", "properties": { "OBJECTID": 0, "SHAPE_Leng": 0.0, "SHAPE_Area": 0.0, "Town": null, "UC_N0": null, "Landuse": "R", "KA": null, "Name": null, "Plot_No": null, "__source_file": "west_wood.shp" }, "geometry": { "type": "Polygon", "coordinates": [ [ [ 74.239774513260301, 31.462766978361728 ], [ 74.239679343271845, 31.46268840491636 ], [ 74.239674783902714, 31.462692290206288 ], [ 74.239611590912332, 31.462746127905245 ], [ 74.239569653993129, 31.462781857609976 ], [ 74.239535818758029, 31.462810682693988 ], [ 74.239469634276062, 31.462867071877682 ], [ 74.239565738641602, 31.462952206258795 ], [ 74.239568305430723, 31.462954480357478 ], [ 74.239572796680704, 31.462958458649673 ], [ 74.239584050628977, 31.462968428762341 ], [ 74.239774513260301, 31.462766978361728 ] ] ] } },
{ "type": "Feature", "properties": { "OBJECTID": 0, "SHAPE_Leng": 0.0, "SHAPE_Area": 0.0, "Town": null, "UC_N0": null, "Landuse": "R", "KA": null, "Name": null, "Plot_No": null, "__source_file": "west_wood.shp" }, "geometry": { "type": "Polygon", "coordinates": [ [ [ 74.239844374930342, 31.462927433733036 ], [ 74.239872924655586, 31.462901076315429 ], [ 74.239774513260301, 31.462766978361728 ], [ 74.239584050628977, 31.462968428762341 ], [ 74.239694244221397, 31.463066042202239 ], [ 74.239844374930342, 31.462927433733036 ] ] ] } },
{ "type": "Feature", "properties": { "OBJECTID": 289424, "SHAPE_Leng": 88.948497275700007, "SHAPE_Area": 461.22254944399998, "Town": "Allama Iqbal Town", "UC_N0": "UC_119", "Landuse": "R", "KA": null, "Name": null, "Plot_No": "347", "__source_file": "west_wood.shp" }, "geometry": { "type": "Polygon", "coordinates": [ [ [ 74.239461449374517, 31.462496734488347 ], [ 74.239404466273413, 31.46244720899168 ], [ 74.239188390122294, 31.46261792938655 ], [ 74.239250678169086, 31.462673107858446 ], [ 74.239461449374517, 31.462496734488347 ] ] ] } },
{ "type": "Feature", "properties": { "OBJECTID": 277773, "SHAPE_Leng": 213.70455659500001, "SHAPE_Area": 2541.4484496, "Town": "Allama Iqbal Town", "UC_N0": "UC_119", "Landuse": "V", "KA": null, "Name": null, "Plot_No": "73", "__source_file": "west_wood.shp" }, "geometry": { "type": "Polygon", "coordinates": [ [ [ 74.237183640361252, 31.464060838797032 ], [ 74.236880223469797, 31.463867090350298 ], [ 74.236737169984806, 31.463992190923499 ], [ 74.237003616968238, 31.464214681182263 ], [ 74.237183640361252, 31.464060838797032 ] ] ] } },
{ "type": "Feature", "properties": { "OBJECTID": 277773, "SHAPE_Leng": 213.70455659500001, "SHAPE_Area": 2541.4484496, "Town": "Allama Iqbal Town", "UC_N0": "UC_119", "Landuse": "R", "KA": null, "Name": null, "Plot_No": "75", "__source_file": "west_wood.shp" }, "geometry": { "type": "Polygon", "coordinates": [ [ [ 74.237066562869614, 31.463704135402036 ], [ 74.23736574060996, 31.463905221218543 ], [ 74.237536888122293, 31.46375896185366 ], [ 74.237257638267153, 31.463537037911646 ], [ 74.237066562869614, 31.463704135402036 ] ] ] } },
{ "type": "Feature", "properties": { "OBJECTID": 277828, "SHAPE_Leng": 112.158969662, "SHAPE_Area": 782.57858315399994, "Town": "Allama Iqbal Town", "UC_N0": "UC_119", "Landuse": "PB", "KA": null, "Name": null, "Plot_No": "67", "__source_file": "west_wood.shp" }, "geometry": { "type": "Polygon", "coordinates": [ [ [ 74.238217821879076, 31.464898954511423 ], [ 74.238116393792453, 31.464811656701936 ], [ 74.237924196600147, 31.464983377612725 ], [ 74.238029196701817, 31.465071052478113 ], [ 74.238217821879076, 31.464898954511423 ] ] ] } },
{ "type": "Feature", "properties": { "OBJECTID": 277771, "SHAPE_Leng": 149.284637288, "SHAPE_Area": 1292.78383988, "Town": "Allama Iqbal Town", "UC_N0": "UC_119", "Landuse": "V", "KA": null, "Name": null, "Plot_No": "92", "__source_file": "west_wood.shp" }, "geometry": { "type": "Polygon", "coordinates": [ [ [ 74.239109311889237, 31.465317184585103 ], [ 74.238999088279314, 31.465221850167207 ], [ 74.238789029482149, 31.465390578998466 ], [ 74.238899497702079, 31.465485654824626 ], [ 74.239109311889237, 31.465317184585103 ] ] ] } },
{ "type": "Feature", "properties": { "OBJECTID": 277771, "SHAPE_Leng": 149.284637288, "SHAPE_Area": 1292.78383988, "Town": "Allama Iqbal Town", "UC_N0": "UC_119", "Landuse": "R", "KA": null, "Name": null, "Plot_No": "91", "__source_file": "west_wood.shp" }, "geometry": { "type": "Polygon", "coordinates": [ [ [ 74.238999088279314, 31.465221850167207 ], [ 74.238878778774705, 31.465117791947982 ], [ 74.238676544032344, 31.465293766038773 ], [ 74.238789029482149, 31.465390578998466 ], [ 74.238999088279314, 31.465221850167207 ] ] ] } },
{ "type": "Feature", "properties": { "OBJECTID": 277925, "SHAPE_Leng": 114.730188645, "SHAPE_Area": 821.32074248200001, "Town": "Allama Iqbal Town", "UC_N0": "UC_119", "Landuse": "R", "KA": null, "Name": null, "Plot_No": "85", "__source_file": "west_wood.shp" }, "geometry": { "type": "Polygon", "coordinates": [ [ [ 74.238299300546799, 31.464616582583702 ], [ 74.238201186751468, 31.464531720301771 ], [ 74.23799984663475, 31.464711346339673 ], [ 74.238116393792453, 31.464811656701936 ], [ 74.238299300546799, 31.464616582583702 ] ] ] } },
{ "type": "Feature", "properties": { "OBJECTID": 277577, "SHAPE_Leng": 177.40228584299999, "SHAPE_Area": 1681.74161622, "Town": "Allama Iqbal Town", "UC_N0": "UC_119", "Landuse": "V", "KA": null, "Name": null, "Plot_No": "111", "__source_file": "west_wood.shp" }, "geometry": { "type": "Polygon", "coordinates": [ [ [ 74.240252420364016, 31.465838618284394 ], [ 74.240142895858455, 31.465745143045169 ], [ 74.239940867194051, 31.465919831978084 ], [ 74.240053679047008, 31.466017373364974 ], [ 74.240252420364016, 31.465838618284394 ] ] ] } },
{ "type": "Feature", "properties": { "OBJECTID": 277577, "SHAPE_Leng": 177.40228584299999, "SHAPE_Area": 1681.74161622, "Town": "Allama Iqbal Town", "UC_N0": "UC_119", "Landuse": "R", "KA": null, "Name": null, "Plot_No": "110", "__source_file": "west_wood.shp" }, "geometry": { "type": "Polygon", "coordinates": [ [ [ 74.240373242521642, 31.46594173521143 ], [ 74.240372353157213, 31.465940976305824 ], [ 74.240252420364016, 31.465838618284394 ], [ 74.240053679047008, 31.466017373364974 ], [ 74.240167883866789, 31.466116118858601 ], [ 74.240373242521642, 31.46594173521143 ] ] ] } },
{ "type": "Feature", "properties": { "OBJECTID": 277577, "SHAPE_Leng": 177.40228584299999, "SHAPE_Area": 1681.74161622, "Town": "Allama Iqbal Town", "UC_N0": "UC_119", "Landuse": "R", "KA": null, "Name": null, "Plot_No": "109", "__source_file": "west_wood.shp" }, "geometry": { "type": "Polygon", "coordinates": [ [ [ 74.240485860566793, 31.466037849088448 ], [ 74.240375810296101, 31.465943926324886 ], [ 74.240373242521642, 31.46594173521143 ], [ 74.240167883866789, 31.466116118858601 ], [ 74.240279403342896, 31.466212542213732 ], [ 74.240485860566793, 31.466037849088448 ] ] ] } },
{ "type": "Feature", "properties": { "OBJECTID": 277578, "SHAPE_Leng": 116.872012731, "SHAPE_Area": 850.67359808900005, "Town": "Allama Iqbal Town", "UC_N0": "UC_119", "Landuse": "R", "KA": null, "Name": null, "Plot_No": "148", "__source_file": "west_wood.shp" }, "geometry": { "type": "Polygon", "coordinates": [ [ [ 74.240458917295058, 31.46566488888924 ], [ 74.240346579494613, 31.46556902185041 ], [ 74.240142895858455, 31.465745143045169 ], [ 74.240252420364016, 31.465838618284394 ], [ 74.240458917295058, 31.46566488888924 ] ] ] } },
{ "type": "Feature", "properties": { "OBJECTID": 277580, "SHAPE_Leng": 84.382269811900002, "SHAPE_Area": 408.73066648399998, "Town": "Allama Iqbal Town", "UC_N0": "UC_119", "Landuse": "R", "KA": null, "Name": null, "Plot_No": "113", "__source_file": "west_wood.shp" }, "geometry": { "type": "Polygon", "coordinates": [ [ [ 74.239977104998147, 31.465603645912257 ], [ 74.239775471104963, 31.465776823206426 ], [ 74.23983149433198, 31.46582526337394 ], [ 74.240031790376875, 31.465650318022043 ], [ 74.239977104998147, 31.465603645912257 ] ] ] } },
{ "type": "Feature", "properties": { "OBJECTID": 277585, "SHAPE_Leng": 84.735742761200001, "SHAPE_Area": 409.033053876, "Town": "Allama Iqbal Town", "UC_N0": "UC_119", "Landuse": "R", "KA": null, "Name": null, "Plot_No": "145", "__source_file": "west_wood.shp" }, "geometry": { "type": "Polygon", "coordinates": [ [ [ 74.240173683501453, 31.46542147497706 ], [ 74.24012414802084, 31.465379202033255 ], [ 74.239920076698098, 31.465554974125247 ], [ 74.239977104998147, 31.465603645912257 ], [ 74.240173683501453, 31.46542147497706 ] ] ] } },
{ "type": "Feature", "properties": { "OBJECTID": 277582, "SHAPE_Leng": 86.309556526799994, "SHAPE_Area": 427.89877431299999, "Town": "Allama Iqbal Town", "UC_N0": "UC_119", "Landuse": "R", "KA": null, "Name": null, "Plot_No": "107", "__source_file": "west_wood.shp" }, "geometry": { "type": "Polygon", "coordinates": [ [ [ 74.240658588856945, 31.466185264730175 ], [ 74.240600820383804, 31.466135961515356 ], [ 74.240393513660948, 31.466311205392035 ], [ 74.240449826791831, 31.466359895465413 ], [ 74.240658588856945, 31.466185264730175 ] ] ] } },
{ "type": "Feature", "properties": { "OBJECTID": 277590, "SHAPE_Leng": 86.393591857000004, "SHAPE_Area": 431.69569791800001, "Town": "Allama Iqbal Town", "UC_N0": "UC_119", "Landuse": "R", "KA": null, "Name": null, "Plot_No": "152", "__source_file": "west_wood.shp" }, "geometry": { "type": "Polygon", "coordinates": [ [ [ 74.24086569226921, 31.466012020474555 ], [ 74.240806843935701, 31.465961801370092 ], [ 74.240600820383804, 31.466135961515356 ], [ 74.240658588856945, 31.466185264730175 ], [ 74.24086569226921, 31.466012020474555 ] ] ] } },
{ "type": "Feature", "properties": { "OBJECTID": 277557, "SHAPE_Leng": 92.568604325500004, "SHAPE_Area": 500.06827507899999, "Town": "Allama Iqbal Town", "UC_N0": "UC_119", "Landuse": "R", "KA": null, "Name": null, "Plot_No": "94", "__source_file": "west_wood.shp" }, "geometry": { "type": "Polygon", "coordinates": [ [ [ 74.239347973148512, 31.465525283443416 ], [ 74.239295132498754, 31.465479791009415 ], [ 74.239076072203773, 31.465664970368298 ], [ 74.239135109694757, 31.465714219303699 ], [ 74.239347973148512, 31.465525283443416 ] ] ] } },
{ "type": "Feature", "properties": { "OBJECTID": 277558, "SHAPE_Leng": 86.861093353300006, "SHAPE_Area": 451.031527815, "Town": "Allama Iqbal Town", "UC_N0": "UC_119", "Landuse": "R", "KA": null, "Name": null, "Plot_No": "59", "__source_file": "west_wood.shp" }, "geometry": { "type": "Polygon", "coordinates": [ [ [ 74.239135109787256, 31.465714220605495 ], [ 74.239076071918078, 31.46566497124676 ], [ 74.239066745859063, 31.465672855413871 ], [ 74.238909311450726, 31.465805938972391 ], [ 74.238880638327814, 31.465830191940725 ], [ 74.238943294277519, 31.465884474004806 ], [ 74.239004036987879, 31.465937097058493 ], [ 74.239007871280279, 31.465940420020956 ], [ 74.239205747406004, 31.465773145874962 ], [ 74.239135109787256, 31.465714220605495 ] ] ] } },
{ "type": "Feature", "properties": { "OBJECTID": 277559, "SHAPE_Leng": 83.841942238200005, "SHAPE_Area": 381.52447109600001, "Town": "Allama Iqbal Town", "UC_N0": "UC_119", "Landuse": "R", "KA": null, "Name": null, "Plot_No": "51B", "__source_file": "west_wood.shp" }, "geometry": { "type": "Polygon", "coordinates": [ [ [ 74.24006017393134, 31.466485901627898 ], [ 74.240013541134672, 31.466447001386733 ], [ 74.239806384895019, 31.466632190356993 ], [ 74.239847657267859, 31.466667945243859 ], [ 74.24006017393134, 31.466485901627898 ] ] ] } },
{ "type": "Feature", "properties": { "OBJECTID": 277564, "SHAPE_Leng": 86.195179736699998, "SHAPE_Area": 435.288819553, "Town": "Allama Iqbal Town", "UC_N0": "UC_119", "Landuse": "R", "KA": null, "Name": null, "Plot_No": "105", "__source_file": "west_wood.shp" }, "geometry": { "type": "Polygon", "coordinates": [ [ [ 74.240383980144045, 31.466417207578601 ], [ 74.240185215769174, 31.46659020900838 ], [ 74.240235211348804, 31.466631914204321 ], [ 74.240437954206357, 31.466463674536584 ], [ 74.240383980144045, 31.466417207578601 ] ] ] } },
{ "type": "Feature", "properties": { "OBJECTID": 277551, "SHAPE_Leng": 125.697323723, "SHAPE_Area": 944.46401154900002, "Town": "Allama Iqbal Town", "UC_N0": "UC_119", "Landuse": "V", "KA": null, "Name": null, "Plot_No": "40", "__source_file": "west_wood.shp" }, "geometry": { "type": "Polygon", "coordinates": [ [ [ 74.238900479055118, 31.465963785846032 ], [ 74.238812490541363, 31.465887832994468 ], [ 74.238526522667769, 31.466129714274423 ], [ 74.238616494596215, 31.466204976135359 ], [ 74.238900479055118, 31.465963785846032 ] ] ] } },
{ "type": "Feature", "properties": { "OBJECTID": 0, "SHAPE_Leng": 0.0, "SHAPE_Area": 0.0, "Town": null, "UC_N0": null, "Landuse": "R", "KA": null, "Name": null, "Plot_No": "8", "__source_file": "west_wood.shp" }, "geometry": { "type": "Polygon", "coordinates": [ [ [ 74.239557949604375, 31.466992002221918 ], [ 74.239255128734257, 31.467235720250887 ], [ 74.239598597655558, 31.46727066665439 ], [ 74.239557949604375, 31.466992002221918 ] ] ] } },
{ "type": "Feature", "properties": { "OBJECTID": 277548, "SHAPE_Leng": 121.682926999, "SHAPE_Area": 892.71369491799999, "Town": "Allama Iqbal Town", "UC_N0": "UC_119", "Landuse": "R", "KA": null, "Name": null, "Plot_No": "15", "__source_file": "west_wood.shp" }, "geometry": { "type": "Polygon", "coordinates": [ [ [ 74.238616494596215, 31.466204976135359 ], [ 74.238526522667769, 31.466129714274423 ], [ 74.238257658513319, 31.466357126680787 ], [ 74.238349207997501, 31.466436789585657 ], [ 74.238616494596215, 31.466204976135359 ] ] ] } },
{ "type": "Feature", "properties": { "OBJECTID": 0, "SHAPE_Leng": 0.0, "SHAPE_Area": 0.0, "Town": null, "UC_N0": null, "Landuse": "R", "KA": null, "Name": null, "Plot_No": "45", "__source_file": "west_wood.shp" }, "geometry": { "type": "Polygon", "coordinates": [ [ [ 74.239496838194512, 31.466478563617443 ], [ 74.2392224636056, 31.466711865694986 ], [ 74.23938460062061, 31.466847252527916 ], [ 74.239631679062938, 31.466602233737476 ], [ 74.239496838194512, 31.466478563617443 ] ] ] } },
{ "type": "Feature", "properties": { "OBJECTID": 230100, "SHAPE_Leng": 173.39594566, "SHAPE_Area": 1837.8549603900001, "Town": "Allama Iqbal Town", "UC_N0": "UC_119", "Landuse": "R", "KA": null, "Name": null, "Plot_No": "19", "__source_file": "west_wood.shp" }, "geometry": { "type": "Polygon", "coordinates": [ [ [ 74.237926434500977, 31.465586048109905 ], [ 74.237774611080766, 31.465454404604706 ], [ 74.237496363412689, 31.465693474914591 ], [ 74.237604262909898, 31.46578509999075 ], [ 74.237662444923316, 31.465839448807866 ], [ 74.237926434500977, 31.465586048109905 ] ] ] } },
{ "type": "Feature", "properties": { "OBJECTID": 277770, "SHAPE_Leng": 356.34160442199999, "SHAPE_Area": 5311.5961971200004, "Town": "Allama Iqbal Town", "UC_N0": "UC_119", "Landuse": "R", "KA": null, "Name": null, "Plot_No": "25", "__source_file": "west_wood.shp" }, "geometry": { "type": "Polygon", "coordinates": [ [ [ 74.236745745034042, 31.464574924967696 ], [ 74.236487593522725, 31.464836841408466 ], [ 74.236659703026561, 31.46498299602295 ], [ 74.236919698315077, 31.46472305971751 ], [ 74.236745745034042, 31.464574924967696 ] ] ] } },
{ "type": "Feature", "properties": { "OBJECTID": 277827, "SHAPE_Leng": 118.22733044, "SHAPE_Area": 869.82829880999998, "Town": "Allama Iqbal Town", "UC_N0": "UC_119", "Landuse": null, "KA": null, "Name": null, "Plot_No": "135", "__source_file": "west_wood.shp" }, "geometry": { "type": "Polygon", "coordinates": [ [ [ 74.239131567210606, 31.464511905833756 ], [ 74.239020444470981, 31.464415173281491 ], [ 74.238813591684661, 31.464589070336622 ], [ 74.23892564138842, 31.464687747284305 ], [ 74.239131567210606, 31.464511905833756 ] ] ] } },
{ "type": "Feature", "properties": { "OBJECTID": 277770, "SHAPE_Leng": 356.34160442199999, "SHAPE_Area": 5311.5961971200004, "Town": "Allama Iqbal Town", "UC_N0": "UC_119", "Landuse": "V", "KA": null, "Name": null, "Plot_No": "26", "__source_file": "west_wood.shp" }, "geometry": { "type": "Polygon", "coordinates": [ [ [ 74.236745745034042, 31.464574924967696 ], [ 74.236570603658706, 31.464425779023671 ], [ 74.236300027078229, 31.464677560054941 ], [ 74.236487593522725, 31.464836841408466 ], [ 74.236745745034042, 31.464574924967696 ] ] ] } },
{ "type": "Feature", "properties": { "OBJECTID": 230092, "SHAPE_Leng": 111.026187678, "SHAPE_Area": 691.78952454700004, "Town": "Allama Iqbal Town", "UC_N0": "UC_119", "Landuse": "C", "KA": null, "Name": "Shop", "Plot_No": "32", "__source_file": "west_wood.shp" }, "geometry": { "type": "Polygon", "coordinates": [ [ [ 74.237498121405764, 31.464749508396707 ], [ 74.237360414086382, 31.464631621152101 ], [ 74.237087633176969, 31.464866068082411 ], [ 74.23724112123007, 31.46499677340735 ], [ 74.237498121405764, 31.464749508396707 ] ] ] } },
{ "type": "Feature", "properties": { "OBJECTID": 277770, "SHAPE_Leng": 356.34160442199999, "SHAPE_Area": 5311.5961971200004, "Town": "Allama Iqbal Town", "UC_N0": "UC_119", "Landuse": "R", "KA": null, "Name": null, "Plot_No": "22", "__source_file": "west_wood.shp" }, "geometry": { "type": "Polygon", "coordinates": [ [ [ 74.237429052451972, 31.465156809553488 ], [ 74.237417550079272, 31.465147014169698 ], [ 74.237271310184653, 31.465022482679224 ], [ 74.237248344984963, 31.465002925195378 ], [ 74.23724112123007, 31.46499677340735 ], [ 74.236979985769906, 31.465254976873315 ], [ 74.237149067361486, 31.46539855829219 ], [ 74.237429052451972, 31.465156809553488 ] ] ] } },
{ "type": "Feature", "properties": { "OBJECTID": 277770, "SHAPE_Leng": 356.34160442199999, "SHAPE_Area": 5311.5961971200004, "Town": "Allama Iqbal Town", "UC_N0": "UC_119", "Landuse": "R", "KA": null, "Name": null, "Plot_No": "23", "__source_file": "west_wood.shp" }, "geometry": { "type": "Polygon", "coordinates": [ [ [ 74.23724112123007, 31.46499677340735 ], [ 74.237087633176969, 31.464866068082411 ], [ 74.236819150125172, 31.46511839717299 ], [ 74.236979985769906, 31.465254976873315 ], [ 74.23724112123007, 31.46499677340735 ] ] ] } },
{ "type": "Feature", "properties": { "OBJECTID": 277770, "SHAPE_Leng": 356.34160442199999, "SHAPE_Area": 5311.5961971200004, "Town": "Allama Iqbal Town", "UC_N0": "UC_119", "Landuse": "R", "KA": null, "Name": null, "Plot_No": "24", "__source_file": "west_wood.shp" }, "geometry": { "type": "Polygon", "coordinates": [ [ [ 74.237087633176969, 31.464866068082411 ], [ 74.236919698315077, 31.46472305971751 ], [ 74.236659703026561, 31.46498299602295 ], [ 74.236819150125172, 31.46511839717299 ], [ 74.237087633176969, 31.464866068082411 ] ] ] } },
{ "type": "Feature", "properties": { "OBJECTID": 0, "SHAPE_Leng": 0.0, "SHAPE_Area": 0.0, "Town": null, "UC_N0": null, "Landuse": "R", "KA": null, "Name": null, "Plot_No": "134", "__source_file": "west_wood.shp" }, "geometry": { "type": "Polygon", "coordinates": [ [ [ 74.239020444470981, 31.464415173281491 ], [ 74.238908156947602, 31.464317426093306 ], [ 74.238705444747183, 31.464493832301798 ], [ 74.238813591684661, 31.464589070336622 ], [ 74.239020444470981, 31.464415173281491 ] ] ] } },
{ "type": "Feature", "properties": { "OBJECTID": 277826, "SHAPE_Leng": 118.66569102, "SHAPE_Area": 878.13010879800004, "Town": "Allama Iqbal Town", "UC_N0": "UC_119", "Landuse": "R", "KA": null, "Name": null, "Plot_No": "128A", "__source_file": "west_wood.shp" }, "geometry": { "type": "Polygon", "coordinates": [ [ [ 74.238373623523856, 31.464201615223384 ], [ 74.238254584049116, 31.464096783208763 ], [ 74.238046886046959, 31.464280731955341 ], [ 74.238154268451993, 31.464374977412763 ], [ 74.238373623523856, 31.464201615223384 ] ] ] } },
{ "type": "Feature", "properties": { "OBJECTID": 289673, "SHAPE_Leng": 317.53906131399998, "SHAPE_Area": 2055.3757599800001, "Town": "Allama Iqbal Town", "UC_N0": "UC_119", "Landuse": "R", "KA": null, "Name": null, "Plot_No": "209", "__source_file": "west_wood.shp" }, "geometry": { "type": "Polygon", "coordinates": [ [ [ 74.241399032962008, 31.465605756071476 ], [ 74.241393935026736, 31.465457226680197 ], [ 74.241183812626545, 31.465642102651259 ], [ 74.241182150352827, 31.465643565225335 ], [ 74.24128512116485, 31.4657326823346 ], [ 74.241399032962008, 31.465605756071476 ] ] ] } },
{ "type": "Feature", "properties": { "OBJECTID": 289419, "SHAPE_Leng": 83.617800669800005, "SHAPE_Area": 392.63501485900002, "Town": "Allama Iqbal Town", "UC_N0": "UC_119", "Landuse": "V", "KA": null, "Name": null, "Plot_No": "230", "__source_file": "west_wood.shp" }, "geometry": { "type": "Polygon", "coordinates": [ [ [ 74.239192541029851, 31.463101092238617 ], [ 74.239083730894734, 31.463001420704142 ], [ 74.238872753137827, 31.463179772431282 ], [ 74.238983730549123, 31.463274697670759 ], [ 74.239192541029851, 31.463101092238617 ] ] ] } },
{ "type": "Feature", "properties": { "OBJECTID": 289419, "SHAPE_Leng": 83.617800669800005, "SHAPE_Area": 392.63501485900002, "Town": "Allama Iqbal Town", "UC_N0": "UC_119", "Landuse": "R", "KA": null, "Name": null, "Plot_No": "218", "__source_file": "west_wood.shp" }, "geometry": { "type": "Polygon", "coordinates": [ [ [ 74.240537003718586, 31.464332613128597 ], [ 74.240385013121937, 31.464193392831675 ], [ 74.240236155134781, 31.46434594514573 ], [ 74.240376894852474, 31.464466320508645 ], [ 74.240537003718586, 31.464332613128597 ] ] ] } },
{ "type": "Feature", "properties": { "OBJECTID": 289419, "SHAPE_Leng": 83.617800669800005, "SHAPE_Area": 392.63501485900002, "Town": "Allama Iqbal Town", "UC_N0": "UC_119", "Landuse": "R", "KA": null, "Name": null, "Plot_No": "242A", "__source_file": "west_wood.shp" }, "geometry": { "type": "Polygon", "coordinates": [ [ [ 74.240385013121937, 31.464193392831675 ], [ 74.240537003718586, 31.464332613128597 ], [ 74.240572088585751, 31.464303313575066 ], [ 74.240632764198807, 31.464252643705645 ], [ 74.240634611575402, 31.46402375921323 ], [ 74.240634559339455, 31.464023482920307 ], [ 74.240627685095163, 31.463986558026953 ], [ 74.240627858486775, 31.463983792211131 ], [ 74.240607190257265, 31.463965700483588 ], [ 74.240385013121937, 31.464193392831675 ] ] ] } },
{ "type": "Feature", "properties": { "OBJECTID": 289419, "SHAPE_Leng": 83.617800669800005, "SHAPE_Area": 392.63501485900002, "Town": "Allama Iqbal Town", "UC_N0": "UC_119", "Landuse": "R", "KA": null, "Name": null, "Plot_No": "219", "__source_file": "west_wood.shp" }, "geometry": { "type": "Polygon", "coordinates": [ [ [ 74.240385013121951, 31.464193392831625 ], [ 74.240274637671845, 31.464092290794603 ], [ 74.240117491941589, 31.464244448260292 ], [ 74.240236155134781, 31.46434594514573 ], [ 74.240385013121951, 31.464193392831625 ] ] ] } },
{ "type": "Feature", "properties": { "OBJECTID": 289419, "SHAPE_Leng": 83.617800669800005, "SHAPE_Area": 392.63501485900002, "Town": "Allama Iqbal Town", "UC_N0": "UC_119", "Landuse": "R", "KA": null, "Name": null, "Plot_No": "242", "__source_file": "west_wood.shp" }, "geometry": { "type": "Polygon", "coordinates": [ [ [ 74.240274637671845, 31.464092290794603 ], [ 74.240385013121951, 31.464193392831625 ], [ 74.240607190257265, 31.463965700483588 ], [ 74.240536235210783, 31.46390359061715 ], [ 74.240501197715304, 31.46387292120049 ], [ 74.240274637671845, 31.464092290794603 ] ] ] } },
{ "type": "Feature", "properties": { "OBJECTID": 289419, "SHAPE_Leng": 83.617800669800005, "SHAPE_Area": 392.63501485900002, "Town": "Allama Iqbal Town", "UC_N0": "UC_119", "Landuse": "R", "KA": null, "Name": null, "Plot_No": "220", "__source_file": "west_wood.shp" }, "geometry": { "type": "Polygon", "coordinates": [ [ [ 74.240274637671831, 31.464092290794643 ], [ 74.240166613862115, 31.463993342520094 ], [ 74.240008295551135, 31.464151050014163 ], [ 74.240117491941589, 31.464244448260292 ], [ 74.240274637671831, 31.464092290794643 ] ] ] } },
{ "type": "Feature", "properties": { "OBJECTID": 289419, "SHAPE_Leng": 83.617800669800005, "SHAPE_Area": 392.63501485900002, "Town": "Allama Iqbal Town", "UC_N0": "UC_119", "Landuse": "R", "KA": null, "Name": null, "Plot_No": "241", "__source_file": "west_wood.shp" }, "geometry": { "type": "Polygon", "coordinates": [ [ [ 74.240166613862115, 31.463993342520094 ], [ 74.240274637671831, 31.464092290794643 ], [ 74.240501197715304, 31.46387292120049 ], [ 74.240417956795454, 31.463800057699817 ], [ 74.24038745190451, 31.463773355272352 ], [ 74.240166613862115, 31.463993342520094 ] ] ] } },
{ "type": "Feature", "properties": { "OBJECTID": 289419, "SHAPE_Leng": 83.617800669800005, "SHAPE_Area": 392.63501485900002, "Town": "Allama Iqbal Town", "UC_N0": "UC_119", "Landuse": "R", "KA": null, "Name": null, "Plot_No": "221", "__source_file": "west_wood.shp" }, "geometry": { "type": "Polygon", "coordinates": [ [ [ 74.240166613862115, 31.463993342520094 ], [ 74.240038550147261, 31.463876037592559 ], [ 74.239860231381073, 31.464024405339302 ], [ 74.239897432833232, 31.464056225456606 ], [ 74.240008295551135, 31.464151050014163 ], [ 74.240166613862115, 31.463993342520094 ] ] ] } },
{ "type": "Feature", "properties": { "OBJECTID": 289419, "SHAPE_Leng": 83.617800669800005, "SHAPE_Area": 392.63501485900002, "Town": "Allama Iqbal Town", "UC_N0": "UC_119", "Landuse": "R", "KA": null, "Name": null, "Plot_No": "240", "__source_file": "west_wood.shp" }, "geometry": { "type": "Polygon", "coordinates": [ [ [ 74.240038550147261, 31.463876037592559 ], [ 74.240166613862115, 31.463993342520094 ], [ 74.24038745190451, 31.463773355272352 ], [ 74.240309721007733, 31.463705313504715 ], [ 74.240277565920536, 31.463677166569543 ], [ 74.240038550147261, 31.463876037592559 ] ] ] } },
{ "type": "Feature", "properties": { "OBJECTID": 289419, "SHAPE_Leng": 83.617800669800005, "SHAPE_Area": 392.63501485900002, "Town": "Allama Iqbal Town", "UC_N0": "UC_119", "Landuse": "R", "KA": null, "Name": null, "Plot_No": "222", "__source_file": "west_wood.shp" }, "geometry": { "type": "Polygon", "coordinates": [ [ [ 74.24003855014729, 31.463876037592559 ], [ 74.23992473155397, 31.463771780686436 ], [ 74.239752331269415, 31.463932113909316 ], [ 74.239787447008652, 31.463962149416812 ], [ 74.239860231381073, 31.464024405339302 ], [ 74.24003855014729, 31.463876037592559 ] ] ] } },
{ "type": "Feature", "properties": { "OBJECTID": 289419, "SHAPE_Leng": 83.617800669800005, "SHAPE_Area": 392.63501485900002, "Town": "Allama Iqbal Town", "UC_N0": "UC_119", "Landuse": "R", "KA": null, "Name": null, "Plot_No": "239", "__source_file": "west_wood.shp" }, "geometry": { "type": "Polygon", "coordinates": [ [ [ 74.23992473155397, 31.463771780686436 ], [ 74.24003855014729, 31.463876037592559 ], [ 74.240277565920536, 31.463677166569543 ], [ 74.240206859379953, 31.463615273557171 ], [ 74.240148215189521, 31.463563938483205 ], [ 74.23992473155397, 31.463771780686436 ] ] ] } },
{ "type": "Feature", "properties": { "OBJECTID": 289419, "SHAPE_Leng": 83.617800669800005, "SHAPE_Area": 392.63501485900002, "Town": "Allama Iqbal Town", "UC_N0": "UC_119", "Landuse": "R", "KA": null, "Name": null, "Plot_No": "223", "__source_file": "west_wood.shp" }, "geometry": { "type": "Polygon", "coordinates": [ [ [ 74.23992473155397, 31.463771780686436 ], [ 74.239809529775158, 31.463666256458055 ], [ 74.239634593013207, 31.463831408589588 ], [ 74.239672024702386, 31.463863425272237 ], [ 74.239752331269415, 31.463932113909316 ], [ 74.23992473155397, 31.463771780686436 ] ] ] } },
{ "type": "Feature", "properties": { "OBJECTID": 289419, "SHAPE_Leng": 83.617800669800005, "SHAPE_Area": 392.63501485900002, "Town": "Allama Iqbal Town", "UC_N0": "UC_119", "Landuse": "R", "KA": null, "Name": null, "Plot_No": "238", "__source_file": "west_wood.shp" }, "geometry": { "type": "Polygon", "coordinates": [ [ [ 74.239809529775158, 31.463666256458055 ], [ 74.23992473155397, 31.463771780686436 ], [ 74.240148215189521, 31.463563938483205 ], [ 74.240098895785167, 31.4635207659373 ], [ 74.240028712847831, 31.463459331640543 ], [ 74.239809529775158, 31.463666256458055 ] ] ] } },
{ "type": "Feature", "properties": { "OBJECTID": 289419, "SHAPE_Leng": 83.617800669800005, "SHAPE_Area": 392.63501485900002, "Town": "Allama Iqbal Town", "UC_N0": "UC_119", "Landuse": "R", "KA": null, "Name": null, "Plot_No": "233", "__source_file": "west_wood.shp" }, "geometry": { "type": "Polygon", "coordinates": [ [ [ 74.239307266150774, 31.463206181652673 ], [ 74.239434128694086, 31.463322388683025 ], [ 74.239635158701759, 31.463114830478627 ], [ 74.239523498837215, 31.46301708670865 ], [ 74.239307266150774, 31.463206181652673 ] ] ] } },
{ "type": "Feature", "properties": { "OBJECTID": 289419, "SHAPE_Leng": 83.617800669800005, "SHAPE_Area": 392.63501485900002, "Town": "Allama Iqbal Town", "UC_N0": "UC_119", "Landuse": "R", "KA": null, "Name": null, "Plot_No": "228", "__source_file": "west_wood.shp" }, "geometry": { "type": "Polygon", "coordinates": [ [ [ 74.239434128694086, 31.463322388683025 ], [ 74.239307266150774, 31.463206181652673 ], [ 74.239107680555506, 31.463380717740886 ], [ 74.239220523391694, 31.463477238694843 ], [ 74.239255320682616, 31.463507002204882 ], [ 74.239434128694086, 31.463322388683025 ] ] ] } },
{ "type": "Feature", "properties": { "OBJECTID": 289419, "SHAPE_Leng": 83.617800669800005, "SHAPE_Area": 392.63501485900002, "Town": "Allama Iqbal Town", "UC_N0": "UC_119", "Landuse": "R", "KA": null, "Name": null, "Plot_No": "231", "__source_file": "west_wood.shp" }, "geometry": { "type": "Polygon", "coordinates": [ [ [ 74.239083730894734, 31.463001420704142 ], [ 74.239192541029851, 31.463101092238617 ], [ 74.239411499808, 31.462919048420858 ], [ 74.239298345128773, 31.462819994339981 ], [ 74.239083730894734, 31.463001420704142 ] ] ] } },
{ "type": "Feature", "properties": { "OBJECTID": 289419, "SHAPE_Leng": 83.617800669800005, "SHAPE_Area": 392.63501485900002, "Town": "Allama Iqbal Town", "UC_N0": "UC_119", "Landuse": "R", "KA": null, "Name": null, "Plot_No": "229", "__source_file": "west_wood.shp" }, "geometry": { "type": "Polygon", "coordinates": [ [ [ 74.239307266150774, 31.463206181652673 ], [ 74.239192541029851, 31.463101092238617 ], [ 74.238983730549123, 31.463274697670759 ], [ 74.239107680555506, 31.463380717740886 ], [ 74.239307266150774, 31.463206181652673 ] ] ] } },
{ "type": "Feature", "properties": { "OBJECTID": 289419, "SHAPE_Leng": 83.617800669800005, "SHAPE_Area": 392.63501485900002, "Town": "Allama Iqbal Town", "UC_N0": "UC_119", "Landuse": "R", "KA": null, "Name": null, "Plot_No": "227", "__source_file": "west_wood.shp" }, "geometry": { "type": "Polygon", "coordinates": [ [ [ 74.239532675445375, 31.463412657955324 ], [ 74.239434128694086, 31.463322388683025 ], [ 74.239255320682616, 31.463507002204882 ], [ 74.239332110193388, 31.463572683235043 ], [ 74.239532675445375, 31.463412657955324 ] ] ] } },
{ "type": "Feature", "properties": { "OBJECTID": 289419, "SHAPE_Leng": 83.617800669800005, "SHAPE_Area": 392.63501485900002, "Town": "Allama Iqbal Town", "UC_N0": "UC_119", "Landuse": "R", "KA": null, "Name": null, "Plot_No": "234", "__source_file": "west_wood.shp" }, "geometry": { "type": "Polygon", "coordinates": [ [ [ 74.239434128694086, 31.463322388683025 ], [ 74.239532675445375, 31.463412657955324 ], [ 74.239764284707874, 31.46322786246148 ], [ 74.239744135680127, 31.46321022502697 ], [ 74.239635158701759, 31.463114830478627 ], [ 74.239434128694086, 31.463322388683025 ] ] ] } },
{ "type": "Feature", "properties": { "OBJECTID": 289419, "SHAPE_Leng": 83.617800669800005, "SHAPE_Area": 392.63501485900002, "Town": "Allama Iqbal Town", "UC_N0": "UC_119", "Landuse": "R", "KA": null, "Name": null, "Plot_No": "226", "__source_file": "west_wood.shp" }, "geometry": { "type": "Polygon", "coordinates": [ [ [ 74.239639677674361, 31.463510672203814 ], [ 74.239532675445375, 31.463412657955285 ], [ 74.239332110193388, 31.463572683235043 ], [ 74.239447792738702, 31.463671631149666 ], [ 74.239639677674361, 31.463510672203814 ] ] ] } },
{ "type": "Feature", "properties": { "OBJECTID": 289419, "SHAPE_Leng": 83.617800669800005, "SHAPE_Area": 392.63501485900002, "Town": "Allama Iqbal Town", "UC_N0": "UC_119", "Landuse": "R", "KA": null, "Name": null, "Plot_No": "235", "__source_file": "west_wood.shp" }, "geometry": { "type": "Polygon", "coordinates": [ [ [ 74.239532675445375, 31.463412657955285 ], [ 74.239639677674361, 31.463510672203814 ], [ 74.239868290487678, 31.463318903679188 ], [ 74.239764284707874, 31.46322786246148 ], [ 74.239532675445375, 31.463412657955285 ] ] ] } },
{ "type": "Feature", "properties": { "OBJECTID": 289419, "SHAPE_Leng": 83.617800669800005, "SHAPE_Area": 392.63501485900002, "Town": "Allama Iqbal Town", "UC_N0": "UC_119", "Landuse": "R", "KA": null, "Name": null, "Plot_No": "224", "__source_file": "west_wood.shp" }, "geometry": { "type": "Polygon", "coordinates": [ [ [ 74.239809529775158, 31.463666256458055 ], [ 74.239727441170899, 31.463591063518727 ], [ 74.239552618131825, 31.463761292384081 ], [ 74.239634593013207, 31.463831408589588 ], [ 74.239809529775158, 31.463666256458055 ] ] ] } },
{ "type": "Feature", "properties": { "OBJECTID": 289419, "SHAPE_Leng": 83.617800669800005, "SHAPE_Area": 392.63501485900002, "Town": "Allama Iqbal Town", "UC_N0": "UC_119", "Landuse": "R", "KA": null, "Name": null, "Plot_No": "237", "__source_file": "west_wood.shp" }, "geometry": { "type": "Polygon", "coordinates": [ [ [ 74.239727441170899, 31.463591063518727 ], [ 74.239809529775158, 31.463666256458055 ], [ 74.240028712847831, 31.463459331640543 ], [ 74.239971608850652, 31.463409345844301 ], [ 74.239941304973684, 31.463382818657532 ], [ 74.239727441170899, 31.463591063518727 ] ] ] } },
{ "type": "Feature", "properties": { "OBJECTID": 289419, "SHAPE_Leng": 83.617800669800005, "SHAPE_Area": 392.63501485900002, "Town": "Allama Iqbal Town", "UC_N0": "UC_119", "Landuse": "R", "KA": null, "Name": null, "Plot_No": "225", "__source_file": "west_wood.shp" }, "geometry": { "type": "Polygon", "coordinates": [ [ [ 74.239727441170899, 31.463591063518727 ], [ 74.239639677674361, 31.463510672203814 ], [ 74.239447792738702, 31.463671631149666 ], [ 74.239552618131825, 31.463761292384081 ], [ 74.239727441170899, 31.463591063518727 ] ] ] } },
{ "type": "Feature", "properties": { "OBJECTID": 289419, "SHAPE_Leng": 83.617800669800005, "SHAPE_Area": 392.63501485900002, "Town": "Allama Iqbal Town", "UC_N0": "UC_119", "Landuse": "R", "KA": null, "Name": null, "Plot_No": "236", "__source_file": "west_wood.shp" }, "geometry": { "type": "Polygon", "coordinates": [ [ [ 74.239639677674361, 31.463510672203814 ], [ 74.239727441170899, 31.463591063518727 ], [ 74.239941304973684, 31.463382818657532 ], [ 74.239868290487678, 31.463318903679188 ], [ 74.239639677674361, 31.463510672203814 ] ] ] } },
{ "type": "Feature", "properties": { "OBJECTID": 289323, "SHAPE_Leng": 152.614270898, "SHAPE_Area": 1072.23213076, "Town": "Allama Iqbal Town", "UC_N0": "UC_119", "Landuse": null, "KA": null, "Name": null, "Plot_No": null, "__source_file": "west_wood.shp" }, "geometry": { "type": "Polygon", "coordinates": [ [ [ 74.240417213614961, 31.46343631776373 ], [ 74.240609343580317, 31.463643926568437 ], [ 74.240630163351625, 31.463627356066976 ], [ 74.240626281872778, 31.463283664407168 ], [ 74.240435852919703, 31.463276947579384 ], [ 74.240522014729109, 31.463355284203939 ], [ 74.240417213614961, 31.46343631776373 ] ] ] } },
{ "type": "Feature", "properties": { "OBJECTID": 295355, "SHAPE_Leng": 72.7922625514, "SHAPE_Area": 228.774186907, "Town": "Allama Iqbal Town", "UC_N0": "UC_119", "Landuse": null, "KA": null, "Name": null, "Plot_No": null, "__source_file": "west_wood.shp" }, "geometry": { "type": "Polygon", "coordinates": [ [ [ 74.240609343580317, 31.463643926568437 ], [ 74.240630610411316, 31.463666906675972 ], [ 74.240630163351625, 31.463627356066976 ], [ 74.240609343580317, 31.463643926568437 ] ] ] } },
{ "type": "Feature", "properties": { "OBJECTID": 295354, "SHAPE_Leng": 118.991742081, "SHAPE_Area": 878.34866796200004, "Town": "Allama Iqbal Town", "UC_N0": "UC_119", "Landuse": null, "KA": null, "Name": null, "Plot_No": null, "__source_file": "west_wood.shp" }, "geometry": { "type": "Polygon", "coordinates": [ [ [ 74.240285998383925, 31.463271661642086 ], [ 74.240264120476525, 31.463270889910671 ], [ 74.240274930767669, 31.463282571211874 ], [ 74.240285998383925, 31.463271661642086 ] ] ] } },
{ "type": "Feature", "properties": { "OBJECTID": 295354, "SHAPE_Leng": 118.991742081, "SHAPE_Area": 878.34866796200004, "Town": "Allama Iqbal Town", "UC_N0": "UC_119", "Landuse": null, "KA": null, "Name": null, "Plot_No": null, "__source_file": "west_wood.shp" }, "geometry": { "type": "Polygon", "coordinates": [ [ [ 74.240407975752802, 31.463275964259381 ], [ 74.240285998383925, 31.463271661642086 ], [ 74.240274930767669, 31.463282571211874 ], [ 74.24033928750741, 31.463352113244177 ], [ 74.240407975752802, 31.463275964259381 ] ] ] } },
{ "type": "Feature", "properties": { "OBJECTID": 295354, "SHAPE_Leng": 118.991742081, "SHAPE_Area": 878.34866796200004, "Town": "Allama Iqbal Town", "UC_N0": "UC_119", "Landuse": null, "KA": null, "Name": null, "Plot_No": null, "__source_file": "west_wood.shp" }, "geometry": { "type": "Polygon", "coordinates": [ [ [ 74.240407975752802, 31.463275964259381 ], [ 74.24033928750741, 31.463352113244177 ], [ 74.240417213614961, 31.46343631776373 ], [ 74.240522014729109, 31.463355284203939 ], [ 74.240435852919703, 31.463276947579384 ], [ 74.240407975752802, 31.463275964259381 ] ] ] } },
{ "type": "Feature", "properties": { "OBJECTID": 289323, "SHAPE_Leng": 152.614270898, "SHAPE_Area": 1072.23213076, "Town": "Allama Iqbal Town", "UC_N0": "UC_119", "Landuse": "R", "KA": null, "Name": null, "Plot_No": "214", "__source_file": "west_wood.shp" }, "geometry": { "type": "Polygon", "coordinates": [ [ [ 74.240500809348973, 31.46352664848634 ], [ 74.240417213614961, 31.46343631776373 ], [ 74.240254372861443, 31.463562227859502 ], [ 74.240361377265799, 31.463657015697866 ], [ 74.240500809348973, 31.46352664848634 ] ] ] } },
{ "type": "Feature", "properties": { "OBJECTID": 295354, "SHAPE_Leng": 118.991742081, "SHAPE_Area": 878.34866796200004, "Town": "Allama Iqbal Town", "UC_N0": "UC_119", "Landuse": "R", "KA": null, "Name": null, "Plot_No": "215", "__source_file": "west_wood.shp" }, "geometry": { "type": "Polygon", "coordinates": [ [ [ 74.240333106317564, 31.46334543403497 ], [ 74.240157793676573, 31.463476674601971 ], [ 74.240196222920076, 31.463510716612081 ], [ 74.240254372861443, 31.463562227859502 ], [ 74.240417213614961, 31.46343631776373 ], [ 74.24033928750741, 31.463352113244177 ], [ 74.240333106317564, 31.46334543403497 ] ] ] } },
{ "type": "Feature", "properties": { "OBJECTID": 295354, "SHAPE_Leng": 118.991742081, "SHAPE_Area": 878.34866796200004, "Town": "Allama Iqbal Town", "UC_N0": "UC_119", "Landuse": "R", "KA": null, "Name": null, "Plot_No": "216", "__source_file": "west_wood.shp" }, "geometry": { "type": "Polygon", "coordinates": [ [ [ 74.240333106317564, 31.46334543403497 ], [ 74.240274930767669, 31.463282571211874 ], [ 74.240264120476525, 31.463270889910671 ], [ 74.240229683039729, 31.463269675141021 ], [ 74.240190670009056, 31.463273697202062 ], [ 74.240152799074622, 31.463282680071906 ], [ 74.240116923775886, 31.463296421293673 ], [ 74.240083852675298, 31.463314611166037 ], [ 74.240054331135141, 31.463336839723329 ], [ 74.240029024518549, 31.463362605975259 ], [ 74.240115775495866, 31.463439453340776 ], [ 74.240157793676573, 31.463476674601971 ], [ 74.240333106317564, 31.46334543403497 ] ] ] } },
{ "type": "Feature", "properties": { "OBJECTID": 277610, "SHAPE_Leng": 115.414577141, "SHAPE_Area": 831.92171872899996, "Town": "Allama Iqbal Town", "UC_N0": "UC_119", "Landuse": "R", "KA": null, "Name": null, "Plot_No": "203", "__source_file": "west_wood.shp" }, "geometry": { "type": "Polygon", "coordinates": [ [ [ 74.240825047178333, 31.464971488279449 ], [ 74.240718154540545, 31.464880758717896 ], [ 74.240509837791876, 31.465058798253359 ], [ 74.240613270392785, 31.465148316516551 ], [ 74.240825047178333, 31.464971488279449 ] ] ] } },
{ "type": "Feature", "properties": { "OBJECTID": 277603, "SHAPE_Leng": 87.018386270500002, "SHAPE_Area": 428.15124755900001, "Town": "Allama Iqbal Town", "UC_N0": "UC_119", "Landuse": "R", "KA": null, "Name": null, "Plot_No": "206", "__source_file": "west_wood.shp" }, "geometry": { "type": "Polygon", "coordinates": [ [ [ 74.241169577648122, 31.465263920634062 ], [ 74.241057102495773, 31.465168454307165 ], [ 74.240844728087779, 31.465348635774451 ], [ 74.240954262382502, 31.465443435585694 ], [ 74.241169577648122, 31.465263920634062 ] ] ] } },
{ "type": "Feature", "properties": { "OBJECTID": 277795, "SHAPE_Leng": 62.436239144399998, "SHAPE_Area": 235.899046946, "Town": "Allama Iqbal Town", "UC_N0": "UC_119", "Landuse": "C", "KA": null, "Name": null, "Plot_No": null, "__source_file": "west_wood.shp" }, "geometry": { "type": "Polygon", "coordinates": [ [ [ 74.238228109357451, 31.462146545577021 ], [ 74.238095630164196, 31.46226786517574 ], [ 74.238135991930335, 31.462303962981871 ], [ 74.238275344304711, 31.462189878766438 ], [ 74.238228109357451, 31.462146545577021 ] ] ] } },
{ "type": "Feature", "properties": { "OBJECTID": 277797, "SHAPE_Leng": 65.720359032399998, "SHAPE_Area": 265.37518453199999, "Town": "Allama Iqbal Town", "UC_N0": "UC_119", "Landuse": "C", "KA": null, "Name": null, "Plot_No": null, "__source_file": "west_wood.shp" }, "geometry": { "type": "Polygon", "coordinates": [ [ [ 74.238126552268966, 31.462053377186326 ], [ 74.238117317294027, 31.462044905424008 ], [ 74.238079798609746, 31.462010485320899 ], [ 74.237939075584876, 31.462127849766073 ], [ 74.237984987449309, 31.462168911260754 ], [ 74.238126552268966, 31.462053377186326 ] ] ] } },
{ "type": "Feature", "properties": { "OBJECTID": 277782, "SHAPE_Leng": 74.994505129399997, "SHAPE_Area": 351.40601786500002, "Town": "Allama Iqbal Town", "UC_N0": "UC_119", "Landuse": "C", "KA": null, "Name": null, "Plot_No": null, "__source_file": "west_wood.shp" }, "geometry": { "type": "Polygon", "coordinates": [ [ [ 74.237942797654881, 31.461884799134367 ], [ 74.237895029669318, 31.461840976389468 ], [ 74.237751786374744, 31.461960348413129 ], [ 74.237810567499096, 31.462012919318799 ], [ 74.237942797654881, 31.461884799134367 ] ] ] } },
{ "type": "Feature", "properties": { "OBJECTID": 277796, "SHAPE_Leng": 63.572981846899999, "SHAPE_Area": 239.99379313399999, "Town": "Allama Iqbal Town", "UC_N0": "UC_119", "Landuse": "C", "KA": null, "Name": null, "Plot_No": null, "__source_file": "west_wood.shp" }, "geometry": { "type": "Polygon", "coordinates": [ [ [ 74.23777658199738, 31.46173231226264 ], [ 74.237647340402916, 31.461866936094005 ], [ 74.237685704565649, 31.461901247539615 ], [ 74.237825937503743, 31.461777591971071 ], [ 74.23777658199738, 31.46173231226264 ] ] ] } },
{ "type": "Feature", "properties": { "OBJECTID": 277798, "SHAPE_Leng": 56.784322578299999, "SHAPE_Area": 177.898867559, "Town": "Allama Iqbal Town", "UC_N0": "UC_119", "Landuse": "C", "KA": null, "Name": null, "Plot_No": null, "__source_file": "west_wood.shp" }, "geometry": { "type": "Polygon", "coordinates": [ [ [ 74.23785918071674, 31.461808089108107 ], [ 74.237825937503743, 31.461777591971071 ], [ 74.237685704565649, 31.461901247539615 ], [ 74.237725005726134, 31.461936396906772 ], [ 74.237751786374744, 31.461960348413129 ], [ 74.237895029669318, 31.461840976389468 ], [ 74.23785918071674, 31.461808089108107 ] ] ] } },
{ "type": "Feature", "properties": { "OBJECTID": 277782, "SHAPE_Leng": 74.994505129399997, "SHAPE_Area": 351.40601786500002, "Town": "Allama Iqbal Town", "UC_N0": "UC_119", "Landuse": "C", "KA": null, "Name": null, "Plot_No": null, "__source_file": "west_wood.shp" }, "geometry": { "type": "Polygon", "coordinates": [ [ [ 74.237986513698672, 31.461924904912941 ], [ 74.237942797654881, 31.461884799134367 ], [ 74.237810567499096, 31.462012919318799 ], [ 74.237854956207698, 31.462052618309347 ], [ 74.237888461471016, 31.462082583670952 ], [ 74.238027944298068, 31.461962913944276 ], [ 74.237986513698672, 31.461924904912941 ] ] ] } },
{ "type": "Feature", "properties": { "OBJECTID": 277793, "SHAPE_Leng": 52.956193830499998, "SHAPE_Area": 151.17070723399999, "Town": "Allama Iqbal Town", "UC_N0": "UC_119", "Landuse": "C", "KA": null, "Name": null, "Plot_No": null, "__source_file": "west_wood.shp" }, "geometry": { "type": "Polygon", "coordinates": [ [ [ 74.238365235846047, 31.462272345283754 ], [ 74.238341448926832, 31.462250523174603 ], [ 74.238201905010257, 31.462362912852541 ], [ 74.238228472724202, 31.462386673460863 ], [ 74.238260970313107, 31.462415737378606 ], [ 74.238262430237057, 31.462417165256351 ], [ 74.238401434217195, 31.462305553625757 ], [ 74.238365235846047, 31.462272345283754 ] ] ] } },
{ "type": "Feature", "properties": { "OBJECTID": 277794, "SHAPE_Leng": 54.7500704813, "SHAPE_Area": 166.52562158399999, "Town": "Allama Iqbal Town", "UC_N0": "UC_119", "Landuse": "C", "KA": null, "Name": null, "Plot_No": null, "__source_file": "west_wood.shp" }, "geometry": { "type": "Polygon", "coordinates": [ [ [ 74.238306642445252, 31.462218591707639 ], [ 74.238275344304711, 31.462189878766438 ], [ 74.238135991930335, 31.462303962981871 ], [ 74.238147672882988, 31.462314409820639 ], [ 74.238170545083662, 31.462334865805214 ], [ 74.238201905010257, 31.462362912852541 ], [ 74.238341448926832, 31.462250523174603 ], [ 74.238306642445252, 31.462218591707639 ] ] ] } },
{ "type": "Feature", "properties": { "OBJECTID": 277791, "SHAPE_Leng": 68.193644211700004, "SHAPE_Area": 273.53323793099997, "Town": "Allama Iqbal Town", "UC_N0": "UC_119", "Landuse": "C", "KA": null, "Name": null, "Plot_No": null, "__source_file": "west_wood.shp" }, "geometry": { "type": "Polygon", "coordinates": [ [ [ 74.238382449667228, 31.462008190120102 ], [ 74.23834364452388, 31.461972270509243 ], [ 74.238226823557355, 31.462068746338204 ], [ 74.238269801835742, 31.462109171201462 ], [ 74.238382449667228, 31.462008190120102 ] ] ] } },
{ "type": "Feature", "properties": { "OBJECTID": 277769, "SHAPE_Leng": 68.535257732399998, "SHAPE_Area": 276.28003478099998, "Town": "Allama Iqbal Town", "UC_N0": "UC_119", "Landuse": "C", "KA": null, "Name": null, "Plot_No": null, "__source_file": "west_wood.shp" }, "geometry": { "type": "Polygon", "coordinates": [ [ [ 74.23823236639241, 31.461869265710448 ], [ 74.238193524295426, 31.461833311575067 ], [ 74.238079855791241, 31.461930509817098 ], [ 74.23812268194564, 31.461970791760585 ], [ 74.23823236639241, 31.461869265710448 ] ] ] } },
{ "type": "Feature", "properties": { "OBJECTID": 277790, "SHAPE_Leng": 67.826417330300004, "SHAPE_Area": 268.24780959700001, "Town": "Allama Iqbal Town", "UC_N0": "UC_119", "Landuse": "C", "KA": null, "Name": null, "Plot_No": null, "__source_file": "west_wood.shp" }, "geometry": { "type": "Polygon", "coordinates": [ [ [ 74.23814753889009, 31.461790744819478 ], [ 74.238105109099777, 31.461751469298775 ], [ 74.237990018774227, 31.461846009669177 ], [ 74.238032351239681, 31.461885827353449 ], [ 74.23814753889009, 31.461790744819478 ] ] ] } },
{ "type": "Feature", "properties": { "OBJECTID": 277687, "SHAPE_Leng": 71.289014632999994, "SHAPE_Area": 263.47186205000003, "Town": "Allama Iqbal Town", "UC_N0": "UC_119", "Landuse": "PB", "KA": null, "Name": null, "Plot_No": "269", "__source_file": "west_wood.shp" }, "geometry": { "type": "Polygon", "coordinates": [ [ [ 74.23667872684112, 31.463444745123017 ], [ 74.236862147467519, 31.463607359243305 ], [ 74.237148023476834, 31.463363833523665 ], [ 74.23697188300244, 31.463205040423237 ], [ 74.23667872684112, 31.463444745123017 ] ] ] } },
{ "type": "Feature", "properties": { "OBJECTID": 277687, "SHAPE_Leng": 71.289014632999994, "SHAPE_Area": 263.47186205000003, "Town": "Allama Iqbal Town", "UC_N0": "UC_119", "Landuse": "V", "KA": null, "Name": null, "Plot_No": "272", "__source_file": "west_wood.shp" }, "geometry": { "type": "Polygon", "coordinates": [ [ [ 74.236155374999811, 31.462980755732818 ], [ 74.236285391484543, 31.463096025404731 ], [ 74.236587991555851, 31.462858954241025 ], [ 74.236460012458537, 31.462743577588206 ], [ 74.236444838938553, 31.462738093836226 ], [ 74.236340335758527, 31.462825010994901 ], [ 74.236155374999811, 31.462980755732818 ] ] ] } },
{ "type": "Feature", "properties": { "OBJECTID": 277687, "SHAPE_Leng": 71.289014632999994, "SHAPE_Area": 263.47186205000003, "Town": "Allama Iqbal Town", "UC_N0": "UC_119", "Landuse": "V", "KA": null, "Name": null, "Plot_No": "270", "__source_file": "west_wood.shp" }, "geometry": { "type": "Polygon", "coordinates": [ [ [ 74.236452364365462, 31.463244059177597 ], [ 74.23667872684112, 31.463444745123017 ], [ 74.23697188300244, 31.463205040423237 ], [ 74.236763860366722, 31.463017504114042 ], [ 74.236452364365462, 31.463244059177597 ] ] ] } },
{ "type": "Feature", "properties": { "OBJECTID": 277687, "SHAPE_Leng": 71.289014632999994, "SHAPE_Area": 263.47186205000003, "Town": "Allama Iqbal Town", "UC_N0": "UC_119", "Landuse": "V", "KA": null, "Name": null, "Plot_No": "265", "__source_file": "west_wood.shp" }, "geometry": { "type": "Polygon", "coordinates": [ [ [ 74.236862147467519, 31.463607359243305 ], [ 74.23667872684112, 31.463444745123017 ], [ 74.236396303890942, 31.463675671789016 ], [ 74.236587425365443, 31.463841383424128 ], [ 74.236718295463632, 31.463729900288197 ], [ 74.236862147467519, 31.463607359243305 ] ] ] } },
{ "type": "Feature", "properties": { "OBJECTID": 277687, "SHAPE_Leng": 71.289014632999994, "SHAPE_Area": 263.47186205000003, "Town": "Allama Iqbal Town", "UC_N0": "UC_119", "Landuse": "R", "KA": null, "Name": null, "Plot_No": "268", "__source_file": "west_wood.shp" }, "geometry": { "type": "Polygon", "coordinates": [ [ [ 74.236285391484543, 31.463096025404731 ], [ 74.236155374999811, 31.462980755732818 ], [ 74.236121654209214, 31.46300914932587 ], [ 74.236077012457912, 31.463046738409787 ], [ 74.236027813529844, 31.463088165455805 ], [ 74.235962210793346, 31.463143405132893 ], [ 74.235871005146421, 31.463220204441647 ], [ 74.235992463518073, 31.463325517136493 ], [ 74.236285391484543, 31.463096025404731 ] ] ] } },
{ "type": "Feature", "properties": { "OBJECTID": 277687, "SHAPE_Leng": 71.289014632999994, "SHAPE_Area": 263.47186205000003, "Town": "Allama Iqbal Town", "UC_N0": "UC_119", "Landuse": "R", "KA": null, "Name": null, "Plot_No": "267", "__source_file": "west_wood.shp" }, "geometry": { "type": "Polygon", "coordinates": [ [ [ 74.236452364365462, 31.463244059177597 ], [ 74.236285391484543, 31.463096025404731 ], [ 74.235992463518073, 31.463325517136493 ], [ 74.23606137580903, 31.463385268639517 ], [ 74.236151166570366, 31.463463122437417 ], [ 74.236452364365462, 31.463244059177597 ] ] ] } },
{ "type": "Feature", "properties": { "OBJECTID": 277687, "SHAPE_Leng": 71.289014632999994, "SHAPE_Area": 263.47186205000003, "Town": "Allama Iqbal Town", "UC_N0": "UC_119", "Landuse": "R", "KA": null, "Name": null, "Plot_No": "266", "__source_file": "west_wood.shp" }, "geometry": { "type": "Polygon", "coordinates": [ [ [ 74.23667872684112, 31.463444745123017 ], [ 74.236452364365462, 31.463244059177597 ], [ 74.236151166570366, 31.463463122437417 ], [ 74.236311900243635, 31.463602487495653 ], [ 74.236396303890942, 31.463675671789016 ], [ 74.23667872684112, 31.463444745123017 ] ] ] } },
{ "type": "Feature", "properties": { "OBJECTID": 280317, "SHAPE_Leng": 404.477145549, "SHAPE_Area": 6138.44851079, "Town": "Allama Iqbal Town", "UC_N0": "UC_119", "Landuse": "R", "KA": null, "Name": null, "Plot_No": "261", "__source_file": "west_wood.shp" }, "geometry": { "type": "Polygon", "coordinates": [ [ [ 74.236416796945733, 31.463796473074954 ], [ 74.236111026555207, 31.464006957580505 ], [ 74.236267067558828, 31.464141146986158 ], [ 74.236540517245786, 31.463903347162255 ], [ 74.236416796945733, 31.463796473074954 ] ] ] } },
{ "type": "Feature", "properties": { "OBJECTID": 280317, "SHAPE_Leng": 404.477145549, "SHAPE_Area": 6138.44851079, "Town": "Allama Iqbal Town", "UC_N0": "UC_119", "Landuse": "R", "KA": null, "Name": null, "Plot_No": "262", "__source_file": "west_wood.shp" }, "geometry": { "type": "Polygon", "coordinates": [ [ [ 74.236251310530974, 31.463653519339104 ], [ 74.235927065266338, 31.463848757047295 ], [ 74.236111026555207, 31.464006957580505 ], [ 74.236416796945733, 31.463796473074954 ], [ 74.236257493320807, 31.463658860290007 ], [ 74.236251310530974, 31.463653519339104 ] ] ] } },
{ "type": "Feature", "properties": { "OBJECTID": 280317, "SHAPE_Leng": 404.477145549, "SHAPE_Area": 6138.44851079, "Town": "Allama Iqbal Town", "UC_N0": "UC_119", "Landuse": "R", "KA": null, "Name": null, "Plot_No": "263", "__source_file": "west_wood.shp" }, "geometry": { "type": "Polygon", "coordinates": [ [ [ 74.236085918719581, 31.463510646682586 ], [ 74.235785613479223, 31.463727112721134 ], [ 74.235927065266338, 31.463848757047295 ], [ 74.236251310530974, 31.463653519339104 ], [ 74.236245221842651, 31.463648259676088 ], [ 74.236085918719581, 31.463510646682586 ] ] ] } },
{ "type": "Feature", "properties": { "OBJECTID": 0, "SHAPE_Leng": 0.0, "SHAPE_Area": 0.0, "Town": null, "UC_N0": null, "Landuse": "R", "KA": null, "Name": null, "Plot_No": "264", "__source_file": "west_wood.shp" }, "geometry": { "type": "Polygon", "coordinates": [ [ [ 74.236085918719581, 31.463510646682586 ], [ 74.23593975930703, 31.463382860362742 ], [ 74.235655011481256, 31.463607852120962 ], [ 74.235785613479223, 31.463727112721134 ], [ 74.236085918719581, 31.463510646682586 ] ] ] } },
{ "type": "Feature", "properties": { "OBJECTID": 0, "SHAPE_Leng": 0.0, "SHAPE_Area": 0.0, "Town": null, "UC_N0": null, "Landuse": "R", "KA": null, "Name": null, "Plot_No": null, "__source_file": "west_wood.shp" }, "geometry": { "type": "Polygon", "coordinates": [ [ [ 74.236267067558828, 31.464141146986158 ], [ 74.236111026555207, 31.464006957580505 ], [ 74.235797076049749, 31.464252959422332 ], [ 74.235950204200734, 31.464368765065938 ], [ 74.236267067558828, 31.464141146986158 ] ] ] } },
{ "type": "Feature", "properties": { "OBJECTID": 0, "SHAPE_Leng": 0.0, "SHAPE_Area": 0.0, "Town": null, "UC_N0": null, "Landuse": "R", "KA": null, "Name": null, "Plot_No": null, "__source_file": "west_wood.shp" }, "geometry": { "type": "Polygon", "coordinates": [ [ [ 74.236111026555207, 31.464006957580505 ], [ 74.235927065266338, 31.463848757047295 ], [ 74.235597950868922, 31.464102367084731 ], [ 74.235797076049749, 31.464252959422332 ], [ 74.236111026555207, 31.464006957580505 ] ] ] } },
{ "type": "Feature", "properties": { "OBJECTID": 277788, "SHAPE_Leng": 61.173257343800003, "SHAPE_Area": 228.512225395, "Town": "Allama Iqbal Town", "UC_N0": "UC_119", "Landuse": "C", "KA": null, "Name": null, "Plot_No": null, "__source_file": "west_wood.shp" }, "geometry": { "type": "Polygon", "coordinates": [ [ [ 74.238448031252247, 31.462268139082866 ], [ 74.238320032887955, 31.46215329342494 ], [ 74.238275344304711, 31.462189878766438 ], [ 74.238341448926832, 31.462250523174603 ], [ 74.238401434217195, 31.462305553625757 ], [ 74.238448031252247, 31.462268139082866 ] ] ] } },
{ "type": "Feature", "properties": { "OBJECTID": 277725, "SHAPE_Leng": 180.158082079, "SHAPE_Area": 1803.5122084499999, "Town": "Allama Iqbal Town", "UC_N0": "UC_119", "Landuse": "R", "KA": null, "Name": null, "Plot_No": "273", "__source_file": "west_wood.shp" }, "geometry": { "type": "Polygon", "coordinates": [ [ [ 74.236752022546568, 31.462434426372891 ], [ 74.236532331091524, 31.46223948064096 ], [ 74.236391777328478, 31.462358057811983 ], [ 74.236611402491548, 31.46255310110876 ], [ 74.236752022546568, 31.462434426372891 ] ] ] } },
{ "type": "Feature", "properties": { "OBJECTID": 277725, "SHAPE_Leng": 180.158082079, "SHAPE_Area": 1803.5122084499999, "Town": "Allama Iqbal Town", "UC_N0": "UC_119", "Landuse": "V", "KA": null, "Name": null, "Plot_No": null, "__source_file": "west_wood.shp" }, "geometry": { "type": "Polygon", "coordinates": [ [ [ 74.236893788605229, 31.462314784012644 ], [ 74.236671787866172, 31.462121828388469 ], [ 74.236623596365931, 31.462162485101935 ], [ 74.236532331091524, 31.46223948064096 ], [ 74.236752022546568, 31.462434426372891 ], [ 74.236893788605229, 31.462314784012644 ] ] ] } },
{ "type": "Feature", "properties": { "OBJECTID": 277673, "SHAPE_Leng": 154.355000184, "SHAPE_Area": 1436.5573863699999, "Town": "Allama Iqbal Town", "UC_N0": "UC_119", "Landuse": "R", "KA": null, "Name": null, "Plot_No": "39A", "__source_file": "west_wood.shp" }, "geometry": { "type": "Polygon", "coordinates": [ [ [ 74.236289375033252, 31.462052167730207 ], [ 74.236532331091524, 31.46223948064096 ], [ 74.236623596365931, 31.462162485101935 ], [ 74.236394700178096, 31.461963539472126 ], [ 74.236289375033252, 31.462052167730207 ] ] ] } },
{ "type": "Feature", "properties": { "OBJECTID": 277695, "SHAPE_Leng": 120.135702606, "SHAPE_Area": 886.72579999100003, "Town": "Allama Iqbal Town", "UC_N0": "UC_119", "Landuse": "V", "KA": null, "Name": null, "Plot_No": null, "__source_file": "west_wood.shp" }, "geometry": { "type": "Polygon", "coordinates": [ [ [ 74.23700186130057, 31.461169267524372 ], [ 74.236867664267137, 31.461076486513925 ], [ 74.236686862374768, 31.461259350191735 ], [ 74.236800904054775, 31.461337217599496 ], [ 74.23700186130057, 31.461169267524372 ] ] ] } },
{ "type": "Feature", "properties": { "OBJECTID": 277724, "SHAPE_Leng": 118.32341273500001, "SHAPE_Area": 874.00056505099997, "Town": "Allama Iqbal Town", "UC_N0": "UC_119", "Landuse": "R", "KA": null, "Name": null, "Plot_No": null, "__source_file": "west_wood.shp" }, "geometry": { "type": "Polygon", "coordinates": [ [ [ 74.23715414984278, 31.460840959853353 ], [ 74.237058250885951, 31.460776412869155 ], [ 74.237023728469211, 31.460753176197631 ], [ 74.236841010150798, 31.460955978606055 ], [ 74.236961312209004, 31.461039620732855 ], [ 74.23715414984278, 31.460840959853353 ] ] ] } },
{ "type": "Feature", "properties": { "OBJECTID": 277709, "SHAPE_Leng": 117.453861127, "SHAPE_Area": 850.99024263299998, "Town": "Allama Iqbal Town", "UC_N0": "UC_119", "Landuse": "R", "KA": null, "Name": null, "Plot_No": null, "__source_file": "west_wood.shp" }, "geometry": { "type": "Polygon", "coordinates": [ [ [ 74.237585672249608, 31.461155618298228 ], [ 74.237556840428297, 31.461137400752392 ], [ 74.237459200713232, 31.461075706550737 ], [ 74.237423974304363, 31.461105802399523 ], [ 74.237259893938855, 31.461245984948576 ], [ 74.237383377835243, 31.461328269669618 ], [ 74.237585672249608, 31.461155618298228 ] ] ] } },
{ "type": "Feature", "properties": { "OBJECTID": 289431, "SHAPE_Leng": 95.757582749899996, "SHAPE_Area": 462.08288437200002, "Town": "Allama Iqbal Town", "UC_N0": "UC_119", "Landuse": "R", "KA": null, "Name": null, "Plot_No": null, "__source_file": "west_wood.shp" }, "geometry": { "type": "Polygon", "coordinates": [ [ [ 74.237765885353738, 31.461369942006726 ], [ 74.237636254642538, 31.461496775644321 ], [ 74.237764789338186, 31.461582424964632 ], [ 74.237765885353738, 31.461369942006726 ] ] ] } },
{ "type": "Feature", "properties": { "OBJECTID": 277671, "SHAPE_Leng": 456.45657251599999, "SHAPE_Area": 12568.7245007, "Town": "Allama Iqbal Town", "UC_N0": "UC_119", "Landuse": "PB", "KA": null, "Name": null, "Plot_No": null, "__source_file": "west_wood.shp" }, "geometry": { "type": "Polygon", "coordinates": [ [ [ 74.237330775996739, 31.463208151220105 ], [ 74.237200050467465, 31.463074670778887 ], [ 74.237042863672755, 31.463176148880528 ], [ 74.237200461492563, 31.463319161988675 ], [ 74.237330775996739, 31.463208151220105 ] ] ] } },
{ "type": "Feature", "properties": { "OBJECTID": 288819, "SHAPE_Leng": 178.369637649, "SHAPE_Area": 1748.2299620399999, "Town": "Allama Iqbal Town", "UC_N0": "UC_119", "Landuse": "C", "KA": null, "Name": null, "Plot_No": "4", "__source_file": "west_wood.shp" }, "geometry": { "type": "Polygon", "coordinates": [ [ [ 74.241271648717344, 31.466358449344607 ], [ 74.240958773318226, 31.466602021114007 ], [ 74.241063500229885, 31.466705965122813 ], [ 74.241106364659899, 31.466668137180054 ], [ 74.241241013790003, 31.466557507629879 ], [ 74.241380188390835, 31.466451072288645 ], [ 74.241271648717344, 31.466358449344607 ] ] ] } },
{ "type": "Feature", "properties": { "OBJECTID": 288819, "SHAPE_Leng": 178.369637649, "SHAPE_Area": 1748.2299620399999, "Town": "Allama Iqbal Town", "UC_N0": "UC_119", "Landuse": "R", "KA": null, "Name": null, "Plot_No": "6", "__source_file": "west_wood.shp" }, "geometry": { "type": "Polygon", "coordinates": [ [ [ 74.241063500229885, 31.466705965122813 ], [ 74.240853810654329, 31.466497842801534 ], [ 74.240718521302554, 31.466606947427028 ], [ 74.240946652914658, 31.466825810911178 ], [ 74.240976412957139, 31.466782819669881 ], [ 74.241063500229885, 31.466705965122813 ] ] ] } },
{ "type": "Feature", "properties": { "OBJECTID": 277617, "SHAPE_Leng": 134.52210614800001, "SHAPE_Area": 1114.2410314700001, "Town": "Allama Iqbal Town", "UC_N0": "UC_119", "Landuse": null, "KA": null, "Name": null, "Plot_No": "159A", "__source_file": "west_wood.shp" }, "geometry": { "type": "Polygon", "coordinates": [ [ [ 74.241981846489708, 31.465926699158054 ], [ 74.242145436848929, 31.465982752597803 ], [ 74.242202750344504, 31.46586443497894 ], [ 74.242038328046561, 31.465816781942788 ], [ 74.241981846489708, 31.465926699158054 ] ] ] } },
{ "type": "Feature", "properties": { "OBJECTID": 277617, "SHAPE_Leng": 134.52210614800001, "SHAPE_Area": 1114.2410314700001, "Town": "Allama Iqbal Town", "UC_N0": "UC_119", "Landuse": null, "KA": null, "Name": null, "Plot_No": "154A", "__source_file": "west_wood.shp" }, "geometry": { "type": "Polygon", "coordinates": [ [ [ 74.242145436848929, 31.465982752597803 ], [ 74.24233499301539, 31.466047702751535 ], [ 74.242354567104996, 31.466013156915917 ], [ 74.242405534386378, 31.46592320569868 ], [ 74.242202750344504, 31.46586443497894 ], [ 74.242145436848929, 31.465982752597803 ] ] ] } },
{ "type": "Feature", "properties": { "OBJECTID": 277621, "SHAPE_Leng": 122.05336581, "SHAPE_Area": 876.26811929200005, "Town": "Allama Iqbal Town", "UC_N0": "UC_119", "Landuse": "R", "KA": null, "Name": null, "Plot_No": "157", "__source_file": "west_wood.shp" }, "geometry": { "type": "Polygon", "coordinates": [ [ [ 74.241990206313645, 31.466303207862399 ], [ 74.241824560628288, 31.466224382174484 ], [ 74.241728608466971, 31.466402211939339 ], [ 74.241819286827834, 31.466455195869536 ], [ 74.241896626064516, 31.466496392148571 ], [ 74.241990206313645, 31.466303207862399 ] ] ] } },
{ "type": "Feature", "properties": { "OBJECTID": 277620, "SHAPE_Leng": 117.61026723499999, "SHAPE_Area": 811.84135257399998, "Town": "Allama Iqbal Town", "UC_N0": "UC_119", "Landuse": "V", "KA": null, "Name": null, "Plot_No": "158", "__source_file": "west_wood.shp" }, "geometry": { "type": "Polygon", "coordinates": [ [ [ 74.242078722482347, 31.46612047689575 ], [ 74.241915203805178, 31.46605639029325 ], [ 74.241824560628288, 31.466224382174484 ], [ 74.241990206313645, 31.466303207862399 ], [ 74.242078722482347, 31.46612047689575 ] ] ] } },
{ "type": "Feature", "properties": { "OBJECTID": 277617, "SHAPE_Leng": 134.52210614800001, "SHAPE_Area": 1114.2410314700001, "Town": "Allama Iqbal Town", "UC_N0": "UC_119", "Landuse": "V", "KA": null, "Name": null, "Plot_No": "159", "__source_file": "west_wood.shp" }, "geometry": { "type": "Polygon", "coordinates": [ [ [ 74.242145436848929, 31.465982752597803 ], [ 74.241981846489708, 31.465926699158054 ], [ 74.241915203805178, 31.46605639029325 ], [ 74.242078722482347, 31.46612047689575 ], [ 74.242145436848929, 31.465982752597803 ] ] ] } },
{ "type": "Feature", "properties": { "OBJECTID": 277829, "SHAPE_Leng": 114.879861279, "SHAPE_Area": 819.23570081399998, "Town": "Allama Iqbal Town", "UC_N0": "UC_119", "Landuse": "R", "KA": null, "Name": null, "Plot_No": "186", "__source_file": "west_wood.shp" }, "geometry": { "type": "Polygon", "coordinates": [ [ [ 74.238718658912092, 31.463505369412342 ], [ 74.238604180137045, 31.463406810205605 ], [ 74.238407166805175, 31.463573354306053 ], [ 74.23851808582171, 31.46366975789984 ], [ 74.238718658912092, 31.463505369412342 ] ] ] } },
{ "type": "Feature", "properties": { "OBJECTID": 277844, "SHAPE_Leng": 119.099552245, "SHAPE_Area": 885.82186649100004, "Town": "Allama Iqbal Town", "UC_N0": "UC_119", "Landuse": "R", "KA": null, "Name": null, "Plot_No": "188", "__source_file": "west_wood.shp" }, "geometry": { "type": "Polygon", "coordinates": [ [ [ 74.238941814353268, 31.463327270552785 ], [ 74.238718658912092, 31.463505369412342 ], [ 74.23883323334536, 31.46360401066806 ], [ 74.239045858636487, 31.463417840639025 ], [ 74.238941814353268, 31.463327270552785 ] ] ] } },
{ "type": "Feature", "properties": { "OBJECTID": 289673, "SHAPE_Leng": 317.53906131399998, "SHAPE_Area": 2055.3757599800001, "Town": "Allama Iqbal Town", "UC_N0": "UC_119", "Landuse": "R", "KA": null, "Name": null, "Plot_No": "210", "__source_file": "west_wood.shp" }, "geometry": { "type": "Polygon", "coordinates": [ [ [ 74.241399032962008, 31.465605756071476 ], [ 74.24128512116485, 31.4657326823346 ], [ 74.241403944255595, 31.46583551861271 ], [ 74.24140701014079, 31.465838172162407 ], [ 74.241399032962008, 31.465605756071476 ] ] ] } }
]
}
